Log file open, 05/12/26 07:32:26
LogWindows: Failed to load 'aqProf.dll' (GetLastError=126)
LogWindows: File 'aqProf.dll' does not exist
LogWindows: Failed to load 'VtuneApi.dll' (GetLastError=126)
LogWindows: File 'VtuneApi.dll' does not exist
LogWindows: Failed to load 'VtuneApi32e.dll' (GetLastError=126)
LogWindows: File 'VtuneApi32e.dll' does not exist
LogConsoleResponse: Display: Failed to find resolution value strings in scalability ini. Falling back to default.
LogConsoleResponse: Display: Failed to find resolution value strings in scalability ini. Falling back to default.
LogInit: Display: Running engine for game: testTP
LogPlatformFile: Not using cached read wrapper
LogTaskGraph: Started task graph with 5 named threads and 59 total threads with 3 sets of task threads.
LogStats: Stats thread started at 0.239683
LogICUInternationalization: ICU TimeZone Detection - Raw Offset: -8:00, Platform Override: ''
LogInit: Display: Loading text-based GConfig....
LogPluginManager: Mounting plugin MeshPainting
LogPluginManager: Mounting plugin XGEController
LogPluginManager: Mounting plugin Paper2D
LogPluginManager: Mounting plugin LiveLink
LogPluginManager: Mounting plugin AssetManagerEditor
LogPluginManager: Mounting plugin GameplayCameras
LogPluginManager: Mounting plugin CameraShakePreviewer
LogPluginManager: Mounting plugin EnvironmentQueryEditor
LogPluginManager: Mounting plugin CryptoKeys
LogPluginManager: Mounting plugin AISupport
LogPluginManager: Mounting plugin CurveEditorTools
LogPluginManager: Mounting plugin DataValidation
LogPluginManager: Mounting plugin GeometryMode
LogPluginManager: Mounting plugin FacialAnimation
LogPluginManager: Mounting plugin GameplayTagsEditor
LogPluginManager: Mounting plugin MacGraphicsSwitching
LogPluginManager: Mounting plugin MobileLauncherProfileWizard
LogPluginManager: Mounting plugin MaterialAnalyzer
LogPluginManager: Mounting plugin PluginBrowser
LogPluginManager: Mounting plugin LightPropagationVolume
LogPluginManager: Mounting plugin OodleNetwork
LogPluginManager: Mounting plugin OodleData
LogPluginManager: Mounting plugin SpeedTreeImporter
LogPluginManager: Mounting plugin AnimationSharing
LogPluginManager: Mounting plugin GitSourceControl
LogPluginManager: Mounting plugin CLionSourceCodeAccess
LogPluginManager: Mounting plugin CodeLiteSourceCodeAccess
LogPluginManager: Mounting plugin KDevelopSourceCodeAccess
LogPluginManager: Mounting plugin NullSourceCodeAccess
LogPluginManager: Mounting plugin Niagara
LogPluginManager: Mounting plugin PixWinPlugin
LogPluginManager: Mounting plugin PerforceSourceControl
LogPluginManager: Mounting plugin PluginUtils
LogPluginManager: Mounting plugin PlasticSourceControl
LogPluginManager: Mounting plugin PropertyAccessNode
LogPluginManager: Mounting plugin RiderSourceCodeAccess
LogPluginManager: Mounting plugin UObjectPlugin
LogPluginManager: Mounting plugin VisualStudioCodeSourceCodeAccess
LogPluginManager: Mounting plugin SubversionSourceControl
LogPluginManager: Mounting plugin XCodeSourceCodeAccess
LogPluginManager: Mounting plugin AlembicImporter
LogPluginManager: Mounting plugin VisualStudioSourceCodeAccess
LogPluginManager: Mounting plugin TextureFormatOodle
LogPluginManager: Mounting plugin BackChannel
LogPluginManager: Mounting plugin AutomationUtils
LogPluginManager: Mounting plugin ChaosClothEditor
LogPluginManager: Mounting plugin CharacterAI
LogPluginManager: Mounting plugin ChaosSolverPlugin
LogPluginManager: Mounting plugin ChaosNiagara
LogPluginManager: Mounting plugin GeometryCollectionPlugin
LogPluginManager: Mounting plugin GeometryProcessing
LogPluginManager: Mounting plugin OpenImageDenoise
LogPluginManager: Mounting plugin MotoSynth
LogPluginManager: Mounting plugin PlanarCut
LogPluginManager: Mounting plugin GeometryCache
LogPluginManager: Mounting plugin PlatformCrypto
LogPluginManager: Mounting plugin PythonScriptPlugin
LogPluginManager: Mounting plugin ProxyLODPlugin
LogPluginManager: Mounting plugin AvfMedia
LogPluginManager: Mounting plugin ChaosCloth
LogPluginManager: Mounting plugin SkeletalReduction
LogPluginManager: Mounting plugin ChaosEditor
LogPluginManager: Mounting plugin DatasmithContent
LogPluginManager: Mounting plugin ImgMedia
LogPluginManager: Mounting plugin WebMMedia
LogPluginManager: Mounting plugin MediaPlayerEditor
LogPluginManager: Mounting plugin WmfMedia
LogPluginManager: Mounting plugin LuminPlatformFeatures
LogPluginManager: Mounting plugin MagicLeap
LogPluginManager: Mounting plugin MagicLeapLightEstimation
LogPluginManager: Mounting plugin MagicLeapMedia
LogPluginManager: Mounting plugin MagicLeapPassableWorld
LogPluginManager: Mounting plugin MLSDK
LogPluginManager: Mounting plugin ActorSequence
LogPluginManager: Mounting plugin AndroidMedia
LogPluginManager: Mounting plugin LevelSequenceEditor
LogPluginManager: Mounting plugin VariantManagerContent
LogPluginManager: Mounting plugin MatineeToLevelSequence
LogPluginManager: Mounting plugin TemplateSequence
LogPluginManager: Mounting plugin OnlineSubsystemUtils
LogPluginManager: Mounting plugin OnlineSubsystemNull
LogPluginManager: Mounting plugin AndroidDeviceProfileSelector
LogPluginManager: Mounting plugin OnlineSubsystem
LogPluginManager: Mounting plugin AndroidPermission
LogPluginManager: Mounting plugin AndroidMoviePlayer
LogPluginManager: Mounting plugin AppleMoviePlayer
LogPluginManager: Mounting plugin AppleImageUtils
LogPluginManager: Mounting plugin AudioCapture
LogPluginManager: Mounting plugin AssetTags
LogPluginManager: Mounting plugin ArchVisCharacter
LogPluginManager: Mounting plugin AudioSynesthesia
LogPluginManager: Mounting plugin ChunkDownloader
LogPluginManager: Mounting plugin CustomMeshComponent
LogPluginManager: Mounting plugin EditableMesh
LogPluginManager: Mounting plugin MediaCompositing
LogPluginManager: Mounting plugin ExampleDeviceProfileSelector
LogPluginManager: Mounting plugin TcpMessaging
LogPluginManager: Mounting plugin UdpMessaging
LogPluginManager: Mounting plugin GoogleCloudMessaging
LogPluginManager: Mounting plugin ScreenshotTools
LogPluginManager: Mounting plugin GooglePAD
LogPluginManager: Mounting plugin CableComponent
LogPluginManager: Mounting plugin LinuxDeviceProfileSelector
LogPluginManager: Mounting plugin LocationServicesBPLibrary
LogPluginManager: Mounting plugin MobilePatchingUtils
LogPluginManager: Mounting plugin OpenXR
LogPluginManager: Mounting plugin OpenXREyeTracker
LogPluginManager: Mounting plugin OpenXRHandTracking
LogPluginManager: Mounting plugin IOSDeviceProfileSelector
LogPluginManager: Mounting plugin PhysXVehicles
LogPluginManager: Mounting plugin PostSplashScreen
LogPluginManager: Mounting plugin PropertyAccessEditor
LogPluginManager: Mounting plugin SoundFields
LogPluginManager: Mounting plugin SignificanceManager
LogPluginManager: Mounting plugin ProceduralMeshComponent
LogPluginManager: Mounting plugin ActorLayerUtilities
LogPluginManager: Mounting plugin RuntimePhysXCooking
LogPluginManager: Mounting plugin Synthesis
LogPluginManager: Mounting plugin WebMMoviePlayer
LogPluginManager: Mounting plugin WindowsMoviePlayer
LogPluginManager: Mounting plugin LauncherChunkInstaller
LogPluginManager: Mounting plugin Takes
LogPluginManager: Mounting plugin ContentBrowserAssetDataSource
LogPluginManager: Mounting plugin ContentBrowserFileDataSource
LogPluginManager: Mounting plugin ContentBrowserClassDataSource
LogPluginManager: Mounting plugin OnlineSubsystemGooglePlay
LogPluginManager: Mounting plugin OnlineSubsystemIOS
LogPluginManager: Mounting plugin OculusVR
LogPluginManager: Mounting plugin SteamVR
LogPluginManager: Mounting plugin Wwise
PixWinPlugin: PIX capture plugin failed to initialize! Check that the process is launched from PIX.
LogInit: Using libcurl 7.55.1-DEV
LogInit:  - built for x86_64-pc-win32
LogInit:  - supports SSL with OpenSSL/1.1.1
LogInit:  - supports HTTP deflate (compression) using libz 1.2.8
LogInit:  - other features:
LogInit:      CURL_VERSION_SSL
LogInit:      CURL_VERSION_LIBZ
LogInit:      CURL_VERSION_IPV6
LogInit:      CURL_VERSION_ASYNCHDNS
LogInit:      CURL_VERSION_LARGEFILE
LogInit:      CURL_VERSION_IDN
LogInit:  CurlRequestOptions (configurable via config and command line):
LogInit:  - bVerifyPeer = true  - Libcurl will verify peer certificate
LogInit:  - bUseHttpProxy = false  - Libcurl will NOT use HTTP proxy
LogInit:  - bDontReuseConnections = false  - Libcurl will reuse connections
LogInit:  - MaxHostConnections = 16  - Libcurl will limit the number of connections to a host
LogInit:  - LocalHostAddr = Default
LogInit:  - BufferSize = 65536
LogOnline: OSS: Creating online subsystem instance for: NULL
LogInit: WinSock: version 1.1 (2.2), MaxSocks=32767, MaxUdp=65467
LogOnline: OSS: TryLoadSubsystemAndSetDefault: Loaded subsystem for module [NULL]
LogOculusPluginWrapper: OculusPlugin initialized successfully
LogHMD: Failed initializing OVRPlugin 1.59.0
LogInit: Build: ++UE4+Release-4.27-CL-18319896
LogInit: Engine Version: 4.27.2-18319896+++UE4+Release-4.27
LogInit: Compatible Engine Version: 4.27.0-17155196+++UE4+Release-4.27
LogInit: Net CL: 17155196
LogInit: OS: Windows 10 (Release 2009) (), CPU: 13th Gen Intel(R) Core(TM) i7-13650HX, GPU: Intel(R) UHD Graphics
LogInit: Compiled (64-bit): Nov 30 2021 07:12:08
LogInit: Compiled with Visual C++: 19.24.28315.00
LogInit: Build Configuration: Development
LogInit: Branch Name: ++UE4+Release-4.27
LogInit: Command Line:  /Game/ThirdPersonBP/Maps/ThirdPersonExampleMap -game -RenderOffscreen -unattended -nopause -NoSplash -abslog=C:\Users\kapil\AppData\Local\Temp\immerse_editor_20260512-073053.log
LogInit: Base Directory: C:/Program Files/Epic Games/UE_4.27/Engine/Binaries/Win64/
LogInit: Allocator: TBB
LogInit: Installed Engine Build: 1
LogDevObjectVersion: Number of dev versions registered: 29
LogDevObjectVersion:   Dev-Blueprints (B0D832E4-1F89-4F0D-ACCF-7EB736FD4AA2): 10
LogDevObjectVersion:   Dev-Build (E1C64328-A22C-4D53-A36C-8E866417BD8C): 0
LogDevObjectVersion:   Dev-Core (375EC13C-06E4-48FB-B500-84F0262A717E): 4
LogDevObjectVersion:   Dev-Editor (E4B068ED-F494-42E9-A231-DA0B2E46BB41): 40
LogDevObjectVersion:   Dev-Framework (CFFC743F-43B0-4480-9391-14DF171D2073): 37
LogDevObjectVersion:   Dev-Mobile (B02B49B5-BB20-44E9-A304-32B752E40360): 3
LogDevObjectVersion:   Dev-Networking (A4E4105C-59A1-49B5-A7C5-40C4547EDFEE): 0
LogDevObjectVersion:   Dev-Online (39C831C9-5AE6-47DC-9A44-9C173E1C8E7C): 0
LogDevObjectVersion:   Dev-Physics (78F01B33-EBEA-4F98-B9B4-84EACCB95AA2): 14
LogDevObjectVersion:   Dev-Platform (6631380F-2D4D-43E0-8009-CF276956A95A): 0
LogDevObjectVersion:   Dev-Rendering (12F88B9F-8875-4AFC-A67C-D90C383ABD29): 45
LogDevObjectVersion:   Dev-Sequencer (7B5AE74C-D270-4C10-A958-57980B212A5A): 13
LogDevObjectVersion:   Dev-VR (D7296918-1DD6-4BDD-9DE2-64A83CC13884): 3
LogDevObjectVersion:   Dev-LoadTimes (C2A15278-BFE7-4AFE-6C17-90FF531DF755): 1
LogDevObjectVersion:   Private-Geometry (6EACA3D4-40EC-4CC1-B786-8BED09428FC5): 3
LogDevObjectVersion:   Dev-AnimPhys (29E575DD-E0A3-4627-9D10-D276232CDCEA): 17
LogDevObjectVersion:   Dev-Anim (AF43A65D-7FD3-4947-9873-3E8ED9C1BB05): 15
LogDevObjectVersion:   Dev-ReflectionCapture (6B266CEC-1EC7-4B8F-A30B-E4D90942FC07): 1
LogDevObjectVersion:   Dev-Automation (0DF73D61-A23F-47EA-B727-89E90C41499A): 1
LogDevObjectVersion:   FortniteMain (601D1886-AC64-4F84-AA16-D3DE0DEAC7D6): 47
LogDevObjectVersion:   FortniteRelease (E7086368-6B23-4C58-8439-1B7016265E91): 1
LogDevObjectVersion:   Dev-Enterprise (9DFFBCD6-494F-0158-E221-12823C92A888): 10
LogDevObjectVersion:   Dev-Niagara (F2AED0AC-9AFE-416F-8664-AA7FFA26D6FC): 1
LogDevObjectVersion:   Dev-Destruction (174F1F0B-B4C6-45A5-B13F-2EE8D0FB917D): 10
LogDevObjectVersion:   Dev-Physics-Ext (35F94A83-E258-406C-A318-09F59610247C): 41
LogDevObjectVersion:   Dev-PhysicsMaterial-Chaos (B68FC16E-8B1B-42E2-B453-215C058844FE): 1
LogDevObjectVersion:   Dev-CineCamera (B2E18506-4273-CFC2-A54E-F4BB758BBA07): 1
LogDevObjectVersion:   Dev-VirtualProduction (64F58936-FD1B-42BA-BA96-7289D5D0FA4E): 1
LogDevObjectVersion:   Dev-MediaFramework (6F0ED827-A609-4895-9C91-998D90180EA4): 2
LogInit: Presizing for max 25165824 objects, including 0 objects not considered by GC, pre-allocating 0 bytes for permanent pool.
LogConfig: Applying CVar settings from Section [/Script/Engine.StreamingSettings] File [C:/Users/kapil/OneDrive/Documents/Unreal Projects/testTP/Saved/Config/Windows/Engine.ini]
LogConfig: Setting CVar [[s.MinBulkDataSizeForAsyncLoading:131072]]
LogConfig: Setting CVar [[s.AsyncLoadingThreadEnabled:0]]
LogConfig: Setting CVar [[s.EventDrivenLoaderEnabled:1]]
LogConfig: Setting CVar [[s.WarnIfTimeLimitExceeded:0]]
LogConfig: Setting CVar [[s.TimeLimitExceededMultiplier:1.5]]
LogConfig: Setting CVar [[s.TimeLimitExceededMinTime:0.005]]
LogConfig: Setting CVar [[s.UseBackgroundLevelStreaming:1]]
LogConfig: Setting CVar [[s.PriorityAsyncLoadingExtraTime:15.0]]
LogConfig: Setting CVar [[s.LevelStreamingActorsUpdateTimeLimit:5.0]]
LogConfig: Setting CVar [[s.PriorityLevelStreamingActorsUpdateExtraTime:5.0]]
LogConfig: Setting CVar [[s.LevelStreamingComponentsRegistrationGranularity:10]]
LogConfig: Setting CVar [[s.UnregisterComponentsTimeLimit:1.0]]
LogConfig: Setting CVar [[s.LevelStreamingComponentsUnregistrationGranularity:5]]
LogConfig: Setting CVar [[s.FlushStreamingOnExit:1]]
LogInit: Object subsystem initialized
LogConfig: Setting CVar [[con.DebugEarlyDefault:1]]
LogConfig: Setting CVar [[r.setres:1280x720]]
[2026.05.12-14.32.26:513][  0]LogConfig: Setting CVar [[con.DebugEarlyDefault:1]]
[2026.05.12-14.32.26:513][  0]LogConfig: Setting CVar [[r.setres:1280x720]]
[2026.05.12-14.32.26:513][  0]LogConfig: Applying CVar settings from Section [/Script/Engine.RendererSettings] File [C:/Users/kapil/OneDrive/Documents/Unreal Projects/testTP/Saved/Config/Windows/Engine.ini]
[2026.05.12-14.32.26:513][  0]LogConfig: Setting CVar [[r.GPUCrashDebugging:0]]
[2026.05.12-14.32.26:513][  0]LogConfig: Applying CVar settings from Section [/Script/Engine.RendererOverrideSettings] File [C:/Users/kapil/OneDrive/Documents/Unreal Projects/testTP/Saved/Config/Windows/Engine.ini]
[2026.05.12-14.32.26:513][  0]LogConfig: Applying CVar settings from Section [/Script/Engine.StreamingSettings] File [C:/Users/kapil/OneDrive/Documents/Unreal Projects/testTP/Saved/Config/Windows/Engine.ini]
[2026.05.12-14.32.26:513][  0]LogConfig: Setting CVar [[s.MinBulkDataSizeForAsyncLoading:131072]]
[2026.05.12-14.32.26:513][  0]LogConfig: Setting CVar [[s.AsyncLoadingThreadEnabled:0]]
[2026.05.12-14.32.26:513][  0]LogConfig: Setting CVar [[s.EventDrivenLoaderEnabled:1]]
[2026.05.12-14.32.26:513][  0]LogConfig: Setting CVar [[s.WarnIfTimeLimitExceeded:0]]
[2026.05.12-14.32.26:513][  0]LogConfig: Setting CVar [[s.TimeLimitExceededMultiplier:1.5]]
[2026.05.12-14.32.26:513][  0]LogConfig: Setting CVar [[s.TimeLimitExceededMinTime:0.005]]
[2026.05.12-14.32.26:513][  0]LogConfig: Setting CVar [[s.UseBackgroundLevelStreaming:1]]
[2026.05.12-14.32.26:513][  0]LogConfig: Setting CVar [[s.PriorityAsyncLoadingExtraTime:15.0]]
[2026.05.12-14.32.26:513][  0]LogConfig: Setting CVar [[s.LevelStreamingActorsUpdateTimeLimit:5.0]]
[2026.05.12-14.32.26:513][  0]LogConfig: Setting CVar [[s.PriorityLevelStreamingActorsUpdateExtraTime:5.0]]
[2026.05.12-14.32.26:513][  0]LogConfig: Setting CVar [[s.LevelStreamingComponentsRegistrationGranularity:10]]
[2026.05.12-14.32.26:513][  0]LogConfig: Setting CVar [[s.UnregisterComponentsTimeLimit:1.0]]
[2026.05.12-14.32.26:513][  0]LogConfig: Setting CVar [[s.LevelStreamingComponentsUnregistrationGranularity:5]]
[2026.05.12-14.32.26:513][  0]LogConfig: Setting CVar [[s.FlushStreamingOnExit:1]]
[2026.05.12-14.32.26:513][  0]LogConfig: Applying CVar settings from Section [/Script/Engine.GarbageCollectionSettings] File [C:/Users/kapil/OneDrive/Documents/Unreal Projects/testTP/Saved/Config/Windows/Engine.ini]
[2026.05.12-14.32.26:513][  0]LogConfig: Setting CVar [[gc.MaxObjectsNotConsideredByGC:1]]
[2026.05.12-14.32.26:513][  0]LogConfig: Setting CVar [[gc.SizeOfPermanentObjectPool:0]]
[2026.05.12-14.32.26:513][  0]LogConfig: Setting CVar [[gc.FlushStreamingOnGC:0]]
[2026.05.12-14.32.26:513][  0]LogConfig: Setting CVar [[gc.NumRetriesBeforeForcingGC:10]]
[2026.05.12-14.32.26:513][  0]LogConfig: Setting CVar [[gc.AllowParallelGC:1]]
[2026.05.12-14.32.26:513][  0]LogConfig: Setting CVar [[gc.TimeBetweenPurgingPendingKillObjects:61.1]]
[2026.05.12-14.32.26:513][  0]LogConfig: Setting CVar [[gc.MaxObjectsInEditor:25165824]]
[2026.05.12-14.32.26:513][  0]LogConfig: Setting CVar [[gc.IncrementalBeginDestroyEnabled:1]]
[2026.05.12-14.32.26:513][  0]LogConfig: Setting CVar [[gc.CreateGCClusters:1]]
[2026.05.12-14.32.26:513][  0]LogConfig: Setting CVar [[gc.MinGCClusterSize:5]]
[2026.05.12-14.32.26:513][  0]LogConfig: Setting CVar [[gc.ActorClusteringEnabled:0]]
[2026.05.12-14.32.26:513][  0]LogConfig: Setting CVar [[gc.BlueprintClusteringEnabled:0]]
[2026.05.12-14.32.26:513][  0]LogConfig: Setting CVar [[gc.UseDisregardForGCOnDedicatedServers:0]]
[2026.05.12-14.32.26:513][  0]LogConfig: Setting CVar [[gc.MultithreadedDestructionEnabled:1]]
[2026.05.12-14.32.26:513][  0]LogConfig: Applying CVar settings from Section [/Script/Engine.NetworkSettings] File [C:/Users/kapil/OneDrive/Documents/Unreal Projects/testTP/Saved/Config/Windows/Engine.ini]
[2026.05.12-14.32.26:513][  0]LogConfig: Applying CVar settings from Section [/Script/UnrealEd.CookerSettings] File [C:/Users/kapil/OneDrive/Documents/Unreal Projects/testTP/Saved/Config/Windows/Engine.ini]
[2026.05.12-14.32.26:519][  0]LogConfig: Applying CVar settings from Section [ViewDistanceQuality@3] File [C:/Users/kapil/OneDrive/Documents/Unreal Projects/testTP/Saved/Config/Windows/Scalability.ini]
[2026.05.12-14.32.26:519][  0]LogConfig: Setting CVar [[r.SkeletalMeshLODBias:0]]
[2026.05.12-14.32.26:519][  0]LogConfig: Setting CVar [[r.ViewDistanceScale:1.0]]
[2026.05.12-14.32.26:519][  0]LogConfig: Applying CVar settings from Section [AntiAliasingQuality@3] File [C:/Users/kapil/OneDrive/Documents/Unreal Projects/testTP/Saved/Config/Windows/Scalability.ini]
[2026.05.12-14.32.26:519][  0]LogConfig: Setting CVar [[r.PostProcessAAQuality:4]]
[2026.05.12-14.32.26:519][  0]LogConfig: Applying CVar settings from Section [ShadowQuality@3] File [C:/Users/kapil/OneDrive/Documents/Unreal Projects/testTP/Saved/Config/Windows/Scalability.ini]
[2026.05.12-14.32.26:519][  0]LogConfig: Setting CVar [[r.LightFunctionQuality:1]]
[2026.05.12-14.32.26:519][  0]LogConfig: Setting CVar [[r.ShadowQuality:5]]
[2026.05.12-14.32.26:519][  0]LogConfig: Setting CVar [[r.Shadow.CSM.MaxCascades:10]]
[2026.05.12-14.32.26:519][  0]LogConfig: Setting CVar [[r.Shadow.MaxResolution:2048]]
[2026.05.12-14.32.26:519][  0]LogConfig: Setting CVar [[r.Shadow.MaxCSMResolution:2048]]
[2026.05.12-14.32.26:519][  0]LogConfig: Setting CVar [[r.Shadow.RadiusThreshold:0.01]]
[2026.05.12-14.32.26:520][  0]LogConfig: Setting CVar [[r.Shadow.DistanceScale:1.0]]
[2026.05.12-14.32.26:520][  0]LogConfig: Setting CVar [[r.Shadow.CSM.TransitionScale:1.0]]
[2026.05.12-14.32.26:520][  0]LogConfig: Setting CVar [[r.Shadow.PreShadowResolutionFactor:1.0]]
[2026.05.12-14.32.26:520][  0]LogConfig: Setting CVar [[r.DistanceFieldShadowing:1]]
[2026.05.12-14.32.26:520][  0]LogConfig: Setting CVar [[r.DistanceFieldAO:1]]
[2026.05.12-14.32.26:520][  0]LogConfig: Setting CVar [[r.AOQuality:2]]
[2026.05.12-14.32.26:520][  0]LogConfig: Setting CVar [[r.VolumetricFog:1]]
[2026.05.12-14.32.26:520][  0]LogConfig: Setting CVar [[r.VolumetricFog.GridPixelSize:8]]
[2026.05.12-14.32.26:520][  0]LogConfig: Setting CVar [[r.VolumetricFog.GridSizeZ:128]]
[2026.05.12-14.32.26:520][  0]LogConfig: Setting CVar [[r.VolumetricFog.HistoryMissSupersampleCount:4]]
[2026.05.12-14.32.26:520][  0]LogConfig: Setting CVar [[r.LightMaxDrawDistanceScale:1]]
[2026.05.12-14.32.26:520][  0]LogConfig: Setting CVar [[r.CapsuleShadows:1]]
[2026.05.12-14.32.26:520][  0]LogConfig: Applying CVar settings from Section [PostProcessQuality@3] File [C:/Users/kapil/OneDrive/Documents/Unreal Projects/testTP/Saved/Config/Windows/Scalability.ini]
[2026.05.12-14.32.26:520][  0]LogConfig: Setting CVar [[r.MotionBlurQuality:4]]
[2026.05.12-14.32.26:520][  0]LogConfig: Setting CVar [[r.AmbientOcclusionMipLevelFactor:0.4]]
[2026.05.12-14.32.26:520][  0]LogConfig: Setting CVar [[r.AmbientOcclusionMaxQuality:100]]
[2026.05.12-14.32.26:520][  0]LogConfig: Setting CVar [[r.AmbientOcclusionLevels:-1]]
[2026.05.12-14.32.26:520][  0]LogConfig: Setting CVar [[r.AmbientOcclusionRadiusScale:1.0]]
[2026.05.12-14.32.26:520][  0]LogConfig: Setting CVar [[r.DepthOfFieldQuality:2]]
[2026.05.12-14.32.26:520][  0]LogConfig: Setting CVar [[r.RenderTargetPoolMin:400]]
[2026.05.12-14.32.26:520][  0]LogConfig: Setting CVar [[r.LensFlareQuality:2]]
[2026.05.12-14.32.26:520][  0]LogConfig: Setting CVar [[r.SceneColorFringeQuality:1]]
[2026.05.12-14.32.26:520][  0]LogConfig: Setting CVar [[r.EyeAdaptationQuality:2]]
[2026.05.12-14.32.26:520][  0]LogConfig: Setting CVar [[r.BloomQuality:5]]
[2026.05.12-14.32.26:520][  0]LogConfig: Setting CVar [[r.FastBlurThreshold:100]]
[2026.05.12-14.32.26:520][  0]LogConfig: Setting CVar [[r.Upscale.Quality:3]]
[2026.05.12-14.32.26:520][  0]LogConfig: Setting CVar [[r.Tonemapper.GrainQuantization:1]]
[2026.05.12-14.32.26:520][  0]LogConfig: Setting CVar [[r.LightShaftQuality:1]]
[2026.05.12-14.32.26:520][  0]LogConfig: Setting CVar [[r.Filter.SizeScale:1]]
[2026.05.12-14.32.26:520][  0]LogConfig: Setting CVar [[r.Tonemapper.Quality:5]]
[2026.05.12-14.32.26:520][  0]LogConfig: Setting CVar [[r.DOF.Gather.AccumulatorQuality:1        ; higher gathering accumulator quality]]
[2026.05.12-14.32.26:520][  0]LogConfig: Setting CVar [[r.DOF.Gather.PostfilterMethod:1          ; Median3x3 postfilering method]]
[2026.05.12-14.32.26:520][  0]LogConfig: Setting CVar [[r.DOF.Gather.EnableBokehSettings:0       ; no bokeh simulation when gathering]]
[2026.05.12-14.32.26:520][  0]LogConfig: Setting CVar [[r.DOF.Gather.RingCount:4                 ; medium number of samples when gathering]]
[2026.05.12-14.32.26:521][  0]LogConfig: Setting CVar [[r.DOF.Scatter.ForegroundCompositing:1    ; additive foreground scattering]]
[2026.05.12-14.32.26:521][  0]LogConfig: Setting CVar [[r.DOF.Scatter.BackgroundCompositing:2    ; additive background scattering]]
[2026.05.12-14.32.26:521][  0]LogConfig: Setting CVar [[r.DOF.Scatter.EnableBokehSettings:1      ; bokeh simulation when scattering]]
[2026.05.12-14.32.26:521][  0]LogConfig: Setting CVar [[r.DOF.Scatter.MaxSpriteRatio:0.1         ; only a maximum of 10% of scattered bokeh]]
[2026.05.12-14.32.26:521][  0]LogConfig: Setting CVar [[r.DOF.Recombine.Quality:1                ; cheap slight out of focus]]
[2026.05.12-14.32.26:521][  0]LogConfig: Setting CVar [[r.DOF.Recombine.EnableBokehSettings:0    ; no bokeh simulation on slight out of focus]]
[2026.05.12-14.32.26:521][  0]LogConfig: Setting CVar [[r.DOF.TemporalAAQuality:1                ; more stable temporal accumulation]]
[2026.05.12-14.32.26:521][  0]LogConfig: Setting CVar [[r.DOF.Kernel.MaxForegroundRadius:0.025]]
[2026.05.12-14.32.26:521][  0]LogConfig: Setting CVar [[r.DOF.Kernel.MaxBackgroundRadius:0.025]]
[2026.05.12-14.32.26:521][  0]LogConfig: Applying CVar settings from Section [TextureQuality@3] File [C:/Users/kapil/OneDrive/Documents/Unreal Projects/testTP/Saved/Config/Windows/Scalability.ini]
[2026.05.12-14.32.26:521][  0]LogConfig: Setting CVar [[r.Streaming.MipBias:0]]
[2026.05.12-14.32.26:521][  0]LogConfig: Setting CVar [[r.Streaming.AmortizeCPUToGPUCopy:0]]
[2026.05.12-14.32.26:521][  0]LogConfig: Setting CVar [[r.Streaming.MaxNumTexturesToStreamPerFrame:0]]
[2026.05.12-14.32.26:521][  0]LogConfig: Setting CVar [[r.Streaming.Boost:1]]
[2026.05.12-14.32.26:521][  0]LogConfig: Setting CVar [[r.MaxAnisotropy:8]]
[2026.05.12-14.32.26:521][  0]LogConfig: Setting CVar [[r.VT.MaxAnisotropy:8]]
[2026.05.12-14.32.26:521][  0]LogConfig: Setting CVar [[r.Streaming.LimitPoolSizeToVRAM:0]]
[2026.05.12-14.32.26:521][  0]LogConfig: Setting CVar [[r.Streaming.PoolSize:1000]]
[2026.05.12-14.32.26:521][  0]LogConfig: Setting CVar [[r.Streaming.MaxEffectiveScreenSize:0]]
[2026.05.12-14.32.26:521][  0]LogConfig: Applying CVar settings from Section [EffectsQuality@3] File [C:/Users/kapil/OneDrive/Documents/Unreal Projects/testTP/Saved/Config/Windows/Scalability.ini]
[2026.05.12-14.32.26:521][  0]LogConfig: Setting CVar [[r.TranslucencyLightingVolumeDim:64]]
[2026.05.12-14.32.26:521][  0]LogConfig: Setting CVar [[r.RefractionQuality:2]]
[2026.05.12-14.32.26:521][  0]LogConfig: Setting CVar [[r.SSR.Quality:3]]
[2026.05.12-14.32.26:521][  0]LogConfig: Setting CVar [[r.SSR.HalfResSceneColor:0]]
[2026.05.12-14.32.26:521][  0]LogConfig: Setting CVar [[r.SceneColorFormat:4]]
[2026.05.12-14.32.26:521][  0]LogConfig: Setting CVar [[r.DetailMode:2]]
[2026.05.12-14.32.26:521][  0]LogConfig: Setting CVar [[r.TranslucencyVolumeBlur:1]]
[2026.05.12-14.32.26:521][  0]LogConfig: Setting CVar [[r.MaterialQualityLevel:1 ; High quality]]
[2026.05.12-14.32.26:521][  0]LogConfig: Setting CVar [[r.AnisotropicMaterials:1]]
[2026.05.12-14.32.26:521][  0]LogConfig: Setting CVar [[r.SSS.Scale:1]]
[2026.05.12-14.32.26:521][  0]LogConfig: Setting CVar [[r.SSS.SampleSet:2]]
[2026.05.12-14.32.26:521][  0]LogConfig: Setting CVar [[r.SSS.Quality:1]]
[2026.05.12-14.32.26:521][  0]LogConfig: Setting CVar [[r.SSS.HalfRes:0]]
[2026.05.12-14.32.26:521][  0]LogConfig: Setting CVar [[r.SSGI.Quality:3]]
[2026.05.12-14.32.26:521][  0]LogConfig: Setting CVar [[r.EmitterSpawnRateScale:1.0]]
[2026.05.12-14.32.26:521][  0]LogConfig: Setting CVar [[r.ParticleLightQuality:2]]
[2026.05.12-14.32.26:522][  0]LogConfig: Setting CVar [[r.SkyAtmosphere.AerialPerspectiveLUT.FastApplyOnOpaque:1 ; Always have FastSkyLUT 1 in this case to avoid wrong sky]]
[2026.05.12-14.32.26:522][  0]LogConfig: Setting CVar [[r.SkyAtmosphere.AerialPerspectiveLUT.SampleCountMaxPerSlice:4]]
[2026.05.12-14.32.26:522][  0]LogConfig: Setting CVar [[r.SkyAtmosphere.AerialPerspectiveLUT.DepthResolution:16.0]]
[2026.05.12-14.32.26:522][  0]LogConfig: Setting CVar [[r.SkyAtmosphere.FastSkyLUT:1]]
[2026.05.12-14.32.26:522][  0]LogConfig: Setting CVar [[r.SkyAtmosphere.FastSkyLUT.SampleCountMin:4.0]]
[2026.05.12-14.32.26:522][  0]LogConfig: Setting CVar [[r.SkyAtmosphere.FastSkyLUT.SampleCountMax:128.0]]
[2026.05.12-14.32.26:522][  0]LogConfig: Setting CVar [[r.SkyAtmosphere.SampleCountMin:4.0]]
[2026.05.12-14.32.26:522][  0]LogConfig: Setting CVar [[r.SkyAtmosphere.SampleCountMax:128.0]]
[2026.05.12-14.32.26:522][  0]LogConfig: Setting CVar [[r.SkyAtmosphere.TransmittanceLUT.UseSmallFormat:0]]
[2026.05.12-14.32.26:522][  0]LogConfig: Setting CVar [[r.SkyAtmosphere.TransmittanceLUT.SampleCount:10.0]]
[2026.05.12-14.32.26:522][  0]LogConfig: Setting CVar [[r.SkyAtmosphere.MultiScatteringLUT.SampleCount:15.0]]
[2026.05.12-14.32.26:522][  0]LogConfig: Setting CVar [[r.SkyLight.RealTimeReflectionCapture:1]]
[2026.05.12-14.32.26:522][  0]LogConfig: Applying CVar settings from Section [FoliageQuality@3] File [C:/Users/kapil/OneDrive/Documents/Unreal Projects/testTP/Saved/Config/Windows/Scalability.ini]
[2026.05.12-14.32.26:522][  0]LogConfig: Setting CVar [[foliage.DensityScale:1.0]]
[2026.05.12-14.32.26:522][  0]LogConfig: Setting CVar [[grass.DensityScale:1.0]]
[2026.05.12-14.32.26:522][  0]LogConfig: Applying CVar settings from Section [ShadingQuality@3] File [C:/Users/kapil/OneDrive/Documents/Unreal Projects/testTP/Saved/Config/Windows/Scalability.ini]
[2026.05.12-14.32.26:522][  0]LogConfig: Setting CVar [[r.HairStrands.SkyLighting.IntegrationType:2]]
[2026.05.12-14.32.26:522][  0]LogConfig: Setting CVar [[r.HairStrands.SkyAO.SampleCount:4]]
[2026.05.12-14.32.26:522][  0]LogConfig: Setting CVar [[r.HairStrands.Visibility.MSAA.SamplePerPixel:4]]
[2026.05.12-14.32.26:522][  0]LogInit: Selected Device Profile: [Windows]
[2026.05.12-14.32.26:522][  0]LogInit: Applying CVar settings loaded from the selected device profile: [Windows]
[2026.05.12-14.32.26:522][  0]LogHAL: Display: Platform has ~ 16 GB [16849256448 / 17179869184 / 16], which maps to Larger [LargestMinGB=32, LargerMinGB=12, DefaultMinGB=8, SmallerMinGB=6, SmallestMinGB=0)
[2026.05.12-14.32.26:522][  0]LogInit: Going up to parent DeviceProfile []
[2026.05.12-14.32.26:522][  0]LogConfig: Applying CVar settings from Section [ViewDistanceQuality@3] File [C:/Users/kapil/OneDrive/Documents/Unreal Projects/testTP/Saved/Config/Windows/Scalability.ini]
[2026.05.12-14.32.26:522][  0]LogConfig: Setting CVar [[r.SkeletalMeshLODBias:0]]
[2026.05.12-14.32.26:522][  0]LogConfig: Setting CVar [[r.ViewDistanceScale:1.0]]
[2026.05.12-14.32.26:522][  0]LogConfig: Applying CVar settings from Section [AntiAliasingQuality@3] File [C:/Users/kapil/OneDrive/Documents/Unreal Projects/testTP/Saved/Config/Windows/Scalability.ini]
[2026.05.12-14.32.26:522][  0]LogConfig: Setting CVar [[r.PostProcessAAQuality:4]]
[2026.05.12-14.32.26:522][  0]LogConfig: Applying CVar settings from Section [ShadowQuality@3] File [C:/Users/kapil/OneDrive/Documents/Unreal Projects/testTP/Saved/Config/Windows/Scalability.ini]
[2026.05.12-14.32.26:522][  0]LogConfig: Setting CVar [[r.LightFunctionQuality:1]]
[2026.05.12-14.32.26:522][  0]LogConfig: Setting CVar [[r.ShadowQuality:5]]
[2026.05.12-14.32.26:522][  0]LogConfig: Setting CVar [[r.Shadow.CSM.MaxCascades:10]]
[2026.05.12-14.32.26:522][  0]LogConfig: Setting CVar [[r.Shadow.MaxResolution:2048]]
[2026.05.12-14.32.26:522][  0]LogConfig: Setting CVar [[r.Shadow.MaxCSMResolution:2048]]
[2026.05.12-14.32.26:523][  0]LogConfig: Setting CVar [[r.Shadow.RadiusThreshold:0.01]]
[2026.05.12-14.32.26:523][  0]LogConfig: Setting CVar [[r.Shadow.DistanceScale:1.0]]
[2026.05.12-14.32.26:523][  0]LogConfig: Setting CVar [[r.Shadow.CSM.TransitionScale:1.0]]
[2026.05.12-14.32.26:523][  0]LogConfig: Setting CVar [[r.Shadow.PreShadowResolutionFactor:1.0]]
[2026.05.12-14.32.26:523][  0]LogConfig: Setting CVar [[r.DistanceFieldShadowing:1]]
[2026.05.12-14.32.26:523][  0]LogConfig: Setting CVar [[r.DistanceFieldAO:1]]
[2026.05.12-14.32.26:523][  0]LogConfig: Setting CVar [[r.AOQuality:2]]
[2026.05.12-14.32.26:523][  0]LogConfig: Setting CVar [[r.VolumetricFog:1]]
[2026.05.12-14.32.26:523][  0]LogConfig: Setting CVar [[r.VolumetricFog.GridPixelSize:8]]
[2026.05.12-14.32.26:523][  0]LogConfig: Setting CVar [[r.VolumetricFog.GridSizeZ:128]]
[2026.05.12-14.32.26:523][  0]LogConfig: Setting CVar [[r.VolumetricFog.HistoryMissSupersampleCount:4]]
[2026.05.12-14.32.26:523][  0]LogConfig: Setting CVar [[r.LightMaxDrawDistanceScale:1]]
[2026.05.12-14.32.26:523][  0]LogConfig: Setting CVar [[r.CapsuleShadows:1]]
[2026.05.12-14.32.26:523][  0]LogConfig: Applying CVar settings from Section [PostProcessQuality@3] File [C:/Users/kapil/OneDrive/Documents/Unreal Projects/testTP/Saved/Config/Windows/Scalability.ini]
[2026.05.12-14.32.26:523][  0]LogConfig: Setting CVar [[r.MotionBlurQuality:4]]
[2026.05.12-14.32.26:523][  0]LogConfig: Setting CVar [[r.AmbientOcclusionMipLevelFactor:0.4]]
[2026.05.12-14.32.26:523][  0]LogConfig: Setting CVar [[r.AmbientOcclusionMaxQuality:100]]
[2026.05.12-14.32.26:523][  0]LogConfig: Setting CVar [[r.AmbientOcclusionLevels:-1]]
[2026.05.12-14.32.26:523][  0]LogConfig: Setting CVar [[r.AmbientOcclusionRadiusScale:1.0]]
[2026.05.12-14.32.26:523][  0]LogConfig: Setting CVar [[r.DepthOfFieldQuality:2]]
[2026.05.12-14.32.26:523][  0]LogConfig: Setting CVar [[r.RenderTargetPoolMin:400]]
[2026.05.12-14.32.26:523][  0]LogConfig: Setting CVar [[r.LensFlareQuality:2]]
[2026.05.12-14.32.26:523][  0]LogConfig: Setting CVar [[r.SceneColorFringeQuality:1]]
[2026.05.12-14.32.26:523][  0]LogConfig: Setting CVar [[r.EyeAdaptationQuality:2]]
[2026.05.12-14.32.26:523][  0]LogConfig: Setting CVar [[r.BloomQuality:5]]
[2026.05.12-14.32.26:523][  0]LogConfig: Setting CVar [[r.FastBlurThreshold:100]]
[2026.05.12-14.32.26:523][  0]LogConfig: Setting CVar [[r.Upscale.Quality:3]]
[2026.05.12-14.32.26:523][  0]LogConfig: Setting CVar [[r.Tonemapper.GrainQuantization:1]]
[2026.05.12-14.32.26:523][  0]LogConfig: Setting CVar [[r.LightShaftQuality:1]]
[2026.05.12-14.32.26:523][  0]LogConfig: Setting CVar [[r.Filter.SizeScale:1]]
[2026.05.12-14.32.26:523][  0]LogConfig: Setting CVar [[r.Tonemapper.Quality:5]]
[2026.05.12-14.32.26:523][  0]LogConfig: Setting CVar [[r.DOF.Gather.AccumulatorQuality:1        ; higher gathering accumulator quality]]
[2026.05.12-14.32.26:523][  0]LogConfig: Setting CVar [[r.DOF.Gather.PostfilterMethod:1          ; Median3x3 postfilering method]]
[2026.05.12-14.32.26:523][  0]LogConfig: Setting CVar [[r.DOF.Gather.EnableBokehSettings:0       ; no bokeh simulation when gathering]]
[2026.05.12-14.32.26:523][  0]LogConfig: Setting CVar [[r.DOF.Gather.RingCount:4                 ; medium number of samples when gathering]]
[2026.05.12-14.32.26:523][  0]LogConfig: Setting CVar [[r.DOF.Scatter.ForegroundCompositing:1    ; additive foreground scattering]]
[2026.05.12-14.32.26:523][  0]LogConfig: Setting CVar [[r.DOF.Scatter.BackgroundCompositing:2    ; additive background scattering]]
[2026.05.12-14.32.26:523][  0]LogConfig: Setting CVar [[r.DOF.Scatter.EnableBokehSettings:1      ; bokeh simulation when scattering]]
[2026.05.12-14.32.26:523][  0]LogConfig: Setting CVar [[r.DOF.Scatter.MaxSpriteRatio:0.1         ; only a maximum of 10% of scattered bokeh]]
[2026.05.12-14.32.26:523][  0]LogConfig: Setting CVar [[r.DOF.Recombine.Quality:1                ; cheap slight out of focus]]
[2026.05.12-14.32.26:523][  0]LogConfig: Setting CVar [[r.DOF.Recombine.EnableBokehSettings:0    ; no bokeh simulation on slight out of focus]]
[2026.05.12-14.32.26:523][  0]LogConfig: Setting CVar [[r.DOF.TemporalAAQuality:1                ; more stable temporal accumulation]]
[2026.05.12-14.32.26:523][  0]LogConfig: Setting CVar [[r.DOF.Kernel.MaxForegroundRadius:0.025]]
[2026.05.12-14.32.26:523][  0]LogConfig: Setting CVar [[r.DOF.Kernel.MaxBackgroundRadius:0.025]]
[2026.05.12-14.32.26:523][  0]LogConfig: Applying CVar settings from Section [TextureQuality@3] File [C:/Users/kapil/OneDrive/Documents/Unreal Projects/testTP/Saved/Config/Windows/Scalability.ini]
[2026.05.12-14.32.26:523][  0]LogConfig: Setting CVar [[r.Streaming.MipBias:0]]
[2026.05.12-14.32.26:523][  0]LogConfig: Setting CVar [[r.Streaming.AmortizeCPUToGPUCopy:0]]
[2026.05.12-14.32.26:523][  0]LogConfig: Setting CVar [[r.Streaming.MaxNumTexturesToStreamPerFrame:0]]
[2026.05.12-14.32.26:523][  0]LogConfig: Setting CVar [[r.Streaming.Boost:1]]
[2026.05.12-14.32.26:523][  0]LogConfig: Setting CVar [[r.MaxAnisotropy:8]]
[2026.05.12-14.32.26:523][  0]LogConfig: Setting CVar [[r.VT.MaxAnisotropy:8]]
[2026.05.12-14.32.26:523][  0]LogConfig: Setting CVar [[r.Streaming.LimitPoolSizeToVRAM:0]]
[2026.05.12-14.32.26:523][  0]LogConfig: Setting CVar [[r.Streaming.PoolSize:1000]]
[2026.05.12-14.32.26:525][  0]LogConfig: Setting CVar [[r.Streaming.MaxEffectiveScreenSize:0]]
[2026.05.12-14.32.26:525][  0]LogConfig: Applying CVar settings from Section [EffectsQuality@3] File [C:/Users/kapil/OneDrive/Documents/Unreal Projects/testTP/Saved/Config/Windows/Scalability.ini]
[2026.05.12-14.32.26:525][  0]LogConfig: Setting CVar [[r.TranslucencyLightingVolumeDim:64]]
[2026.05.12-14.32.26:525][  0]LogConfig: Setting CVar [[r.RefractionQuality:2]]
[2026.05.12-14.32.26:525][  0]LogConfig: Setting CVar [[r.SSR.Quality:3]]
[2026.05.12-14.32.26:525][  0]LogConfig: Setting CVar [[r.SSR.HalfResSceneColor:0]]
[2026.05.12-14.32.26:525][  0]LogConfig: Setting CVar [[r.SceneColorFormat:4]]
[2026.05.12-14.32.26:525][  0]LogConfig: Setting CVar [[r.DetailMode:2]]
[2026.05.12-14.32.26:525][  0]LogConfig: Setting CVar [[r.TranslucencyVolumeBlur:1]]
[2026.05.12-14.32.26:525][  0]LogConfig: Setting CVar [[r.MaterialQualityLevel:1 ; High quality]]
[2026.05.12-14.32.26:525][  0]LogConfig: Setting CVar [[r.AnisotropicMaterials:1]]
[2026.05.12-14.32.26:525][  0]LogConfig: Setting CVar [[r.SSS.Scale:1]]
[2026.05.12-14.32.26:525][  0]LogConfig: Setting CVar [[r.SSS.SampleSet:2]]
[2026.05.12-14.32.26:525][  0]LogConfig: Setting CVar [[r.SSS.Quality:1]]
[2026.05.12-14.32.26:525][  0]LogConfig: Setting CVar [[r.SSS.HalfRes:0]]
[2026.05.12-14.32.26:525][  0]LogConfig: Setting CVar [[r.SSGI.Quality:3]]
[2026.05.12-14.32.26:525][  0]LogConfig: Setting CVar [[r.EmitterSpawnRateScale:1.0]]
[2026.05.12-14.32.26:525][  0]LogConfig: Setting CVar [[r.ParticleLightQuality:2]]
[2026.05.12-14.32.26:525][  0]LogConfig: Setting CVar [[r.SkyAtmosphere.AerialPerspectiveLUT.FastApplyOnOpaque:1 ; Always have FastSkyLUT 1 in this case to avoid wrong sky]]
[2026.05.12-14.32.26:525][  0]LogConfig: Setting CVar [[r.SkyAtmosphere.AerialPerspectiveLUT.SampleCountMaxPerSlice:4]]
[2026.05.12-14.32.26:525][  0]LogConfig: Setting CVar [[r.SkyAtmosphere.AerialPerspectiveLUT.DepthResolution:16.0]]
[2026.05.12-14.32.26:525][  0]LogConfig: Setting CVar [[r.SkyAtmosphere.FastSkyLUT:1]]
[2026.05.12-14.32.26:525][  0]LogConfig: Setting CVar [[r.SkyAtmosphere.FastSkyLUT.SampleCountMin:4.0]]
[2026.05.12-14.32.26:525][  0]LogConfig: Setting CVar [[r.SkyAtmosphere.FastSkyLUT.SampleCountMax:128.0]]
[2026.05.12-14.32.26:525][  0]LogConfig: Setting CVar [[r.SkyAtmosphere.SampleCountMin:4.0]]
[2026.05.12-14.32.26:525][  0]LogConfig: Setting CVar [[r.SkyAtmosphere.SampleCountMax:128.0]]
[2026.05.12-14.32.26:525][  0]LogConfig: Setting CVar [[r.SkyAtmosphere.TransmittanceLUT.UseSmallFormat:0]]
[2026.05.12-14.32.26:525][  0]LogConfig: Setting CVar [[r.SkyAtmosphere.TransmittanceLUT.SampleCount:10.0]]
[2026.05.12-14.32.26:525][  0]LogConfig: Setting CVar [[r.SkyAtmosphere.MultiScatteringLUT.SampleCount:15.0]]
[2026.05.12-14.32.26:525][  0]LogConfig: Setting CVar [[r.SkyLight.RealTimeReflectionCapture:1]]
[2026.05.12-14.32.26:525][  0]LogConfig: Applying CVar settings from Section [FoliageQuality@3] File [C:/Users/kapil/OneDrive/Documents/Unreal Projects/testTP/Saved/Config/Windows/Scalability.ini]
[2026.05.12-14.32.26:525][  0]LogConfig: Setting CVar [[foliage.DensityScale:1.0]]
[2026.05.12-14.32.26:525][  0]LogConfig: Setting CVar [[grass.DensityScale:1.0]]
[2026.05.12-14.32.26:525][  0]LogConfig: Applying CVar settings from Section [ShadingQuality@3] File [C:/Users/kapil/OneDrive/Documents/Unreal Projects/testTP/Saved/Config/Windows/Scalability.ini]
[2026.05.12-14.32.26:525][  0]LogConfig: Setting CVar [[r.HairStrands.SkyLighting.IntegrationType:2]]
[2026.05.12-14.32.26:525][  0]LogConfig: Setting CVar [[r.HairStrands.SkyAO.SampleCount:4]]
[2026.05.12-14.32.26:526][  0]LogConfig: Setting CVar [[r.HairStrands.Visibility.MSAA.SamplePerPixel:4]]
[2026.05.12-14.32.26:526][  0]LogConfig: Applying CVar settings from Section [Startup] File [../../../Engine/Config/ConsoleVariables.ini]
[2026.05.12-14.32.26:526][  0]LogConfig: Setting CVar [[net.UseAdaptiveNetUpdateFrequency:0]]
[2026.05.12-14.32.26:526][  0]LogConfig: Setting CVar [[p.chaos.AllowCreatePhysxBodies:1]]
[2026.05.12-14.32.26:526][  0]LogConfig: Setting CVar [[fx.SkipVectorVMBackendOptimizations:1]]
[2026.05.12-14.32.26:526][  0]LogConfig: Applying CVar settings from Section [ConsoleVariables] File [C:/Users/kapil/OneDrive/Documents/Unreal Projects/testTP/Saved/Config/Windows/Engine.ini]
[2026.05.12-14.32.26:527][  0]LogConfig: Applying CVar settings from Section [ConsoleVariables] File [C:/Users/kapil/OneDrive/Documents/Unreal Projects/testTP/Saved/Config/Windows/Editor.ini]
[2026.05.12-14.32.26:527][  0]LogInit: Computer: IMMERSEDEMOM5
[2026.05.12-14.32.26:527][  0]LogInit: User: kapil
[2026.05.12-14.32.26:527][  0]LogInit: CPU Page size=4096, Cores=14
[2026.05.12-14.32.26:527][  0]LogInit: High frequency timer resolution =10.000000 MHz
[2026.05.12-14.32.26:527][  0]LogMemory: Memory total: Physical=15.7GB (16GB approx)
[2026.05.12-14.32.26:527][  0]LogMemory: Platform Memory Stats for Windows
[2026.05.12-14.32.26:527][  0]LogMemory: Process Physical Memory: 152.34 MB used, 152.34 MB peak
[2026.05.12-14.32.26:527][  0]LogMemory: Process Virtual Memory: 131.15 MB used, 131.15 MB peak
[2026.05.12-14.32.26:527][  0]LogMemory: Physical Memory: 12715.73 MB used,  3352.97 MB free, 16068.70 MB total
[2026.05.12-14.32.26:527][  0]LogMemory: Virtual Memory: 134210536.00 MB used,  7195.66 MB free, 134217728.00 MB total
[2026.05.12-14.32.26:531][  0]LogWindows: WindowsPlatformFeatures enabled
[2026.05.12-14.32.26:575][  0]LogInit: Physics initialised using underlying interface: PhysX
[2026.05.12-14.32.26:576][  0]LogInit: Using OS detected language (en-US).
[2026.05.12-14.32.26:576][  0]LogInit: Using OS detected locale (en-US).
[2026.05.12-14.32.26:580][  0]LogTextLocalizationManager: No specific localization for 'en-US' exists, so the 'en' localization will be used.
[2026.05.12-14.32.26:769][  0]LogWindowsTextInputMethodSystem: Display: IME system deactivated.
[2026.05.12-14.32.26:782][  0]LogSlate: New Slate User Created.  User Index 0, Is Virtual User: 0
[2026.05.12-14.32.26:782][  0]LogSlate: Slate User Registered.  User Index 0, Is Virtual User: 0
[2026.05.12-14.32.26:791][  0]LogD3D11RHI: Loaded GFSDK_Aftermath_Lib.x64.dll
[2026.05.12-14.32.26:834][  0]LogHMD: Failed to initialize OpenVR with code 110
[2026.05.12-14.32.26:835][  0]LogD3D11RHI: D3D11 min allowed feature level: 11_0
[2026.05.12-14.32.26:835][  0]LogD3D11RHI: D3D11 max allowed feature level: 11_0
[2026.05.12-14.32.26:835][  0]LogD3D11RHI: D3D11 adapters:
[2026.05.12-14.32.26:998][  0]LogD3D11RHI:    0. 'NVIDIA GeForce RTX 4060 Laptop GPU' (Feature Level 11_0)
[2026.05.12-14.32.26:998][  0]LogD3D11RHI:       7957/0/8034 MB DedicatedVideo/DedicatedSystem/SharedSystem, Outputs:1, VendorId:0x10de
[2026.05.12-14.32.27:023][  0]LogD3D11RHI:    1. 'Intel(R) UHD Graphics' (Feature Level 11_0)
[2026.05.12-14.32.27:023][  0]LogD3D11RHI:       128/0/8034 MB DedicatedVideo/DedicatedSystem/SharedSystem, Outputs:0, VendorId:0x8086
[2026.05.12-14.32.27:026][  0]LogD3D11RHI:    2. 'Microsoft Basic Render Driver' (Feature Level 11_0)
[2026.05.12-14.32.27:026][  0]LogD3D11RHI:       0/0/8034 MB DedicatedVideo/DedicatedSystem/SharedSystem, Outputs:0, VendorId:0x1414
[2026.05.12-14.32.27:026][  0]LogD3D11RHI: Chosen D3D11 Adapter:
[2026.05.12-14.32.27:026][  0]LogD3D11RHI:     Description : NVIDIA GeForce RTX 4060 Laptop GPU
[2026.05.12-14.32.27:027][  0]LogD3D11RHI:     VendorId    : 10de
[2026.05.12-14.32.27:027][  0]LogD3D11RHI:     DeviceId    : 28e0
[2026.05.12-14.32.27:027][  0]LogD3D11RHI:     SubSysId    : bf81028
[2026.05.12-14.32.27:027][  0]LogD3D11RHI:     Revision    : 00a1
[2026.05.12-14.32.27:027][  0]LogD3D11RHI:     DedicatedVideoMemory : 8343519232 bytes
[2026.05.12-14.32.27:027][  0]LogD3D11RHI:     DedicatedSystemMemory : 0 bytes
[2026.05.12-14.32.27:027][  0]LogD3D11RHI:     SharedSystemMemory : 8424628224 bytes
[2026.05.12-14.32.27:027][  0]LogD3D11RHI:     AdapterLuid : 0 75339
[2026.05.12-14.32.27:033][  0]LogD3D11RHI: Creating new Direct3DDevice
[2026.05.12-14.32.27:033][  0]LogD3D11RHI:     GPU DeviceId: 0x28e0 (for the marketing name, search the web for "GPU Device Id")
[2026.05.12-14.32.27:033][  0]LogWindows: EnumDisplayDevices:
[2026.05.12-14.32.27:033][  0]LogWindows:    0. 'Intel(R) UHD Graphics' (P:1 D:1)
[2026.05.12-14.32.27:033][  0]LogWindows:    1. 'Intel(R) UHD Graphics' (P:0 D:0)
[2026.05.12-14.32.27:033][  0]LogWindows:    2. 'Intel(R) UHD Graphics' (P:0 D:0)
[2026.05.12-14.32.27:035][  0]LogWindows:    3. 'Intel(R) UHD Graphics' (P:0 D:0)
[2026.05.12-14.32.27:035][  0]LogWindows:    4. 'NVIDIA GeForce RTX 4060 Laptop GPU' (P:0 D:0)
[2026.05.12-14.32.27:035][  0]LogWindows: DebugString: PrimaryIsNotTheChoosenAdapter PrimaryIsNotTheChoosenAdapter PrimaryIsNotTheChoosenAdapter PrimaryIsNotTheChoosenAdapter 
[2026.05.12-14.32.27:035][  0]LogD3D11RHI:     Adapter Name: NVIDIA GeForce RTX 4060 Laptop GPU
[2026.05.12-14.32.27:035][  0]LogD3D11RHI:   Driver Version: 581.95 (internal:32.0.15.8195, unified:581.95)
[2026.05.12-14.32.27:035][  0]LogD3D11RHI:      Driver Date: 11-18-2025
[2026.05.12-14.32.27:035][  0]LogRHI: Texture pool is 5569 MB (70% of 7957 MB)
[2026.05.12-14.32.27:035][  0]LogD3D11RHI: Creating D3DDevice using adapter:
[2026.05.12-14.32.27:035][  0]LogD3D11RHI:     Description : NVIDIA GeForce RTX 4060 Laptop GPU
[2026.05.12-14.32.27:035][  0]LogD3D11RHI:     VendorId    : 10de
[2026.05.12-14.32.27:035][  0]LogD3D11RHI:     DeviceId    : 28e0
[2026.05.12-14.32.27:035][  0]LogD3D11RHI:     SubSysId    : bf81028
[2026.05.12-14.32.27:035][  0]LogD3D11RHI:     Revision    : 00a1
[2026.05.12-14.32.27:035][  0]LogD3D11RHI:     DedicatedVideoMemory : 8343519232 bytes
[2026.05.12-14.32.27:035][  0]LogD3D11RHI:     DedicatedSystemMemory : 0 bytes
[2026.05.12-14.32.27:035][  0]LogD3D11RHI:     SharedSystemMemory : 8424628224 bytes
[2026.05.12-14.32.27:035][  0]LogD3D11RHI:     AdapterLuid : 0 75339
[2026.05.12-14.32.27:150][  0]LogD3D11RHI: RHI has support for 64 bit atomics
[2026.05.12-14.32.27:150][  0]LogD3D11RHI: Async texture creation enabled
[2026.05.12-14.32.27:150][  0]LogD3D11RHI: Array index from any shader is supported
[2026.05.12-14.32.27:161][  0]LogD3D11RHI: GPU Timing Frequency: 1000.000000 (Debug: 2 1)
[2026.05.12-14.32.27:186][  0]LogRHI: GeForceNow SDK initialized: 1
[2026.05.12-14.32.27:408][  0]LogTargetPlatformManager: Display: Loaded TargetPlatform 'WindowsNoEditor'
[2026.05.12-14.32.27:411][  0]LogTargetPlatformManager: Display: Loaded TargetPlatform 'Windows'
[2026.05.12-14.32.27:413][  0]LogTargetPlatformManager: Display: Loaded TargetPlatform 'WindowsClient'
[2026.05.12-14.32.27:418][  0]LogTargetPlatformManager: Display: Loaded TargetPlatform 'WindowsServer'
[2026.05.12-14.32.27:418][  0]LogTargetPlatformManager: Display: Building Assets For Windows
[2026.05.12-14.32.27:423][  0]LogAudioDebug: Display: Lib vorbis DLL was dynamically loaded.
[2026.05.12-14.32.27:447][  0]LogTextureFormatOodle: Display: Oodle Texture 2.9.0 init RDO Off
[2026.05.12-14.32.27:476][  0]LogRendererCore: Ray tracing is disabled. Reason: r.RayTracing=0.
[2026.05.12-14.32.27:476][  0]LogShaderCompilers: Guid format shader working directory is -26 characters bigger than the processId version (../../../../../../Users/kapil/OneDrive/Documents/Unreal Projects/testTP/Intermediate/Shaders/WorkingDirectory/23672/).
[2026.05.12-14.32.27:476][  0]LogShaderCompilers: Cleaned the shader compiler working directory 'C:/Users/kapil/AppData/Local/Temp/UnrealShaderWorkingDir/88C3A6064E8AA8E6F6166FAE566F5109/'.
[2026.05.12-14.32.27:476][  0]LogXGEController: Cannot use XGE Controller as Incredibuild is not installed on this machine.
[2026.05.12-14.32.27:476][  0]LogShaderCompilers: Cannot use XGE Shader Compiler as Incredibuild is not installed on this machine.
[2026.05.12-14.32.27:476][  0]LogShaderCompilers: Display: Using Local Shader Compiler.
[2026.05.12-14.32.28:085][  0]LogDerivedDataCache: Display: Max Cache Size: 512 MB
[2026.05.12-14.32.28:138][  0]LogDerivedDataCache: Loaded boot cache 0.05s 94MB C:/Users/kapil/AppData/Local/UnrealEngine/4.27/DerivedDataCache/Boot.ddc.
[2026.05.12-14.32.28:138][  0]LogDerivedDataCache: Display: Loaded Boot cache: C:/Users/kapil/AppData/Local/UnrealEngine/4.27/DerivedDataCache/Boot.ddc
[2026.05.12-14.32.28:138][  0]LogDerivedDataCache: FDerivedDataBackendGraph:  Pak pak cache file ../../../../../../Users/kapil/OneDrive/Documents/Unreal Projects/testTP/DerivedDataCache/DDC.ddp not found, will not use a pak cache.
[2026.05.12-14.32.28:138][  0]LogDerivedDataCache: Unable to find inner node Pak for hierarchical cache Hierarchy.
[2026.05.12-14.32.28:138][  0]LogDerivedDataCache: FDerivedDataBackendGraph:  CompressedPak pak cache file ../../../../../../Users/kapil/OneDrive/Documents/Unreal Projects/testTP/DerivedDataCache/Compressed.ddp not found, will not use a pak cache.
[2026.05.12-14.32.28:138][  0]LogDerivedDataCache: Unable to find inner node CompressedPak for hierarchical cache Hierarchy.
[2026.05.12-14.32.28:150][  0]LogDerivedDataCache: Display: Pak cache opened for reading ../../../Engine/DerivedDataCache/Compressed.ddp.
[2026.05.12-14.32.28:150][  0]LogDerivedDataCache: FDerivedDataBackendGraph:  EnterprisePak pak cache file ../../../Enterprise/DerivedDataCache/Compressed.ddp not found, will not use a pak cache.
[2026.05.12-14.32.28:150][  0]LogDerivedDataCache: Unable to find inner node EnterprisePak for hierarchical cache Hierarchy.
[2026.05.12-14.32.28:157][  0]LogDerivedDataCache: Speed tests for C:/Users/kapil/AppData/Local/UnrealEngine/Common/DerivedDataCache took 0.01 seconds
[2026.05.12-14.32.28:157][  0]LogDerivedDataCache: Display: Performance to C:/Users/kapil/AppData/Local/UnrealEngine/Common/DerivedDataCache: Latency=0.02ms. RandomReadSpeed=888.04MBs, RandomWriteSpeed=220.91MBs. Assigned SpeedClass 'Local'
[2026.05.12-14.32.28:158][  0]LogDerivedDataCache: Using Local data cache path C:/Users/kapil/AppData/Local/UnrealEngine/Common/DerivedDataCache: Writable
[2026.05.12-14.32.28:158][  0]LogDerivedDataCache: Shared data cache path not found in *engine.ini, will not use an Shared cache.
[2026.05.12-14.32.28:158][  0]LogDerivedDataCache: Unable to find inner node Shared for hierarchical cache Hierarchy.
[2026.05.12-14.32.28:182][  0]LogSlate: Using FreeType 2.10.0
[2026.05.12-14.32.28:183][  0]LogSlate: SlateFontServices - WITH_FREETYPE: 1, WITH_HARFBUZZ: 1
[2026.05.12-14.32.28:220][  0]LogInit: Using OS detected language (en-US).
[2026.05.12-14.32.28:220][  0]LogInit: Using OS detected locale (en-US).
[2026.05.12-14.32.28:220][  0]LogTextLocalizationManager: No localization for 'en-US' exists, so 'en' will be used for the language.
[2026.05.12-14.32.28:220][  0]LogTextLocalizationManager: No localization for 'en-US' exists, so 'en' will be used for the locale.
[2026.05.12-14.32.28:220][  0]LogSlate: FontCache flush requested. Reason: Culture for localization was changed
[2026.05.12-14.32.28:220][  0]LogSlate: FontCache flush requested. Reason: Culture for localization was changed
[2026.05.12-14.32.28:222][  0]LogTextLocalizationManager: Compacting localization data took   0.00ms
[2026.05.12-14.32.28:222][  0]LogAssetRegistry: FAssetRegistry took 0.0011 seconds to start up
[2026.05.12-14.32.28:376][  0]LogPackageLocalizationCache: Processed 28 localized package path(s) for 1 prioritized culture(s) in 0.046486 seconds
[2026.05.12-14.32.28:425][  0]LogInit: Selected Device Profile: [Windows]
[2026.05.12-14.32.28:425][  0]LogInit: Active device profile: [0000017CDECB8D00][0000017CD909F380 49] Windows
[2026.05.12-14.32.28:425][  0]LogInit: Profiles: [0000017CDECB8D00][0000017CD909F380 49] Windows, [0000017CDEC72400][0000017CD7CD54C0 49] WindowsNoEditor, [0000017CDECB9C00][0000017CD7CD9600 49] WindowsServer, [0000017CDEC73200][0000017CD7CDD740 49] WindowsClient, [0000017CDECBA900][0000017CD7CE1880 49] IOS, [0000017CDEC71B00][0000017CDCB0DA00 49] iPadAir, [0000017CDECBBE00][0000017CDCB11B80 49] iPadAir2, [0000017CDEC15100][0000017CDCB182C0 49] IPadPro, [0000017CDEC15200][0000017CDCB14300 49] iPadAir3, [0000017CDEC70C00][0000017CDCB1C480 49] iPadAir4, [0000017CDEC15E00][0000017CDCB20600 49] iPadMini2, [0000017CDEC73400][0000017CDCB24780 49] iPadMini3, [0000017CDEC17900][0000017CDCB28900 49] iPadMini4, [0000017CDEC71000][0000017CDCB2CA80 49] iPadMini5, [0000017CDEC58A00][0000017CDCB34D40 49] iPhone6, [0000017CDEC58B00][0000017CDCB30D80 49] iPodTouch6, [0000017CDECBAD00][0000017CDCB3D040 49] iPhone7, [0000017CDECBAE00][0000017CDCB39080 49] iPodTouch7, [0000017CDEC17E00][0000017CDCB41200 49] iPhone5S, [0000017CDECB8E00][0000017CDCB45380 49] iPhone6Plus, [0000017CDEC58100][0000017CDCB49500 49] iPhone6S, [0000017CDEC14300][0000017CDCB4D680 49] iPhone6SPlus, [0000017CDEC5A900][0000017CDCB097C0 49] iPhone7Plus, [0000017CDEC16200][0000017CDCB51900 49] iPhoneSE, [0000017CDEC5A700][0000017CDCD5DA40 49] iPhone8, [0000017CDEC14700][0000017CDCD65BC0 49] iPhone8Plus, [0000017CDEC5B200][0000017CDCD681C0 49] iPhoneX, [0000017CDECB9500][0000017CDCD6C340 49] iPhoneXS, [0000017CDEC5AC00][0000017CDCD704C0 49] iPhoneXSMax, [0000017CDECB9A00][0000017CDCD74640 49] iPhoneXR, [0000017CDEC58600][0000017CDCD787C0 49] iPhone11, [0000017CDECB8F00][0000017CDCD7C940 49] iPhone11Pro, [0000017CDEC59B00][0000017CDCD80AC0 49] iPhone11ProMax, [0000017CDECBB300][0000017CDCD84C40 49] iPhoneSE2, [0000017CDEC5BB00][0000017CDCD88DC0 49] iPhone12Mini, [0000017CDECBA300][0000017CDCD8CF40 49] iPhone12, [0000017CDEC59000][0000017CDCD910C0 49] iPhone12Pro, [0000017CDECBBF00][0000017CDCD95240 49] iPhone12ProMax, [0000017CDEC59600][0000017CDCD993C0 49] iPadPro105, [0000017CDECB8900][0000017CDCD9D540 49] iPadPro129, [0000017CDEC5BE00][0000017CDCDA16C0 49] iPadPro97, [0000017CDECBB700][0000017CDCDA5840 49] iPadPro2_129, [0000017CDEC58D00][0000017CDCD61980 49] iPad5, [0000017CDECB9F00][0000017CDCDA9AC0 49] iPad6, [0000017CDEC59200][0000017CDCDADC00 49] iPad7, [0000017CDECB9100][0000017CDCDB01C0 49] iPad8, [0000017CDEC5A400][0000017CDCDB8340 49] iPadPro11, [0000017CDECBBB00][0000017CDCDBC4C0 49] iPadPro2_11, [0000017CDEC5BF00][0000017CDCDC0640 49] iPadPro3_129, [0000017CDECBB800][0000017CDCDC47C0 49] iPadPro4_129, [0000017CDEC5AA00][0000017CDCDC8940 49] AppleTV, [0000017CDECBA600][0000017CDCDCCAC0 49] AppleTV4K, [0000017CDEC58F00][0000017CDCDD0C40 49] TVOS, [0000017CDECB9800][0000017CDCDD4DC0 49] Mac, [0000017CDEC59400][0000017CDCDD8F40 49] MacClient, [0000017CDECBA400][0000017CDCDDD0C0 49] MacNoEditor, [0000017CDEC5AF00][0000017CD9823240 49] MacServer, [0000017CDECB9400][0000017CD98273C0 49] Linux, [0000017CDEC59F00][0000017CD982B540 49] LinuxAArch64, [0000017CDECB8700][0000017CD982F6C0 49] LinuxNoEditor, [0000017CDEC5B300][0000017CD9833840 49] LinuxAArch64NoEditor, [0000017CDECB9600][0000017CD98379C0 49] LinuxClient, [0000017CDEC58800][0000017CDCDB5B00 49] LinuxAArch64Client, [0000017CDECB8200][0000017CD983A0C0 49] LinuxServer, [0000017CDEC59100][0000017CD983E200 49] LinuxAArch64Server, [0000017CDECB9000][0000017CD9842340 49] Android, [0000017CDEC5B700][0000017CD984A4C0 49] Android_Low, [0000017CDECBBC00][0000017CD984E640 49] Android_Mid, [0000017CDEC5B900][0000017CD98527C0 49] Android_High, [0000017CDECBB400][0000017CD9856940 49] Android_Default, [0000017CDEC58900][0000017CD985AAC0 49] Android_Adreno4xx, [0000017CDECBB500][0000017CD985EC40 49] Android_Adreno5xx_Low, [0000017CDEC5A500][0000017CD9862DC0 49] Android_Adreno5xx, [0000017CDECBA500][0000017CD9866F40 49] Android_Adreno6xx, [0000017CDEC70500][0000017CD986B0C0 49] Android_Adreno6xx_Vulkan, [0000017CDEC17600][0000017CD986F240 49] Android_Mali_T6xx, [0000017CDEC70600][0000017CD98733C0 49] Android_Mali_T7xx, [0000017CDEC17A00][0000017CD9877540 49] Android_Mali_T8xx, [0000017CDEC70100][0000017CD987B6C0 49] Android_Mali_G71, [0000017CDEC17500][0000017CD987F840 49] Android_Mali_G72, [0000017CDEC70400][0000017CD98839C0 49] Android_Mali_G72_Vulkan, [0000017CDEC15800][0000017CD9887B40 49] Android_Mali_G76, [0000017CDEC73900][0000017CD988A140 49] Android_Mali_G76_Vulkan, [0000017CDEC16A00][0000017CD9846280 49] Android_Mali_G77, [0000017CDEC73300][0000017CD988E3C0 49] Android_Mali_G77_Vulkan, [0000017CDEC15600][0000017CD9892500 49] Android_Mali_G78, [0000017CDEC72300][0000017CD989A680 49] Android_Mali_G78_Vulkan, [0000017CDEC14600][0000017CD989E800 49] Android_Mali_G710, [0000017CDEC70300][0000017CD98A2980 49] Android_Mali_G710_Vulkan, [0000017CDEC14200][0000017CD98A6B00 49] Android_Vulkan_SM5, [0000017CDEC70200][0000017CD98AAC80 49] Android_PowerVR_G6xxx, [0000017CDEC16500][0000017CD98AEE00 49] Android_PowerVR_GT7xxx, [0000017CDEC72700][0000017CD98B2F80 49] Android_PowerVR_GE8xxx, [0000017CDEC15300][0000017CD98B7100 49] Android_PowerVR_GM9xxx, [0000017CDEC70D00][0000017CD98BB280 49] Android_PowerVR_GM9xxx_Vulkan, [0000017CDEC17D00][0000017CD98BF400 49] Android_TegraK1, [0000017CDEC72A00][0000017CD98C3580 49] Android_Unknown_Vulkan, [0000017CDEC17200][0000017CD98C7700 49] Lumin, [0000017CDEC70A00][0000017CD98CB880 49] Lumin_Desktop, [0000017CDEC17300][0000017CD98CFA00 49] HoloLens, 
[2026.05.12-14.32.28:459][  0]LogMeshReduction: Using QuadricMeshReduction for automatic static mesh reduction
[2026.05.12-14.32.28:460][  0]LogMeshReduction: Using SimplygonMeshReduction for automatic skeletal mesh reduction
[2026.05.12-14.32.28:460][  0]LogMeshReduction: Using ProxyLODMeshReduction for automatic mesh merging
[2026.05.12-14.32.28:460][  0]LogMeshReduction: No distributed automatic mesh merging module available
[2026.05.12-14.32.28:460][  0]LogMeshMerging: No distributed automatic mesh merging module available
[2026.05.12-14.32.28:540][  0]LogNetVersion: testTP 1.0.0, NetCL: 17155196, EngineNetVer: 17, GameNetVer: 0 (Checksum: 3966549976)
[2026.05.12-14.32.28:721][  0]LogTexture: Default maximum texture size for cubemaps generated from long-lat sources has been changed from 512 to unlimited. In order to preserve old behaiour for '/Engine/MapTemplates/Sky/DaylightAmbientCubemap.DaylightAmbientCubemap', its maximum texture size has been explicitly set to 512.
[2026.05.12-14.32.28:762][  0]LogHMD: PokeAHoleMaterial loaded successfully
[2026.05.12-14.32.28:843][  0]LogMoviePlayer: Initializing movie player
[2026.05.12-14.32.28:895][  0]LogNiagaraDebuggerClient: Niagara Debugger Client Initialized | Session: 62C568124488BE0D9DE0359E59D2538F | Instance: 701937E2479C0DB367385DB6E53B99E0 (IMMERSEDEMOM5-23672).
[2026.05.12-14.32.28:911][  0]LogCollectionManager: Loaded 0 collections in 0.001205 seconds
[2026.05.12-14.32.28:915][  0]LogFileCache: Scanning file cache for directory 'C:/Users/kapil/OneDrive/Documents/Unreal Projects/testTP/Saved/Collections/' took 0.00s
[2026.05.12-14.32.28:915][  0]LogFileCache: Scanning file cache for directory 'C:/Users/kapil/OneDrive/Documents/Unreal Projects/testTP/Content/Developers/kapil/Collections/' took 0.00s
[2026.05.12-14.32.28:915][  0]LogFileCache: Scanning file cache for directory 'C:/Users/kapil/OneDrive/Documents/Unreal Projects/testTP/Content/Collections/' took 0.00s
[2026.05.12-14.32.28:915][  0]LogCollectionManager: Fixed up redirectors for 0 collections in 0.000002 seconds (updated 0 objects)
[2026.05.12-14.32.28:930][  0]LogPython: Using Python 3.7.7
[2026.05.12-14.32.29:346][  0]LogAkAudio: Wwise(R) SDK Version 2019.2.15 Build 7667. Copyright (c) 2006-2019 Audiokinetic Inc.
[2026.05.12-14.32.29:347][  0]LogAkAudio: Wwise plug-in DLL path: C:/Users/kapil/OneDrive/Documents/Unreal Projects/testTP/Plugins/Wwise/ThirdParty/x64_vc150/Profile/bin/
[2026.05.12-14.32.29:347][  0]LogAkAudio: Wwise remote connection application name: testTP
[2026.05.12-14.32.29:347][  0]LogAkAudio: Wwise successfully initialized.
[2026.05.12-14.32.29:355][  0]LogAkAudio: Initialization complete.
[2026.05.12-14.32.29:355][  0]LogInit: Audiokinetic Audio Device initialized.
[2026.05.12-14.32.29:525][  0]SourceControl: Source control is disabled
[2026.05.12-14.32.29:525][  0]SourceControl: Source control is disabled
[2026.05.12-14.32.29:528][  0]LogUProjectInfo: Found projects:
[2026.05.12-14.32.29:531][  0]SourceControl: Source control is disabled
[2026.05.12-14.32.29:578][  0]LogOpenImageDenoise: OIDN starting up
[2026.05.12-14.32.29:616][  0]LogAndroidPermission: UAndroidPermissionCallbackProxy::GetInstance
[2026.05.12-14.32.29:626][  0]LogAudioCaptureCore: Display: No Audio Capture implementations found. Audio input will be silent.
[2026.05.12-14.32.29:626][  0]LogAudioCaptureCore: Display: No Audio Capture implementations found. Audio input will be silent.
[2026.05.12-14.32.29:691][  0]LogOcInput: OculusInput pre-init called
[2026.05.12-14.32.29:698][  0]LogUObjectArray: 22857 objects as part of root set at end of initial load.
[2026.05.12-14.32.29:698][  0]LogUObjectAllocator: 6232704 out of 0 bytes used by permanent object pool.
[2026.05.12-14.32.29:698][  0]LogUObjectArray: CloseDisregardForGC: 0/0 objects in disregard for GC pool
[2026.05.12-14.32.29:735][  0]LogClass: Display: EnumProperty FAkExternalSourceInfo::CodecID is not initialized properly. Module:AkAudio File:Classes/AkGameplayTypes.h
[2026.05.12-14.32.29:735][  0]LogClass: Warning: ObjectProperty FAkExternalSourceInfo::ExternalSourceAsset is not initialized properly. Module:AkAudio File:Classes/AkGameplayTypes.h
[2026.05.12-14.32.29:735][  0]LogClass: Display: IntProperty FAkChannelMask::ChannelMask is not initialized properly. Module:AkAudio File:Classes/AkGameplayTypes.h
[2026.05.12-14.32.29:735][  0]LogClass: Display: BoolProperty FAkPS5AdvancedInitializationSettings::bVorbisHwAcceleration is not initialized properly. Module:AkAudio File:Classes/Platforms/AkPlatform_Pellegrino/AkPS5InitializationSettings.h
[2026.05.12-14.32.29:735][  0]LogClass: Display: 4 Uninitialized script struct members found including 1 object properties
[2026.05.12-14.32.29:736][  0]LogAutomationTest: Warning: ObjectProperty FAkExternalSourceInfo::ExternalSourceAsset is not initialized properly. Module:AkAudio File:Classes/AkGameplayTypes.h
[2026.05.12-14.32.29:736][  0]LogEngine: Initializing Engine...
[2026.05.12-14.32.29:738][  0]LogHMD: Failed to enumerate extensions. Please check that you have a valid OpenXR runtime installed.
[2026.05.12-14.32.29:738][  0]LogHMD: Failed to initialize OpenVR with code 110
[2026.05.12-14.32.29:738][  0]LogMagicLeap: Warning: VR disabled because ZI is not enabled.  To enable, in the editor, Edit -> Project Settings -> Plugins -> Magic Leap Plugin -> Enable Zero Iteration
[2026.05.12-14.32.29:740][  0]LogStats: UGameplayTagsManager::InitializeManager -  0.000 s
[2026.05.12-14.32.29:816][  0]LogInit: Initializing FReadOnlyCVARCache
[2026.05.12-14.32.29:816][  0]LogAudio: Display: Initializing Audio Device Manager...
[2026.05.12-14.32.29:819][  0]LogAudio: Display: Loading Default Audio Settings Objects...
[2026.05.12-14.32.29:819][  0]LogAudio: Display: No default SoundConcurrencyObject specified (or failed to load).
[2026.05.12-14.32.29:820][  0]LogAudio: Display: Audio Device Manager Initialized
[2026.05.12-14.32.29:820][  0]LogAudio: Display: Creating Audio Device:                 Id: 1, Scope: Shared, Realtime: True
[2026.05.12-14.32.29:820][  0]LogAudioMixer: Display: Audio Mixer Platform Settings:
[2026.05.12-14.32.29:820][  0]LogAudioMixer: Display: 	Sample Rate:						  48000
[2026.05.12-14.32.29:820][  0]LogAudioMixer: Display: 	Callback Buffer Frame Size Requested: 1024
[2026.05.12-14.32.29:820][  0]LogAudioMixer: Display: 	Callback Buffer Frame Size To Use:	  1024
[2026.05.12-14.32.29:820][  0]LogAudioMixer: Display: 	Number of buffers to queue:			  2
[2026.05.12-14.32.29:820][  0]LogAudioMixer: Display: 	Max Channels (voices):				  32
[2026.05.12-14.32.29:820][  0]LogAudioMixer: Display: 	Number of Async Source Workers:		  0
[2026.05.12-14.32.29:820][  0]LogAudio: Display: AudioDevice MaxSources: 32
[2026.05.12-14.32.29:820][  0]LogAudio: Display: Audio Spatialization Plugin: None (built-in).
[2026.05.12-14.32.29:821][  0]LogAudio: Display: Audio Reverb Plugin: None (built-in).
[2026.05.12-14.32.29:821][  0]LogAudio: Display: Audio Occlusion Plugin: None (built-in).
[2026.05.12-14.32.29:821][  0]LogAudioMixer: Display: Initializing audio mixer.
[2026.05.12-14.32.29:829][  0]LogAudioMixer: Display: 0: FrontLeft
[2026.05.12-14.32.29:829][  0]LogAudioMixer: Display: 1: FrontRight
[2026.05.12-14.32.29:841][  0]LogAudioMixer: Display: Using Audio Device Speakers (2- Realtek(R) Audio)
[2026.05.12-14.32.29:847][  0]LogAudioMixer: Display: Initializing Sound Submixes...
[2026.05.12-14.32.29:848][  0]LogAudioMixer: Display: Creating Master Submix 'MasterSubmixDefault'
[2026.05.12-14.32.29:848][  0]LogAudioMixer: Display: Creating Master Submix 'MasterReverbSubmixDefault'
[2026.05.12-14.32.29:849][  0]LogAudioMixer: Display: Creating Master Submix 'MasterEQSubmixDefault'
[2026.05.12-14.32.29:849][  0]LogAudioMixer: FMixerPlatformXAudio2::StartAudioStream() called
[2026.05.12-14.32.29:849][  0]LogAudioMixer: Display: Output buffers initialized: Frames=1024, Channels=2, Samples=2048
[2026.05.12-14.32.29:850][  0]LogAudioMixer: Display: Starting AudioMixerPlatformInterface::RunInternal()
[2026.05.12-14.32.29:850][  0]LogAudioMixer: Display: FMixerPlatformXAudio2::SubmitBuffer() called for the first time
[2026.05.12-14.32.29:850][  0]LogInit: FAudioDevice initialized.
[2026.05.12-14.32.29:851][  0]LogNetVersion: Set ProjectVersion to 1.0.0.0. Version Checksum will be recalculated on next use.
[2026.05.12-14.32.29:899][  0]LogDerivedDataCache: Saved boot cache 0.05s 94MB C:/Users/kapil/AppData/Local/UnrealEngine/4.27/DerivedDataCache/Boot.ddc.
[2026.05.12-14.32.29:899][  0]LogInit: Texture streaming: Enabled
[2026.05.12-14.32.29:943][  0]LogAudio: Display: Audio Device (ID: 1) registered with world 'Untitled'.
[2026.05.12-14.32.29:943][  0]LogSlate: Updating window title bar state: overlay mode, drag disabled, window buttons hidden, title bar hidden
[2026.05.12-14.32.29:943][  0]LogInit: Display: Game Engine Initialized.
[2026.05.12-14.32.29:943][  0]LogNiagaraEditor: GEditor isn't valid! Particle reset commands will not work for Niagara components!
[2026.05.12-14.32.30:019][  0]LogInit: Display: Starting Game.
[2026.05.12-14.32.30:019][  0]LogNet: Browse: /Game/ThirdPersonBP/Maps/ThirdPersonExampleMap?Name=Player
[2026.05.12-14.32.30:020][  0]LogLoad: LoadMap: /Game/ThirdPersonBP/Maps/ThirdPersonExampleMap?Name=Player
[2026.05.12-14.32.30:020][  0]LogWorld: BeginTearingDown for /Temp/Untitled_0
[2026.05.12-14.32.30:021][  0]LogWorld: UWorld::CleanupWorld for Untitled, bSessionEnded=true, bCleanupResources=true
[2026.05.12-14.32.30:021][  0]LogSlate: InvalidateAllWidgets triggered.  All widgets were invalidated
[2026.05.12-14.32.30:032][  0]LogAudio: Display: Audio Device unregistered from world 'None'.
[2026.05.12-14.32.30:035][  0]LogUObjectHash: Compacting FUObjectHashTables data took   0.50ms
[2026.05.12-14.32.30:198][  0]LogAudio: Display: Audio Device (ID: 1) registered with world 'ThirdPersonExampleMap'.
[2026.05.12-14.32.30:207][  0]LogAIModule: Creating AISystem for world ThirdPersonExampleMap
[2026.05.12-14.32.30:208][  0]LogLoad: Game class is 'ThirdPersonGameMode_C'
[2026.05.12-14.32.30:211][  0]LogWorld: Bringing World /Game/ThirdPersonBP/Maps/ThirdPersonExampleMap.ThirdPersonExampleMap up for play (max tick rate 0) at 2026.05.12-07.32.30
[2026.05.12-14.32.30:211][  0]LogWorld: Bringing up level for play took: 0.002484
[2026.05.12-14.32.30:213][  0]LogTemp: Display: [ImmerseStress] Ready. Defaults: event=SwordHits bus=7p1p4 shareset=Immerse_Audio_Renderer_(Custom)
[2026.05.12-14.32.30:213][  0]LogTemp: Display: [ImmerseStress] IMMERSE_USER_ID env=kevin_tencenttest1_emb | IMMERSE_USERID=kevin_tencenttest1_emb | IMMERSE_USER=kevin_tencenttest1_emb
[2026.05.12-14.32.30:213][  0]LogTemp: Display: [testTP] Auto-spawned ImmerseStressTestActor into ThirdPersonExampleMap (type=1)
[2026.05.12-14.32.30:213][  0]LogLoad: Took 0.194111 seconds to LoadMap(/Game/ThirdPersonBP/Maps/ThirdPersonExampleMap)
[2026.05.12-14.32.30:238][  0]LogSlate: Took 0.000190 seconds to synchronously load lazily loaded font '../../../Engine/Content/Slate/Fonts/Roboto-Regular.ttf' (155K)
[2026.05.12-14.32.30:256][  0]LogRenderer: Reallocating scene render targets to support 1536x864 Format 10 NumSamples 1 (Frame:1).
[2026.05.12-14.32.30:256][  0]LogInit: Display: Engine is initialized. Leaving FEngineLoop::Init()
[2026.05.12-14.32.30:256][  0]LogLoad: (Engine Initialization) Total time: 4.86 seconds
[2026.05.12-14.32.30:256][  0]LogLoad: (Engine Initialization) Total Blueprint compile time: 0.00 seconds
[2026.05.12-14.32.30:267][  0]LogContentStreaming: Texture pool size now 1000 MB
[2026.05.12-14.32.30:268][  0]LogSlate: InvalidateAllWidgets triggered.  All widgets were invalidated
[2026.05.12-14.32.30:373][  0]LogRenderer: Reallocating scene render targets to support 128x128 Format 10 NumSamples 1 (Frame:1).
[2026.05.12-14.32.30:394][  0]LogRenderer: Reallocating scene render targets to support 1536x864 Format 10 NumSamples 1 (Frame:2).
[2026.05.12-14.32.30:400][  1]LogSlate: Took 0.000156 seconds to synchronously load lazily loaded font '../../../Engine/Content/Slate/Fonts/Roboto-Regular.ttf' (155K)
[2026.05.12-14.32.32:763][152]LogTemp: Display: [ImmerseStress] REMOTE_HOLD_v1: waiting for go.flag (../../../../../../Users/kapil/OneDrive/Documents/Unreal Projects/testTP/Saved/ImmerseStress/go.flag) retry=1
[2026.05.12-14.32.42:287][824]LogTemp: Display: [ImmerseStress] REMOTE_HOLD_v1: waiting for go.flag (../../../../../../Users/kapil/OneDrive/Documents/Unreal Projects/testTP/Saved/ImmerseStress/go.flag) retry=20
[2026.05.12-14.32.49:805][317]LogTemp: Display: [ImmerseStress] REMOTE_HOLD_v1: go.flag detected after 34 retries
[2026.05.12-14.32.49:811][317]LogTemp: Display: [ImmerseStress] PLAN START  steps=2 (concurrency=1 Ã— immerse{off,on}) rate=300.0Hz life=500ms warmup=2.0s phase=5.0s cooldown=2.0s CSV=../../../../../../Users/kapil/OneDrive/Documents/Unreal Projects/testTP/Saved/ImmerseStress/run_20260512_073249.csv
[2026.05.12-14.32.49:811][317]LogTemp: Display: [ImmerseStress] BypassImmerse(bus=7p1p4) -> OK
[2026.05.12-14.32.49:811][317]LogTemp: Display: [ImmerseStress] >>> WARMUP step=0/2 immerse=off conc=32 (align Wwise profiler capture here)
[2026.05.12-14.32.49:811][317]LogTemp: Display: [ImmerseStress] Churn START  event=SwordHits rate=300.0Hz life=500ms cap=32 immerse=BYPASSED
[2026.05.12-14.32.49:867][338]LogStats: Display: There is no thread with id: 18956. Please add thread metadata for this thread.
[2026.05.12-14.32.51:805][177]LogTemp: Display: [ImmerseStress] >>> RUNNING step=0/2 immerse=off conc=32 (align Wwise profiler capture here)
[2026.05.12-14.32.51:805][177]LogTemp: Display: [ImmerseStress] CAPTURE_WAV_v2 START ../../../../../../Users/kapil/OneDrive/Documents/Unreal Projects/testTP/Saved/ImmerseStress/phase_0_off.wav
[2026.05.12-14.32.51:810][180]LogAkAudio: Error: Cannot open file ../../../../../../Users/kapil/OneDrive/Documents/Unreal Projects/testTP/Saved/Wwise/../../../../../../Users/kapil/OneDrive/Documents/Unreal Projects/testTP/Saved/ImmerseStress/phase_0_off.wav for write.
[2026.05.12-14.32.51:810][180]LogAkAudio: Error: Cannot open file: ../../../../../../Users/kapil/OneDrive/Documents/Unreal Projects/testTP/Saved/ImmerseStress/phase_0_off.wav
[2026.05.12-14.32.56:806][427]LogTemp: Display: [ImmerseStress] PHASE 0 done immerse=off conc=32 posted=320 stopped=320 dropped=1180 frames=2250 avg=2.22ms p50=2.16 p95=2.69 max=4.84
[2026.05.12-14.32.56:807][427]LogTemp: Display: [ImmerseStress] CAPTURE_WAV_v2 STOP
[2026.05.12-14.32.56:807][427]LogTemp: Display: [ImmerseStress] >>> COOLDOWN step=0/2 immerse=off conc=32 (align Wwise profiler capture here)
[2026.05.12-14.32.56:807][427]LogTemp: Display: [ImmerseStress] Churn STOP   posted=448 stopped=448 dropped=1651
[2026.05.12-14.32.58:808][300]LogTemp: Display: [ImmerseStress] EnableImmerse(bus=7p1p4, shareset=Immerse_Audio_Renderer_(Custom)) -> OK
[2026.05.12-14.32.58:808][300]LogTemp: Display: [ImmerseStress] >>> WARMUP step=1/2 immerse=ON conc=32 (align Wwise profiler capture here)
[2026.05.12-14.32.58:808][300]LogTemp: Display: [ImmerseStress] Churn START  event=SwordHits rate=300.0Hz life=500ms cap=32 immerse=enabled
[2026.05.12-14.33.00:808][169]LogTemp: Display: [ImmerseStress] >>> RUNNING step=1/2 immerse=ON conc=32 (align Wwise profiler capture here)
[2026.05.12-14.33.00:808][169]LogTemp: Display: [ImmerseStress] CAPTURE_WAV_v2 START ../../../../../../Users/kapil/OneDrive/Documents/Unreal Projects/testTP/Saved/ImmerseStress/phase_1_on.wav
[2026.05.12-14.33.00:826][177]LogAkAudio: Error: Cannot open file ../../../../../../Users/kapil/OneDrive/Documents/Unreal Projects/testTP/Saved/Wwise/../../../../../../Users/kapil/OneDrive/Documents/Unreal Projects/testTP/Saved/ImmerseStress/phase_1_on.wav for write.
[2026.05.12-14.33.00:826][177]LogAkAudio: Error: Cannot open file: ../../../../../../Users/kapil/OneDrive/Documents/Unreal Projects/testTP/Saved/ImmerseStress/phase_1_on.wav
[2026.05.12-14.33.00:830][179]LogStats: Display: There is no thread with id: 12816. Please add thread metadata for this thread.
[2026.05.12-14.33.05:808][332]LogTemp: Display: [ImmerseStress] PHASE 1 done immerse=ON conc=32 posted=320 stopped=320 dropped=1180 frames=2163 avg=2.31ms p50=2.25 p95=2.83 max=5.46
[2026.05.12-14.33.05:809][332]LogTemp: Display: [ImmerseStress] CAPTURE_WAV_v2 STOP
[2026.05.12-14.33.05:809][332]LogTemp: Display: [ImmerseStress] >>> COOLDOWN step=1/2 immerse=ON conc=32 (align Wwise profiler capture here)
[2026.05.12-14.33.05:809][332]LogTemp: Display: [ImmerseStress] Churn STOP   posted=896 stopped=896 dropped=3303
[2026.05.12-14.33.07:811][198]LogTemp: Display: [ImmerseStress] >>> Toggle storm: 10 iterations
[2026.05.12-14.33.07:811][198]LogTemp: Display: [ImmerseStress] BypassImmerse(bus=7p1p4) -> OK
[2026.05.12-14.33.07:811][198]LogTemp: Display: [ImmerseStress] EnableImmerse(bus=7p1p4, shareset=Immerse_Audio_Renderer_(Custom)) -> OK
[2026.05.12-14.33.07:811][198]LogTemp: Display: [ImmerseStress] BypassImmerse(bus=7p1p4) -> OK
[2026.05.12-14.33.07:811][198]LogTemp: Display: [ImmerseStress] EnableImmerse(bus=7p1p4, shareset=Immerse_Audio_Renderer_(Custom)) -> OK
[2026.05.12-14.33.07:811][198]LogTemp: Display: [ImmerseStress] BypassImmerse(bus=7p1p4) -> OK
[2026.05.12-14.33.07:811][198]LogTemp: Display: [ImmerseStress] EnableImmerse(bus=7p1p4, shareset=Immerse_Audio_Renderer_(Custom)) -> OK
[2026.05.12-14.33.07:811][198]LogTemp: Display: [ImmerseStress] BypassImmerse(bus=7p1p4) -> OK
[2026.05.12-14.33.07:811][198]LogTemp: Display: [ImmerseStress] EnableImmerse(bus=7p1p4, shareset=Immerse_Audio_Renderer_(Custom)) -> OK
[2026.05.12-14.33.07:811][198]LogTemp: Display: [ImmerseStress] BypassImmerse(bus=7p1p4) -> OK
[2026.05.12-14.33.07:811][198]LogTemp: Display: [ImmerseStress] EnableImmerse(bus=7p1p4, shareset=Immerse_Audio_Renderer_(Custom)) -> OK
[2026.05.12-14.33.07:811][198]LogTemp: Display: [ImmerseStress] Toggle storm DONE: 10/10 state-flips in 0.000s (avg 0.0462ms/op, worst 0.104ms, throughput 21622 ops/s)
[2026.05.12-14.33.07:811][198]LogTemp: Display: [ImmerseStress] PLAN COMPLETE â€” 2 phases recorded. CSV: ../../../../../../Users/kapil/OneDrive/Documents/Unreal Projects/testTP/Saved/ImmerseStress/run_20260512_073249.csv
[2026.05.12-14.33.07:811][198]LogTemp: Display: [ImmerseStress] Requesting engine exit in 1.50s (reason=ImmerseStressComplete)
[2026.05.12-14.33.09:311][831]LogWindows: FPlatformMisc::RequestExit(0)
[2026.05.12-14.33.09:311][831]LogWindows: FPlatformMisc::RequestExitWithStatus(0, 0)
[2026.05.12-14.33.09:311][831]LogCore: Engine exit requested (reason: Win RequestExit)
[2026.05.12-14.33.09:312][832]LogCore: Engine exit requested (reason: EngineExit() was called; note: exit was already requested)
[2026.05.12-14.33.09:312][832]LogInit: Display: PreExit Game.
[2026.05.12-14.33.09:321][832]LogWorld: BeginTearingDown for /Game/ThirdPersonBP/Maps/ThirdPersonExampleMap
[2026.05.12-14.33.09:322][832]LogWorld: UWorld::CleanupWorld for ThirdPersonExampleMap, bSessionEnded=true, bCleanupResources=true
[2026.05.12-14.33.09:322][832]LogSlate: InvalidateAllWidgets triggered.  All widgets were invalidated
[2026.05.12-14.33.09:762][832]LogAudio: Display: Beginning Audio Device Manager Shutdown (Module: AudioMixerXAudio2)...
[2026.05.12-14.33.09:762][832]LogAudio: Display: Destroying 1 Remaining Audio Device(s)...
[2026.05.12-14.33.09:762][832]LogAudio: Display: Audio Device unregistered from world 'ThirdPersonExampleMap'.
[2026.05.12-14.33.09:788][832]LogAudioMixer: FMixerPlatformXAudio2::StopAudioStream() called
[2026.05.12-14.33.09:791][832]LogAudioMixer: FMixerPlatformXAudio2::StopAudioStream() called
[2026.05.12-14.33.09:793][832]LogAudio: Display: Audio Device Manager Shutdown
[2026.05.12-14.33.09:798][832]LogSlate: Window 'testTP (64-bit Development PCD3D_SM5) ' being destroyed
[2026.05.12-14.33.09:799][832]LogExit: Preparing to exit.
[2026.05.12-14.33.09:805][832]LogUObjectHash: Compacting FUObjectHashTables data took   0.62ms
[2026.05.12-14.33.09:823][832]LogMoviePlayer: Shutting down movie player
[2026.05.12-14.33.09:833][832]LogSlate: Updating window title bar state: overlay mode, drag disabled, window buttons hidden, title bar hidden
[2026.05.12-14.33.09:837][832]LogDemo: Cleaned up 0 splitscreen connections with owner deletion
[2026.05.12-14.33.09:839][832]LogExit: Game engine shut down
[2026.05.12-14.33.09:866][832]LogExit: Object subsystem successfully closed.
[2026.05.12-14.33.09:880][832]LogShaderCompilers: Display: === FShaderJobCache stats ===
[2026.05.12-14.33.09:880][832]LogShaderCompilers: Display: Total job queries 0, among them cache hits 0 (0.00%)
[2026.05.12-14.33.09:880][832]LogShaderCompilers: Display: Tracking 0 distinct input hashes that result in 0 distinct outputs (0.00%)
[2026.05.12-14.33.09:880][832]LogShaderCompilers: Display: RAM used: 0.00 MB (0.00 GB) of 819.20 MB (0.80 GB) budget. Usage: 0.00%
[2026.05.12-14.33.09:880][832]LogShaderCompilers: Display: ================================================
[2026.05.12-14.33.09:885][832]LogShaderCompilers: Display: Shaders left to compile 0
[2026.05.12-14.33.09:898][832]LogModuleManager: Shutting down and abandoning module SequenceRecorderSections (562)
[2026.05.12-14.33.09:898][832]LogModuleManager: Shutting down and abandoning module SequenceRecorder (560)
[2026.05.12-14.33.09:898][832]LogModuleManager: Shutting down and abandoning module AutomationController (558)
[2026.05.12-14.33.09:898][832]LogModuleManager: Shutting down and abandoning module AutomationWorker (556)
[2026.05.12-14.33.09:898][832]LogModuleManager: Shutting down and abandoning module Voice (554)
[2026.05.12-14.33.09:898][832]LogModuleManager: Shutting down and abandoning module AIModule (552)
[2026.05.12-14.33.09:898][832]LogModuleManager: Shutting down and abandoning module GameplayDebugger (551)
[2026.05.12-14.33.09:898][832]LogModuleManager: Shutting down and abandoning module AITestSuite (549)
[2026.05.12-14.33.09:898][832]LogModuleManager: Shutting down and abandoning module NavigationSystem (547)
[2026.05.12-14.33.09:898][832]LogModuleManager: Shutting down and abandoning module AnimGraph (544)
[2026.05.12-14.33.09:898][832]LogModuleManager: Shutting down and abandoning module SteamVREditor (542)
[2026.05.12-14.33.09:898][832]LogModuleManager: Shutting down and abandoning module ToolMenus (541)
[2026.05.12-14.33.09:898][832]LogModuleManager: Shutting down and abandoning module OculusMR (538)
[2026.05.12-14.33.09:898][832]LogModuleManager: Shutting down and abandoning module TakeRecorderSources (536)
[2026.05.12-14.33.09:898][832]LogModuleManager: Shutting down and abandoning module TakeRecorder (535)
[2026.05.12-14.33.09:898][832]LogModuleManager: Shutting down and abandoning module TakeTrackRecorders (532)
[2026.05.12-14.33.09:898][832]LogModuleManager: Shutting down and abandoning module TakesCore (530)
[2026.05.12-14.33.09:898][832]LogModuleManager: Shutting down and abandoning module OpenXRInput (528)
[2026.05.12-14.33.09:898][832]LogModuleManager: Shutting down and abandoning module MagicLeapMediaCodecFactory (526)
[2026.05.12-14.33.09:898][832]LogModuleManager: Shutting down and abandoning module MagicLeapMediaFactory (524)
[2026.05.12-14.33.09:898][832]LogModuleManager: Shutting down and abandoning module WmfMediaFactory (522)
[2026.05.12-14.33.09:898][832]LogModuleManager: Shutting down and abandoning module WebMMediaFactory (520)
[2026.05.12-14.33.09:899][832]LogModuleManager: Shutting down and abandoning module WebMMedia (518)
[2026.05.12-14.33.09:899][832]LogModuleManager: Shutting down and abandoning module OpenExrWrapper (516)
[2026.05.12-14.33.09:899][832]LogModuleManager: Shutting down and abandoning module ImgMediaFactory (514)
[2026.05.12-14.33.09:899][832]LogModuleManager: Shutting down and abandoning module AvfMediaFactory (512)
[2026.05.12-14.33.09:899][832]LogModuleManager: Shutting down and abandoning module PlanarCut (510)
[2026.05.12-14.33.09:899][832]LogModuleManager: Shutting down and abandoning module CharacterAI (508)
[2026.05.12-14.33.09:899][832]LogModuleManager: Shutting down and abandoning module SessionServices (506)
[2026.05.12-14.33.09:899][832]LogModuleManager: Shutting down and abandoning module MovieSceneCapture (504)
[2026.05.12-14.33.09:899][832]LogModuleManager: Shutting down and abandoning module LiveCoding (502)
[2026.05.12-14.33.09:899][832]LogModuleManager: Shutting down and abandoning module LevelSequence (500)
[2026.05.12-14.33.09:899][832]LogModuleManager: Shutting down and abandoning module MovieSceneTracks (498)
[2026.05.12-14.33.09:899][832]LogModuleManager: Shutting down and abandoning module MovieScene (496)
[2026.05.12-14.33.09:899][832]LogModuleManager: Shutting down and abandoning module StreamingPauseRendering (494)
[2026.05.12-14.33.09:899][832]LogModuleManager: Shutting down and abandoning module PortalServices (492)
[2026.05.12-14.33.09:899][832]LogModuleManager: Shutting down and abandoning module PortalRpc (490)
[2026.05.12-14.33.09:899][832]LogModuleManager: Shutting down and abandoning module MessagingRpc (488)
[2026.05.12-14.33.09:899][832]LogModuleManager: Shutting down and abandoning module AudioMixerXAudio2 (486)
[2026.05.12-14.33.09:899][832]LogModuleManager: Shutting down and abandoning module AudioMixerCore (485)
[2026.05.12-14.33.09:899][832]LogModuleManager: Shutting down and abandoning module ImageWriteQueue (482)
[2026.05.12-14.33.09:905][832]LogModuleManager: Shutting down and abandoning module ProfilerService (480)
[2026.05.12-14.33.10:058][832]LogModuleManager: Shutting down and abandoning module TaskGraph (478)
[2026.05.12-14.33.10:058][832]LogModuleManager: Shutting down and abandoning module OculusInput (476)
[2026.05.12-14.33.10:058][832]LogModuleManager: Shutting down and abandoning module TakeMovieScene (474)
[2026.05.12-14.33.10:058][832]LogModuleManager: Shutting down and abandoning module Synthesis (472)
[2026.05.12-14.33.10:058][832]LogModuleManager: Shutting down and abandoning module ActorLayerUtilities (470)
[2026.05.12-14.33.10:058][832]LogModuleManager: Shutting down and abandoning module ProceduralMeshComponent (468)
[2026.05.12-14.33.10:058][832]LogModuleManager: Shutting down and abandoning module MobilePatchingUtils (466)
[2026.05.12-14.33.10:059][832]LogModuleManager: Shutting down and abandoning module CableComponent (464)
[2026.05.12-14.33.10:059][832]LogModuleManager: Shutting down and abandoning module GooglePAD (462)
[2026.05.12-14.33.10:059][832]LogModuleManager: Shutting down and abandoning module MediaCompositing (460)
[2026.05.12-14.33.10:059][832]LogModuleManager: Shutting down and abandoning module EditableMesh (458)
[2026.05.12-14.33.10:059][832]LogModuleManager: Shutting down and abandoning module CustomMeshComponent (456)
[2026.05.12-14.33.10:059][832]LogModuleManager: Shutting down and abandoning module ArchVisCharacter (454)
[2026.05.12-14.33.10:059][832]LogModuleManager: Shutting down and abandoning module AssetTags (452)
[2026.05.12-14.33.10:059][832]LogModuleManager: Shutting down and abandoning module AudioCapture (450)
[2026.05.12-14.33.10:059][832]LogModuleManager: Shutting down and abandoning module AudioCaptureRtAudio (449)
[2026.05.12-14.33.10:059][832]LogModuleManager: Shutting down and abandoning module AppleImageUtilsBlueprintSupport (446)
[2026.05.12-14.33.10:059][832]LogModuleManager: Shutting down and abandoning module AppleImageUtils (444)
[2026.05.12-14.33.10:059][832]LogModuleManager: Shutting down and abandoning module AndroidPermission (442)
[2026.05.12-14.33.10:059][832]LogModuleManager: Shutting down and abandoning module TemplateSequence (440)
[2026.05.12-14.33.10:059][832]LogModuleManager: Shutting down and abandoning module MagicLeapSharedWorld (438)
[2026.05.12-14.33.10:059][832]LogModuleManager: Shutting down and abandoning module MagicLeapLightEstimation (436)
[2026.05.12-14.33.10:059][832]LogModuleManager: Shutting down and abandoning module MagicLeapHelperVulkan (434)
[2026.05.12-14.33.10:059][832]LogModuleManager: Shutting down and abandoning module MagicLeapHelperOpenGL (432)
[2026.05.12-14.33.10:059][832]LogModuleManager: Shutting down and abandoning module MagicLeapAudio (430)
[2026.05.12-14.33.10:059][832]LogModuleManager: Shutting down and abandoning module ImgMedia (428)
[2026.05.12-14.33.10:059][832]LogModuleManager: Shutting down and abandoning module GeometryCacheTracks (426)
[2026.05.12-14.33.10:059][832]LogModuleManager: Shutting down and abandoning module GeometryCacheSequencer (425)
[2026.05.12-14.33.10:059][832]LogModuleManager: Shutting down and abandoning module GeometryCache (422)
[2026.05.12-14.33.10:059][832]LogModuleManager: Shutting down and abandoning module GeometryCacheEd (421)
[2026.05.12-14.33.10:059][832]LogModuleManager: Shutting down and abandoning module MotoSynth (418)
[2026.05.12-14.33.10:059][832]LogModuleManager: Shutting down and abandoning module OpenImageDenoise (416)
[2026.05.12-14.33.10:059][832]LogOpenImageDenoise: OIDN shutting down
[2026.05.12-14.33.10:059][832]LogModuleManager: Shutting down and abandoning module MeshConversion (414)
[2026.05.12-14.33.10:059][832]LogModuleManager: Shutting down and abandoning module DynamicMesh (412)
[2026.05.12-14.33.10:059][832]LogModuleManager: Shutting down and abandoning module GeometryAlgorithms (410)
[2026.05.12-14.33.10:059][832]LogModuleManager: Shutting down and abandoning module GeometricObjects (408)
[2026.05.12-14.33.10:059][832]LogModuleManager: Shutting down and abandoning module GeometryCollectionTracks (406)
[2026.05.12-14.33.10:060][832]LogModuleManager: Shutting down and abandoning module GeometryCollectionSequencer (405)
[2026.05.12-14.33.10:060][832]LogModuleManager: Shutting down and abandoning module ChaosNiagara (402)
[2026.05.12-14.33.10:060][832]LogModuleManager: Shutting down and abandoning module FieldSystemEngine (401)
[2026.05.12-14.33.10:060][832]LogModuleManager: Shutting down and abandoning module AutomationUtils (398)
[2026.05.12-14.33.10:060][832]LogModuleManager: Shutting down and abandoning module BackChannel (396)
[2026.05.12-14.33.10:060][832]LogModuleManager: Shutting down and abandoning module VisualStudioSourceCodeAccess (394)
[2026.05.12-14.33.10:060][832]LogModuleManager: Shutting down and abandoning module HotReload (393)
[2026.05.12-14.33.10:060][832]LogModuleManager: Shutting down and abandoning module SubversionSourceControl (390)
[2026.05.12-14.33.10:060][832]LogModuleManager: Shutting down and abandoning module VisualStudioCodeSourceCodeAccess (388)
[2026.05.12-14.33.10:060][832]LogModuleManager: Shutting down and abandoning module UObjectPlugin (386)
[2026.05.12-14.33.10:060][832]LogModuleManager: Shutting down and abandoning module PerforceSourceControl (384)
[2026.05.12-14.33.10:060][832]LogModuleManager: Shutting down and abandoning module SourceControl (383)
[2026.05.12-14.33.10:060][832]LogModuleManager: Shutting down and abandoning module CLionSourceCodeAccess (380)
[2026.05.12-14.33.10:060][832]LogModuleManager: Shutting down and abandoning module OodleNetworkHandlerComponent (378)
[2026.05.12-14.33.10:060][832]LogModuleManager: Shutting down and abandoning module LiveLinkSequencer (376)
[2026.05.12-14.33.10:060][832]LogModuleManager: Shutting down and abandoning module LiveLinkMovieScene (374)
[2026.05.12-14.33.10:060][832]LogModuleManager: Shutting down and abandoning module LiveLinkGraphNode (372)
[2026.05.12-14.33.10:060][832]LogModuleManager: Shutting down and abandoning module LiveLinkComponents (370)
[2026.05.12-14.33.10:060][832]LogModuleManager: Shutting down and abandoning module LiveLink (368)
[2026.05.12-14.33.10:493][832]LogModuleManager: Shutting down and abandoning module testTP (366)
[2026.05.12-14.33.10:493][832]LogModuleManager: Shutting down and abandoning module AkAudio (364)
[2026.05.12-14.33.10:521][832]LogInit: Audiokinetic Audio Device terminated.
[2026.05.12-14.33.10:521][832]LogModuleManager: Shutting down and abandoning module RuntimePhysXCooking (362)
[2026.05.12-14.33.10:521][832]LogModuleManager: Shutting down and abandoning module SignificanceManager (360)
[2026.05.12-14.33.10:521][832]LogModuleManager: Shutting down and abandoning module SoundFields (358)
[2026.05.12-14.33.10:521][832]LogModuleManager: Shutting down and abandoning module PropertyAccessEditor (356)
[2026.05.12-14.33.10:521][832]LogModuleManager: Shutting down and abandoning module PhysXVehiclesEditor (354)
[2026.05.12-14.33.10:521][832]LogModuleManager: Shutting down and abandoning module LocationServicesBPLibrary (350)
[2026.05.12-14.33.10:521][832]LogModuleManager: Shutting down and abandoning module UdpMessaging (348)
[2026.05.12-14.33.10:521][832]LogModuleManager: Shutting down and abandoning module TcpMessaging (346)
[2026.05.12-14.33.10:522][832]LogModuleManager: Shutting down and abandoning module AudioSynesthesia (344)
[2026.05.12-14.33.10:522][832]LogModuleManager: Shutting down and abandoning module AudioSynesthesiaCore (342)
[2026.05.12-14.33.10:522][832]LogModuleManager: Shutting down and abandoning module ActorSequence (340)
[2026.05.12-14.33.10:522][832]LogModuleManager: Shutting down and abandoning module MagicLeapARPin (338)
[2026.05.12-14.33.10:522][832]LogModuleManager: Shutting down and abandoning module MagicLeapHandMeshing (336)
[2026.05.12-14.33.10:522][832]LogModuleManager: Shutting down and abandoning module MagicLeapSecureStorage (334)
[2026.05.12-14.33.10:522][832]LogModuleManager: Shutting down and abandoning module MagicLeapPrivileges (332)
[2026.05.12-14.33.10:522][832]LogModuleManager: Shutting down and abandoning module MagicLeapPlanes (330)
[2026.05.12-14.33.10:522][832]LogMagicLeapPlanes: Planes tracker already destroyed.
[2026.05.12-14.33.10:522][832]LogModuleManager: Shutting down and abandoning module MagicLeapImageTracker (328)
[2026.05.12-14.33.10:522][832]LogModuleManager: Shutting down and abandoning module MagicLeapIdentity (326)
[2026.05.12-14.33.10:522][832]LogModuleManager: Shutting down and abandoning module MagicLeapHandTracking (324)
[2026.05.12-14.33.10:522][832]LogModuleManager: Shutting down and abandoning module MagicLeapEyeTracker (322)
[2026.05.12-14.33.10:523][832]LogModuleManager: Shutting down and abandoning module MagicLeapController (320)
[2026.05.12-14.33.10:523][832]LogModuleManager: Shutting down and abandoning module MagicLeapARPinImpl (318)
[2026.05.12-14.33.10:523][832]LogModuleManager: Shutting down and abandoning module MagicLeapAR (316)
[2026.05.12-14.33.10:523][832]LogModuleManager: Shutting down and abandoning module ImgMediaEngine (314)
[2026.05.12-14.33.10:523][832]LogModuleManager: Shutting down and abandoning module PythonScriptPlugin (312)
[2026.05.12-14.33.10:523][832]LogModuleManager: Shutting down and abandoning module PropertyAccessNode (310)
[2026.05.12-14.33.10:523][832]LogModuleManager: Shutting down and abandoning module NiagaraAnimNotifies (308)
[2026.05.12-14.33.10:523][832]LogModuleManager: Shutting down and abandoning module Niagara (306)
[2026.05.12-14.33.10:523][832]LogModuleManager: Shutting down and abandoning module SignalProcessing (305)
[2026.05.12-14.33.10:523][832]LogModuleManager: Shutting down and abandoning module NiagaraEditor (303)
[2026.05.12-14.33.10:523][832]LogModuleManager: Shutting down and abandoning module ContentBrowser (302)
[2026.05.12-14.33.10:523][832]LogModuleManager: Shutting down and abandoning module CollectionManager (301)
[2026.05.12-14.33.10:525][832]LogModuleManager: Shutting down and abandoning module DirectoryWatcher (300)
[2026.05.12-14.33.10:525][832]LogModuleManager: Shutting down and abandoning module ContentBrowserData (297)
[2026.05.12-14.33.10:525][832]LogModuleManager: Shutting down and abandoning module NiagaraCore (292)
[2026.05.12-14.33.10:525][832]LogModuleManager: Shutting down and abandoning module AnimationSharing (290)
[2026.05.12-14.33.10:525][832]LogModuleManager: Shutting down and abandoning module LightPropagationVolumeRuntime (288)
[2026.05.12-14.33.10:525][832]LogModuleManager: Shutting down and abandoning module GameplayTagsEditor (286)
[2026.05.12-14.33.10:525][832]LogModuleManager: Shutting down and abandoning module FacialAnimation (284)
[2026.05.12-14.33.10:525][832]LogModuleManager: Shutting down and abandoning module EnvironmentQueryEditor (282)
[2026.05.12-14.33.10:526][832]LogModuleManager: Shutting down and abandoning module GameplayCameras (280)
[2026.05.12-14.33.10:526][832]LogModuleManager: Shutting down and abandoning module AssetManagerEditor (278)
[2026.05.12-14.33.10:526][832]LogModuleManager: Shutting down and abandoning module TreeMap (277)
[2026.05.12-14.33.10:526][832]LogModuleManager: Shutting down and abandoning module Paper2D (274)
[2026.05.12-14.33.10:526][832]LogModuleManager: Shutting down and abandoning module WindowsMoviePlayer (272)
[2026.05.12-14.33.10:527][832]LogModuleManager: Shutting down and abandoning module WebMMoviePlayer (270)
[2026.05.12-14.33.10:527][832]LogModuleManager: Shutting down and abandoning module NetworkReplayStreaming (268)
[2026.05.12-14.33.10:527][832]LogModuleManager: Shutting down and abandoning module PacketHandler (266)
[2026.05.12-14.33.10:527][832]LogModuleManager: Shutting down and abandoning module ClothingSystemEditor (264)
[2026.05.12-14.33.10:527][832]LogModuleManager: Shutting down and abandoning module ClothingSystemRuntimeNv (262)
[2026.05.12-14.33.10:527][832]LogModuleManager: Shutting down and abandoning module MediaAssets (260)
[2026.05.12-14.33.10:527][832]LogModuleManager: Shutting down and abandoning module Overlay (258)
[2026.05.12-14.33.10:528][832]LogModuleManager: Shutting down and abandoning module OverlayEditor (257)
[2026.05.12-14.33.10:528][832]LogModuleManager: Shutting down and abandoning module VREditor (254)
[2026.05.12-14.33.10:528][832]LogModuleManager: Shutting down and abandoning module StringTableEditor (252)
[2026.05.12-14.33.10:528][832]LogModuleManager: Shutting down and abandoning module GameplayTasksEditor (250)
[2026.05.12-14.33.10:528][832]LogModuleManager: Shutting down and abandoning module BehaviorTreeEditor (248)
[2026.05.12-14.33.10:528][832]LogModuleManager: Shutting down and abandoning module FunctionalTesting (246)
[2026.05.12-14.33.10:528][832]LogModuleManager: Shutting down and abandoning module CollisionAnalyzer (244)
[2026.05.12-14.33.10:528][832]LogModuleManager: Shutting down and abandoning module WorkspaceMenuStructure (243)
[2026.05.12-14.33.10:528][832]LogModuleManager: Shutting down and abandoning module UMG (240)
[2026.05.12-14.33.10:528][832]LogModuleManager: Shutting down and abandoning module UMGEditor (239)
[2026.05.12-14.33.10:528][832]LogModuleManager: Shutting down and abandoning module Sequencer (238)
[2026.05.12-14.33.10:529][832]LogModuleManager: Shutting down and abandoning module MessageLog (235)
[2026.05.12-14.33.10:530][832]LogModuleManager: Shutting down and abandoning module SlateReflector (230)
[2026.05.12-14.33.10:530][832]LogModuleManager: Shutting down and abandoning module Slate (228)
[2026.05.12-14.33.10:530][832]LogModuleManager: Shutting down and abandoning module SlateCore (226)
[2026.05.12-14.33.10:532][832]LogModuleManager: Shutting down and abandoning module LandscapeEditorUtilities (224)
[2026.05.12-14.33.10:532][832]LogModuleManager: Shutting down and abandoning module UnrealEd (222)
[2026.05.12-14.33.10:532][832]LogModuleManager: Shutting down and abandoning module MRMesh (220)
[2026.05.12-14.33.10:532][832]LogModuleManager: Shutting down and abandoning module Messaging (218)
[2026.05.12-14.33.10:532][832]LogModuleManager: Shutting down and abandoning module SourceCodeAccess (216)
[2026.05.12-14.33.10:532][832]LogModuleManager: Shutting down and abandoning module HeadMountedDisplay (214)
[2026.05.12-14.33.10:532][832]LogModuleManager: Shutting down and abandoning module XAudio2 (212)
[2026.05.12-14.33.10:532][832]LogModuleManager: Shutting down and abandoning module Networking (210)
[2026.05.12-14.33.10:532][832]LogModuleManager: Shutting down and abandoning module Core (208)
[2026.05.12-14.33.10:532][832]LogModuleManager: Shutting down and abandoning module MaterialEditor (206)
[2026.05.12-14.33.10:532][832]LogModuleManager: Shutting down and abandoning module MovieSceneTools (204)
[2026.05.12-14.33.10:533][832]LogModuleManager: Shutting down and abandoning module EditorStyle (203)
[2026.05.12-14.33.10:533][832]LogModuleManager: Shutting down and abandoning module KismetCompiler (200)
[2026.05.12-14.33.10:533][832]LogModuleManager: Shutting down and abandoning module MeshBuilder (198)
[2026.05.12-14.33.10:533][832]LogModuleManager: Shutting down and abandoning module MeshUtilities (196)
[2026.05.12-14.33.10:533][832]LogModuleManager: Shutting down and abandoning module MeshMergeUtilities (195)
[2026.05.12-14.33.10:533][832]LogModuleManager: Shutting down and abandoning module MeshReductionInterface (194)
[2026.05.12-14.33.10:533][832]LogModuleManager: Shutting down and abandoning module MeshBoneReduction (193)
[2026.05.12-14.33.10:533][832]LogModuleManager: Shutting down and abandoning module SkeletalMeshReduction (191)
[2026.05.12-14.33.10:533][832]LogModuleManager: Shutting down and abandoning module ProxyLODMeshReduction (189)
[2026.05.12-14.33.10:533][832]LogModuleManager: Shutting down and abandoning module QuadricMeshReduction (187)
[2026.05.12-14.33.10:533][832]LogModuleManager: Shutting down and abandoning module MaterialBaking (183)
[2026.05.12-14.33.10:535][832]LogModuleManager: Shutting down and abandoning module NullInstallBundleManager (178)
[2026.05.12-14.33.10:535][832]LogModuleManager: Shutting down and abandoning module PIEPreviewDeviceProfileSelector (176)
[2026.05.12-14.33.10:535][832]LogModuleManager: Shutting down and abandoning module DerivedDataCache (174)
[2026.05.12-14.33.10:535][832]LogModuleManager: Shutting down and abandoning module TargetPlatform (172)
[2026.05.12-14.33.10:535][832]LogModuleManager: Shutting down and abandoning module VulkanShaderFormat (171)
[2026.05.12-14.33.10:535][832]LogModuleManager: Shutting down and abandoning module ShaderFormatVectorVM (169)
[2026.05.12-14.33.10:535][832]LogModuleManager: Shutting down and abandoning module ShaderFormatOpenGL (167)
[2026.05.12-14.33.10:535][832]LogModuleManager: Shutting down and abandoning module ShaderFormatD3D (165)
[2026.05.12-14.33.10:535][832]LogModuleManager: Shutting down and abandoning module MetalShaderFormat (163)
[2026.05.12-14.33.10:535][832]LogModuleManager: Shutting down and abandoning module TextureFormatOodle (161)
[2026.05.12-14.33.10:535][832]LogModuleManager: Shutting down and abandoning module TextureFormatUncompressed (159)
[2026.05.12-14.33.10:535][832]LogModuleManager: Shutting down and abandoning module TextureFormatPVR (157)
[2026.05.12-14.33.10:535][832]LogModuleManager: Shutting down and abandoning module TextureFormatETC2 (155)
[2026.05.12-14.33.10:535][832]LogModuleManager: Shutting down and abandoning module TextureFormatDXT (153)
[2026.05.12-14.33.10:535][832]LogModuleManager: Shutting down and abandoning module TextureFormatIntelISPCTexComp (151)
[2026.05.12-14.33.10:536][832]LogModuleManager: Shutting down and abandoning module TextureFormatASTC (149)
[2026.05.12-14.33.10:536][832]LogModuleManager: Shutting down and abandoning module ImageWrapper (148)
[2026.05.12-14.33.10:536][832]LogModuleManager: Shutting down and abandoning module AudioFormatOpus (145)
[2026.05.12-14.33.10:536][832]LogModuleManager: Shutting down and abandoning module AudioFormatOgg (143)
[2026.05.12-14.33.10:536][832]LogModuleManager: Shutting down and abandoning module AudioFormatADPCM (141)
[2026.05.12-14.33.10:536][832]LogModuleManager: Shutting down and abandoning module WindowsServerTargetPlatform (139)
[2026.05.12-14.33.10:536][832]LogModuleManager: Shutting down and abandoning module WindowsClientTargetPlatform (137)
[2026.05.12-14.33.10:536][832]LogModuleManager: Shutting down and abandoning module WindowsTargetPlatform (135)
[2026.05.12-14.33.10:536][832]LogModuleManager: Shutting down and abandoning module WindowsNoEditorTargetPlatform (133)
[2026.05.12-14.33.10:536][832]LogModuleManager: Shutting down and abandoning module D3D11RHI (130)
[2026.05.12-14.33.10:536][832]LogModuleManager: Shutting down and abandoning module InputCore (128)
[2026.05.12-14.33.10:536][832]LogModuleManager: Shutting down and abandoning module Settings (126)
[2026.05.12-14.33.10:536][832]LogModuleManager: Shutting down and abandoning module PhysXCooking (124)
[2026.05.12-14.33.10:536][832]LogModuleManager: Shutting down and abandoning module Chaos (122)
[2026.05.12-14.33.10:537][832]LogModuleManager: Shutting down and abandoning module WindowsPlatformFeatures (120)
[2026.05.12-14.33.10:537][832]LogModuleManager: Shutting down and abandoning module GameplayMediaEncoder (119)
[2026.05.12-14.33.10:537][832]LogModuleManager: Shutting down and abandoning module AVEncoder (118)
[2026.05.12-14.33.10:537][832]LogModuleManager: Shutting down and abandoning module SteamVRInputDevice (114)
[2026.05.12-14.33.10:537][832]LogModuleManager: Shutting down and abandoning module SteamVRInput (112)
[2026.05.12-14.33.10:537][832]LogModuleManager: Shutting down and abandoning module SteamVR (110)
[2026.05.12-14.33.10:537][832]LogHMD: Freeing OpenVRDLLHandle.
[2026.05.12-14.33.10:537][832]LogModuleManager: Shutting down and abandoning module OculusHMD (108)
[2026.05.12-14.33.10:537][832]LogModuleManager: Shutting down and abandoning module LauncherChunkInstaller (106)
[2026.05.12-14.33.10:537][832]LogModuleManager: Shutting down and abandoning module OpenXRHandTracking (104)
[2026.05.12-14.33.10:537][832]LogSlate: Slate User Destroyed.  User Index 0, Is Virtual User: 0
[2026.05.12-14.33.10:537][832]LogModuleManager: Shutting down and abandoning module OpenXREyeTracker (102)
[2026.05.12-14.33.10:537][832]LogModuleManager: Shutting down and abandoning module OpenXRAR (100)
[2026.05.12-14.33.10:538][832]LogModuleManager: Shutting down and abandoning module AugmentedReality (99)
[2026.05.12-14.33.10:538][832]LogModuleManager: Shutting down and abandoning module OpenXRHMD (96)
[2026.05.12-14.33.10:538][832]LogModuleManager: Shutting down and abandoning module ExampleDeviceProfileSelector (94)
[2026.05.12-14.33.10:538][832]LogModuleManager: Shutting down and abandoning module ChunkDownloader (92)
[2026.05.12-14.33.10:538][832]LogModuleManager: Shutting down and abandoning module OnlineSubsystem (90)
[2026.05.12-14.33.10:539][832]LogModuleManager: Shutting down and abandoning module XMPP (85)
[2026.05.12-14.33.10:539][832]LogModuleManager: Shutting down and abandoning module WebSockets (84)
[2026.05.12-14.33.10:563][832]LogModuleManager: Shutting down and abandoning module HTTP (81)
[2026.05.12-14.33.10:563][832]LogHttp: Display: cleaning up 0 outstanding Http requests.
[2026.05.12-14.33.10:595][832]LogModuleManager: Shutting down and abandoning module SSL (80)
[2026.05.12-14.33.10:596][832]LogModuleManager: Shutting down and abandoning module OnlineBlueprintSupport (76)
[2026.05.12-14.33.10:596][832]LogModuleManager: Shutting down and abandoning module VariantManagerContent (72)
[2026.05.12-14.33.10:596][832]LogModuleManager: Shutting down and abandoning module MLSDK (70)
[2026.05.12-14.33.10:596][832]LogModuleManager: Shutting down and abandoning module MagicLeap (68)
[2026.05.12-14.33.10:596][832]LogModuleManager: Shutting down and abandoning module WmfMedia (66)
[2026.05.12-14.33.10:597][832]LogModuleManager: Shutting down and abandoning module Media (65)
[2026.05.12-14.33.10:597][832]LogModuleManager: Shutting down and abandoning module MediaInfo (64)
[2026.05.12-14.33.10:598][832]LogModuleManager: Shutting down and abandoning module ExrReaderGpu (60)
[2026.05.12-14.33.10:598][832]LogModuleManager: Shutting down and abandoning module DatasmithContent (58)
[2026.05.12-14.33.10:598][832]LogModuleManager: Shutting down and abandoning module ChaosCloth (56)
[2026.05.12-14.33.10:598][832]LogModuleManager: Shutting down and abandoning module PixWinPlugin (54)
[2026.05.12-14.33.10:598][832]LogModuleManager: Shutting down and abandoning module NiagaraVertexFactories (52)
[2026.05.12-14.33.10:598][832]LogModuleManager: Shutting down and abandoning module NiagaraShader (50)
[2026.05.12-14.33.10:598][832]LogModuleManager: Shutting down and abandoning module AISupportModule (48)
[2026.05.12-14.33.10:598][832]LogModuleManager: Shutting down and abandoning module PythonScriptPluginPreload (46)
[2026.05.12-14.33.10:598][832]LogModuleManager: Shutting down and abandoning module PlatformCryptoOpenSSL (44)
[2026.05.12-14.33.10:598][832]LogModuleManager: Shutting down and abandoning module PlatformCryptoTypes (42)
[2026.05.12-14.33.10:598][832]LogModuleManager: Shutting down and abandoning module PlatformCrypto (40)
[2026.05.12-14.33.10:598][832]LogModuleManager: Shutting down and abandoning module OodleDataCompressionFormat (38)
[2026.05.12-14.33.10:598][832]LogModuleManager: Shutting down and abandoning module XGEController (36)
[2026.05.12-14.33.10:598][832]LogXGEController: Cleaning working directory: C:/Users/kapil/AppData/Local/Temp/UnrealXGEWorkingDir/
[2026.05.12-14.33.10:598][832]LogModuleManager: Shutting down and abandoning module AnimationModifiers (34)
[2026.05.12-14.33.10:598][832]LogModuleManager: Shutting down and abandoning module AudioEditor (32)
[2026.05.12-14.33.10:598][832]LogModuleManager: Shutting down and abandoning module PropertyEditor (31)
[2026.05.12-14.33.10:598][832]LogModuleManager: Shutting down and abandoning module TextureCompressor (28)
[2026.05.12-14.33.10:598][832]LogModuleManager: Shutting down and abandoning module RenderCore (26)
[2026.05.12-14.33.10:598][832]LogModuleManager: Shutting down and abandoning module Landscape (24)
[2026.05.12-14.33.10:598][832]LogModuleManager: Shutting down and abandoning module SlateRHIRenderer (22)
[2026.05.12-14.33.10:599][832]LogModuleManager: Shutting down and abandoning module AnimGraphRuntime (20)
[2026.05.12-14.33.10:599][832]LogModuleManager: Shutting down and abandoning module Renderer (18)
[2026.05.12-14.33.10:599][832]LogModuleManager: Shutting down and abandoning module Engine (16)
[2026.05.12-14.33.10:599][832]LogModuleManager: Shutting down and abandoning module CoreUObject (14)
[2026.05.12-14.33.10:599][832]LogModuleManager: Shutting down and abandoning module NetworkFile (12)
[2026.05.12-14.33.10:599][832]LogModuleManager: Shutting down and abandoning module CookedIterativeFile (10)
[2026.05.12-14.33.10:599][832]LogModuleManager: Shutting down and abandoning module StreamingFile (8)
[2026.05.12-14.33.10:599][832]LogModuleManager: Shutting down and abandoning module SandboxFile (6)
[2026.05.12-14.33.10:599][832]LogModuleManager: Shutting down and abandoning module PakFile (4)
[2026.05.12-14.33.10:599][832]LogModuleManager: Shutting down and abandoning module RSA (3)
[2026.05.12-14.33.10:982][832]LogContentStreaming: Display: There are 1 unreleased StreamingManagers
[2026.05.12-14.33.10:998][832]LogD3D11RHI: Shutdown
[2026.05.12-14.33.10:998][832]LogD3D11RHI: CleanupD3DDevice
[2026.05.12-14.33.11:072][832]LogExit: Exiting.
[2026.05.12-14.33.11:074][832]Log file closed, 05/12/26 07:33:11
