[2026-05-12T07:32:25.8554839-07:00] DebugMonitor start, maxSeconds=1800
[2026-05-12T07:32:26.1335397-07:00] [pid=23672] Looking for binary: ../../../../../../Users/kapil/OneDrive/Documents/Unreal Projects/testTP/Config/BinaryConfig.ini
[2026-05-12T07:32:26.1335397-07:00] [pid=23672] LogWindows: Failed to load 'aqProf.dll' (GetLastError=126)
[2026-05-12T07:32:26.1335397-07:00] [pid=23672] LogWindows: File 'aqProf.dll' does not exist
[2026-05-12T07:32:26.1335397-07:00] [pid=23672] LogWindows: Failed to load 'VtuneApi.dll' (GetLastError=126)
[2026-05-12T07:32:26.1335397-07:00] [pid=23672] LogWindows: File 'VtuneApi.dll' does not exist
[2026-05-12T07:32:26.1335397-07:00] [pid=23672] LogWindows: Failed to load 'VtuneApi32e.dll' (GetLastError=126)
[2026-05-12T07:32:26.1335397-07:00] [pid=23672] LogWindows: File 'VtuneApi32e.dll' does not exist
[2026-05-12T07:32:26.1335397-07:00] [pid=23672] LogConsoleResponse: Display: Failed to find resolution value strings in scalability ini. Falling back to default.
[2026-05-12T07:32:26.1335397-07:00] [pid=23672] LogConsoleResponse: Display: Failed to find resolution value strings in scalability ini. Falling back to default.
[2026-05-12T07:32:26.1335397-07:00] [pid=23672] LogInit: Display: Running engine for game: testTP
[2026-05-12T07:32:26.1335397-07:00] [pid=23672] LogPlatformFile: Not using cached read wrapper
[2026-05-12T07:32:26.1335397-07:00] [pid=23672] LogTaskGraph: Started task graph with 5 named threads and 59 total threads with 3 sets of task threads.
[2026-05-12T07:32:26.1335397-07:00] [pid=23672] LogStats: Stats thread started at 0.239683
[2026-05-12T07:32:26.1335397-07:00] [pid=23672] LogICUInternationalization: ICU TimeZone Detection - Raw Offset: -8:00, Platform Override: ''
[2026-05-12T07:32:26.1335397-07:00] [pid=23672] LogInit: Display: Loading text-based GConfig....
[2026-05-12T07:32:26.1838578-07:00] [pid=23672] LogPluginManager: Mounting plugin MeshPainting
[2026-05-12T07:32:26.1853696-07:00] [pid=23672] LogPluginManager: Mounting plugin XGEController
[2026-05-12T07:32:26.1853696-07:00] [pid=23672] LogPluginManager: Mounting plugin Paper2D
[2026-05-12T07:32:26.1873904-07:00] [pid=23672] LogPluginManager: Mounting plugin LiveLink
[2026-05-12T07:32:26.1888948-07:00] [pid=23672] LogPluginManager: Mounting plugin AssetManagerEditor
[2026-05-12T07:32:26.1899022-07:00] [pid=23672] LogPluginManager: Mounting plugin GameplayCameras
[2026-05-12T07:32:26.1909127-07:00] [pid=23672] LogPluginManager: Mounting plugin CameraShakePreviewer
[2026-05-12T07:32:26.1909127-07:00] [pid=23672] LogPluginManager: Mounting plugin EnvironmentQueryEditor
[2026-05-12T07:32:26.1919125-07:00] [pid=23672] LogPluginManager: Mounting plugin CryptoKeys
[2026-05-12T07:32:26.1929124-07:00] [pid=23672] LogPluginManager: Mounting plugin AISupport
[2026-05-12T07:32:26.1939121-07:00] [pid=23672] LogPluginManager: Mounting plugin CurveEditorTools
[2026-05-12T07:32:26.1939121-07:00] [pid=23672] LogPluginManager: Mounting plugin DataValidation
[2026-05-12T07:32:26.1954245-07:00] [pid=23672] LogPluginManager: Mounting plugin GeometryMode
[2026-05-12T07:32:26.1954245-07:00] [pid=23672] LogPluginManager: Mounting plugin FacialAnimation
[2026-05-12T07:32:26.1964455-07:00] [pid=23672] LogPluginManager: Mounting plugin GameplayTagsEditor
[2026-05-12T07:32:26.1964455-07:00] [pid=23672] LogPluginManager: Mounting plugin MacGraphicsSwitching
[2026-05-12T07:32:26.1979579-07:00] [pid=23672] LogPluginManager: Mounting plugin MobileLauncherProfileWizard
[2026-05-12T07:32:26.1989726-07:00] [pid=23672] LogPluginManager: Mounting plugin MaterialAnalyzer
[2026-05-12T07:32:26.1999722-07:00] [pid=23672] LogPluginManager: Mounting plugin PluginBrowser
[2026-05-12T07:32:26.1999722-07:00] [pid=23672] LogPluginManager: Mounting plugin LightPropagationVolume
[2026-05-12T07:32:26.2009870-07:00] [pid=23672] LogPluginManager: Mounting plugin OodleNetwork
[2026-05-12T07:32:26.2009870-07:00] [pid=23672] LogPluginManager: Mounting plugin OodleData
[2026-05-12T07:32:26.2019766-07:00] [pid=23672] LogPluginManager: Mounting plugin SpeedTreeImporter
[2026-05-12T07:32:26.2029845-07:00] [pid=23672] LogPluginManager: Mounting plugin AnimationSharing
[2026-05-12T07:32:26.2029845-07:00] [pid=23672] LogPluginManager: Mounting plugin GitSourceControl
[2026-05-12T07:32:26.2039768-07:00] [pid=23672] LogPluginManager: Mounting plugin CLionSourceCodeAccess
[2026-05-12T07:32:26.2049843-07:00] [pid=23672] LogPluginManager: Mounting plugin CodeLiteSourceCodeAccess
[2026-05-12T07:32:26.2049843-07:00] [pid=23672] LogPluginManager: Mounting plugin KDevelopSourceCodeAccess
[2026-05-12T07:32:26.2059886-07:00] [pid=23672] LogPluginManager: Mounting plugin NullSourceCodeAccess
[2026-05-12T07:32:26.2069964-07:00] [pid=23672] LogPluginManager: Mounting plugin Niagara
[2026-05-12T07:32:26.2084987-07:00] [pid=23672] LogPluginManager: Mounting plugin PixWinPlugin
[2026-05-12T07:32:26.2084987-07:00] [pid=23672] LogPluginManager: Mounting plugin PerforceSourceControl
[2026-05-12T07:32:26.2095058-07:00] [pid=23672] LogPluginManager: Mounting plugin PluginUtils
[2026-05-12T07:32:26.2105156-07:00] [pid=23672] LogPluginManager: Mounting plugin PlasticSourceControl
[2026-05-12T07:32:26.2105156-07:00] [pid=23672] LogPluginManager: Mounting plugin PropertyAccessNode
[2026-05-12T07:32:26.2115155-07:00] [pid=23672] LogPluginManager: Mounting plugin RiderSourceCodeAccess
[2026-05-12T07:32:26.2125156-07:00] [pid=23672] LogPluginManager: Mounting plugin UObjectPlugin
[2026-05-12T07:32:26.2125156-07:00] [pid=23672] LogPluginManager: Mounting plugin VisualStudioCodeSourceCodeAccess
[2026-05-12T07:32:26.2135155-07:00] [pid=23672] LogPluginManager: Mounting plugin SubversionSourceControl
[2026-05-12T07:32:26.2135155-07:00] [pid=23672] LogPluginManager: Mounting plugin XCodeSourceCodeAccess
[2026-05-12T07:32:26.2150273-07:00] [pid=23672] LogPluginManager: Mounting plugin AlembicImporter
[2026-05-12T07:32:26.2150273-07:00] [pid=23672] LogPluginManager: Mounting plugin VisualStudioSourceCodeAccess
[2026-05-12T07:32:26.2160410-07:00] [pid=23672] LogPluginManager: Mounting plugin TextureFormatOodle
[2026-05-12T07:32:26.2170473-07:00] [pid=23672] LogPluginManager: Mounting plugin BackChannel
[2026-05-12T07:32:26.2170473-07:00] [pid=23672] LogPluginManager: Mounting plugin AutomationUtils
[2026-05-12T07:32:26.2180409-07:00] [pid=23672] LogPluginManager: Mounting plugin ChaosClothEditor
[2026-05-12T07:32:26.2185508-07:00] [pid=23672] LogPluginManager: Mounting plugin CharacterAI
[2026-05-12T07:32:26.2195584-07:00] [pid=23672] LogPluginManager: Mounting plugin ChaosSolverPlugin
[2026-05-12T07:32:26.2195584-07:00] [pid=23672] LogPluginManager: Mounting plugin ChaosNiagara
[2026-05-12T07:32:26.2205679-07:00] [pid=23672] LogPluginManager: Mounting plugin GeometryCollectionPlugin
[2026-05-12T07:32:26.2205679-07:00] [pid=23672] LogPluginManager: Mounting plugin GeometryProcessing
[2026-05-12T07:32:26.2215682-07:00] [pid=23672] LogPluginManager: Mounting plugin OpenImageDenoise
[2026-05-12T07:32:26.2225631-07:00] [pid=23672] LogPluginManager: Mounting plugin MotoSynth
[2026-05-12T07:32:26.2235687-07:00] [pid=23672] LogPluginManager: Mounting plugin PlanarCut
[2026-05-12T07:32:26.2235687-07:00] [pid=23672] LogPluginManager: Mounting plugin GeometryCache
[2026-05-12T07:32:26.2250808-07:00] [pid=23672] LogPluginManager: Mounting plugin PlatformCrypto
[2026-05-12T07:32:26.2250808-07:00] [pid=23672] LogPluginManager: Mounting plugin PythonScriptPlugin
[2026-05-12T07:32:26.2260948-07:00] [pid=23672] LogPluginManager: Mounting plugin ProxyLODPlugin
[2026-05-12T07:32:26.2271012-07:00] [pid=23672] LogPluginManager: Mounting plugin AvfMedia
[2026-05-12T07:32:26.2271012-07:00] [pid=23672] LogPluginManager: Mounting plugin ChaosCloth
[2026-05-12T07:32:26.2280943-07:00] [pid=23672] LogPluginManager: Mounting plugin SkeletalReduction
[2026-05-12T07:32:26.2286041-07:00] [pid=23672] LogPluginManager: Mounting plugin ChaosEditor
[2026-05-12T07:32:26.2296113-07:00] [pid=23672] LogPluginManager: Mounting plugin DatasmithContent
[2026-05-12T07:32:26.2296113-07:00] [pid=23672] LogPluginManager: Mounting plugin ImgMedia
[2026-05-12T07:32:26.2306138-07:00] [pid=23672] LogPluginManager: Mounting plugin WebMMedia
[2026-05-12T07:32:26.2306138-07:00] [pid=23672] LogPluginManager: Mounting plugin MediaPlayerEditor
[2026-05-12T07:32:26.2316207-07:00] [pid=23672] LogPluginManager: Mounting plugin WmfMedia
[2026-05-12T07:32:26.2326211-07:00] [pid=23672] LogPluginManager: Mounting plugin LuminPlatformFeatures
[2026-05-12T07:32:26.2326211-07:00] [pid=23672] LogPluginManager: Mounting plugin MagicLeap
[2026-05-12T07:32:26.2336209-07:00] [pid=23672] LogPluginManager: Mounting plugin MagicLeapLightEstimation
[2026-05-12T07:32:26.2361367-07:00] [pid=23672] LogPluginManager: Mounting plugin MagicLeapMedia
[2026-05-12T07:32:26.2361367-07:00] [pid=23672] LogPluginManager: Mounting plugin MagicLeapPassableWorld
[2026-05-12T07:32:26.2371301-07:00] [pid=23672] LogPluginManager: Mounting plugin MLSDK
[2026-05-12T07:32:26.2381435-07:00] [pid=23672] LogPluginManager: Mounting plugin ActorSequence
[2026-05-12T07:32:26.2386541-07:00] [pid=23672] LogPluginManager: Mounting plugin AndroidMedia
[2026-05-12T07:32:26.2386541-07:00] [pid=23672] LogPluginManager: Mounting plugin LevelSequenceEditor
[2026-05-12T07:32:26.2396640-07:00] [pid=23672] LogPluginManager: Mounting plugin VariantManagerContent
[2026-05-12T07:32:26.2406897-07:00] [pid=23672] LogPluginManager: Mounting plugin MatineeToLevelSequence
[2026-05-12T07:32:26.2416760-07:00] [pid=23672] LogPluginManager: Mounting plugin TemplateSequence
[2026-05-12T07:32:26.2416760-07:00] [pid=23672] LogPluginManager: Mounting plugin OnlineSubsystemUtils
[2026-05-12T07:32:26.2426678-07:00] [pid=23672] LogPluginManager: Mounting plugin OnlineSubsystemNull
[2026-05-12T07:32:26.2436771-07:00] [pid=23672] LogPluginManager: Mounting plugin AndroidDeviceProfileSelector
[2026-05-12T07:32:26.2436771-07:00] [pid=23672] LogPluginManager: Mounting plugin OnlineSubsystem
[2026-05-12T07:32:26.2436771-07:00] [pid=23672] LogPluginManager: Mounting plugin AndroidPermission
[2026-05-12T07:32:26.2451829-07:00] [pid=23672] LogPluginManager: Mounting plugin AndroidMoviePlayer
[2026-05-12T07:32:26.2461951-07:00] [pid=23672] LogPluginManager: Mounting plugin AppleMoviePlayer
[2026-05-12T07:32:26.2461951-07:00] [pid=23672] LogPluginManager: Mounting plugin AppleImageUtils
[2026-05-12T07:32:26.2471956-07:00] [pid=23672] LogPluginManager: Mounting plugin AudioCapture
[2026-05-12T07:32:26.2481979-07:00] [pid=23672] LogPluginManager: Mounting plugin AssetTags
[2026-05-12T07:32:26.2487019-07:00] [pid=23672] LogPluginManager: Mounting plugin ArchVisCharacter
[2026-05-12T07:32:26.2487019-07:00] [pid=23672] LogPluginManager: Mounting plugin AudioSynesthesia
[2026-05-12T07:32:26.2497124-07:00] [pid=23672] LogPluginManager: Mounting plugin ChunkDownloader
[2026-05-12T07:32:26.2507214-07:00] [pid=23672] LogPluginManager: Mounting plugin CustomMeshComponent
[2026-05-12T07:32:26.2507214-07:00] [pid=23672] LogPluginManager: Mounting plugin EditableMesh
[2026-05-12T07:32:26.2517198-07:00] [pid=23672] LogPluginManager: Mounting plugin MediaCompositing
[2026-05-12T07:32:26.2527225-07:00] [pid=23672] LogPluginManager: Mounting plugin ExampleDeviceProfileSelector
[2026-05-12T07:32:26.2527225-07:00] [pid=23672] LogPluginManager: Mounting plugin TcpMessaging
[2026-05-12T07:32:26.2537206-07:00] [pid=23672] LogPluginManager: Mounting plugin UdpMessaging
[2026-05-12T07:32:26.2537206-07:00] [pid=23672] LogPluginManager: Mounting plugin GoogleCloudMessaging
[2026-05-12T07:32:26.2552294-07:00] [pid=23672] LogPluginManager: Mounting plugin ScreenshotTools
[2026-05-12T07:32:26.2552294-07:00] [pid=23672] LogPluginManager: Mounting plugin GooglePAD
[2026-05-12T07:32:26.2562460-07:00] [pid=23672] LogPluginManager: Mounting plugin CableComponent
[2026-05-12T07:32:26.2572525-07:00] [pid=23672] LogPluginManager: Mounting plugin LinuxDeviceProfileSelector
[2026-05-12T07:32:26.2572525-07:00] [pid=23672] LogPluginManager: Mounting plugin LocationServicesBPLibrary
[2026-05-12T07:32:26.2587610-07:00] [pid=23672] LogPluginManager: Mounting plugin MobilePatchingUtils
[2026-05-12T07:32:26.2587610-07:00] [pid=23672] LogPluginManager: Mounting plugin OpenXR
[2026-05-12T07:32:26.2597664-07:00] [pid=23672] LogPluginManager: Mounting plugin OpenXREyeTracker
[2026-05-12T07:32:26.2597664-07:00] [pid=23672] LogPluginManager: Mounting plugin OpenXRHandTracking
[2026-05-12T07:32:26.2607775-07:00] [pid=23672] LogPluginManager: Mounting plugin IOSDeviceProfileSelector
[2026-05-12T07:32:26.2617773-07:00] [pid=23672] LogPluginManager: Mounting plugin PhysXVehicles
[2026-05-12T07:32:26.2637775-07:00] [pid=23672] LogPluginManager: Mounting plugin PostSplashScreen
[2026-05-12T07:32:26.2652898-07:00] [pid=23672] LogPluginManager: Mounting plugin PropertyAccessEditor
[2026-05-12T07:32:26.2652898-07:00] [pid=23672] LogPluginManager: Mounting plugin SoundFields
[2026-05-12T07:32:26.2663121-07:00] [pid=23672] LogPluginManager: Mounting plugin SignificanceManager
[2026-05-12T07:32:26.2663121-07:00] [pid=23672] LogPluginManager: Mounting plugin ProceduralMeshComponent
[2026-05-12T07:32:26.2673116-07:00] [pid=23672] LogPluginManager: Mounting plugin ActorLayerUtilities
[2026-05-12T07:32:26.2683113-07:00] [pid=23672] LogPluginManager: Mounting plugin RuntimePhysXCooking
[2026-05-12T07:32:26.2688234-07:00] [pid=23672] LogPluginManager: Mounting plugin Synthesis
[2026-05-12T07:32:26.2698309-07:00] [pid=23672] LogPluginManager: Mounting plugin WebMMoviePlayer
[2026-05-12T07:32:26.2698309-07:00] [pid=23672] LogPluginManager: Mounting plugin WindowsMoviePlayer
[2026-05-12T07:32:26.2713336-07:00] [pid=23672] LogPluginManager: Mounting plugin LauncherChunkInstaller
[2026-05-12T07:32:26.2723368-07:00] [pid=23672] LogPluginManager: Mounting plugin Takes
[2026-05-12T07:32:26.2723368-07:00] [pid=23672] LogPluginManager: Mounting plugin ContentBrowserAssetDataSource
[2026-05-12T07:32:26.2733365-07:00] [pid=23672] LogPluginManager: Mounting plugin ContentBrowserFileDataSource
[2026-05-12T07:32:26.2743439-07:00] [pid=23672] LogPluginManager: Mounting plugin ContentBrowserClassDataSource
[2026-05-12T07:32:26.2743439-07:00] [pid=23672] LogPluginManager: Mounting plugin OnlineSubsystemGooglePlay
[2026-05-12T07:32:26.2753587-07:00] [pid=23672] LogPluginManager: Mounting plugin OnlineSubsystemIOS
[2026-05-12T07:32:26.2763584-07:00] [pid=23672] LogPluginManager: Mounting plugin OculusVR
[2026-05-12T07:32:26.2773558-07:00] [pid=23672] LogPluginManager: Mounting plugin SteamVR
[2026-05-12T07:32:26.2773558-07:00] [pid=23672] LogPluginManager: Mounting plugin Wwise
[2026-05-12T07:32:26.3386702-07:00] [pid=23672] PixWinPlugin: PIX capture plugin failed to initialize! Check that the process is launched from PIX.
[2026-05-12T07:32:26.4196118-07:00] [pid=23672] LogInit: Using libcurl 7.55.1-DEV
[2026-05-12T07:32:26.4196118-07:00] [pid=23672] LogInit:  - built for x86_64-pc-win32
[2026-05-12T07:32:26.4196118-07:00] [pid=23672] LogInit:  - supports SSL with OpenSSL/1.1.1
[2026-05-12T07:32:26.4196118-07:00] [pid=23672] LogInit:  - supports HTTP deflate (compression) using libz 1.2.8
[2026-05-12T07:32:26.4196118-07:00] [pid=23672] LogInit:  - other features:
[2026-05-12T07:32:26.4196118-07:00] [pid=23672] LogInit:      CURL_VERSION_SSL
[2026-05-12T07:32:26.4196118-07:00] [pid=23672] LogInit:      CURL_VERSION_LIBZ
[2026-05-12T07:32:26.4196118-07:00] [pid=23672] LogInit:      CURL_VERSION_IPV6
[2026-05-12T07:32:26.4196118-07:00] [pid=23672] LogInit:      CURL_VERSION_ASYNCHDNS
[2026-05-12T07:32:26.4196118-07:00] [pid=23672] LogInit:      CURL_VERSION_LARGEFILE
[2026-05-12T07:32:26.4196118-07:00] [pid=23672] LogInit:      CURL_VERSION_IDN
[2026-05-12T07:32:26.4196118-07:00] [pid=23672] LogInit:  CurlRequestOptions (configurable via config and command line):
[2026-05-12T07:32:26.4206232-07:00] [pid=23672] LogInit:  - bVerifyPeer = true  - Libcurl will verify peer certificate
[2026-05-12T07:32:26.4206232-07:00] [pid=23672] LogInit:  - bUseHttpProxy = false  - Libcurl will NOT use HTTP proxy
[2026-05-12T07:32:26.4206232-07:00] [pid=23672] LogInit:  - bDontReuseConnections = false  - Libcurl will reuse connections
[2026-05-12T07:32:26.4206232-07:00] [pid=23672] LogInit:  - MaxHostConnections = 16  - Libcurl will limit the number of connections to a host
[2026-05-12T07:32:26.4206232-07:00] [pid=23672] LogInit:  - LocalHostAddr = Default
[2026-05-12T07:32:26.4206232-07:00] [pid=23672] LogInit:  - BufferSize = 65536
[2026-05-12T07:32:26.4382291-07:00] [pid=23672] LogOnline: OSS: Creating online subsystem instance for: NULL
[2026-05-12T07:32:26.4387403-07:00] [pid=23672] LogInit: WinSock: version 1.1 (2.2), MaxSocks=32767, MaxUdp=65467
[2026-05-12T07:32:26.4397544-07:00] [pid=23672] LogOnline: OSS: TryLoadSubsystemAndSetDefault: Loaded subsystem for module [NULL]
[2026-05-12T07:32:26.5006050-07:00] [pid=23672] LogOculusPluginWrapper: OculusPlugin initialized successfully
[2026-05-12T07:32:26.5006050-07:00] [pid=23672] [OVRPlugin][ERROR] 
[2026-05-12T07:32:26.5006050-07:00] [pid=23672] ovr_Initialize failed: Unable to load LibOVRRT DLL
 (software\oculussdk\integrations\ovrplugin\main\src\util\compositorcapi.cpp:78)
[2026-05-12T07:32:26.5006050-07:00] [pid=23672] 
[2026-05-12T07:32:26.5006050-07:00] [pid=23672] LogHMD: Failed initializing OVRPlugin 1.59.0
[2026-05-12T07:32:26.5006050-07:00] [pid=23672] LogInit: Build: ++UE4+Release-4.27-CL-18319896
[2026-05-12T07:32:26.5006050-07:00] [pid=23672] LogInit: Engine Version: 4.27.2-18319896+++UE4+Release-4.27
[2026-05-12T07:32:26.5006050-07:00] [pid=23672] LogInit: Compatible Engine Version: 4.27.0-17155196+++UE4+Release-4.27
[2026-05-12T07:32:26.5006050-07:00] [pid=23672] LogInit: Net CL: 17155196
[2026-05-12T07:32:26.5006050-07:00] [pid=23672] LogInit: OS: Windows 10 (Release 2009) (), CPU: 13th Gen Intel(R) Core(TM) i7-13650HX, GPU: Intel(R) UHD Graphics
[2026-05-12T07:32:26.5006050-07:00] [pid=23672] LogInit: Compiled (64-bit): Nov 30 2021 07:12:08
[2026-05-12T07:32:26.5006050-07:00] [pid=23672] LogInit: Compiled with Visual C++: 19.24.28315.00
[2026-05-12T07:32:26.5006050-07:00] [pid=23672] LogInit: Build Configuration: Development
[2026-05-12T07:32:26.5006050-07:00] [pid=23672] LogInit: Branch Name: ++UE4+Release-4.27
[2026-05-12T07:32:26.5006050-07:00] [pid=23672] LogInit: Command Line:  /Game/ThirdPersonBP/Maps/ThirdPersonExampleMap -game -RenderOffscreen -unattended -nopause -NoSplash -abslog=C:\Users\kapil\AppData\Local\Temp\immerse_editor_20260512-073053.log
[2026-05-12T07:32:26.5006050-07:00] [pid=23672] LogInit: Base Directory: C:/Program Files/Epic Games/UE_4.27/Engine/Binaries/Win64/
[2026-05-12T07:32:26.5006050-07:00] [pid=23672] LogInit: Allocator: TBB
[2026-05-12T07:32:26.5006050-07:00] [pid=23672] LogInit: Installed Engine Build: 1
[2026-05-12T07:32:26.5006050-07:00] [pid=23672] LogDevObjectVersion: Number of dev versions registered: 29
[2026-05-12T07:32:26.5016051-07:00] [pid=23672] LogDevObjectVersion:   Dev-Blueprints (B0D832E4-1F89-4F0D-ACCF-7EB736FD4AA2): 10
[2026-05-12T07:32:26.5016051-07:00] [pid=23672] LogDevObjectVersion:   Dev-Build (E1C64328-A22C-4D53-A36C-8E866417BD8C): 0
[2026-05-12T07:32:26.5016051-07:00] [pid=23672] LogDevObjectVersion:   Dev-Core (375EC13C-06E4-48FB-B500-84F0262A717E): 4
[2026-05-12T07:32:26.5016051-07:00] [pid=23672] LogDevObjectVersion:   Dev-Editor (E4B068ED-F494-42E9-A231-DA0B2E46BB41): 40
[2026-05-12T07:32:26.5016051-07:00] [pid=23672] LogDevObjectVersion:   Dev-Framework (CFFC743F-43B0-4480-9391-14DF171D2073): 37
[2026-05-12T07:32:26.5016051-07:00] [pid=23672] LogDevObjectVersion:   Dev-Mobile (B02B49B5-BB20-44E9-A304-32B752E40360): 3
[2026-05-12T07:32:26.5016051-07:00] [pid=23672] LogDevObjectVersion:   Dev-Networking (A4E4105C-59A1-49B5-A7C5-40C4547EDFEE): 0
[2026-05-12T07:32:26.5016051-07:00] [pid=23672] LogDevObjectVersion:   Dev-Online (39C831C9-5AE6-47DC-9A44-9C173E1C8E7C): 0
[2026-05-12T07:32:26.5016051-07:00] [pid=23672] LogDevObjectVersion:   Dev-Physics (78F01B33-EBEA-4F98-B9B4-84EACCB95AA2): 14
[2026-05-12T07:32:26.5016051-07:00] [pid=23672] LogDevObjectVersion:   Dev-Platform (6631380F-2D4D-43E0-8009-CF276956A95A): 0
[2026-05-12T07:32:26.5016051-07:00] [pid=23672] LogDevObjectVersion:   Dev-Rendering (12F88B9F-8875-4AFC-A67C-D90C383ABD29): 45
[2026-05-12T07:32:26.5016051-07:00] [pid=23672] LogDevObjectVersion:   Dev-Sequencer (7B5AE74C-D270-4C10-A958-57980B212A5A): 13
[2026-05-12T07:32:26.5016051-07:00] [pid=23672] LogDevObjectVersion:   Dev-VR (D7296918-1DD6-4BDD-9DE2-64A83CC13884): 3
[2026-05-12T07:32:26.5016051-07:00] [pid=23672] LogDevObjectVersion:   Dev-LoadTimes (C2A15278-BFE7-4AFE-6C17-90FF531DF755): 1
[2026-05-12T07:32:26.5016051-07:00] [pid=23672] LogDevObjectVersion:   Private-Geometry (6EACA3D4-40EC-4CC1-B786-8BED09428FC5): 3
[2026-05-12T07:32:26.5016051-07:00] [pid=23672] LogDevObjectVersion:   Dev-AnimPhys (29E575DD-E0A3-4627-9D10-D276232CDCEA): 17
[2026-05-12T07:32:26.5016051-07:00] [pid=23672] LogDevObjectVersion:   Dev-Anim (AF43A65D-7FD3-4947-9873-3E8ED9C1BB05): 15
[2026-05-12T07:32:26.5016051-07:00] [pid=23672] LogDevObjectVersion:   Dev-ReflectionCapture (6B266CEC-1EC7-4B8F-A30B-E4D90942FC07): 1
[2026-05-12T07:32:26.5016051-07:00] [pid=23672] LogDevObjectVersion:   Dev-Automation (0DF73D61-A23F-47EA-B727-89E90C41499A): 1
[2026-05-12T07:32:26.5016051-07:00] [pid=23672] LogDevObjectVersion:   FortniteMain (601D1886-AC64-4F84-AA16-D3DE0DEAC7D6): 47
[2026-05-12T07:32:26.5016051-07:00] [pid=23672] LogDevObjectVersion:   FortniteRelease (E7086368-6B23-4C58-8439-1B7016265E91): 1
[2026-05-12T07:32:26.5016051-07:00] [pid=23672] LogDevObjectVersion:   Dev-Enterprise (9DFFBCD6-494F-0158-E221-12823C92A888): 10
[2026-05-12T07:32:26.5016051-07:00] [pid=23672] LogDevObjectVersion:   Dev-Niagara (F2AED0AC-9AFE-416F-8664-AA7FFA26D6FC): 1
[2026-05-12T07:32:26.5016051-07:00] [pid=23672] LogDevObjectVersion:   Dev-Destruction (174F1F0B-B4C6-45A5-B13F-2EE8D0FB917D): 10
[2026-05-12T07:32:26.5016051-07:00] [pid=23672] LogDevObjectVersion:   Dev-Physics-Ext (35F94A83-E258-406C-A318-09F59610247C): 41
[2026-05-12T07:32:26.5016051-07:00] [pid=23672] LogDevObjectVersion:   Dev-PhysicsMaterial-Chaos (B68FC16E-8B1B-42E2-B453-215C058844FE): 1
[2026-05-12T07:32:26.5016051-07:00] [pid=23672] LogDevObjectVersion:   Dev-CineCamera (B2E18506-4273-CFC2-A54E-F4BB758BBA07): 1
[2026-05-12T07:32:26.5016051-07:00] [pid=23672] LogDevObjectVersion:   Dev-VirtualProduction (64F58936-FD1B-42BA-BA96-7289D5D0FA4E): 1
[2026-05-12T07:32:26.5016051-07:00] [pid=23672] LogDevObjectVersion:   Dev-MediaFramework (6F0ED827-A609-4895-9C91-998D90180EA4): 2
[2026-05-12T07:32:26.5071305-07:00] [pid=23672] LogInit: Presizing for max 25165824 objects, including 0 objects not considered by GC, pre-allocating 0 bytes for permanent pool.
[2026-05-12T07:32:26.5081372-07:00] [pid=23672] LogConfig: Applying CVar settings from Section [/Script/Engine.StreamingSettings] File [C:/Users/kapil/OneDrive/Documents/Unreal Projects/testTP/Saved/Config/Windows/Engine.ini]
[2026-05-12T07:32:26.5081372-07:00] [pid=23672] LogConfig: Setting CVar [[s.MinBulkDataSizeForAsyncLoading:131072]]
[2026-05-12T07:32:26.5081372-07:00] [pid=23672] LogConfig: Setting CVar [[s.AsyncLoadingThreadEnabled:0]]
[2026-05-12T07:32:26.5081372-07:00] [pid=23672] LogConfig: Setting CVar [[s.EventDrivenLoaderEnabled:1]]
[2026-05-12T07:32:26.5081372-07:00] [pid=23672] LogConfig: Setting CVar [[s.WarnIfTimeLimitExceeded:0]]
[2026-05-12T07:32:26.5081372-07:00] [pid=23672] LogConfig: Setting CVar [[s.TimeLimitExceededMultiplier:1.5]]
[2026-05-12T07:32:26.5081372-07:00] [pid=23672] LogConfig: Setting CVar [[s.TimeLimitExceededMinTime:0.005]]
[2026-05-12T07:32:26.5081372-07:00] [pid=23672] LogConfig: Setting CVar [[s.UseBackgroundLevelStreaming:1]]
[2026-05-12T07:32:26.5081372-07:00] [pid=23672] LogConfig: Setting CVar [[s.PriorityAsyncLoadingExtraTime:15.0]]
[2026-05-12T07:32:26.5081372-07:00] [pid=23672] LogConfig: Setting CVar [[s.LevelStreamingActorsUpdateTimeLimit:5.0]]
[2026-05-12T07:32:26.5081372-07:00] [pid=23672] LogConfig: Setting CVar [[s.PriorityLevelStreamingActorsUpdateExtraTime:5.0]]
[2026-05-12T07:32:26.5081372-07:00] [pid=23672] LogConfig: Setting CVar [[s.LevelStreamingComponentsRegistrationGranularity:10]]
[2026-05-12T07:32:26.5081372-07:00] [pid=23672] LogConfig: Setting CVar [[s.UnregisterComponentsTimeLimit:1.0]]
[2026-05-12T07:32:26.5081372-07:00] [pid=23672] LogConfig: Setting CVar [[s.LevelStreamingComponentsUnregistrationGranularity:5]]
[2026-05-12T07:32:26.5086415-07:00] [pid=23672] LogConfig: Setting CVar [[s.FlushStreamingOnExit:1]]
[2026-05-12T07:32:26.5116635-07:00] [pid=23672] LogInit: Object subsystem initialized
[2026-05-12T07:32:26.5126571-07:00] [pid=23672] LogConfig: Setting CVar [[con.DebugEarlyDefault:1]]
[2026-05-12T07:32:26.5126571-07:00] [pid=23672] LogConfig: Setting CVar [[r.setres:1280x720]]
[2026-05-12T07:32:26.5136636-07:00] [pid=23672] [2026.05.12-14.32.26:513][  0]LogConfig: Setting CVar [[con.DebugEarlyDefault:1]]
[2026-05-12T07:32:26.5136636-07:00] [pid=23672] [2026.05.12-14.32.26:513][  0]LogConfig: Setting CVar [[r.setres:1280x720]]
[2026-05-12T07:32:26.5136636-07:00] [pid=23672] [2026.05.12-14.32.26:513][  0]LogConfig: Applying CVar settings from Section [/Script/Engine.RendererSettings] File [C:/Users/kapil/OneDrive/Documents/Unreal Projects/testTP/Saved/Config/Windows/Engine.ini]
[2026-05-12T07:32:26.5136636-07:00] [pid=23672] [2026.05.12-14.32.26:513][  0]LogConfig: Setting CVar [[r.GPUCrashDebugging:0]]
[2026-05-12T07:32:26.5136636-07:00] [pid=23672] [2026.05.12-14.32.26:513][  0]LogConfig: Applying CVar settings from Section [/Script/Engine.RendererOverrideSettings] File [C:/Users/kapil/OneDrive/Documents/Unreal Projects/testTP/Saved/Config/Windows/Engine.ini]
[2026-05-12T07:32:26.5136636-07:00] [pid=23672] [2026.05.12-14.32.26:513][  0]LogConfig: Applying CVar settings from Section [/Script/Engine.StreamingSettings] File [C:/Users/kapil/OneDrive/Documents/Unreal Projects/testTP/Saved/Config/Windows/Engine.ini]
[2026-05-12T07:32:26.5136636-07:00] [pid=23672] [2026.05.12-14.32.26:513][  0]LogConfig: Setting CVar [[s.MinBulkDataSizeForAsyncLoading:131072]]
[2026-05-12T07:32:26.5136636-07:00] [pid=23672] [2026.05.12-14.32.26:513][  0]LogConfig: Setting CVar [[s.AsyncLoadingThreadEnabled:0]]
[2026-05-12T07:32:26.5136636-07:00] [pid=23672] [2026.05.12-14.32.26:513][  0]LogConfig: Setting CVar [[s.EventDrivenLoaderEnabled:1]]
[2026-05-12T07:32:26.5136636-07:00] [pid=23672] [2026.05.12-14.32.26:513][  0]LogConfig: Setting CVar [[s.WarnIfTimeLimitExceeded:0]]
[2026-05-12T07:32:26.5136636-07:00] [pid=23672] [2026.05.12-14.32.26:513][  0]LogConfig: Setting CVar [[s.TimeLimitExceededMultiplier:1.5]]
[2026-05-12T07:32:26.5136636-07:00] [pid=23672] [2026.05.12-14.32.26:513][  0]LogConfig: Setting CVar [[s.TimeLimitExceededMinTime:0.005]]
[2026-05-12T07:32:26.5136636-07:00] [pid=23672] [2026.05.12-14.32.26:513][  0]LogConfig: Setting CVar [[s.UseBackgroundLevelStreaming:1]]
[2026-05-12T07:32:26.5136636-07:00] [pid=23672] [2026.05.12-14.32.26:513][  0]LogConfig: Setting CVar [[s.PriorityAsyncLoadingExtraTime:15.0]]
[2026-05-12T07:32:26.5136636-07:00] [pid=23672] [2026.05.12-14.32.26:513][  0]LogConfig: Setting CVar [[s.LevelStreamingActorsUpdateTimeLimit:5.0]]
[2026-05-12T07:32:26.5136636-07:00] [pid=23672] [2026.05.12-14.32.26:513][  0]LogConfig: Setting CVar [[s.PriorityLevelStreamingActorsUpdateExtraTime:5.0]]
[2026-05-12T07:32:26.5136636-07:00] [pid=23672] [2026.05.12-14.32.26:513][  0]LogConfig: Setting CVar [[s.LevelStreamingComponentsRegistrationGranularity:10]]
[2026-05-12T07:32:26.5136636-07:00] [pid=23672] [2026.05.12-14.32.26:513][  0]LogConfig: Setting CVar [[s.UnregisterComponentsTimeLimit:1.0]]
[2026-05-12T07:32:26.5136636-07:00] [pid=23672] [2026.05.12-14.32.26:513][  0]LogConfig: Setting CVar [[s.LevelStreamingComponentsUnregistrationGranularity:5]]
[2026-05-12T07:32:26.5136636-07:00] [pid=23672] [2026.05.12-14.32.26:513][  0]LogConfig: Setting CVar [[s.FlushStreamingOnExit:1]]
[2026-05-12T07:32:26.5136636-07:00] [pid=23672] [2026.05.12-14.32.26:513][  0]LogConfig: Applying CVar settings from Section [/Script/Engine.GarbageCollectionSettings] File [C:/Users/kapil/OneDrive/Documents/Unreal Projects/testTP/Saved/Config/Windows/Engine.ini]
[2026-05-12T07:32:26.5136636-07:00] [pid=23672] [2026.05.12-14.32.26:513][  0]LogConfig: Setting CVar [[gc.MaxObjectsNotConsideredByGC:1]]
[2026-05-12T07:32:26.5136636-07:00] [pid=23672] [2026.05.12-14.32.26:513][  0]LogConfig: Setting CVar [[gc.SizeOfPermanentObjectPool:0]]
[2026-05-12T07:32:26.5136636-07:00] [pid=23672] [2026.05.12-14.32.26:513][  0]LogConfig: Setting CVar [[gc.FlushStreamingOnGC:0]]
[2026-05-12T07:32:26.5136636-07:00] [pid=23672] [2026.05.12-14.32.26:513][  0]LogConfig: Setting CVar [[gc.NumRetriesBeforeForcingGC:10]]
[2026-05-12T07:32:26.5136636-07:00] [pid=23672] [2026.05.12-14.32.26:513][  0]LogConfig: Setting CVar [[gc.AllowParallelGC:1]]
[2026-05-12T07:32:26.5136636-07:00] [pid=23672] [2026.05.12-14.32.26:513][  0]LogConfig: Setting CVar [[gc.TimeBetweenPurgingPendingKillObjects:61.1]]
[2026-05-12T07:32:26.5136636-07:00] [pid=23672] [2026.05.12-14.32.26:513][  0]LogConfig: Setting CVar [[gc.MaxObjectsInEditor:25165824]]
[2026-05-12T07:32:26.5136636-07:00] [pid=23672] [2026.05.12-14.32.26:513][  0]LogConfig: Setting CVar [[gc.IncrementalBeginDestroyEnabled:1]]
[2026-05-12T07:32:26.5136636-07:00] [pid=23672] [2026.05.12-14.32.26:513][  0]LogConfig: Setting CVar [[gc.CreateGCClusters:1]]
[2026-05-12T07:32:26.5136636-07:00] [pid=23672] [2026.05.12-14.32.26:513][  0]LogConfig: Setting CVar [[gc.MinGCClusterSize:5]]
[2026-05-12T07:32:26.5136636-07:00] [pid=23672] [2026.05.12-14.32.26:513][  0]LogConfig: Setting CVar [[gc.ActorClusteringEnabled:0]]
[2026-05-12T07:32:26.5136636-07:00] [pid=23672] [2026.05.12-14.32.26:513][  0]LogConfig: Setting CVar [[gc.BlueprintClusteringEnabled:0]]
[2026-05-12T07:32:26.5136636-07:00] [pid=23672] [2026.05.12-14.32.26:513][  0]LogConfig: Setting CVar [[gc.UseDisregardForGCOnDedicatedServers:0]]
[2026-05-12T07:32:26.5136636-07:00] [pid=23672] [2026.05.12-14.32.26:513][  0]LogConfig: Setting CVar [[gc.MultithreadedDestructionEnabled:1]]
[2026-05-12T07:32:26.5136636-07:00] [pid=23672] [2026.05.12-14.32.26:513][  0]LogConfig: Applying CVar settings from Section [/Script/Engine.NetworkSettings] File [C:/Users/kapil/OneDrive/Documents/Unreal Projects/testTP/Saved/Config/Windows/Engine.ini]
[2026-05-12T07:32:26.5136636-07:00] [pid=23672] [2026.05.12-14.32.26:513][  0]LogConfig: Applying CVar settings from Section [/Script/UnrealEd.CookerSettings] File [C:/Users/kapil/OneDrive/Documents/Unreal Projects/testTP/Saved/Config/Windows/Engine.ini]
[2026-05-12T07:32:26.5197023-07:00] [pid=23672] [2026.05.12-14.32.26:519][  0]LogConfig: Applying CVar settings from Section [ViewDistanceQuality@3] File [C:/Users/kapil/OneDrive/Documents/Unreal Projects/testTP/Saved/Config/Windows/Scalability.ini]
[2026-05-12T07:32:26.5197023-07:00] [pid=23672] [2026.05.12-14.32.26:519][  0]LogConfig: Setting CVar [[r.SkeletalMeshLODBias:0]]
[2026-05-12T07:32:26.5197023-07:00] [pid=23672] [2026.05.12-14.32.26:519][  0]LogConfig: Setting CVar [[r.ViewDistanceScale:1.0]]
[2026-05-12T07:32:26.5197023-07:00] [pid=23672] [2026.05.12-14.32.26:519][  0]LogConfig: Applying CVar settings from Section [AntiAliasingQuality@3] File [C:/Users/kapil/OneDrive/Documents/Unreal Projects/testTP/Saved/Config/Windows/Scalability.ini]
[2026-05-12T07:32:26.5197023-07:00] [pid=23672] [2026.05.12-14.32.26:519][  0]LogConfig: Setting CVar [[r.PostProcessAAQuality:4]]
[2026-05-12T07:32:26.5197023-07:00] [pid=23672] [2026.05.12-14.32.26:519][  0]LogConfig: Applying CVar settings from Section [ShadowQuality@3] File [C:/Users/kapil/OneDrive/Documents/Unreal Projects/testTP/Saved/Config/Windows/Scalability.ini]
[2026-05-12T07:32:26.5197023-07:00] [pid=23672] [2026.05.12-14.32.26:519][  0]LogConfig: Setting CVar [[r.LightFunctionQuality:1]]
[2026-05-12T07:32:26.5197023-07:00] [pid=23672] [2026.05.12-14.32.26:519][  0]LogConfig: Setting CVar [[r.ShadowQuality:5]]
[2026-05-12T07:32:26.5197023-07:00] [pid=23672] [2026.05.12-14.32.26:519][  0]LogConfig: Setting CVar [[r.Shadow.CSM.MaxCascades:10]]
[2026-05-12T07:32:26.5197023-07:00] [pid=23672] [2026.05.12-14.32.26:519][  0]LogConfig: Setting CVar [[r.Shadow.MaxResolution:2048]]
[2026-05-12T07:32:26.5197023-07:00] [pid=23672] [2026.05.12-14.32.26:519][  0]LogConfig: Setting CVar [[r.Shadow.MaxCSMResolution:2048]]
[2026-05-12T07:32:26.5207137-07:00] [pid=23672] [2026.05.12-14.32.26:519][  0]LogConfig: Setting CVar [[r.Shadow.RadiusThreshold:0.01]]
[2026-05-12T07:32:26.5207137-07:00] [pid=23672] [2026.05.12-14.32.26:520][  0]LogConfig: Setting CVar [[r.Shadow.DistanceScale:1.0]]
[2026-05-12T07:32:26.5207137-07:00] [pid=23672] [2026.05.12-14.32.26:520][  0]LogConfig: Setting CVar [[r.Shadow.CSM.TransitionScale:1.0]]
[2026-05-12T07:32:26.5207137-07:00] [pid=23672] [2026.05.12-14.32.26:520][  0]LogConfig: Setting CVar [[r.Shadow.PreShadowResolutionFactor:1.0]]
[2026-05-12T07:32:26.5207137-07:00] [pid=23672] [2026.05.12-14.32.26:520][  0]LogConfig: Setting CVar [[r.DistanceFieldShadowing:1]]
[2026-05-12T07:32:26.5207137-07:00] [pid=23672] [2026.05.12-14.32.26:520][  0]LogConfig: Setting CVar [[r.DistanceFieldAO:1]]
[2026-05-12T07:32:26.5207137-07:00] [pid=23672] [2026.05.12-14.32.26:520][  0]LogConfig: Setting CVar [[r.AOQuality:2]]
[2026-05-12T07:32:26.5207137-07:00] [pid=23672] [2026.05.12-14.32.26:520][  0]LogConfig: Setting CVar [[r.VolumetricFog:1]]
[2026-05-12T07:32:26.5207137-07:00] [pid=23672] [2026.05.12-14.32.26:520][  0]LogConfig: Setting CVar [[r.VolumetricFog.GridPixelSize:8]]
[2026-05-12T07:32:26.5207137-07:00] [pid=23672] [2026.05.12-14.32.26:520][  0]LogConfig: Setting CVar [[r.VolumetricFog.GridSizeZ:128]]
[2026-05-12T07:32:26.5207137-07:00] [pid=23672] [2026.05.12-14.32.26:520][  0]LogConfig: Setting CVar [[r.VolumetricFog.HistoryMissSupersampleCount:4]]
[2026-05-12T07:32:26.5207137-07:00] [pid=23672] [2026.05.12-14.32.26:520][  0]LogConfig: Setting CVar [[r.LightMaxDrawDistanceScale:1]]
[2026-05-12T07:32:26.5207137-07:00] [pid=23672] [2026.05.12-14.32.26:520][  0]LogConfig: Setting CVar [[r.CapsuleShadows:1]]
[2026-05-12T07:32:26.5207137-07:00] [pid=23672] [2026.05.12-14.32.26:520][  0]LogConfig: Applying CVar settings from Section [PostProcessQuality@3] File [C:/Users/kapil/OneDrive/Documents/Unreal Projects/testTP/Saved/Config/Windows/Scalability.ini]
[2026-05-12T07:32:26.5207137-07:00] [pid=23672] [2026.05.12-14.32.26:520][  0]LogConfig: Setting CVar [[r.MotionBlurQuality:4]]
[2026-05-12T07:32:26.5207137-07:00] [pid=23672] [2026.05.12-14.32.26:520][  0]LogConfig: Setting CVar [[r.AmbientOcclusionMipLevelFactor:0.4]]
[2026-05-12T07:32:26.5207137-07:00] [pid=23672] [2026.05.12-14.32.26:520][  0]LogConfig: Setting CVar [[r.AmbientOcclusionMaxQuality:100]]
[2026-05-12T07:32:26.5207137-07:00] [pid=23672] [2026.05.12-14.32.26:520][  0]LogConfig: Setting CVar [[r.AmbientOcclusionLevels:-1]]
[2026-05-12T07:32:26.5207137-07:00] [pid=23672] [2026.05.12-14.32.26:520][  0]LogConfig: Setting CVar [[r.AmbientOcclusionRadiusScale:1.0]]
[2026-05-12T07:32:26.5207137-07:00] [pid=23672] [2026.05.12-14.32.26:520][  0]LogConfig: Setting CVar [[r.DepthOfFieldQuality:2]]
[2026-05-12T07:32:26.5207137-07:00] [pid=23672] [2026.05.12-14.32.26:520][  0]LogConfig: Setting CVar [[r.RenderTargetPoolMin:400]]
[2026-05-12T07:32:26.5207137-07:00] [pid=23672] [2026.05.12-14.32.26:520][  0]LogConfig: Setting CVar [[r.LensFlareQuality:2]]
[2026-05-12T07:32:26.5207137-07:00] [pid=23672] [2026.05.12-14.32.26:520][  0]LogConfig: Setting CVar [[r.SceneColorFringeQuality:1]]
[2026-05-12T07:32:26.5207137-07:00] [pid=23672] [2026.05.12-14.32.26:520][  0]LogConfig: Setting CVar [[r.EyeAdaptationQuality:2]]
[2026-05-12T07:32:26.5207137-07:00] [pid=23672] [2026.05.12-14.32.26:520][  0]LogConfig: Setting CVar [[r.BloomQuality:5]]
[2026-05-12T07:32:26.5207137-07:00] [pid=23672] [2026.05.12-14.32.26:520][  0]LogConfig: Setting CVar [[r.FastBlurThreshold:100]]
[2026-05-12T07:32:26.5207137-07:00] [pid=23672] [2026.05.12-14.32.26:520][  0]LogConfig: Setting CVar [[r.Upscale.Quality:3]]
[2026-05-12T07:32:26.5207137-07:00] [pid=23672] [2026.05.12-14.32.26:520][  0]LogConfig: Setting CVar [[r.Tonemapper.GrainQuantization:1]]
[2026-05-12T07:32:26.5207137-07:00] [pid=23672] [2026.05.12-14.32.26:520][  0]LogConfig: Setting CVar [[r.LightShaftQuality:1]]
[2026-05-12T07:32:26.5207137-07:00] [pid=23672] [2026.05.12-14.32.26:520][  0]LogConfig: Setting CVar [[r.Filter.SizeScale:1]]
[2026-05-12T07:32:26.5207137-07:00] [pid=23672] [2026.05.12-14.32.26:520][  0]LogConfig: Setting CVar [[r.Tonemapper.Quality:5]]
[2026-05-12T07:32:26.5207137-07:00] [pid=23672] [2026.05.12-14.32.26:520][  0]LogConfig: Setting CVar [[r.DOF.Gather.AccumulatorQuality:1        ; higher gathering accumulator quality]]
[2026-05-12T07:32:26.5207137-07:00] [pid=23672] [2026.05.12-14.32.26:520][  0]LogConfig: Setting CVar [[r.DOF.Gather.PostfilterMethod:1          ; Median3x3 postfilering method]]
[2026-05-12T07:32:26.5207137-07:00] [pid=23672] [2026.05.12-14.32.26:520][  0]LogConfig: Setting CVar [[r.DOF.Gather.EnableBokehSettings:0       ; no bokeh simulation when gathering]]
[2026-05-12T07:32:26.5217137-07:00] [pid=23672] [2026.05.12-14.32.26:520][  0]LogConfig: Setting CVar [[r.DOF.Gather.RingCount:4                 ; medium number of samples when gathering]]
[2026-05-12T07:32:26.5217137-07:00] [pid=23672] [2026.05.12-14.32.26:521][  0]LogConfig: Setting CVar [[r.DOF.Scatter.ForegroundCompositing:1    ; additive foreground scattering]]
[2026-05-12T07:32:26.5217137-07:00] [pid=23672] [2026.05.12-14.32.26:521][  0]LogConfig: Setting CVar [[r.DOF.Scatter.BackgroundCompositing:2    ; additive background scattering]]
[2026-05-12T07:32:26.5217137-07:00] [pid=23672] [2026.05.12-14.32.26:521][  0]LogConfig: Setting CVar [[r.DOF.Scatter.EnableBokehSettings:1      ; bokeh simulation when scattering]]
[2026-05-12T07:32:26.5217137-07:00] [pid=23672] [2026.05.12-14.32.26:521][  0]LogConfig: Setting CVar [[r.DOF.Scatter.MaxSpriteRatio:0.1         ; only a maximum of 10% of scattered bokeh]]
[2026-05-12T07:32:26.5217137-07:00] [pid=23672] [2026.05.12-14.32.26:521][  0]LogConfig: Setting CVar [[r.DOF.Recombine.Quality:1                ; cheap slight out of focus]]
[2026-05-12T07:32:26.5217137-07:00] [pid=23672] [2026.05.12-14.32.26:521][  0]LogConfig: Setting CVar [[r.DOF.Recombine.EnableBokehSettings:0    ; no bokeh simulation on slight out of focus]]
[2026-05-12T07:32:26.5217137-07:00] [pid=23672] [2026.05.12-14.32.26:521][  0]LogConfig: Setting CVar [[r.DOF.TemporalAAQuality:1                ; more stable temporal accumulation]]
[2026-05-12T07:32:26.5217137-07:00] [pid=23672] [2026.05.12-14.32.26:521][  0]LogConfig: Setting CVar [[r.DOF.Kernel.MaxForegroundRadius:0.025]]
[2026-05-12T07:32:26.5217137-07:00] [pid=23672] [2026.05.12-14.32.26:521][  0]LogConfig: Setting CVar [[r.DOF.Kernel.MaxBackgroundRadius:0.025]]
[2026-05-12T07:32:26.5217137-07:00] [pid=23672] [2026.05.12-14.32.26:521][  0]LogConfig: Applying CVar settings from Section [TextureQuality@3] File [C:/Users/kapil/OneDrive/Documents/Unreal Projects/testTP/Saved/Config/Windows/Scalability.ini]
[2026-05-12T07:32:26.5217137-07:00] [pid=23672] [2026.05.12-14.32.26:521][  0]LogConfig: Setting CVar [[r.Streaming.MipBias:0]]
[2026-05-12T07:32:26.5217137-07:00] [pid=23672] [2026.05.12-14.32.26:521][  0]LogConfig: Setting CVar [[r.Streaming.AmortizeCPUToGPUCopy:0]]
[2026-05-12T07:32:26.5217137-07:00] [pid=23672] [2026.05.12-14.32.26:521][  0]LogConfig: Setting CVar [[r.Streaming.MaxNumTexturesToStreamPerFrame:0]]
[2026-05-12T07:32:26.5217137-07:00] [pid=23672] [2026.05.12-14.32.26:521][  0]LogConfig: Setting CVar [[r.Streaming.Boost:1]]
[2026-05-12T07:32:26.5217137-07:00] [pid=23672] [2026.05.12-14.32.26:521][  0]LogConfig: Setting CVar [[r.MaxAnisotropy:8]]
[2026-05-12T07:32:26.5217137-07:00] [pid=23672] [2026.05.12-14.32.26:521][  0]LogConfig: Setting CVar [[r.VT.MaxAnisotropy:8]]
[2026-05-12T07:32:26.5217137-07:00] [pid=23672] [2026.05.12-14.32.26:521][  0]LogConfig: Setting CVar [[r.Streaming.LimitPoolSizeToVRAM:0]]
[2026-05-12T07:32:26.5217137-07:00] [pid=23672] [2026.05.12-14.32.26:521][  0]LogConfig: Setting CVar [[r.Streaming.PoolSize:1000]]
[2026-05-12T07:32:26.5217137-07:00] [pid=23672] [2026.05.12-14.32.26:521][  0]LogConfig: Setting CVar [[r.Streaming.MaxEffectiveScreenSize:0]]
[2026-05-12T07:32:26.5217137-07:00] [pid=23672] [2026.05.12-14.32.26:521][  0]LogConfig: Applying CVar settings from Section [EffectsQuality@3] File [C:/Users/kapil/OneDrive/Documents/Unreal Projects/testTP/Saved/Config/Windows/Scalability.ini]
[2026-05-12T07:32:26.5217137-07:00] [pid=23672] [2026.05.12-14.32.26:521][  0]LogConfig: Setting CVar [[r.TranslucencyLightingVolumeDim:64]]
[2026-05-12T07:32:26.5217137-07:00] [pid=23672] [2026.05.12-14.32.26:521][  0]LogConfig: Setting CVar [[r.RefractionQuality:2]]
[2026-05-12T07:32:26.5217137-07:00] [pid=23672] [2026.05.12-14.32.26:521][  0]LogConfig: Setting CVar [[r.SSR.Quality:3]]
[2026-05-12T07:32:26.5217137-07:00] [pid=23672] [2026.05.12-14.32.26:521][  0]LogConfig: Setting CVar [[r.SSR.HalfResSceneColor:0]]
[2026-05-12T07:32:26.5217137-07:00] [pid=23672] [2026.05.12-14.32.26:521][  0]LogConfig: Setting CVar [[r.SceneColorFormat:4]]
[2026-05-12T07:32:26.5217137-07:00] [pid=23672] [2026.05.12-14.32.26:521][  0]LogConfig: Setting CVar [[r.DetailMode:2]]
[2026-05-12T07:32:26.5217137-07:00] [pid=23672] [2026.05.12-14.32.26:521][  0]LogConfig: Setting CVar [[r.TranslucencyVolumeBlur:1]]
[2026-05-12T07:32:26.5217137-07:00] [pid=23672] [2026.05.12-14.32.26:521][  0]LogConfig: Setting CVar [[r.MaterialQualityLevel:1 ; High quality]]
[2026-05-12T07:32:26.5217137-07:00] [pid=23672] [2026.05.12-14.32.26:521][  0]LogConfig: Setting CVar [[r.AnisotropicMaterials:1]]
[2026-05-12T07:32:26.5217137-07:00] [pid=23672] [2026.05.12-14.32.26:521][  0]LogConfig: Setting CVar [[r.SSS.Scale:1]]
[2026-05-12T07:32:26.5217137-07:00] [pid=23672] [2026.05.12-14.32.26:521][  0]LogConfig: Setting CVar [[r.SSS.SampleSet:2]]
[2026-05-12T07:32:26.5217137-07:00] [pid=23672] [2026.05.12-14.32.26:521][  0]LogConfig: Setting CVar [[r.SSS.Quality:1]]
[2026-05-12T07:32:26.5217137-07:00] [pid=23672] [2026.05.12-14.32.26:521][  0]LogConfig: Setting CVar [[r.SSS.HalfRes:0]]
[2026-05-12T07:32:26.5217137-07:00] [pid=23672] [2026.05.12-14.32.26:521][  0]LogConfig: Setting CVar [[r.SSGI.Quality:3]]
[2026-05-12T07:32:26.5217137-07:00] [pid=23672] [2026.05.12-14.32.26:521][  0]LogConfig: Setting CVar [[r.EmitterSpawnRateScale:1.0]]
[2026-05-12T07:32:26.5227137-07:00] [pid=23672] [2026.05.12-14.32.26:521][  0]LogConfig: Setting CVar [[r.ParticleLightQuality:2]]
[2026-05-12T07:32:26.5227137-07:00] [pid=23672] [2026.05.12-14.32.26:522][  0]LogConfig: Setting CVar [[r.SkyAtmosphere.AerialPerspectiveLUT.FastApplyOnOpaque:1 ; Always have FastSkyLUT 1 in this case to avoid wrong sky]]
[2026-05-12T07:32:26.5227137-07:00] [pid=23672] [2026.05.12-14.32.26:522][  0]LogConfig: Setting CVar [[r.SkyAtmosphere.AerialPerspectiveLUT.SampleCountMaxPerSlice:4]]
[2026-05-12T07:32:26.5227137-07:00] [pid=23672] [2026.05.12-14.32.26:522][  0]LogConfig: Setting CVar [[r.SkyAtmosphere.AerialPerspectiveLUT.DepthResolution:16.0]]
[2026-05-12T07:32:26.5227137-07:00] [pid=23672] [2026.05.12-14.32.26:522][  0]LogConfig: Setting CVar [[r.SkyAtmosphere.FastSkyLUT:1]]
[2026-05-12T07:32:26.5227137-07:00] [pid=23672] [2026.05.12-14.32.26:522][  0]LogConfig: Setting CVar [[r.SkyAtmosphere.FastSkyLUT.SampleCountMin:4.0]]
[2026-05-12T07:32:26.5227137-07:00] [pid=23672] [2026.05.12-14.32.26:522][  0]LogConfig: Setting CVar [[r.SkyAtmosphere.FastSkyLUT.SampleCountMax:128.0]]
[2026-05-12T07:32:26.5227137-07:00] [pid=23672] [2026.05.12-14.32.26:522][  0]LogConfig: Setting CVar [[r.SkyAtmosphere.SampleCountMin:4.0]]
[2026-05-12T07:32:26.5227137-07:00] [pid=23672] [2026.05.12-14.32.26:522][  0]LogConfig: Setting CVar [[r.SkyAtmosphere.SampleCountMax:128.0]]
[2026-05-12T07:32:26.5227137-07:00] [pid=23672] [2026.05.12-14.32.26:522][  0]LogConfig: Setting CVar [[r.SkyAtmosphere.TransmittanceLUT.UseSmallFormat:0]]
[2026-05-12T07:32:26.5227137-07:00] [pid=23672] [2026.05.12-14.32.26:522][  0]LogConfig: Setting CVar [[r.SkyAtmosphere.TransmittanceLUT.SampleCount:10.0]]
[2026-05-12T07:32:26.5227137-07:00] [pid=23672] [2026.05.12-14.32.26:522][  0]LogConfig: Setting CVar [[r.SkyAtmosphere.MultiScatteringLUT.SampleCount:15.0]]
[2026-05-12T07:32:26.5227137-07:00] [pid=23672] [2026.05.12-14.32.26:522][  0]LogConfig: Setting CVar [[r.SkyLight.RealTimeReflectionCapture:1]]
[2026-05-12T07:32:26.5227137-07:00] [pid=23672] [2026.05.12-14.32.26:522][  0]LogConfig: Applying CVar settings from Section [FoliageQuality@3] File [C:/Users/kapil/OneDrive/Documents/Unreal Projects/testTP/Saved/Config/Windows/Scalability.ini]
[2026-05-12T07:32:26.5227137-07:00] [pid=23672] [2026.05.12-14.32.26:522][  0]LogConfig: Setting CVar [[foliage.DensityScale:1.0]]
[2026-05-12T07:32:26.5227137-07:00] [pid=23672] [2026.05.12-14.32.26:522][  0]LogConfig: Setting CVar [[grass.DensityScale:1.0]]
[2026-05-12T07:32:26.5227137-07:00] [pid=23672] [2026.05.12-14.32.26:522][  0]LogConfig: Applying CVar settings from Section [ShadingQuality@3] File [C:/Users/kapil/OneDrive/Documents/Unreal Projects/testTP/Saved/Config/Windows/Scalability.ini]
[2026-05-12T07:32:26.5227137-07:00] [pid=23672] [2026.05.12-14.32.26:522][  0]LogConfig: Setting CVar [[r.HairStrands.SkyLighting.IntegrationType:2]]
[2026-05-12T07:32:26.5227137-07:00] [pid=23672] [2026.05.12-14.32.26:522][  0]LogConfig: Setting CVar [[r.HairStrands.SkyAO.SampleCount:4]]
[2026-05-12T07:32:26.5227137-07:00] [pid=23672] [2026.05.12-14.32.26:522][  0]LogConfig: Setting CVar [[r.HairStrands.Visibility.MSAA.SamplePerPixel:4]]
[2026-05-12T07:32:26.5227137-07:00] [pid=23672] [2026.05.12-14.32.26:522][  0]LogInit: Selected Device Profile: [Windows]
[2026-05-12T07:32:26.5227137-07:00] [pid=23672] [2026.05.12-14.32.26:522][  0]LogInit: Applying CVar settings loaded from the selected device profile: [Windows]
[2026-05-12T07:32:26.5227137-07:00] [pid=23672] [2026.05.12-14.32.26:522][  0]LogHAL: Display: Platform has ~ 16 GB [16849256448 / 17179869184 / 16], which maps to Larger [LargestMinGB=32, LargerMinGB=12, DefaultMinGB=8, SmallerMinGB=6, SmallestMinGB=0)
[2026-05-12T07:32:26.5227137-07:00] [pid=23672] [2026.05.12-14.32.26:522][  0]LogInit: Going up to parent DeviceProfile []
[2026-05-12T07:32:26.5227137-07:00] [pid=23672] [2026.05.12-14.32.26:522][  0]LogConfig: Applying CVar settings from Section [ViewDistanceQuality@3] File [C:/Users/kapil/OneDrive/Documents/Unreal Projects/testTP/Saved/Config/Windows/Scalability.ini]
[2026-05-12T07:32:26.5227137-07:00] [pid=23672] [2026.05.12-14.32.26:522][  0]LogConfig: Setting CVar [[r.SkeletalMeshLODBias:0]]
[2026-05-12T07:32:26.5227137-07:00] [pid=23672] [2026.05.12-14.32.26:522][  0]LogConfig: Setting CVar [[r.ViewDistanceScale:1.0]]
[2026-05-12T07:32:26.5227137-07:00] [pid=23672] [2026.05.12-14.32.26:522][  0]LogConfig: Applying CVar settings from Section [AntiAliasingQuality@3] File [C:/Users/kapil/OneDrive/Documents/Unreal Projects/testTP/Saved/Config/Windows/Scalability.ini]
[2026-05-12T07:32:26.5227137-07:00] [pid=23672] [2026.05.12-14.32.26:522][  0]LogConfig: Setting CVar [[r.PostProcessAAQuality:4]]
[2026-05-12T07:32:26.5227137-07:00] [pid=23672] [2026.05.12-14.32.26:522][  0]LogConfig: Applying CVar settings from Section [ShadowQuality@3] File [C:/Users/kapil/OneDrive/Documents/Unreal Projects/testTP/Saved/Config/Windows/Scalability.ini]
[2026-05-12T07:32:26.5227137-07:00] [pid=23672] [2026.05.12-14.32.26:522][  0]LogConfig: Setting CVar [[r.LightFunctionQuality:1]]
[2026-05-12T07:32:26.5227137-07:00] [pid=23672] [2026.05.12-14.32.26:522][  0]LogConfig: Setting CVar [[r.ShadowQuality:5]]
[2026-05-12T07:32:26.5227137-07:00] [pid=23672] [2026.05.12-14.32.26:522][  0]LogConfig: Setting CVar [[r.Shadow.CSM.MaxCascades:10]]
[2026-05-12T07:32:26.5227137-07:00] [pid=23672] [2026.05.12-14.32.26:522][  0]LogConfig: Setting CVar [[r.Shadow.MaxResolution:2048]]
[2026-05-12T07:32:26.5237136-07:00] [pid=23672] [2026.05.12-14.32.26:522][  0]LogConfig: Setting CVar [[r.Shadow.MaxCSMResolution:2048]]
[2026-05-12T07:32:26.5237136-07:00] [pid=23672] [2026.05.12-14.32.26:523][  0]LogConfig: Setting CVar [[r.Shadow.RadiusThreshold:0.01]]
[2026-05-12T07:32:26.5237136-07:00] [pid=23672] [2026.05.12-14.32.26:523][  0]LogConfig: Setting CVar [[r.Shadow.DistanceScale:1.0]]
[2026-05-12T07:32:26.5237136-07:00] [pid=23672] [2026.05.12-14.32.26:523][  0]LogConfig: Setting CVar [[r.Shadow.CSM.TransitionScale:1.0]]
[2026-05-12T07:32:26.5237136-07:00] [pid=23672] [2026.05.12-14.32.26:523][  0]LogConfig: Setting CVar [[r.Shadow.PreShadowResolutionFactor:1.0]]
[2026-05-12T07:32:26.5237136-07:00] [pid=23672] [2026.05.12-14.32.26:523][  0]LogConfig: Setting CVar [[r.DistanceFieldShadowing:1]]
[2026-05-12T07:32:26.5237136-07:00] [pid=23672] [2026.05.12-14.32.26:523][  0]LogConfig: Setting CVar [[r.DistanceFieldAO:1]]
[2026-05-12T07:32:26.5237136-07:00] [pid=23672] [2026.05.12-14.32.26:523][  0]LogConfig: Setting CVar [[r.AOQuality:2]]
[2026-05-12T07:32:26.5237136-07:00] [pid=23672] [2026.05.12-14.32.26:523][  0]LogConfig: Setting CVar [[r.VolumetricFog:1]]
[2026-05-12T07:32:26.5237136-07:00] [pid=23672] [2026.05.12-14.32.26:523][  0]LogConfig: Setting CVar [[r.VolumetricFog.GridPixelSize:8]]
[2026-05-12T07:32:26.5237136-07:00] [pid=23672] [2026.05.12-14.32.26:523][  0]LogConfig: Setting CVar [[r.VolumetricFog.GridSizeZ:128]]
[2026-05-12T07:32:26.5237136-07:00] [pid=23672] [2026.05.12-14.32.26:523][  0]LogConfig: Setting CVar [[r.VolumetricFog.HistoryMissSupersampleCount:4]]
[2026-05-12T07:32:26.5237136-07:00] [pid=23672] [2026.05.12-14.32.26:523][  0]LogConfig: Setting CVar [[r.LightMaxDrawDistanceScale:1]]
[2026-05-12T07:32:26.5237136-07:00] [pid=23672] [2026.05.12-14.32.26:523][  0]LogConfig: Setting CVar [[r.CapsuleShadows:1]]
[2026-05-12T07:32:26.5237136-07:00] [pid=23672] [2026.05.12-14.32.26:523][  0]LogConfig: Applying CVar settings from Section [PostProcessQuality@3] File [C:/Users/kapil/OneDrive/Documents/Unreal Projects/testTP/Saved/Config/Windows/Scalability.ini]
[2026-05-12T07:32:26.5237136-07:00] [pid=23672] [2026.05.12-14.32.26:523][  0]LogConfig: Setting CVar [[r.MotionBlurQuality:4]]
[2026-05-12T07:32:26.5237136-07:00] [pid=23672] [2026.05.12-14.32.26:523][  0]LogConfig: Setting CVar [[r.AmbientOcclusionMipLevelFactor:0.4]]
[2026-05-12T07:32:26.5237136-07:00] [pid=23672] [2026.05.12-14.32.26:523][  0]LogConfig: Setting CVar [[r.AmbientOcclusionMaxQuality:100]]
[2026-05-12T07:32:26.5237136-07:00] [pid=23672] [2026.05.12-14.32.26:523][  0]LogConfig: Setting CVar [[r.AmbientOcclusionLevels:-1]]
[2026-05-12T07:32:26.5237136-07:00] [pid=23672] [2026.05.12-14.32.26:523][  0]LogConfig: Setting CVar [[r.AmbientOcclusionRadiusScale:1.0]]
[2026-05-12T07:32:26.5237136-07:00] [pid=23672] [2026.05.12-14.32.26:523][  0]LogConfig: Setting CVar [[r.DepthOfFieldQuality:2]]
[2026-05-12T07:32:26.5237136-07:00] [pid=23672] [2026.05.12-14.32.26:523][  0]LogConfig: Setting CVar [[r.RenderTargetPoolMin:400]]
[2026-05-12T07:32:26.5237136-07:00] [pid=23672] [2026.05.12-14.32.26:523][  0]LogConfig: Setting CVar [[r.LensFlareQuality:2]]
[2026-05-12T07:32:26.5237136-07:00] [pid=23672] [2026.05.12-14.32.26:523][  0]LogConfig: Setting CVar [[r.SceneColorFringeQuality:1]]
[2026-05-12T07:32:26.5237136-07:00] [pid=23672] [2026.05.12-14.32.26:523][  0]LogConfig: Setting CVar [[r.EyeAdaptationQuality:2]]
[2026-05-12T07:32:26.5237136-07:00] [pid=23672] [2026.05.12-14.32.26:523][  0]LogConfig: Setting CVar [[r.BloomQuality:5]]
[2026-05-12T07:32:26.5237136-07:00] [pid=23672] [2026.05.12-14.32.26:523][  0]LogConfig: Setting CVar [[r.FastBlurThreshold:100]]
[2026-05-12T07:32:26.5237136-07:00] [pid=23672] [2026.05.12-14.32.26:523][  0]LogConfig: Setting CVar [[r.Upscale.Quality:3]]
[2026-05-12T07:32:26.5237136-07:00] [pid=23672] [2026.05.12-14.32.26:523][  0]LogConfig: Setting CVar [[r.Tonemapper.GrainQuantization:1]]
[2026-05-12T07:32:26.5237136-07:00] [pid=23672] [2026.05.12-14.32.26:523][  0]LogConfig: Setting CVar [[r.LightShaftQuality:1]]
[2026-05-12T07:32:26.5237136-07:00] [pid=23672] [2026.05.12-14.32.26:523][  0]LogConfig: Setting CVar [[r.Filter.SizeScale:1]]
[2026-05-12T07:32:26.5237136-07:00] [pid=23672] [2026.05.12-14.32.26:523][  0]LogConfig: Setting CVar [[r.Tonemapper.Quality:5]]
[2026-05-12T07:32:26.5237136-07:00] [pid=23672] [2026.05.12-14.32.26:523][  0]LogConfig: Setting CVar [[r.DOF.Gather.AccumulatorQuality:1        ; higher gathering accumulator quality]]
[2026-05-12T07:32:26.5237136-07:00] [pid=23672] [2026.05.12-14.32.26:523][  0]LogConfig: Setting CVar [[r.DOF.Gather.PostfilterMethod:1          ; Median3x3 postfilering method]]
[2026-05-12T07:32:26.5237136-07:00] [pid=23672] [2026.05.12-14.32.26:523][  0]LogConfig: Setting CVar [[r.DOF.Gather.EnableBokehSettings:0       ; no bokeh simulation when gathering]]
[2026-05-12T07:32:26.5237136-07:00] [pid=23672] [2026.05.12-14.32.26:523][  0]LogConfig: Setting CVar [[r.DOF.Gather.RingCount:4                 ; medium number of samples when gathering]]
[2026-05-12T07:32:26.5237136-07:00] [pid=23672] [2026.05.12-14.32.26:523][  0]LogConfig: Setting CVar [[r.DOF.Scatter.ForegroundCompositing:1    ; additive foreground scattering]]
[2026-05-12T07:32:26.5237136-07:00] [pid=23672] [2026.05.12-14.32.26:523][  0]LogConfig: Setting CVar [[r.DOF.Scatter.BackgroundCompositing:2    ; additive background scattering]]
[2026-05-12T07:32:26.5237136-07:00] [pid=23672] [2026.05.12-14.32.26:523][  0]LogConfig: Setting CVar [[r.DOF.Scatter.EnableBokehSettings:1      ; bokeh simulation when scattering]]
[2026-05-12T07:32:26.5237136-07:00] [pid=23672] [2026.05.12-14.32.26:523][  0]LogConfig: Setting CVar [[r.DOF.Scatter.MaxSpriteRatio:0.1         ; only a maximum of 10% of scattered bokeh]]
[2026-05-12T07:32:26.5237136-07:00] [pid=23672] [2026.05.12-14.32.26:523][  0]LogConfig: Setting CVar [[r.DOF.Recombine.Quality:1                ; cheap slight out of focus]]
[2026-05-12T07:32:26.5237136-07:00] [pid=23672] [2026.05.12-14.32.26:523][  0]LogConfig: Setting CVar [[r.DOF.Recombine.EnableBokehSettings:0    ; no bokeh simulation on slight out of focus]]
[2026-05-12T07:32:26.5237136-07:00] [pid=23672] [2026.05.12-14.32.26:523][  0]LogConfig: Setting CVar [[r.DOF.TemporalAAQuality:1                ; more stable temporal accumulation]]
[2026-05-12T07:32:26.5237136-07:00] [pid=23672] [2026.05.12-14.32.26:523][  0]LogConfig: Setting CVar [[r.DOF.Kernel.MaxForegroundRadius:0.025]]
[2026-05-12T07:32:26.5237136-07:00] [pid=23672] [2026.05.12-14.32.26:523][  0]LogConfig: Setting CVar [[r.DOF.Kernel.MaxBackgroundRadius:0.025]]
[2026-05-12T07:32:26.5237136-07:00] [pid=23672] [2026.05.12-14.32.26:523][  0]LogConfig: Applying CVar settings from Section [TextureQuality@3] File [C:/Users/kapil/OneDrive/Documents/Unreal Projects/testTP/Saved/Config/Windows/Scalability.ini]
[2026-05-12T07:32:26.5237136-07:00] [pid=23672] [2026.05.12-14.32.26:523][  0]LogConfig: Setting CVar [[r.Streaming.MipBias:0]]
[2026-05-12T07:32:26.5237136-07:00] [pid=23672] [2026.05.12-14.32.26:523][  0]LogConfig: Setting CVar [[r.Streaming.AmortizeCPUToGPUCopy:0]]
[2026-05-12T07:32:26.5237136-07:00] [pid=23672] [2026.05.12-14.32.26:523][  0]LogConfig: Setting CVar [[r.Streaming.MaxNumTexturesToStreamPerFrame:0]]
[2026-05-12T07:32:26.5237136-07:00] [pid=23672] [2026.05.12-14.32.26:523][  0]LogConfig: Setting CVar [[r.Streaming.Boost:1]]
[2026-05-12T07:32:26.5237136-07:00] [pid=23672] [2026.05.12-14.32.26:523][  0]LogConfig: Setting CVar [[r.MaxAnisotropy:8]]
[2026-05-12T07:32:26.5237136-07:00] [pid=23672] [2026.05.12-14.32.26:523][  0]LogConfig: Setting CVar [[r.VT.MaxAnisotropy:8]]
[2026-05-12T07:32:26.5237136-07:00] [pid=23672] [2026.05.12-14.32.26:523][  0]LogConfig: Setting CVar [[r.Streaming.LimitPoolSizeToVRAM:0]]
[2026-05-12T07:32:26.5252254-07:00] [pid=23672] [2026.05.12-14.32.26:523][  0]LogConfig: Setting CVar [[r.Streaming.PoolSize:1000]]
[2026-05-12T07:32:26.5252254-07:00] [pid=23672] [2026.05.12-14.32.26:525][  0]LogConfig: Setting CVar [[r.Streaming.MaxEffectiveScreenSize:0]]
[2026-05-12T07:32:26.5252254-07:00] [pid=23672] [2026.05.12-14.32.26:525][  0]LogConfig: Applying CVar settings from Section [EffectsQuality@3] File [C:/Users/kapil/OneDrive/Documents/Unreal Projects/testTP/Saved/Config/Windows/Scalability.ini]
[2026-05-12T07:32:26.5252254-07:00] [pid=23672] [2026.05.12-14.32.26:525][  0]LogConfig: Setting CVar [[r.TranslucencyLightingVolumeDim:64]]
[2026-05-12T07:32:26.5252254-07:00] [pid=23672] [2026.05.12-14.32.26:525][  0]LogConfig: Setting CVar [[r.RefractionQuality:2]]
[2026-05-12T07:32:26.5252254-07:00] [pid=23672] [2026.05.12-14.32.26:525][  0]LogConfig: Setting CVar [[r.SSR.Quality:3]]
[2026-05-12T07:32:26.5252254-07:00] [pid=23672] [2026.05.12-14.32.26:525][  0]LogConfig: Setting CVar [[r.SSR.HalfResSceneColor:0]]
[2026-05-12T07:32:26.5252254-07:00] [pid=23672] [2026.05.12-14.32.26:525][  0]LogConfig: Setting CVar [[r.SceneColorFormat:4]]
[2026-05-12T07:32:26.5252254-07:00] [pid=23672] [2026.05.12-14.32.26:525][  0]LogConfig: Setting CVar [[r.DetailMode:2]]
[2026-05-12T07:32:26.5252254-07:00] [pid=23672] [2026.05.12-14.32.26:525][  0]LogConfig: Setting CVar [[r.TranslucencyVolumeBlur:1]]
[2026-05-12T07:32:26.5252254-07:00] [pid=23672] [2026.05.12-14.32.26:525][  0]LogConfig: Setting CVar [[r.MaterialQualityLevel:1 ; High quality]]
[2026-05-12T07:32:26.5252254-07:00] [pid=23672] [2026.05.12-14.32.26:525][  0]LogConfig: Setting CVar [[r.AnisotropicMaterials:1]]
[2026-05-12T07:32:26.5252254-07:00] [pid=23672] [2026.05.12-14.32.26:525][  0]LogConfig: Setting CVar [[r.SSS.Scale:1]]
[2026-05-12T07:32:26.5252254-07:00] [pid=23672] [2026.05.12-14.32.26:525][  0]LogConfig: Setting CVar [[r.SSS.SampleSet:2]]
[2026-05-12T07:32:26.5252254-07:00] [pid=23672] [2026.05.12-14.32.26:525][  0]LogConfig: Setting CVar [[r.SSS.Quality:1]]
[2026-05-12T07:32:26.5252254-07:00] [pid=23672] [2026.05.12-14.32.26:525][  0]LogConfig: Setting CVar [[r.SSS.HalfRes:0]]
[2026-05-12T07:32:26.5252254-07:00] [pid=23672] [2026.05.12-14.32.26:525][  0]LogConfig: Setting CVar [[r.SSGI.Quality:3]]
[2026-05-12T07:32:26.5252254-07:00] [pid=23672] [2026.05.12-14.32.26:525][  0]LogConfig: Setting CVar [[r.EmitterSpawnRateScale:1.0]]
[2026-05-12T07:32:26.5252254-07:00] [pid=23672] [2026.05.12-14.32.26:525][  0]LogConfig: Setting CVar [[r.ParticleLightQuality:2]]
[2026-05-12T07:32:26.5252254-07:00] [pid=23672] [2026.05.12-14.32.26:525][  0]LogConfig: Setting CVar [[r.SkyAtmosphere.AerialPerspectiveLUT.FastApplyOnOpaque:1 ; Always have FastSkyLUT 1 in this case to avoid wrong sky]]
[2026-05-12T07:32:26.5252254-07:00] [pid=23672] [2026.05.12-14.32.26:525][  0]LogConfig: Setting CVar [[r.SkyAtmosphere.AerialPerspectiveLUT.SampleCountMaxPerSlice:4]]
[2026-05-12T07:32:26.5252254-07:00] [pid=23672] [2026.05.12-14.32.26:525][  0]LogConfig: Setting CVar [[r.SkyAtmosphere.AerialPerspectiveLUT.DepthResolution:16.0]]
[2026-05-12T07:32:26.5252254-07:00] [pid=23672] [2026.05.12-14.32.26:525][  0]LogConfig: Setting CVar [[r.SkyAtmosphere.FastSkyLUT:1]]
[2026-05-12T07:32:26.5252254-07:00] [pid=23672] [2026.05.12-14.32.26:525][  0]LogConfig: Setting CVar [[r.SkyAtmosphere.FastSkyLUT.SampleCountMin:4.0]]
[2026-05-12T07:32:26.5252254-07:00] [pid=23672] [2026.05.12-14.32.26:525][  0]LogConfig: Setting CVar [[r.SkyAtmosphere.FastSkyLUT.SampleCountMax:128.0]]
[2026-05-12T07:32:26.5252254-07:00] [pid=23672] [2026.05.12-14.32.26:525][  0]LogConfig: Setting CVar [[r.SkyAtmosphere.SampleCountMin:4.0]]
[2026-05-12T07:32:26.5252254-07:00] [pid=23672] [2026.05.12-14.32.26:525][  0]LogConfig: Setting CVar [[r.SkyAtmosphere.SampleCountMax:128.0]]
[2026-05-12T07:32:26.5252254-07:00] [pid=23672] [2026.05.12-14.32.26:525][  0]LogConfig: Setting CVar [[r.SkyAtmosphere.TransmittanceLUT.UseSmallFormat:0]]
[2026-05-12T07:32:26.5252254-07:00] [pid=23672] [2026.05.12-14.32.26:525][  0]LogConfig: Setting CVar [[r.SkyAtmosphere.TransmittanceLUT.SampleCount:10.0]]
[2026-05-12T07:32:26.5252254-07:00] [pid=23672] [2026.05.12-14.32.26:525][  0]LogConfig: Setting CVar [[r.SkyAtmosphere.MultiScatteringLUT.SampleCount:15.0]]
[2026-05-12T07:32:26.5252254-07:00] [pid=23672] [2026.05.12-14.32.26:525][  0]LogConfig: Setting CVar [[r.SkyLight.RealTimeReflectionCapture:1]]
[2026-05-12T07:32:26.5252254-07:00] [pid=23672] [2026.05.12-14.32.26:525][  0]LogConfig: Applying CVar settings from Section [FoliageQuality@3] File [C:/Users/kapil/OneDrive/Documents/Unreal Projects/testTP/Saved/Config/Windows/Scalability.ini]
[2026-05-12T07:32:26.5252254-07:00] [pid=23672] [2026.05.12-14.32.26:525][  0]LogConfig: Setting CVar [[foliage.DensityScale:1.0]]
[2026-05-12T07:32:26.5252254-07:00] [pid=23672] [2026.05.12-14.32.26:525][  0]LogConfig: Setting CVar [[grass.DensityScale:1.0]]
[2026-05-12T07:32:26.5252254-07:00] [pid=23672] [2026.05.12-14.32.26:525][  0]LogConfig: Applying CVar settings from Section [ShadingQuality@3] File [C:/Users/kapil/OneDrive/Documents/Unreal Projects/testTP/Saved/Config/Windows/Scalability.ini]
[2026-05-12T07:32:26.5252254-07:00] [pid=23672] [2026.05.12-14.32.26:525][  0]LogConfig: Setting CVar [[r.HairStrands.SkyLighting.IntegrationType:2]]
[2026-05-12T07:32:26.5262382-07:00] [pid=23672] [2026.05.12-14.32.26:525][  0]LogConfig: Setting CVar [[r.HairStrands.SkyAO.SampleCount:4]]
[2026-05-12T07:32:26.5262382-07:00] [pid=23672] [2026.05.12-14.32.26:526][  0]LogConfig: Setting CVar [[r.HairStrands.Visibility.MSAA.SamplePerPixel:4]]
[2026-05-12T07:32:26.5262382-07:00] [pid=23672] [2026.05.12-14.32.26:526][  0]LogConfig: Applying CVar settings from Section [Startup] File [../../../Engine/Config/ConsoleVariables.ini]
[2026-05-12T07:32:26.5262382-07:00] [pid=23672] [2026.05.12-14.32.26:526][  0]LogConfig: Setting CVar [[net.UseAdaptiveNetUpdateFrequency:0]]
[2026-05-12T07:32:26.5262382-07:00] [pid=23672] [2026.05.12-14.32.26:526][  0]LogConfig: Setting CVar [[p.chaos.AllowCreatePhysxBodies:1]]
[2026-05-12T07:32:26.5262382-07:00] [pid=23672] [2026.05.12-14.32.26:526][  0]LogConfig: Setting CVar [[fx.SkipVectorVMBackendOptimizations:1]]
[2026-05-12T07:32:26.5272464-07:00] [pid=23672] [2026.05.12-14.32.26:526][  0]LogConfig: Applying CVar settings from Section [ConsoleVariables] File [C:/Users/kapil/OneDrive/Documents/Unreal Projects/testTP/Saved/Config/Windows/Engine.ini]
[2026-05-12T07:32:26.5272464-07:00] [pid=23672] [2026.05.12-14.32.26:527][  0]LogConfig: Applying CVar settings from Section [ConsoleVariables] File [C:/Users/kapil/OneDrive/Documents/Unreal Projects/testTP/Saved/Config/Windows/Editor.ini]
[2026-05-12T07:32:26.5272464-07:00] [pid=23672] [2026.05.12-14.32.26:527][  0]LogInit: Computer: IMMERSEDEMOM5
[2026-05-12T07:32:26.5272464-07:00] [pid=23672] [2026.05.12-14.32.26:527][  0]LogInit: User: kapil
[2026-05-12T07:32:26.5272464-07:00] [pid=23672] [2026.05.12-14.32.26:527][  0]LogInit: CPU Page size=4096, Cores=14
[2026-05-12T07:32:26.5272464-07:00] [pid=23672] [2026.05.12-14.32.26:527][  0]LogInit: High frequency timer resolution =10.000000 MHz
[2026-05-12T07:32:26.5272464-07:00] [pid=23672] [2026.05.12-14.32.26:527][  0]LogMemory: Memory total: Physical=15.7GB (16GB approx)
[2026-05-12T07:32:26.5272464-07:00] [pid=23672] [2026.05.12-14.32.26:527][  0]LogMemory: Platform Memory Stats for Windows
[2026-05-12T07:32:26.5272464-07:00] [pid=23672] [2026.05.12-14.32.26:527][  0]LogMemory: Process Physical Memory: 152.34 MB used, 152.34 MB peak
[2026-05-12T07:32:26.5272464-07:00] [pid=23672] [2026.05.12-14.32.26:527][  0]LogMemory: Process Virtual Memory: 131.15 MB used, 131.15 MB peak
[2026-05-12T07:32:26.5272464-07:00] [pid=23672] [2026.05.12-14.32.26:527][  0]LogMemory: Physical Memory: 12715.73 MB used,  3352.97 MB free, 16068.70 MB total
[2026-05-12T07:32:26.5272464-07:00] [pid=23672] [2026.05.12-14.32.26:527][  0]LogMemory: Virtual Memory: 134210536.00 MB used,  7195.66 MB free, 134217728.00 MB total
[2026-05-12T07:32:26.5317740-07:00] [pid=23672] [2026.05.12-14.32.26:531][  0]LogWindows: WindowsPlatformFeatures enabled
[2026-05-12T07:32:26.5750055-07:00] [pid=23672] [2026.05.12-14.32.26:575][  0]LogInit: Physics initialised using underlying interface: PhysX
[2026-05-12T07:32:26.5760261-07:00] [pid=23672] [2026.05.12-14.32.26:576][  0]LogInit: Using OS detected language (en-US).
[2026-05-12T07:32:26.5760261-07:00] [pid=23672] [2026.05.12-14.32.26:576][  0]LogInit: Using OS detected locale (en-US).
[2026-05-12T07:32:26.5805565-07:00] [pid=23672] [2026.05.12-14.32.26:580][  0]LogTextLocalizationManager: No specific localization for 'en-US' exists, so the 'en' localization will be used.
[2026-05-12T07:32:26.7696374-07:00] [pid=23672] [2026.05.12-14.32.26:769][  0]LogWindowsTextInputMethodSystem: Display: IME system deactivated.
[2026-05-12T07:32:26.7827015-07:00] [pid=23672] [2026.05.12-14.32.26:782][  0]LogSlate: New Slate User Created.  User Index 0, Is Virtual User: 0
[2026-05-12T07:32:26.7827015-07:00] [pid=23672] [2026.05.12-14.32.26:782][  0]LogSlate: Slate User Registered.  User Index 0, Is Virtual User: 0
[2026-05-12T07:32:26.7917628-07:00] [pid=23672] [2026.05.12-14.32.26:791][  0]LogD3D11RHI: Loaded GFSDK_Aftermath_Lib.x64.dll
[2026-05-12T07:32:26.8359988-07:00] [pid=23672] [2026.05.12-14.32.26:834][  0]LogHMD: Failed to initialize OpenVR with code 110
[2026-05-12T07:32:26.8359988-07:00] [pid=23672] [2026.05.12-14.32.26:835][  0]LogD3D11RHI: D3D11 min allowed feature level: 11_0
[2026-05-12T07:32:26.8359988-07:00] [pid=23672] [2026.05.12-14.32.26:835][  0]LogD3D11RHI: D3D11 max allowed feature level: 11_0
[2026-05-12T07:32:26.8359988-07:00] [pid=23672] [2026.05.12-14.32.26:835][  0]LogD3D11RHI: D3D11 adapters:
[2026-05-12T07:32:26.9986437-07:00] [pid=23672] [2026.05.12-14.32.26:998][  0]LogD3D11RHI:    0. 'NVIDIA GeForce RTX 4060 Laptop GPU' (Feature Level 11_0)
[2026-05-12T07:32:26.9986437-07:00] [pid=23672] [2026.05.12-14.32.26:998][  0]LogD3D11RHI:       7957/0/8034 MB DedicatedVideo/DedicatedSystem/SharedSystem, Outputs:1, VendorId:0x10de
[2026-05-12T07:32:27.0237801-07:00] [pid=23672] [2026.05.12-14.32.27:023][  0]LogD3D11RHI:    1. 'Intel(R) UHD Graphics' (Feature Level 11_0)
[2026-05-12T07:32:27.0237801-07:00] [pid=23672] [2026.05.12-14.32.27:023][  0]LogD3D11RHI:       128/0/8034 MB DedicatedVideo/DedicatedSystem/SharedSystem, Outputs:0, VendorId:0x8086
[2026-05-12T07:32:27.0263090-07:00] [pid=23672] [2026.05.12-14.32.27:026][  0]LogD3D11RHI:    2. 'Microsoft Basic Render Driver' (Feature Level 11_0)
[2026-05-12T07:32:27.0263090-07:00] [pid=23672] [2026.05.12-14.32.27:026][  0]LogD3D11RHI:       0/0/8034 MB DedicatedVideo/DedicatedSystem/SharedSystem, Outputs:0, VendorId:0x1414
[2026-05-12T07:32:27.0263090-07:00] [pid=23672] [2026.05.12-14.32.27:026][  0]LogD3D11RHI: Chosen D3D11 Adapter:
[2026-05-12T07:32:27.0273103-07:00] [pid=23672] [2026.05.12-14.32.27:026][  0]LogD3D11RHI:     Description : NVIDIA GeForce RTX 4060 Laptop GPU
[2026-05-12T07:32:27.0273103-07:00] [pid=23672] [2026.05.12-14.32.27:027][  0]LogD3D11RHI:     VendorId    : 10de
[2026-05-12T07:32:27.0273103-07:00] [pid=23672] [2026.05.12-14.32.27:027][  0]LogD3D11RHI:     DeviceId    : 28e0
[2026-05-12T07:32:27.0273103-07:00] [pid=23672] [2026.05.12-14.32.27:027][  0]LogD3D11RHI:     SubSysId    : bf81028
[2026-05-12T07:32:27.0273103-07:00] [pid=23672] [2026.05.12-14.32.27:027][  0]LogD3D11RHI:     Revision    : 00a1
[2026-05-12T07:32:27.0273103-07:00] [pid=23672] [2026.05.12-14.32.27:027][  0]LogD3D11RHI:     DedicatedVideoMemory : 8343519232 bytes
[2026-05-12T07:32:27.0273103-07:00] [pid=23672] [2026.05.12-14.32.27:027][  0]LogD3D11RHI:     DedicatedSystemMemory : 0 bytes
[2026-05-12T07:32:27.0273103-07:00] [pid=23672] [2026.05.12-14.32.27:027][  0]LogD3D11RHI:     SharedSystemMemory : 8424628224 bytes
[2026-05-12T07:32:27.0273103-07:00] [pid=23672] [2026.05.12-14.32.27:027][  0]LogD3D11RHI:     AdapterLuid : 0 75339
[2026-05-12T07:32:27.0338457-07:00] [pid=23672] [2026.05.12-14.32.27:033][  0]LogD3D11RHI: Creating new Direct3DDevice
[2026-05-12T07:32:27.0338457-07:00] [pid=23672] [2026.05.12-14.32.27:033][  0]LogD3D11RHI:     GPU DeviceId: 0x28e0 (for the marketing name, search the web for "GPU Device Id")
[2026-05-12T07:32:27.0338457-07:00] [pid=23672] [2026.05.12-14.32.27:033][  0]LogWindows: EnumDisplayDevices:
[2026-05-12T07:32:27.0338457-07:00] [pid=23672] [2026.05.12-14.32.27:033][  0]LogWindows:    0. 'Intel(R) UHD Graphics' (P:1 D:1)
[2026-05-12T07:32:27.0338457-07:00] [pid=23672] [2026.05.12-14.32.27:033][  0]LogWindows:    1. 'Intel(R) UHD Graphics' (P:0 D:0)
[2026-05-12T07:32:27.0338457-07:00] [pid=23672] [2026.05.12-14.32.27:033][  0]LogWindows:    2. 'Intel(R) UHD Graphics' (P:0 D:0)
[2026-05-12T07:32:27.0353553-07:00] [pid=23672] [2026.05.12-14.32.27:035][  0]LogWindows:    3. 'Intel(R) UHD Graphics' (P:0 D:0)
[2026-05-12T07:32:27.0353553-07:00] [pid=23672] [2026.05.12-14.32.27:035][  0]LogWindows:    4. 'NVIDIA GeForce RTX 4060 Laptop GPU' (P:0 D:0)
[2026-05-12T07:32:27.0353553-07:00] [pid=23672] [2026.05.12-14.32.27:035][  0]LogWindows: DebugString: PrimaryIsNotTheChoosenAdapter PrimaryIsNotTheChoosenAdapter PrimaryIsNotTheChoosenAdapter PrimaryIsNotTheChoosenAdapter 
[2026-05-12T07:32:27.0353553-07:00] [pid=23672] [2026.05.12-14.32.27:035][  0]LogD3D11RHI:     Adapter Name: NVIDIA GeForce RTX 4060 Laptop GPU
[2026-05-12T07:32:27.0353553-07:00] [pid=23672] [2026.05.12-14.32.27:035][  0]LogD3D11RHI:   Driver Version: 581.95 (internal:32.0.15.8195, unified:581.95)
[2026-05-12T07:32:27.0353553-07:00] [pid=23672] [2026.05.12-14.32.27:035][  0]LogD3D11RHI:      Driver Date: 11-18-2025
[2026-05-12T07:32:27.0353553-07:00] [pid=23672] [2026.05.12-14.32.27:035][  0]LogRHI: Texture pool is 5569 MB (70% of 7957 MB)
[2026-05-12T07:32:27.0353553-07:00] [pid=23672] [2026.05.12-14.32.27:035][  0]LogD3D11RHI: Creating D3DDevice using adapter:
[2026-05-12T07:32:27.0353553-07:00] [pid=23672] [2026.05.12-14.32.27:035][  0]LogD3D11RHI:     Description : NVIDIA GeForce RTX 4060 Laptop GPU
[2026-05-12T07:32:27.0353553-07:00] [pid=23672] [2026.05.12-14.32.27:035][  0]LogD3D11RHI:     VendorId    : 10de
[2026-05-12T07:32:27.0353553-07:00] [pid=23672] [2026.05.12-14.32.27:035][  0]LogD3D11RHI:     DeviceId    : 28e0
[2026-05-12T07:32:27.0353553-07:00] [pid=23672] [2026.05.12-14.32.27:035][  0]LogD3D11RHI:     SubSysId    : bf81028
[2026-05-12T07:32:27.0353553-07:00] [pid=23672] [2026.05.12-14.32.27:035][  0]LogD3D11RHI:     Revision    : 00a1
[2026-05-12T07:32:27.0353553-07:00] [pid=23672] [2026.05.12-14.32.27:035][  0]LogD3D11RHI:     DedicatedVideoMemory : 8343519232 bytes
[2026-05-12T07:32:27.0353553-07:00] [pid=23672] [2026.05.12-14.32.27:035][  0]LogD3D11RHI:     DedicatedSystemMemory : 0 bytes
[2026-05-12T07:32:27.0353553-07:00] [pid=23672] [2026.05.12-14.32.27:035][  0]LogD3D11RHI:     SharedSystemMemory : 8424628224 bytes
[2026-05-12T07:32:27.0353553-07:00] [pid=23672] [2026.05.12-14.32.27:035][  0]LogD3D11RHI:     AdapterLuid : 0 75339
[2026-05-12T07:32:27.1509350-07:00] [pid=23672] [2026.05.12-14.32.27:150][  0]LogD3D11RHI: RHI has support for 64 bit atomics
[2026-05-12T07:32:27.1509350-07:00] [pid=23672] [2026.05.12-14.32.27:150][  0]LogD3D11RHI: Async texture creation enabled
[2026-05-12T07:32:27.1509350-07:00] [pid=23672] [2026.05.12-14.32.27:150][  0]LogD3D11RHI: Array index from any shader is supported
[2026-05-12T07:32:27.1619541-07:00] [pid=23672] [2026.05.12-14.32.27:161][  0]LogD3D11RHI: GPU Timing Frequency: 1000.000000 (Debug: 2 1)
[2026-05-12T07:32:27.1860809-07:00] [pid=23672] [2026.05.12-14.32.27:186][  0]LogRHI: GeForceNow SDK initialized: 1
[2026-05-12T07:32:27.3559865-07:00] [pid=24936] MacPlatformFactory.RegisterBuildPlatforms: UnrealBuildTool.MacPlatformSDK using manually installed SDK
[2026-05-12T07:32:27.3660275-07:00] [pid=24936] TVOSPlatformFactory.RegisterBuildPlatforms: UnrealBuildTool.IOSPlatformSDK has no valid SDK
[2026-05-12T07:32:27.3680435-07:00] [pid=24936] AndroidPlatformFactory.RegisterBuildPlatforms: UnrealBuildTool.AndroidPlatformSDK has no valid SDK
[2026-05-12T07:32:27.3685586-07:00] [pid=24936] HoloLensPlatformFactory.RegisterBuildPlatforms: UnrealBuildTool.HoloLensPlatformSDK using manually installed SDK
[2026-05-12T07:32:27.3715669-07:00] [pid=24936] IOSPlatformFactory.RegisterBuildPlatforms: UnrealBuildTool.IOSPlatformSDK has no valid SDK
[2026-05-12T07:32:27.3730933-07:00] [pid=24936] LinuxPlatformFactory.RegisterBuildPlatforms: UnrealBuildTool.LinuxPlatformSDK has no valid SDK
[2026-05-12T07:32:27.3740918-07:00] [pid=24936] LuminSDKVersionHelper.HasAnySDK: *** Unable to determine MLSDK location ***
[2026-05-12T07:32:27.3740918-07:00] [pid=24936] LuminSDKVersionHelper.HasAnySDK: *** Unable to determine MLSDK location ***
[2026-05-12T07:32:27.3740918-07:00] [pid=24936] LuminPlatformFactory.RegisterBuildPlatforms: UnrealBuildTool.LuminPlatformSDK has no valid SDK
[2026-05-12T07:32:27.3750846-07:00] [pid=24936] WindowsPlatformFactory.RegisterBuildPlatforms: UnrealBuildTool.WindowsPlatformSDK using manually installed SDK
[2026-05-12T07:32:27.3806280-07:00] [pid=24936] ValidatePlatformsMode.Execute: ##PlatformValidate: Win32 VALID
[2026-05-12T07:32:27.3806280-07:00] [pid=24936] ValidatePlatformsMode.Execute: ##PlatformValidate: Win64 VALID
[2026-05-12T07:32:27.3806280-07:00] [pid=24936] ValidatePlatformsMode.Execute: ##PlatformValidate: HoloLens VALID
[2026-05-12T07:32:27.3806280-07:00] [pid=24936] ValidatePlatformsMode.Execute: ##PlatformValidate: Mac VALID
[2026-05-12T07:32:27.3806280-07:00] [pid=24936] ValidatePlatformsMode.Execute: ##PlatformValidate: XboxOne INVALID
[2026-05-12T07:32:27.3806280-07:00] [pid=24936] ValidatePlatformsMode.Execute: ##PlatformValidate: PS4 INVALID
[2026-05-12T07:32:27.3806280-07:00] [pid=24936] ValidatePlatformsMode.Execute: ##PlatformValidate: IOS INVALID
[2026-05-12T07:32:27.3806280-07:00] [pid=24936] ValidatePlatformsMode.Execute: ##PlatformValidate: Android INVALID
[2026-05-12T07:32:27.3806280-07:00] [pid=24936] ValidatePlatformsMode.Execute: ##PlatformValidate: HTML5 INVALID
[2026-05-12T07:32:27.3806280-07:00] [pid=24936] ValidatePlatformsMode.Execute: ##PlatformValidate: Linux INVALID
[2026-05-12T07:32:27.3806280-07:00] [pid=24936] ValidatePlatformsMode.Execute: ##PlatformValidate: LinuxAArch64 INVALID
[2026-05-12T07:32:27.3806280-07:00] [pid=24936] ValidatePlatformsMode.Execute: ##PlatformValidate: AllDesktop INVALID
[2026-05-12T07:32:27.3806280-07:00] [pid=24936] ValidatePlatformsMode.Execute: ##PlatformValidate: TVOS INVALID
[2026-05-12T07:32:27.3816274-07:00] [pid=24936] ValidatePlatformsMode.Execute: ##PlatformValidate: Switch INVALID
[2026-05-12T07:32:27.3816274-07:00] [pid=24936] ValidatePlatformsMode.Execute: ##PlatformValidate: Lumin INVALID
[2026-05-12T07:32:27.3826392-07:00] [pid=24936] Timeline.Print: Timeline:
[2026-05-12T07:32:27.3836281-07:00] [pid=24936] Timeline.Print: 
[2026-05-12T07:32:27.3836281-07:00] [pid=24936] Timeline.Print: [ 0.000]
[2026-05-12T07:32:27.3836281-07:00] [pid=24936] Timeline.Print: [ 0.015](+0.064) XmlConfig.ReadConfigFiles()
[2026-05-12T07:32:27.3851312-07:00] [pid=24936] Timeline.Print: [ 0.079](+0.000) SingleInstanceMutex.Acquire()
[2026-05-12T07:32:27.3851312-07:00] [pid=24936] Timeline.Print: [ 0.079](+0.046) UEBuildPlatform.RegisterPlatforms()
[2026-05-12T07:32:27.3851312-07:00] [pid=24936] Timeline.Print:   0.080          [ 0.000](+0.021) Initializing InstalledPlatformInfo
[2026-05-12T07:32:27.3851312-07:00] [pid=24936] Timeline.Print:   0.101          [ 0.021](+0.000) Querying types
[2026-05-12T07:32:27.3851312-07:00] [pid=24936] Timeline.Print:   0.102          [ 0.022](+0.011) MacPlatformFactory
[2026-05-12T07:32:27.3851312-07:00] [pid=24936] Timeline.Print:   0.114          [ 0.034](+0.003) TVOSPlatformFactory
[2026-05-12T07:32:27.3851312-07:00] [pid=24936] Timeline.Print:   0.117          [ 0.038](+0.002) AndroidPlatformFactory
[2026-05-12T07:32:27.3851312-07:00] [pid=24936] Timeline.Print:   0.119          [ 0.040](+0.001) HoloLensPlatformFactory
[2026-05-12T07:32:27.3851312-07:00] [pid=24936] Timeline.Print:   0.120          [ 0.041](+0.001) IOSPlatformFactory
[2026-05-12T07:32:27.3851312-07:00] [pid=24936] Timeline.Print:   0.122          [ 0.043](+0.002) LinuxPlatformFactory
[2026-05-12T07:32:27.3851312-07:00] [pid=24936] Timeline.Print:   0.125          [ 0.045](+0.001) LuminPlatformFactory
[2026-05-12T07:32:27.3851312-07:00] [pid=24936] Timeline.Print:   0.126          [ 0.046](+0.000) WindowsPlatformFactory
[2026-05-12T07:32:27.3851312-07:00] [pid=24936] Timeline.Print: [ 0.132](+0.000) FileMetadataPrefetch.Stop()
[2026-05-12T07:32:27.3851312-07:00] [pid=24936] Timeline.Print: [ 0.134]
[2026-05-12T07:32:27.4082527-07:00] [pid=23672] [2026.05.12-14.32.27:408][  0]LogTargetPlatformManager: Display: Loaded TargetPlatform 'WindowsNoEditor'
[2026-05-12T07:32:27.4117768-07:00] [pid=23672] [2026.05.12-14.32.27:411][  0]LogTargetPlatformManager: Display: Loaded TargetPlatform 'Windows'
[2026-05-12T07:32:27.4152913-07:00] [pid=23672] [2026.05.12-14.32.27:413][  0]LogTargetPlatformManager: Display: Loaded TargetPlatform 'WindowsClient'
[2026-05-12T07:32:27.4183080-07:00] [pid=23672] [2026.05.12-14.32.27:418][  0]LogTargetPlatformManager: Display: Loaded TargetPlatform 'WindowsServer'
[2026-05-12T07:32:27.4188165-07:00] [pid=23672] [2026.05.12-14.32.27:418][  0]LogTargetPlatformManager: Display: Building Assets For Windows
[2026-05-12T07:32:27.4238325-07:00] [pid=23672] [2026.05.12-14.32.27:423][  0]LogAudioDebug: Display: Lib vorbis DLL was dynamically loaded.
[2026-05-12T07:32:27.4479770-07:00] [pid=23672] [2026.05.12-14.32.27:447][  0]LogTextureFormatOodle: Display: Oodle Texture 2.9.0 init RDO Off
[2026-05-12T07:32:27.4760761-07:00] [pid=23672] [2026.05.12-14.32.27:476][  0]LogRendererCore: Ray tracing is disabled. Reason: r.RayTracing=0.
[2026-05-12T07:32:27.4760761-07:00] [pid=23672] [2026.05.12-14.32.27:476][  0]LogShaderCompilers: Guid format shader working directory is -26 characters bigger than the processId version (../../../../../../Users/kapil/OneDrive/Documents/Unreal Projects/testTP/Intermediate/Shaders/WorkingDirectory/23672/).
[2026-05-12T07:32:27.4760761-07:00] [pid=23672] [2026.05.12-14.32.27:476][  0]LogShaderCompilers: Cleaned the shader compiler working directory 'C:/Users/kapil/AppData/Local/Temp/UnrealShaderWorkingDir/88C3A6064E8AA8E6F6166FAE566F5109/'.
[2026-05-12T07:32:27.4760761-07:00] [pid=23672] [2026.05.12-14.32.27:476][  0]LogXGEController: Cannot use XGE Controller as Incredibuild is not installed on this machine.
[2026-05-12T07:32:27.4760761-07:00] [pid=23672] [2026.05.12-14.32.27:476][  0]LogShaderCompilers: Cannot use XGE Shader Compiler as Incredibuild is not installed on this machine.
[2026-05-12T07:32:27.4760761-07:00] [pid=23672] [2026.05.12-14.32.27:476][  0]LogShaderCompilers: Display: Using Local Shader Compiler.
[2026-05-12T07:32:28.0853082-07:00] [pid=23672] [2026.05.12-14.32.28:085][  0]LogDerivedDataCache: Display: Max Cache Size: 512 MB
[2026-05-12T07:32:28.1381256-07:00] [pid=23672] [2026.05.12-14.32.28:138][  0]LogDerivedDataCache: Loaded boot cache 0.05s 94MB C:/Users/kapil/AppData/Local/UnrealEngine/4.27/DerivedDataCache/Boot.ddc.
[2026-05-12T07:32:28.1381256-07:00] [pid=23672] [2026.05.12-14.32.28:138][  0]LogDerivedDataCache: Display: Loaded Boot cache: C:/Users/kapil/AppData/Local/UnrealEngine/4.27/DerivedDataCache/Boot.ddc
[2026-05-12T07:32:28.1381256-07:00] [pid=23672] [2026.05.12-14.32.28:138][  0]LogDerivedDataCache: FDerivedDataBackendGraph:  Pak pak cache file ../../../../../../Users/kapil/OneDrive/Documents/Unreal Projects/testTP/DerivedDataCache/DDC.ddp not found, will not use a pak cache.
[2026-05-12T07:32:28.1381256-07:00] [pid=23672] [2026.05.12-14.32.28:138][  0]LogDerivedDataCache: Unable to find inner node Pak for hierarchical cache Hierarchy.
[2026-05-12T07:32:28.1386432-07:00] [pid=23672] [2026.05.12-14.32.28:138][  0]LogDerivedDataCache: FDerivedDataBackendGraph:  CompressedPak pak cache file ../../../../../../Users/kapil/OneDrive/Documents/Unreal Projects/testTP/DerivedDataCache/Compressed.ddp not found, will not use a pak cache.
[2026-05-12T07:32:28.1386432-07:00] [pid=23672] [2026.05.12-14.32.28:138][  0]LogDerivedDataCache: Unable to find inner node CompressedPak for hierarchical cache Hierarchy.
[2026-05-12T07:32:28.1507329-07:00] [pid=23672] [2026.05.12-14.32.28:150][  0]LogDerivedDataCache: Display: Pak cache opened for reading ../../../Engine/DerivedDataCache/Compressed.ddp.
[2026-05-12T07:32:28.1507329-07:00] [pid=23672] [2026.05.12-14.32.28:150][  0]LogDerivedDataCache: FDerivedDataBackendGraph:  EnterprisePak pak cache file ../../../Enterprise/DerivedDataCache/Compressed.ddp not found, will not use a pak cache.
[2026-05-12T07:32:28.1507329-07:00] [pid=23672] [2026.05.12-14.32.28:150][  0]LogDerivedDataCache: Unable to find inner node EnterprisePak for hierarchical cache Hierarchy.
[2026-05-12T07:32:28.1572589-07:00] [pid=23672] [2026.05.12-14.32.28:157][  0]LogDerivedDataCache: Speed tests for C:/Users/kapil/AppData/Local/UnrealEngine/Common/DerivedDataCache took 0.01 seconds
[2026-05-12T07:32:28.1572589-07:00] [pid=23672] [2026.05.12-14.32.28:157][  0]LogDerivedDataCache: Display: Performance to C:/Users/kapil/AppData/Local/UnrealEngine/Common/DerivedDataCache: Latency=0.02ms. RandomReadSpeed=888.04MBs, RandomWriteSpeed=220.91MBs. Assigned SpeedClass 'Local'
[2026-05-12T07:32:28.1587669-07:00] [pid=23672] [2026.05.12-14.32.28:158][  0]LogDerivedDataCache: Using Local data cache path C:/Users/kapil/AppData/Local/UnrealEngine/Common/DerivedDataCache: Writable
[2026-05-12T07:32:28.1587669-07:00] [pid=23672] [2026.05.12-14.32.28:158][  0]LogDerivedDataCache: Shared data cache path not found in *engine.ini, will not use an Shared cache.
[2026-05-12T07:32:28.1587669-07:00] [pid=23672] [2026.05.12-14.32.28:158][  0]LogDerivedDataCache: Unable to find inner node Shared for hierarchical cache Hierarchy.
[2026-05-12T07:32:28.1839034-07:00] [pid=23672] [2026.05.12-14.32.28:182][  0]LogSlate: Using FreeType 2.10.0
[2026-05-12T07:32:28.1839034-07:00] [pid=23672] [2026.05.12-14.32.28:183][  0]LogSlate: SlateFontServices - WITH_FREETYPE: 1, WITH_HARFBUZZ: 1
[2026-05-12T07:32:28.2206235-07:00] [pid=23672] [2026.05.12-14.32.28:220][  0]LogInit: Using OS detected language (en-US).
[2026-05-12T07:32:28.2206235-07:00] [pid=23672] [2026.05.12-14.32.28:220][  0]LogInit: Using OS detected locale (en-US).
[2026-05-12T07:32:28.2206235-07:00] [pid=23672] [2026.05.12-14.32.28:220][  0]LogTextLocalizationManager: No localization for 'en-US' exists, so 'en' will be used for the language.
[2026-05-12T07:32:28.2206235-07:00] [pid=23672] [2026.05.12-14.32.28:220][  0]LogTextLocalizationManager: No localization for 'en-US' exists, so 'en' will be used for the locale.
[2026-05-12T07:32:28.2206235-07:00] [pid=23672] [2026.05.12-14.32.28:220][  0]LogSlate: FontCache flush requested. Reason: Culture for localization was changed
[2026-05-12T07:32:28.2206235-07:00] [pid=23672] [2026.05.12-14.32.28:220][  0]LogSlate: FontCache flush requested. Reason: Culture for localization was changed
[2026-05-12T07:32:28.2226260-07:00] [pid=23672] [2026.05.12-14.32.28:222][  0]LogTextLocalizationManager: Compacting localization data took   0.00ms
[2026-05-12T07:32:28.2226260-07:00] [pid=23672] [2026.05.12-14.32.28:222][  0]LogAssetRegistry: FAssetRegistry took 0.0011 seconds to start up
[2026-05-12T07:32:28.3765254-07:00] [pid=23672] [2026.05.12-14.32.28:376][  0]LogPackageLocalizationCache: Processed 28 localized package path(s) for 1 prioritized culture(s) in 0.046486 seconds
[2026-05-12T07:32:28.4252998-07:00] [pid=23672] [2026.05.12-14.32.28:425][  0]LogInit: Selected Device Profile: [Windows]
[2026-05-12T07:32:28.4252998-07:00] [pid=23672] [2026.05.12-14.32.28:425][  0]LogInit: Active device profile: [0000017CDECB8D00][0000017CD909F380 49] Windows
[2026-05-12T07:32:28.4252998-07:00] [pid=23672] [2026.05.12-14.32.28:425][  0]LogInit: Profiles: [0000017CDECB8D00][0000017CD909F380 49] Windows, [0000017CDEC72400][0000017CD7CD54C0 49] WindowsNoEditor, [0000017CDECB9C00][0000017CD7CD9600 49] WindowsServer, [0000017CDEC73200][0000017CD7CDD740 49] WindowsClient, [0000017CDECBA900][0000017CD7CE1880 49] IOS, [0000017CDEC71B00][0000017CDCB0DA00 49] iPadAir, [0000017CDECBBE00][0000017CDCB11B80 49] iPadAir2, [0000017CDEC15100][0000017CDCB182C0 49] IPadPro, [0000017CDEC15200][0000017CDCB14300 49] iPadAir3, [0000017CDEC70C00][0000017CDCB1C480 49] iPadAir4, [0000017CDEC15E00][0000017CDCB20600 49] iPadMini2, [0000017CDEC73400][0000017CDCB24780 49] iPadMini3, [0000017CDEC17900][0000017CDCB28900 49] iPadMini4, [0000017CDEC71000][0000017CDCB2CA80 49] iPadMini5, [0000017CDEC58A00][0000017CDCB34D40 49] iPhone6, [0000017CDEC58B00][0000017CDCB30D80 49] iPodTouch6, [0000017CDECBAD00][0000017CDCB3D040 49] iPhone7, [0000017CDECBAE00][0000017CDCB39080 49] iPodTouch7, [0000017CDEC17E00][0000017CDCB41200 49] iPhone5S, [0000017CDECB8E00][0000017CDCB45380 49] iPhone6Plus, [0000017CDEC58100][0000017CDCB49500 49] iPhone6S, [0000017CDEC14300][0000017CDCB4D680 49] iPhone6SPlus, [0000017CDEC5A900][0000017CDCB097C0 49] iPhone7Plus, [0000017CDEC16200][0000017CDCB51900 49] iPhoneSE, [0000017CDEC5A700][0000017CDCD5DA40 49] iPhone8, [0000017CDEC14700][0000017CDCD65BC0 49] iPhone8Plus, [0000017CDEC5B200][0000017CDCD681C0 49] iPhoneX, [0000017CDECB9500][0000017CDCD6C340 49] iPhoneXS, [0000017CDEC5AC00][0000017CDCD704C0 49] iPhoneXSMax, [0000017CDECB9A00][0000017CDCD74640 49] iPhoneXR, [0000017CDEC58600][0000017CDCD787C0 49] iPhone11, [0000017CDECB8F00][0000017CDCD7C940 49] iPhone11Pro, [0000017CDEC59B00][0000017CDCD80AC0 49] iPhone11ProMax, [0000017CDECBB300][0000017CDCD84C40 49] iPhoneSE2, [0000017CDEC5BB00][0000017CDCD88DC0 49] iPhone12Mini, [0000017CDECBA300][0000017CDCD8CF40 49] iPhone12, [0000017CDEC59000][0000017CDCD910C0 49] iPhone12Pro, [0000017CDECBBF00][0000017CDCD95240 49] iPhone12ProMax, [0000017CDEC59600][0000017CDCD993C0 49] iPadPro105, [0000017CDECB8900][0000017CDCD9D540 49] iPadPro129, [0000017CDEC5BE00][0000017CDCDA16C0 49] iPadPro97, [0000017CDECBB700][0000017CDCDA5840 49] iPadPro2_129, [0000017CDEC58D00][0000017CDCD61980 49] iPad5, [0000017CDECB9F00][0000017CDCDA9AC0 49] iPad6, [0000017CDEC59200][0000017CDCDADC00 49] iPad7, [0000017CDECB9100][0000017CDCDB01C0 49] iPad8, [0000017CDEC5A400][0000017CDCDB8340 49] iPadPro11, [0000017CDECBBB00][0000017CDCDBC4C0 49] iPadPro2_11, [0000017CDEC5BF00][0000017CDCDC0640 49] iPadPro3_129, [0000017CDECBB800][0000017CDCDC47C0 49] iPadPro4_129, [0000017CDEC5AA00][0000017CDCDC8940 49] AppleTV, [0000017CDECBA600][0000017CDCDCCAC0 49] AppleTV4K, [0000017CDEC58F00][0000017CDCDD0C40 49] TVOS, [0000017CDECB9800][0000017CDCDD4DC0 49] Mac, [0000017CDEC59400][0000017CDCDD8F40 49] MacClient, [0000017CDECBA400][0000017CDCDDD0C0 49] MacNoEditor, [0000017CDEC5AF00][0000017CD9823240 49] MacServer, [0000017CDECB9400][0000017CD98273C0 49] Linux, [0000017CDEC59F00][0000017CD982B540 49] LinuxAArch64, [0000017CDECB8700][0000017CD982F6C0 49] LinuxNoEditor, [0000017CDEC5B300][0000017CD9833840 49] LinuxAArch64NoEditor, [0000017CDECB9600][0000017CD98379C0 49] LinuxClient, [0000017CDEC58800][0000017CDCDB5B00 49] LinuxAArch64Client, [0000017CDECB8200][0000017CD983A0C0 49] LinuxServer, [0000017CDEC59100][0000017CD983E200 49] LinuxAArch64Server, [0000017CDECB9000][0000017CD9842340 49] Android, [0000017CDEC5B700][0000017CD984A4C0 49] Android_Low, [0000017CDECBBC00][0000017CD984E640 49] Android_Mid, [0000017CDEC5B900][0000017CD98527C0 49] Android_High, [0000017CDECBB400][0000017CD9856940 49] Android_Default, [0000017CDEC58900][0000017CD985AAC0 49] Android_Adreno4xx, [0000017CDECBB500][0000017CD985EC40 49] Android_Adreno5xx_Low, [0000017CDEC5A500][0000017CD9862DC0 49] Android_Adreno5xx, [0000017CDECBA500][0000017CD9866F40 49] Android_Adreno6xx, [0000017CDEC70500][0000017CD986B0C0 49] Android_Adreno6xx_Vulkan, [0000017CDEC17600][0000017CD986F240 49] Android_Mali_T6xx, [0000017CDEC70600][0000017CD98733C0 49] Android_Mali_T7xx, [
[2026-05-12T07:32:28.4252998-07:00] [pid=23672] 0000017CDEC17A00][0000017CD9877540 49] Android_Mali_T8xx, [0000017CDEC70100][0000017CD987B6C0 49] Android_Mali_G71, [0000017CDEC17500][0000017CD987F840 49] Android_Mali_G72, [0000017CDEC70400][0000017CD98839C0 49] Android_Mali_G72_Vulkan, [0000017CDEC15800][0000017CD9887B40 49] Android_Mali_G76, [0000017CDEC73900][0000017CD988A140 49] Android_Mali_G76_Vulkan, [0000017CDEC16A00][0000017CD9846280 49] Android_Mali_G77, [0000017CDEC73300][0000017CD988E3C0 49] Android_Mali_G77_Vulkan, [0000017CDEC15600][0000017CD9892500 49] Android_Mali_G78, [0000017CDEC72300][0000017CD989A680 49] Android_Mali_G78_Vulkan, [0000017CDEC14600][0000017CD989E800 49] Android_Mali_G710, [0000017CDEC70300][0000017CD98A2980 49] Android_Mali_G710_Vulkan, [0000017CDEC14200][0000017CD98A6B00 49] Android_Vulkan_SM5, [0000017CDEC70200][0000017CD98AAC80 49] Android_PowerVR_G6xxx, [0000017CDEC16500][0000017CD98AEE00 49] Android_PowerVR_GT7xxx, [0000017CDEC72700][0000017CD98B2F80 49] Android_PowerVR_GE8xxx, [0000017CDEC15300][0000017CD98B7100 49] Android_PowerVR_GM9xxx, [0000017CDEC70D00][0000017CD98BB280 49] Android_PowerVR_GM9xxx_Vulkan, [0000017CDEC17D00][0000017CD98BF400 49] Android_TegraK1, [0000017CDEC72A00][0000017CD98C3580 49] Android_Unknown_Vulkan, [0000017CDEC17200][0000017CD98C7700 49] Lumin, [0000017CDEC70A00][0000017CD98CB880 49] Lumin_Desktop, [0000017CDEC17300][0000017CD98CFA00 49] HoloLens, 
[2026-05-12T07:32:28.4605444-07:00] [pid=23672] [2026.05.12-14.32.28:459][  0]LogMeshReduction: Using QuadricMeshReduction for automatic static mesh reduction
[2026-05-12T07:32:28.4605444-07:00] [pid=23672] [2026.05.12-14.32.28:460][  0]LogMeshReduction: Using SimplygonMeshReduction for automatic skeletal mesh reduction
[2026-05-12T07:32:28.4605444-07:00] [pid=23672] [2026.05.12-14.32.28:460][  0]LogMeshReduction: Using ProxyLODMeshReduction for automatic mesh merging
[2026-05-12T07:32:28.4605444-07:00] [pid=23672] [2026.05.12-14.32.28:460][  0]LogMeshReduction: No distributed automatic mesh merging module available
[2026-05-12T07:32:28.4605444-07:00] [pid=23672] [2026.05.12-14.32.28:460][  0]LogMeshMerging: No distributed automatic mesh merging module available
[2026-05-12T07:32:28.5405593-07:00] [pid=23672] [2026.05.12-14.32.28:540][  0]LogNetVersion: testTP 1.0.0, NetCL: 17155196, EngineNetVer: 17, GameNetVer: 0 (Checksum: 3966549976)
[2026-05-12T07:32:28.7219598-07:00] [pid=23672] [2026.05.12-14.32.28:721][  0]LogTexture: Default maximum texture size for cubemaps generated from long-lat sources has been changed from 512 to unlimited. In order to preserve old behaiour for '/Engine/MapTemplates/Sky/DaylightAmbientCubemap.DaylightAmbientCubemap', its maximum texture size has been explicitly set to 512.
[2026-05-12T07:32:28.7626796-07:00] [pid=23672] [2026.05.12-14.32.28:762][  0]LogHMD: PokeAHoleMaterial loaded successfully
[2026-05-12T07:32:28.8436831-07:00] [pid=23672] [2026.05.12-14.32.28:843][  0]LogMoviePlayer: Initializing movie player
[2026-05-12T07:32:28.8954835-07:00] [pid=23672] [2026.05.12-14.32.28:895][  0]LogNiagaraDebuggerClient: Niagara Debugger Client Initialized | Session: 62C568124488BE0D9DE0359E59D2538F | Instance: 701937E2479C0DB367385DB6E53B99E0 (IMMERSEDEMOM5-23672).
[2026-05-12T07:32:28.9116022-07:00] [pid=23672] [2026.05.12-14.32.28:911][  0]LogCollectionManager: Loaded 0 collections in 0.001205 seconds
[2026-05-12T07:32:28.9150976-07:00] [pid=23672] [2026.05.12-14.32.28:915][  0]LogFileCache: Scanning file cache for directory 'C:/Users/kapil/OneDrive/Documents/Unreal Projects/testTP/Saved/Collections/' took 0.00s
[2026-05-12T07:32:28.9150976-07:00] [pid=23672] [2026.05.12-14.32.28:915][  0]LogFileCache: Scanning file cache for directory 'C:/Users/kapil/OneDrive/Documents/Unreal Projects/testTP/Content/Developers/kapil/Collections/' took 0.00s
[2026-05-12T07:32:28.9150976-07:00] [pid=23672] [2026.05.12-14.32.28:915][  0]LogFileCache: Scanning file cache for directory 'C:/Users/kapil/OneDrive/Documents/Unreal Projects/testTP/Content/Collections/' took 0.00s
[2026-05-12T07:32:28.9150976-07:00] [pid=23672] [2026.05.12-14.32.28:915][  0]LogCollectionManager: Fixed up redirectors for 0 collections in 0.000002 seconds (updated 0 objects)
[2026-05-12T07:32:28.9306771-07:00] [pid=23672] [2026.05.12-14.32.28:930][  0]LogPython: Using Python 3.7.7
[2026-05-12T07:32:29.3460545-07:00] [pid=23672] [2026.05.12-14.32.29:346][  0]LogAkAudio: Wwise(R) SDK Version 2019.2.15 Build 7667. Copyright (c) 2006-2019 Audiokinetic Inc.
[2026-05-12T07:32:29.3470542-07:00] [pid=23672] [2026.05.12-14.32.29:347][  0]LogAkAudio: Wwise plug-in DLL path: C:/Users/kapil/OneDrive/Documents/Unreal Projects/testTP/Plugins/Wwise/ThirdParty/x64_vc150/Profile/bin/
[2026-05-12T07:32:29.3470542-07:00] [pid=23672] [2026.05.12-14.32.29:347][  0]LogAkAudio: Wwise remote connection application name: testTP
[2026-05-12T07:32:29.3470542-07:00] [pid=23672] [2026.05.12-14.32.29:347][  0]LogAkAudio: Wwise successfully initialized.
[2026-05-12T07:32:29.3505835-07:00] [pid=23672] <<<_____ ImmerseAudioRenderer _____>>> 
[2026-05-12T07:32:29.3505835-07:00] [pid=23672] RegisterImmerseAudioRendererFX()
[2026-05-12T07:32:29.3505835-07:00] [pid=23672] 
[2026-05-12T07:32:29.3505835-07:00] [pid=23672] <<<_____ ImmerseAudioRenderer _____>>> 
[2026-05-12T07:32:29.3505835-07:00] [pid=23672] CreateImmerseManager
[2026-05-12T07:32:29.3505835-07:00] [pid=23672] 
[2026-05-12T07:32:29.3505835-07:00] [pid=23672] <<<_____ ImmerseAudioRenderer _____>>> 
[2026-05-12T07:32:29.3505835-07:00] [pid=23672] loadAndInitializeImmerseEngine
[2026-05-12T07:32:29.3505835-07:00] [pid=23672] 
[2026-05-12T07:32:29.3525763-07:00] [pid=23672] [EmbodyLOG] May_12_2026 07:32:29.353 line: 457. ___IMMERSEENGINE___ Immerse_SetMemoryInterface inMemoryInterface:00000013CBF9DC40 
[2026-05-12T07:32:29.3535728-07:00] [pid=23672] [EmbodyLOG] May_12_2026 07:32:29.353 line: 466. ___IMMERSEENGINE___ Immerse_SetThreadInterface inThreadInterface:00000013CBF9DC60 
[2026-05-12T07:32:29.3535728-07:00] [pid=23672] [EmbodyLOG] May_12_2026 07:32:29.354 line: 451. ___IMMERSEENGINE___ Immerse_SetStatusCallback inCallback:00007FF830663D00 inUserData:0000000000000000 
[2026-05-12T07:32:29.3535728-07:00] [pid=23672] [EmbodyLOG] May_12_2026 07:32:29.354 line: 495. ___IMMERSEENGINE___ Immerse_Initialize inImmerseInit:00007FF8306963C0 
[2026-05-12T07:32:29.3535728-07:00] [pid=23672] <<<_____ ImmerseAudioRenderer _____>>> 
[2026-05-12T07:32:29.3535728-07:00] [pid=23672] CreateImmerseAudioRendererFXParams()
[2026-05-12T07:32:29.3535728-07:00] [pid=23672] 
[2026-05-12T07:32:29.3535728-07:00] [pid=23672] <<<_____ ImmerseAudioRenderer _____>>> 
[2026-05-12T07:32:29.3535728-07:00] [pid=23672] WwiseFxNullParams::Init()
[2026-05-12T07:32:29.3535728-07:00] [pid=23672] 
[2026-05-12T07:32:29.3550799-07:00] [pid=23672] [2026.05.12-14.32.29:355][  0]LogAkAudio: Initialization complete.
[2026-05-12T07:32:29.3550799-07:00] [pid=23672] [2026.05.12-14.32.29:355][  0]LogInit: Audiokinetic Audio Device initialized.
[2026-05-12T07:32:29.3560925-07:00] [pid=23672] [EmbodyLOG] May_12_2026 07:32:29.356 line: 373. setLocalDataStorePath: C:\ProgramData\Embody\Immerse Audio Renderer\Tencent\ 
[2026-05-12T07:32:29.3570931-07:00] [pid=23672] [EmbodyLOG] May_12_2026 07:32:29.357 line: 143. ImmerseApiHelper: Immerse Api data path set: C:\ProgramData\Embody\Immerse Audio Renderer\Tencent\. 
[2026-05-12T07:32:29.3596192-07:00] [pid=23672] [EmbodyLOG] May_12_2026 07:32:29.360 line: 73. HpeqHeadsetInterface::Init() - failed to find hpeqAssetPath on filesystem! 
[2026-05-12T07:32:29.3606257-07:00] [pid=23672] [EmbodyLOG] May_12_2026 07:32:29.360 line: 867. ImmerseAudioApiImplBase::InitHpeqData() - failed to initialize hpeq asset data! 
[2026-05-12T07:32:29.3606257-07:00] [pid=23672] [EmbodyLOG] May_12_2026 07:32:29.361 line: 535. ImmerseManager::Initialize() - Failed to initialize HPEQ asset data! 
[2026-05-12T07:32:29.3606257-07:00] [pid=23672] [EmbodyLOG] May_12_2026 07:32:29.361 line: 544. ImmerseManager::Initialize() - failed to load head tracker library! 
[2026-05-12T07:32:29.5251173-07:00] [pid=23672] [2026.05.12-14.32.29:525][  0]SourceControl: Source control is disabled
[2026-05-12T07:32:29.5251173-07:00] [pid=23672] [2026.05.12-14.32.29:525][  0]SourceControl: Source control is disabled
[2026-05-12T07:32:29.5296409-07:00] [pid=23672] [2026.05.12-14.32.29:528][  0]LogUProjectInfo: Found projects:
[2026-05-12T07:32:29.5316447-07:00] [pid=23672] [2026.05.12-14.32.29:531][  0]SourceControl: Source control is disabled
[2026-05-12T07:32:29.5787735-07:00] [pid=23672] [2026.05.12-14.32.29:578][  0]LogOpenImageDenoise: OIDN starting up
[2026-05-12T07:32:29.6164137-07:00] [pid=23672] [2026.05.12-14.32.29:616][  0]LogAndroidPermission: UAndroidPermissionCallbackProxy::GetInstance
[2026-05-12T07:32:29.6264417-07:00] [pid=23672] [2026.05.12-14.32.29:626][  0]LogAudioCaptureCore: Display: No Audio Capture implementations found. Audio input will be silent.
[2026-05-12T07:32:29.6264417-07:00] [pid=23672] [2026.05.12-14.32.29:626][  0]LogAudioCaptureCore: Display: No Audio Capture implementations found. Audio input will be silent.
[2026-05-12T07:32:29.6917148-07:00] [pid=23672] [2026.05.12-14.32.29:691][  0]LogOcInput: OculusInput pre-init called
[2026-05-12T07:32:29.6982238-07:00] [pid=23672] [2026.05.12-14.32.29:698][  0]LogUObjectArray: 22857 objects as part of root set at end of initial load.
[2026-05-12T07:32:29.6982238-07:00] [pid=23672] [2026.05.12-14.32.29:698][  0]LogUObjectAllocator: 6232704 out of 0 bytes used by permanent object pool.
[2026-05-12T07:32:29.6982238-07:00] [pid=23672] [2026.05.12-14.32.29:698][  0]LogUObjectArray: CloseDisregardForGC: 0/0 objects in disregard for GC pool
[2026-05-12T07:32:29.7350895-07:00] [pid=23672] [2026.05.12-14.32.29:735][  0]LogClass: Display: EnumProperty FAkExternalSourceInfo::CodecID is not initialized properly. Module:AkAudio File:Classes/AkGameplayTypes.h
[2026-05-12T07:32:29.7350895-07:00] [pid=23672] [2026.05.12-14.32.29:735][  0]LogClass: Warning: ObjectProperty FAkExternalSourceInfo::ExternalSourceAsset is not initialized properly. Module:AkAudio File:Classes/AkGameplayTypes.h
[2026-05-12T07:32:29.7350895-07:00] [pid=23672] [2026.05.12-14.32.29:735][  0]LogClass: Display: IntProperty FAkChannelMask::ChannelMask is not initialized properly. Module:AkAudio File:Classes/AkGameplayTypes.h
[2026-05-12T07:32:29.7350895-07:00] [pid=23672] [2026.05.12-14.32.29:735][  0]LogClass: Display: BoolProperty FAkPS5AdvancedInitializationSettings::bVorbisHwAcceleration is not initialized properly. Module:AkAudio File:Classes/Platforms/AkPlatform_Pellegrino/AkPS5InitializationSettings.h
[2026-05-12T07:32:29.7350895-07:00] [pid=23672] [2026.05.12-14.32.29:735][  0]LogClass: Display: 4 Uninitialized script struct members found including 1 object properties
[2026-05-12T07:32:29.7361015-07:00] [pid=23672] [2026.05.12-14.32.29:736][  0]LogAutomationTest: Warning: ObjectProperty FAkExternalSourceInfo::ExternalSourceAsset is not initialized properly. Module:AkAudio File:Classes/AkGameplayTypes.h
[2026-05-12T07:32:29.7361015-07:00] [pid=23672] [2026.05.12-14.32.29:736][  0]LogEngine: Initializing Engine...
[2026-05-12T07:32:29.7386147-07:00] [pid=23672] Error [GENERAL |  | OpenXR-Loader] : RuntimeManifestFile::FindManifestFiles - failed to find active runtime file in registry
[2026-05-12T07:32:29.7386147-07:00] [pid=23672] Error [GENERAL | xrEnumerateInstanceExtensionProperties | OpenXR-Loader] : RuntimeInterface::LoadRuntimes - unknown error
[2026-05-12T07:32:29.7386147-07:00] [pid=23672] Error [GENERAL | xrEnumerateInstanceExtensionProperties | OpenXR-Loader] : RuntimeInterface::LoadRuntimes - failed to load a runtime
[2026-05-12T07:32:29.7386147-07:00] [pid=23672] Error [GENERAL | xrEnumerateInstanceExtensionProperties | OpenXR-Loader] : Failed to find default runtime with RuntimeInterface::LoadRuntime()
[2026-05-12T07:32:29.7386147-07:00] [pid=23672] Error [GENERAL | xrEnumerateInstanceExtensionProperties | OpenXR-Loader] : Failed querying extension properties
[2026-05-12T07:32:29.7386147-07:00] [pid=23672] [2026.05.12-14.32.29:738][  0]LogHMD: Failed to enumerate extensions. Please check that you have a valid OpenXR runtime installed.
[2026-05-12T07:32:29.7386147-07:00] [pid=23672] [2026.05.12-14.32.29:738][  0]LogHMD: Failed to initialize OpenVR with code 110
[2026-05-12T07:32:29.7386147-07:00] [pid=23672] [2026.05.12-14.32.29:738][  0]LogMagicLeap: Warning: VR disabled because ZI is not enabled.  To enable, in the editor, Edit -> Project Settings -> Plugins -> Magic Leap Plugin -> Enable Zero Iteration
[2026-05-12T07:32:29.7406322-07:00] [pid=23672] [2026.05.12-14.32.29:740][  0]LogStats: UGameplayTagsManager::InitializeManager -  0.000 s
[2026-05-12T07:32:29.8160813-07:00] [pid=23672] [2026.05.12-14.32.29:816][  0]LogInit: Initializing FReadOnlyCVARCache
[2026-05-12T07:32:29.8160813-07:00] [pid=23672] [2026.05.12-14.32.29:816][  0]LogAudio: Display: Initializing Audio Device Manager...
[2026-05-12T07:32:29.8195970-07:00] [pid=23672] [2026.05.12-14.32.29:819][  0]LogAudio: Display: Loading Default Audio Settings Objects...
[2026-05-12T07:32:29.8195970-07:00] [pid=23672] [2026.05.12-14.32.29:819][  0]LogAudio: Display: No default SoundConcurrencyObject specified (or failed to load).
[2026-05-12T07:32:29.8206068-07:00] [pid=23672] [2026.05.12-14.32.29:820][  0]LogAudio: Display: Audio Device Manager Initialized
[2026-05-12T07:32:29.8206068-07:00] [pid=23672] [2026.05.12-14.32.29:820][  0]LogAudio: Display: Creating Audio Device:                 Id: 1, Scope: Shared, Realtime: True
[2026-05-12T07:32:29.8206068-07:00] [pid=23672] [2026.05.12-14.32.29:820][  0]LogAudioMixer: Display: Audio Mixer Platform Settings:
[2026-05-12T07:32:29.8206068-07:00] [pid=23672] [2026.05.12-14.32.29:820][  0]LogAudioMixer: Display: 	Sample Rate:						  48000
[2026-05-12T07:32:29.8206068-07:00] [pid=23672] [2026.05.12-14.32.29:820][  0]LogAudioMixer: Display: 	Callback Buffer Frame Size Requested: 1024
[2026-05-12T07:32:29.8206068-07:00] [pid=23672] [2026.05.12-14.32.29:820][  0]LogAudioMixer: Display: 	Callback Buffer Frame Size To Use:	  1024
[2026-05-12T07:32:29.8206068-07:00] [pid=23672] [2026.05.12-14.32.29:820][  0]LogAudioMixer: Display: 	Number of buffers to queue:			  2
[2026-05-12T07:32:29.8206068-07:00] [pid=23672] [2026.05.12-14.32.29:820][  0]LogAudioMixer: Display: 	Max Channels (voices):				  32
[2026-05-12T07:32:29.8206068-07:00] [pid=23672] [2026.05.12-14.32.29:820][  0]LogAudioMixer: Display: 	Number of Async Source Workers:		  0
[2026-05-12T07:32:29.8206068-07:00] [pid=23672] [2026.05.12-14.32.29:820][  0]LogAudio: Display: AudioDevice MaxSources: 32
[2026-05-12T07:32:29.8216057-07:00] [pid=23672] [2026.05.12-14.32.29:821][  0]LogAudio: Display: Audio Spatialization Plugin: None (built-in).
[2026-05-12T07:32:29.8216057-07:00] [pid=23672] [2026.05.12-14.32.29:821][  0]LogAudio: Display: Audio Reverb Plugin: None (built-in).
[2026-05-12T07:32:29.8216057-07:00] [pid=23672] [2026.05.12-14.32.29:821][  0]LogAudio: Display: Audio Occlusion Plugin: None (built-in).
[2026-05-12T07:32:29.8216057-07:00] [pid=23672] [2026.05.12-14.32.29:821][  0]LogAudioMixer: Display: Initializing audio mixer.
[2026-05-12T07:32:29.8296285-07:00] [pid=23672] [2026.05.12-14.32.29:829][  0]LogAudioMixer: Display: 0: FrontLeft
[2026-05-12T07:32:29.8296285-07:00] [pid=23672] [2026.05.12-14.32.29:829][  0]LogAudioMixer: Display: 1: FrontRight
[2026-05-12T07:32:29.8416853-07:00] [pid=23672] [2026.05.12-14.32.29:841][  0]LogAudioMixer: Display: Using Audio Device Speakers (2- Realtek(R) Audio)
[2026-05-12T07:32:29.8472292-07:00] [pid=23672] [2026.05.12-14.32.29:847][  0]LogAudioMixer: Display: Initializing Sound Submixes...
[2026-05-12T07:32:29.8487305-07:00] [pid=23672] [2026.05.12-14.32.29:848][  0]LogAudioMixer: Display: Creating Master Submix 'MasterSubmixDefault'
[2026-05-12T07:32:29.8487305-07:00] [pid=23672] [2026.05.12-14.32.29:848][  0]LogAudioMixer: Display: Creating Master Submix 'MasterReverbSubmixDefault'
[2026-05-12T07:32:29.8497419-07:00] [pid=23672] [2026.05.12-14.32.29:849][  0]LogAudioMixer: Display: Creating Master Submix 'MasterEQSubmixDefault'
[2026-05-12T07:32:29.8497419-07:00] [pid=23672] [2026.05.12-14.32.29:849][  0]LogAudioMixer: FMixerPlatformXAudio2::StartAudioStream() called
[2026-05-12T07:32:29.8497419-07:00] [pid=23672] [2026.05.12-14.32.29:849][  0]LogAudioMixer: Display: Output buffers initialized: Frames=1024, Channels=2, Samples=2048
[2026-05-12T07:32:29.8507509-07:00] [pid=23672] [2026.05.12-14.32.29:850][  0]LogAudioMixer: Display: Starting AudioMixerPlatformInterface::RunInternal()
[2026-05-12T07:32:29.8507509-07:00] [pid=23672] [2026.05.12-14.32.29:850][  0]LogAudioMixer: Display: FMixerPlatformXAudio2::SubmitBuffer() called for the first time
[2026-05-12T07:32:29.8507509-07:00] [pid=23672] [2026.05.12-14.32.29:850][  0]LogInit: FAudioDevice initialized.
[2026-05-12T07:32:29.8517498-07:00] [pid=23672] [2026.05.12-14.32.29:851][  0]LogNetVersion: Set ProjectVersion to 1.0.0.0. Version Checksum will be recalculated on next use.
[2026-05-12T07:32:29.8990320-07:00] [pid=23672] [2026.05.12-14.32.29:899][  0]LogDerivedDataCache: Saved boot cache 0.05s 94MB C:/Users/kapil/AppData/Local/UnrealEngine/4.27/DerivedDataCache/Boot.ddc.
[2026-05-12T07:32:29.8990320-07:00] [pid=23672] [2026.05.12-14.32.29:899][  0]LogInit: Texture streaming: Enabled
[2026-05-12T07:32:29.9437385-07:00] [pid=23672] [2026.05.12-14.32.29:943][  0]LogAudio: Display: Audio Device (ID: 1) registered with world 'Untitled'.
[2026-05-12T07:32:29.9437385-07:00] [pid=23672] [2026.05.12-14.32.29:943][  0]LogSlate: Updating window title bar state: overlay mode, drag disabled, window buttons hidden, title bar hidden
[2026-05-12T07:32:29.9437385-07:00] [pid=23672] [2026.05.12-14.32.29:943][  0]LogInit: Display: Game Engine Initialized.
[2026-05-12T07:32:29.9437385-07:00] [pid=23672] [2026.05.12-14.32.29:943][  0]LogNiagaraEditor: GEditor isn't valid! Particle reset commands will not work for Niagara components!
[2026-05-12T07:32:30.0196601-07:00] [pid=23672] [2026.05.12-14.32.30:019][  0]LogInit: Display: Starting Game.
[2026-05-12T07:32:30.0206630-07:00] [pid=23672] [2026.05.12-14.32.30:019][  0]LogNet: Browse: /Game/ThirdPersonBP/Maps/ThirdPersonExampleMap?Name=Player
[2026-05-12T07:32:30.0206630-07:00] [pid=23672] [2026.05.12-14.32.30:020][  0]LogLoad: LoadMap: /Game/ThirdPersonBP/Maps/ThirdPersonExampleMap?Name=Player
[2026-05-12T07:32:30.0206630-07:00] [pid=23672] [2026.05.12-14.32.30:020][  0]LogWorld: BeginTearingDown for /Temp/Untitled_0
[2026-05-12T07:32:30.0216701-07:00] [pid=23672] [2026.05.12-14.32.30:021][  0]LogWorld: UWorld::CleanupWorld for Untitled, bSessionEnded=true, bCleanupResources=true
[2026-05-12T07:32:30.0216701-07:00] [pid=23672] [2026.05.12-14.32.30:021][  0]LogSlate: InvalidateAllWidgets triggered.  All widgets were invalidated
[2026-05-12T07:32:30.0327333-07:00] [pid=23672] [2026.05.12-14.32.30:032][  0]LogAudio: Display: Audio Device unregistered from world 'None'.
[2026-05-12T07:32:30.0352387-07:00] [pid=23672] [2026.05.12-14.32.30:035][  0]LogUObjectHash: Compacting FUObjectHashTables data took   0.50ms
[2026-05-12T07:32:30.1985961-07:00] [pid=23672] [2026.05.12-14.32.30:198][  0]LogAudio: Display: Audio Device (ID: 1) registered with world 'ThirdPersonExampleMap'.
[2026-05-12T07:32:30.2072199-07:00] [pid=23672] [2026.05.12-14.32.30:207][  0]LogAIModule: Creating AISystem for world ThirdPersonExampleMap
[2026-05-12T07:32:30.2087356-07:00] [pid=23672] [2026.05.12-14.32.30:208][  0]LogLoad: Game class is 'ThirdPersonGameMode_C'
[2026-05-12T07:32:30.2117572-07:00] [pid=23672] [2026.05.12-14.32.30:211][  0]LogWorld: Bringing World /Game/ThirdPersonBP/Maps/ThirdPersonExampleMap.ThirdPersonExampleMap up for play (max tick rate 0) at 2026.05.12-07.32.30
[2026-05-12T07:32:30.2117572-07:00] [pid=23672] [2026.05.12-14.32.30:211][  0]LogWorld: Bringing up level for play took: 0.002484
[2026-05-12T07:32:30.2137576-07:00] [pid=23672] [2026.05.12-14.32.30:213][  0]LogTemp: Display: [ImmerseStress] Ready. Defaults: event=SwordHits bus=7p1p4 shareset=Immerse_Audio_Renderer_(Custom)
[2026-05-12T07:32:30.2137576-07:00] [pid=23672] [2026.05.12-14.32.30:213][  0]LogTemp: Display: [ImmerseStress] IMMERSE_USER_ID env=kevin_tencenttest1_emb | IMMERSE_USERID=kevin_tencenttest1_emb | IMMERSE_USER=kevin_tencenttest1_emb
[2026-05-12T07:32:30.2137576-07:00] [pid=23672] [2026.05.12-14.32.30:213][  0]LogTemp: Display: [testTP] Auto-spawned ImmerseStressTestActor into ThirdPersonExampleMap (type=1)
[2026-05-12T07:32:30.2152645-07:00] [pid=23672] [2026.05.12-14.32.30:213][  0]LogLoad: Took 0.194111 seconds to LoadMap(/Game/ThirdPersonBP/Maps/ThirdPersonExampleMap)
[2026-05-12T07:32:30.2389141-07:00] [pid=23672] [2026.05.12-14.32.30:238][  0]LogSlate: Took 0.000190 seconds to synchronously load lazily loaded font '../../../Engine/Content/Slate/Fonts/Roboto-Regular.ttf' (155K)
[2026-05-12T07:32:30.2566421-07:00] [pid=23672] [2026.05.12-14.32.30:256][  0]LogRenderer: Reallocating scene render targets to support 1536x864 Format 10 NumSamples 1 (Frame:1).
[2026-05-12T07:32:30.2566421-07:00] [pid=23672] [2026.05.12-14.32.30:256][  0]LogInit: Display: Engine is initialized. Leaving FEngineLoop::Init()
[2026-05-12T07:32:30.2566421-07:00] [pid=23672] [2026.05.12-14.32.30:256][  0]LogLoad: (Engine Initialization) Total time: 4.86 seconds
[2026-05-12T07:32:30.2566421-07:00] [pid=23672] [2026.05.12-14.32.30:256][  0]LogLoad: (Engine Initialization) Total Blueprint compile time: 0.00 seconds
[2026-05-12T07:32:30.2566421-07:00] [pid=23672] Resizing viewport due to setres change, 1536 x 864
[2026-05-12T07:32:30.2673469-07:00] [pid=23672] [2026.05.12-14.32.30:267][  0]LogContentStreaming: Texture pool size now 1000 MB
[2026-05-12T07:32:30.2689213-07:00] [pid=23672] [2026.05.12-14.32.30:268][  0]LogSlate: InvalidateAllWidgets triggered.  All widgets were invalidated
[2026-05-12T07:32:30.3739413-07:00] [pid=23672] [2026.05.12-14.32.30:373][  0]LogRenderer: Reallocating scene render targets to support 128x128 Format 10 NumSamples 1 (Frame:1).
[2026-05-12T07:32:30.3949998-07:00] [pid=23672] [2026.05.12-14.32.30:394][  0]LogRenderer: Reallocating scene render targets to support 1536x864 Format 10 NumSamples 1 (Frame:2).
[2026-05-12T07:32:30.4015197-07:00] [pid=23672] [2026.05.12-14.32.30:400][  1]LogSlate: Took 0.000156 seconds to synchronously load lazily loaded font '../../../Engine/Content/Slate/Fonts/Roboto-Regular.ttf' (155K)
[2026-05-12T07:32:30.4180703-07:00] [pid=23672] <<<_____ ImmerseAudioRenderer _____>>> 
[2026-05-12T07:32:30.4185764-07:00] [pid=23672] CreateImmerseAudioRendererFX()
[2026-05-12T07:32:30.4185764-07:00] [pid=23672] 
[2026-05-12T07:32:30.4185764-07:00] [pid=23672] <<<_____ ImmerseAudioRenderer _____>>> 
[2026-05-12T07:32:30.4185764-07:00] [pid=23672] Init: this=0000017CD5A90080
[2026-05-12T07:32:30.4185764-07:00] [pid=23672] 
[2026-05-12T07:32:30.4185764-07:00] [pid=23672] <<<_____ ImmerseAudioRenderer _____>>> 
[2026-05-12T07:32:30.4185764-07:00] [pid=23672] Init: success this=0000017CD5A90080 numChannels=36
[2026-05-12T07:32:30.4185764-07:00] [pid=23672] 
[2026-05-12T07:32:30.4185764-07:00] [pid=23672] [EmbodyLOG] May_12_2026 07:32:30.419 line: 738. ___IMMERSEENGINE___ Immerse_CreateAudioProcessor inChannelConfiguration:5 inInitHrirTuning:0 inInitSpeakerPlacement:0 outAudioProcessor:00000013D79EF820 
[2026-05-12T07:32:30.4195821-07:00] [pid=23672] [EmbodyLOG] May_12_2026 07:32:30.419 line: 251. ImmerseAudioApiImplBase::CreateAudioProcessor: failed to obtain personalized shared decoder kernel - expected behaviour if user is not set! 
[2026-05-12T07:32:30.4406348-07:00] [pid=23672] [EmbodyLOG] May_12_2026 07:32:30.441 line: 376. AudioConfig::GetSHIndices() - invalid channelConfig: 6 
[2026-05-12T07:32:30.4687368-07:00] [pid=23672] [EmbodyLOG] May_12_2026 07:32:30.469 line: 281. AudioConfig::InitializeDecoders: Successfully created shared ambisonic decoder kernel 
[2026-05-12T07:32:30.4707534-07:00] [pid=23672] [EmbodyLOG] May_12_2026 07:32:30.471 line: 269. ImmerseAudioApiImplBase::CreateAudioProcessor: failed to init personalized decoder - expected behaviour if user is not set! 
[2026-05-12T07:32:32.7649905-07:00] [pid=23672] [2026.05.12-14.32.32:763][152]LogTemp: Display: [ImmerseStress] REMOTE_HOLD_v1: waiting for go.flag (../../../../../../Users/kapil/OneDrive/Documents/Unreal Projects/testTP/Saved/ImmerseStress/go.flag) retry=1
[2026-05-12T07:32:34.1928822-07:00] [pid=29048] <1>May12 07:32:34.192 SF_29048[Environ] CMD_DESKTOP_TYPE_LBUTTONUP_RTT: l:0
[2026-05-12T07:32:34.1928822-07:00] [pid=29048] <1>May12 07:32:34.193 SF_29048[MediaMgr] Stop video performance debug.
[2026-05-12T07:32:35.5938759-07:00] [pid=21620] Focus Exec Name: wwise.exe
[2026-05-12T07:32:35.5938759-07:00] [pid=21620] ---> Focus Exec Name: wwise.exe has WS_OVERLAPPEDWINDOW
[2026-05-12T07:32:39.4405828-07:00] [pid=21620] Focus Exec Name: wwise.exe
[2026-05-12T07:32:39.4405828-07:00] [pid=21620] ---> Focus Exec Name: wwise.exe does not has WS_OVERLAPPEDWINDOW
[2026-05-12T07:32:42.2870771-07:00] [pid=23672] [2026.05.12-14.32.42:287][824]LogTemp: Display: [ImmerseStress] REMOTE_HOLD_v1: waiting for go.flag (../../../../../../Users/kapil/OneDrive/Documents/Unreal Projects/testTP/Saved/ImmerseStress/go.flag) retry=20
[2026-05-12T07:32:42.9053898-07:00] [pid=26656] <<<_____ ImmerseAudioRenderer _____>>> 
[2026-05-12T07:32:42.9053898-07:00] [pid=26656] WwiseFxNullParams::Term()
[2026-05-12T07:32:42.9053898-07:00] [pid=26656] 
[2026-05-12T07:32:42.9119161-07:00] [pid=26656] <<<_____ ImmerseAudioRenderer _____>>> 
[2026-05-12T07:32:42.9119161-07:00] [pid=26656] CreateDestroyImmerseManager
[2026-05-12T07:32:42.9119161-07:00] [pid=26656] 
[2026-05-12T07:32:42.9119161-07:00] [pid=26656] <<<_____ ImmerseAudioRenderer _____>>> 
[2026-05-12T07:32:42.9119161-07:00] [pid=26656] DestroyImmerseManager
[2026-05-12T07:32:42.9119161-07:00] [pid=26656] 
[2026-05-12T07:32:43.0017498-07:00] [pid=23672] <<<_____ ImmerseAudioRenderer _____>>> 
[2026-05-12T07:32:43.0017498-07:00] [pid=23672] RegisterImmerseAudioRendererFX()
[2026-05-12T07:32:43.0017498-07:00] [pid=23672] 
[2026-05-12T07:32:43.0017498-07:00] [pid=23672] <<<_____ ImmerseAudioRenderer _____>>> 
[2026-05-12T07:32:43.0017498-07:00] [pid=23672] CreateImmerseManager
[2026-05-12T07:32:43.0017498-07:00] [pid=23672] 
[2026-05-12T07:32:43.0062734-07:00] [pid=21620] Focus Exec Name: wwise.exe
[2026-05-12T07:32:43.0062734-07:00] [pid=21620] ---> Focus Exec Name: wwise.exe has WS_OVERLAPPEDWINDOW
[2026-05-12T07:32:43.0243512-07:00] [pid=23672] <<<_____ ImmerseAudioRenderer _____>>> 
[2026-05-12T07:32:43.0243512-07:00] [pid=23672] CreateImmerseAudioRendererFXParams()
[2026-05-12T07:32:43.0243512-07:00] [pid=23672] 
[2026-05-12T07:32:43.0243512-07:00] [pid=23672] <<<_____ ImmerseAudioRenderer _____>>> 
[2026-05-12T07:32:43.0243512-07:00] [pid=23672] WwiseFxNullParams::Init()
[2026-05-12T07:32:43.0243512-07:00] [pid=23672] 
[2026-05-12T07:32:43.0243512-07:00] [pid=23672] <<<_____ ImmerseAudioRenderer _____>>> 
[2026-05-12T07:32:43.0253507-07:00] [pid=23672] WwiseFxNullParams::SetParam()
[2026-05-12T07:32:43.0253507-07:00] [pid=23672] 
[2026-05-12T07:32:43.0253507-07:00] [pid=23672] <<<_____ ImmerseAudioRenderer _____>>> 
[2026-05-12T07:32:43.0253507-07:00] [pid=23672] WwiseFxNullParams::SetParam()
[2026-05-12T07:32:43.0253507-07:00] [pid=23672] 
[2026-05-12T07:32:43.0253507-07:00] [pid=23672] <<<_____ ImmerseAudioRenderer _____>>> 
[2026-05-12T07:32:43.0253507-07:00] [pid=23672] WwiseFxNullParams::SetParam()
[2026-05-12T07:32:43.0253507-07:00] [pid=23672] 
[2026-05-12T07:32:43.0253507-07:00] [pid=23672] <<<_____ ImmerseAudioRenderer _____>>> 
[2026-05-12T07:32:43.0253507-07:00] [pid=23672] WwiseFxNullParams::SetParam()
[2026-05-12T07:32:43.0253507-07:00] [pid=23672] 
[2026-05-12T07:32:43.0253507-07:00] [pid=23672] <<<_____ ImmerseAudioRenderer _____>>> 
[2026-05-12T07:32:43.0263601-07:00] [pid=23672] WwiseFxNullParams::SetParam()
[2026-05-12T07:32:43.0263601-07:00] [pid=23672] 
[2026-05-12T07:32:43.0263601-07:00] [pid=23672] <<<_____ ImmerseAudioRenderer _____>>> 
[2026-05-12T07:32:43.0263601-07:00] [pid=23672] WwiseFxNullParams::SetParam()
[2026-05-12T07:32:43.0263601-07:00] [pid=23672] 
[2026-05-12T07:32:43.0263601-07:00] [pid=23672] <<<_____ ImmerseAudioRenderer _____>>> 
[2026-05-12T07:32:43.0263601-07:00] [pid=23672] WwiseFxNullParams::SetParam()
[2026-05-12T07:32:43.0263601-07:00] [pid=23672] 
[2026-05-12T07:32:43.0263601-07:00] [pid=23672] <<<_____ ImmerseAudioRenderer _____>>> 
[2026-05-12T07:32:43.0263601-07:00] [pid=23672] WwiseFxNullParams::SetParam()
[2026-05-12T07:32:43.0263601-07:00] [pid=23672] 
[2026-05-12T07:32:43.0263601-07:00] [pid=23672] <<<_____ ImmerseAudioRenderer _____>>> 
[2026-05-12T07:32:43.0263601-07:00] [pid=23672] WwiseFxNullParams::SetParam()
[2026-05-12T07:32:43.0273628-07:00] [pid=23672] 
[2026-05-12T07:32:43.0273628-07:00] [pid=23672] <<<_____ ImmerseAudioRenderer _____>>> 
[2026-05-12T07:32:43.0273628-07:00] [pid=23672] WwiseFxNullParams::ApplyParam()
[2026-05-12T07:32:43.0273628-07:00] [pid=23672] 
[2026-05-12T07:32:43.0273628-07:00] [pid=23672] [EmbodyLOG] May_12_2026 07:32:43.027 line: 649. ___IMMERSEENGINE___ Immerse_SetUserId inUserId:00000013CD69EE20 
[2026-05-12T07:32:43.0283622-07:00] [pid=23672] <<<_____ ImmerseAudioRenderer _____>>> 
[2026-05-12T07:32:43.0283622-07:00] [pid=23672] WwiseFxNullParams::ApplyParam()
[2026-05-12T07:32:43.0283622-07:00] [pid=23672] 
[2026-05-12T07:32:43.0288723-07:00] [pid=23672] [EmbodyLOG] May_12_2026 07:32:43.028 line: 673. ___IMMERSEENGINE___ Immerse_EnableImmerse inMode: 2 
[2026-05-12T07:32:43.0288723-07:00] [pid=23672] <<<_____ ImmerseAudioRenderer _____>>> 
[2026-05-12T07:32:43.0288723-07:00] [pid=23672] WwiseFxNullParams::ApplyParam()
[2026-05-12T07:32:43.0288723-07:00] [pid=23672] 
[2026-05-12T07:32:43.0288723-07:00] [pid=23672] [EmbodyLOG] May_12_2026 07:32:43.029 line: 673. ___IMMERSEENGINE___ Immerse_EnableImmerse inMode: 1 
[2026-05-12T07:32:43.0298865-07:00] [pid=23672] <<<_____ ImmerseAudioRenderer _____>>> 
[2026-05-12T07:32:43.0298865-07:00] [pid=23672] WwiseFxNullParams::ApplyParam()
[2026-05-12T07:32:43.0298865-07:00] [pid=23672] [EmbodyLOG] May_12_2026 07:32:43.030 line: 3460. generateWebAppUrl(): userId: kevin_tencenttest1_emb 
[2026-05-12T07:32:43.0298865-07:00] [pid=23672] 
[2026-05-12T07:32:43.0298865-07:00] [pid=23672] [EmbodyLOG] May_12_2026 07:32:43.030 line: 710. ___IMMERSEENGINE___ Immerse_EnableHPEQ inHeadset: 0 
[2026-05-12T07:32:43.0308941-07:00] [pid=23672] <<<_____ ImmerseAudioRenderer _____>>> 
[2026-05-12T07:32:43.0308941-07:00] [pid=23672] WwiseFxNullParams::ApplyParam()
[2026-05-12T07:32:43.0318965-07:00] [pid=23672] 
[2026-05-12T07:32:43.0318965-07:00] [pid=23672] <<<_____ ImmerseAudioRenderer _____>>> 
[2026-05-12T07:32:43.0318965-07:00] [pid=23672] WwiseFxNullParams::ApplyParam()
[2026-05-12T07:32:43.0318965-07:00] [pid=23672] 
[2026-05-12T07:32:43.0318965-07:00] [pid=23672] <<<_____ ImmerseAudioRenderer _____>>> 
[2026-05-12T07:32:43.0318965-07:00] [pid=23672] [EmbodyLOG] May_12_2026 07:32:43.032 line: 759. ___IMMERSEENGINE___ Immerse_SetSpeakerPlacement inSpeakerPlacement:2 
[2026-05-12T07:32:43.0318965-07:00] [pid=23672] WwiseFxNullParams::ApplyParam()
[2026-05-12T07:32:43.0318965-07:00] [pid=23672] 
[2026-05-12T07:32:43.0328951-07:00] [pid=23672] <<<_____ ImmerseAudioRenderer _____>>> 
[2026-05-12T07:32:43.0328951-07:00] [pid=23672] WwiseFxNullParams::ApplyParam()
[2026-05-12T07:32:43.0328951-07:00] [pid=23672] 
[2026-05-12T07:32:43.0328951-07:00] [pid=23672] <<<_____ ImmerseAudioRenderer _____>>> 
[2026-05-12T07:32:43.0328951-07:00] [pid=23672] WwiseFxNullParams::ApplyParam()
[2026-05-12T07:32:43.0338979-07:00] [pid=23672] 
[2026-05-12T07:32:43.0338979-07:00] [pid=23672] [EmbodyLOG] May_12_2026 07:32:43.034 line: 1316. getLocalSessionID for user: kevin_tencenttest1_emb 06756e30dc6941e7b44b3ad365984a2f 
[2026-05-12T07:32:43.0338979-07:00] [pid=23672] [EmbodyLOG] May_12_2026 07:32:43.034 line: 3468. generateWebAppUrl(): Query context user id = kevin_tencenttest1_emb 
[2026-05-12T07:32:43.0338979-07:00] [pid=23672] <<<_____ ImmerseAudioRenderer _____>>> 
[2026-05-12T07:32:43.0338979-07:00] [pid=23672] Term: this=0000017CD5A90080
[2026-05-12T07:32:43.0338979-07:00] [pid=23672] 
[2026-05-12T07:32:43.0354116-07:00] [pid=23672] [EmbodyLOG] May_12_2026 07:32:43.035 line: 752. ___IMMERSEENGINE___ Immerse_DestroyAudioProcessor inAudioProcessor:1 
[2026-05-12T07:32:43.0354116-07:00] [pid=23672] [EmbodyLOG] May_12_2026 07:32:43.035 line: 1377. constructWebAppUrl: https://u.embodyvr.io/i/vrqeTWdEH8N8Vjd3J-ZDyzZelctCjV2hDrs4_9DZuZ8E4L6G7vCvRw**?q=2h04:en 
[2026-05-12T07:32:43.0354116-07:00] [pid=23672] <<<_____ ImmerseAudioRenderer _____>>> 
[2026-05-12T07:32:43.0354116-07:00] [pid=23672] WwiseFxNullParams::Term()
[2026-05-12T07:32:43.0354116-07:00] [pid=23672] [EmbodyLOG] May_12_2026 07:32:43.035 line: 3483. generateWebAppUrl(): session url is : https://u.embodyvr.io/i/vrqeTWdEH8N8Vjd3J-ZDyzZelctCjV2hDrs4_9DZuZ8E4L6G7vCvRw**?q=2h04:en 
[2026-05-12T07:32:43.0354116-07:00] [pid=23672] 
[2026-05-12T07:32:43.0354116-07:00] [pid=23672] <<<_____ ImmerseAudioRenderer _____>>> 
[2026-05-12T07:32:43.0354116-07:00] [pid=23672] CreateImmerseAudioRendererFX()
[2026-05-12T07:32:43.0354116-07:00] [pid=23672] 
[2026-05-12T07:32:43.0364314-07:00] [pid=23672] <<<_____ ImmerseAudioRenderer _____>>> 
[2026-05-12T07:32:43.0364314-07:00] [pid=23672] Init: this=0000017CD5A901C0
[2026-05-12T07:32:43.0364314-07:00] [pid=23672] 
[2026-05-12T07:32:43.0364314-07:00] [pid=23672] <<<_____ ImmerseAudioRenderer _____>>> 
[2026-05-12T07:32:43.0364314-07:00] [pid=23672] Init: success this=0000017CD5A901C0 numChannels=36
[2026-05-12T07:32:43.0364314-07:00] [pid=23672] 
[2026-05-12T07:32:43.0389352-07:00] [pid=23672] <<<_____ ImmerseAudioRenderer _____>>> 
[2026-05-12T07:32:43.0389352-07:00] [pid=23672] Term: this=0000017CD5A901C0
[2026-05-12T07:32:43.0389352-07:00] [pid=23672] 
[2026-05-12T07:32:43.0389352-07:00] [pid=23672] <<<_____ ImmerseAudioRenderer _____>>> 
[2026-05-12T07:32:43.0399450-07:00] [pid=23672] WwiseFxNullParams::Term()
[2026-05-12T07:32:43.0399450-07:00] [pid=23672] 
[2026-05-12T07:32:43.0489895-07:00] [pid=23672] <<<_____ ImmerseAudioRenderer _____>>> 
[2026-05-12T07:32:43.0489895-07:00] [pid=23672] CreateImmerseAudioRendererFX()
[2026-05-12T07:32:43.0489895-07:00] [pid=23672] 
[2026-05-12T07:32:43.0489895-07:00] [pid=23672] <<<_____ ImmerseAudioRenderer _____>>> 
[2026-05-12T07:32:43.0489895-07:00] [pid=23672] Init: this=0000017CD5A90300
[2026-05-12T07:32:43.0489895-07:00] [pid=23672] 
[2026-05-12T07:32:43.0499993-07:00] [pid=23672] <<<_____ ImmerseAudioRenderer _____>>> 
[2026-05-12T07:32:43.0499993-07:00] [pid=23672] Init: success this=0000017CD5A90300 numChannels=36
[2026-05-12T07:32:43.0499993-07:00] [pid=23672] 
[2026-05-12T07:32:43.0510067-07:00] [pid=23672] [EmbodyLOG] May_12_2026 07:32:43.051 line: 738. ___IMMERSEENGINE___ Immerse_CreateAudioProcessor inChannelConfiguration:5 inInitHrirTuning:0 inInitSpeakerPlacement:0 outAudioProcessor:00000013D856F960 
[2026-05-12T07:32:43.0520086-07:00] [pid=23672] [EmbodyLOG] May_12_2026 07:32:43.052 line: 251. ImmerseAudioApiImplBase::CreateAudioProcessor: failed to obtain personalized shared decoder kernel - expected behaviour if user is not set! 
[2026-05-12T07:32:43.0530081-07:00] [pid=23672] [EmbodyLOG] May_12_2026 07:32:43.053 line: 269. ImmerseAudioApiImplBase::CreateAudioProcessor: failed to init personalized decoder - expected behaviour if user is not set! 
[2026-05-12T07:32:43.0555127-07:00] [pid=23672] [EmbodyLOG] May_12_2026 07:32:43.055 line: 1419. calculateLicenseDaysRemaining(): cached=359, elapsed=0, remaining=359 
[2026-05-12T07:32:43.3572710-07:00] [pid=23672] [EmbodyLOG] May_12_2026 07:32:43.357 line: 2042. updateUserData onSetUserId: update user data on set user id 
[2026-05-12T07:32:43.3582811-07:00] [pid=23672] [EmbodyLOG] May_12_2026 07:32:43.358 line: 1316. getLocalSessionID for user: kevin_tencenttest1_emb 06756e30dc6941e7b44b3ad365984a2f 
[2026-05-12T07:32:43.3587867-07:00] [pid=23672] [EmbodyLOG] May_12_2026 07:32:43.358 line: 2060. ImmerseAPI_updateUserData onSetUserId: syncing with server 
[2026-05-12T07:32:43.3597927-07:00] [pid=23672] [EmbodyLOG] May_12_2026 07:32:43.360 line: 1316. getLocalSessionID for user: kevin_tencenttest1_emb 06756e30dc6941e7b44b3ad365984a2f 
[2026-05-12T07:32:43.3617984-07:00] [pid=23672] [EmbodyLOG] May_12_2026 07:32:43.362 line: 3274. getEmbodyData: STATUS_AUTHORIZING StatusCheck session_id: 06756e30dc6941e7b44b3ad365984a2f, immerse_id: v2.2.447, hrtf_id: 1408e0d2eca549feaf2d5631a49ca7d2, img_id: img_1 
[2026-05-12T07:32:43.3628004-07:00] [pid=23672] [EmbodyLOG] May_12_2026 07:32:43.362 line: 3213. usingLocalUserCache: Using local cache for user: SCR license_type: trial, license_days_left: 359, license_expired: 0, isUniversalUser: 0 
[2026-05-12T07:32:43.3628004-07:00] [pid=23672] [EmbodyLOG] May_12_2026 07:32:43.363 line: 3232. updateUMWHPEQSelection() - updated headsetId: 18446744073709551615 
[2026-05-12T07:32:43.3628004-07:00] [pid=23672] [EmbodyLOG] May_12_2026 07:32:43.363 line: 2669. updateUserHRTFData ProfileName set to : Profile_1 
[2026-05-12T07:32:43.3628004-07:00] [pid=23672] [EmbodyLOG] May_12_2026 07:32:43.363 line: 2724. updateUserHRTFData: inside hrtfCallback invocation 
[2026-05-12T07:32:43.3638008-07:00] [pid=23672] [EmbodyLOG] May_12_2026 07:32:43.363 line: 270. LoadHrtfCallback: HRTF loaded 
[2026-05-12T07:32:43.3638008-07:00] [pid=23672] [EmbodyLOG] May_12_2026 07:32:43.364 line: 3354. getEmbodyData: IMMERSE_STATUS::DATA_FINISHED 
[2026-05-12T07:32:43.6652024-07:00] [pid=23672] [EmbodyLOG] May_12_2026 07:32:43.665 line: 416. DecryptMultiSofaData() - v2 numSections=3 hrtfFlags=1 hrtfSectionOffset=971 hrtfSectionSize=1758624 numEntries=4 dataOffset=1039 dataLength=439639 bmapSize=518 fovdSize=361 
[2026-05-12T07:32:43.7189133-07:00] [pid=23672] [EmbodyLOG] May_12_2026 07:32:43.719 line: 447. DecryptMultiSofaData() - decrypt result: Success 
[2026-05-12T07:32:43.7189133-07:00] [pid=23672] [EmbodyLOG] May_12_2026 07:32:43.720 line: 533. AssetManager - BMAP data (518 bytes): {"buses":[{"label":"Extraction","tunings":[{"id":"extraction_tuning_1","label":"Extraction Tuning 1","hrtf_index":0}],"id":"extraction"},{"label":"Warfare","tunings":[{"id":"warfare_tuning_1","label":"Warfare Tuning 1","hrtf_index":1}],"id":"warfare"},{"label":"Campaign","tunings":[{"id":"campaign_tuning_1","label":"Campaign Tuning 1","hrtf_index":2}],"id":"campaign"},{"label":"Voice Chat","tunings":[{"id":"voice_chat_tuning_1","label":"Voice Chat Tuning 1","hrtf_index":3}],"id":"voice_chat"}],"schema_version":1} 
[2026-05-12T07:32:43.7204242-07:00] [pid=23672] [EmbodyLOG] May_12_2026 07:32:43.720 line: 537. AssetManager - FOVD data (361 bytes): {"schema_version":1,"fov_groups":["l/r"],"fov_presets":[{"studio_speaker_angles_idx":[0,1,6,7,8,9,10,11,12,13,14,15,16,17,18],"label":"Narrow","id":"narrow"},{"studio_speaker_angles_idx":[2,3,6,7,8,9,10,11,12,13,14,15,16,17,18],"label":"Default","id":"default"},{"studio_speaker_angles_idx":[4,5,6,7,8,9,10,11,12,13,14,15,16,17,18],"label":"Wide","id":"wide"}]} 
[2026-05-12T07:32:43.7264333-07:00] [pid=23672] [EmbodyLOG] May_12_2026 07:32:43.726 line: 376. AudioConfig::GetSHIndices() - invalid channelConfig: 6 
[2026-05-12T07:32:43.7696046-07:00] [pid=23672] [EmbodyLOG] May_12_2026 07:32:43.770 line: 281. AudioConfig::InitializeDecoders: Successfully created shared ambisonic decoder kernel 
[2026-05-12T07:32:43.7726158-07:00] [pid=23672] [EmbodyLOG] May_12_2026 07:32:43.773 line: 1419. calculateLicenseDaysRemaining(): cached=359, elapsed=0, remaining=359 
[2026-05-12T07:32:43.7736157-07:00] [pid=23672] [EmbodyLOG] May_12_2026 07:32:43.774 line: 1419. calculateLicenseDaysRemaining(): cached=359, elapsed=0, remaining=359 
[2026-05-12T07:32:43.7751209-07:00] [pid=23672] [EmbodyLOG] May_12_2026 07:32:43.775 line: 1316. getLocalSessionID for user: kevin_tencenttest1_emb 06756e30dc6941e7b44b3ad365984a2f 
[2026-05-12T07:32:43.7761333-07:00] [pid=23672] [EmbodyLOG] May_12_2026 07:32:43.776 line: 2576. ImmerseAPI: Too many status checks within the period allowed, returning early 
[2026-05-12T07:32:43.7761333-07:00] [pid=23672] [EmbodyLOG] May_12_2026 07:32:43.776 line: 3232. updateUMWHPEQSelection() - updated headsetId: 18446744073709551615 
[2026-05-12T07:32:43.7771298-07:00] [pid=23672] [EmbodyLOG] May_12_2026 07:32:43.777 line: 1419. calculateLicenseDaysRemaining(): cached=359, elapsed=0, remaining=359 
[2026-05-12T07:32:43.7781296-07:00] [pid=23672] [EmbodyLOG] May_12_2026 07:32:43.778 line: 1304. ImmerseManager::UpdateHpeqHeadset() - HPEQ disabled 
[2026-05-12T07:32:43.7786369-07:00] [pid=23672] [EmbodyLOG] May_12_2026 07:32:43.779 line: 1419. calculateLicenseDaysRemaining(): cached=359, elapsed=0, remaining=359 
[2026-05-12T07:32:47.7162876-07:00] [pid=21620] Focus Exec Name: windowsterminal.exe
[2026-05-12T07:32:47.7162876-07:00] [pid=21620] ---> Focus Exec Name: windowsterminal.exe has WS_OVERLAPPEDWINDOW
[2026-05-12T07:32:49.8054452-07:00] [pid=23672] [2026.05.12-14.32.49:805][317]LogTemp: Display: [ImmerseStress] REMOTE_HOLD_v1: go.flag detected after 34 retries
[2026-05-12T07:32:49.8119655-07:00] [pid=23672] [2026.05.12-14.32.49:811][317]LogTemp: Display: [ImmerseStress] PLAN START  steps=2 (concurrency=1 ?? immerse{off,on}) rate=300.0Hz life=500ms warmup=2.0s phase=5.0s cooldown=2.0s CSV=../../../../../../Users/kapil/OneDrive/Documents/Unreal Projects/testTP/Saved/ImmerseStress/run_20260512_073249.csv
[2026-05-12T07:32:49.8119655-07:00] [pid=23672] [2026.05.12-14.32.49:811][317]LogTemp: Display: [ImmerseStress] BypassImmerse(bus=7p1p4) -> OK
[2026-05-12T07:32:49.8119655-07:00] [pid=23672] [2026.05.12-14.32.49:811][317]LogTemp: Display: [ImmerseStress] >>> WARMUP step=0/2 immerse=off conc=32 (align Wwise profiler capture here)
[2026-05-12T07:32:49.8119655-07:00] [pid=23672] [2026.05.12-14.32.49:811][317]LogTemp: Display: [ImmerseStress] Churn START  event=SwordHits rate=300.0Hz life=500ms cap=32 immerse=BYPASSED
[2026-05-12T07:32:49.8671776-07:00] [pid=23672] [2026.05.12-14.32.49:867][338]LogStats: Display: There is no thread with id: 18956. Please add thread metadata for this thread.
[2026-05-12T07:32:50.0739346-07:00] [pid=23672] <<<_____ ImmerseAudioRenderer _____>>> 
[2026-05-12T07:32:50.0739346-07:00] [pid=23672] WwiseFxNullParams::SetParam()
[2026-05-12T07:32:50.0739346-07:00] [pid=23672] 
[2026-05-12T07:32:50.0739346-07:00] [pid=23672] <<<_____ ImmerseAudioRenderer _____>>> 
[2026-05-12T07:32:50.0739346-07:00] [pid=23672] WwiseFxNullParams::ApplyParam()
[2026-05-12T07:32:50.0739346-07:00] [pid=23672] 
[2026-05-12T07:32:50.0754401-07:00] [pid=23672] [EmbodyLOG] May_12_2026 07:32:50.075 line: 673. ___IMMERSEENGINE___ Immerse_EnableImmerse inMode: 0 
[2026-05-12T07:32:50.0754401-07:00] [pid=23672] <<<_____ ImmerseAudioRenderer _____>>> 
[2026-05-12T07:32:50.0754401-07:00] [pid=23672] WwiseFxNullParams::SetParam()
[2026-05-12T07:32:50.0754401-07:00] [pid=23672] 
[2026-05-12T07:32:50.0754401-07:00] [pid=23672] <<<_____ ImmerseAudioRenderer _____>>> 
[2026-05-12T07:32:50.0754401-07:00] [pid=23672] WwiseFxNullParams::ApplyParam()
[2026-05-12T07:32:50.0754401-07:00] [pid=23672] 
[2026-05-12T07:32:50.0754401-07:00] [pid=23672] [EmbodyLOG] May_12_2026 07:32:50.076 line: 673. ___IMMERSEENGINE___ Immerse_EnableImmerse inMode: 0 
[2026-05-12T07:32:50.0764507-07:00] [pid=23672] [EmbodyLOG] May_12_2026 07:32:50.076 line: 1419. calculateLicenseDaysRemaining(): cached=359, elapsed=0, remaining=359 
[2026-05-12T07:32:50.0774641-07:00] [pid=23672] [EmbodyLOG] May_12_2026 07:32:50.077 line: 1419. calculateLicenseDaysRemaining(): cached=359, elapsed=0, remaining=359 
[2026-05-12T07:32:51.8052744-07:00] [pid=23672] [2026.05.12-14.32.51:805][177]LogTemp: Display: [ImmerseStress] >>> RUNNING step=0/2 immerse=off conc=32 (align Wwise profiler capture here)
[2026-05-12T07:32:51.8052744-07:00] [pid=23672] [2026.05.12-14.32.51:805][177]LogTemp: Display: [ImmerseStress] CAPTURE_WAV_v2 START ../../../../../../Users/kapil/OneDrive/Documents/Unreal Projects/testTP/Saved/ImmerseStress/phase_0_off.wav
[2026-05-12T07:32:51.8108059-07:00] [pid=23672] [2026.05.12-14.32.51:810][180]LogAkAudio: Error: Cannot open file ../../../../../../Users/kapil/OneDrive/Documents/Unreal Projects/testTP/Saved/Wwise/../../../../../../Users/kapil/OneDrive/Documents/Unreal Projects/testTP/Saved/ImmerseStress/phase_0_off.wav for write.
[2026-05-12T07:32:51.8108059-07:00] [pid=23672] [2026.05.12-14.32.51:810][180]LogAkAudio: Error: Cannot open file: ../../../../../../Users/kapil/OneDrive/Documents/Unreal Projects/testTP/Saved/ImmerseStress/phase_0_off.wav
[2026-05-12T07:32:56.1317290-07:00] [pid=23204] [2026.05.12-14.32.56:131][746]LogRunningAppService: Display: New foreground process [23672] C:/Program Files/Epic Games/UE_4.27/Engine/Binaries/Win64/UE4Editor.exe for app C:/Program Files/Epic Games/UE_4.27/
[2026-05-12T07:32:56.1317290-07:00] [pid=23204] [2026.05.12-14.32.56:131][746]LogRunningAppService: Display: New foreground process [31780] C:/Program Files/Epic Games/UE_4.27/Engine/Binaries/Win64/CrashReportClientEditor.exe for app C:/Program Files/Epic Games/UE_4.27/
[2026-05-12T07:32:56.1317290-07:00] [pid=23204] [2026.05.12-14.32.56:131][746]LogRunningAppService: Display: New foreground app C:/Program Files/Epic Games/UE_4.27/
[2026-05-12T07:32:56.1317290-07:00] [pid=23204] [2026.05.12-14.32.56:131][746]LogRunningAppPresenceHandler: Display: Setting override presence for C:/Program Files/Epic Games/UE_4.27/ (PresenceId=ue)
[2026-05-12T07:32:56.8064943-07:00] [pid=23672] [2026.05.12-14.32.56:806][427]LogTemp: Display: [ImmerseStress] PHASE 0 done immerse=off conc=32 posted=320 stopped=320 dropped=1180 frames=2250 avg=2.22ms p50=2.16 p95=2.69 max=4.84
[2026-05-12T07:32:56.8074916-07:00] [pid=23672] [2026.05.12-14.32.56:807][427]LogTemp: Display: [ImmerseStress] CAPTURE_WAV_v2 STOP
[2026-05-12T07:32:56.8074916-07:00] [pid=23672] [2026.05.12-14.32.56:807][427]LogTemp: Display: [ImmerseStress] >>> COOLDOWN step=0/2 immerse=off conc=32 (align Wwise profiler capture here)
[2026-05-12T07:32:56.8074916-07:00] [pid=23672] [2026.05.12-14.32.56:807][427]LogTemp: Display: [ImmerseStress] Churn STOP   posted=448 stopped=448 dropped=1651
[2026-05-12T07:32:58.8086053-07:00] [pid=23672] [2026.05.12-14.32.58:808][300]LogTemp: Display: [ImmerseStress] EnableImmerse(bus=7p1p4, shareset=Immerse_Audio_Renderer_(Custom)) -> OK
[2026-05-12T07:32:58.8086053-07:00] [pid=23672] [2026.05.12-14.32.58:808][300]LogTemp: Display: [ImmerseStress] >>> WARMUP step=1/2 immerse=ON conc=32 (align Wwise profiler capture here)
[2026-05-12T07:32:58.8086053-07:00] [pid=23672] [2026.05.12-14.32.58:808][300]LogTemp: Display: [ImmerseStress] Churn START  event=SwordHits rate=300.0Hz life=500ms cap=32 immerse=enabled
[2026-05-12T07:32:58.9295970-07:00] [pid=23672] <<<_____ ImmerseAudioRenderer _____>>> 
[2026-05-12T07:32:58.9295970-07:00] [pid=23672] WwiseFxNullParams::SetParam()
[2026-05-12T07:32:58.9295970-07:00] [pid=23672] 
[2026-05-12T07:32:58.9295970-07:00] [pid=23672] <<<_____ ImmerseAudioRenderer _____>>> 
[2026-05-12T07:32:58.9295970-07:00] [pid=23672] WwiseFxNullParams::ApplyParam()
[2026-05-12T07:32:58.9295970-07:00] [pid=23672] 
[2026-05-12T07:32:58.9295970-07:00] [pid=23672] [EmbodyLOG] May_12_2026 07:32:58.930 line: 673. ___IMMERSEENGINE___ Immerse_EnableImmerse inMode: 1 
[2026-05-12T07:32:58.9295970-07:00] [pid=23672] <<<_____ ImmerseAudioRenderer _____>>> 
[2026-05-12T07:32:58.9306061-07:00] [pid=23672] WwiseFxNullParams::SetParam()
[2026-05-12T07:32:58.9306061-07:00] [pid=23672] 
[2026-05-12T07:32:58.9306061-07:00] [pid=23672] <<<_____ ImmerseAudioRenderer _____>>> 
[2026-05-12T07:32:58.9306061-07:00] [pid=23672] WwiseFxNullParams::ApplyParam()
[2026-05-12T07:32:58.9306061-07:00] [pid=23672] 
[2026-05-12T07:32:58.9306061-07:00] [pid=23672] [EmbodyLOG] May_12_2026 07:32:58.930 line: 673. ___IMMERSEENGINE___ Immerse_EnableImmerse inMode: 1 
[2026-05-12T07:32:58.9316059-07:00] [pid=23672] [EmbodyLOG] May_12_2026 07:32:58.931 line: 1316. getLocalSessionID for user: kevin_tencenttest1_emb 06756e30dc6941e7b44b3ad365984a2f 
[2026-05-12T07:32:58.9326061-07:00] [pid=23672] [EmbodyLOG] May_12_2026 07:32:58.932 line: 3274. getEmbodyData: STATUS_AUTHORIZING StatusCheck session_id: 06756e30dc6941e7b44b3ad365984a2f, immerse_id: v2.2.447, hrtf_id: 1408e0d2eca549feaf2d5631a49ca7d2, img_id: img_1 
[2026-05-12T07:32:58.9326061-07:00] [pid=23672] [EmbodyLOG] May_12_2026 07:32:58.932 line: 3213. usingLocalUserCache: Using local cache for user: SCR license_type: trial, license_days_left: 359, license_expired: 0, isUniversalUser: 0 
[2026-05-12T07:32:58.9326061-07:00] [pid=23672] [EmbodyLOG] May_12_2026 07:32:58.933 line: 3232. updateUMWHPEQSelection() - updated headsetId: 18446744073709551615 
[2026-05-12T07:32:58.9326061-07:00] [pid=23672] [EmbodyLOG] May_12_2026 07:32:58.933 line: 2669. updateUserHRTFData ProfileName set to : Profile_1 
[2026-05-12T07:32:58.9336072-07:00] [pid=23672] [EmbodyLOG] May_12_2026 07:32:58.933 line: 2724. updateUserHRTFData: inside hrtfCallback invocation 
[2026-05-12T07:32:58.9336072-07:00] [pid=23672] [EmbodyLOG] May_12_2026 07:32:58.933 line: 277. LoadHrtfCallback: HRTF already loaded 
[2026-05-12T07:32:58.9336072-07:00] [pid=23672] [EmbodyLOG] May_12_2026 07:32:58.934 line: 3354. getEmbodyData: IMMERSE_STATUS::DATA_FINISHED 
[2026-05-12T07:32:58.9336072-07:00] [pid=23672] [EmbodyLOG] May_12_2026 07:32:58.934 line: 1419. calculateLicenseDaysRemaining(): cached=359, elapsed=0, remaining=359 
[2026-05-12T07:32:58.9361289-07:00] [pid=23672] [EmbodyLOG] May_12_2026 07:32:58.936 line: 1316. getLocalSessionID for user: kevin_tencenttest1_emb 06756e30dc6941e7b44b3ad365984a2f 
[2026-05-12T07:32:58.9371311-07:00] [pid=23672] [EmbodyLOG] May_12_2026 07:32:58.937 line: 2576. ImmerseAPI: Too many status checks within the period allowed, returning early 
[2026-05-12T07:32:58.9371311-07:00] [pid=23672] [EmbodyLOG] May_12_2026 07:32:58.937 line: 3232. updateUMWHPEQSelection() - updated headsetId: 18446744073709551615 
[2026-05-12T07:32:58.9386343-07:00] [pid=23672] [EmbodyLOG] May_12_2026 07:32:58.938 line: 1419. calculateLicenseDaysRemaining(): cached=359, elapsed=0, remaining=359 
[2026-05-12T07:33:00.8088376-07:00] [pid=23672] [2026.05.12-14.33.00:808][169]LogTemp: Display: [ImmerseStress] >>> RUNNING step=1/2 immerse=ON conc=32 (align Wwise profiler capture here)
[2026-05-12T07:33:00.8088376-07:00] [pid=23672] [2026.05.12-14.33.00:808][169]LogTemp: Display: [ImmerseStress] CAPTURE_WAV_v2 START ../../../../../../Users/kapil/OneDrive/Documents/Unreal Projects/testTP/Saved/ImmerseStress/phase_1_on.wav
[2026-05-12T07:33:00.8264097-07:00] [pid=23672] [2026.05.12-14.33.00:826][177]LogAkAudio: Error: Cannot open file ../../../../../../Users/kapil/OneDrive/Documents/Unreal Projects/testTP/Saved/Wwise/../../../../../../Users/kapil/OneDrive/Documents/Unreal Projects/testTP/Saved/ImmerseStress/phase_1_on.wav for write.
[2026-05-12T07:33:00.8264097-07:00] [pid=23672] [2026.05.12-14.33.00:826][177]LogAkAudio: Error: Cannot open file: ../../../../../../Users/kapil/OneDrive/Documents/Unreal Projects/testTP/Saved/ImmerseStress/phase_1_on.wav
[2026-05-12T07:33:00.8309359-07:00] [pid=23672] [2026.05.12-14.33.00:830][179]LogStats: Display: There is no thread with id: 12816. Please add thread metadata for this thread.
[2026-05-12T07:33:05.8097720-07:00] [pid=23672] [2026.05.12-14.33.05:808][332]LogTemp: Display: [ImmerseStress] PHASE 1 done immerse=ON conc=32 posted=320 stopped=320 dropped=1180 frames=2163 avg=2.31ms p50=2.25 p95=2.83 max=5.46
[2026-05-12T07:33:05.8097720-07:00] [pid=23672] [2026.05.12-14.33.05:809][332]LogTemp: Display: [ImmerseStress] CAPTURE_WAV_v2 STOP
[2026-05-12T07:33:05.8097720-07:00] [pid=23672] [2026.05.12-14.33.05:809][332]LogTemp: Display: [ImmerseStress] >>> COOLDOWN step=1/2 immerse=ON conc=32 (align Wwise profiler capture here)
[2026-05-12T07:33:05.8097720-07:00] [pid=23672] [2026.05.12-14.33.05:809][332]LogTemp: Display: [ImmerseStress] Churn STOP   posted=896 stopped=896 dropped=3303
[2026-05-12T07:33:07.8111148-07:00] [pid=23672] [2026.05.12-14.33.07:811][198]LogTemp: Display: [ImmerseStress] >>> Toggle storm: 10 iterations
[2026-05-12T07:33:07.8111148-07:00] [pid=23672] [2026.05.12-14.33.07:811][198]LogTemp: Display: [ImmerseStress] BypassImmerse(bus=7p1p4) -> OK
[2026-05-12T07:33:07.8111148-07:00] [pid=23672] [2026.05.12-14.33.07:811][198]LogTemp: Display: [ImmerseStress] EnableImmerse(bus=7p1p4, shareset=Immerse_Audio_Renderer_(Custom)) -> OK
[2026-05-12T07:33:07.8111148-07:00] [pid=23672] [2026.05.12-14.33.07:811][198]LogTemp: Display: [ImmerseStress] BypassImmerse(bus=7p1p4) -> OK
[2026-05-12T07:33:07.8111148-07:00] [pid=23672] [2026.05.12-14.33.07:811][198]LogTemp: Display: [ImmerseStress] EnableImmerse(bus=7p1p4, shareset=Immerse_Audio_Renderer_(Custom)) -> OK
[2026-05-12T07:33:07.8111148-07:00] [pid=23672] [2026.05.12-14.33.07:811][198]LogTemp: Display: [ImmerseStress] BypassImmerse(bus=7p1p4) -> OK
[2026-05-12T07:33:07.8111148-07:00] [pid=23672] [2026.05.12-14.33.07:811][198]LogTemp: Display: [ImmerseStress] EnableImmerse(bus=7p1p4, shareset=Immerse_Audio_Renderer_(Custom)) -> OK
[2026-05-12T07:33:07.8111148-07:00] [pid=23672] [2026.05.12-14.33.07:811][198]LogTemp: Display: [ImmerseStress] BypassImmerse(bus=7p1p4) -> OK
[2026-05-12T07:33:07.8111148-07:00] [pid=23672] [2026.05.12-14.33.07:811][198]LogTemp: Display: [ImmerseStress] EnableImmerse(bus=7p1p4, shareset=Immerse_Audio_Renderer_(Custom)) -> OK
[2026-05-12T07:33:07.8111148-07:00] [pid=23672] [2026.05.12-14.33.07:811][198]LogTemp: Display: [ImmerseStress] BypassImmerse(bus=7p1p4) -> OK
[2026-05-12T07:33:07.8111148-07:00] [pid=23672] [2026.05.12-14.33.07:811][198]LogTemp: Display: [ImmerseStress] EnableImmerse(bus=7p1p4, shareset=Immerse_Audio_Renderer_(Custom)) -> OK
[2026-05-12T07:33:07.8111148-07:00] [pid=23672] [2026.05.12-14.33.07:811][198]LogTemp: Display: [ImmerseStress] Toggle storm DONE: 10/10 state-flips in 0.000s (avg 0.0462ms/op, worst 0.104ms, throughput 21622 ops/s)
[2026-05-12T07:33:07.8111148-07:00] [pid=23672] [2026.05.12-14.33.07:811][198]LogTemp: Display: [ImmerseStress] PLAN COMPLETE ??? 2 phases recorded. CSV: ../../../../../../Users/kapil/OneDrive/Documents/Unreal Projects/testTP/Saved/ImmerseStress/run_20260512_073249.csv
[2026-05-12T07:33:07.8111148-07:00] [pid=23672] [2026.05.12-14.33.07:811][198]LogTemp: Display: [ImmerseStress] Requesting engine exit in 1.50s (reason=ImmerseStressComplete)
[2026-05-12T07:33:07.9963481-07:00] [pid=23672] <<<_____ ImmerseAudioRenderer _____>>> 
[2026-05-12T07:33:07.9963481-07:00] [pid=23672] WwiseFxNullParams::SetParam()
[2026-05-12T07:33:07.9963481-07:00] [pid=23672] 
[2026-05-12T07:33:07.9973499-07:00] [pid=23672] <<<_____ ImmerseAudioRenderer _____>>> 
[2026-05-12T07:33:07.9973499-07:00] [pid=23672] WwiseFxNullParams::ApplyParam()
[2026-05-12T07:33:07.9973499-07:00] [pid=23672] 
[2026-05-12T07:33:07.9973499-07:00] [pid=23672] [EmbodyLOG] May_12_2026 07:33:07.997 line: 673. ___IMMERSEENGINE___ Immerse_EnableImmerse inMode: 0 
[2026-05-12T07:33:07.9973499-07:00] [pid=23672] <<<_____ ImmerseAudioRenderer _____>>> 
[2026-05-12T07:33:07.9973499-07:00] [pid=23672] WwiseFxNullParams::SetParam()
[2026-05-12T07:33:07.9973499-07:00] [pid=23672] 
[2026-05-12T07:33:07.9983475-07:00] [pid=23672] <<<_____ ImmerseAudioRenderer _____>>> 
[2026-05-12T07:33:07.9983475-07:00] [pid=23672] WwiseFxNullParams::ApplyParam()
[2026-05-12T07:33:07.9983475-07:00] [pid=23672] 
[2026-05-12T07:33:07.9983475-07:00] [pid=23672] [EmbodyLOG] May_12_2026 07:33:07.998 line: 673. ___IMMERSEENGINE___ Immerse_EnableImmerse inMode: 0 
[2026-05-12T07:33:07.9988571-07:00] [pid=23672] [EmbodyLOG] May_12_2026 07:33:07.998 line: 1419. calculateLicenseDaysRemaining(): cached=359, elapsed=0, remaining=359 
[2026-05-12T07:33:07.9988571-07:00] [pid=23672] <<<_____ ImmerseAudioRenderer _____>>> 
[2026-05-12T07:33:07.9988571-07:00] [pid=23672] WwiseFxNullParams::SetParam()
[2026-05-12T07:33:07.9988571-07:00] [pid=23672] 
[2026-05-12T07:33:07.9988571-07:00] [pid=23672] <<<_____ ImmerseAudioRenderer _____>>> 
[2026-05-12T07:33:07.9988571-07:00] [pid=23672] WwiseFxNullParams::ApplyParam()
[2026-05-12T07:33:07.9988571-07:00] [pid=23672] 
[2026-05-12T07:33:07.9988571-07:00] [pid=23672] [EmbodyLOG] May_12_2026 07:33:07.999 line: 673. ___IMMERSEENGINE___ Immerse_EnableImmerse inMode: 1 
[2026-05-12T07:33:07.9998683-07:00] [pid=23672] <<<_____ ImmerseAudioRenderer _____>>> 
[2026-05-12T07:33:07.9998683-07:00] [pid=23672] WwiseFxNullParams::SetParam()
[2026-05-12T07:33:07.9998683-07:00] [pid=23672] 
[2026-05-12T07:33:07.9998683-07:00] [pid=23672] <<<_____ ImmerseAudioRenderer _____>>> 
[2026-05-12T07:33:08.0008791-07:00] [pid=23672] WwiseFxNullParams::ApplyParam()
[2026-05-12T07:33:08.0008791-07:00] [pid=23672] [EmbodyLOG] May_12_2026 07:33:08.000 line: 1419. calculateLicenseDaysRemaining(): cached=359, elapsed=0, remaining=359 
[2026-05-12T07:33:08.0008791-07:00] [pid=23672] 
[2026-05-12T07:33:08.0008791-07:00] [pid=23672] [EmbodyLOG] May_12_2026 07:33:08.001 line: 673. ___IMMERSEENGINE___ Immerse_EnableImmerse inMode: 1 
[2026-05-12T07:33:08.0018796-07:00] [pid=23672] [EmbodyLOG] May_12_2026 07:33:08.002 line: 1316. getLocalSessionID for user: kevin_tencenttest1_emb 06756e30dc6941e7b44b3ad365984a2f 
[2026-05-12T07:33:08.0028754-07:00] [pid=23672] [EmbodyLOG] May_12_2026 07:33:08.003 line: 3274. getEmbodyData: STATUS_AUTHORIZING StatusCheck session_id: 06756e30dc6941e7b44b3ad365984a2f, immerse_id: v2.2.447, hrtf_id: 1408e0d2eca549feaf2d5631a49ca7d2, img_id: img_1 
[2026-05-12T07:33:08.0038763-07:00] [pid=23672] [EmbodyLOG] May_12_2026 07:33:08.004 line: 2964. statusCheckForUser(): curr session id: 06756e30dc6941e7b44b3ad365984a2f curr user id: kevin_tencenttest1_emb 
[2026-05-12T07:33:08.0184453-07:00] [pid=23672] <<<_____ ImmerseAudioRenderer _____>>> 
[2026-05-12T07:33:08.0184453-07:00] [pid=23672] WwiseFxNullParams::SetParam()
[2026-05-12T07:33:08.0184453-07:00] [pid=23672] 
[2026-05-12T07:33:08.0184453-07:00] [pid=23672] <<<_____ ImmerseAudioRenderer _____>>> 
[2026-05-12T07:33:08.0184453-07:00] [pid=23672] WwiseFxNullParams::ApplyParam()
[2026-05-12T07:33:08.0184453-07:00] [pid=23672] 
[2026-05-12T07:33:08.0189525-07:00] [pid=23672] [EmbodyLOG] May_12_2026 07:33:08.018 line: 673. ___IMMERSEENGINE___ Immerse_EnableImmerse inMode: 0 
[2026-05-12T07:33:08.0189525-07:00] [pid=23672] <<<_____ ImmerseAudioRenderer _____>>> 
[2026-05-12T07:33:08.0189525-07:00] [pid=23672] WwiseFxNullParams::SetParam()
[2026-05-12T07:33:08.0189525-07:00] [pid=23672] 
[2026-05-12T07:33:08.0189525-07:00] [pid=23672] <<<_____ ImmerseAudioRenderer _____>>> 
[2026-05-12T07:33:08.0189525-07:00] [pid=23672] WwiseFxNullParams::ApplyParam()
[2026-05-12T07:33:08.0189525-07:00] [pid=23672] 
[2026-05-12T07:33:08.0189525-07:00] [pid=23672] [EmbodyLOG] May_12_2026 07:33:08.019 line: 673. ___IMMERSEENGINE___ Immerse_EnableImmerse inMode: 0 
[2026-05-12T07:33:08.0199599-07:00] [pid=23672] <<<_____ ImmerseAudioRenderer _____>>> 
[2026-05-12T07:33:08.0199599-07:00] [pid=23672] WwiseFxNullParams::SetParam()
[2026-05-12T07:33:08.0199599-07:00] [pid=23672] 
[2026-05-12T07:33:08.0199599-07:00] [pid=23672] <<<_____ ImmerseAudioRenderer _____>>> 
[2026-05-12T07:33:08.0199599-07:00] [pid=23672] WwiseFxNullParams::ApplyParam()
[2026-05-12T07:33:08.0199599-07:00] [pid=23672] 
[2026-05-12T07:33:08.0199599-07:00] [pid=23672] [EmbodyLOG] May_12_2026 07:33:08.020 line: 673. ___IMMERSEENGINE___ Immerse_EnableImmerse inMode: 1 
[2026-05-12T07:33:08.0209676-07:00] [pid=23672] <<<_____ ImmerseAudioRenderer _____>>> 
[2026-05-12T07:33:08.0209676-07:00] [pid=23672] WwiseFxNullParams::SetParam()
[2026-05-12T07:33:08.0209676-07:00] [pid=23672] 
[2026-05-12T07:33:08.0209676-07:00] [pid=23672] <<<_____ ImmerseAudioRenderer _____>>> 
[2026-05-12T07:33:08.0209676-07:00] [pid=23672] WwiseFxNullParams::ApplyParam()
[2026-05-12T07:33:08.0209676-07:00] [pid=23672] 
[2026-05-12T07:33:08.0209676-07:00] [pid=23672] [EmbodyLOG] May_12_2026 07:33:08.021 line: 673. ___IMMERSEENGINE___ Immerse_EnableImmerse inMode: 1 
[2026-05-12T07:33:08.0209676-07:00] [pid=23672] <<<_____ ImmerseAudioRenderer _____>>> 
[2026-05-12T07:33:08.0209676-07:00] [pid=23672] WwiseFxNullParams::SetParam()
[2026-05-12T07:33:08.0209676-07:00] [pid=23672] 
[2026-05-12T07:33:08.0209676-07:00] [pid=23672] <<<_____ ImmerseAudioRenderer _____>>> 
[2026-05-12T07:33:08.0209676-07:00] [pid=23672] WwiseFxNullParams::ApplyParam()
[2026-05-12T07:33:08.0209676-07:00] [pid=23672] 
[2026-05-12T07:33:08.0209676-07:00] [pid=23672] [EmbodyLOG] May_12_2026 07:33:08.021 line: 673. ___IMMERSEENGINE___ Immerse_EnableImmerse inMode: 0 
[2026-05-12T07:33:08.0219675-07:00] [pid=23672] <<<_____ ImmerseAudioRenderer _____>>> 
[2026-05-12T07:33:08.0219675-07:00] [pid=23672] WwiseFxNullParams::SetParam()
[2026-05-12T07:33:08.0219675-07:00] [pid=23672] 
[2026-05-12T07:33:08.0219675-07:00] [pid=23672] <<<_____ ImmerseAudioRenderer _____>>> 
[2026-05-12T07:33:08.0219675-07:00] [pid=23672] WwiseFxNullParams::ApplyParam()
[2026-05-12T07:33:08.0219675-07:00] [pid=23672] 
[2026-05-12T07:33:08.0219675-07:00] [pid=23672] [EmbodyLOG] May_12_2026 07:33:08.022 line: 673. ___IMMERSEENGINE___ Immerse_EnableImmerse inMode: 0 
[2026-05-12T07:33:08.0415676-07:00] [pid=23672] <<<_____ ImmerseAudioRenderer _____>>> 
[2026-05-12T07:33:08.0415676-07:00] [pid=23672] WwiseFxNullParams::SetParam()
[2026-05-12T07:33:08.0415676-07:00] [pid=23672] 
[2026-05-12T07:33:08.0415676-07:00] [pid=23672] <<<_____ ImmerseAudioRenderer _____>>> 
[2026-05-12T07:33:08.0415676-07:00] [pid=23672] WwiseFxNullParams::ApplyParam()
[2026-05-12T07:33:08.0415676-07:00] [pid=23672] 
[2026-05-12T07:33:08.0415676-07:00] [pid=23672] [EmbodyLOG] May_12_2026 07:33:08.042 line: 673. ___IMMERSEENGINE___ Immerse_EnableImmerse inMode: 1 
[2026-05-12T07:33:08.0425836-07:00] [pid=23672] <<<_____ ImmerseAudioRenderer _____>>> 
[2026-05-12T07:33:08.0425836-07:00] [pid=23672] WwiseFxNullParams::SetParam()
[2026-05-12T07:33:08.0425836-07:00] [pid=23672] 
[2026-05-12T07:33:08.0425836-07:00] [pid=23672] <<<_____ ImmerseAudioRenderer _____>>> 
[2026-05-12T07:33:08.0425836-07:00] [pid=23672] WwiseFxNullParams::ApplyParam()
[2026-05-12T07:33:08.0425836-07:00] [pid=23672] 
[2026-05-12T07:33:08.0425836-07:00] [pid=23672] [EmbodyLOG] May_12_2026 07:33:08.043 line: 673. ___IMMERSEENGINE___ Immerse_EnableImmerse inMode: 1 
[2026-05-12T07:33:08.0435835-07:00] [pid=23672] <<<_____ ImmerseAudioRenderer _____>>> 
[2026-05-12T07:33:08.0435835-07:00] [pid=23672] WwiseFxNullParams::SetParam()
[2026-05-12T07:33:08.0435835-07:00] [pid=23672] 
[2026-05-12T07:33:08.0435835-07:00] [pid=23672] <<<_____ ImmerseAudioRenderer _____>>> 
[2026-05-12T07:33:08.0435835-07:00] [pid=23672] WwiseFxNullParams::ApplyParam()
[2026-05-12T07:33:08.0435835-07:00] [pid=23672] 
[2026-05-12T07:33:08.0435835-07:00] [pid=23672] [EmbodyLOG] May_12_2026 07:33:08.044 line: 673. ___IMMERSEENGINE___ Immerse_EnableImmerse inMode: 0 
[2026-05-12T07:33:08.0445829-07:00] [pid=23672] <<<_____ ImmerseAudioRenderer _____>>> 
[2026-05-12T07:33:08.0445829-07:00] [pid=23672] WwiseFxNullParams::SetParam()
[2026-05-12T07:33:08.0445829-07:00] [pid=23672] 
[2026-05-12T07:33:08.0445829-07:00] [pid=23672] <<<_____ ImmerseAudioRenderer _____>>> 
[2026-05-12T07:33:08.0445829-07:00] [pid=23672] WwiseFxNullParams::ApplyParam()
[2026-05-12T07:33:08.0445829-07:00] [pid=23672] 
[2026-05-12T07:33:08.0445829-07:00] [pid=23672] [EmbodyLOG] May_12_2026 07:33:08.045 line: 673. ___IMMERSEENGINE___ Immerse_EnableImmerse inMode: 0 
[2026-05-12T07:33:08.0455924-07:00] [pid=23672] <<<_____ ImmerseAudioRenderer _____>>> 
[2026-05-12T07:33:08.0465999-07:00] [pid=23672] WwiseFxNullParams::SetParam()
[2026-05-12T07:33:08.0465999-07:00] [pid=23672] 
[2026-05-12T07:33:08.0465999-07:00] [pid=23672] <<<_____ ImmerseAudioRenderer _____>>> 
[2026-05-12T07:33:08.0465999-07:00] [pid=23672] WwiseFxNullParams::ApplyParam()
[2026-05-12T07:33:08.0465999-07:00] [pid=23672] 
[2026-05-12T07:33:08.0465999-07:00] [pid=23672] [EmbodyLOG] May_12_2026 07:33:08.047 line: 673. ___IMMERSEENGINE___ Immerse_EnableImmerse inMode: 1 
[2026-05-12T07:33:08.0465999-07:00] [pid=23672] <<<_____ ImmerseAudioRenderer _____>>> 
[2026-05-12T07:33:08.0465999-07:00] [pid=23672] WwiseFxNullParams::SetParam()
[2026-05-12T07:33:08.0465999-07:00] [pid=23672] 
[2026-05-12T07:33:08.0465999-07:00] [pid=23672] <<<_____ ImmerseAudioRenderer _____>>> 
[2026-05-12T07:33:08.0465999-07:00] [pid=23672] WwiseFxNullParams::ApplyParam()
[2026-05-12T07:33:08.0465999-07:00] [pid=23672] 
[2026-05-12T07:33:08.0465999-07:00] [pid=23672] [EmbodyLOG] May_12_2026 07:33:08.047 line: 673. ___IMMERSEENGINE___ Immerse_EnableImmerse inMode: 1 
[2026-05-12T07:33:08.0481208-07:00] [pid=23672] <<<_____ ImmerseAudioRenderer _____>>> 
[2026-05-12T07:33:08.0481208-07:00] [pid=23672] WwiseFxNullParams::SetParam()
[2026-05-12T07:33:08.0481208-07:00] [pid=23672] 
[2026-05-12T07:33:08.0481208-07:00] [pid=23672] <<<_____ ImmerseAudioRenderer _____>>> 
[2026-05-12T07:33:08.0481208-07:00] [pid=23672] WwiseFxNullParams::ApplyParam()
[2026-05-12T07:33:08.0481208-07:00] [pid=23672] 
[2026-05-12T07:33:08.0481208-07:00] [pid=23672] [EmbodyLOG] May_12_2026 07:33:08.048 line: 673. ___IMMERSEENGINE___ Immerse_EnableImmerse inMode: 0 
[2026-05-12T07:33:08.0491326-07:00] [pid=23672] <<<_____ ImmerseAudioRenderer _____>>> 
[2026-05-12T07:33:08.0491326-07:00] [pid=23672] WwiseFxNullParams::SetParam()
[2026-05-12T07:33:08.0491326-07:00] [pid=23672] 
[2026-05-12T07:33:08.0491326-07:00] [pid=23672] <<<_____ ImmerseAudioRenderer _____>>> 
[2026-05-12T07:33:08.0491326-07:00] [pid=23672] WwiseFxNullParams::ApplyParam()
[2026-05-12T07:33:08.0491326-07:00] [pid=23672] 
[2026-05-12T07:33:08.0491326-07:00] [pid=23672] [EmbodyLOG] May_12_2026 07:33:08.049 line: 673. ___IMMERSEENGINE___ Immerse_EnableImmerse inMode: 0 
[2026-05-12T07:33:08.0687059-07:00] [pid=23672] <<<_____ ImmerseAudioRenderer _____>>> 
[2026-05-12T07:33:08.0687059-07:00] [pid=23672] WwiseFxNullParams::SetParam()
[2026-05-12T07:33:08.0687059-07:00] [pid=23672] 
[2026-05-12T07:33:08.0687059-07:00] [pid=23672] <<<_____ ImmerseAudioRenderer _____>>> 
[2026-05-12T07:33:08.0687059-07:00] [pid=23672] WwiseFxNullParams::ApplyParam()
[2026-05-12T07:33:08.0687059-07:00] [pid=23672] 
[2026-05-12T07:33:08.0687059-07:00] [pid=23672] [EmbodyLOG] May_12_2026 07:33:08.069 line: 673. ___IMMERSEENGINE___ Immerse_EnableImmerse inMode: 1 
[2026-05-12T07:33:08.0697137-07:00] [pid=23672] <<<_____ ImmerseAudioRenderer _____>>> 
[2026-05-12T07:33:08.0697137-07:00] [pid=23672] WwiseFxNullParams::SetParam()
[2026-05-12T07:33:08.0697137-07:00] [pid=23672] 
[2026-05-12T07:33:08.0697137-07:00] [pid=23672] <<<_____ ImmerseAudioRenderer _____>>> 
[2026-05-12T07:33:08.0697137-07:00] [pid=23672] WwiseFxNullParams::ApplyParam()
[2026-05-12T07:33:08.0697137-07:00] [pid=23672] 
[2026-05-12T07:33:08.0697137-07:00] [pid=23672] [EmbodyLOG] May_12_2026 07:33:08.070 line: 673. ___IMMERSEENGINE___ Immerse_EnableImmerse inMode: 1 
[2026-05-12T07:33:08.4919025-07:00] [pid=23672] [EmbodyLOG] May_12_2026 07:33:08.491 line: 1004. API::CallEndpoint(): overwriting status code 
[2026-05-12T07:33:08.4974155-07:00] [pid=23672] [EmbodyLOG] May_12_2026 07:33:08.497 line: 225. AsyncTaskManager::WaitForTaskExecution() - synchronous network call success. 
[2026-05-12T07:33:08.4984174-07:00] [pid=23672] [EmbodyLOG] May_12_2026 07:33:08.498 line: 2987. statusCheckForUser(): universal allowed ? 1 
[2026-05-12T07:33:08.4999286-07:00] [pid=23672] [EmbodyLOG] May_12_2026 07:33:08.500 line: 3035. statusCheckForUser(): exec_id: eeee6ae72781461e88ea9cc7a59b66c6, status_code: 200, return_code: 4, license_info.status_code: 200, user_hrtf_info.status_code: 200 
[2026-05-12T07:33:08.4999286-07:00] [pid=23672] [EmbodyLOG] May_12_2026 07:33:08.500 line: 2801. parseStatusCheck(): ProfileName set to : Profile_1 
[2026-05-12T07:33:08.5009360-07:00] [pid=23672] [EmbodyLOG] May_12_2026 07:33:08.500 line: 2849. parseStatusCheck(): hrtfUpdateAvailable FALSE 
[2026-05-12T07:33:08.5009360-07:00] [pid=23672] [EmbodyLOG] May_12_2026 07:33:08.501 line: 2891. parseStatusCheck(): libUpdateAvailable FALSE 
[2026-05-12T07:33:08.5009360-07:00] [pid=23672] [EmbodyLOG] May_12_2026 07:33:08.501 line: 3232. updateUMWHPEQSelection() - updated headsetId: 18446744073709551615 
[2026-05-12T07:33:08.5009360-07:00] [pid=23672] [EmbodyLOG] May_12_2026 07:33:08.501 line: 2669. updateUserHRTFData ProfileName set to : Profile_1 
[2026-05-12T07:33:08.5019353-07:00] [pid=23672] [EmbodyLOG] May_12_2026 07:33:08.501 line: 2724. updateUserHRTFData: inside hrtfCallback invocation 
[2026-05-12T07:33:08.5019353-07:00] [pid=23672] [EmbodyLOG] May_12_2026 07:33:08.502 line: 277. LoadHrtfCallback: HRTF already loaded 
[2026-05-12T07:33:08.5019353-07:00] [pid=23672] [EmbodyLOG] May_12_2026 07:33:08.502 line: 3354. getEmbodyData: IMMERSE_STATUS::DATA_FINISHED 
[2026-05-12T07:33:08.5129791-07:00] [pid=23672] [EmbodyLOG] May_12_2026 07:33:08.513 line: 1419. calculateLicenseDaysRemaining(): cached=359, elapsed=0, remaining=359 
[2026-05-12T07:33:08.5139772-07:00] [pid=23672] [EmbodyLOG] May_12_2026 07:33:08.514 line: 1316. getLocalSessionID for user: kevin_tencenttest1_emb 06756e30dc6941e7b44b3ad365984a2f 
[2026-05-12T07:33:08.5154860-07:00] [pid=23672] [EmbodyLOG] May_12_2026 07:33:08.516 line: 2576. ImmerseAPI: Too many status checks within the period allowed, returning early 
[2026-05-12T07:33:08.5164989-07:00] [pid=23672] [EmbodyLOG] May_12_2026 07:33:08.516 line: 3232. updateUMWHPEQSelection() - updated headsetId: 18446744073709551615 
[2026-05-12T07:33:08.5175013-07:00] [pid=23672] [EmbodyLOG] May_12_2026 07:33:08.517 line: 1419. calculateLicenseDaysRemaining(): cached=359, elapsed=0, remaining=359 
[2026-05-12T07:33:08.5184959-07:00] [pid=23672] [EmbodyLOG] May_12_2026 07:33:08.518 line: 1419. calculateLicenseDaysRemaining(): cached=359, elapsed=0, remaining=359 
[2026-05-12T07:33:08.5190006-07:00] [pid=23672] [EmbodyLOG] May_12_2026 07:33:08.519 line: 1419. calculateLicenseDaysRemaining(): cached=359, elapsed=0, remaining=359 
[2026-05-12T07:33:08.5210161-07:00] [pid=23672] [EmbodyLOG] May_12_2026 07:33:08.521 line: 1316. getLocalSessionID for user: kevin_tencenttest1_emb 06756e30dc6941e7b44b3ad365984a2f 
[2026-05-12T07:33:08.5220132-07:00] [pid=23672] [EmbodyLOG] May_12_2026 07:33:08.522 line: 2576. ImmerseAPI: Too many status checks within the period allowed, returning early 
[2026-05-12T07:33:08.5220132-07:00] [pid=23672] [EmbodyLOG] May_12_2026 07:33:08.522 line: 3232. updateUMWHPEQSelection() - updated headsetId: 18446744073709551615 
[2026-05-12T07:33:08.5230117-07:00] [pid=23672] [EmbodyLOG] May_12_2026 07:33:08.523 line: 1419. calculateLicenseDaysRemaining(): cached=359, elapsed=0, remaining=359 
[2026-05-12T07:33:08.5240150-07:00] [pid=23672] [EmbodyLOG] May_12_2026 07:33:08.525 line: 1316. getLocalSessionID for user: kevin_tencenttest1_emb 06756e30dc6941e7b44b3ad365984a2f 
[2026-05-12T07:33:08.5255333-07:00] [pid=23672] [EmbodyLOG] May_12_2026 07:33:08.526 line: 2576. ImmerseAPI: Too many status checks within the period allowed, returning early 
[2026-05-12T07:33:08.5265577-07:00] [pid=23672] [EmbodyLOG] May_12_2026 07:33:08.526 line: 3232. updateUMWHPEQSelection() - updated headsetId: 18446744073709551615 
[2026-05-12T07:33:08.5275600-07:00] [pid=23672] [EmbodyLOG] May_12_2026 07:33:08.527 line: 1419. calculateLicenseDaysRemaining(): cached=359, elapsed=0, remaining=359 
[2026-05-12T07:33:08.5285608-07:00] [pid=23672] [EmbodyLOG] May_12_2026 07:33:08.528 line: 1419. calculateLicenseDaysRemaining(): cached=359, elapsed=0, remaining=359 
[2026-05-12T07:33:08.5290676-07:00] [pid=23672] [EmbodyLOG] May_12_2026 07:33:08.529 line: 1419. calculateLicenseDaysRemaining(): cached=359, elapsed=0, remaining=359 
[2026-05-12T07:33:08.5310844-07:00] [pid=23672] [EmbodyLOG] May_12_2026 07:33:08.531 line: 1316. getLocalSessionID for user: kevin_tencenttest1_emb 06756e30dc6941e7b44b3ad365984a2f 
[2026-05-12T07:33:08.5320838-07:00] [pid=23672] [EmbodyLOG] May_12_2026 07:33:08.532 line: 2576. ImmerseAPI: Too many status checks within the period allowed, returning early 
[2026-05-12T07:33:08.5320838-07:00] [pid=23672] [EmbodyLOG] May_12_2026 07:33:08.532 line: 3232. updateUMWHPEQSelection() - updated headsetId: 18446744073709551615 
[2026-05-12T07:33:08.5330859-07:00] [pid=23672] [EmbodyLOG] May_12_2026 07:33:08.533 line: 1419. calculateLicenseDaysRemaining(): cached=359, elapsed=0, remaining=359 
[2026-05-12T07:33:08.5350853-07:00] [pid=23672] [EmbodyLOG] May_12_2026 07:33:08.535 line: 1316. getLocalSessionID for user: kevin_tencenttest1_emb 06756e30dc6941e7b44b3ad365984a2f 
[2026-05-12T07:33:08.5360916-07:00] [pid=23672] [EmbodyLOG] May_12_2026 07:33:08.536 line: 2576. ImmerseAPI: Too many status checks within the period allowed, returning early 
[2026-05-12T07:33:08.5360916-07:00] [pid=23672] [EmbodyLOG] May_12_2026 07:33:08.536 line: 3232. updateUMWHPEQSelection() - updated headsetId: 18446744073709551615 
[2026-05-12T07:33:08.5370948-07:00] [pid=23672] [EmbodyLOG] May_12_2026 07:33:08.537 line: 1419. calculateLicenseDaysRemaining(): cached=359, elapsed=0, remaining=359 
[2026-05-12T07:33:08.5385972-07:00] [pid=23672] [EmbodyLOG] May_12_2026 07:33:08.538 line: 1419. calculateLicenseDaysRemaining(): cached=359, elapsed=0, remaining=359 
[2026-05-12T07:33:08.5396063-07:00] [pid=23672] [EmbodyLOG] May_12_2026 07:33:08.540 line: 1419. calculateLicenseDaysRemaining(): cached=359, elapsed=0, remaining=359 
[2026-05-12T07:33:08.5421256-07:00] [pid=23672] [EmbodyLOG] May_12_2026 07:33:08.542 line: 1316. getLocalSessionID for user: kevin_tencenttest1_emb 06756e30dc6941e7b44b3ad365984a2f 
[2026-05-12T07:33:08.5431261-07:00] [pid=23672] [EmbodyLOG] May_12_2026 07:33:08.543 line: 2576. ImmerseAPI: Too many status checks within the period allowed, returning early 
[2026-05-12T07:33:08.5441174-07:00] [pid=23672] [EmbodyLOG] May_12_2026 07:33:08.544 line: 3232. updateUMWHPEQSelection() - updated headsetId: 18446744073709551615 
[2026-05-12T07:33:08.5441174-07:00] [pid=23672] [EmbodyLOG] May_12_2026 07:33:08.545 line: 1419. calculateLicenseDaysRemaining(): cached=359, elapsed=0, remaining=359 
[2026-05-12T07:33:08.5456243-07:00] [pid=23672] [EmbodyLOG] May_12_2026 07:33:08.546 line: 1316. getLocalSessionID for user: kevin_tencenttest1_emb 06756e30dc6941e7b44b3ad365984a2f 
[2026-05-12T07:33:08.5466336-07:00] [pid=23672] [EmbodyLOG] May_12_2026 07:33:08.547 line: 2576. ImmerseAPI: Too many status checks within the period allowed, returning early 
[2026-05-12T07:33:08.5466336-07:00] [pid=23672] [EmbodyLOG] May_12_2026 07:33:08.547 line: 3232. updateUMWHPEQSelection() - updated headsetId: 18446744073709551615 
[2026-05-12T07:33:08.5481401-07:00] [pid=23672] [EmbodyLOG] May_12_2026 07:33:08.548 line: 1419. calculateLicenseDaysRemaining(): cached=359, elapsed=0, remaining=359 
[2026-05-12T07:33:08.5491479-07:00] [pid=23672] [EmbodyLOG] May_12_2026 07:33:08.549 line: 1419. calculateLicenseDaysRemaining(): cached=359, elapsed=0, remaining=359 
[2026-05-12T07:33:08.5501478-07:00] [pid=23672] [EmbodyLOG] May_12_2026 07:33:08.550 line: 1419. calculateLicenseDaysRemaining(): cached=359, elapsed=0, remaining=359 
[2026-05-12T07:33:08.5511548-07:00] [pid=23672] [EmbodyLOG] May_12_2026 07:33:08.551 line: 1316. getLocalSessionID for user: kevin_tencenttest1_emb 06756e30dc6941e7b44b3ad365984a2f 
[2026-05-12T07:33:08.5521539-07:00] [pid=23672] [EmbodyLOG] May_12_2026 07:33:08.552 line: 2576. ImmerseAPI: Too many status checks within the period allowed, returning early 
[2026-05-12T07:33:08.5521539-07:00] [pid=23672] [EmbodyLOG] May_12_2026 07:33:08.553 line: 3232. updateUMWHPEQSelection() - updated headsetId: 18446744073709551615 
[2026-05-12T07:33:08.5531528-07:00] [pid=23672] [EmbodyLOG] May_12_2026 07:33:08.553 line: 1419. calculateLicenseDaysRemaining(): cached=359, elapsed=0, remaining=359 
[2026-05-12T07:33:08.5551527-07:00] [pid=23672] [EmbodyLOG] May_12_2026 07:33:08.555 line: 1316. getLocalSessionID for user: kevin_tencenttest1_emb 06756e30dc6941e7b44b3ad365984a2f 
[2026-05-12T07:33:08.5562307-07:00] [pid=23672] [EmbodyLOG] May_12_2026 07:33:08.556 line: 2576. ImmerseAPI: Too many status checks within the period allowed, returning early 
[2026-05-12T07:33:08.5562307-07:00] [pid=23672] [EmbodyLOG] May_12_2026 07:33:08.556 line: 3232. updateUMWHPEQSelection() - updated headsetId: 18446744073709551615 
[2026-05-12T07:33:08.5573479-07:00] [pid=23672] [EmbodyLOG] May_12_2026 07:33:08.557 line: 1419. calculateLicenseDaysRemaining(): cached=359, elapsed=0, remaining=359 
[2026-05-12T07:33:09.3119610-07:00] [pid=23672] [2026.05.12-14.33.09:311][831]LogWindows: FPlatformMisc::RequestExit(0)
[2026-05-12T07:33:09.3119610-07:00] [pid=23672] [2026.05.12-14.33.09:311][831]LogWindows: FPlatformMisc::RequestExitWithStatus(0, 0)
[2026-05-12T07:33:09.3119610-07:00] [pid=23672] [2026.05.12-14.33.09:311][831]LogCore: Engine exit requested (reason: Win RequestExit)
[2026-05-12T07:33:09.3129597-07:00] [pid=23672] [2026.05.12-14.33.09:312][832]LogCore: Engine exit requested (reason: EngineExit() was called; note: exit was already requested)
[2026-05-12T07:33:09.3129597-07:00] [pid=23672] [2026.05.12-14.33.09:312][832]LogInit: Display: PreExit Game.
[2026-05-12T07:33:09.3219860-07:00] [pid=23672] [2026.05.12-14.33.09:321][832]LogWorld: BeginTearingDown for /Game/ThirdPersonBP/Maps/ThirdPersonExampleMap
[2026-05-12T07:33:09.3229901-07:00] [pid=23672] [2026.05.12-14.33.09:322][832]LogWorld: UWorld::CleanupWorld for ThirdPersonExampleMap, bSessionEnded=true, bCleanupResources=true
[2026-05-12T07:33:09.3229901-07:00] [pid=23672] [2026.05.12-14.33.09:322][832]LogSlate: InvalidateAllWidgets triggered.  All widgets were invalidated
[2026-05-12T07:33:09.3697864-07:00] [pid=23672] <<<_____ ImmerseAudioRenderer _____>>> 
[2026-05-12T07:33:09.3697864-07:00] [pid=23672] Term: this=0000017CD5A90300
[2026-05-12T07:33:09.3697864-07:00] [pid=23672] 
[2026-05-12T07:33:09.3697864-07:00] [pid=23672] [EmbodyLOG] May_12_2026 07:33:09.370 line: 752. ___IMMERSEENGINE___ Immerse_DestroyAudioProcessor inAudioProcessor:2 
[2026-05-12T07:33:09.3707986-07:00] [pid=23672] <<<_____ ImmerseAudioRenderer _____>>> 
[2026-05-12T07:33:09.3707986-07:00] [pid=23672] WwiseFxNullParams::Term()
[2026-05-12T07:33:09.3707986-07:00] [pid=23672] 
[2026-05-12T07:33:09.7627100-07:00] [pid=23672] [2026.05.12-14.33.09:762][832]LogAudio: Display: Beginning Audio Device Manager Shutdown (Module: AudioMixerXAudio2)...
[2026-05-12T07:33:09.7627100-07:00] [pid=23672] [2026.05.12-14.33.09:762][832]LogAudio: Display: Destroying 1 Remaining Audio Device(s)...
[2026-05-12T07:33:09.7627100-07:00] [pid=23672] [2026.05.12-14.33.09:762][832]LogAudio: Display: Audio Device unregistered from world 'ThirdPersonExampleMap'.
[2026-05-12T07:33:09.7898834-07:00] [pid=23672] [2026.05.12-14.33.09:788][832]LogAudioMixer: FMixerPlatformXAudio2::StopAudioStream() called
[2026-05-12T07:33:09.7918931-07:00] [pid=23672] [2026.05.12-14.33.09:791][832]LogAudioMixer: FMixerPlatformXAudio2::StopAudioStream() called
[2026-05-12T07:33:09.7939022-07:00] [pid=23672] [2026.05.12-14.33.09:793][832]LogAudio: Display: Audio Device Manager Shutdown
[2026-05-12T07:33:09.7989397-07:00] [pid=23672] [2026.05.12-14.33.09:798][832]LogSlate: Window 'testTP (64-bit Development PCD3D_SM5) ' being destroyed
[2026-05-12T07:33:09.7999499-07:00] [pid=23672] [2026.05.12-14.33.09:799][832]LogExit: Preparing to exit.
[2026-05-12T07:33:09.8064688-07:00] [pid=23672] [2026.05.12-14.33.09:805][832]LogUObjectHash: Compacting FUObjectHashTables data took   0.62ms
[2026-05-12T07:33:09.8230551-07:00] [pid=23672] [2026.05.12-14.33.09:823][832]LogMoviePlayer: Shutting down movie player
[2026-05-12T07:33:09.8331056-07:00] [pid=23672] [2026.05.12-14.33.09:833][832]LogSlate: Updating window title bar state: overlay mode, drag disabled, window buttons hidden, title bar hidden
[2026-05-12T07:33:09.8371139-07:00] [pid=23672] [2026.05.12-14.33.09:837][832]LogDemo: Cleaned up 0 splitscreen connections with owner deletion
[2026-05-12T07:33:09.8386176-07:00] [pid=23672] <<<_____ ImmerseAudioRenderer _____>>> 
[2026-05-12T07:33:09.8386176-07:00] [pid=23672] WwiseFxNullParams::Term()
[2026-05-12T07:33:09.8386176-07:00] [pid=23672] 
[2026-05-12T07:33:09.8396217-07:00] [pid=23672] [2026.05.12-14.33.09:839][832]LogExit: Game engine shut down
[2026-05-12T07:33:09.8662499-07:00] [pid=23672] [2026.05.12-14.33.09:866][832]LogExit: Object subsystem successfully closed.
[2026-05-12T07:33:09.8808363-07:00] [pid=23672] [2026.05.12-14.33.09:880][832]LogShaderCompilers: Display: === FShaderJobCache stats ===
[2026-05-12T07:33:09.8808363-07:00] [pid=23672] [2026.05.12-14.33.09:880][832]LogShaderCompilers: Display: Total job queries 0, among them cache hits 0 (0.00%)
[2026-05-12T07:33:09.8808363-07:00] [pid=23672] [2026.05.12-14.33.09:880][832]LogShaderCompilers: Display: Tracking 0 distinct input hashes that result in 0 distinct outputs (0.00%)
[2026-05-12T07:33:09.8808363-07:00] [pid=23672] [2026.05.12-14.33.09:880][832]LogShaderCompilers: Display: RAM used: 0.00 MB (0.00 GB) of 819.20 MB (0.80 GB) budget. Usage: 0.00%
[2026-05-12T07:33:09.8808363-07:00] [pid=23672] [2026.05.12-14.33.09:880][832]LogShaderCompilers: Display: ================================================
[2026-05-12T07:33:09.8853463-07:00] [pid=23672] [2026.05.12-14.33.09:885][832]LogShaderCompilers: Display: Shaders left to compile 0
[2026-05-12T07:33:09.8989297-07:00] [pid=23672] [2026.05.12-14.33.09:898][832]LogModuleManager: Shutting down and abandoning module SequenceRecorderSections (562)
[2026-05-12T07:33:09.8989297-07:00] [pid=23672] [2026.05.12-14.33.09:898][832]LogModuleManager: Shutting down and abandoning module SequenceRecorder (560)
[2026-05-12T07:33:09.8989297-07:00] [pid=23672] [2026.05.12-14.33.09:898][832]LogModuleManager: Shutting down and abandoning module AutomationController (558)
[2026-05-12T07:33:09.8989297-07:00] [pid=23672] [2026.05.12-14.33.09:898][832]LogModuleManager: Shutting down and abandoning module AutomationWorker (556)
[2026-05-12T07:33:09.8989297-07:00] [pid=23672] [2026.05.12-14.33.09:898][832]LogModuleManager: Shutting down and abandoning module Voice (554)
[2026-05-12T07:33:09.8989297-07:00] [pid=23672] [2026.05.12-14.33.09:898][832]LogModuleManager: Shutting down and abandoning module AIModule (552)
[2026-05-12T07:33:09.8989297-07:00] [pid=23672] [2026.05.12-14.33.09:898][832]LogModuleManager: Shutting down and abandoning module GameplayDebugger (551)
[2026-05-12T07:33:09.8989297-07:00] [pid=23672] [2026.05.12-14.33.09:898][832]LogModuleManager: Shutting down and abandoning module AITestSuite (549)
[2026-05-12T07:33:09.8989297-07:00] [pid=23672] [2026.05.12-14.33.09:898][832]LogModuleManager: Shutting down and abandoning module NavigationSystem (547)
[2026-05-12T07:33:09.8989297-07:00] [pid=23672] [2026.05.12-14.33.09:898][832]LogModuleManager: Shutting down and abandoning module AnimGraph (544)
[2026-05-12T07:33:09.8989297-07:00] [pid=23672] [2026.05.12-14.33.09:898][832]LogModuleManager: Shutting down and abandoning module SteamVREditor (542)
[2026-05-12T07:33:09.8989297-07:00] [pid=23672] [2026.05.12-14.33.09:898][832]LogModuleManager: Shutting down and abandoning module ToolMenus (541)
[2026-05-12T07:33:09.8989297-07:00] [pid=23672] [2026.05.12-14.33.09:898][832]LogModuleManager: Shutting down and abandoning module OculusMR (538)
[2026-05-12T07:33:09.8989297-07:00] [pid=23672] [2026.05.12-14.33.09:898][832]LogModuleManager: Shutting down and abandoning module TakeRecorderSources (536)
[2026-05-12T07:33:09.8989297-07:00] [pid=23672] [2026.05.12-14.33.09:898][832]LogModuleManager: Shutting down and abandoning module TakeRecorder (535)
[2026-05-12T07:33:09.8989297-07:00] [pid=23672] [2026.05.12-14.33.09:898][832]LogModuleManager: Shutting down and abandoning module TakeTrackRecorders (532)
[2026-05-12T07:33:09.8989297-07:00] [pid=23672] [2026.05.12-14.33.09:898][832]LogModuleManager: Shutting down and abandoning module TakesCore (530)
[2026-05-12T07:33:09.8989297-07:00] [pid=23672] [2026.05.12-14.33.09:898][832]LogModuleManager: Shutting down and abandoning module OpenXRInput (528)
[2026-05-12T07:33:09.8989297-07:00] [pid=23672] [2026.05.12-14.33.09:898][832]LogModuleManager: Shutting down and abandoning module MagicLeapMediaCodecFactory (526)
[2026-05-12T07:33:09.8989297-07:00] [pid=23672] [2026.05.12-14.33.09:898][832]LogModuleManager: Shutting down and abandoning module MagicLeapMediaFactory (524)
[2026-05-12T07:33:09.8989297-07:00] [pid=23672] [2026.05.12-14.33.09:898][832]LogModuleManager: Shutting down and abandoning module WmfMediaFactory (522)
[2026-05-12T07:33:09.8999400-07:00] [pid=23672] [2026.05.12-14.33.09:898][832]LogModuleManager: Shutting down and abandoning module WebMMediaFactory (520)
[2026-05-12T07:33:09.8999400-07:00] [pid=23672] [2026.05.12-14.33.09:899][832]LogModuleManager: Shutting down and abandoning module WebMMedia (518)
[2026-05-12T07:33:09.8999400-07:00] [pid=23672] [2026.05.12-14.33.09:899][832]LogModuleManager: Shutting down and abandoning module OpenExrWrapper (516)
[2026-05-12T07:33:09.8999400-07:00] [pid=23672] [2026.05.12-14.33.09:899][832]LogModuleManager: Shutting down and abandoning module ImgMediaFactory (514)
[2026-05-12T07:33:09.8999400-07:00] [pid=23672] [2026.05.12-14.33.09:899][832]LogModuleManager: Shutting down and abandoning module AvfMediaFactory (512)
[2026-05-12T07:33:09.8999400-07:00] [pid=23672] [2026.05.12-14.33.09:899][832]LogModuleManager: Shutting down and abandoning module PlanarCut (510)
[2026-05-12T07:33:09.8999400-07:00] [pid=23672] [2026.05.12-14.33.09:899][832]LogModuleManager: Shutting down and abandoning module CharacterAI (508)
[2026-05-12T07:33:09.8999400-07:00] [pid=23672] [2026.05.12-14.33.09:899][832]LogModuleManager: Shutting down and abandoning module SessionServices (506)
[2026-05-12T07:33:09.8999400-07:00] [pid=23672] [2026.05.12-14.33.09:899][832]LogModuleManager: Shutting down and abandoning module MovieSceneCapture (504)
[2026-05-12T07:33:09.8999400-07:00] [pid=23672] [2026.05.12-14.33.09:899][832]LogModuleManager: Shutting down and abandoning module LiveCoding (502)
[2026-05-12T07:33:09.8999400-07:00] [pid=23672] [2026.05.12-14.33.09:899][832]LogModuleManager: Shutting down and abandoning module LevelSequence (500)
[2026-05-12T07:33:09.8999400-07:00] [pid=23672] [2026.05.12-14.33.09:899][832]LogModuleManager: Shutting down and abandoning module MovieSceneTracks (498)
[2026-05-12T07:33:09.8999400-07:00] [pid=23672] [2026.05.12-14.33.09:899][832]LogModuleManager: Shutting down and abandoning module MovieScene (496)
[2026-05-12T07:33:09.8999400-07:00] [pid=23672] [2026.05.12-14.33.09:899][832]LogModuleManager: Shutting down and abandoning module StreamingPauseRendering (494)
[2026-05-12T07:33:09.8999400-07:00] [pid=23672] [2026.05.12-14.33.09:899][832]LogModuleManager: Shutting down and abandoning module PortalServices (492)
[2026-05-12T07:33:09.8999400-07:00] [pid=23672] [2026.05.12-14.33.09:899][832]LogModuleManager: Shutting down and abandoning module PortalRpc (490)
[2026-05-12T07:33:09.8999400-07:00] [pid=23672] [2026.05.12-14.33.09:899][832]LogModuleManager: Shutting down and abandoning module MessagingRpc (488)
[2026-05-12T07:33:09.8999400-07:00] [pid=23672] [2026.05.12-14.33.09:899][832]LogModuleManager: Shutting down and abandoning module AudioMixerXAudio2 (486)
[2026-05-12T07:33:09.8999400-07:00] [pid=23672] [2026.05.12-14.33.09:899][832]LogModuleManager: Shutting down and abandoning module AudioMixerCore (485)
[2026-05-12T07:33:09.8999400-07:00] [pid=23672] [2026.05.12-14.33.09:899][832]LogModuleManager: Shutting down and abandoning module ImageWriteQueue (482)
[2026-05-12T07:33:09.9054548-07:00] [pid=23672] [2026.05.12-14.33.09:905][832]LogModuleManager: Shutting down and abandoning module ProfilerService (480)
[2026-05-12T07:33:10.0588611-07:00] [pid=23672] [2026.05.12-14.33.10:058][832]LogModuleManager: Shutting down and abandoning module TaskGraph (478)
[2026-05-12T07:33:10.0588611-07:00] [pid=23672] [2026.05.12-14.33.10:058][832]LogModuleManager: Shutting down and abandoning module OculusInput (476)
[2026-05-12T07:33:10.0588611-07:00] [pid=23672] [2026.05.12-14.33.10:058][832]LogModuleManager: Shutting down and abandoning module TakeMovieScene (474)
[2026-05-12T07:33:10.0588611-07:00] [pid=23672] [2026.05.12-14.33.10:058][832]LogModuleManager: Shutting down and abandoning module Synthesis (472)
[2026-05-12T07:33:10.0588611-07:00] [pid=23672] [2026.05.12-14.33.10:058][832]LogModuleManager: Shutting down and abandoning module ActorLayerUtilities (470)
[2026-05-12T07:33:10.0598749-07:00] [pid=23672] [2026.05.12-14.33.10:058][832]LogModuleManager: Shutting down and abandoning module ProceduralMeshComponent (468)
[2026-05-12T07:33:10.0598749-07:00] [pid=23672] [2026.05.12-14.33.10:059][832]LogModuleManager: Shutting down and abandoning module MobilePatchingUtils (466)
[2026-05-12T07:33:10.0598749-07:00] [pid=23672] [2026.05.12-14.33.10:059][832]LogModuleManager: Shutting down and abandoning module CableComponent (464)
[2026-05-12T07:33:10.0598749-07:00] [pid=23672] [2026.05.12-14.33.10:059][832]LogModuleManager: Shutting down and abandoning module GooglePAD (462)
[2026-05-12T07:33:10.0598749-07:00] [pid=23672] [2026.05.12-14.33.10:059][832]LogModuleManager: Shutting down and abandoning module MediaCompositing (460)
[2026-05-12T07:33:10.0598749-07:00] [pid=23672] [2026.05.12-14.33.10:059][832]LogModuleManager: Shutting down and abandoning module EditableMesh (458)
[2026-05-12T07:33:10.0598749-07:00] [pid=23672] [2026.05.12-14.33.10:059][832]LogModuleManager: Shutting down and abandoning module CustomMeshComponent (456)
[2026-05-12T07:33:10.0598749-07:00] [pid=23672] [2026.05.12-14.33.10:059][832]LogModuleManager: Shutting down and abandoning module ArchVisCharacter (454)
[2026-05-12T07:33:10.0598749-07:00] [pid=23672] [2026.05.12-14.33.10:059][832]LogModuleManager: Shutting down and abandoning module AssetTags (452)
[2026-05-12T07:33:10.0598749-07:00] [pid=23672] [2026.05.12-14.33.10:059][832]LogModuleManager: Shutting down and abandoning module AudioCapture (450)
[2026-05-12T07:33:10.0598749-07:00] [pid=23672] [2026.05.12-14.33.10:059][832]LogModuleManager: Shutting down and abandoning module AudioCaptureRtAudio (449)
[2026-05-12T07:33:10.0598749-07:00] [pid=23672] [2026.05.12-14.33.10:059][832]LogModuleManager: Shutting down and abandoning module AppleImageUtilsBlueprintSupport (446)
[2026-05-12T07:33:10.0598749-07:00] [pid=23672] [2026.05.12-14.33.10:059][832]LogModuleManager: Shutting down and abandoning module AppleImageUtils (444)
[2026-05-12T07:33:10.0598749-07:00] [pid=23672] [2026.05.12-14.33.10:059][832]LogModuleManager: Shutting down and abandoning module AndroidPermission (442)
[2026-05-12T07:33:10.0598749-07:00] [pid=23672] [2026.05.12-14.33.10:059][832]LogModuleManager: Shutting down and abandoning module TemplateSequence (440)
[2026-05-12T07:33:10.0598749-07:00] [pid=23672] [2026.05.12-14.33.10:059][832]LogModuleManager: Shutting down and abandoning module MagicLeapSharedWorld (438)
[2026-05-12T07:33:10.0598749-07:00] [pid=23672] [2026.05.12-14.33.10:059][832]LogModuleManager: Shutting down and abandoning module MagicLeapLightEstimation (436)
[2026-05-12T07:33:10.0598749-07:00] [pid=23672] [2026.05.12-14.33.10:059][832]LogModuleManager: Shutting down and abandoning module MagicLeapHelperVulkan (434)
[2026-05-12T07:33:10.0598749-07:00] [pid=23672] [2026.05.12-14.33.10:059][832]LogModuleManager: Shutting down and abandoning module MagicLeapHelperOpenGL (432)
[2026-05-12T07:33:10.0598749-07:00] [pid=23672] [2026.05.12-14.33.10:059][832]LogModuleManager: Shutting down and abandoning module MagicLeapAudio (430)
[2026-05-12T07:33:10.0598749-07:00] [pid=23672] [2026.05.12-14.33.10:059][832]LogModuleManager: Shutting down and abandoning module ImgMedia (428)
[2026-05-12T07:33:10.0598749-07:00] [pid=23672] [2026.05.12-14.33.10:059][832]LogModuleManager: Shutting down and abandoning module GeometryCacheTracks (426)
[2026-05-12T07:33:10.0598749-07:00] [pid=23672] [2026.05.12-14.33.10:059][832]LogModuleManager: Shutting down and abandoning module GeometryCacheSequencer (425)
[2026-05-12T07:33:10.0598749-07:00] [pid=23672] [2026.05.12-14.33.10:059][832]LogModuleManager: Shutting down and abandoning module GeometryCache (422)
[2026-05-12T07:33:10.0598749-07:00] [pid=23672] [2026.05.12-14.33.10:059][832]LogModuleManager: Shutting down and abandoning module GeometryCacheEd (421)
[2026-05-12T07:33:10.0598749-07:00] [pid=23672] [2026.05.12-14.33.10:059][832]LogModuleManager: Shutting down and abandoning module MotoSynth (418)
[2026-05-12T07:33:10.0598749-07:00] [pid=23672] [2026.05.12-14.33.10:059][832]LogModuleManager: Shutting down and abandoning module OpenImageDenoise (416)
[2026-05-12T07:33:10.0598749-07:00] [pid=23672] [2026.05.12-14.33.10:059][832]LogOpenImageDenoise: OIDN shutting down
[2026-05-12T07:33:10.0598749-07:00] [pid=23672] [2026.05.12-14.33.10:059][832]LogModuleManager: Shutting down and abandoning module MeshConversion (414)
[2026-05-12T07:33:10.0598749-07:00] [pid=23672] [2026.05.12-14.33.10:059][832]LogModuleManager: Shutting down and abandoning module DynamicMesh (412)
[2026-05-12T07:33:10.0598749-07:00] [pid=23672] [2026.05.12-14.33.10:059][832]LogModuleManager: Shutting down and abandoning module GeometryAlgorithms (410)
[2026-05-12T07:33:10.0598749-07:00] [pid=23672] [2026.05.12-14.33.10:059][832]LogModuleManager: Shutting down and abandoning module GeometricObjects (408)
[2026-05-12T07:33:10.0608799-07:00] [pid=23672] [2026.05.12-14.33.10:059][832]LogModuleManager: Shutting down and abandoning module GeometryCollectionTracks (406)
[2026-05-12T07:33:10.0608799-07:00] [pid=23672] [2026.05.12-14.33.10:060][832]LogModuleManager: Shutting down and abandoning module GeometryCollectionSequencer (405)
[2026-05-12T07:33:10.0608799-07:00] [pid=23672] [2026.05.12-14.33.10:060][832]LogModuleManager: Shutting down and abandoning module ChaosNiagara (402)
[2026-05-12T07:33:10.0608799-07:00] [pid=23672] [2026.05.12-14.33.10:060][832]LogModuleManager: Shutting down and abandoning module FieldSystemEngine (401)
[2026-05-12T07:33:10.0608799-07:00] [pid=23672] [2026.05.12-14.33.10:060][832]LogModuleManager: Shutting down and abandoning module AutomationUtils (398)
[2026-05-12T07:33:10.0608799-07:00] [pid=23672] [2026.05.12-14.33.10:060][832]LogModuleManager: Shutting down and abandoning module BackChannel (396)
[2026-05-12T07:33:10.0608799-07:00] [pid=23672] [2026.05.12-14.33.10:060][832]LogModuleManager: Shutting down and abandoning module VisualStudioSourceCodeAccess (394)
[2026-05-12T07:33:10.0608799-07:00] [pid=23672] [2026.05.12-14.33.10:060][832]LogModuleManager: Shutting down and abandoning module HotReload (393)
[2026-05-12T07:33:10.0608799-07:00] [pid=23672] [2026.05.12-14.33.10:060][832]LogModuleManager: Shutting down and abandoning module SubversionSourceControl (390)
[2026-05-12T07:33:10.0608799-07:00] [pid=23672] [2026.05.12-14.33.10:060][832]LogModuleManager: Shutting down and abandoning module VisualStudioCodeSourceCodeAccess (388)
[2026-05-12T07:33:10.0608799-07:00] [pid=23672] [2026.05.12-14.33.10:060][832]LogModuleManager: Shutting down and abandoning module UObjectPlugin (386)
[2026-05-12T07:33:10.0608799-07:00] [pid=23672] [2026.05.12-14.33.10:060][832]LogModuleManager: Shutting down and abandoning module PerforceSourceControl (384)
[2026-05-12T07:33:10.0608799-07:00] [pid=23672] [2026.05.12-14.33.10:060][832]LogModuleManager: Shutting down and abandoning module SourceControl (383)
[2026-05-12T07:33:10.0608799-07:00] [pid=23672] [2026.05.12-14.33.10:060][832]LogModuleManager: Shutting down and abandoning module CLionSourceCodeAccess (380)
[2026-05-12T07:33:10.0608799-07:00] [pid=23672] [2026.05.12-14.33.10:060][832]LogModuleManager: Shutting down and abandoning module OodleNetworkHandlerComponent (378)
[2026-05-12T07:33:10.0608799-07:00] [pid=23672] [2026.05.12-14.33.10:060][832]LogModuleManager: Shutting down and abandoning module LiveLinkSequencer (376)
[2026-05-12T07:33:10.0608799-07:00] [pid=23672] [2026.05.12-14.33.10:060][832]LogModuleManager: Shutting down and abandoning module LiveLinkMovieScene (374)
[2026-05-12T07:33:10.0608799-07:00] [pid=23672] [2026.05.12-14.33.10:060][832]LogModuleManager: Shutting down and abandoning module LiveLinkGraphNode (372)
[2026-05-12T07:33:10.0608799-07:00] [pid=23672] [2026.05.12-14.33.10:060][832]LogModuleManager: Shutting down and abandoning module LiveLinkComponents (370)
[2026-05-12T07:33:10.0608799-07:00] [pid=23672] [2026.05.12-14.33.10:060][832]LogModuleManager: Shutting down and abandoning module LiveLink (368)
[2026-05-12T07:33:10.4931361-07:00] [pid=23672] [2026.05.12-14.33.10:493][832]LogModuleManager: Shutting down and abandoning module testTP (366)
[2026-05-12T07:33:10.4931361-07:00] [pid=23672] [2026.05.12-14.33.10:493][832]LogModuleManager: Shutting down and abandoning module AkAudio (364)
[2026-05-12T07:33:10.4931361-07:00] [pid=23672] <<<_____ ImmerseAudioRenderer _____>>> 
[2026-05-12T07:33:10.4931361-07:00] [pid=23672] WwiseFxNullParams::Term()
[2026-05-12T07:33:10.4941406-07:00] [pid=23672] 
[2026-05-12T07:33:10.5006797-07:00] [pid=26656] <<<_____ ImmerseAudioRenderer _____>>> 
[2026-05-12T07:33:10.5006797-07:00] [pid=26656] RegisterImmerseAudioRendererFX()
[2026-05-12T07:33:10.5006797-07:00] [pid=26656] 
[2026-05-12T07:33:10.5016809-07:00] [pid=26656] <<<_____ ImmerseAudioRenderer _____>>> 
[2026-05-12T07:33:10.5016809-07:00] [pid=26656] CreateImmerseManager
[2026-05-12T07:33:10.5016809-07:00] [pid=26656] 
[2026-05-12T07:33:10.5016809-07:00] [pid=26656] <<<_____ ImmerseAudioRenderer _____>>> 
[2026-05-12T07:33:10.5016809-07:00] [pid=26656] loadAndInitializeImmerseEngine
[2026-05-12T07:33:10.5016809-07:00] [pid=26656] 
[2026-05-12T07:33:10.5072171-07:00] [pid=23672] <<<_____ ImmerseAudioRenderer _____>>> 
[2026-05-12T07:33:10.5072171-07:00] [pid=23672] CreateDestroyImmerseManager
[2026-05-12T07:33:10.5072171-07:00] [pid=23672] 
[2026-05-12T07:33:10.5072171-07:00] [pid=23672] <<<_____ ImmerseAudioRenderer _____>>> 
[2026-05-12T07:33:10.5072171-07:00] [pid=23672] DestroyImmerseManager
[2026-05-12T07:33:10.5072171-07:00] [pid=23672] 
[2026-05-12T07:33:10.5072171-07:00] [pid=23672] [EmbodyLOG] May_12_2026 07:33:10.508 line: 628. ___IMMERSEENGINE___ Immerse_ResetUser 
[2026-05-12T07:33:10.5087164-07:00] [pid=23672] [EmbodyLOG] May_12_2026 07:33:10.508 line: 637. ___IMMERSEENGINE___ Immerse_Terminate 
[2026-05-12T07:33:10.5087164-07:00] [pid=23672] [EmbodyLOG] May_12_2026 07:33:10.509 line: 59. ImmerseCommerceApiHelper::interruptNetwork() - commerce is not initialized! 
[2026-05-12T07:33:10.5117479-07:00] [pid=23672] [EmbodyLOG] May_12_2026 07:33:10.511 line: 1419. calculateLicenseDaysRemaining(): cached=359, elapsed=0, remaining=359 
[2026-05-12T07:33:10.5162679-07:00] [pid=23672] <<<_____ ImmerseAudioRenderer _____>>> 
[2026-05-12T07:33:10.5172645-07:00] [pid=23672] CreateDestroyImmerseManager
[2026-05-12T07:33:10.5172645-07:00] [pid=23672] 
[2026-05-12T07:33:10.5172645-07:00] [pid=23672] <<<_____ ImmerseAudioRenderer _____>>> 
[2026-05-12T07:33:10.5172645-07:00] [pid=23672] DestroyImmerseManager
[2026-05-12T07:33:10.5172645-07:00] [pid=23672] 
[2026-05-12T07:33:10.5218003-07:00] [pid=23672] [2026.05.12-14.33.10:521][832]LogInit: Audiokinetic Audio Device terminated.
[2026-05-12T07:33:10.5218003-07:00] [pid=23672] [2026.05.12-14.33.10:521][832]LogModuleManager: Shutting down and abandoning module RuntimePhysXCooking (362)
[2026-05-12T07:33:10.5218003-07:00] [pid=23672] [2026.05.12-14.33.10:521][832]LogModuleManager: Shutting down and abandoning module SignificanceManager (360)
[2026-05-12T07:33:10.5218003-07:00] [pid=23672] [2026.05.12-14.33.10:521][832]LogModuleManager: Shutting down and abandoning module SoundFields (358)
[2026-05-12T07:33:10.5218003-07:00] [pid=23672] [2026.05.12-14.33.10:521][832]LogModuleManager: Shutting down and abandoning module PropertyAccessEditor (356)
[2026-05-12T07:33:10.5218003-07:00] [pid=23672] [2026.05.12-14.33.10:521][832]LogModuleManager: Shutting down and abandoning module PhysXVehiclesEditor (354)
[2026-05-12T07:33:10.5218003-07:00] [pid=23672] [2026.05.12-14.33.10:521][832]LogModuleManager: Shutting down and abandoning module LocationServicesBPLibrary (350)
[2026-05-12T07:33:10.5218003-07:00] [pid=23672] [2026.05.12-14.33.10:521][832]LogModuleManager: Shutting down and abandoning module UdpMessaging (348)
[2026-05-12T07:33:10.5227953-07:00] [pid=23672] [2026.05.12-14.33.10:522][832]LogModuleManager: Shutting down and abandoning module TcpMessaging (346)
[2026-05-12T07:33:10.5227953-07:00] [pid=23672] [2026.05.12-14.33.10:522][832]LogModuleManager: Shutting down and abandoning module AudioSynesthesia (344)
[2026-05-12T07:33:10.5227953-07:00] [pid=23672] [2026.05.12-14.33.10:522][832]LogModuleManager: Shutting down and abandoning module AudioSynesthesiaCore (342)
[2026-05-12T07:33:10.5227953-07:00] [pid=23672] [2026.05.12-14.33.10:522][832]LogModuleManager: Shutting down and abandoning module ActorSequence (340)
[2026-05-12T07:33:10.5227953-07:00] [pid=23672] [2026.05.12-14.33.10:522][832]LogModuleManager: Shutting down and abandoning module MagicLeapARPin (338)
[2026-05-12T07:33:10.5227953-07:00] [pid=23672] [2026.05.12-14.33.10:522][832]LogModuleManager: Shutting down and abandoning module MagicLeapHandMeshing (336)
[2026-05-12T07:33:10.5227953-07:00] [pid=23672] [2026.05.12-14.33.10:522][832]LogModuleManager: Shutting down and abandoning module MagicLeapSecureStorage (334)
[2026-05-12T07:33:10.5227953-07:00] [pid=23672] [2026.05.12-14.33.10:522][832]LogModuleManager: Shutting down and abandoning module MagicLeapPrivileges (332)
[2026-05-12T07:33:10.5227953-07:00] [pid=23672] [2026.05.12-14.33.10:522][832]LogModuleManager: Shutting down and abandoning module MagicLeapPlanes (330)
[2026-05-12T07:33:10.5227953-07:00] [pid=23672] [2026.05.12-14.33.10:522][832]LogMagicLeapPlanes: Planes tracker already destroyed.
[2026-05-12T07:33:10.5227953-07:00] [pid=23672] [2026.05.12-14.33.10:522][832]LogModuleManager: Shutting down and abandoning module MagicLeapImageTracker (328)
[2026-05-12T07:33:10.5227953-07:00] [pid=23672] [2026.05.12-14.33.10:522][832]LogModuleManager: Shutting down and abandoning module MagicLeapIdentity (326)
[2026-05-12T07:33:10.5227953-07:00] [pid=23672] [2026.05.12-14.33.10:522][832]LogModuleManager: Shutting down and abandoning module MagicLeapHandTracking (324)
[2026-05-12T07:33:10.5237953-07:00] [pid=23672] [2026.05.12-14.33.10:522][832]LogModuleManager: Shutting down and abandoning module MagicLeapEyeTracker (322)
[2026-05-12T07:33:10.5237953-07:00] [pid=23672] [2026.05.12-14.33.10:523][832]LogModuleManager: Shutting down and abandoning module MagicLeapController (320)
[2026-05-12T07:33:10.5237953-07:00] [pid=23672] [2026.05.12-14.33.10:523][832]LogModuleManager: Shutting down and abandoning module MagicLeapARPinImpl (318)
[2026-05-12T07:33:10.5237953-07:00] [pid=23672] [2026.05.12-14.33.10:523][832]LogModuleManager: Shutting down and abandoning module MagicLeapAR (316)
[2026-05-12T07:33:10.5237953-07:00] [pid=23672] [2026.05.12-14.33.10:523][832]LogModuleManager: Shutting down and abandoning module ImgMediaEngine (314)
[2026-05-12T07:33:10.5237953-07:00] [pid=23672] [2026.05.12-14.33.10:523][832]LogModuleManager: Shutting down and abandoning module PythonScriptPlugin (312)
[2026-05-12T07:33:10.5237953-07:00] [pid=23672] [2026.05.12-14.33.10:523][832]LogModuleManager: Shutting down and abandoning module PropertyAccessNode (310)
[2026-05-12T07:33:10.5237953-07:00] [pid=23672] [2026.05.12-14.33.10:523][832]LogModuleManager: Shutting down and abandoning module NiagaraAnimNotifies (308)
[2026-05-12T07:33:10.5237953-07:00] [pid=23672] [2026.05.12-14.33.10:523][832]LogModuleManager: Shutting down and abandoning module Niagara (306)
[2026-05-12T07:33:10.5237953-07:00] [pid=23672] [2026.05.12-14.33.10:523][832]LogModuleManager: Shutting down and abandoning module SignalProcessing (305)
[2026-05-12T07:33:10.5237953-07:00] [pid=23672] [2026.05.12-14.33.10:523][832]LogModuleManager: Shutting down and abandoning module NiagaraEditor (303)
[2026-05-12T07:33:10.5237953-07:00] [pid=23672] [2026.05.12-14.33.10:523][832]LogModuleManager: Shutting down and abandoning module ContentBrowser (302)
[2026-05-12T07:33:10.5237953-07:00] [pid=23672] [2026.05.12-14.33.10:523][832]LogModuleManager: Shutting down and abandoning module CollectionManager (301)
[2026-05-12T07:33:10.5253061-07:00] [pid=23672] [2026.05.12-14.33.10:525][832]LogModuleManager: Shutting down and abandoning module DirectoryWatcher (300)
[2026-05-12T07:33:10.5253061-07:00] [pid=23672] [2026.05.12-14.33.10:525][832]LogModuleManager: Shutting down and abandoning module ContentBrowserData (297)
[2026-05-12T07:33:10.5253061-07:00] [pid=23672] [2026.05.12-14.33.10:525][832]LogModuleManager: Shutting down and abandoning module NiagaraCore (292)
[2026-05-12T07:33:10.5253061-07:00] [pid=23672] [2026.05.12-14.33.10:525][832]LogModuleManager: Shutting down and abandoning module AnimationSharing (290)
[2026-05-12T07:33:10.5253061-07:00] [pid=23672] [2026.05.12-14.33.10:525][832]LogModuleManager: Shutting down and abandoning module LightPropagationVolumeRuntime (288)
[2026-05-12T07:33:10.5253061-07:00] [pid=23672] [2026.05.12-14.33.10:525][832]LogModuleManager: Shutting down and abandoning module GameplayTagsEditor (286)
[2026-05-12T07:33:10.5263281-07:00] [pid=23672] [2026.05.12-14.33.10:525][832]LogModuleManager: Shutting down and abandoning module FacialAnimation (284)
[2026-05-12T07:33:10.5263281-07:00] [pid=23672] [2026.05.12-14.33.10:525][832]LogModuleManager: Shutting down and abandoning module EnvironmentQueryEditor (282)
[2026-05-12T07:33:10.5263281-07:00] [pid=23672] [2026.05.12-14.33.10:526][832]LogModuleManager: Shutting down and abandoning module GameplayCameras (280)
[2026-05-12T07:33:10.5263281-07:00] [pid=23672] [2026.05.12-14.33.10:526][832]LogModuleManager: Shutting down and abandoning module AssetManagerEditor (278)
[2026-05-12T07:33:10.5263281-07:00] [pid=23672] [2026.05.12-14.33.10:526][832]LogModuleManager: Shutting down and abandoning module TreeMap (277)
[2026-05-12T07:33:10.5263281-07:00] [pid=23672] [2026.05.12-14.33.10:526][832]LogModuleManager: Shutting down and abandoning module Paper2D (274)
[2026-05-12T07:33:10.5263281-07:00] [pid=23672] [2026.05.12-14.33.10:526][832]LogModuleManager: Shutting down and abandoning module WindowsMoviePlayer (272)
[2026-05-12T07:33:10.5273282-07:00] [pid=23672] [2026.05.12-14.33.10:527][832]LogModuleManager: Shutting down and abandoning module WebMMoviePlayer (270)
[2026-05-12T07:33:10.5273282-07:00] [pid=23672] [2026.05.12-14.33.10:527][832]LogModuleManager: Shutting down and abandoning module NetworkReplayStreaming (268)
[2026-05-12T07:33:10.5273282-07:00] [pid=23672] [2026.05.12-14.33.10:527][832]LogModuleManager: Shutting down and abandoning module PacketHandler (266)
[2026-05-12T07:33:10.5273282-07:00] [pid=23672] [2026.05.12-14.33.10:527][832]LogModuleManager: Shutting down and abandoning module ClothingSystemEditor (264)
[2026-05-12T07:33:10.5273282-07:00] [pid=23672] [2026.05.12-14.33.10:527][832]LogModuleManager: Shutting down and abandoning module ClothingSystemRuntimeNv (262)
[2026-05-12T07:33:10.5283280-07:00] [pid=23672] [2026.05.12-14.33.10:527][832]LogModuleManager: Shutting down and abandoning module MediaAssets (260)
[2026-05-12T07:33:10.5283280-07:00] [pid=23672] [2026.05.12-14.33.10:528][832]LogModuleManager: Shutting down and abandoning module Overlay (258)
[2026-05-12T07:33:10.5283280-07:00] [pid=23672] [2026.05.12-14.33.10:528][832]LogModuleManager: Shutting down and abandoning module OverlayEditor (257)
[2026-05-12T07:33:10.5283280-07:00] [pid=23672] [2026.05.12-14.33.10:528][832]LogModuleManager: Shutting down and abandoning module VREditor (254)
[2026-05-12T07:33:10.5283280-07:00] [pid=23672] [2026.05.12-14.33.10:528][832]LogModuleManager: Shutting down and abandoning module StringTableEditor (252)
[2026-05-12T07:33:10.5288370-07:00] [pid=23672] [2026.05.12-14.33.10:528][832]LogModuleManager: Shutting down and abandoning module GameplayTasksEditor (250)
[2026-05-12T07:33:10.5288370-07:00] [pid=23672] [2026.05.12-14.33.10:528][832]LogModuleManager: Shutting down and abandoning module BehaviorTreeEditor (248)
[2026-05-12T07:33:10.5288370-07:00] [pid=23672] [2026.05.12-14.33.10:528][832]LogModuleManager: Shutting down and abandoning module FunctionalTesting (246)
[2026-05-12T07:33:10.5288370-07:00] [pid=23672] [2026.05.12-14.33.10:528][832]LogModuleManager: Shutting down and abandoning module CollisionAnalyzer (244)
[2026-05-12T07:33:10.5288370-07:00] [pid=23672] [2026.05.12-14.33.10:528][832]LogModuleManager: Shutting down and abandoning module WorkspaceMenuStructure (243)
[2026-05-12T07:33:10.5288370-07:00] [pid=23672] [2026.05.12-14.33.10:528][832]LogModuleManager: Shutting down and abandoning module UMG (240)
[2026-05-12T07:33:10.5288370-07:00] [pid=23672] [2026.05.12-14.33.10:528][832]LogModuleManager: Shutting down and abandoning module UMGEditor (239)
[2026-05-12T07:33:10.5298490-07:00] [pid=23672] [2026.05.12-14.33.10:528][832]LogModuleManager: Shutting down and abandoning module Sequencer (238)
[2026-05-12T07:33:10.5298490-07:00] [pid=23672] [2026.05.12-14.33.10:529][832]LogModuleManager: Shutting down and abandoning module MessageLog (235)
[2026-05-12T07:33:10.5308576-07:00] [pid=23672] [2026.05.12-14.33.10:530][832]LogModuleManager: Shutting down and abandoning module SlateReflector (230)
[2026-05-12T07:33:10.5318556-07:00] [pid=23672] [2026.05.12-14.33.10:530][832]LogModuleManager: Shutting down and abandoning module Slate (228)
[2026-05-12T07:33:10.5318556-07:00] [pid=23672] [2026.05.12-14.33.10:530][832]LogModuleManager: Shutting down and abandoning module SlateCore (226)
[2026-05-12T07:33:10.5318556-07:00] [pid=26656] <<<_____ ImmerseAudioRenderer _____>>> 
[2026-05-12T07:33:10.5318556-07:00] [pid=26656] CreateDestroyImmerseManager
[2026-05-12T07:33:10.5328553-07:00] [pid=26656] 
[2026-05-12T07:33:10.5328553-07:00] [pid=26656] <<<_____ ImmerseAudioRenderer _____>>> 
[2026-05-12T07:33:10.5328553-07:00] [pid=26656] CreateImmerseManager
[2026-05-12T07:33:10.5328553-07:00] [pid=26656] 
[2026-05-12T07:33:10.5328553-07:00] [pid=23672] [2026.05.12-14.33.10:532][832]LogModuleManager: Shutting down and abandoning module LandscapeEditorUtilities (224)
[2026-05-12T07:33:10.5328553-07:00] [pid=23672] [2026.05.12-14.33.10:532][832]LogModuleManager: Shutting down and abandoning module UnrealEd (222)
[2026-05-12T07:33:10.5328553-07:00] [pid=23672] [2026.05.12-14.33.10:532][832]LogModuleManager: Shutting down and abandoning module MRMesh (220)
[2026-05-12T07:33:10.5328553-07:00] [pid=23672] [2026.05.12-14.33.10:532][832]LogModuleManager: Shutting down and abandoning module Messaging (218)
[2026-05-12T07:33:10.5328553-07:00] [pid=23672] [2026.05.12-14.33.10:532][832]LogModuleManager: Shutting down and abandoning module SourceCodeAccess (216)
[2026-05-12T07:33:10.5328553-07:00] [pid=23672] [2026.05.12-14.33.10:532][832]LogModuleManager: Shutting down and abandoning module HeadMountedDisplay (214)
[2026-05-12T07:33:10.5328553-07:00] [pid=23672] [2026.05.12-14.33.10:532][832]LogModuleManager: Shutting down and abandoning module XAudio2 (212)
[2026-05-12T07:33:10.5328553-07:00] [pid=23672] [2026.05.12-14.33.10:532][832]LogModuleManager: Shutting down and abandoning module Networking (210)
[2026-05-12T07:33:10.5328553-07:00] [pid=23672] [2026.05.12-14.33.10:532][832]LogModuleManager: Shutting down and abandoning module Core (208)
[2026-05-12T07:33:10.5328553-07:00] [pid=23672] [2026.05.12-14.33.10:532][832]LogModuleManager: Shutting down and abandoning module MaterialEditor (206)
[2026-05-12T07:33:10.5338613-07:00] [pid=23672] [2026.05.12-14.33.10:532][832]LogModuleManager: Shutting down and abandoning module MovieSceneTools (204)
[2026-05-12T07:33:10.5338613-07:00] [pid=23672] [2026.05.12-14.33.10:533][832]LogModuleManager: Shutting down and abandoning module EditorStyle (203)
[2026-05-12T07:33:10.5338613-07:00] [pid=23672] [2026.05.12-14.33.10:533][832]LogModuleManager: Shutting down and abandoning module KismetCompiler (200)
[2026-05-12T07:33:10.5338613-07:00] [pid=23672] [2026.05.12-14.33.10:533][832]LogModuleManager: Shutting down and abandoning module MeshBuilder (198)
[2026-05-12T07:33:10.5338613-07:00] [pid=23672] [2026.05.12-14.33.10:533][832]LogModuleManager: Shutting down and abandoning module MeshUtilities (196)
[2026-05-12T07:33:10.5338613-07:00] [pid=23672] [2026.05.12-14.33.10:533][832]LogModuleManager: Shutting down and abandoning module MeshMergeUtilities (195)
[2026-05-12T07:33:10.5338613-07:00] [pid=23672] [2026.05.12-14.33.10:533][832]LogModuleManager: Shutting down and abandoning module MeshReductionInterface (194)
[2026-05-12T07:33:10.5338613-07:00] [pid=23672] [2026.05.12-14.33.10:533][832]LogModuleManager: Shutting down and abandoning module MeshBoneReduction (193)
[2026-05-12T07:33:10.5338613-07:00] [pid=23672] [2026.05.12-14.33.10:533][832]LogModuleManager: Shutting down and abandoning module SkeletalMeshReduction (191)
[2026-05-12T07:33:10.5338613-07:00] [pid=23672] [2026.05.12-14.33.10:533][832]LogModuleManager: Shutting down and abandoning module ProxyLODMeshReduction (189)
[2026-05-12T07:33:10.5338613-07:00] [pid=23672] [2026.05.12-14.33.10:533][832]LogModuleManager: Shutting down and abandoning module QuadricMeshReduction (187)
[2026-05-12T07:33:10.5353725-07:00] [pid=23672] [2026.05.12-14.33.10:533][832]LogModuleManager: Shutting down and abandoning module MaterialBaking (183)
[2026-05-12T07:33:10.5353725-07:00] [pid=23672] [2026.05.12-14.33.10:535][832]LogModuleManager: Shutting down and abandoning module NullInstallBundleManager (178)
[2026-05-12T07:33:10.5353725-07:00] [pid=23672] [2026.05.12-14.33.10:535][832]LogModuleManager: Shutting down and abandoning module PIEPreviewDeviceProfileSelector (176)
[2026-05-12T07:33:10.5353725-07:00] [pid=23672] [2026.05.12-14.33.10:535][832]LogModuleManager: Shutting down and abandoning module DerivedDataCache (174)
[2026-05-12T07:33:10.5353725-07:00] [pid=23672] [2026.05.12-14.33.10:535][832]LogModuleManager: Shutting down and abandoning module TargetPlatform (172)
[2026-05-12T07:33:10.5353725-07:00] [pid=23672] [2026.05.12-14.33.10:535][832]LogModuleManager: Shutting down and abandoning module VulkanShaderFormat (171)
[2026-05-12T07:33:10.5353725-07:00] [pid=23672] [2026.05.12-14.33.10:535][832]LogModuleManager: Shutting down and abandoning module ShaderFormatVectorVM (169)
[2026-05-12T07:33:10.5353725-07:00] [pid=23672] [2026.05.12-14.33.10:535][832]LogModuleManager: Shutting down and abandoning module ShaderFormatOpenGL (167)
[2026-05-12T07:33:10.5353725-07:00] [pid=23672] [2026.05.12-14.33.10:535][832]LogModuleManager: Shutting down and abandoning module ShaderFormatD3D (165)
[2026-05-12T07:33:10.5353725-07:00] [pid=23672] [2026.05.12-14.33.10:535][832]LogModuleManager: Shutting down and abandoning module MetalShaderFormat (163)
[2026-05-12T07:33:10.5353725-07:00] [pid=23672] [2026.05.12-14.33.10:535][832]LogModuleManager: Shutting down and abandoning module TextureFormatOodle (161)
[2026-05-12T07:33:10.5353725-07:00] [pid=23672] [2026.05.12-14.33.10:535][832]LogModuleManager: Shutting down and abandoning module TextureFormatUncompressed (159)
[2026-05-12T07:33:10.5353725-07:00] [pid=23672] [2026.05.12-14.33.10:535][832]LogModuleManager: Shutting down and abandoning module TextureFormatPVR (157)
[2026-05-12T07:33:10.5353725-07:00] [pid=23672] [2026.05.12-14.33.10:535][832]LogModuleManager: Shutting down and abandoning module TextureFormatETC2 (155)
[2026-05-12T07:33:10.5353725-07:00] [pid=23672] [2026.05.12-14.33.10:535][832]LogModuleManager: Shutting down and abandoning module TextureFormatDXT (153)
[2026-05-12T07:33:10.5363963-07:00] [pid=23672] [2026.05.12-14.33.10:535][832]LogModuleManager: Shutting down and abandoning module TextureFormatIntelISPCTexComp (151)
[2026-05-12T07:33:10.5363963-07:00] [pid=23672] [2026.05.12-14.33.10:536][832]LogModuleManager: Shutting down and abandoning module TextureFormatASTC (149)
[2026-05-12T07:33:10.5363963-07:00] [pid=23672] [2026.05.12-14.33.10:536][832]LogModuleManager: Shutting down and abandoning module ImageWrapper (148)
[2026-05-12T07:33:10.5363963-07:00] [pid=23672] [2026.05.12-14.33.10:536][832]LogModuleManager: Shutting down and abandoning module AudioFormatOpus (145)
[2026-05-12T07:33:10.5363963-07:00] [pid=23672] [2026.05.12-14.33.10:536][832]LogModuleManager: Shutting down and abandoning module AudioFormatOgg (143)
[2026-05-12T07:33:10.5363963-07:00] [pid=23672] [2026.05.12-14.33.10:536][832]LogModuleManager: Shutting down and abandoning module AudioFormatADPCM (141)
[2026-05-12T07:33:10.5363963-07:00] [pid=23672] [2026.05.12-14.33.10:536][832]LogModuleManager: Shutting down and abandoning module WindowsServerTargetPlatform (139)
[2026-05-12T07:33:10.5363963-07:00] [pid=23672] [2026.05.12-14.33.10:536][832]LogModuleManager: Shutting down and abandoning module WindowsClientTargetPlatform (137)
[2026-05-12T07:33:10.5363963-07:00] [pid=23672] [2026.05.12-14.33.10:536][832]LogModuleManager: Shutting down and abandoning module WindowsTargetPlatform (135)
[2026-05-12T07:33:10.5363963-07:00] [pid=23672] [2026.05.12-14.33.10:536][832]LogModuleManager: Shutting down and abandoning module WindowsNoEditorTargetPlatform (133)
[2026-05-12T07:33:10.5363963-07:00] [pid=23672] [2026.05.12-14.33.10:536][832]LogModuleManager: Shutting down and abandoning module D3D11RHI (130)
[2026-05-12T07:33:10.5363963-07:00] [pid=23672] [2026.05.12-14.33.10:536][832]LogModuleManager: Shutting down and abandoning module InputCore (128)
[2026-05-12T07:33:10.5363963-07:00] [pid=23672] [2026.05.12-14.33.10:536][832]LogModuleManager: Shutting down and abandoning module Settings (126)
[2026-05-12T07:33:10.5363963-07:00] [pid=23672] [2026.05.12-14.33.10:536][832]LogModuleManager: Shutting down and abandoning module PhysXCooking (124)
[2026-05-12T07:33:10.5373955-07:00] [pid=23672] [2026.05.12-14.33.10:536][832]LogModuleManager: Shutting down and abandoning module Chaos (122)
[2026-05-12T07:33:10.5373955-07:00] [pid=23672] [2026.05.12-14.33.10:537][832]LogModuleManager: Shutting down and abandoning module WindowsPlatformFeatures (120)
[2026-05-12T07:33:10.5373955-07:00] [pid=23672] [2026.05.12-14.33.10:537][832]LogModuleManager: Shutting down and abandoning module GameplayMediaEncoder (119)
[2026-05-12T07:33:10.5373955-07:00] [pid=23672] [2026.05.12-14.33.10:537][832]LogModuleManager: Shutting down and abandoning module AVEncoder (118)
[2026-05-12T07:33:10.5373955-07:00] [pid=23672] [2026.05.12-14.33.10:537][832]LogModuleManager: Shutting down and abandoning module SteamVRInputDevice (114)
[2026-05-12T07:33:10.5373955-07:00] [pid=23672] [2026.05.12-14.33.10:537][832]LogModuleManager: Shutting down and abandoning module SteamVRInput (112)
[2026-05-12T07:33:10.5373955-07:00] [pid=23672] [2026.05.12-14.33.10:537][832]LogModuleManager: Shutting down and abandoning module SteamVR (110)
[2026-05-12T07:33:10.5373955-07:00] [pid=23672] [2026.05.12-14.33.10:537][832]LogHMD: Freeing OpenVRDLLHandle.
[2026-05-12T07:33:10.5373955-07:00] [pid=23672] [2026.05.12-14.33.10:537][832]LogModuleManager: Shutting down and abandoning module OculusHMD (108)
[2026-05-12T07:33:10.5373955-07:00] [pid=23672] [2026.05.12-14.33.10:537][832]LogModuleManager: Shutting down and abandoning module LauncherChunkInstaller (106)
[2026-05-12T07:33:10.5373955-07:00] [pid=23672] [2026.05.12-14.33.10:537][832]LogModuleManager: Shutting down and abandoning module OpenXRHandTracking (104)
[2026-05-12T07:33:10.5373955-07:00] [pid=23672] [2026.05.12-14.33.10:537][832]LogSlate: Slate User Destroyed.  User Index 0, Is Virtual User: 0
[2026-05-12T07:33:10.5373955-07:00] [pid=23672] [2026.05.12-14.33.10:537][832]LogModuleManager: Shutting down and abandoning module OpenXREyeTracker (102)
[2026-05-12T07:33:10.5383941-07:00] [pid=23672] [2026.05.12-14.33.10:537][832]LogModuleManager: Shutting down and abandoning module OpenXRAR (100)
[2026-05-12T07:33:10.5383941-07:00] [pid=23672] [2026.05.12-14.33.10:538][832]LogModuleManager: Shutting down and abandoning module AugmentedReality (99)
[2026-05-12T07:33:10.5383941-07:00] [pid=23672] [2026.05.12-14.33.10:538][832]LogModuleManager: Shutting down and abandoning module OpenXRHMD (96)
[2026-05-12T07:33:10.5389050-07:00] [pid=23672] [2026.05.12-14.33.10:538][832]LogModuleManager: Shutting down and abandoning module ExampleDeviceProfileSelector (94)
[2026-05-12T07:33:10.5389050-07:00] [pid=23672] [2026.05.12-14.33.10:538][832]LogModuleManager: Shutting down and abandoning module ChunkDownloader (92)
[2026-05-12T07:33:10.5389050-07:00] [pid=23672] [2026.05.12-14.33.10:538][832]LogModuleManager: Shutting down and abandoning module OnlineSubsystem (90)
[2026-05-12T07:33:10.5399194-07:00] [pid=23672] [2026.05.12-14.33.10:539][832]LogModuleManager: Shutting down and abandoning module XMPP (85)
[2026-05-12T07:33:10.5414312-07:00] [pid=23672] [2026.05.12-14.33.10:539][832]LogModuleManager: Shutting down and abandoning module WebSockets (84)
[2026-05-12T07:33:10.5630451-07:00] [pid=23672] [2026.05.12-14.33.10:563][832]LogModuleManager: Shutting down and abandoning module HTTP (81)
[2026-05-12T07:33:10.5630451-07:00] [pid=23672] [2026.05.12-14.33.10:563][832]LogHttp: Display: cleaning up 0 outstanding Http requests.
[2026-05-12T07:33:10.5741035-07:00] [pid=26656] <<<_____ ImmerseAudioRenderer _____>>> 
[2026-05-12T07:33:10.5741035-07:00] [pid=26656] CreateImmerseAudioRendererFXParams()
[2026-05-12T07:33:10.5741035-07:00] [pid=26656] 
[2026-05-12T07:33:10.5741035-07:00] [pid=26656] <<<_____ ImmerseAudioRenderer _____>>> 
[2026-05-12T07:33:10.5741035-07:00] [pid=26656] WwiseFxNullParams::Init()
[2026-05-12T07:33:10.5741035-07:00] [pid=26656] 
[2026-05-12T07:33:10.5741035-07:00] [pid=26656] <<<_____ ImmerseAudioRenderer _____>>> 
[2026-05-12T07:33:10.5741035-07:00] [pid=26656] WwiseFxNullParams::SetParam()
[2026-05-12T07:33:10.5741035-07:00] [pid=26656] 
[2026-05-12T07:33:10.5741035-07:00] [pid=26656] <<<_____ ImmerseAudioRenderer _____>>> 
[2026-05-12T07:33:10.5741035-07:00] [pid=26656] WwiseFxNullParams::SetParam()
[2026-05-12T07:33:10.5741035-07:00] [pid=26656] 
[2026-05-12T07:33:10.5741035-07:00] [pid=26656] <<<_____ ImmerseAudioRenderer _____>>> 
[2026-05-12T07:33:10.5741035-07:00] [pid=26656] WwiseFxNullParams::SetParam()
[2026-05-12T07:33:10.5741035-07:00] [pid=26656] 
[2026-05-12T07:33:10.5741035-07:00] [pid=26656] <<<_____ ImmerseAudioRenderer _____>>> 
[2026-05-12T07:33:10.5741035-07:00] [pid=26656] WwiseFxNullParams::SetParam()
[2026-05-12T07:33:10.5741035-07:00] [pid=26656] 
[2026-05-12T07:33:10.5741035-07:00] [pid=26656] <<<_____ ImmerseAudioRenderer _____>>> 
[2026-05-12T07:33:10.5741035-07:00] [pid=26656] WwiseFxNullParams::SetParam()
[2026-05-12T07:33:10.5741035-07:00] [pid=26656] 
[2026-05-12T07:33:10.5756190-07:00] [pid=26656] <<<_____ ImmerseAudioRenderer _____>>> 
[2026-05-12T07:33:10.5756190-07:00] [pid=26656] WwiseFxNullParams::SetParam()
[2026-05-12T07:33:10.5756190-07:00] [pid=26656] 
[2026-05-12T07:33:10.5756190-07:00] [pid=26656] <<<_____ ImmerseAudioRenderer _____>>> 
[2026-05-12T07:33:10.5756190-07:00] [pid=26656] WwiseFxNullParams::SetParam()
[2026-05-12T07:33:10.5756190-07:00] [pid=26656] 
[2026-05-12T07:33:10.5756190-07:00] [pid=26656] <<<_____ ImmerseAudioRenderer _____>>> 
[2026-05-12T07:33:10.5756190-07:00] [pid=26656] WwiseFxNullParams::SetParam()
[2026-05-12T07:33:10.5756190-07:00] [pid=26656] 
[2026-05-12T07:33:10.5756190-07:00] [pid=26656] <<<_____ ImmerseAudioRenderer _____>>> 
[2026-05-12T07:33:10.5756190-07:00] [pid=26656] WwiseFxNullParams::SetParam()
[2026-05-12T07:33:10.5756190-07:00] [pid=26656] 
[2026-05-12T07:33:10.5756190-07:00] [pid=26656] <<<_____ ImmerseAudioRenderer _____>>> 
[2026-05-12T07:33:10.5756190-07:00] [pid=26656] WwiseFxNullParams::ApplyParam()
[2026-05-12T07:33:10.5756190-07:00] [pid=26656] 
[2026-05-12T07:33:10.5756190-07:00] [pid=26656] <<<_____ ImmerseAudioRenderer _____>>> 
[2026-05-12T07:33:10.5756190-07:00] [pid=26656] WwiseFxNullParams::ApplyParam()
[2026-05-12T07:33:10.5756190-07:00] [pid=26656] 
[2026-05-12T07:33:10.5756190-07:00] [pid=26656] <<<_____ ImmerseAudioRenderer _____>>> 
[2026-05-12T07:33:10.5756190-07:00] [pid=26656] WwiseFxNullParams::ApplyParam()
[2026-05-12T07:33:10.5756190-07:00] [pid=26656] 
[2026-05-12T07:33:10.5756190-07:00] [pid=26656] <<<_____ ImmerseAudioRenderer _____>>> 
[2026-05-12T07:33:10.5756190-07:00] [pid=26656] WwiseFxNullParams::ApplyParam()
[2026-05-12T07:33:10.5756190-07:00] [pid=26656] 
[2026-05-12T07:33:10.5756190-07:00] [pid=26656] <<<_____ ImmerseAudioRenderer _____>>> 
[2026-05-12T07:33:10.5756190-07:00] [pid=26656] WwiseFxNullParams::ApplyParam()
[2026-05-12T07:33:10.5756190-07:00] [pid=26656] 
[2026-05-12T07:33:10.5756190-07:00] [pid=26656] <<<_____ ImmerseAudioRenderer _____>>> 
[2026-05-12T07:33:10.5756190-07:00] [pid=26656] WwiseFxNullParams::ApplyParam()
[2026-05-12T07:33:10.5756190-07:00] [pid=26656] 
[2026-05-12T07:33:10.5756190-07:00] [pid=26656] <<<_____ ImmerseAudioRenderer _____>>> 
[2026-05-12T07:33:10.5756190-07:00] [pid=26656] WwiseFxNullParams::ApplyParam()
[2026-05-12T07:33:10.5766442-07:00] [pid=26656] 
[2026-05-12T07:33:10.5766442-07:00] [pid=26656] <<<_____ ImmerseAudioRenderer _____>>> 
[2026-05-12T07:33:10.5766442-07:00] [pid=26656] WwiseFxNullParams::ApplyParam()
[2026-05-12T07:33:10.5766442-07:00] [pid=26656] 
[2026-05-12T07:33:10.5766442-07:00] [pid=26656] <<<_____ ImmerseAudioRenderer _____>>> 
[2026-05-12T07:33:10.5766442-07:00] [pid=26656] WwiseFxNullParams::ApplyParam()
[2026-05-12T07:33:10.5766442-07:00] [pid=26656] 
[2026-05-12T07:33:10.5952256-07:00] [pid=23672] [2026.05.12-14.33.10:595][832]LogModuleManager: Shutting down and abandoning module SSL (80)
[2026-05-12T07:33:10.5962372-07:00] [pid=23672] [2026.05.12-14.33.10:596][832]LogModuleManager: Shutting down and abandoning module OnlineBlueprintSupport (76)
[2026-05-12T07:33:10.5962372-07:00] [pid=23672] [2026.05.12-14.33.10:596][832]LogModuleManager: Shutting down and abandoning module VariantManagerContent (72)
[2026-05-12T07:33:10.5962372-07:00] [pid=23672] [2026.05.12-14.33.10:596][832]LogModuleManager: Shutting down and abandoning module MLSDK (70)
[2026-05-12T07:33:10.5962372-07:00] [pid=23672] [2026.05.12-14.33.10:596][832]LogModuleManager: Shutting down and abandoning module MagicLeap (68)
[2026-05-12T07:33:10.5962372-07:00] [pid=23672] [2026.05.12-14.33.10:596][832]LogModuleManager: Shutting down and abandoning module WmfMedia (66)
[2026-05-12T07:33:10.5972299-07:00] [pid=23672] [2026.05.12-14.33.10:597][832]LogModuleManager: Shutting down and abandoning module Media (65)
[2026-05-12T07:33:10.5982369-07:00] [pid=23672] [2026.05.12-14.33.10:598][832]LogModuleManager: Shutting down and abandoning module MediaInfo (64)
[2026-05-12T07:33:10.5982369-07:00] [pid=23672] [2026.05.12-14.33.10:598][832]LogModuleManager: Shutting down and abandoning module ExrReaderGpu (60)
[2026-05-12T07:33:10.5982369-07:00] [pid=23672] [2026.05.12-14.33.10:598][832]LogModuleManager: Shutting down and abandoning module DatasmithContent (58)
[2026-05-12T07:33:10.5987479-07:00] [pid=23672] [2026.05.12-14.33.10:598][832]LogModuleManager: Shutting down and abandoning module ChaosCloth (56)
[2026-05-12T07:33:10.5987479-07:00] [pid=23672] [2026.05.12-14.33.10:598][832]LogModuleManager: Shutting down and abandoning module PixWinPlugin (54)
[2026-05-12T07:33:10.5987479-07:00] [pid=23672] [2026.05.12-14.33.10:598][832]LogModuleManager: Shutting down and abandoning module NiagaraVertexFactories (52)
[2026-05-12T07:33:10.5987479-07:00] [pid=23672] [2026.05.12-14.33.10:598][832]LogModuleManager: Shutting down and abandoning module NiagaraShader (50)
[2026-05-12T07:33:10.5987479-07:00] [pid=23672] [2026.05.12-14.33.10:598][832]LogModuleManager: Shutting down and abandoning module AISupportModule (48)
[2026-05-12T07:33:10.5987479-07:00] [pid=23672] [2026.05.12-14.33.10:598][832]LogModuleManager: Shutting down and abandoning module PythonScriptPluginPreload (46)
[2026-05-12T07:33:10.5987479-07:00] [pid=23672] [2026.05.12-14.33.10:598][832]LogModuleManager: Shutting down and abandoning module PlatformCryptoOpenSSL (44)
[2026-05-12T07:33:10.5987479-07:00] [pid=23672] [2026.05.12-14.33.10:598][832]LogModuleManager: Shutting down and abandoning module PlatformCryptoTypes (42)
[2026-05-12T07:33:10.5987479-07:00] [pid=23672] [2026.05.12-14.33.10:598][832]LogModuleManager: Shutting down and abandoning module PlatformCrypto (40)
[2026-05-12T07:33:10.5987479-07:00] [pid=23672] [2026.05.12-14.33.10:598][832]LogModuleManager: Shutting down and abandoning module OodleDataCompressionFormat (38)
[2026-05-12T07:33:10.5987479-07:00] [pid=23672] [2026.05.12-14.33.10:598][832]LogModuleManager: Shutting down and abandoning module XGEController (36)
[2026-05-12T07:33:10.5987479-07:00] [pid=23672] [2026.05.12-14.33.10:598][832]LogXGEController: Cleaning working directory: C:/Users/kapil/AppData/Local/Temp/UnrealXGEWorkingDir/
[2026-05-12T07:33:10.5987479-07:00] [pid=23672] [2026.05.12-14.33.10:598][832]LogModuleManager: Shutting down and abandoning module AnimationModifiers (34)
[2026-05-12T07:33:10.5987479-07:00] [pid=23672] [2026.05.12-14.33.10:598][832]LogModuleManager: Shutting down and abandoning module AudioEditor (32)
[2026-05-12T07:33:10.5987479-07:00] [pid=23672] [2026.05.12-14.33.10:598][832]LogModuleManager: Shutting down and abandoning module PropertyEditor (31)
[2026-05-12T07:33:10.5987479-07:00] [pid=23672] [2026.05.12-14.33.10:598][832]LogModuleManager: Shutting down and abandoning module TextureCompressor (28)
[2026-05-12T07:33:10.5987479-07:00] [pid=23672] [2026.05.12-14.33.10:598][832]LogModuleManager: Shutting down and abandoning module RenderCore (26)
[2026-05-12T07:33:10.5987479-07:00] [pid=23672] [2026.05.12-14.33.10:598][832]LogModuleManager: Shutting down and abandoning module Landscape (24)
[2026-05-12T07:33:10.5987479-07:00] [pid=23672] [2026.05.12-14.33.10:598][832]LogModuleManager: Shutting down and abandoning module SlateRHIRenderer (22)
[2026-05-12T07:33:10.5997647-07:00] [pid=23672] [2026.05.12-14.33.10:599][832]LogModuleManager: Shutting down and abandoning module AnimGraphRuntime (20)
[2026-05-12T07:33:10.5997647-07:00] [pid=23672] [2026.05.12-14.33.10:599][832]LogModuleManager: Shutting down and abandoning module Renderer (18)
[2026-05-12T07:33:10.5997647-07:00] [pid=23672] [2026.05.12-14.33.10:599][832]LogModuleManager: Shutting down and abandoning module Engine (16)
[2026-05-12T07:33:10.5997647-07:00] [pid=23672] [2026.05.12-14.33.10:599][832]LogModuleManager: Shutting down and abandoning module CoreUObject (14)
[2026-05-12T07:33:10.5997647-07:00] [pid=23672] [2026.05.12-14.33.10:599][832]LogModuleManager: Shutting down and abandoning module NetworkFile (12)
[2026-05-12T07:33:10.5997647-07:00] [pid=23672] [2026.05.12-14.33.10:599][832]LogModuleManager: Shutting down and abandoning module CookedIterativeFile (10)
[2026-05-12T07:33:10.5997647-07:00] [pid=23672] [2026.05.12-14.33.10:599][832]LogModuleManager: Shutting down and abandoning module StreamingFile (8)
[2026-05-12T07:33:10.5997647-07:00] [pid=23672] [2026.05.12-14.33.10:599][832]LogModuleManager: Shutting down and abandoning module SandboxFile (6)
[2026-05-12T07:33:10.5997647-07:00] [pid=23672] [2026.05.12-14.33.10:599][832]LogModuleManager: Shutting down and abandoning module PakFile (4)
[2026-05-12T07:33:10.5997647-07:00] [pid=23672] [2026.05.12-14.33.10:599][832]LogModuleManager: Shutting down and abandoning module RSA (3)
[2026-05-12T07:33:10.9836875-07:00] [pid=23672] [2026.05.12-14.33.10:982][832]LogContentStreaming: Display: There are 1 unreleased StreamingManagers
[2026-05-12T07:33:10.9987430-07:00] [pid=23672] [2026.05.12-14.33.10:998][832]LogD3D11RHI: Shutdown
[2026-05-12T07:33:10.9987430-07:00] [pid=23672] [2026.05.12-14.33.10:998][832]LogD3D11RHI: CleanupD3DDevice
[2026-05-12T07:33:11.0720323-07:00] [pid=23672] [2026.05.12-14.33.11:072][832]LogExit: Exiting.
[2026-05-12T07:33:11.2988494-07:00] [pid=31780] [2026.05.12-14.33.11:298][  0]CrashReportClientDiagnosticLog: Editor/ExitCode:0
[2026-05-12T07:33:11.2998638-07:00] [pid=31780] [2026.05.12-14.33.11:299][  0]CrashReportClientDiagnosticLog: MTBF/Start:2026.05.12-14.33.11
[2026-05-12T07:33:11.3008774-07:00] [pid=31780] [2026.05.12-14.33.11:300][  0]CrashReportClientDiagnosticLog: MTBF/LoadSession
[2026-05-12T07:33:11.3018765-07:00] [pid=31780] [2026.05.12-14.33.11:301][  0]CrashReportClientDiagnosticLog: MTBF/NoSessionFound
[2026-05-12T07:33:11.3209849-07:00] [pid=31780] [2026.05.12-14.33.11:320][  0]LogInit: Using libcurl 7.55.1-DEV
[2026-05-12T07:33:11.3209849-07:00] [pid=31780] [2026.05.12-14.33.11:320][  0]LogInit:  - built for x86_64-pc-win32
[2026-05-12T07:33:11.3209849-07:00] [pid=31780] [2026.05.12-14.33.11:320][  0]LogInit:  - supports SSL with OpenSSL/1.1.1
[2026-05-12T07:33:11.3209849-07:00] [pid=31780] [2026.05.12-14.33.11:320][  0]LogInit:  - supports HTTP deflate (compression) using libz 1.2.8
[2026-05-12T07:33:11.3209849-07:00] [pid=31780] [2026.05.12-14.33.11:320][  0]LogInit:  - other features:
[2026-05-12T07:33:11.3209849-07:00] [pid=31780] [2026.05.12-14.33.11:320][  0]LogInit:      CURL_VERSION_SSL
[2026-05-12T07:33:11.3209849-07:00] [pid=31780] [2026.05.12-14.33.11:320][  0]LogInit:      CURL_VERSION_LIBZ
[2026-05-12T07:33:11.3209849-07:00] [pid=31780] [2026.05.12-14.33.11:320][  0]LogInit:      CURL_VERSION_IPV6
[2026-05-12T07:33:11.3209849-07:00] [pid=31780] [2026.05.12-14.33.11:320][  0]LogInit:      CURL_VERSION_ASYNCHDNS
[2026-05-12T07:33:11.3209849-07:00] [pid=31780] [2026.05.12-14.33.11:320][  0]LogInit:      CURL_VERSION_LARGEFILE
[2026-05-12T07:33:11.3209849-07:00] [pid=31780] [2026.05.12-14.33.11:320][  0]LogInit:      CURL_VERSION_IDN
[2026-05-12T07:33:11.3209849-07:00] [pid=31780] [2026.05.12-14.33.11:320][  0]LogInit:  CurlRequestOptions (configurable via config and command line):
[2026-05-12T07:33:11.3209849-07:00] [pid=31780] [2026.05.12-14.33.11:320][  0]LogInit:  - bVerifyPeer = false  - Libcurl will NOT verify peer certificate
[2026-05-12T07:33:11.3209849-07:00] [pid=31780] [2026.05.12-14.33.11:320][  0]LogInit:  - bUseHttpProxy = false  - Libcurl will NOT use HTTP proxy
[2026-05-12T07:33:11.3209849-07:00] [pid=31780] [2026.05.12-14.33.11:320][  0]LogInit:  - bDontReuseConnections = false  - Libcurl will reuse connections
[2026-05-12T07:33:11.3209849-07:00] [pid=31780] [2026.05.12-14.33.11:320][  0]LogInit:  - MaxHostConnections = 16  - Libcurl will limit the number of connections to a host
[2026-05-12T07:33:11.3209849-07:00] [pid=31780] [2026.05.12-14.33.11:320][  0]LogInit:  - LocalHostAddr = Default
[2026-05-12T07:33:11.3209849-07:00] [pid=31780] [2026.05.12-14.33.11:320][  0]LogInit:  - BufferSize = 65536
[2026-05-12T07:33:11.3209849-07:00] [pid=31780] [2026.05.12-14.33.11:320][  0]LogAnalytics: Display: [CrashReporter.Release] APIServer = https://datarouter.ol.epicgames.com/. AppVersion = ++UE4+Release-4.27-CL-18319896
[2026-05-12T07:33:11.3219781-07:00] [pid=31780] [2026.05.12-14.33.11:321][  0]CrashReportClientDiagnosticLog: MTBF/Done
[2026-05-12T07:33:11.3330451-07:00] [pid=31780] [2026.05.12-14.33.11:333][  0]LogCore: Engine exit requested (reason: CrashReportClientApp RequestExit)
[2026-05-12T07:33:11.3330451-07:00] [pid=31780] [2026.05.12-14.33.11:333][  0]LogExit: Preparing to exit.
[2026-05-12T07:33:11.3340457-07:00] [pid=31780] [2026.05.12-14.33.11:334][  0]LogExit: Object subsystem successfully closed.
[2026-05-12T07:33:11.3340457-07:00] [pid=31780] [2026.05.12-14.33.11:334][  0]LogModuleManager: Shutting down and abandoning module AnalyticsET (14)
[2026-05-12T07:33:11.3340457-07:00] [pid=31780] [2026.05.12-14.33.11:334][  0]LogModuleManager: Shutting down and abandoning module HTTP (13)
[2026-05-12T07:33:11.3340457-07:00] [pid=31780] [2026.05.12-14.33.11:334][  0]LogHttp: Display: Http module shutting down, but needs to wait on 1 outstanding Http requests:
[2026-05-12T07:33:11.3355495-07:00] [pid=31780] [2026.05.12-14.33.11:334][  0]LogHttp: Display: 	verb=[POST] url=[https://datarouter.ol.epicgames.com/datarouter/api/v1/public/data?SessionID=%7B71E4B7AB-492B-6B8F-B440-138ABF657275%7D&AppID=CrashReporter.Release&AppVersion=%2B%2BUE4%2BRelease-4.27-CL-18319896&UserID=f8b698bb42db84b438be4e9e5183ed14%7C6da9797861944dd5b2bedb495b874fce%7C2e2120c8-1d81-4764-95c5-a72e8ff85171&AppEnvironment=datacollector-binary&UploadType=eteventstream] refs=[1] status=Processing
[2026-05-12T07:33:11.3355495-07:00] [pid=31780] [2026.05.12-14.33.11:335][  0]LogHttp: Display: cleaning up 1 outstanding Http requests.
[2026-05-12T07:33:11.3355495-07:00] [pid=31780] [2026.05.12-14.33.11:335][  0]LogHttp: Display: Sleeping 0.500s to wait for 1 outstanding Http requests.
[2026-05-12T07:33:11.3400872-07:00] [pid=23204] [2026.05.12-14.33.11:340][ 71]LogRunningAppService: Display: Dead foreground process [23672] C:/Program Files/Epic Games/UE_4.27/Engine/Binaries/Win64/UE4Editor.exe for app C:/Program Files/Epic Games/UE_4.27/
[2026-05-12T07:33:11.8436629-07:00] [pid=31780] [2026.05.12-14.33.11:843][  0]LogModuleManager: Shutting down and abandoning module SSL (12)
[2026-05-12T07:33:11.8436629-07:00] [pid=31780] [2026.05.12-14.33.11:843][  0]LogModuleManager: Shutting down and abandoning module CrashDebugHelper (8)
[2026-05-12T07:33:11.8436629-07:00] [pid=31780] [2026.05.12-14.33.11:843][  0]LogModuleManager: Shutting down and abandoning module CoreUObject (6)
[2026-05-12T07:33:11.8436629-07:00] [pid=31780] [2026.05.12-14.33.11:843][  0]LogModuleManager: Shutting down and abandoning module PakFile (4)
[2026-05-12T07:33:11.8436629-07:00] [pid=31780] [2026.05.12-14.33.11:843][  0]LogModuleManager: Shutting down and abandoning module RSA (3)
[2026-05-12T07:33:11.8451680-07:00] [pid=31780] [2026.05.12-14.33.11:845][  0]LogExit: Exiting.
[2026-05-12T07:33:12.0452367-07:00] [pid=23204] [2026.05.12-14.33.12:045][ 86]LogRunningAppService: Display: Dead foreground process [31780] C:/Program Files/Epic Games/UE_4.27/Engine/Binaries/Win64/CrashReportClientEditor.exe for app C:/Program Files/Epic Games/UE_4.27/
[2026-05-12T07:33:15.6803674-07:00] [pid=23204] [2026.05.12-14.33.15:680][162]LogRunningAppService: Display: App C:/Program Files/Epic Games/UE_4.27/ moved from foreground to dead
[2026-05-12T07:33:15.6803674-07:00] [pid=23204] [2026.05.12-14.33.15:680][162]LogRunningAppPresenceHandler: Display: No foreground apps with monitored presence: clearing override presence
[2026-05-12T07:33:15.6803674-07:00] [pid=23204] [2026.05.12-14.33.15:680][162]LogCloudSync: Cloud Sync: Sync Started for ue:3ddb1bad6e004b99a7192c1a29f2318a:UE_4.27
[2026-05-12T07:33:15.6813728-07:00] [pid=23204] [2026.05.12-14.33.15:681][162]LogCloudSync: Cloud Sync: Exiting Cloud Sync - SUCCESS - AppName: ue:3ddb1bad6e004b99a7192c1a29f2318a:UE_4.27
[2026-05-12T07:33:15.9295996-07:00] [pid=23204] [2026.05.12-14.33.15:929][167]LogCommunityPortalOSS: Display: ...found 481 entitled apps
