[2026-05-13T03:17:05.7639662-07:00] DebugMonitor start, maxSeconds=1800
[2026-05-13T03:17:05.7649658-07:00] [pid=27484] Focus Exec Name: wwise.exe
[2026-05-13T03:17:05.7649658-07:00] [pid=27484] ---> Focus Exec Name: wwise.exe does not has WS_OVERLAPPEDWINDOW
[2026-05-13T03:17:05.7841947-07:00] [pid=27484] Focus Exec Name: wwise.exe
[2026-05-13T03:17:05.7841947-07:00] [pid=27484] ---> Focus Exec Name: wwise.exe has WS_OVERLAPPEDWINDOW
[2026-05-13T03:17:05.7932215-07:00] [pid=27484] [Maximize Proc] Foreground Title: 
[2026-05-13T03:17:05.7932215-07:00] [pid=27484] ---> Focus Exec Name:  has WS_OVERLAPPEDWINDOW
[2026-05-13T03:17:05.7977346-07:00] [pid=27484] [Maximize Proc] Foreground Title: Wwise
[2026-05-13T03:17:05.7977346-07:00] [pid=27484] ---> Focus Exec Name: Wwise has WS_OVERLAPPEDWINDOW
[2026-05-13T03:17:05.8112698-07:00] [pid=27484] [Maximize Proc] Foreground Title: Wwise
[2026-05-13T03:17:05.8112698-07:00] [pid=27484] ---> Focus Exec Name: Wwise has WS_OVERLAPPEDWINDOW
[2026-05-13T03:17:05.8112698-07:00] [pid=27484] [Maximize Proc] Foreground Title: Wwise
[2026-05-13T03:17:05.8112698-07:00] [pid=27484] ---> Focus Exec Name: Wwise has WS_OVERLAPPEDWINDOW
[2026-05-13T03:17:05.9530697-07:00] [pid=27484] Focus Exec Name: wwise.exe
[2026-05-13T03:17:05.9530697-07:00] [pid=27484] ---> Focus Exec Name: wwise.exe does not has WS_OVERLAPPEDWINDOW
[2026-05-13T03:17:05.9595909-07:00] [pid=27484] [Maximize Proc] Foreground Title: Wwise 2019.2.15 
[2026-05-13T03:17:05.9595909-07:00] [pid=27484] ---> Focus Exec Name: Wwise 2019.2.15  has WS_OVERLAPPEDWINDOW
[2026-05-13T03:17:05.9611003-07:00] [pid=27484] [Maximize Proc] Foreground Title: Wwise 2019.2.15 
[2026-05-13T03:17:05.9621052-07:00] [pid=27484] ---> Focus Exec Name: Wwise 2019.2.15  has WS_OVERLAPPEDWINDOW
[2026-05-13T03:17:06.0433986-07:00] [pid=26780] <<<_____ ImmerseAudioRenderer _____>>> 
[2026-05-13T03:17:06.0433986-07:00] [pid=26780] RegisterImmerseAudioRendererFX()
[2026-05-13T03:17:06.0443986-07:00] [pid=26780] 
[2026-05-13T03:17:06.0443986-07:00] [pid=26780] <<<_____ ImmerseAudioRenderer _____>>> 
[2026-05-13T03:17:06.0443986-07:00] [pid=26780] CreateImmerseManager
[2026-05-13T03:17:06.0443986-07:00] [pid=26780] 
[2026-05-13T03:17:06.0443986-07:00] [pid=26780] <<<_____ ImmerseAudioRenderer _____>>> 
[2026-05-13T03:17:06.0443986-07:00] [pid=26780] loadAndInitializeImmerseEngine
[2026-05-13T03:17:06.0443986-07:00] [pid=26780] 
[2026-05-13T03:17:06.0564239-07:00] [pid=26780] <<<_____ ImmerseAudioRenderer _____>>> 
[2026-05-13T03:17:06.0564239-07:00] [pid=26780] CreateDestroyImmerseManager
[2026-05-13T03:17:06.0564239-07:00] [pid=26780] 
[2026-05-13T03:17:06.0574279-07:00] [pid=26780] <<<_____ ImmerseAudioRenderer _____>>> 
[2026-05-13T03:17:06.0574279-07:00] [pid=26780] CreateImmerseManager
[2026-05-13T03:17:06.0574279-07:00] [pid=26780] 
[2026-05-13T03:17:06.0875459-07:00] [pid=26780] <<<_____ ImmerseAudioRenderer _____>>> 
[2026-05-13T03:17:06.0875459-07:00] [pid=26780] CreateImmerseAudioRendererFXParams()
[2026-05-13T03:17:06.0875459-07:00] [pid=26780] 
[2026-05-13T03:17:06.0875459-07:00] [pid=26780] <<<_____ ImmerseAudioRenderer _____>>> 
[2026-05-13T03:17:06.0875459-07:00] [pid=26780] WwiseFxNullParams::Init()
[2026-05-13T03:17:06.0875459-07:00] [pid=26780] 
[2026-05-13T03:17:06.0875459-07:00] [pid=26780] <<<_____ ImmerseAudioRenderer _____>>> 
[2026-05-13T03:17:06.0875459-07:00] [pid=26780] WwiseFxNullParams::SetParam()
[2026-05-13T03:17:06.0875459-07:00] [pid=26780] 
[2026-05-13T03:17:06.0875459-07:00] [pid=26780] <<<_____ ImmerseAudioRenderer _____>>> 
[2026-05-13T03:17:06.0875459-07:00] [pid=26780] WwiseFxNullParams::SetParam()
[2026-05-13T03:17:06.0875459-07:00] [pid=26780] 
[2026-05-13T03:17:06.0875459-07:00] [pid=26780] <<<_____ ImmerseAudioRenderer _____>>> 
[2026-05-13T03:17:06.0875459-07:00] [pid=26780] WwiseFxNullParams::SetParam()
[2026-05-13T03:17:06.0875459-07:00] [pid=26780] 
[2026-05-13T03:17:06.0875459-07:00] [pid=26780] <<<_____ ImmerseAudioRenderer _____>>> 
[2026-05-13T03:17:06.0875459-07:00] [pid=26780] WwiseFxNullParams::SetParam()
[2026-05-13T03:17:06.0875459-07:00] [pid=26780] 
[2026-05-13T03:17:06.0875459-07:00] [pid=26780] <<<_____ ImmerseAudioRenderer _____>>> 
[2026-05-13T03:17:06.0875459-07:00] [pid=26780] WwiseFxNullParams::SetParam()
[2026-05-13T03:17:06.0875459-07:00] [pid=26780] 
[2026-05-13T03:17:06.0875459-07:00] [pid=26780] <<<_____ ImmerseAudioRenderer _____>>> 
[2026-05-13T03:17:06.0885457-07:00] [pid=26780] WwiseFxNullParams::SetParam()
[2026-05-13T03:17:06.0885457-07:00] [pid=26780] 
[2026-05-13T03:17:06.0885457-07:00] [pid=26780] <<<_____ ImmerseAudioRenderer _____>>> 
[2026-05-13T03:17:06.0885457-07:00] [pid=26780] WwiseFxNullParams::SetParam()
[2026-05-13T03:17:06.0885457-07:00] [pid=26780] 
[2026-05-13T03:17:06.0885457-07:00] [pid=26780] <<<_____ ImmerseAudioRenderer _____>>> 
[2026-05-13T03:17:06.0885457-07:00] [pid=26780] WwiseFxNullParams::SetParam()
[2026-05-13T03:17:06.0885457-07:00] [pid=26780] 
[2026-05-13T03:17:06.0885457-07:00] [pid=26780] <<<_____ ImmerseAudioRenderer _____>>> 
[2026-05-13T03:17:06.0885457-07:00] [pid=26780] WwiseFxNullParams::SetParam()
[2026-05-13T03:17:06.0885457-07:00] [pid=26780] 
[2026-05-13T03:17:06.0885457-07:00] [pid=26780] <<<_____ ImmerseAudioRenderer _____>>> 
[2026-05-13T03:17:06.0885457-07:00] [pid=26780] WwiseFxNullParams::ApplyParam()
[2026-05-13T03:17:06.0885457-07:00] [pid=26780] 
[2026-05-13T03:17:06.0885457-07:00] [pid=26780] <<<_____ ImmerseAudioRenderer _____>>> 
[2026-05-13T03:17:06.0885457-07:00] [pid=26780] WwiseFxNullParams::ApplyParam()
[2026-05-13T03:17:06.0885457-07:00] [pid=26780] 
[2026-05-13T03:17:06.0885457-07:00] [pid=26780] <<<_____ ImmerseAudioRenderer _____>>> 
[2026-05-13T03:17:06.0885457-07:00] [pid=26780] WwiseFxNullParams::ApplyParam()
[2026-05-13T03:17:06.0885457-07:00] [pid=26780] 
[2026-05-13T03:17:06.0885457-07:00] [pid=26780] <<<_____ ImmerseAudioRenderer _____>>> 
[2026-05-13T03:17:06.0885457-07:00] [pid=26780] WwiseFxNullParams::ApplyParam()
[2026-05-13T03:17:06.0885457-07:00] [pid=26780] 
[2026-05-13T03:17:06.0885457-07:00] [pid=26780] <<<_____ ImmerseAudioRenderer _____>>> 
[2026-05-13T03:17:06.0885457-07:00] [pid=26780] WwiseFxNullParams::ApplyParam()
[2026-05-13T03:17:06.0885457-07:00] [pid=26780] 
[2026-05-13T03:17:06.0885457-07:00] [pid=26780] <<<_____ ImmerseAudioRenderer _____>>> 
[2026-05-13T03:17:06.0885457-07:00] [pid=26780] WwiseFxNullParams::ApplyParam()
[2026-05-13T03:17:06.0885457-07:00] [pid=26780] 
[2026-05-13T03:17:06.0885457-07:00] [pid=26780] <<<_____ ImmerseAudioRenderer _____>>> 
[2026-05-13T03:17:06.0885457-07:00] [pid=26780] WwiseFxNullParams::ApplyParam()
[2026-05-13T03:17:06.0885457-07:00] [pid=26780] 
[2026-05-13T03:17:06.0885457-07:00] [pid=26780] <<<_____ ImmerseAudioRenderer _____>>> 
[2026-05-13T03:17:06.0885457-07:00] [pid=26780] WwiseFxNullParams::ApplyParam()
[2026-05-13T03:17:06.0895455-07:00] [pid=26780] 
[2026-05-13T03:17:06.0895455-07:00] [pid=26780] <<<_____ ImmerseAudioRenderer _____>>> 
[2026-05-13T03:17:06.0895455-07:00] [pid=26780] WwiseFxNullParams::ApplyParam()
[2026-05-13T03:17:06.0895455-07:00] [pid=26780] 
[2026-05-13T03:17:06.1151080-07:00] [pid=27484] Focus Exec Name: wwise.exe
[2026-05-13T03:17:06.1151080-07:00] [pid=27484] ---> Focus Exec Name: wwise.exe has WS_OVERLAPPEDWINDOW
[2026-05-13T03:17:06.3223286-07:00] [pid=18712] <1>May13 03:17:06.322 SF_18712[CpBoard] [CB] HandleClipboard S to C
[2026-05-13T03:17:06.3223286-07:00] [pid=18712] <1>May13 03:17:06.322 SF_18712[CpBoard] Send clipboard data to client fmt(13).
[2026-05-13T03:17:06.3223286-07:00] [pid=18712] <1>May13 03:17:06.323 SF_18712[CpBoard] [CB] Data Push start. len:654
[2026-05-13T03:17:06.5087098-07:00] [pid=27484] Focus Exec Name: wwise.exe
[2026-05-13T03:17:06.5087098-07:00] [pid=27484] ---> Focus Exec Name: wwise.exe has WS_OVERLAPPEDWINDOW
[2026-05-13T03:17:06.5122196-07:00] [pid=27484] Focus Exec Name: wwise.exe
[2026-05-13T03:17:06.5122196-07:00] [pid=27484] ---> Focus Exec Name: wwise.exe has WS_OVERLAPPEDWINDOW
[2026-05-13T03:17:06.9366507-07:00] [pid=27484] Focus Exec Name: wwise.exe
[2026-05-13T03:17:06.9376577-07:00] [pid=27484] ---> Focus Exec Name: wwise.exe has WS_OVERLAPPEDWINDOW
[2026-05-13T03:17:06.9411679-07:00] [pid=27484] Focus Exec Name: wwise.exe
[2026-05-13T03:17:06.9411679-07:00] [pid=27484] ---> Focus Exec Name: wwise.exe has WS_OVERLAPPEDWINDOW
[2026-05-13T03:17:10.2453916-07:00] [pid=18624] Looking for binary: ../../../Engine/Programs/CrashReportClient/Config/BinaryConfig.ini
[2026-05-13T03:17:10.2453916-07:00] [pid=18624] CrashReportClientDiagnosticLog: CRC/Init:2026.05.13-10.17.10
[2026-05-13T03:17:10.2468966-07:00] [pid=18624] LogPlatformFile: Not using cached read wrapper
[2026-05-13T03:17:10.2468966-07:00] [pid=18624] LogTaskGraph: Started task graph with 4 named threads and 22 total threads with 1 sets of task threads.
[2026-05-13T03:17:10.2468966-07:00] [pid=18624] LogICUInternationalization: ICU TimeZone Detection - Raw Offset: -8:00, Platform Override: ''
[2026-05-13T03:17:10.2468966-07:00] [pid=18624] LogInit: Display: Loading text-based GConfig....
[2026-05-13T03:17:10.2614345-07:00] [pid=18624] LogInit: Build: ++UE4+Release-4.27-CL-18319896
[2026-05-13T03:17:10.2614345-07:00] [pid=18624] LogInit: Engine Version: 4.27.2-18319896+++UE4+Release-4.27
[2026-05-13T03:17:10.2614345-07:00] [pid=18624] LogInit: Compatible Engine Version: 4.27.0-17155196+++UE4+Release-4.27
[2026-05-13T03:17:10.2614345-07:00] [pid=18624] LogInit: Net CL: 17155196
[2026-05-13T03:17:10.2624395-07:00] [pid=18624] LogInit: OS: Windows 10 (Release 2009) (), CPU: 13th Gen Intel(R) Core(TM) i7-13650HX, GPU: Intel(R) UHD Graphics
[2026-05-13T03:17:10.2624395-07:00] [pid=18624] LogInit: Compiled (64-bit): Nov 30 2021 08:03:32
[2026-05-13T03:17:10.2624395-07:00] [pid=18624] LogInit: Compiled with Visual C++: 19.24.28315.00
[2026-05-13T03:17:10.2624395-07:00] [pid=18624] LogInit: Build Configuration: Shipping
[2026-05-13T03:17:10.2624395-07:00] [pid=18624] LogInit: Branch Name: ++UE4+Release-4.27
[2026-05-13T03:17:10.2624395-07:00] [pid=18624] LogInit: Command Line: "C:\Program Files\Epic Games\UE_4.27\Engine\Binaries\Win64\CrashReportClientEditor.exe" "../../../Engine/Binaries/Win64/CrashReportClientEditor.exe"  -READ=588 -WRITE=600 -MONITOR=12520 -unattended -ConcertServer="818823D34411164F5FDB20AC5849CF37" -RespawnedInstance
[2026-05-13T03:17:10.2624395-07:00] [pid=18624] LogInit: Base Directory: C:/Program Files/Epic Games/UE_4.27/Engine/Binaries/Win64/
[2026-05-13T03:17:10.2624395-07:00] [pid=18624] LogInit: Allocator: TBB
[2026-05-13T03:17:10.2624395-07:00] [pid=18624] LogInit: Installed Engine Build: 1
[2026-05-13T03:17:10.2684428-07:00] [pid=18624] LogInit: Presizing for max 2097152 objects, including 1 objects not considered by GC, pre-allocating 0 bytes for permanent pool.
[2026-05-13T03:17:10.2684428-07:00] [pid=18624] LogConfig: Applying CVar settings from Section [/Script/Engine.StreamingSettings] File [C:/Users/kapil/AppData/Local/CrashReportClient/Saved/Config/WindowsNoEditor/Engine.ini]
[2026-05-13T03:17:10.2694438-07:00] [pid=18624] LogConfig: Setting CVar [[s.MinBulkDataSizeForAsyncLoading:131072]]
[2026-05-13T03:17:10.2694438-07:00] [pid=18624] LogConfig: Setting CVar [[s.AsyncLoadingThreadEnabled:0]]
[2026-05-13T03:17:10.2694438-07:00] [pid=18624] LogConfig: Setting CVar [[s.EventDrivenLoaderEnabled:1]]
[2026-05-13T03:17:10.2694438-07:00] [pid=18624] LogConfig: Setting CVar [[s.WarnIfTimeLimitExceeded:0]]
[2026-05-13T03:17:10.2694438-07:00] [pid=18624] LogConfig: Setting CVar [[s.TimeLimitExceededMultiplier:1.5]]
[2026-05-13T03:17:10.2694438-07:00] [pid=18624] LogConfig: Setting CVar [[s.TimeLimitExceededMinTime:0.005]]
[2026-05-13T03:17:10.2694438-07:00] [pid=18624] LogConfig: Setting CVar [[s.FlushStreamingOnExit:1]]
[2026-05-13T03:17:10.2699467-07:00] [pid=18624] LogInit: Object subsystem initialized
[2026-05-13T03:17:10.2699467-07:00] [pid=18624] LogConfig: Applying CVar settings from Section [ConsoleVariables] File [C:/Users/kapil/AppData/Local/CrashReportClient/Saved/Config/WindowsNoEditor/Engine.ini]
[2026-05-13T03:17:10.2699467-07:00] [pid=18624] [2026.05.13-10.17.10:269][  0]LogInit: Computer: IMMERSEDEMOM5
[2026-05-13T03:17:10.2709504-07:00] [pid=18624] [2026.05.13-10.17.10:270][  0]LogInit: User: kapil
[2026-05-13T03:17:10.2709504-07:00] [pid=18624] [2026.05.13-10.17.10:270][  0]LogInit: CPU Page size=4096, Cores=14
[2026-05-13T03:17:10.2709504-07:00] [pid=18624] [2026.05.13-10.17.10:270][  0]LogInit: High frequency timer resolution =10.000000 MHz
[2026-05-13T03:17:10.2709504-07:00] [pid=18624] [2026.05.13-10.17.10:270][  0]LogMemory: Memory total: Physical=15.7GB (16GB approx)
[2026-05-13T03:17:10.2719540-07:00] [pid=18624] [2026.05.13-10.17.10:270][  0]LogMemory: Platform Memory Stats for WindowsNoEditor
[2026-05-13T03:17:10.2719540-07:00] [pid=18624] [2026.05.13-10.17.10:271][  0]LogMemory: Process Physical Memory: 31.38 MB used, 31.39 MB peak
[2026-05-13T03:17:10.2719540-07:00] [pid=18624] [2026.05.13-10.17.10:271][  0]LogMemory: Process Virtual Memory: 65.79 MB used, 65.79 MB peak
[2026-05-13T03:17:10.2719540-07:00] [pid=18624] [2026.05.13-10.17.10:271][  0]LogMemory: Physical Memory: 13079.11 MB used,  2989.60 MB free, 16068.70 MB total
[2026-05-13T03:17:10.2719540-07:00] [pid=18624] [2026.05.13-10.17.10:271][  0]LogMemory: Virtual Memory: 134206776.00 MB used,  10948.38 MB free, 134217728.00 MB total
[2026-05-13T03:17:10.2749544-07:00] [pid=18624] [2026.05.13-10.17.10:274][  0]LogUObjectArray: 363 objects as part of root set at end of initial load.
[2026-05-13T03:17:10.2749544-07:00] [pid=18624] [2026.05.13-10.17.10:274][  0]LogUObjectArray: 0 objects are not in the root set, but can never be destroyed because they are in the DisregardForGC set.
[2026-05-13T03:17:10.2749544-07:00] [pid=18624] [2026.05.13-10.17.10:274][  0]LogUObjectAllocator: 53496 out of 0 bytes used by permanent object pool.
[2026-05-13T03:17:10.2749544-07:00] [pid=18624] [2026.05.13-10.17.10:274][  0]LogUObjectArray: CloseDisregardForGC: 363/363 objects in disregard for GC pool
[2026-05-13T03:17:10.2749544-07:00] [pid=18624] [2026.05.13-10.17.10:274][  0]LogInit: Using OS detected language (en-US).
[2026-05-13T03:17:10.2764584-07:00] [pid=18624] [2026.05.13-10.17.10:274][  0]LogInit: Using OS detected locale (en-US).
[2026-05-13T03:17:10.2764584-07:00] [pid=18624] [2026.05.13-10.17.10:276][  0]LogTextLocalizationManager: No specific localization for 'en-US' exists, so the 'en' localization will be used.
[2026-05-13T03:17:10.2909948-07:00] [pid=18624] [2026.05.13-10.17.10:290][  0]LogInit: Using OS detected language (en-US).
[2026-05-13T03:17:10.2909948-07:00] [pid=18624] [2026.05.13-10.17.10:290][  0]LogInit: Using OS detected locale (en-US).
[2026-05-13T03:17:10.2909948-07:00] [pid=18624] [2026.05.13-10.17.10:290][  0]LogTextLocalizationManager: No localization for 'en-US' exists, so 'en' will be used for the language.
[2026-05-13T03:17:10.2909948-07:00] [pid=18624] [2026.05.13-10.17.10:290][  0]LogTextLocalizationManager: No localization for 'en-US' exists, so 'en' will be used for the locale.
[2026-05-13T03:17:10.2919947-07:00] [pid=18624] [2026.05.13-10.17.10:291][  0]LogTextLocalizationManager: Compacting localization data took   0.01ms
[2026-05-13T03:17:10.2919947-07:00] [pid=18624] [2026.05.13-10.17.10:291][  0]LogPackageLocalizationCache: Processed 2 localized package path(s) for 1 prioritized culture(s) in 0.000078 seconds
[2026-05-13T03:17:10.2919947-07:00] [pid=18624] [2026.05.13-10.17.10:291][  0]CrashReportClientDiagnosticLog: CRC/Load
[2026-05-13T03:17:10.2935002-07:00] [pid=18624] [2026.05.13-10.17.10:293][  0]CrashReportClientDiagnosticLog: CRC/Config
[2026-05-13T03:17:10.2935002-07:00] [pid=18624] [2026.05.13-10.17.10:293][  0]CrashReportCoreLog: CrashReportClientVersion=1.0
[2026-05-13T03:17:10.2935002-07:00] [pid=18624] [2026.05.13-10.17.10:293][  0]CrashReportCoreLog: CrashReportReceiver disabled
[2026-05-13T03:17:10.2935002-07:00] [pid=18624] [2026.05.13-10.17.10:293][  0]CrashReportCoreLog: DataRouterUrl: https://datarouter.ol.epicgames.com/datarouter/api/v1/public/data
[2026-05-13T03:17:10.2945058-07:00] [pid=18624] [2026.05.13-10.17.10:294][  0]LogCrashDebugHelper: DepotName: //UE4/Release-4.27
[2026-05-13T03:17:10.2945058-07:00] [pid=18624] [2026.05.13-10.17.10:294][  0]LogCrashDebugHelper: BuiltFromCL: 18319896
[2026-05-13T03:17:10.2945058-07:00] [pid=18624] [2026.05.13-10.17.10:294][  0]LogCrashDebugHelper: EngineVersion: 4.27.2-18319896+++UE4+Release-4.27
[2026-05-13T03:17:10.2945058-07:00] [pid=18624] [2026.05.13-10.17.10:294][  0]LogCrashDebugHelper: BuildVersion: ++UE4+Release-4.27-CL-18319896
[2026-05-13T03:17:10.2955070-07:00] [pid=18624] [2026.05.13-10.17.10:295][  0]CrashReportClientDiagnosticLog: Monitor/Start:18624
[2026-05-13T03:17:10.2965049-07:00] [pid=18624] [2026.05.13-10.17.10:296][  0]CrashReportClientDiagnosticLog: OpenProcess/Done
[2026-05-13T03:17:10.6511984-07:00] [pid=12520] Looking for binary: ../../../../../../Users/kapil/OneDrive/Documents/Unreal Projects/testTP/Config/BinaryConfig.ini
[2026-05-13T03:17:10.6522041-07:00] [pid=12520] LogWindows: Failed to load 'aqProf.dll' (GetLastError=126)
[2026-05-13T03:17:10.6532028-07:00] [pid=12520] LogWindows: File 'aqProf.dll' does not exist
[2026-05-13T03:17:10.6532028-07:00] [pid=12520] LogWindows: Failed to load 'VtuneApi.dll' (GetLastError=126)
[2026-05-13T03:17:10.6532028-07:00] [pid=12520] LogWindows: File 'VtuneApi.dll' does not exist
[2026-05-13T03:17:10.6532028-07:00] [pid=12520] LogWindows: Failed to load 'VtuneApi32e.dll' (GetLastError=126)
[2026-05-13T03:17:10.6532028-07:00] [pid=12520] LogWindows: File 'VtuneApi32e.dll' does not exist
[2026-05-13T03:17:10.6532028-07:00] [pid=12520] LogConsoleResponse: Display: Failed to find resolution value strings in scalability ini. Falling back to default.
[2026-05-13T03:17:10.6532028-07:00] [pid=12520] LogConsoleResponse: Display: Failed to find resolution value strings in scalability ini. Falling back to default.
[2026-05-13T03:17:10.6532028-07:00] [pid=12520] LogInit: Display: Running engine for game: testTP
[2026-05-13T03:17:10.6532028-07:00] [pid=12520] LogPlatformFile: Not using cached read wrapper
[2026-05-13T03:17:10.6532028-07:00] [pid=12520] LogTaskGraph: Started task graph with 5 named threads and 59 total threads with 3 sets of task threads.
[2026-05-13T03:17:10.6532028-07:00] [pid=12520] LogStats: Stats thread started at 0.232096
[2026-05-13T03:17:10.6532028-07:00] [pid=12520] LogICUInternationalization: ICU TimeZone Detection - Raw Offset: -8:00, Platform Override: ''
[2026-05-13T03:17:10.6532028-07:00] [pid=12520] LogInit: Display: Loading text-based GConfig....
[2026-05-13T03:17:10.7053664-07:00] [pid=12520] LogPluginManager: Mounting plugin MeshPainting
[2026-05-13T03:17:10.7053664-07:00] [pid=12520] LogPluginManager: Mounting plugin XGEController
[2026-05-13T03:17:10.7068801-07:00] [pid=12520] LogPluginManager: Mounting plugin EnvironmentQueryEditor
[2026-05-13T03:17:10.7068801-07:00] [pid=12520] LogPluginManager: Mounting plugin Paper2D
[2026-05-13T03:17:10.7078979-07:00] [pid=12520] LogPluginManager: Mounting plugin AISupport
[2026-05-13T03:17:10.7078979-07:00] [pid=12520] LogPluginManager: Mounting plugin GameplayCameras
[2026-05-13T03:17:10.7094072-07:00] [pid=12520] LogPluginManager: Mounting plugin OodleData
[2026-05-13T03:17:10.7094072-07:00] [pid=12520] LogPluginManager: Mounting plugin LiveLink
[2026-05-13T03:17:10.7104142-07:00] [pid=12520] LogPluginManager: Mounting plugin OodleNetwork
[2026-05-13T03:17:10.7114139-07:00] [pid=12520] LogPluginManager: Mounting plugin AnimationSharing
[2026-05-13T03:17:10.7124166-07:00] [pid=12520] LogPluginManager: Mounting plugin CLionSourceCodeAccess
[2026-05-13T03:17:10.7124166-07:00] [pid=12520] LogPluginManager: Mounting plugin LightPropagationVolume
[2026-05-13T03:17:10.7134240-07:00] [pid=12520] LogPluginManager: Mounting plugin CameraShakePreviewer
[2026-05-13T03:17:10.7134240-07:00] [pid=12520] LogPluginManager: Mounting plugin GitSourceControl
[2026-05-13T03:17:10.7144171-07:00] [pid=12520] LogPluginManager: Mounting plugin NullSourceCodeAccess
[2026-05-13T03:17:10.7154165-07:00] [pid=12520] LogPluginManager: Mounting plugin CodeLiteSourceCodeAccess
[2026-05-13T03:17:10.7154165-07:00] [pid=12520] LogPluginManager: Mounting plugin PlasticSourceControl
[2026-05-13T03:17:10.7164242-07:00] [pid=12520] LogPluginManager: Mounting plugin TextureFormatOodle
[2026-05-13T03:17:10.7164242-07:00] [pid=12520] LogPluginManager: Mounting plugin KDevelopSourceCodeAccess
[2026-05-13T03:17:10.7174288-07:00] [pid=12520] LogPluginManager: Mounting plugin PluginUtils
[2026-05-13T03:17:10.7174288-07:00] [pid=12520] LogPluginManager: Mounting plugin PropertyAccessNode
[2026-05-13T03:17:10.7184362-07:00] [pid=12520] LogPluginManager: Mounting plugin VisualStudioSourceCodeAccess
[2026-05-13T03:17:10.7194362-07:00] [pid=12520] LogPluginManager: Mounting plugin UObjectPlugin
[2026-05-13T03:17:10.7199469-07:00] [pid=12520] LogPluginManager: Mounting plugin SubversionSourceControl
[2026-05-13T03:17:10.7199469-07:00] [pid=12520] LogPluginManager: Mounting plugin PerforceSourceControl
[2026-05-13T03:17:10.7209607-07:00] [pid=12520] LogPluginManager: Mounting plugin XCodeSourceCodeAccess
[2026-05-13T03:17:10.7209607-07:00] [pid=12520] LogPluginManager: Mounting plugin RiderSourceCodeAccess
[2026-05-13T03:17:10.7219667-07:00] [pid=12520] LogPluginManager: Mounting plugin PixWinPlugin
[2026-05-13T03:17:10.7229666-07:00] [pid=12520] LogPluginManager: Mounting plugin DatasmithContent
[2026-05-13T03:17:10.7229666-07:00] [pid=12520] LogPluginManager: Mounting plugin VisualStudioCodeSourceCodeAccess
[2026-05-13T03:17:10.7239658-07:00] [pid=12520] LogPluginManager: Mounting plugin AssetManagerEditor
[2026-05-13T03:17:10.7239658-07:00] [pid=12520] LogPluginManager: Mounting plugin AutomationUtils
[2026-05-13T03:17:10.7249658-07:00] [pid=12520] LogPluginManager: Mounting plugin ChaosCloth
[2026-05-13T03:17:10.7249658-07:00] [pid=12520] LogPluginManager: Mounting plugin VariantManagerContent
[2026-05-13T03:17:10.7264688-07:00] [pid=12520] LogPluginManager: Mounting plugin ChaosNiagara
[2026-05-13T03:17:10.7274820-07:00] [pid=12520] LogPluginManager: Mounting plugin ChaosClothEditor
[2026-05-13T03:17:10.7274820-07:00] [pid=12520] LogPluginManager: Mounting plugin ChaosSolverPlugin
[2026-05-13T03:17:10.7284738-07:00] [pid=12520] LogPluginManager: Mounting plugin CurveEditorTools
[2026-05-13T03:17:10.7294741-07:00] [pid=12520] LogPluginManager: Mounting plugin DataValidation
[2026-05-13T03:17:10.7299835-07:00] [pid=12520] LogPluginManager: Mounting plugin FacialAnimation
[2026-05-13T03:17:10.7299835-07:00] [pid=12520] LogPluginManager: Mounting plugin BackChannel
[2026-05-13T03:17:10.7309915-07:00] [pid=12520] LogPluginManager: Mounting plugin AlembicImporter
[2026-05-13T03:17:10.7309915-07:00] [pid=12520] LogPluginManager: Mounting plugin GeometryMode
[2026-05-13T03:17:10.7309915-07:00] [pid=12520] LogPluginManager: Mounting plugin CharacterAI
[2026-05-13T03:17:10.7324939-07:00] [pid=12520] LogPluginManager: Mounting plugin CryptoKeys
[2026-05-13T03:17:10.7331819-07:00] [pid=12520] LogPluginManager: Mounting plugin MaterialAnalyzer
[2026-05-13T03:17:10.7337403-07:00] [pid=12520] LogPluginManager: Mounting plugin GameplayTagsEditor
[2026-05-13T03:17:10.7343107-07:00] [pid=12520] LogPluginManager: Mounting plugin MobileLauncherProfileWizard
[2026-05-13T03:17:10.7348337-07:00] [pid=12520] LogPluginManager: Mounting plugin ChaosEditor
[2026-05-13T03:17:10.7354490-07:00] [pid=12520] LogPluginManager: Mounting plugin SpeedTreeImporter
[2026-05-13T03:17:10.7359702-07:00] [pid=12520] LogPluginManager: Mounting plugin MacGraphicsSwitching
[2026-05-13T03:17:10.7365082-07:00] [pid=12520] LogPluginManager: Mounting plugin GeometryCollectionPlugin
[2026-05-13T03:17:10.7377346-07:00] [pid=12520] LogPluginManager: Mounting plugin GeometryCache
[2026-05-13T03:17:10.7382637-07:00] [pid=12520] LogPluginManager: Mounting plugin GeometryProcessing
[2026-05-13T03:17:10.7388472-07:00] [pid=12520] LogPluginManager: Mounting plugin PluginBrowser
[2026-05-13T03:17:10.7388472-07:00] [pid=12520] LogPluginManager: Mounting plugin OpenImageDenoise
[2026-05-13T03:17:10.7398510-07:00] [pid=12520] LogPluginManager: Mounting plugin PlanarCut
[2026-05-13T03:17:10.7403539-07:00] [pid=12520] LogPluginManager: Mounting plugin PlatformCrypto
[2026-05-13T03:17:10.7409095-07:00] [pid=12520] LogPluginManager: Mounting plugin MotoSynth
[2026-05-13T03:17:10.7420077-07:00] [pid=12520] LogPluginManager: Mounting plugin PythonScriptPlugin
[2026-05-13T03:17:10.7431368-07:00] [pid=12520] LogPluginManager: Mounting plugin ProxyLODPlugin
[2026-05-13T03:17:10.7437220-07:00] [pid=12520] LogPluginManager: Mounting plugin SkeletalReduction
[2026-05-13T03:17:10.7443938-07:00] [pid=12520] LogPluginManager: Mounting plugin AvfMedia
[2026-05-13T03:17:10.7443938-07:00] [pid=12520] LogPluginManager: Mounting plugin Niagara
[2026-05-13T03:17:10.7453975-07:00] [pid=12520] LogPluginManager: Mounting plugin MediaCompositing
[2026-05-13T03:17:10.7453975-07:00] [pid=12520] LogPluginManager: Mounting plugin AndroidMedia
[2026-05-13T03:17:10.7469016-07:00] [pid=12520] LogPluginManager: Mounting plugin ImgMedia
[2026-05-13T03:17:10.7469016-07:00] [pid=12520] LogPluginManager: Mounting plugin WmfMedia
[2026-05-13T03:17:10.7479084-07:00] [pid=12520] LogPluginManager: Mounting plugin ActorSequence
[2026-05-13T03:17:10.7479084-07:00] [pid=12520] LogPluginManager: Mounting plugin LevelSequenceEditor
[2026-05-13T03:17:10.7494120-07:00] [pid=12520] LogPluginManager: Mounting plugin WebMMedia
[2026-05-13T03:17:10.7494120-07:00] [pid=12520] LogPluginManager: Mounting plugin MediaPlayerEditor
[2026-05-13T03:17:10.7504166-07:00] [pid=12520] LogPluginManager: Mounting plugin MatineeToLevelSequence
[2026-05-13T03:17:10.7514166-07:00] [pid=12520] LogPluginManager: Mounting plugin TemplateSequence
[2026-05-13T03:17:10.7514166-07:00] [pid=12520] LogPluginManager: Mounting plugin OnlineSubsystem
[2026-05-13T03:17:10.7524209-07:00] [pid=12520] LogPluginManager: Mounting plugin OnlineSubsystemNull
[2026-05-13T03:17:10.7534212-07:00] [pid=12520] LogPluginManager: Mounting plugin OnlineSubsystemUtils
[2026-05-13T03:17:10.7534212-07:00] [pid=12520] LogPluginManager: Mounting plugin LuminPlatformFeatures
[2026-05-13T03:17:10.7544213-07:00] [pid=12520] LogPluginManager: Mounting plugin TcpMessaging
[2026-05-13T03:17:10.7554206-07:00] [pid=12520] LogPluginManager: Mounting plugin MagicLeap
[2026-05-13T03:17:10.7564218-07:00] [pid=12520] LogPluginManager: Mounting plugin MagicLeapMedia
[2026-05-13T03:17:10.7574270-07:00] [pid=12520] LogPluginManager: Mounting plugin MagicLeapLightEstimation
[2026-05-13T03:17:10.7584268-07:00] [pid=12520] LogPluginManager: Mounting plugin MLSDK
[2026-05-13T03:17:10.7584268-07:00] [pid=12520] LogPluginManager: Mounting plugin AndroidMoviePlayer
[2026-05-13T03:17:10.7599304-07:00] [pid=12520] LogPluginManager: Mounting plugin UdpMessaging
[2026-05-13T03:17:10.7599304-07:00] [pid=12520] LogPluginManager: Mounting plugin LauncherChunkInstaller
[2026-05-13T03:17:10.7609352-07:00] [pid=12520] LogPluginManager: Mounting plugin AndroidDeviceProfileSelector
[2026-05-13T03:17:10.7619390-07:00] [pid=12520] LogPluginManager: Mounting plugin ActorLayerUtilities
[2026-05-13T03:17:10.7619390-07:00] [pid=12520] LogPluginManager: Mounting plugin AndroidPermission
[2026-05-13T03:17:10.7629392-07:00] [pid=12520] LogPluginManager: Mounting plugin AppleImageUtils
[2026-05-13T03:17:10.7639389-07:00] [pid=12520] LogPluginManager: Mounting plugin AssetTags
[2026-05-13T03:17:10.7639389-07:00] [pid=12520] LogPluginManager: Mounting plugin AppleMoviePlayer
[2026-05-13T03:17:10.7649392-07:00] [pid=12520] LogPluginManager: Mounting plugin AudioCapture
[2026-05-13T03:17:10.7649392-07:00] [pid=12520] LogPluginManager: Mounting plugin ChunkDownloader
[2026-05-13T03:17:10.7664431-07:00] [pid=12520] LogPluginManager: Mounting plugin CustomMeshComponent
[2026-05-13T03:17:10.7664431-07:00] [pid=12520] LogPluginManager: Mounting plugin MagicLeapPassableWorld
[2026-05-13T03:17:10.7684507-07:00] [pid=12520] LogPluginManager: Mounting plugin CableComponent
[2026-05-13T03:17:10.7699521-07:00] [pid=12520] LogPluginManager: Mounting plugin AudioSynesthesia
[2026-05-13T03:17:10.7709565-07:00] [pid=12520] LogPluginManager: Mounting plugin EditableMesh
[2026-05-13T03:17:10.7709565-07:00] [pid=12520] LogPluginManager: Mounting plugin ExampleDeviceProfileSelector
[2026-05-13T03:17:10.7719612-07:00] [pid=12520] LogPluginManager: Mounting plugin GooglePAD
[2026-05-13T03:17:10.7729610-07:00] [pid=12520] LogPluginManager: Mounting plugin IOSDeviceProfileSelector
[2026-05-13T03:17:10.7739600-07:00] [pid=12520] LogPluginManager: Mounting plugin LinuxDeviceProfileSelector
[2026-05-13T03:17:10.7749619-07:00] [pid=12520] LogPluginManager: Mounting plugin GoogleCloudMessaging
[2026-05-13T03:17:10.7749619-07:00] [pid=12520] LogPluginManager: Mounting plugin ArchVisCharacter
[2026-05-13T03:17:10.7764662-07:00] [pid=12520] LogPluginManager: Mounting plugin LocationServicesBPLibrary
[2026-05-13T03:17:10.7774737-07:00] [pid=12520] LogPluginManager: Mounting plugin MobilePatchingUtils
[2026-05-13T03:17:10.7784736-07:00] [pid=12520] LogPluginManager: Mounting plugin OpenXREyeTracker
[2026-05-13T03:17:10.7799770-07:00] [pid=12520] LogPluginManager: Mounting plugin OpenXR
[2026-05-13T03:17:10.7799770-07:00] [pid=12520] LogPluginManager: Mounting plugin PostSplashScreen
[2026-05-13T03:17:10.7819853-07:00] [pid=12520] LogPluginManager: Mounting plugin ProceduralMeshComponent
[2026-05-13T03:17:10.7829862-07:00] [pid=12520] LogPluginManager: Mounting plugin ScreenshotTools
[2026-05-13T03:17:10.7829862-07:00] [pid=12520] LogPluginManager: Mounting plugin PropertyAccessEditor
[2026-05-13T03:17:10.7839845-07:00] [pid=12520] LogPluginManager: Mounting plugin RuntimePhysXCooking
[2026-05-13T03:17:10.7849848-07:00] [pid=12520] LogPluginManager: Mounting plugin SoundFields
[2026-05-13T03:17:10.7849848-07:00] [pid=12520] LogPluginManager: Mounting plugin SignificanceManager
[2026-05-13T03:17:10.7864893-07:00] [pid=12520] LogPluginManager: Mounting plugin Synthesis
[2026-05-13T03:17:10.7874960-07:00] [pid=12520] LogPluginManager: Mounting plugin WindowsMoviePlayer
[2026-05-13T03:17:10.7884961-07:00] [pid=12520] LogPluginManager: Mounting plugin WebMMoviePlayer
[2026-05-13T03:17:10.7894963-07:00] [pid=12520] LogPluginManager: Mounting plugin PhysXVehicles
[2026-05-13T03:17:10.7910057-07:00] [pid=12520] LogPluginManager: Mounting plugin Takes
[2026-05-13T03:17:10.7910057-07:00] [pid=12520] LogPluginManager: Mounting plugin OpenXRHandTracking
[2026-05-13T03:17:10.7920047-07:00] [pid=12520] LogPluginManager: Mounting plugin ContentBrowserAssetDataSource
[2026-05-13T03:17:10.7930050-07:00] [pid=12520] LogPluginManager: Mounting plugin ContentBrowserFileDataSource
[2026-05-13T03:17:10.7940047-07:00] [pid=12520] LogPluginManager: Mounting plugin ContentBrowserClassDataSource
[2026-05-13T03:17:10.7945081-07:00] [pid=12520] LogPluginManager: Mounting plugin OnlineSubsystemIOS
[2026-05-13T03:17:10.7955128-07:00] [pid=12520] LogPluginManager: Mounting plugin OnlineSubsystemGooglePlay
[2026-05-13T03:17:10.7955128-07:00] [pid=12520] LogPluginManager: Mounting plugin OculusVR
[2026-05-13T03:17:10.7975174-07:00] [pid=12520] LogPluginManager: Mounting plugin SteamVR
[2026-05-13T03:17:10.7975174-07:00] [pid=12520] LogPluginManager: Mounting plugin Wwise
[2026-05-13T03:17:10.8632082-07:00] [pid=12520] PixWinPlugin: PIX capture plugin failed to initialize! Check that the process is launched from PIX.
[2026-05-13T03:17:10.9133600-07:00] [pid=12520] LogInit: Using libcurl 7.55.1-DEV
[2026-05-13T03:17:10.9133600-07:00] [pid=12520] LogInit:  - built for x86_64-pc-win32
[2026-05-13T03:17:10.9133600-07:00] [pid=12520] LogInit:  - supports SSL with OpenSSL/1.1.1
[2026-05-13T03:17:10.9133600-07:00] [pid=12520] LogInit:  - supports HTTP deflate (compression) using libz 1.2.8
[2026-05-13T03:17:10.9133600-07:00] [pid=12520] LogInit:  - other features:
[2026-05-13T03:17:10.9133600-07:00] [pid=12520] LogInit:      CURL_VERSION_SSL
[2026-05-13T03:17:10.9133600-07:00] [pid=12520] LogInit:      CURL_VERSION_LIBZ
[2026-05-13T03:17:10.9133600-07:00] [pid=12520] LogInit:      CURL_VERSION_IPV6
[2026-05-13T03:17:10.9133600-07:00] [pid=12520] LogInit:      CURL_VERSION_ASYNCHDNS
[2026-05-13T03:17:10.9143596-07:00] [pid=12520] LogInit:      CURL_VERSION_LARGEFILE
[2026-05-13T03:17:10.9143596-07:00] [pid=12520] LogInit:      CURL_VERSION_IDN
[2026-05-13T03:17:10.9143596-07:00] [pid=12520] LogInit:  CurlRequestOptions (configurable via config and command line):
[2026-05-13T03:17:10.9143596-07:00] [pid=12520] LogInit:  - bVerifyPeer = true  - Libcurl will verify peer certificate
[2026-05-13T03:17:10.9143596-07:00] [pid=12520] LogInit:  - bUseHttpProxy = false  - Libcurl will NOT use HTTP proxy
[2026-05-13T03:17:10.9143596-07:00] [pid=12520] LogInit:  - bDontReuseConnections = false  - Libcurl will reuse connections
[2026-05-13T03:17:10.9143596-07:00] [pid=12520] LogInit:  - MaxHostConnections = 16  - Libcurl will limit the number of connections to a host
[2026-05-13T03:17:10.9143596-07:00] [pid=12520] LogInit:  - LocalHostAddr = Default
[2026-05-13T03:17:10.9143596-07:00] [pid=12520] LogInit:  - BufferSize = 65536
[2026-05-13T03:17:10.9419377-07:00] [pid=12520] LogOnline: OSS: Creating online subsystem instance for: NULL
[2026-05-13T03:17:10.9429373-07:00] [pid=12520] LogInit: WinSock: version 1.1 (2.2), MaxSocks=32767, MaxUdp=65467
[2026-05-13T03:17:10.9439379-07:00] [pid=12520] LogOnline: OSS: TryLoadSubsystemAndSetDefault: Loaded subsystem for module [NULL]
[2026-05-13T03:17:11.0311922-07:00] [pid=12520] LogOculusPluginWrapper: OculusPlugin initialized successfully
[2026-05-13T03:17:11.0321971-07:00] [pid=12520] [OVRPlugin][ERROR] 
[2026-05-13T03:17:11.0321971-07:00] [pid=12520] ovr_Initialize failed: Unable to load LibOVRRT DLL
 (software\oculussdk\integrations\ovrplugin\main\src\util\compositorcapi.cpp:78)
[2026-05-13T03:17:11.0321971-07:00] [pid=12520] 
[2026-05-13T03:17:11.0321971-07:00] [pid=12520] LogHMD: Failed initializing OVRPlugin 1.59.0
[2026-05-13T03:17:11.0321971-07:00] [pid=12520] LogInit: Build: ++UE4+Release-4.27-CL-18319896
[2026-05-13T03:17:11.0321971-07:00] [pid=12520] LogInit: Engine Version: 4.27.2-18319896+++UE4+Release-4.27
[2026-05-13T03:17:11.0321971-07:00] [pid=12520] LogInit: Compatible Engine Version: 4.27.0-17155196+++UE4+Release-4.27
[2026-05-13T03:17:11.0321971-07:00] [pid=12520] LogInit: Net CL: 17155196
[2026-05-13T03:17:11.0321971-07:00] [pid=12520] LogInit: OS: Windows 10 (Release 2009) (), CPU: 13th Gen Intel(R) Core(TM) i7-13650HX, GPU: Intel(R) UHD Graphics
[2026-05-13T03:17:11.0331973-07:00] [pid=12520] LogInit: Compiled (64-bit): Nov 30 2021 07:12:08
[2026-05-13T03:17:11.0331973-07:00] [pid=12520] LogInit: Compiled with Visual C++: 19.24.28315.00
[2026-05-13T03:17:11.0331973-07:00] [pid=12520] LogInit: Build Configuration: Development
[2026-05-13T03:17:11.0331973-07:00] [pid=12520] LogInit: Branch Name: ++UE4+Release-4.27
[2026-05-13T03:17:11.0331973-07:00] [pid=12520] LogInit: Command Line:  /Game/ThirdPersonBP/Maps/ThirdPersonExampleMap -game -RenderOffscreen -unattended -nopause -NoSplash -abslog=C:\Users\kapil\AppData\Local\Temp\immerse_editor_20260513-031700.log
[2026-05-13T03:17:11.0331973-07:00] [pid=12520] LogInit: Base Directory: C:/Program Files/Epic Games/UE_4.27/Engine/Binaries/Win64/
[2026-05-13T03:17:11.0331973-07:00] [pid=12520] LogInit: Allocator: TBB
[2026-05-13T03:17:11.0331973-07:00] [pid=12520] LogInit: Installed Engine Build: 1
[2026-05-13T03:17:11.0331973-07:00] [pid=12520] LogDevObjectVersion: Number of dev versions registered: 29
[2026-05-13T03:17:11.0331973-07:00] [pid=12520] LogDevObjectVersion:   Dev-Blueprints (B0D832E4-1F89-4F0D-ACCF-7EB736FD4AA2): 10
[2026-05-13T03:17:11.0331973-07:00] [pid=12520] LogDevObjectVersion:   Dev-Build (E1C64328-A22C-4D53-A36C-8E866417BD8C): 0
[2026-05-13T03:17:11.0331973-07:00] [pid=12520] LogDevObjectVersion:   Dev-Core (375EC13C-06E4-48FB-B500-84F0262A717E): 4
[2026-05-13T03:17:11.0331973-07:00] [pid=12520] LogDevObjectVersion:   Dev-Editor (E4B068ED-F494-42E9-A231-DA0B2E46BB41): 40
[2026-05-13T03:17:11.0331973-07:00] [pid=12520] LogDevObjectVersion:   Dev-Framework (CFFC743F-43B0-4480-9391-14DF171D2073): 37
[2026-05-13T03:17:11.0341974-07:00] [pid=12520] LogDevObjectVersion:   Dev-Mobile (B02B49B5-BB20-44E9-A304-32B752E40360): 3
[2026-05-13T03:17:11.0341974-07:00] [pid=12520] LogDevObjectVersion:   Dev-Networking (A4E4105C-59A1-49B5-A7C5-40C4547EDFEE): 0
[2026-05-13T03:17:11.0341974-07:00] [pid=12520] LogDevObjectVersion:   Dev-Online (39C831C9-5AE6-47DC-9A44-9C173E1C8E7C): 0
[2026-05-13T03:17:11.0341974-07:00] [pid=12520] LogDevObjectVersion:   Dev-Physics (78F01B33-EBEA-4F98-B9B4-84EACCB95AA2): 14
[2026-05-13T03:17:11.0341974-07:00] [pid=12520] LogDevObjectVersion:   Dev-Platform (6631380F-2D4D-43E0-8009-CF276956A95A): 0
[2026-05-13T03:17:11.0341974-07:00] [pid=12520] LogDevObjectVersion:   Dev-Rendering (12F88B9F-8875-4AFC-A67C-D90C383ABD29): 45
[2026-05-13T03:17:11.0341974-07:00] [pid=12520] LogDevObjectVersion:   Dev-Sequencer (7B5AE74C-D270-4C10-A958-57980B212A5A): 13
[2026-05-13T03:17:11.0341974-07:00] [pid=12520] LogDevObjectVersion:   Dev-VR (D7296918-1DD6-4BDD-9DE2-64A83CC13884): 3
[2026-05-13T03:17:11.0341974-07:00] [pid=12520] LogDevObjectVersion:   Dev-LoadTimes (C2A15278-BFE7-4AFE-6C17-90FF531DF755): 1
[2026-05-13T03:17:11.0351965-07:00] [pid=12520] LogDevObjectVersion:   Private-Geometry (6EACA3D4-40EC-4CC1-B786-8BED09428FC5): 3
[2026-05-13T03:17:11.0351965-07:00] [pid=12520] LogDevObjectVersion:   Dev-AnimPhys (29E575DD-E0A3-4627-9D10-D276232CDCEA): 17
[2026-05-13T03:17:11.0351965-07:00] [pid=12520] LogDevObjectVersion:   Dev-Anim (AF43A65D-7FD3-4947-9873-3E8ED9C1BB05): 15
[2026-05-13T03:17:11.0351965-07:00] [pid=12520] LogDevObjectVersion:   Dev-ReflectionCapture (6B266CEC-1EC7-4B8F-A30B-E4D90942FC07): 1
[2026-05-13T03:17:11.0351965-07:00] [pid=12520] LogDevObjectVersion:   Dev-Automation (0DF73D61-A23F-47EA-B727-89E90C41499A): 1
[2026-05-13T03:17:11.0351965-07:00] [pid=12520] LogDevObjectVersion:   FortniteMain (601D1886-AC64-4F84-AA16-D3DE0DEAC7D6): 47
[2026-05-13T03:17:11.0351965-07:00] [pid=12520] LogDevObjectVersion:   FortniteRelease (E7086368-6B23-4C58-8439-1B7016265E91): 1
[2026-05-13T03:17:11.0351965-07:00] [pid=12520] LogDevObjectVersion:   Dev-Enterprise (9DFFBCD6-494F-0158-E221-12823C92A888): 10
[2026-05-13T03:17:11.0351965-07:00] [pid=12520] LogDevObjectVersion:   Dev-Niagara (F2AED0AC-9AFE-416F-8664-AA7FFA26D6FC): 1
[2026-05-13T03:17:11.0351965-07:00] [pid=12520] LogDevObjectVersion:   Dev-Destruction (174F1F0B-B4C6-45A5-B13F-2EE8D0FB917D): 10
[2026-05-13T03:17:11.0351965-07:00] [pid=12520] LogDevObjectVersion:   Dev-Physics-Ext (35F94A83-E258-406C-A318-09F59610247C): 41
[2026-05-13T03:17:11.0351965-07:00] [pid=12520] LogDevObjectVersion:   Dev-PhysicsMaterial-Chaos (B68FC16E-8B1B-42E2-B453-215C058844FE): 1
[2026-05-13T03:17:11.0351965-07:00] [pid=12520] LogDevObjectVersion:   Dev-CineCamera (B2E18506-4273-CFC2-A54E-F4BB758BBA07): 1
[2026-05-13T03:17:11.0351965-07:00] [pid=12520] LogDevObjectVersion:   Dev-VirtualProduction (64F58936-FD1B-42BA-BA96-7289D5D0FA4E): 1
[2026-05-13T03:17:11.0351965-07:00] [pid=12520] LogDevObjectVersion:   Dev-MediaFramework (6F0ED827-A609-4895-9C91-998D90180EA4): 2
[2026-05-13T03:17:11.0412154-07:00] [pid=12520] LogInit: Presizing for max 25165824 objects, including 0 objects not considered by GC, pre-allocating 0 bytes for permanent pool.
[2026-05-13T03:17:11.0412154-07:00] [pid=12520] LogConfig: Applying CVar settings from Section [/Script/Engine.StreamingSettings] File [C:/Users/kapil/OneDrive/Documents/Unreal Projects/testTP/Saved/Config/Windows/Engine.ini]
[2026-05-13T03:17:11.0412154-07:00] [pid=12520] LogConfig: Setting CVar [[s.MinBulkDataSizeForAsyncLoading:131072]]
[2026-05-13T03:17:11.0412154-07:00] [pid=12520] LogConfig: Setting CVar [[s.AsyncLoadingThreadEnabled:0]]
[2026-05-13T03:17:11.0412154-07:00] [pid=12520] LogConfig: Setting CVar [[s.EventDrivenLoaderEnabled:1]]
[2026-05-13T03:17:11.0422213-07:00] [pid=12520] LogConfig: Setting CVar [[s.WarnIfTimeLimitExceeded:0]]
[2026-05-13T03:17:11.0422213-07:00] [pid=12520] LogConfig: Setting CVar [[s.TimeLimitExceededMultiplier:1.5]]
[2026-05-13T03:17:11.0422213-07:00] [pid=12520] LogConfig: Setting CVar [[s.TimeLimitExceededMinTime:0.005]]
[2026-05-13T03:17:11.0422213-07:00] [pid=12520] LogConfig: Setting CVar [[s.UseBackgroundLevelStreaming:1]]
[2026-05-13T03:17:11.0422213-07:00] [pid=12520] LogConfig: Setting CVar [[s.PriorityAsyncLoadingExtraTime:15.0]]
[2026-05-13T03:17:11.0422213-07:00] [pid=12520] LogConfig: Setting CVar [[s.LevelStreamingActorsUpdateTimeLimit:5.0]]
[2026-05-13T03:17:11.0422213-07:00] [pid=12520] LogConfig: Setting CVar [[s.PriorityLevelStreamingActorsUpdateExtraTime:5.0]]
[2026-05-13T03:17:11.0422213-07:00] [pid=12520] LogConfig: Setting CVar [[s.LevelStreamingComponentsRegistrationGranularity:10]]
[2026-05-13T03:17:11.0422213-07:00] [pid=12520] LogConfig: Setting CVar [[s.UnregisterComponentsTimeLimit:1.0]]
[2026-05-13T03:17:11.0422213-07:00] [pid=12520] LogConfig: Setting CVar [[s.LevelStreamingComponentsUnregistrationGranularity:5]]
[2026-05-13T03:17:11.0422213-07:00] [pid=12520] LogConfig: Setting CVar [[s.FlushStreamingOnExit:1]]
[2026-05-13T03:17:11.0467251-07:00] [pid=12520] LogInit: Object subsystem initialized
[2026-05-13T03:17:11.0477317-07:00] [pid=12520] LogConfig: Setting CVar [[con.DebugEarlyDefault:1]]
[2026-05-13T03:17:11.0477317-07:00] [pid=12520] LogConfig: Setting CVar [[r.setres:1280x720]]
[2026-05-13T03:17:11.0477317-07:00] [pid=12520] [2026.05.13-10.17.11:047][  0]LogConfig: Setting CVar [[con.DebugEarlyDefault:1]]
[2026-05-13T03:17:11.0477317-07:00] [pid=12520] [2026.05.13-10.17.11:047][  0]LogConfig: Setting CVar [[r.setres:1280x720]]
[2026-05-13T03:17:11.0477317-07:00] [pid=12520] [2026.05.13-10.17.11:047][  0]LogConfig: Applying CVar settings from Section [/Script/Engine.RendererSettings] File [C:/Users/kapil/OneDrive/Documents/Unreal Projects/testTP/Saved/Config/Windows/Engine.ini]
[2026-05-13T03:17:11.0477317-07:00] [pid=12520] [2026.05.13-10.17.11:047][  0]LogConfig: Setting CVar [[r.GPUCrashDebugging:0]]
[2026-05-13T03:17:11.0477317-07:00] [pid=12520] [2026.05.13-10.17.11:047][  0]LogConfig: Applying CVar settings from Section [/Script/Engine.RendererOverrideSettings] File [C:/Users/kapil/OneDrive/Documents/Unreal Projects/testTP/Saved/Config/Windows/Engine.ini]
[2026-05-13T03:17:11.0477317-07:00] [pid=12520] [2026.05.13-10.17.11:047][  0]LogConfig: Applying CVar settings from Section [/Script/Engine.StreamingSettings] File [C:/Users/kapil/OneDrive/Documents/Unreal Projects/testTP/Saved/Config/Windows/Engine.ini]
[2026-05-13T03:17:11.0477317-07:00] [pid=12520] [2026.05.13-10.17.11:047][  0]LogConfig: Setting CVar [[s.MinBulkDataSizeForAsyncLoading:131072]]
[2026-05-13T03:17:11.0487317-07:00] [pid=12520] [2026.05.13-10.17.11:047][  0]LogConfig: Setting CVar [[s.AsyncLoadingThreadEnabled:0]]
[2026-05-13T03:17:11.0487317-07:00] [pid=12520] [2026.05.13-10.17.11:047][  0]LogConfig: Setting CVar [[s.EventDrivenLoaderEnabled:1]]
[2026-05-13T03:17:11.0487317-07:00] [pid=12520] [2026.05.13-10.17.11:048][  0]LogConfig: Setting CVar [[s.WarnIfTimeLimitExceeded:0]]
[2026-05-13T03:17:11.0487317-07:00] [pid=12520] [2026.05.13-10.17.11:048][  0]LogConfig: Setting CVar [[s.TimeLimitExceededMultiplier:1.5]]
[2026-05-13T03:17:11.0487317-07:00] [pid=12520] [2026.05.13-10.17.11:048][  0]LogConfig: Setting CVar [[s.TimeLimitExceededMinTime:0.005]]
[2026-05-13T03:17:11.0487317-07:00] [pid=12520] [2026.05.13-10.17.11:048][  0]LogConfig: Setting CVar [[s.UseBackgroundLevelStreaming:1]]
[2026-05-13T03:17:11.0487317-07:00] [pid=12520] [2026.05.13-10.17.11:048][  0]LogConfig: Setting CVar [[s.PriorityAsyncLoadingExtraTime:15.0]]
[2026-05-13T03:17:11.0487317-07:00] [pid=12520] [2026.05.13-10.17.11:048][  0]LogConfig: Setting CVar [[s.LevelStreamingActorsUpdateTimeLimit:5.0]]
[2026-05-13T03:17:11.0487317-07:00] [pid=12520] [2026.05.13-10.17.11:048][  0]LogConfig: Setting CVar [[s.PriorityLevelStreamingActorsUpdateExtraTime:5.0]]
[2026-05-13T03:17:11.0487317-07:00] [pid=12520] [2026.05.13-10.17.11:048][  0]LogConfig: Setting CVar [[s.LevelStreamingComponentsRegistrationGranularity:10]]
[2026-05-13T03:17:11.0487317-07:00] [pid=12520] [2026.05.13-10.17.11:048][  0]LogConfig: Setting CVar [[s.UnregisterComponentsTimeLimit:1.0]]
[2026-05-13T03:17:11.0487317-07:00] [pid=12520] [2026.05.13-10.17.11:048][  0]LogConfig: Setting CVar [[s.LevelStreamingComponentsUnregistrationGranularity:5]]
[2026-05-13T03:17:11.0502367-07:00] [pid=12520] [2026.05.13-10.17.11:048][  0]LogConfig: Setting CVar [[s.FlushStreamingOnExit:1]]
[2026-05-13T03:17:11.0502367-07:00] [pid=12520] [2026.05.13-10.17.11:048][  0]LogConfig: Applying CVar settings from Section [/Script/Engine.GarbageCollectionSettings] File [C:/Users/kapil/OneDrive/Documents/Unreal Projects/testTP/Saved/Config/Windows/Engine.ini]
[2026-05-13T03:17:11.0502367-07:00] [pid=12520] [2026.05.13-10.17.11:050][  0]LogConfig: Setting CVar [[gc.MaxObjectsNotConsideredByGC:1]]
[2026-05-13T03:17:11.0502367-07:00] [pid=12520] [2026.05.13-10.17.11:050][  0]LogConfig: Setting CVar [[gc.SizeOfPermanentObjectPool:0]]
[2026-05-13T03:17:11.0502367-07:00] [pid=12520] [2026.05.13-10.17.11:050][  0]LogConfig: Setting CVar [[gc.FlushStreamingOnGC:0]]
[2026-05-13T03:17:11.0502367-07:00] [pid=12520] [2026.05.13-10.17.11:050][  0]LogConfig: Setting CVar [[gc.NumRetriesBeforeForcingGC:10]]
[2026-05-13T03:17:11.0502367-07:00] [pid=12520] [2026.05.13-10.17.11:050][  0]LogConfig: Setting CVar [[gc.AllowParallelGC:1]]
[2026-05-13T03:17:11.0502367-07:00] [pid=12520] [2026.05.13-10.17.11:050][  0]LogConfig: Setting CVar [[gc.TimeBetweenPurgingPendingKillObjects:61.1]]
[2026-05-13T03:17:11.0502367-07:00] [pid=12520] [2026.05.13-10.17.11:050][  0]LogConfig: Setting CVar [[gc.MaxObjectsInEditor:25165824]]
[2026-05-13T03:17:11.0502367-07:00] [pid=12520] [2026.05.13-10.17.11:050][  0]LogConfig: Setting CVar [[gc.IncrementalBeginDestroyEnabled:1]]
[2026-05-13T03:17:11.0502367-07:00] [pid=12520] [2026.05.13-10.17.11:050][  0]LogConfig: Setting CVar [[gc.CreateGCClusters:1]]
[2026-05-13T03:17:11.0512423-07:00] [pid=12520] [2026.05.13-10.17.11:050][  0]LogConfig: Setting CVar [[gc.MinGCClusterSize:5]]
[2026-05-13T03:17:11.0512423-07:00] [pid=12520] [2026.05.13-10.17.11:051][  0]LogConfig: Setting CVar [[gc.ActorClusteringEnabled:0]]
[2026-05-13T03:17:11.0512423-07:00] [pid=12520] [2026.05.13-10.17.11:051][  0]LogConfig: Setting CVar [[gc.BlueprintClusteringEnabled:0]]
[2026-05-13T03:17:11.0512423-07:00] [pid=12520] [2026.05.13-10.17.11:051][  0]LogConfig: Setting CVar [[gc.UseDisregardForGCOnDedicatedServers:0]]
[2026-05-13T03:17:11.0512423-07:00] [pid=12520] [2026.05.13-10.17.11:051][  0]LogConfig: Setting CVar [[gc.MultithreadedDestructionEnabled:1]]
[2026-05-13T03:17:11.0512423-07:00] [pid=12520] [2026.05.13-10.17.11:051][  0]LogConfig: Applying CVar settings from Section [/Script/Engine.NetworkSettings] File [C:/Users/kapil/OneDrive/Documents/Unreal Projects/testTP/Saved/Config/Windows/Engine.ini]
[2026-05-13T03:17:11.0512423-07:00] [pid=12520] [2026.05.13-10.17.11:051][  0]LogConfig: Applying CVar settings from Section [/Script/UnrealEd.CookerSettings] File [C:/Users/kapil/OneDrive/Documents/Unreal Projects/testTP/Saved/Config/Windows/Engine.ini]
[2026-05-13T03:17:11.0567483-07:00] [pid=12520] [2026.05.13-10.17.11:056][  0]LogConfig: Applying CVar settings from Section [ViewDistanceQuality@3] File [C:/Users/kapil/OneDrive/Documents/Unreal Projects/testTP/Saved/Config/Windows/Scalability.ini]
[2026-05-13T03:17:11.0567483-07:00] [pid=12520] [2026.05.13-10.17.11:056][  0]LogConfig: Setting CVar [[r.SkeletalMeshLODBias:0]]
[2026-05-13T03:17:11.0567483-07:00] [pid=12520] [2026.05.13-10.17.11:056][  0]LogConfig: Setting CVar [[r.ViewDistanceScale:1.0]]
[2026-05-13T03:17:11.0567483-07:00] [pid=12520] [2026.05.13-10.17.11:056][  0]LogConfig: Applying CVar settings from Section [AntiAliasingQuality@3] File [C:/Users/kapil/OneDrive/Documents/Unreal Projects/testTP/Saved/Config/Windows/Scalability.ini]
[2026-05-13T03:17:11.0567483-07:00] [pid=12520] [2026.05.13-10.17.11:056][  0]LogConfig: Setting CVar [[r.PostProcessAAQuality:4]]
[2026-05-13T03:17:11.0567483-07:00] [pid=12520] [2026.05.13-10.17.11:056][  0]LogConfig: Applying CVar settings from Section [ShadowQuality@3] File [C:/Users/kapil/OneDrive/Documents/Unreal Projects/testTP/Saved/Config/Windows/Scalability.ini]
[2026-05-13T03:17:11.0567483-07:00] [pid=12520] [2026.05.13-10.17.11:056][  0]LogConfig: Setting CVar [[r.LightFunctionQuality:1]]
[2026-05-13T03:17:11.0567483-07:00] [pid=12520] [2026.05.13-10.17.11:056][  0]LogConfig: Setting CVar [[r.ShadowQuality:5]]
[2026-05-13T03:17:11.0567483-07:00] [pid=12520] [2026.05.13-10.17.11:056][  0]LogConfig: Setting CVar [[r.Shadow.CSM.MaxCascades:10]]
[2026-05-13T03:17:11.0567483-07:00] [pid=12520] [2026.05.13-10.17.11:056][  0]LogConfig: Setting CVar [[r.Shadow.MaxResolution:2048]]
[2026-05-13T03:17:11.0567483-07:00] [pid=12520] [2026.05.13-10.17.11:056][  0]LogConfig: Setting CVar [[r.Shadow.MaxCSMResolution:2048]]
[2026-05-13T03:17:11.0567483-07:00] [pid=12520] [2026.05.13-10.17.11:056][  0]LogConfig: Setting CVar [[r.Shadow.RadiusThreshold:0.01]]
[2026-05-13T03:17:11.0577533-07:00] [pid=12520] [2026.05.13-10.17.11:056][  0]LogConfig: Setting CVar [[r.Shadow.DistanceScale:1.0]]
[2026-05-13T03:17:11.0577533-07:00] [pid=12520] [2026.05.13-10.17.11:057][  0]LogConfig: Setting CVar [[r.Shadow.CSM.TransitionScale:1.0]]
[2026-05-13T03:17:11.0577533-07:00] [pid=12520] [2026.05.13-10.17.11:057][  0]LogConfig: Setting CVar [[r.Shadow.PreShadowResolutionFactor:1.0]]
[2026-05-13T03:17:11.0577533-07:00] [pid=12520] [2026.05.13-10.17.11:057][  0]LogConfig: Setting CVar [[r.DistanceFieldShadowing:1]]
[2026-05-13T03:17:11.0577533-07:00] [pid=12520] [2026.05.13-10.17.11:057][  0]LogConfig: Setting CVar [[r.DistanceFieldAO:1]]
[2026-05-13T03:17:11.0577533-07:00] [pid=12520] [2026.05.13-10.17.11:057][  0]LogConfig: Setting CVar [[r.AOQuality:2]]
[2026-05-13T03:17:11.0577533-07:00] [pid=12520] [2026.05.13-10.17.11:057][  0]LogConfig: Setting CVar [[r.VolumetricFog:1]]
[2026-05-13T03:17:11.0577533-07:00] [pid=12520] [2026.05.13-10.17.11:057][  0]LogConfig: Setting CVar [[r.VolumetricFog.GridPixelSize:8]]
[2026-05-13T03:17:11.0577533-07:00] [pid=12520] [2026.05.13-10.17.11:057][  0]LogConfig: Setting CVar [[r.VolumetricFog.GridSizeZ:128]]
[2026-05-13T03:17:11.0577533-07:00] [pid=12520] [2026.05.13-10.17.11:057][  0]LogConfig: Setting CVar [[r.VolumetricFog.HistoryMissSupersampleCount:4]]
[2026-05-13T03:17:11.0577533-07:00] [pid=12520] [2026.05.13-10.17.11:057][  0]LogConfig: Setting CVar [[r.LightMaxDrawDistanceScale:1]]
[2026-05-13T03:17:11.0577533-07:00] [pid=12520] [2026.05.13-10.17.11:057][  0]LogConfig: Setting CVar [[r.CapsuleShadows:1]]
[2026-05-13T03:17:11.0577533-07:00] [pid=12520] [2026.05.13-10.17.11:057][  0]LogConfig: Applying CVar settings from Section [PostProcessQuality@3] File [C:/Users/kapil/OneDrive/Documents/Unreal Projects/testTP/Saved/Config/Windows/Scalability.ini]
[2026-05-13T03:17:11.0587551-07:00] [pid=12520] [2026.05.13-10.17.11:057][  0]LogConfig: Setting CVar [[r.MotionBlurQuality:4]]
[2026-05-13T03:17:11.0587551-07:00] [pid=12520] [2026.05.13-10.17.11:057][  0]LogConfig: Setting CVar [[r.AmbientOcclusionMipLevelFactor:0.4]]
[2026-05-13T03:17:11.0587551-07:00] [pid=12520] [2026.05.13-10.17.11:058][  0]LogConfig: Setting CVar [[r.AmbientOcclusionMaxQuality:100]]
[2026-05-13T03:17:11.0587551-07:00] [pid=12520] [2026.05.13-10.17.11:058][  0]LogConfig: Setting CVar [[r.AmbientOcclusionLevels:-1]]
[2026-05-13T03:17:11.0587551-07:00] [pid=12520] [2026.05.13-10.17.11:058][  0]LogConfig: Setting CVar [[r.AmbientOcclusionRadiusScale:1.0]]
[2026-05-13T03:17:11.0587551-07:00] [pid=12520] [2026.05.13-10.17.11:058][  0]LogConfig: Setting CVar [[r.DepthOfFieldQuality:2]]
[2026-05-13T03:17:11.0587551-07:00] [pid=12520] [2026.05.13-10.17.11:058][  0]LogConfig: Setting CVar [[r.RenderTargetPoolMin:400]]
[2026-05-13T03:17:11.0587551-07:00] [pid=12520] [2026.05.13-10.17.11:058][  0]LogConfig: Setting CVar [[r.LensFlareQuality:2]]
[2026-05-13T03:17:11.0587551-07:00] [pid=12520] [2026.05.13-10.17.11:058][  0]LogConfig: Setting CVar [[r.SceneColorFringeQuality:1]]
[2026-05-13T03:17:11.0587551-07:00] [pid=12520] [2026.05.13-10.17.11:058][  0]LogConfig: Setting CVar [[r.EyeAdaptationQuality:2]]
[2026-05-13T03:17:11.0587551-07:00] [pid=12520] [2026.05.13-10.17.11:058][  0]LogConfig: Setting CVar [[r.BloomQuality:5]]
[2026-05-13T03:17:11.0587551-07:00] [pid=12520] [2026.05.13-10.17.11:058][  0]LogConfig: Setting CVar [[r.FastBlurThreshold:100]]
[2026-05-13T03:17:11.0587551-07:00] [pid=12520] [2026.05.13-10.17.11:058][  0]LogConfig: Setting CVar [[r.Upscale.Quality:3]]
[2026-05-13T03:17:11.0587551-07:00] [pid=12520] [2026.05.13-10.17.11:058][  0]LogConfig: Setting CVar [[r.Tonemapper.GrainQuantization:1]]
[2026-05-13T03:17:11.0597544-07:00] [pid=12520] [2026.05.13-10.17.11:058][  0]LogConfig: Setting CVar [[r.LightShaftQuality:1]]
[2026-05-13T03:17:11.0597544-07:00] [pid=12520] [2026.05.13-10.17.11:059][  0]LogConfig: Setting CVar [[r.Filter.SizeScale:1]]
[2026-05-13T03:17:11.0597544-07:00] [pid=12520] [2026.05.13-10.17.11:059][  0]LogConfig: Setting CVar [[r.Tonemapper.Quality:5]]
[2026-05-13T03:17:11.0597544-07:00] [pid=12520] [2026.05.13-10.17.11:059][  0]LogConfig: Setting CVar [[r.DOF.Gather.AccumulatorQuality:1        ; higher gathering accumulator quality]]
[2026-05-13T03:17:11.0597544-07:00] [pid=12520] [2026.05.13-10.17.11:059][  0]LogConfig: Setting CVar [[r.DOF.Gather.PostfilterMethod:1          ; Median3x3 postfilering method]]
[2026-05-13T03:17:11.0597544-07:00] [pid=12520] [2026.05.13-10.17.11:059][  0]LogConfig: Setting CVar [[r.DOF.Gather.EnableBokehSettings:0       ; no bokeh simulation when gathering]]
[2026-05-13T03:17:11.0597544-07:00] [pid=12520] [2026.05.13-10.17.11:059][  0]LogConfig: Setting CVar [[r.DOF.Gather.RingCount:4                 ; medium number of samples when gathering]]
[2026-05-13T03:17:11.0597544-07:00] [pid=12520] [2026.05.13-10.17.11:059][  0]LogConfig: Setting CVar [[r.DOF.Scatter.ForegroundCompositing:1    ; additive foreground scattering]]
[2026-05-13T03:17:11.0597544-07:00] [pid=12520] [2026.05.13-10.17.11:059][  0]LogConfig: Setting CVar [[r.DOF.Scatter.BackgroundCompositing:2    ; additive background scattering]]
[2026-05-13T03:17:11.0602589-07:00] [pid=12520] [2026.05.13-10.17.11:059][  0]LogConfig: Setting CVar [[r.DOF.Scatter.EnableBokehSettings:1      ; bokeh simulation when scattering]]
[2026-05-13T03:17:11.0602589-07:00] [pid=12520] [2026.05.13-10.17.11:060][  0]LogConfig: Setting CVar [[r.DOF.Scatter.MaxSpriteRatio:0.1         ; only a maximum of 10% of scattered bokeh]]
[2026-05-13T03:17:11.0602589-07:00] [pid=12520] [2026.05.13-10.17.11:060][  0]LogConfig: Setting CVar [[r.DOF.Recombine.Quality:1                ; cheap slight out of focus]]
[2026-05-13T03:17:11.0602589-07:00] [pid=12520] [2026.05.13-10.17.11:060][  0]LogConfig: Setting CVar [[r.DOF.Recombine.EnableBokehSettings:0    ; no bokeh simulation on slight out of focus]]
[2026-05-13T03:17:11.0602589-07:00] [pid=12520] [2026.05.13-10.17.11:060][  0]LogConfig: Setting CVar [[r.DOF.TemporalAAQuality:1                ; more stable temporal accumulation]]
[2026-05-13T03:17:11.0602589-07:00] [pid=12520] [2026.05.13-10.17.11:060][  0]LogConfig: Setting CVar [[r.DOF.Kernel.MaxForegroundRadius:0.025]]
[2026-05-13T03:17:11.0602589-07:00] [pid=12520] [2026.05.13-10.17.11:060][  0]LogConfig: Setting CVar [[r.DOF.Kernel.MaxBackgroundRadius:0.025]]
[2026-05-13T03:17:11.0602589-07:00] [pid=12520] [2026.05.13-10.17.11:060][  0]LogConfig: Applying CVar settings from Section [TextureQuality@3] File [C:/Users/kapil/OneDrive/Documents/Unreal Projects/testTP/Saved/Config/Windows/Scalability.ini]
[2026-05-13T03:17:11.0602589-07:00] [pid=12520] [2026.05.13-10.17.11:060][  0]LogConfig: Setting CVar [[r.Streaming.MipBias:0]]
[2026-05-13T03:17:11.0602589-07:00] [pid=12520] [2026.05.13-10.17.11:060][  0]LogConfig: Setting CVar [[r.Streaming.AmortizeCPUToGPUCopy:0]]
[2026-05-13T03:17:11.0602589-07:00] [pid=12520] [2026.05.13-10.17.11:060][  0]LogConfig: Setting CVar [[r.Streaming.MaxNumTexturesToStreamPerFrame:0]]
[2026-05-13T03:17:11.0602589-07:00] [pid=12520] [2026.05.13-10.17.11:060][  0]LogConfig: Setting CVar [[r.Streaming.Boost:1]]
[2026-05-13T03:17:11.0602589-07:00] [pid=12520] [2026.05.13-10.17.11:060][  0]LogConfig: Setting CVar [[r.MaxAnisotropy:8]]
[2026-05-13T03:17:11.0602589-07:00] [pid=12520] [2026.05.13-10.17.11:060][  0]LogConfig: Setting CVar [[r.VT.MaxAnisotropy:8]]
[2026-05-13T03:17:11.0612633-07:00] [pid=12520] [2026.05.13-10.17.11:060][  0]LogConfig: Setting CVar [[r.Streaming.LimitPoolSizeToVRAM:0]]
[2026-05-13T03:17:11.0612633-07:00] [pid=12520] [2026.05.13-10.17.11:061][  0]LogConfig: Setting CVar [[r.Streaming.PoolSize:1000]]
[2026-05-13T03:17:11.0612633-07:00] [pid=12520] [2026.05.13-10.17.11:061][  0]LogConfig: Setting CVar [[r.Streaming.MaxEffectiveScreenSize:0]]
[2026-05-13T03:17:11.0612633-07:00] [pid=12520] [2026.05.13-10.17.11:061][  0]LogConfig: Applying CVar settings from Section [EffectsQuality@3] File [C:/Users/kapil/OneDrive/Documents/Unreal Projects/testTP/Saved/Config/Windows/Scalability.ini]
[2026-05-13T03:17:11.0612633-07:00] [pid=12520] [2026.05.13-10.17.11:061][  0]LogConfig: Setting CVar [[r.TranslucencyLightingVolumeDim:64]]
[2026-05-13T03:17:11.0612633-07:00] [pid=12520] [2026.05.13-10.17.11:061][  0]LogConfig: Setting CVar [[r.RefractionQuality:2]]
[2026-05-13T03:17:11.0612633-07:00] [pid=12520] [2026.05.13-10.17.11:061][  0]LogConfig: Setting CVar [[r.SSR.Quality:3]]
[2026-05-13T03:17:11.0612633-07:00] [pid=12520] [2026.05.13-10.17.11:061][  0]LogConfig: Setting CVar [[r.SSR.HalfResSceneColor:0]]
[2026-05-13T03:17:11.0612633-07:00] [pid=12520] [2026.05.13-10.17.11:061][  0]LogConfig: Setting CVar [[r.SceneColorFormat:4]]
[2026-05-13T03:17:11.0612633-07:00] [pid=12520] [2026.05.13-10.17.11:061][  0]LogConfig: Setting CVar [[r.DetailMode:2]]
[2026-05-13T03:17:11.0612633-07:00] [pid=12520] [2026.05.13-10.17.11:061][  0]LogConfig: Setting CVar [[r.TranslucencyVolumeBlur:1]]
[2026-05-13T03:17:11.0612633-07:00] [pid=12520] [2026.05.13-10.17.11:061][  0]LogConfig: Setting CVar [[r.MaterialQualityLevel:1 ; High quality]]
[2026-05-13T03:17:11.0612633-07:00] [pid=12520] [2026.05.13-10.17.11:061][  0]LogConfig: Setting CVar [[r.AnisotropicMaterials:1]]
[2026-05-13T03:17:11.0612633-07:00] [pid=12520] [2026.05.13-10.17.11:061][  0]LogConfig: Setting CVar [[r.SSS.Scale:1]]
[2026-05-13T03:17:11.0612633-07:00] [pid=12520] [2026.05.13-10.17.11:061][  0]LogConfig: Setting CVar [[r.SSS.SampleSet:2]]
[2026-05-13T03:17:11.0622665-07:00] [pid=12520] [2026.05.13-10.17.11:061][  0]LogConfig: Setting CVar [[r.SSS.Quality:1]]
[2026-05-13T03:17:11.0622665-07:00] [pid=12520] [2026.05.13-10.17.11:061][  0]LogConfig: Setting CVar [[r.SSS.HalfRes:0]]
[2026-05-13T03:17:11.0622665-07:00] [pid=12520] [2026.05.13-10.17.11:062][  0]LogConfig: Setting CVar [[r.SSGI.Quality:3]]
[2026-05-13T03:17:11.0622665-07:00] [pid=12520] [2026.05.13-10.17.11:062][  0]LogConfig: Setting CVar [[r.EmitterSpawnRateScale:1.0]]
[2026-05-13T03:17:11.0622665-07:00] [pid=12520] [2026.05.13-10.17.11:062][  0]LogConfig: Setting CVar [[r.ParticleLightQuality:2]]
[2026-05-13T03:17:11.0622665-07:00] [pid=12520] [2026.05.13-10.17.11:062][  0]LogConfig: Setting CVar [[r.SkyAtmosphere.AerialPerspectiveLUT.FastApplyOnOpaque:1 ; Always have FastSkyLUT 1 in this case to avoid wrong sky]]
[2026-05-13T03:17:11.0622665-07:00] [pid=12520] [2026.05.13-10.17.11:062][  0]LogConfig: Setting CVar [[r.SkyAtmosphere.AerialPerspectiveLUT.SampleCountMaxPerSlice:4]]
[2026-05-13T03:17:11.0622665-07:00] [pid=12520] [2026.05.13-10.17.11:062][  0]LogConfig: Setting CVar [[r.SkyAtmosphere.AerialPerspectiveLUT.DepthResolution:16.0]]
[2026-05-13T03:17:11.0622665-07:00] [pid=12520] [2026.05.13-10.17.11:062][  0]LogConfig: Setting CVar [[r.SkyAtmosphere.FastSkyLUT:1]]
[2026-05-13T03:17:11.0622665-07:00] [pid=12520] [2026.05.13-10.17.11:062][  0]LogConfig: Setting CVar [[r.SkyAtmosphere.FastSkyLUT.SampleCountMin:4.0]]
[2026-05-13T03:17:11.0622665-07:00] [pid=12520] [2026.05.13-10.17.11:062][  0]LogConfig: Setting CVar [[r.SkyAtmosphere.FastSkyLUT.SampleCountMax:128.0]]
[2026-05-13T03:17:11.0622665-07:00] [pid=12520] [2026.05.13-10.17.11:062][  0]LogConfig: Setting CVar [[r.SkyAtmosphere.SampleCountMin:4.0]]
[2026-05-13T03:17:11.0622665-07:00] [pid=12520] [2026.05.13-10.17.11:062][  0]LogConfig: Setting CVar [[r.SkyAtmosphere.SampleCountMax:128.0]]
[2026-05-13T03:17:11.0622665-07:00] [pid=12520] [2026.05.13-10.17.11:062][  0]LogConfig: Setting CVar [[r.SkyAtmosphere.TransmittanceLUT.UseSmallFormat:0]]
[2026-05-13T03:17:11.0622665-07:00] [pid=12520] [2026.05.13-10.17.11:062][  0]LogConfig: Setting CVar [[r.SkyAtmosphere.TransmittanceLUT.SampleCount:10.0]]
[2026-05-13T03:17:11.0622665-07:00] [pid=12520] [2026.05.13-10.17.11:062][  0]LogConfig: Setting CVar [[r.SkyAtmosphere.MultiScatteringLUT.SampleCount:15.0]]
[2026-05-13T03:17:11.0632663-07:00] [pid=12520] [2026.05.13-10.17.11:062][  0]LogConfig: Setting CVar [[r.SkyLight.RealTimeReflectionCapture:1]]
[2026-05-13T03:17:11.0632663-07:00] [pid=12520] [2026.05.13-10.17.11:062][  0]LogConfig: Applying CVar settings from Section [FoliageQuality@3] File [C:/Users/kapil/OneDrive/Documents/Unreal Projects/testTP/Saved/Config/Windows/Scalability.ini]
[2026-05-13T03:17:11.0632663-07:00] [pid=12520] [2026.05.13-10.17.11:063][  0]LogConfig: Setting CVar [[foliage.DensityScale:1.0]]
[2026-05-13T03:17:11.0632663-07:00] [pid=12520] [2026.05.13-10.17.11:063][  0]LogConfig: Setting CVar [[grass.DensityScale:1.0]]
[2026-05-13T03:17:11.0632663-07:00] [pid=12520] [2026.05.13-10.17.11:063][  0]LogConfig: Applying CVar settings from Section [ShadingQuality@3] File [C:/Users/kapil/OneDrive/Documents/Unreal Projects/testTP/Saved/Config/Windows/Scalability.ini]
[2026-05-13T03:17:11.0632663-07:00] [pid=12520] [2026.05.13-10.17.11:063][  0]LogConfig: Setting CVar [[r.HairStrands.SkyLighting.IntegrationType:2]]
[2026-05-13T03:17:11.0632663-07:00] [pid=12520] [2026.05.13-10.17.11:063][  0]LogConfig: Setting CVar [[r.HairStrands.SkyAO.SampleCount:4]]
[2026-05-13T03:17:11.0632663-07:00] [pid=12520] [2026.05.13-10.17.11:063][  0]LogConfig: Setting CVar [[r.HairStrands.Visibility.MSAA.SamplePerPixel:4]]
[2026-05-13T03:17:11.0632663-07:00] [pid=12520] [2026.05.13-10.17.11:063][  0]LogInit: Selected Device Profile: [Windows]
[2026-05-13T03:17:11.0632663-07:00] [pid=12520] [2026.05.13-10.17.11:063][  0]LogInit: Applying CVar settings loaded from the selected device profile: [Windows]
[2026-05-13T03:17:11.0632663-07:00] [pid=12520] [2026.05.13-10.17.11:063][  0]LogHAL: Display: Platform has ~ 16 GB [16849256448 / 17179869184 / 16], which maps to Larger [LargestMinGB=32, LargerMinGB=12, DefaultMinGB=8, SmallerMinGB=6, SmallestMinGB=0)
[2026-05-13T03:17:11.0632663-07:00] [pid=12520] [2026.05.13-10.17.11:063][  0]LogInit: Going up to parent DeviceProfile []
[2026-05-13T03:17:11.0632663-07:00] [pid=12520] [2026.05.13-10.17.11:063][  0]LogConfig: Applying CVar settings from Section [ViewDistanceQuality@3] File [C:/Users/kapil/OneDrive/Documents/Unreal Projects/testTP/Saved/Config/Windows/Scalability.ini]
[2026-05-13T03:17:11.0632663-07:00] [pid=12520] [2026.05.13-10.17.11:063][  0]LogConfig: Setting CVar [[r.SkeletalMeshLODBias:0]]
[2026-05-13T03:17:11.0642672-07:00] [pid=12520] [2026.05.13-10.17.11:063][  0]LogConfig: Setting CVar [[r.ViewDistanceScale:1.0]]
[2026-05-13T03:17:11.0642672-07:00] [pid=12520] [2026.05.13-10.17.11:064][  0]LogConfig: Applying CVar settings from Section [AntiAliasingQuality@3] File [C:/Users/kapil/OneDrive/Documents/Unreal Projects/testTP/Saved/Config/Windows/Scalability.ini]
[2026-05-13T03:17:11.0642672-07:00] [pid=12520] [2026.05.13-10.17.11:064][  0]LogConfig: Setting CVar [[r.PostProcessAAQuality:4]]
[2026-05-13T03:17:11.0642672-07:00] [pid=12520] [2026.05.13-10.17.11:064][  0]LogConfig: Applying CVar settings from Section [ShadowQuality@3] File [C:/Users/kapil/OneDrive/Documents/Unreal Projects/testTP/Saved/Config/Windows/Scalability.ini]
[2026-05-13T03:17:11.0642672-07:00] [pid=12520] [2026.05.13-10.17.11:064][  0]LogConfig: Setting CVar [[r.LightFunctionQuality:1]]
[2026-05-13T03:17:11.0642672-07:00] [pid=12520] [2026.05.13-10.17.11:064][  0]LogConfig: Setting CVar [[r.ShadowQuality:5]]
[2026-05-13T03:17:11.0642672-07:00] [pid=12520] [2026.05.13-10.17.11:064][  0]LogConfig: Setting CVar [[r.Shadow.CSM.MaxCascades:10]]
[2026-05-13T03:17:11.0642672-07:00] [pid=12520] [2026.05.13-10.17.11:064][  0]LogConfig: Setting CVar [[r.Shadow.MaxResolution:2048]]
[2026-05-13T03:17:11.0642672-07:00] [pid=12520] [2026.05.13-10.17.11:064][  0]LogConfig: Setting CVar [[r.Shadow.MaxCSMResolution:2048]]
[2026-05-13T03:17:11.0642672-07:00] [pid=12520] [2026.05.13-10.17.11:064][  0]LogConfig: Setting CVar [[r.Shadow.RadiusThreshold:0.01]]
[2026-05-13T03:17:11.0642672-07:00] [pid=12520] [2026.05.13-10.17.11:064][  0]LogConfig: Setting CVar [[r.Shadow.DistanceScale:1.0]]
[2026-05-13T03:17:11.0642672-07:00] [pid=12520] [2026.05.13-10.17.11:064][  0]LogConfig: Setting CVar [[r.Shadow.CSM.TransitionScale:1.0]]
[2026-05-13T03:17:11.0642672-07:00] [pid=12520] [2026.05.13-10.17.11:064][  0]LogConfig: Setting CVar [[r.Shadow.PreShadowResolutionFactor:1.0]]
[2026-05-13T03:17:11.0652668-07:00] [pid=12520] [2026.05.13-10.17.11:064][  0]LogConfig: Setting CVar [[r.DistanceFieldShadowing:1]]
[2026-05-13T03:17:11.0652668-07:00] [pid=12520] [2026.05.13-10.17.11:065][  0]LogConfig: Setting CVar [[r.DistanceFieldAO:1]]
[2026-05-13T03:17:11.0652668-07:00] [pid=12520] [2026.05.13-10.17.11:065][  0]LogConfig: Setting CVar [[r.AOQuality:2]]
[2026-05-13T03:17:11.0652668-07:00] [pid=12520] [2026.05.13-10.17.11:065][  0]LogConfig: Setting CVar [[r.VolumetricFog:1]]
[2026-05-13T03:17:11.0652668-07:00] [pid=12520] [2026.05.13-10.17.11:065][  0]LogConfig: Setting CVar [[r.VolumetricFog.GridPixelSize:8]]
[2026-05-13T03:17:11.0652668-07:00] [pid=12520] [2026.05.13-10.17.11:065][  0]LogConfig: Setting CVar [[r.VolumetricFog.GridSizeZ:128]]
[2026-05-13T03:17:11.0652668-07:00] [pid=12520] [2026.05.13-10.17.11:065][  0]LogConfig: Setting CVar [[r.VolumetricFog.HistoryMissSupersampleCount:4]]
[2026-05-13T03:17:11.0652668-07:00] [pid=12520] [2026.05.13-10.17.11:065][  0]LogConfig: Setting CVar [[r.LightMaxDrawDistanceScale:1]]
[2026-05-13T03:17:11.0652668-07:00] [pid=12520] [2026.05.13-10.17.11:065][  0]LogConfig: Setting CVar [[r.CapsuleShadows:1]]
[2026-05-13T03:17:11.0652668-07:00] [pid=12520] [2026.05.13-10.17.11:065][  0]LogConfig: Applying CVar settings from Section [PostProcessQuality@3] File [C:/Users/kapil/OneDrive/Documents/Unreal Projects/testTP/Saved/Config/Windows/Scalability.ini]
[2026-05-13T03:17:11.0652668-07:00] [pid=12520] [2026.05.13-10.17.11:065][  0]LogConfig: Setting CVar [[r.MotionBlurQuality:4]]
[2026-05-13T03:17:11.0652668-07:00] [pid=12520] [2026.05.13-10.17.11:065][  0]LogConfig: Setting CVar [[r.AmbientOcclusionMipLevelFactor:0.4]]
[2026-05-13T03:17:11.0652668-07:00] [pid=12520] [2026.05.13-10.17.11:065][  0]LogConfig: Setting CVar [[r.AmbientOcclusionMaxQuality:100]]
[2026-05-13T03:17:11.0652668-07:00] [pid=12520] [2026.05.13-10.17.11:065][  0]LogConfig: Setting CVar [[r.AmbientOcclusionLevels:-1]]
[2026-05-13T03:17:11.0652668-07:00] [pid=12520] [2026.05.13-10.17.11:065][  0]LogConfig: Setting CVar [[r.AmbientOcclusionRadiusScale:1.0]]
[2026-05-13T03:17:11.0652668-07:00] [pid=12520] [2026.05.13-10.17.11:065][  0]LogConfig: Setting CVar [[r.DepthOfFieldQuality:2]]
[2026-05-13T03:17:11.0652668-07:00] [pid=12520] [2026.05.13-10.17.11:065][  0]LogConfig: Setting CVar [[r.RenderTargetPoolMin:400]]
[2026-05-13T03:17:11.0652668-07:00] [pid=12520] [2026.05.13-10.17.11:065][  0]LogConfig: Setting CVar [[r.LensFlareQuality:2]]
[2026-05-13T03:17:11.0652668-07:00] [pid=12520] [2026.05.13-10.17.11:065][  0]LogConfig: Setting CVar [[r.SceneColorFringeQuality:1]]
[2026-05-13T03:17:11.0652668-07:00] [pid=12520] [2026.05.13-10.17.11:065][  0]LogConfig: Setting CVar [[r.EyeAdaptationQuality:2]]
[2026-05-13T03:17:11.0652668-07:00] [pid=12520] [2026.05.13-10.17.11:065][  0]LogConfig: Setting CVar [[r.BloomQuality:5]]
[2026-05-13T03:17:11.0652668-07:00] [pid=12520] [2026.05.13-10.17.11:065][  0]LogConfig: Setting CVar [[r.FastBlurThreshold:100]]
[2026-05-13T03:17:11.0652668-07:00] [pid=12520] [2026.05.13-10.17.11:065][  0]LogConfig: Setting CVar [[r.Upscale.Quality:3]]
[2026-05-13T03:17:11.0667698-07:00] [pid=12520] [2026.05.13-10.17.11:065][  0]LogConfig: Setting CVar [[r.Tonemapper.GrainQuantization:1]]
[2026-05-13T03:17:11.0667698-07:00] [pid=12520] [2026.05.13-10.17.11:065][  0]LogConfig: Setting CVar [[r.LightShaftQuality:1]]
[2026-05-13T03:17:11.0667698-07:00] [pid=12520] [2026.05.13-10.17.11:066][  0]LogConfig: Setting CVar [[r.Filter.SizeScale:1]]
[2026-05-13T03:17:11.0667698-07:00] [pid=12520] [2026.05.13-10.17.11:066][  0]LogConfig: Setting CVar [[r.Tonemapper.Quality:5]]
[2026-05-13T03:17:11.0667698-07:00] [pid=12520] [2026.05.13-10.17.11:066][  0]LogConfig: Setting CVar [[r.DOF.Gather.AccumulatorQuality:1        ; higher gathering accumulator quality]]
[2026-05-13T03:17:11.0667698-07:00] [pid=12520] [2026.05.13-10.17.11:066][  0]LogConfig: Setting CVar [[r.DOF.Gather.PostfilterMethod:1          ; Median3x3 postfilering method]]
[2026-05-13T03:17:11.0667698-07:00] [pid=12520] [2026.05.13-10.17.11:066][  0]LogConfig: Setting CVar [[r.DOF.Gather.EnableBokehSettings:0       ; no bokeh simulation when gathering]]
[2026-05-13T03:17:11.0667698-07:00] [pid=12520] [2026.05.13-10.17.11:066][  0]LogConfig: Setting CVar [[r.DOF.Gather.RingCount:4                 ; medium number of samples when gathering]]
[2026-05-13T03:17:11.0667698-07:00] [pid=12520] [2026.05.13-10.17.11:066][  0]LogConfig: Setting CVar [[r.DOF.Scatter.ForegroundCompositing:1    ; additive foreground scattering]]
[2026-05-13T03:17:11.0667698-07:00] [pid=12520] [2026.05.13-10.17.11:066][  0]LogConfig: Setting CVar [[r.DOF.Scatter.BackgroundCompositing:2    ; additive background scattering]]
[2026-05-13T03:17:11.0667698-07:00] [pid=12520] [2026.05.13-10.17.11:066][  0]LogConfig: Setting CVar [[r.DOF.Scatter.EnableBokehSettings:1      ; bokeh simulation when scattering]]
[2026-05-13T03:17:11.0667698-07:00] [pid=12520] [2026.05.13-10.17.11:066][  0]LogConfig: Setting CVar [[r.DOF.Scatter.MaxSpriteRatio:0.1         ; only a maximum of 10% of scattered bokeh]]
[2026-05-13T03:17:11.0667698-07:00] [pid=12520] [2026.05.13-10.17.11:066][  0]LogConfig: Setting CVar [[r.DOF.Recombine.Quality:1                ; cheap slight out of focus]]
[2026-05-13T03:17:11.0667698-07:00] [pid=12520] [2026.05.13-10.17.11:066][  0]LogConfig: Setting CVar [[r.DOF.Recombine.EnableBokehSettings:0    ; no bokeh simulation on slight out of focus]]
[2026-05-13T03:17:11.0667698-07:00] [pid=12520] [2026.05.13-10.17.11:066][  0]LogConfig: Setting CVar [[r.DOF.TemporalAAQuality:1                ; more stable temporal accumulation]]
[2026-05-13T03:17:11.0667698-07:00] [pid=12520] [2026.05.13-10.17.11:066][  0]LogConfig: Setting CVar [[r.DOF.Kernel.MaxForegroundRadius:0.025]]
[2026-05-13T03:17:11.0667698-07:00] [pid=12520] [2026.05.13-10.17.11:066][  0]LogConfig: Setting CVar [[r.DOF.Kernel.MaxBackgroundRadius:0.025]]
[2026-05-13T03:17:11.0667698-07:00] [pid=12520] [2026.05.13-10.17.11:066][  0]LogConfig: Applying CVar settings from Section [TextureQuality@3] File [C:/Users/kapil/OneDrive/Documents/Unreal Projects/testTP/Saved/Config/Windows/Scalability.ini]
[2026-05-13T03:17:11.0677757-07:00] [pid=12520] [2026.05.13-10.17.11:066][  0]LogConfig: Setting CVar [[r.Streaming.MipBias:0]]
[2026-05-13T03:17:11.0677757-07:00] [pid=12520] [2026.05.13-10.17.11:067][  0]LogConfig: Setting CVar [[r.Streaming.AmortizeCPUToGPUCopy:0]]
[2026-05-13T03:17:11.0677757-07:00] [pid=12520] [2026.05.13-10.17.11:067][  0]LogConfig: Setting CVar [[r.Streaming.MaxNumTexturesToStreamPerFrame:0]]
[2026-05-13T03:17:11.0677757-07:00] [pid=12520] [2026.05.13-10.17.11:067][  0]LogConfig: Setting CVar [[r.Streaming.Boost:1]]
[2026-05-13T03:17:11.0677757-07:00] [pid=12520] [2026.05.13-10.17.11:067][  0]LogConfig: Setting CVar [[r.MaxAnisotropy:8]]
[2026-05-13T03:17:11.0677757-07:00] [pid=12520] [2026.05.13-10.17.11:067][  0]LogConfig: Setting CVar [[r.VT.MaxAnisotropy:8]]
[2026-05-13T03:17:11.0677757-07:00] [pid=12520] [2026.05.13-10.17.11:067][  0]LogConfig: Setting CVar [[r.Streaming.LimitPoolSizeToVRAM:0]]
[2026-05-13T03:17:11.0677757-07:00] [pid=12520] [2026.05.13-10.17.11:067][  0]LogConfig: Setting CVar [[r.Streaming.PoolSize:1000]]
[2026-05-13T03:17:11.0677757-07:00] [pid=12520] [2026.05.13-10.17.11:067][  0]LogConfig: Setting CVar [[r.Streaming.MaxEffectiveScreenSize:0]]
[2026-05-13T03:17:11.0677757-07:00] [pid=12520] [2026.05.13-10.17.11:067][  0]LogConfig: Applying CVar settings from Section [EffectsQuality@3] File [C:/Users/kapil/OneDrive/Documents/Unreal Projects/testTP/Saved/Config/Windows/Scalability.ini]
[2026-05-13T03:17:11.0677757-07:00] [pid=12520] [2026.05.13-10.17.11:067][  0]LogConfig: Setting CVar [[r.TranslucencyLightingVolumeDim:64]]
[2026-05-13T03:17:11.0677757-07:00] [pid=12520] [2026.05.13-10.17.11:067][  0]LogConfig: Setting CVar [[r.RefractionQuality:2]]
[2026-05-13T03:17:11.0677757-07:00] [pid=12520] [2026.05.13-10.17.11:067][  0]LogConfig: Setting CVar [[r.SSR.Quality:3]]
[2026-05-13T03:17:11.0677757-07:00] [pid=12520] [2026.05.13-10.17.11:067][  0]LogConfig: Setting CVar [[r.SSR.HalfResSceneColor:0]]
[2026-05-13T03:17:11.0677757-07:00] [pid=12520] [2026.05.13-10.17.11:067][  0]LogConfig: Setting CVar [[r.SceneColorFormat:4]]
[2026-05-13T03:17:11.0677757-07:00] [pid=12520] [2026.05.13-10.17.11:067][  0]LogConfig: Setting CVar [[r.DetailMode:2]]
[2026-05-13T03:17:11.0687751-07:00] [pid=12520] [2026.05.13-10.17.11:067][  0]LogConfig: Setting CVar [[r.TranslucencyVolumeBlur:1]]
[2026-05-13T03:17:11.0687751-07:00] [pid=12520] [2026.05.13-10.17.11:068][  0]LogConfig: Setting CVar [[r.MaterialQualityLevel:1 ; High quality]]
[2026-05-13T03:17:11.0687751-07:00] [pid=12520] [2026.05.13-10.17.11:068][  0]LogConfig: Setting CVar [[r.AnisotropicMaterials:1]]
[2026-05-13T03:17:11.0687751-07:00] [pid=12520] [2026.05.13-10.17.11:068][  0]LogConfig: Setting CVar [[r.SSS.Scale:1]]
[2026-05-13T03:17:11.0687751-07:00] [pid=12520] [2026.05.13-10.17.11:068][  0]LogConfig: Setting CVar [[r.SSS.SampleSet:2]]
[2026-05-13T03:17:11.0687751-07:00] [pid=12520] [2026.05.13-10.17.11:068][  0]LogConfig: Setting CVar [[r.SSS.Quality:1]]
[2026-05-13T03:17:11.0687751-07:00] [pid=12520] [2026.05.13-10.17.11:068][  0]LogConfig: Setting CVar [[r.SSS.HalfRes:0]]
[2026-05-13T03:17:11.0687751-07:00] [pid=12520] [2026.05.13-10.17.11:068][  0]LogConfig: Setting CVar [[r.SSGI.Quality:3]]
[2026-05-13T03:17:11.0687751-07:00] [pid=12520] [2026.05.13-10.17.11:068][  0]LogConfig: Setting CVar [[r.EmitterSpawnRateScale:1.0]]
[2026-05-13T03:17:11.0687751-07:00] [pid=12520] [2026.05.13-10.17.11:068][  0]LogConfig: Setting CVar [[r.ParticleLightQuality:2]]
[2026-05-13T03:17:11.0687751-07:00] [pid=12520] [2026.05.13-10.17.11:068][  0]LogConfig: Setting CVar [[r.SkyAtmosphere.AerialPerspectiveLUT.FastApplyOnOpaque:1 ; Always have FastSkyLUT 1 in this case to avoid wrong sky]]
[2026-05-13T03:17:11.0687751-07:00] [pid=12520] [2026.05.13-10.17.11:068][  0]LogConfig: Setting CVar [[r.SkyAtmosphere.AerialPerspectiveLUT.SampleCountMaxPerSlice:4]]
[2026-05-13T03:17:11.0687751-07:00] [pid=12520] [2026.05.13-10.17.11:068][  0]LogConfig: Setting CVar [[r.SkyAtmosphere.AerialPerspectiveLUT.DepthResolution:16.0]]
[2026-05-13T03:17:11.0687751-07:00] [pid=12520] [2026.05.13-10.17.11:068][  0]LogConfig: Setting CVar [[r.SkyAtmosphere.FastSkyLUT:1]]
[2026-05-13T03:17:11.0687751-07:00] [pid=12520] [2026.05.13-10.17.11:068][  0]LogConfig: Setting CVar [[r.SkyAtmosphere.FastSkyLUT.SampleCountMin:4.0]]
[2026-05-13T03:17:11.0687751-07:00] [pid=12520] [2026.05.13-10.17.11:068][  0]LogConfig: Setting CVar [[r.SkyAtmosphere.FastSkyLUT.SampleCountMax:128.0]]
[2026-05-13T03:17:11.0697747-07:00] [pid=12520] [2026.05.13-10.17.11:068][  0]LogConfig: Setting CVar [[r.SkyAtmosphere.SampleCountMin:4.0]]
[2026-05-13T03:17:11.0697747-07:00] [pid=12520] [2026.05.13-10.17.11:069][  0]LogConfig: Setting CVar [[r.SkyAtmosphere.SampleCountMax:128.0]]
[2026-05-13T03:17:11.0697747-07:00] [pid=12520] [2026.05.13-10.17.11:069][  0]LogConfig: Setting CVar [[r.SkyAtmosphere.TransmittanceLUT.UseSmallFormat:0]]
[2026-05-13T03:17:11.0697747-07:00] [pid=12520] [2026.05.13-10.17.11:069][  0]LogConfig: Setting CVar [[r.SkyAtmosphere.TransmittanceLUT.SampleCount:10.0]]
[2026-05-13T03:17:11.0697747-07:00] [pid=12520] [2026.05.13-10.17.11:069][  0]LogConfig: Setting CVar [[r.SkyAtmosphere.MultiScatteringLUT.SampleCount:15.0]]
[2026-05-13T03:17:11.0697747-07:00] [pid=12520] [2026.05.13-10.17.11:069][  0]LogConfig: Setting CVar [[r.SkyLight.RealTimeReflectionCapture:1]]
[2026-05-13T03:17:11.0697747-07:00] [pid=12520] [2026.05.13-10.17.11:069][  0]LogConfig: Applying CVar settings from Section [FoliageQuality@3] File [C:/Users/kapil/OneDrive/Documents/Unreal Projects/testTP/Saved/Config/Windows/Scalability.ini]
[2026-05-13T03:17:11.0697747-07:00] [pid=12520] [2026.05.13-10.17.11:069][  0]LogConfig: Setting CVar [[foliage.DensityScale:1.0]]
[2026-05-13T03:17:11.0697747-07:00] [pid=12520] [2026.05.13-10.17.11:069][  0]LogConfig: Setting CVar [[grass.DensityScale:1.0]]
[2026-05-13T03:17:11.0702774-07:00] [pid=12520] [2026.05.13-10.17.11:069][  0]LogConfig: Applying CVar settings from Section [ShadingQuality@3] File [C:/Users/kapil/OneDrive/Documents/Unreal Projects/testTP/Saved/Config/Windows/Scalability.ini]
[2026-05-13T03:17:11.0702774-07:00] [pid=12520] [2026.05.13-10.17.11:070][  0]LogConfig: Setting CVar [[r.HairStrands.SkyLighting.IntegrationType:2]]
[2026-05-13T03:17:11.0702774-07:00] [pid=12520] [2026.05.13-10.17.11:070][  0]LogConfig: Setting CVar [[r.HairStrands.SkyAO.SampleCount:4]]
[2026-05-13T03:17:11.0702774-07:00] [pid=12520] [2026.05.13-10.17.11:070][  0]LogConfig: Setting CVar [[r.HairStrands.Visibility.MSAA.SamplePerPixel:4]]
[2026-05-13T03:17:11.0702774-07:00] [pid=12520] [2026.05.13-10.17.11:070][  0]LogConfig: Applying CVar settings from Section [Startup] File [../../../Engine/Config/ConsoleVariables.ini]
[2026-05-13T03:17:11.0702774-07:00] [pid=12520] [2026.05.13-10.17.11:070][  0]LogConfig: Setting CVar [[net.UseAdaptiveNetUpdateFrequency:0]]
[2026-05-13T03:17:11.0702774-07:00] [pid=12520] [2026.05.13-10.17.11:070][  0]LogConfig: Setting CVar [[p.chaos.AllowCreatePhysxBodies:1]]
[2026-05-13T03:17:11.0702774-07:00] [pid=12520] [2026.05.13-10.17.11:070][  0]LogConfig: Setting CVar [[fx.SkipVectorVMBackendOptimizations:1]]
[2026-05-13T03:17:11.0702774-07:00] [pid=12520] [2026.05.13-10.17.11:070][  0]LogConfig: Applying CVar settings from Section [ConsoleVariables] File [C:/Users/kapil/OneDrive/Documents/Unreal Projects/testTP/Saved/Config/Windows/Engine.ini]
[2026-05-13T03:17:11.0702774-07:00] [pid=12520] [2026.05.13-10.17.11:070][  0]LogConfig: Applying CVar settings from Section [ConsoleVariables] File [C:/Users/kapil/OneDrive/Documents/Unreal Projects/testTP/Saved/Config/Windows/Editor.ini]
[2026-05-13T03:17:11.0702774-07:00] [pid=12520] [2026.05.13-10.17.11:070][  0]LogInit: Computer: IMMERSEDEMOM5
[2026-05-13T03:17:11.0702774-07:00] [pid=12520] [2026.05.13-10.17.11:070][  0]LogInit: User: kapil
[2026-05-13T03:17:11.0702774-07:00] [pid=12520] [2026.05.13-10.17.11:070][  0]LogInit: CPU Page size=4096, Cores=14
[2026-05-13T03:17:11.0702774-07:00] [pid=12520] [2026.05.13-10.17.11:070][  0]LogInit: High frequency timer resolution =10.000000 MHz
[2026-05-13T03:17:11.0712818-07:00] [pid=12520] [2026.05.13-10.17.11:070][  0]LogMemory: Memory total: Physical=15.7GB (16GB approx)
[2026-05-13T03:17:11.0712818-07:00] [pid=12520] [2026.05.13-10.17.11:070][  0]LogMemory: Platform Memory Stats for Windows
[2026-05-13T03:17:11.0712818-07:00] [pid=12520] [2026.05.13-10.17.11:071][  0]LogMemory: Process Physical Memory: 155.43 MB used, 155.43 MB peak
[2026-05-13T03:17:11.0712818-07:00] [pid=12520] [2026.05.13-10.17.11:071][  0]LogMemory: Process Virtual Memory: 128.92 MB used, 128.92 MB peak
[2026-05-13T03:17:11.0712818-07:00] [pid=12520] [2026.05.13-10.17.11:071][  0]LogMemory: Physical Memory: 13179.12 MB used,  2889.58 MB free, 16068.70 MB total
[2026-05-13T03:17:11.0712818-07:00] [pid=12520] [2026.05.13-10.17.11:071][  0]LogMemory: Virtual Memory: 134206768.00 MB used,  10960.39 MB free, 134217728.00 MB total
[2026-05-13T03:17:11.0752881-07:00] [pid=12520] [2026.05.13-10.17.11:075][  0]LogWindows: WindowsPlatformFeatures enabled
[2026-05-13T03:17:11.1164108-07:00] [pid=12520] [2026.05.13-10.17.11:116][  0]LogInit: Physics initialised using underlying interface: PhysX
[2026-05-13T03:17:11.1164108-07:00] [pid=12520] [2026.05.13-10.17.11:116][  0]LogInit: Using OS detected language (en-US).
[2026-05-13T03:17:11.1174166-07:00] [pid=12520] [2026.05.13-10.17.11:116][  0]LogInit: Using OS detected locale (en-US).
[2026-05-13T03:17:11.1229315-07:00] [pid=12520] [2026.05.13-10.17.11:122][  0]LogTextLocalizationManager: No specific localization for 'en-US' exists, so the 'en' localization will be used.
[2026-05-13T03:17:11.1765817-07:00] [pid=18712] <1>May13 03:17:11.176 SF_18712[Environ] CMD_DESKTOP_TYPE_LBUTTONUP_RTT: l:1
[2026-05-13T03:17:11.1765817-07:00] [pid=18712] <1>May13 03:17:11.177 SF_18712[MediaMgr] Start video performance debug.
[2026-05-13T03:17:11.1795884-07:00] [pid=27484] Focus Exec Name: windowsterminal.exe
[2026-05-13T03:17:11.1795884-07:00] [pid=27484] ---> Focus Exec Name: windowsterminal.exe has WS_OVERLAPPEDWINDOW
[2026-05-13T03:17:11.2853306-07:00] [pid=12520] [2026.05.13-10.17.11:285][  0]LogWindowsTextInputMethodSystem: Display: IME system deactivated.
[2026-05-13T03:17:11.2968627-07:00] [pid=12520] [2026.05.13-10.17.11:296][  0]LogSlate: New Slate User Created.  User Index 0, Is Virtual User: 0
[2026-05-13T03:17:11.2968627-07:00] [pid=12520] [2026.05.13-10.17.11:296][  0]LogSlate: Slate User Registered.  User Index 0, Is Virtual User: 0
[2026-05-13T03:17:11.3068762-07:00] [pid=12520] [2026.05.13-10.17.11:306][  0]LogD3D11RHI: Loaded GFSDK_Aftermath_Lib.x64.dll
[2026-05-13T03:17:11.3519636-07:00] [pid=12520] [2026.05.13-10.17.11:351][  0]LogHMD: Failed to initialize OpenVR with code 110
[2026-05-13T03:17:11.3519636-07:00] [pid=12520] [2026.05.13-10.17.11:351][  0]LogD3D11RHI: D3D11 min allowed feature level: 11_0
[2026-05-13T03:17:11.3519636-07:00] [pid=12520] [2026.05.13-10.17.11:351][  0]LogD3D11RHI: D3D11 max allowed feature level: 11_0
[2026-05-13T03:17:11.3519636-07:00] [pid=12520] [2026.05.13-10.17.11:351][  0]LogD3D11RHI: D3D11 adapters:
[2026-05-13T03:17:11.5165308-07:00] [pid=12520] [2026.05.13-10.17.11:516][  0]LogD3D11RHI:    0. 'NVIDIA GeForce RTX 4060 Laptop GPU' (Feature Level 11_0)
[2026-05-13T03:17:11.5165308-07:00] [pid=12520] [2026.05.13-10.17.11:516][  0]LogD3D11RHI:       7957/0/8034 MB DedicatedVideo/DedicatedSystem/SharedSystem, Outputs:1, VendorId:0x10de
[2026-05-13T03:17:11.5421084-07:00] [pid=12520] [2026.05.13-10.17.11:542][  0]LogD3D11RHI:    1. 'Intel(R) UHD Graphics' (Feature Level 11_0)
[2026-05-13T03:17:11.5421084-07:00] [pid=12520] [2026.05.13-10.17.11:542][  0]LogD3D11RHI:       128/0/8034 MB DedicatedVideo/DedicatedSystem/SharedSystem, Outputs:0, VendorId:0x8086
[2026-05-13T03:17:11.5451084-07:00] [pid=12520] [2026.05.13-10.17.11:545][  0]LogD3D11RHI:    2. 'Microsoft Basic Render Driver' (Feature Level 11_0)
[2026-05-13T03:17:11.5466125-07:00] [pid=12520] [2026.05.13-10.17.11:545][  0]LogD3D11RHI:       0/0/8034 MB DedicatedVideo/DedicatedSystem/SharedSystem, Outputs:0, VendorId:0x1414
[2026-05-13T03:17:11.5466125-07:00] [pid=12520] [2026.05.13-10.17.11:546][  0]LogD3D11RHI: Chosen D3D11 Adapter:
[2026-05-13T03:17:11.5466125-07:00] [pid=12520] [2026.05.13-10.17.11:546][  0]LogD3D11RHI:     Description : NVIDIA GeForce RTX 4060 Laptop GPU
[2026-05-13T03:17:11.5466125-07:00] [pid=12520] [2026.05.13-10.17.11:546][  0]LogD3D11RHI:     VendorId    : 10de
[2026-05-13T03:17:11.5466125-07:00] [pid=12520] [2026.05.13-10.17.11:546][  0]LogD3D11RHI:     DeviceId    : 28e0
[2026-05-13T03:17:11.5466125-07:00] [pid=12520] [2026.05.13-10.17.11:546][  0]LogD3D11RHI:     SubSysId    : bf81028
[2026-05-13T03:17:11.5466125-07:00] [pid=12520] [2026.05.13-10.17.11:546][  0]LogD3D11RHI:     Revision    : 00a1
[2026-05-13T03:17:11.5466125-07:00] [pid=12520] [2026.05.13-10.17.11:546][  0]LogD3D11RHI:     DedicatedVideoMemory : 8343519232 bytes
[2026-05-13T03:17:11.5466125-07:00] [pid=12520] [2026.05.13-10.17.11:546][  0]LogD3D11RHI:     DedicatedSystemMemory : 0 bytes
[2026-05-13T03:17:11.5466125-07:00] [pid=12520] [2026.05.13-10.17.11:546][  0]LogD3D11RHI:     SharedSystemMemory : 8424628224 bytes
[2026-05-13T03:17:11.5466125-07:00] [pid=12520] [2026.05.13-10.17.11:546][  0]LogD3D11RHI:     AdapterLuid : 0 72942
[2026-05-13T03:17:11.5521278-07:00] [pid=12520] [2026.05.13-10.17.11:552][  0]LogD3D11RHI: Creating new Direct3DDevice
[2026-05-13T03:17:11.5521278-07:00] [pid=12520] [2026.05.13-10.17.11:552][  0]LogD3D11RHI:     GPU DeviceId: 0x28e0 (for the marketing name, search the web for "GPU Device Id")
[2026-05-13T03:17:11.5531273-07:00] [pid=12520] [2026.05.13-10.17.11:552][  0]LogWindows: EnumDisplayDevices:
[2026-05-13T03:17:11.5531273-07:00] [pid=12520] [2026.05.13-10.17.11:553][  0]LogWindows:    0. 'Intel(R) UHD Graphics' (P:1 D:1)
[2026-05-13T03:17:11.5531273-07:00] [pid=12520] [2026.05.13-10.17.11:553][  0]LogWindows:    1. 'Intel(R) UHD Graphics' (P:0 D:0)
[2026-05-13T03:17:11.5531273-07:00] [pid=12520] [2026.05.13-10.17.11:553][  0]LogWindows:    2. 'Intel(R) UHD Graphics' (P:0 D:0)
[2026-05-13T03:17:11.5531273-07:00] [pid=12520] [2026.05.13-10.17.11:553][  0]LogWindows:    3. 'Intel(R) UHD Graphics' (P:0 D:0)
[2026-05-13T03:17:11.5531273-07:00] [pid=12520] [2026.05.13-10.17.11:553][  0]LogWindows:    4. 'NVIDIA GeForce RTX 4060 Laptop GPU' (P:0 D:0)
[2026-05-13T03:17:11.5531273-07:00] [pid=12520] [2026.05.13-10.17.11:553][  0]LogWindows: DebugString: PrimaryIsNotTheChoosenAdapter PrimaryIsNotTheChoosenAdapter PrimaryIsNotTheChoosenAdapter PrimaryIsNotTheChoosenAdapter 
[2026-05-13T03:17:11.5531273-07:00] [pid=12520] [2026.05.13-10.17.11:553][  0]LogD3D11RHI:     Adapter Name: NVIDIA GeForce RTX 4060 Laptop GPU
[2026-05-13T03:17:11.5531273-07:00] [pid=12520] [2026.05.13-10.17.11:553][  0]LogD3D11RHI:   Driver Version: 581.95 (internal:32.0.15.8195, unified:581.95)
[2026-05-13T03:17:11.5531273-07:00] [pid=12520] [2026.05.13-10.17.11:553][  0]LogD3D11RHI:      Driver Date: 11-18-2025
[2026-05-13T03:17:11.5531273-07:00] [pid=12520] [2026.05.13-10.17.11:553][  0]LogRHI: Texture pool is 5569 MB (70% of 7957 MB)
[2026-05-13T03:17:11.5541286-07:00] [pid=12520] [2026.05.13-10.17.11:553][  0]LogD3D11RHI: Creating D3DDevice using adapter:
[2026-05-13T03:17:11.5541286-07:00] [pid=12520] [2026.05.13-10.17.11:553][  0]LogD3D11RHI:     Description : NVIDIA GeForce RTX 4060 Laptop GPU
[2026-05-13T03:17:11.5541286-07:00] [pid=12520] [2026.05.13-10.17.11:554][  0]LogD3D11RHI:     VendorId    : 10de
[2026-05-13T03:17:11.5541286-07:00] [pid=12520] [2026.05.13-10.17.11:554][  0]LogD3D11RHI:     DeviceId    : 28e0
[2026-05-13T03:17:11.5541286-07:00] [pid=12520] [2026.05.13-10.17.11:554][  0]LogD3D11RHI:     SubSysId    : bf81028
[2026-05-13T03:17:11.5541286-07:00] [pid=12520] [2026.05.13-10.17.11:554][  0]LogD3D11RHI:     Revision    : 00a1
[2026-05-13T03:17:11.5541286-07:00] [pid=12520] [2026.05.13-10.17.11:554][  0]LogD3D11RHI:     DedicatedVideoMemory : 8343519232 bytes
[2026-05-13T03:17:11.5541286-07:00] [pid=12520] [2026.05.13-10.17.11:554][  0]LogD3D11RHI:     DedicatedSystemMemory : 0 bytes
[2026-05-13T03:17:11.5541286-07:00] [pid=12520] [2026.05.13-10.17.11:554][  0]LogD3D11RHI:     SharedSystemMemory : 8424628224 bytes
[2026-05-13T03:17:11.5541286-07:00] [pid=12520] [2026.05.13-10.17.11:554][  0]LogD3D11RHI:     AdapterLuid : 0 72942
[2026-05-13T03:17:11.6610237-07:00] [pid=12520] [2026.05.13-10.17.11:661][  0]LogD3D11RHI: RHI has support for 64 bit atomics
[2026-05-13T03:17:11.6610237-07:00] [pid=12520] [2026.05.13-10.17.11:661][  0]LogD3D11RHI: Async texture creation enabled
[2026-05-13T03:17:11.6610237-07:00] [pid=12520] [2026.05.13-10.17.11:661][  0]LogD3D11RHI: Array index from any shader is supported
[2026-05-13T03:17:11.6730617-07:00] [pid=12520] [2026.05.13-10.17.11:673][  0]LogD3D11RHI: GPU Timing Frequency: 1000.000000 (Debug: 2 1)
[2026-05-13T03:17:11.7001219-07:00] [pid=12520] [2026.05.13-10.17.11:700][  0]LogRHI: GeForceNow SDK initialized: 1
[2026-05-13T03:17:11.9131928-07:00] [pid=22688] MacPlatformFactory.RegisterBuildPlatforms: UnrealBuildTool.MacPlatformSDK using manually installed SDK
[2026-05-13T03:17:11.9232143-07:00] [pid=22688] TVOSPlatformFactory.RegisterBuildPlatforms: UnrealBuildTool.IOSPlatformSDK has no valid SDK
[2026-05-13T03:17:11.9252136-07:00] [pid=22688] AndroidPlatformFactory.RegisterBuildPlatforms: UnrealBuildTool.AndroidPlatformSDK has no valid SDK
[2026-05-13T03:17:11.9267177-07:00] [pid=22688] HoloLensPlatformFactory.RegisterBuildPlatforms: UnrealBuildTool.HoloLensPlatformSDK using manually installed SDK
[2026-05-13T03:17:11.9287251-07:00] [pid=22688] IOSPlatformFactory.RegisterBuildPlatforms: UnrealBuildTool.IOSPlatformSDK has no valid SDK
[2026-05-13T03:17:11.9312294-07:00] [pid=22688] LinuxPlatformFactory.RegisterBuildPlatforms: UnrealBuildTool.LinuxPlatformSDK has no valid SDK
[2026-05-13T03:17:11.9322318-07:00] [pid=22688] LuminSDKVersionHelper.HasAnySDK: *** Unable to determine MLSDK location ***
[2026-05-13T03:17:11.9322318-07:00] [pid=22688] LuminSDKVersionHelper.HasAnySDK: *** Unable to determine MLSDK location ***
[2026-05-13T03:17:11.9322318-07:00] [pid=22688] LuminPlatformFactory.RegisterBuildPlatforms: UnrealBuildTool.LuminPlatformSDK has no valid SDK
[2026-05-13T03:17:11.9332319-07:00] [pid=22688] WindowsPlatformFactory.RegisterBuildPlatforms: UnrealBuildTool.WindowsPlatformSDK using manually installed SDK
[2026-05-13T03:17:11.9387481-07:00] [pid=22688] ValidatePlatformsMode.Execute: ##PlatformValidate: Win32 VALID
[2026-05-13T03:17:11.9387481-07:00] [pid=22688] ValidatePlatformsMode.Execute: ##PlatformValidate: Win64 VALID
[2026-05-13T03:17:11.9387481-07:00] [pid=22688] ValidatePlatformsMode.Execute: ##PlatformValidate: HoloLens VALID
[2026-05-13T03:17:11.9387481-07:00] [pid=22688] ValidatePlatformsMode.Execute: ##PlatformValidate: Mac VALID
[2026-05-13T03:17:11.9397415-07:00] [pid=22688] ValidatePlatformsMode.Execute: ##PlatformValidate: XboxOne INVALID
[2026-05-13T03:17:11.9397415-07:00] [pid=22688] ValidatePlatformsMode.Execute: ##PlatformValidate: PS4 INVALID
[2026-05-13T03:17:11.9397415-07:00] [pid=22688] ValidatePlatformsMode.Execute: ##PlatformValidate: IOS INVALID
[2026-05-13T03:17:11.9397415-07:00] [pid=22688] ValidatePlatformsMode.Execute: ##PlatformValidate: Android INVALID
[2026-05-13T03:17:11.9397415-07:00] [pid=22688] ValidatePlatformsMode.Execute: ##PlatformValidate: HTML5 INVALID
[2026-05-13T03:17:11.9397415-07:00] [pid=22688] ValidatePlatformsMode.Execute: ##PlatformValidate: Linux INVALID
[2026-05-13T03:17:11.9397415-07:00] [pid=22688] ValidatePlatformsMode.Execute: ##PlatformValidate: LinuxAArch64 INVALID
[2026-05-13T03:17:11.9397415-07:00] [pid=22688] ValidatePlatformsMode.Execute: ##PlatformValidate: AllDesktop INVALID
[2026-05-13T03:17:11.9397415-07:00] [pid=22688] ValidatePlatformsMode.Execute: ##PlatformValidate: TVOS INVALID
[2026-05-13T03:17:11.9397415-07:00] [pid=22688] ValidatePlatformsMode.Execute: ##PlatformValidate: Switch INVALID
[2026-05-13T03:17:11.9397415-07:00] [pid=22688] ValidatePlatformsMode.Execute: ##PlatformValidate: Lumin INVALID
[2026-05-13T03:17:11.9422618-07:00] [pid=22688] Timeline.Print: Timeline:
[2026-05-13T03:17:11.9422618-07:00] [pid=22688] Timeline.Print: 
[2026-05-13T03:17:11.9422618-07:00] [pid=22688] Timeline.Print: [ 0.000]
[2026-05-13T03:17:11.9432604-07:00] [pid=22688] Timeline.Print: [ 0.018](+0.080) XmlConfig.ReadConfigFiles()
[2026-05-13T03:17:11.9442591-07:00] [pid=22688] Timeline.Print: [ 0.099](+0.000) SingleInstanceMutex.Acquire()
[2026-05-13T03:17:11.9442591-07:00] [pid=22688] Timeline.Print: [ 0.099](+0.052) UEBuildPlatform.RegisterPlatforms()
[2026-05-13T03:17:11.9442591-07:00] [pid=22688] Timeline.Print:   0.100          [ 0.000](+0.025) Initializing InstalledPlatformInfo
[2026-05-13T03:17:11.9442591-07:00] [pid=22688] Timeline.Print:   0.125          [ 0.026](+0.000) Querying types
[2026-05-13T03:17:11.9442591-07:00] [pid=22688] Timeline.Print:   0.127          [ 0.027](+0.012) MacPlatformFactory
[2026-05-13T03:17:11.9442591-07:00] [pid=22688] Timeline.Print:   0.139          [ 0.040](+0.003) TVOSPlatformFactory
[2026-05-13T03:17:11.9442591-07:00] [pid=22688] Timeline.Print:   0.143          [ 0.043](+0.002) AndroidPlatformFactory
[2026-05-13T03:17:11.9442591-07:00] [pid=22688] Timeline.Print:   0.145          [ 0.045](+0.001) HoloLensPlatformFactory
[2026-05-13T03:17:11.9442591-07:00] [pid=22688] Timeline.Print:   0.146          [ 0.047](+0.001) IOSPlatformFactory
[2026-05-13T03:17:11.9442591-07:00] [pid=22688] Timeline.Print:   0.148          [ 0.048](+0.002) LinuxPlatformFactory
[2026-05-13T03:17:11.9442591-07:00] [pid=22688] Timeline.Print:   0.150          [ 0.051](+0.001) LuminPlatformFactory
[2026-05-13T03:17:11.9442591-07:00] [pid=22688] Timeline.Print:   0.151          [ 0.052](+0.000) WindowsPlatformFactory
[2026-05-13T03:17:11.9442591-07:00] [pid=22688] Timeline.Print: [ 0.158](+0.000) FileMetadataPrefetch.Stop()
[2026-05-13T03:17:11.9442591-07:00] [pid=22688] Timeline.Print: [ 0.161]
[2026-05-13T03:17:11.9713279-07:00] [pid=12520] [2026.05.13-10.17.11:971][  0]LogTargetPlatformManager: Display: Loaded TargetPlatform 'WindowsNoEditor'
[2026-05-13T03:17:11.9753330-07:00] [pid=12520] [2026.05.13-10.17.11:975][  0]LogTargetPlatformManager: Display: Loaded TargetPlatform 'Windows'
[2026-05-13T03:17:11.9788466-07:00] [pid=12520] [2026.05.13-10.17.11:978][  0]LogTargetPlatformManager: Display: Loaded TargetPlatform 'WindowsClient'
[2026-05-13T03:17:11.9833610-07:00] [pid=12520] [2026.05.13-10.17.11:982][  0]LogTargetPlatformManager: Display: Loaded TargetPlatform 'WindowsServer'
[2026-05-13T03:17:11.9833610-07:00] [pid=12520] [2026.05.13-10.17.11:983][  0]LogTargetPlatformManager: Display: Building Assets For Windows
[2026-05-13T03:17:11.9893807-07:00] [pid=12520] [2026.05.13-10.17.11:989][  0]LogAudioDebug: Display: Lib vorbis DLL was dynamically loaded.
[2026-05-13T03:17:12.0184634-07:00] [pid=12520] [2026.05.13-10.17.12:017][  0]LogTextureFormatOodle: Display: Oodle Texture 2.9.0 init RDO Off
[2026-05-13T03:17:12.0450478-07:00] [pid=12520] [2026.05.13-10.17.12:045][  0]LogRendererCore: Ray tracing is disabled. Reason: r.RayTracing=0.
[2026-05-13T03:17:12.0450478-07:00] [pid=12520] [2026.05.13-10.17.12:045][  0]LogShaderCompilers: Guid format shader working directory is -26 characters bigger than the processId version (../../../../../../Users/kapil/OneDrive/Documents/Unreal Projects/testTP/Intermediate/Shaders/WorkingDirectory/12520/).
[2026-05-13T03:17:12.0450478-07:00] [pid=12520] [2026.05.13-10.17.12:045][  0]LogShaderCompilers: Cleaned the shader compiler working directory 'C:/Users/kapil/AppData/Local/Temp/UnrealShaderWorkingDir/36CB927340CA89D8D11CCAB19CCE5B86/'.
[2026-05-13T03:17:12.0450478-07:00] [pid=12520] [2026.05.13-10.17.12:045][  0]LogXGEController: Cannot use XGE Controller as Incredibuild is not installed on this machine.
[2026-05-13T03:17:12.0450478-07:00] [pid=12520] [2026.05.13-10.17.12:045][  0]LogShaderCompilers: Cannot use XGE Shader Compiler as Incredibuild is not installed on this machine.
[2026-05-13T03:17:12.0450478-07:00] [pid=12520] [2026.05.13-10.17.12:045][  0]LogShaderCompilers: Display: Using Local Shader Compiler.
[2026-05-13T03:17:12.6200162-07:00] [pid=12520] [2026.05.13-10.17.12:619][  0]LogDerivedDataCache: Display: Max Cache Size: 512 MB
[2026-05-13T03:17:12.6786171-07:00] [pid=12520] [2026.05.13-10.17.12:678][  0]LogDerivedDataCache: Loaded boot cache 0.06s 78MB C:/Users/kapil/AppData/Local/UnrealEngine/4.27/DerivedDataCache/Boot.ddc.
[2026-05-13T03:17:12.6786171-07:00] [pid=12520] [2026.05.13-10.17.12:678][  0]LogDerivedDataCache: Display: Loaded Boot cache: C:/Users/kapil/AppData/Local/UnrealEngine/4.27/DerivedDataCache/Boot.ddc
[2026-05-13T03:17:12.6786171-07:00] [pid=12520] [2026.05.13-10.17.12:678][  0]LogDerivedDataCache: FDerivedDataBackendGraph:  Pak pak cache file ../../../../../../Users/kapil/OneDrive/Documents/Unreal Projects/testTP/DerivedDataCache/DDC.ddp not found, will not use a pak cache.
[2026-05-13T03:17:12.6786171-07:00] [pid=12520] [2026.05.13-10.17.12:678][  0]LogDerivedDataCache: Unable to find inner node Pak for hierarchical cache Hierarchy.
[2026-05-13T03:17:12.6786171-07:00] [pid=12520] [2026.05.13-10.17.12:678][  0]LogDerivedDataCache: FDerivedDataBackendGraph:  CompressedPak pak cache file ../../../../../../Users/kapil/OneDrive/Documents/Unreal Projects/testTP/DerivedDataCache/Compressed.ddp not found, will not use a pak cache.
[2026-05-13T03:17:12.6786171-07:00] [pid=12520] [2026.05.13-10.17.12:678][  0]LogDerivedDataCache: Unable to find inner node CompressedPak for hierarchical cache Hierarchy.
[2026-05-13T03:17:12.6921504-07:00] [pid=12520] [2026.05.13-10.17.12:692][  0]LogDerivedDataCache: Display: Pak cache opened for reading ../../../Engine/DerivedDataCache/Compressed.ddp.
[2026-05-13T03:17:12.6921504-07:00] [pid=12520] [2026.05.13-10.17.12:692][  0]LogDerivedDataCache: FDerivedDataBackendGraph:  EnterprisePak pak cache file ../../../Enterprise/DerivedDataCache/Compressed.ddp not found, will not use a pak cache.
[2026-05-13T03:17:12.6921504-07:00] [pid=12520] [2026.05.13-10.17.12:692][  0]LogDerivedDataCache: Unable to find inner node EnterprisePak for hierarchical cache Hierarchy.
[2026-05-13T03:17:12.6996615-07:00] [pid=12520] [2026.05.13-10.17.12:699][  0]LogDerivedDataCache: Speed tests for C:/Users/kapil/AppData/Local/UnrealEngine/Common/DerivedDataCache took 0.01 seconds
[2026-05-13T03:17:12.7001654-07:00] [pid=12520] [2026.05.13-10.17.12:699][  0]LogDerivedDataCache: Display: Performance to C:/Users/kapil/AppData/Local/UnrealEngine/Common/DerivedDataCache: Latency=0.02ms. RandomReadSpeed=1148.76MBs, RandomWriteSpeed=144.88MBs. Assigned SpeedClass 'Local'
[2026-05-13T03:17:12.7011704-07:00] [pid=12520] [2026.05.13-10.17.12:701][  0]LogDerivedDataCache: Using Local data cache path C:/Users/kapil/AppData/Local/UnrealEngine/Common/DerivedDataCache: Writable
[2026-05-13T03:17:12.7011704-07:00] [pid=12520] [2026.05.13-10.17.12:701][  0]LogDerivedDataCache: Shared data cache path not found in *engine.ini, will not use an Shared cache.
[2026-05-13T03:17:12.7011704-07:00] [pid=12520] [2026.05.13-10.17.12:701][  0]LogDerivedDataCache: Unable to find inner node Shared for hierarchical cache Hierarchy.
[2026-05-13T03:17:12.7332637-07:00] [pid=12520] [2026.05.13-10.17.12:733][  0]LogSlate: Using FreeType 2.10.0
[2026-05-13T03:17:12.7332637-07:00] [pid=12520] [2026.05.13-10.17.12:733][  0]LogSlate: SlateFontServices - WITH_FREETYPE: 1, WITH_HARFBUZZ: 1
[2026-05-13T03:17:12.7778601-07:00] [pid=12520] [2026.05.13-10.17.12:777][  0]LogInit: Using OS detected language (en-US).
[2026-05-13T03:17:12.7778601-07:00] [pid=12520] [2026.05.13-10.17.12:777][  0]LogInit: Using OS detected locale (en-US).
[2026-05-13T03:17:12.7778601-07:00] [pid=12520] [2026.05.13-10.17.12:777][  0]LogTextLocalizationManager: No localization for 'en-US' exists, so 'en' will be used for the language.
[2026-05-13T03:17:12.7778601-07:00] [pid=12520] [2026.05.13-10.17.12:777][  0]LogTextLocalizationManager: No localization for 'en-US' exists, so 'en' will be used for the locale.
[2026-05-13T03:17:12.7778601-07:00] [pid=12520] [2026.05.13-10.17.12:777][  0]LogSlate: FontCache flush requested. Reason: Culture for localization was changed
[2026-05-13T03:17:12.7778601-07:00] [pid=12520] [2026.05.13-10.17.12:777][  0]LogSlate: FontCache flush requested. Reason: Culture for localization was changed
[2026-05-13T03:17:12.7803705-07:00] [pid=12520] [2026.05.13-10.17.12:780][  0]LogTextLocalizationManager: Compacting localization data took   0.00ms
[2026-05-13T03:17:12.7803705-07:00] [pid=12520] [2026.05.13-10.17.12:780][  0]LogAssetRegistry: FAssetRegistry took 0.0015 seconds to start up
[2026-05-13T03:17:12.9367138-07:00] [pid=12520] [2026.05.13-10.17.12:936][  0]LogPackageLocalizationCache: Processed 28 localized package path(s) for 1 prioritized culture(s) in 0.029591 seconds
[2026-05-13T03:17:12.9873575-07:00] [pid=12520] [2026.05.13-10.17.12:987][  0]LogInit: Selected Device Profile: [Windows]
[2026-05-13T03:17:12.9883576-07:00] [pid=12520] [2026.05.13-10.17.12:988][  0]LogInit: Active device profile: [00000230517E3400][000002304A245680 49] Windows
[2026-05-13T03:17:12.9883576-07:00] [pid=12520] [2026.05.13-10.17.12:988][  0]LogInit: Profiles: [00000230517E3400][000002304A245680 49] Windows, [0000023051794E00][000002304A24D800 49] WindowsNoEditor, [00000230517E0E00][000002304A251980 49] WindowsServer, [0000023051796B00][000002304A255B00 49] WindowsClient, [00000230517E2A00][000002304A258100 49] IOS, [0000023051795800][000002303AEB6280 49] iPadAir, [00000230517E1700][000002303AEBA400 49] iPadAir2, [0000023051743900][000002303AEC26C0 49] IPadPro, [0000023051743A00][000002303AEBE700 49] iPadAir3, [00000230517E2300][000002303AEC6880 49] iPadAir4, [0000023051741300][000002303AECAA00 49] iPadMini2, [00000230517E3C00][000002303AECEB80 49] iPadMini3, [0000023051742500][000002304A7E6D00 49] iPadMini4, [00000230517E1100][000002304A7EAE80 49] iPadMini5, [000002305178B200][000002304A7F3140 49] iPhone6, [000002305178B300][000002304A7EF180 49] iPodTouch6, [0000023051740400][000002304A7FB440 49] iPhone7, [0000023051740300][000002304A7F7480 49] iPodTouch7, [0000023051789200][000002304A2495C0 49] iPhone5S, [0000023051740A00][000002304A7FF700 49] iPhone6Plus, [000002305178A600][000002304A803840 49] iPhone6S, [0000023051743E00][000002304A80B9C0 49] iPhone6SPlus, [000002305178BA00][000002304A80FB40 49] iPhone7Plus, [0000023051741800][000002304A812140 49] iPhoneSE, [0000023051788900][000002304A8162C0 49] iPhone8, [0000023051742800][000002304A81A440 49] iPhone8Plus, [000002305178A300][000002304A81E5C0 49] iPhoneX, [0000023051742D00][000002304A822740 49] iPhoneXS, [000002305178BC00][000002304A8268C0 49] iPhoneXSMax, [0000023051743500][000002304A82AA40 49] iPhoneXR, [000002305178B700][000002304A82EBC0 49] iPhone11, [0000023051741500][000002304A42AD40 49] iPhone11Pro, [0000023051789E00][000002304A42EEC0 49] iPhone11ProMax, [0000023051740C00][000002304A433040 49] iPhoneSE2, [0000023051788F00][000002304A4371C0 49] iPhone12Mini, [0000023051740F00][000002304A43B340 49] iPhone12, [000002305178A400][000002304A43F4C0 49] iPhone12Pro, [0000023051741400][000002304A443640 49] iPhone12ProMax, [000002305178BD00][000002304A807780 49] iPadPro105, [0000023051742700][000002304A4478C0 49] iPadPro129, [000002305178B900][000002304A44BA00 49] iPadPro97, [0000023051740900][000002304A44FB40 49] iPadPro2_129, [000002305178AF00][000002304A456140 49] iPad5, [0000023051743600][000002304A45A2C0 49] iPad6, [000002305178AB00][000002304A45E440 49] iPad7, [0000023051742300][000002304A4625C0 49] iPad8, [0000023051789700][000002304A466740 49] iPadPro11, [0000023051743400][000002304A46A8C0 49] iPadPro2_11, [000002305178AD00][000002304A46EA40 49] iPadPro3_129, [0000023051740200][000002304A472BC0 49] iPadPro4_129, [0000023051789100][0000023051F3ED40 49] AppleTV, [0000023051742A00][0000023051F42EC0 49] AppleTV4K, [0000023051788400][0000023051F47040 49] TVOS, [0000023051741C00][0000023051F4B1C0 49] Mac, [0000023051788100][0000023051F4F340 49] MacClient, [0000023051743300][0000023051F534C0 49] MacNoEditor, [000002305178B600][0000023051F57640 49] MacServer, [0000023051740B00][0000023051F5B7C0 49] Linux, [0000023051789B00][000002304A453900 49] LinuxAArch64, [0000023051740E00][0000023051F5FA40 49] LinuxNoEditor, [0000023051796600][0000023051F63B80 49] LinuxAArch64NoEditor, [000002305181C300][0000023051F66140 49] LinuxClient, [0000023051794400][0000023051F6E2C0 49] LinuxAArch64Client, [000002305181D800][0000023051F72440 49] LinuxServer, [0000023051795500][0000023051F765C0 49] LinuxAArch64Server, [000002305181C400][0000023051F7A740 49] Android, [0000023051794900][0000023051F7E8C0 49] Android_Low, [000002305181DB00][0000023051F82A40 49] Android_Mid, [0000023051794F00][0000023051F86BC0 49] Android_High, [000002305181C700][0000023051F8AD40 49] Android_Default, [0000023051796900][0000023051F8EEC0 49] Android_Adreno4xx, [000002305181D300][0000023051F93040 49] Android_Adreno5xx_Low, [0000023051794200][0000023051F971C0 49] Android_Adreno5xx, [000002305181C500][0000023051F9B340 49] Android_Adreno6xx, [0000023051797400][0000023051F9F4C0 49] Android_Adreno6xx_Vulkan, [000002305181E700][0000023051FA3640 49] Android_Mali_T6xx, [0000023051795000][0000023051FA77C0 49] Android_Mali_T7xx, [
[2026-05-13T03:17:12.9883576-07:00] [pid=12520] 000002305181D900][0000023051FAB940 49] Android_Mali_T8xx, [0000023051797100][0000023051FAFAC0 49] Android_Mali_G71, [000002305181C100][0000023051F6BC00 49] Android_Mali_G72, [0000023051740500][0000023051FB21C0 49] Android_Mali_G72_Vulkan, [0000023051789900][0000023051FB6300 49] Android_Mali_G76, [0000023051741B00][0000023051FBE480 49] Android_Mali_G76_Vulkan, [0000023051789800][0000023051FC2600 49] Android_Mali_G77, [0000023051740700][0000023051FC6780 49] Android_Mali_G77_Vulkan, [000002305178BB00][0000023051FCA900 49] Android_Mali_G78, [0000023051742B00][0000023051FCEA80 49] Android_Mali_G78_Vulkan, [000002305181CA00][0000023051FD2C00 49] Android_Mali_G710, [0000023051742600][0000023051FD6D80 49] Android_Mali_G710_Vulkan, [000002305181D100][0000023051FDAF00 49] Android_Vulkan_SM5, [0000023051743200][0000023051FDF080 49] Android_PowerVR_G6xxx, [000002305181C600][0000023051FE3200 49] Android_PowerVR_GT7xxx, [0000023051742100][0000023051FE7380 49] Android_PowerVR_GE8xxx, [000002305181E300][0000023051FEB500 49] Android_PowerVR_GM9xxx, [0000023051742E00][0000023051FEF680 49] Android_PowerVR_GM9xxx_Vulkan, [000002305181C900][0000023051FF3800 49] Android_TegraK1, [0000023051741D00][0000023051FF7980 49] Android_Unknown_Vulkan, [000002305181CE00][0000023051FFBB00 49] Lumin, [0000023051740600][0000023051FFE100 49] Lumin_Desktop, [000002305181E500][0000023051FBA240 49] HoloLens, 
[2026-05-13T03:17:13.0239471-07:00] [pid=12520] [2026.05.13-10.17.13:023][  0]LogMeshReduction: Using QuadricMeshReduction for automatic static mesh reduction
[2026-05-13T03:17:13.0239471-07:00] [pid=12520] [2026.05.13-10.17.13:023][  0]LogMeshReduction: Using SimplygonMeshReduction for automatic skeletal mesh reduction
[2026-05-13T03:17:13.0239471-07:00] [pid=12520] [2026.05.13-10.17.13:023][  0]LogMeshReduction: Using ProxyLODMeshReduction for automatic mesh merging
[2026-05-13T03:17:13.0239471-07:00] [pid=12520] [2026.05.13-10.17.13:023][  0]LogMeshReduction: No distributed automatic mesh merging module available
[2026-05-13T03:17:13.0239471-07:00] [pid=12520] [2026.05.13-10.17.13:023][  0]LogMeshMerging: No distributed automatic mesh merging module available
[2026-05-13T03:17:13.0996082-07:00] [pid=12520] [2026.05.13-10.17.13:099][  0]LogNetVersion: testTP 1.0.0, NetCL: 17155196, EngineNetVer: 17, GameNetVer: 0 (Checksum: 3966549976)
[2026-05-13T03:17:13.2911883-07:00] [pid=12520] [2026.05.13-10.17.13:290][  0]LogTexture: Default maximum texture size for cubemaps generated from long-lat sources has been changed from 512 to unlimited. In order to preserve old behaiour for '/Engine/MapTemplates/Sky/DaylightAmbientCubemap.DaylightAmbientCubemap', its maximum texture size has been explicitly set to 512.
[2026-05-13T03:17:13.3353686-07:00] [pid=12520] [2026.05.13-10.17.13:335][  0]LogHMD: PokeAHoleMaterial loaded successfully
[2026-05-13T03:17:13.4211175-07:00] [pid=12520] [2026.05.13-10.17.13:421][  0]LogMoviePlayer: Initializing movie player
[2026-05-13T03:17:13.4702762-07:00] [pid=12520] [2026.05.13-10.17.13:470][  0]LogPython: Using Python 3.7.7
[2026-05-13T03:17:13.7838927-07:00] [pid=12520] [2026.05.13-10.17.13:783][  0]LogNiagaraDebuggerClient: Niagara Debugger Client Initialized | Session: C40D2A5B4199FA3B9F2639B735943D4D | Instance: A0AF778D44AF666FC857DE8A3FDD601F (IMMERSEDEMOM5-12520).
[2026-05-13T03:17:13.8024485-07:00] [pid=12520] [2026.05.13-10.17.13:802][  0]LogCollectionManager: Loaded 0 collections in 0.001181 seconds
[2026-05-13T03:17:13.8054482-07:00] [pid=12520] [2026.05.13-10.17.13:805][  0]LogFileCache: Scanning file cache for directory 'C:/Users/kapil/OneDrive/Documents/Unreal Projects/testTP/Saved/Collections/' took 0.00s
[2026-05-13T03:17:13.8054482-07:00] [pid=12520] [2026.05.13-10.17.13:805][  0]LogFileCache: Scanning file cache for directory 'C:/Users/kapil/OneDrive/Documents/Unreal Projects/testTP/Content/Developers/kapil/Collections/' took 0.00s
[2026-05-13T03:17:13.8054482-07:00] [pid=12520] [2026.05.13-10.17.13:805][  0]LogFileCache: Scanning file cache for directory 'C:/Users/kapil/OneDrive/Documents/Unreal Projects/testTP/Content/Collections/' took 0.00s
[2026-05-13T03:17:13.8054482-07:00] [pid=12520] [2026.05.13-10.17.13:805][  0]LogCollectionManager: Fixed up redirectors for 0 collections in 0.000002 seconds (updated 0 objects)
[2026-05-13T03:17:13.9549106-07:00] [pid=12520] [2026.05.13-10.17.13:954][  0]LogAkAudio: Wwise(R) SDK Version 2019.2.15 Build 7667. Copyright (c) 2006-2019 Audiokinetic Inc.
[2026-05-13T03:17:13.9549106-07:00] [pid=12520] [2026.05.13-10.17.13:954][  0]LogAkAudio: Wwise plug-in DLL path: C:/Users/kapil/OneDrive/Documents/Unreal Projects/testTP/Plugins/Wwise/ThirdParty/x64_vc150/Profile/bin/
[2026-05-13T03:17:13.9564146-07:00] [pid=12520] [2026.05.13-10.17.13:956][  0]LogAkAudio: Wwise remote connection application name: testTP
[2026-05-13T03:17:13.9564146-07:00] [pid=12520] [2026.05.13-10.17.13:956][  0]LogAkAudio: Wwise successfully initialized.
[2026-05-13T03:17:13.9584208-07:00] [pid=12520] <<<_____ ImmerseAudioRenderer _____>>> 
[2026-05-13T03:17:13.9584208-07:00] [pid=12520] RegisterImmerseAudioRendererFX()
[2026-05-13T03:17:13.9584208-07:00] [pid=12520] 
[2026-05-13T03:17:13.9584208-07:00] [pid=12520] <<<_____ ImmerseAudioRenderer _____>>> 
[2026-05-13T03:17:13.9584208-07:00] [pid=12520] CreateImmerseManager
[2026-05-13T03:17:13.9584208-07:00] [pid=12520] 
[2026-05-13T03:17:13.9584208-07:00] [pid=12520] <<<_____ ImmerseAudioRenderer _____>>> 
[2026-05-13T03:17:13.9584208-07:00] [pid=12520] loadAndInitializeImmerseEngine
[2026-05-13T03:17:13.9594213-07:00] [pid=12520] 
[2026-05-13T03:17:13.9609295-07:00] [pid=12520] [EmbodyLOG] May_13_2026 03:17:13.961 line: 457. ___IMMERSEENGINE___ Immerse_SetMemoryInterface inMemoryInterface:000000B7E10CDBB0 
[2026-05-13T03:17:13.9609295-07:00] [pid=12520] [EmbodyLOG] May_13_2026 03:17:13.961 line: 466. ___IMMERSEENGINE___ Immerse_SetThreadInterface inThreadInterface:000000B7E10CDBD0 
[2026-05-13T03:17:13.9619327-07:00] [pid=12520] [EmbodyLOG] May_13_2026 03:17:13.961 line: 451. ___IMMERSEENGINE___ Immerse_SetStatusCallback inCallback:00007FFFC1A33D00 inUserData:0000000000000000 
[2026-05-13T03:17:13.9619327-07:00] [pid=12520] [EmbodyLOG] May_13_2026 03:17:13.962 line: 495. ___IMMERSEENGINE___ Immerse_Initialize inImmerseInit:00007FFFC1A663C0 
[2026-05-13T03:17:13.9619327-07:00] [pid=12520] <<<_____ ImmerseAudioRenderer _____>>> 
[2026-05-13T03:17:13.9619327-07:00] [pid=12520] CreateImmerseAudioRendererFXParams()
[2026-05-13T03:17:13.9619327-07:00] [pid=12520] 
[2026-05-13T03:17:13.9619327-07:00] [pid=12520] <<<_____ ImmerseAudioRenderer _____>>> 
[2026-05-13T03:17:13.9619327-07:00] [pid=12520] WwiseFxNullParams::Init()
[2026-05-13T03:17:13.9619327-07:00] [pid=12520] 
[2026-05-13T03:17:13.9619327-07:00] [pid=12520] [2026.05.13-10.17.13:961][  0]LogAkAudio: Initialization complete.
[2026-05-13T03:17:13.9629342-07:00] [pid=12520] [2026.05.13-10.17.13:961][  0]LogInit: Audiokinetic Audio Device initialized.
[2026-05-13T03:17:13.9649336-07:00] [pid=12520] [EmbodyLOG] May_13_2026 03:17:13.965 line: 373. setLocalDataStorePath: C:\ProgramData\Embody\Immerse Audio Renderer\Tencent\ 
[2026-05-13T03:17:13.9649336-07:00] [pid=12520] [EmbodyLOG] May_13_2026 03:17:13.965 line: 143. ImmerseApiHelper: Immerse Api data path set: C:\ProgramData\Embody\Immerse Audio Renderer\Tencent\. 
[2026-05-13T03:17:13.9684437-07:00] [pid=12520] [EmbodyLOG] May_13_2026 03:17:13.968 line: 73. HpeqHeadsetInterface::Init() - failed to find hpeqAssetPath on filesystem! 
[2026-05-13T03:17:13.9684437-07:00] [pid=12520] [EmbodyLOG] May_13_2026 03:17:13.968 line: 867. ImmerseAudioApiImplBase::InitHpeqData() - failed to initialize hpeq asset data! 
[2026-05-13T03:17:13.9684437-07:00] [pid=12520] [EmbodyLOG] May_13_2026 03:17:13.969 line: 535. ImmerseManager::Initialize() - Failed to initialize HPEQ asset data! 
[2026-05-13T03:17:13.9699499-07:00] [pid=12520] [EmbodyLOG] May_13_2026 03:17:13.969 line: 544. ImmerseManager::Initialize() - failed to load head tracker library! 
[2026-05-13T03:17:14.0401831-07:00] [pid=12520] [2026.05.13-10.17.14:040][  0]LogUProjectInfo: Found projects:
[2026-05-13T03:17:14.0502083-07:00] [pid=12520] [2026.05.13-10.17.14:050][  0]SourceControl: Source control is disabled
[2026-05-13T03:17:14.0502083-07:00] [pid=12520] [2026.05.13-10.17.14:050][  0]SourceControl: Source control is disabled
[2026-05-13T03:17:14.0532191-07:00] [pid=12520] [2026.05.13-10.17.14:053][  0]SourceControl: Source control is disabled
[2026-05-13T03:17:14.1109056-07:00] [pid=12520] [2026.05.13-10.17.14:110][  0]LogOpenImageDenoise: OIDN starting up
[2026-05-13T03:17:14.1384852-07:00] [pid=12520] [2026.05.13-10.17.14:138][  0]LogAndroidPermission: UAndroidPermissionCallbackProxy::GetInstance
[2026-05-13T03:17:14.1520350-07:00] [pid=12520] [2026.05.13-10.17.14:152][  0]LogAudioCaptureCore: Display: No Audio Capture implementations found. Audio input will be silent.
[2026-05-13T03:17:14.1520350-07:00] [pid=12520] [2026.05.13-10.17.14:152][  0]LogAudioCaptureCore: Display: No Audio Capture implementations found. Audio input will be silent.
[2026-05-13T03:17:14.2131871-07:00] [pid=12520] [2026.05.13-10.17.14:213][  0]LogOcInput: OculusInput pre-init called
[2026-05-13T03:17:14.2187028-07:00] [pid=12520] [2026.05.13-10.17.14:218][  0]LogUObjectArray: 22857 objects as part of root set at end of initial load.
[2026-05-13T03:17:14.2187028-07:00] [pid=12520] [2026.05.13-10.17.14:218][  0]LogUObjectAllocator: 6232704 out of 0 bytes used by permanent object pool.
[2026-05-13T03:17:14.2187028-07:00] [pid=12520] [2026.05.13-10.17.14:218][  0]LogUObjectArray: CloseDisregardForGC: 0/0 objects in disregard for GC pool
[2026-05-13T03:17:14.2568804-07:00] [pid=12520] [2026.05.13-10.17.14:256][  0]LogClass: Display: EnumProperty FAkExternalSourceInfo::CodecID is not initialized properly. Module:AkAudio File:Classes/AkGameplayTypes.h
[2026-05-13T03:17:14.2568804-07:00] [pid=12520] [2026.05.13-10.17.14:256][  0]LogClass: Warning: ObjectProperty FAkExternalSourceInfo::ExternalSourceAsset is not initialized properly. Module:AkAudio File:Classes/AkGameplayTypes.h
[2026-05-13T03:17:14.2568804-07:00] [pid=12520] [2026.05.13-10.17.14:256][  0]LogClass: Display: IntProperty FAkChannelMask::ChannelMask is not initialized properly. Module:AkAudio File:Classes/AkGameplayTypes.h
[2026-05-13T03:17:14.2568804-07:00] [pid=12520] [2026.05.13-10.17.14:256][  0]LogClass: Display: BoolProperty FAkPS5AdvancedInitializationSettings::bVorbisHwAcceleration is not initialized properly. Module:AkAudio File:Classes/Platforms/AkPlatform_Pellegrino/AkPS5InitializationSettings.h
[2026-05-13T03:17:14.2568804-07:00] [pid=12520] [2026.05.13-10.17.14:256][  0]LogClass: Display: 4 Uninitialized script struct members found including 1 object properties
[2026-05-13T03:17:14.2578951-07:00] [pid=12520] [2026.05.13-10.17.14:257][  0]LogAutomationTest: Warning: ObjectProperty FAkExternalSourceInfo::ExternalSourceAsset is not initialized properly. Module:AkAudio File:Classes/AkGameplayTypes.h
[2026-05-13T03:17:14.2578951-07:00] [pid=12520] [2026.05.13-10.17.14:257][  0]LogEngine: Initializing Engine...
[2026-05-13T03:17:14.2593977-07:00] [pid=12520] Error [GENERAL |  | OpenXR-Loader] : RuntimeManifestFile::FindManifestFiles - failed to find active runtime file in registry
[2026-05-13T03:17:14.2593977-07:00] [pid=12520] Error [GENERAL | xrEnumerateInstanceExtensionProperties | OpenXR-Loader] : RuntimeInterface::LoadRuntimes - unknown error
[2026-05-13T03:17:14.2593977-07:00] [pid=12520] Error [GENERAL | xrEnumerateInstanceExtensionProperties | OpenXR-Loader] : RuntimeInterface::LoadRuntimes - failed to load a runtime
[2026-05-13T03:17:14.2593977-07:00] [pid=12520] Error [GENERAL | xrEnumerateInstanceExtensionProperties | OpenXR-Loader] : Failed to find default runtime with RuntimeInterface::LoadRuntime()
[2026-05-13T03:17:14.2593977-07:00] [pid=12520] Error [GENERAL | xrEnumerateInstanceExtensionProperties | OpenXR-Loader] : Failed querying extension properties
[2026-05-13T03:17:14.2604015-07:00] [pid=12520] [2026.05.13-10.17.14:259][  0]LogHMD: Failed to enumerate extensions. Please check that you have a valid OpenXR runtime installed.
[2026-05-13T03:17:14.2604015-07:00] [pid=12520] [2026.05.13-10.17.14:260][  0]LogHMD: Failed to initialize OpenVR with code 110
[2026-05-13T03:17:14.2604015-07:00] [pid=12520] [2026.05.13-10.17.14:260][  0]LogMagicLeap: Warning: VR disabled because ZI is not enabled.  To enable, in the editor, Edit -> Project Settings -> Plugins -> Magic Leap Plugin -> Enable Zero Iteration
[2026-05-13T03:17:14.2614031-07:00] [pid=12520] [2026.05.13-10.17.14:261][  0]LogStats: UGameplayTagsManager::InitializeManager -  0.000 s
[2026-05-13T03:17:14.3421881-07:00] [pid=12520] [2026.05.13-10.17.14:341][  0]LogInit: Initializing FReadOnlyCVARCache
[2026-05-13T03:17:14.3421881-07:00] [pid=12520] [2026.05.13-10.17.14:342][  0]LogAudio: Display: Initializing Audio Device Manager...
[2026-05-13T03:17:14.3441909-07:00] [pid=12520] [2026.05.13-10.17.14:344][  0]LogAudio: Display: Loading Default Audio Settings Objects...
[2026-05-13T03:17:14.3451905-07:00] [pid=12520] [2026.05.13-10.17.14:345][  0]LogAudio: Display: No default SoundConcurrencyObject specified (or failed to load).
[2026-05-13T03:17:14.3451905-07:00] [pid=12520] [2026.05.13-10.17.14:345][  0]LogAudio: Display: Audio Device Manager Initialized
[2026-05-13T03:17:14.3451905-07:00] [pid=12520] [2026.05.13-10.17.14:345][  0]LogAudio: Display: Creating Audio Device:                 Id: 1, Scope: Shared, Realtime: True
[2026-05-13T03:17:14.3451905-07:00] [pid=12520] [2026.05.13-10.17.14:345][  0]LogAudioMixer: Display: Audio Mixer Platform Settings:
[2026-05-13T03:17:14.3451905-07:00] [pid=12520] [2026.05.13-10.17.14:345][  0]LogAudioMixer: Display: 	Sample Rate:						  48000
[2026-05-13T03:17:14.3451905-07:00] [pid=12520] [2026.05.13-10.17.14:345][  0]LogAudioMixer: Display: 	Callback Buffer Frame Size Requested: 1024
[2026-05-13T03:17:14.3451905-07:00] [pid=12520] [2026.05.13-10.17.14:345][  0]LogAudioMixer: Display: 	Callback Buffer Frame Size To Use:	  1024
[2026-05-13T03:17:14.3451905-07:00] [pid=12520] [2026.05.13-10.17.14:345][  0]LogAudioMixer: Display: 	Number of buffers to queue:			  2
[2026-05-13T03:17:14.3451905-07:00] [pid=12520] [2026.05.13-10.17.14:345][  0]LogAudioMixer: Display: 	Max Channels (voices):				  32
[2026-05-13T03:17:14.3451905-07:00] [pid=12520] [2026.05.13-10.17.14:345][  0]LogAudioMixer: Display: 	Number of Async Source Workers:		  0
[2026-05-13T03:17:14.3451905-07:00] [pid=12520] [2026.05.13-10.17.14:345][  0]LogAudio: Display: AudioDevice MaxSources: 32
[2026-05-13T03:17:14.3451905-07:00] [pid=12520] [2026.05.13-10.17.14:345][  0]LogAudio: Display: Audio Spatialization Plugin: None (built-in).
[2026-05-13T03:17:14.3451905-07:00] [pid=12520] [2026.05.13-10.17.14:345][  0]LogAudio: Display: Audio Reverb Plugin: None (built-in).
[2026-05-13T03:17:14.3451905-07:00] [pid=12520] [2026.05.13-10.17.14:345][  0]LogAudio: Display: Audio Occlusion Plugin: None (built-in).
[2026-05-13T03:17:14.3451905-07:00] [pid=12520] [2026.05.13-10.17.14:345][  0]LogAudioMixer: Display: Initializing audio mixer.
[2026-05-13T03:17:14.3542141-07:00] [pid=12520] [2026.05.13-10.17.14:354][  0]LogAudioMixer: Display: 0: FrontLeft
[2026-05-13T03:17:14.3542141-07:00] [pid=12520] [2026.05.13-10.17.14:354][  0]LogAudioMixer: Display: 1: FrontRight
[2026-05-13T03:17:14.3653479-07:00] [pid=12520] [2026.05.13-10.17.14:365][  0]LogAudioMixer: Display: Using Audio Device Speakers (2- Realtek(R) Audio)
[2026-05-13T03:17:14.3713760-07:00] [pid=12520] [2026.05.13-10.17.14:371][  0]LogAudioMixer: Display: Initializing Sound Submixes...
[2026-05-13T03:17:14.3723793-07:00] [pid=12520] [2026.05.13-10.17.14:372][  0]LogAudioMixer: Display: Creating Master Submix 'MasterSubmixDefault'
[2026-05-13T03:17:14.3733791-07:00] [pid=12520] [2026.05.13-10.17.14:372][  0]LogAudioMixer: Display: Creating Master Submix 'MasterReverbSubmixDefault'
[2026-05-13T03:17:14.3743869-07:00] [pid=12520] [2026.05.13-10.17.14:374][  0]LogAudioMixer: Display: Creating Master Submix 'MasterEQSubmixDefault'
[2026-05-13T03:17:14.3743869-07:00] [pid=12520] [2026.05.13-10.17.14:374][  0]LogAudioMixer: FMixerPlatformXAudio2::StartAudioStream() called
[2026-05-13T03:17:14.3743869-07:00] [pid=12520] [2026.05.13-10.17.14:374][  0]LogAudioMixer: Display: Output buffers initialized: Frames=1024, Channels=2, Samples=2048
[2026-05-13T03:17:14.3753809-07:00] [pid=12520] [2026.05.13-10.17.14:375][  0]LogAudioMixer: Display: Starting AudioMixerPlatformInterface::RunInternal()
[2026-05-13T03:17:14.3753809-07:00] [pid=12520] [2026.05.13-10.17.14:375][  0]LogAudioMixer: Display: FMixerPlatformXAudio2::SubmitBuffer() called for the first time
[2026-05-13T03:17:14.3753809-07:00] [pid=12520] [2026.05.13-10.17.14:375][  0]LogInit: FAudioDevice initialized.
[2026-05-13T03:17:14.3753809-07:00] [pid=12520] [2026.05.13-10.17.14:375][  0]LogNetVersion: Set ProjectVersion to 1.0.0.0. Version Checksum will be recalculated on next use.
[2026-05-13T03:17:14.4130405-07:00] [pid=12520] [2026.05.13-10.17.14:413][  0]LogDerivedDataCache: Saved boot cache 0.04s 78MB C:/Users/kapil/AppData/Local/UnrealEngine/4.27/DerivedDataCache/Boot.ddc.
[2026-05-13T03:17:14.4140387-07:00] [pid=12520] [2026.05.13-10.17.14:414][  0]LogInit: Texture streaming: Enabled
[2026-05-13T03:17:14.4602283-07:00] [pid=12520] [2026.05.13-10.17.14:460][  0]LogAudio: Display: Audio Device (ID: 1) registered with world 'Untitled'.
[2026-05-13T03:17:14.4602283-07:00] [pid=12520] [2026.05.13-10.17.14:460][  0]LogSlate: Updating window title bar state: overlay mode, drag disabled, window buttons hidden, title bar hidden
[2026-05-13T03:17:14.4612332-07:00] [pid=12520] [2026.05.13-10.17.14:461][  0]LogInit: Display: Game Engine Initialized.
[2026-05-13T03:17:14.4612332-07:00] [pid=12520] [2026.05.13-10.17.14:461][  0]LogNiagaraEditor: GEditor isn't valid! Particle reset commands will not work for Niagara components!
[2026-05-13T03:17:14.5450603-07:00] [pid=12520] [2026.05.13-10.17.14:545][  0]LogInit: Display: Starting Game.
[2026-05-13T03:17:14.5450603-07:00] [pid=12520] [2026.05.13-10.17.14:545][  0]LogNet: Browse: /Game/ThirdPersonBP/Maps/ThirdPersonExampleMap?Name=Player
[2026-05-13T03:17:14.5450603-07:00] [pid=12520] [2026.05.13-10.17.14:545][  0]LogLoad: LoadMap: /Game/ThirdPersonBP/Maps/ThirdPersonExampleMap?Name=Player
[2026-05-13T03:17:14.5450603-07:00] [pid=12520] [2026.05.13-10.17.14:545][  0]LogWorld: BeginTearingDown for /Temp/Untitled_0
[2026-05-13T03:17:14.5450603-07:00] [pid=12520] [2026.05.13-10.17.14:545][  0]LogWorld: UWorld::CleanupWorld for Untitled, bSessionEnded=true, bCleanupResources=true
[2026-05-13T03:17:14.5450603-07:00] [pid=12520] [2026.05.13-10.17.14:545][  0]LogSlate: InvalidateAllWidgets triggered.  All widgets were invalidated
[2026-05-13T03:17:14.5520863-07:00] [pid=12520] [2026.05.13-10.17.14:552][  0]LogAudio: Display: Audio Device unregistered from world 'None'.
[2026-05-13T03:17:14.5540831-07:00] [pid=12520] [2026.05.13-10.17.14:554][  0]LogUObjectHash: Compacting FUObjectHashTables data took   0.51ms
[2026-05-13T03:17:14.7409455-07:00] [pid=12520] [2026.05.13-10.17.14:740][  0]LogAudio: Display: Audio Device (ID: 1) registered with world 'ThirdPersonExampleMap'.
[2026-05-13T03:17:14.7474630-07:00] [pid=12520] [2026.05.13-10.17.14:747][  0]LogAIModule: Creating AISystem for world ThirdPersonExampleMap
[2026-05-13T03:17:14.7494629-07:00] [pid=12520] [2026.05.13-10.17.14:749][  0]LogLoad: Game class is 'ThirdPersonGameMode_C'
[2026-05-13T03:17:14.7519759-07:00] [pid=12520] [2026.05.13-10.17.14:751][  0]LogWorld: Bringing World /Game/ThirdPersonBP/Maps/ThirdPersonExampleMap.ThirdPersonExampleMap up for play (max tick rate 0) at 2026.05.13-03.17.14
[2026-05-13T03:17:14.7519759-07:00] [pid=12520] [2026.05.13-10.17.14:751][  0]LogWorld: Bringing up level for play took: 0.002456
[2026-05-13T03:17:14.7549762-07:00] [pid=12520] [2026.05.13-10.17.14:753][  0]LogTemp: Display: [ImmerseStress] Ready. Defaults: event=SwordHits bus=7p1p4 shareset=Immerse_Audio_Renderer_(Custom)
[2026-05-13T03:17:14.7549762-07:00] [pid=12520] [2026.05.13-10.17.14:753][  0]LogTemp: Display: [ImmerseStress] IMMERSE_USER_ID env=kevin_tencenttest1_emb | IMMERSE_USERID= | IMMERSE_USER=
[2026-05-13T03:17:14.7549762-07:00] [pid=12520] [2026.05.13-10.17.14:754][  0]LogTemp: Display: [testTP] Auto-spawned ImmerseStressTestActor into ThirdPersonExampleMap (type=1)
[2026-05-13T03:17:14.7549762-07:00] [pid=12520] [2026.05.13-10.17.14:754][  0]LogLoad: Took 0.209687 seconds to LoadMap(/Game/ThirdPersonBP/Maps/ThirdPersonExampleMap)
[2026-05-13T03:17:14.7785529-07:00] [pid=12520] [2026.05.13-10.17.14:778][  0]LogSlate: Took 0.000246 seconds to synchronously load lazily loaded font '../../../Engine/Content/Slate/Fonts/Roboto-Regular.ttf' (155K)
[2026-05-13T03:17:14.7976124-07:00] [pid=12520] [2026.05.13-10.17.14:797][  0]LogRenderer: Reallocating scene render targets to support 1536x864 Format 10 NumSamples 1 (Frame:1).
[2026-05-13T03:17:14.7976124-07:00] [pid=12520] [2026.05.13-10.17.14:797][  0]LogInit: Display: Engine is initialized. Leaving FEngineLoop::Init()
[2026-05-13T03:17:14.7976124-07:00] [pid=12520] [2026.05.13-10.17.14:797][  0]LogLoad: (Engine Initialization) Total time: 4.65 seconds
[2026-05-13T03:17:14.7976124-07:00] [pid=12520] [2026.05.13-10.17.14:797][  0]LogLoad: (Engine Initialization) Total Blueprint compile time: 0.00 seconds
[2026-05-13T03:17:14.7976124-07:00] [pid=12520] Resizing viewport due to setres change, 1536 x 864
[2026-05-13T03:17:14.8131460-07:00] [pid=12520] [2026.05.13-10.17.14:813][  0]LogContentStreaming: Texture pool size now 1000 MB
[2026-05-13T03:17:14.8151449-07:00] [pid=12520] [2026.05.13-10.17.14:815][  0]LogSlate: InvalidateAllWidgets triggered.  All widgets were invalidated
[2026-05-13T03:17:14.9294722-07:00] [pid=12520] [2026.05.13-10.17.14:929][  0]LogRenderer: Reallocating scene render targets to support 128x128 Format 10 NumSamples 1 (Frame:1).
[2026-05-13T03:17:14.9530348-07:00] [pid=12520] [2026.05.13-10.17.14:953][  0]LogRenderer: Reallocating scene render targets to support 1536x864 Format 10 NumSamples 1 (Frame:2).
[2026-05-13T03:17:14.9610571-07:00] [pid=12520] [2026.05.13-10.17.14:961][  1]LogSlate: Took 0.000200 seconds to synchronously load lazily loaded font '../../../Engine/Content/Slate/Fonts/Roboto-Regular.ttf' (155K)
[2026-05-13T03:17:14.9800995-07:00] [pid=12520] <<<_____ ImmerseAudioRenderer _____>>> 
[2026-05-13T03:17:14.9800995-07:00] [pid=12520] CreateImmerseAudioRendererFX()
[2026-05-13T03:17:14.9800995-07:00] [pid=12520] 
[2026-05-13T03:17:14.9800995-07:00] [pid=12520] <<<_____ ImmerseAudioRenderer _____>>> 
[2026-05-13T03:17:14.9800995-07:00] [pid=12520] Init: this=000002304E180080
[2026-05-13T03:17:14.9811024-07:00] [pid=12520] 
[2026-05-13T03:17:14.9811024-07:00] [pid=12520] <<<_____ ImmerseAudioRenderer _____>>> 
[2026-05-13T03:17:14.9811024-07:00] [pid=12520] Init: success this=000002304E180080 numChannels=36
[2026-05-13T03:17:14.9811024-07:00] [pid=12520] 
[2026-05-13T03:17:14.9811024-07:00] [pid=12520] [EmbodyLOG] May_13_2026 03:17:14.981 line: 738. ___IMMERSEENGINE___ Immerse_CreateAudioProcessor inChannelConfiguration:5 inInitHrirTuning:0 inInitSpeakerPlacement:0 outAudioProcessor:000000B7ECB1F760 
[2026-05-13T03:17:14.9821060-07:00] [pid=12520] [EmbodyLOG] May_13_2026 03:17:14.982 line: 251. ImmerseAudioApiImplBase::CreateAudioProcessor: failed to obtain personalized shared decoder kernel - expected behaviour if user is not set! 
[2026-05-13T03:17:15.0031565-07:00] [pid=12520] [EmbodyLOG] May_13_2026 03:17:15.003 line: 376. AudioConfig::GetSHIndices() - invalid channelConfig: 6 
[2026-05-13T03:17:15.0302163-07:00] [pid=12520] [EmbodyLOG] May_13_2026 03:17:15.030 line: 281. AudioConfig::InitializeDecoders: Successfully created shared ambisonic decoder kernel 
[2026-05-13T03:17:15.0312210-07:00] [pid=12520] [EmbodyLOG] May_13_2026 03:17:15.032 line: 269. ImmerseAudioApiImplBase::CreateAudioProcessor: failed to init personalized decoder - expected behaviour if user is not set! 
[2026-05-13T03:17:17.3130549-07:00] [pid=12520] [2026.05.13-10.17.17:313][134]LogTemp: Display: [ImmerseStress] REMOTE_HOLD_v1: waiting for go.flag (../../../../../../Users/kapil/OneDrive/Documents/Unreal Projects/testTP/Saved/ImmerseStress/go.flag) retry=1
[2026-05-13T03:17:19.0149053-07:00] [pid=26780] <<<_____ ImmerseAudioRenderer _____>>> 
[2026-05-13T03:17:19.0149053-07:00] [pid=26780] WwiseFxNullParams::Term()
[2026-05-13T03:17:19.0149053-07:00] [pid=26780] 
[2026-05-13T03:17:19.0229502-07:00] [pid=26780] <<<_____ ImmerseAudioRenderer _____>>> 
[2026-05-13T03:17:19.0229502-07:00] [pid=26780] CreateDestroyImmerseManager
[2026-05-13T03:17:19.0229502-07:00] [pid=26780] 
[2026-05-13T03:17:19.0229502-07:00] [pid=26780] <<<_____ ImmerseAudioRenderer _____>>> 
[2026-05-13T03:17:19.0229502-07:00] [pid=26780] DestroyImmerseManager
[2026-05-13T03:17:19.0229502-07:00] [pid=26780] 
[2026-05-13T03:17:19.0510373-07:00] [pid=27484] Focus Exec Name: wwise.exe
[2026-05-13T03:17:19.0510373-07:00] [pid=27484] ---> Focus Exec Name: wwise.exe has WS_OVERLAPPEDWINDOW
[2026-05-13T03:17:19.0630667-07:00] [pid=12520] <<<_____ ImmerseAudioRenderer _____>>> 
[2026-05-13T03:17:19.0630667-07:00] [pid=12520] RegisterImmerseAudioRendererFX()
[2026-05-13T03:17:19.0630667-07:00] [pid=12520] 
[2026-05-13T03:17:19.0630667-07:00] [pid=12520] <<<_____ ImmerseAudioRenderer _____>>> 
[2026-05-13T03:17:19.0630667-07:00] [pid=12520] CreateImmerseManager
[2026-05-13T03:17:19.0630667-07:00] [pid=12520] 
[2026-05-13T03:17:19.0951886-07:00] [pid=12520] <<<_____ ImmerseAudioRenderer _____>>> 
[2026-05-13T03:17:19.0951886-07:00] [pid=12520] CreateImmerseAudioRendererFXParams()
[2026-05-13T03:17:19.0951886-07:00] [pid=12520] 
[2026-05-13T03:17:19.0951886-07:00] [pid=12520] <<<_____ ImmerseAudioRenderer _____>>> 
[2026-05-13T03:17:19.0951886-07:00] [pid=12520] WwiseFxNullParams::Init()
[2026-05-13T03:17:19.0951886-07:00] [pid=12520] 
[2026-05-13T03:17:19.0951886-07:00] [pid=12520] <<<_____ ImmerseAudioRenderer _____>>> 
[2026-05-13T03:17:19.0951886-07:00] [pid=12520] WwiseFxNullParams::SetParam()
[2026-05-13T03:17:19.0951886-07:00] [pid=12520] 
[2026-05-13T03:17:19.0951886-07:00] [pid=12520] <<<_____ ImmerseAudioRenderer _____>>> 
[2026-05-13T03:17:19.0951886-07:00] [pid=12520] WwiseFxNullParams::SetParam()
[2026-05-13T03:17:19.0951886-07:00] [pid=12520] 
[2026-05-13T03:17:19.0951886-07:00] [pid=12520] <<<_____ ImmerseAudioRenderer _____>>> 
[2026-05-13T03:17:19.0951886-07:00] [pid=12520] WwiseFxNullParams::SetParam()
[2026-05-13T03:17:19.0951886-07:00] [pid=12520] 
[2026-05-13T03:17:19.0951886-07:00] [pid=12520] <<<_____ ImmerseAudioRenderer _____>>> 
[2026-05-13T03:17:19.0951886-07:00] [pid=12520] WwiseFxNullParams::SetParam()
[2026-05-13T03:17:19.0951886-07:00] [pid=12520] 
[2026-05-13T03:17:19.0951886-07:00] [pid=12520] <<<_____ ImmerseAudioRenderer _____>>> 
[2026-05-13T03:17:19.0951886-07:00] [pid=12520] WwiseFxNullParams::SetParam()
[2026-05-13T03:17:19.0951886-07:00] [pid=12520] 
[2026-05-13T03:17:19.0966928-07:00] [pid=12520] <<<_____ ImmerseAudioRenderer _____>>> 
[2026-05-13T03:17:19.0966928-07:00] [pid=12520] WwiseFxNullParams::SetParam()
[2026-05-13T03:17:19.0966928-07:00] [pid=12520] 
[2026-05-13T03:17:19.0966928-07:00] [pid=12520] <<<_____ ImmerseAudioRenderer _____>>> 
[2026-05-13T03:17:19.0966928-07:00] [pid=12520] WwiseFxNullParams::SetParam()
[2026-05-13T03:17:19.0966928-07:00] [pid=12520] 
[2026-05-13T03:17:19.0966928-07:00] [pid=12520] <<<_____ ImmerseAudioRenderer _____>>> 
[2026-05-13T03:17:19.0966928-07:00] [pid=12520] WwiseFxNullParams::SetParam()
[2026-05-13T03:17:19.0966928-07:00] [pid=12520] 
[2026-05-13T03:17:19.0966928-07:00] [pid=12520] <<<_____ ImmerseAudioRenderer _____>>> 
[2026-05-13T03:17:19.0966928-07:00] [pid=12520] WwiseFxNullParams::SetParam()
[2026-05-13T03:17:19.0966928-07:00] [pid=12520] 
[2026-05-13T03:17:19.0966928-07:00] [pid=12520] <<<_____ ImmerseAudioRenderer _____>>> 
[2026-05-13T03:17:19.0966928-07:00] [pid=12520] WwiseFxNullParams::ApplyParam()
[2026-05-13T03:17:19.0966928-07:00] [pid=12520] 
[2026-05-13T03:17:19.0966928-07:00] [pid=12520] [EmbodyLOG] May_13_2026 03:17:19.097 line: 649. ___IMMERSEENGINE___ Immerse_SetUserId inUserId:000000B7E27CEE00 
[2026-05-13T03:17:19.0977017-07:00] [pid=12520] <<<_____ ImmerseAudioRenderer _____>>> 
[2026-05-13T03:17:19.0977017-07:00] [pid=12520] WwiseFxNullParams::ApplyParam()
[2026-05-13T03:17:19.0977017-07:00] [pid=12520] 
[2026-05-13T03:17:19.0977017-07:00] [pid=12520] [EmbodyLOG] May_13_2026 03:17:19.097 line: 673. ___IMMERSEENGINE___ Immerse_EnableImmerse inMode: 0 
[2026-05-13T03:17:19.0977017-07:00] [pid=12520] <<<_____ ImmerseAudioRenderer _____>>> 
[2026-05-13T03:17:19.0977017-07:00] [pid=12520] WwiseFxNullParams::ApplyParam()
[2026-05-13T03:17:19.0977017-07:00] [pid=12520] 
[2026-05-13T03:17:19.0977017-07:00] [pid=12520] [EmbodyLOG] May_13_2026 03:17:19.098 line: 673. ___IMMERSEENGINE___ Immerse_EnableImmerse inMode: 1 
[2026-05-13T03:17:19.0987007-07:00] [pid=12520] <<<_____ ImmerseAudioRenderer _____>>> 
[2026-05-13T03:17:19.0987007-07:00] [pid=12520] WwiseFxNullParams::ApplyParam()
[2026-05-13T03:17:19.0987007-07:00] [pid=12520] [EmbodyLOG] May_13_2026 03:17:19.098 line: 3460. generateWebAppUrl(): userId: kevin_tencenttest1_emb 
[2026-05-13T03:17:19.0987007-07:00] [pid=12520] 
[2026-05-13T03:17:19.0992054-07:00] [pid=12520] [EmbodyLOG] May_13_2026 03:17:19.099 line: 710. ___IMMERSEENGINE___ Immerse_EnableHPEQ inHeadset: 0 
[2026-05-13T03:17:19.0997107-07:00] [pid=12520] <<<_____ ImmerseAudioRenderer _____>>> 
[2026-05-13T03:17:19.0997107-07:00] [pid=12520] WwiseFxNullParams::ApplyParam()
[2026-05-13T03:17:19.0997107-07:00] [pid=12520] 
[2026-05-13T03:17:19.0997107-07:00] [pid=12520] <<<_____ ImmerseAudioRenderer _____>>> 
[2026-05-13T03:17:19.0997107-07:00] [pid=12520] WwiseFxNullParams::ApplyParam()
[2026-05-13T03:17:19.0997107-07:00] [pid=12520] 
[2026-05-13T03:17:19.0997107-07:00] [pid=12520] <<<_____ ImmerseAudioRenderer _____>>> 
[2026-05-13T03:17:19.0997107-07:00] [pid=12520] WwiseFxNullParams::ApplyParam()
[2026-05-13T03:17:19.0997107-07:00] [pid=12520] 
[2026-05-13T03:17:19.0997107-07:00] [pid=12520] <<<_____ ImmerseAudioRenderer _____>>> 
[2026-05-13T03:17:19.1007199-07:00] [pid=12520] [EmbodyLOG] May_13_2026 03:17:19.100 line: 759. ___IMMERSEENGINE___ Immerse_SetSpeakerPlacement inSpeakerPlacement:1 
[2026-05-13T03:17:19.1007199-07:00] [pid=12520] WwiseFxNullParams::ApplyParam()
[2026-05-13T03:17:19.1007199-07:00] [pid=12520] 
[2026-05-13T03:17:19.1007199-07:00] [pid=12520] <<<_____ ImmerseAudioRenderer _____>>> 
[2026-05-13T03:17:19.1007199-07:00] [pid=12520] WwiseFxNullParams::ApplyParam()
[2026-05-13T03:17:19.1007199-07:00] [pid=12520] 
[2026-05-13T03:17:19.1017168-07:00] [pid=12520] <<<_____ ImmerseAudioRenderer _____>>> 
[2026-05-13T03:17:19.1017168-07:00] [pid=12520] Term: this=000002304E180080
[2026-05-13T03:17:19.1017168-07:00] [pid=12520] [EmbodyLOG] May_13_2026 03:17:19.102 line: 1316. getLocalSessionID for user: kevin_tencenttest1_emb 06756e30dc6941e7b44b3ad365984a2f 
[2026-05-13T03:17:19.1017168-07:00] [pid=12520] 
[2026-05-13T03:17:19.1017168-07:00] [pid=12520] [EmbodyLOG] May_13_2026 03:17:19.102 line: 752. ___IMMERSEENGINE___ Immerse_DestroyAudioProcessor inAudioProcessor:1 
[2026-05-13T03:17:19.1027211-07:00] [pid=12520] [EmbodyLOG] May_13_2026 03:17:19.102 line: 3468. generateWebAppUrl(): Query context user id = kevin_tencenttest1_emb 
[2026-05-13T03:17:19.1027211-07:00] [pid=12520] <<<_____ ImmerseAudioRenderer _____>>> 
[2026-05-13T03:17:19.1027211-07:00] [pid=12520] WwiseFxNullParams::Term()
[2026-05-13T03:17:19.1027211-07:00] [pid=12520] 
[2026-05-13T03:17:19.1027211-07:00] [pid=12520] <<<_____ ImmerseAudioRenderer _____>>> 
[2026-05-13T03:17:19.1027211-07:00] [pid=12520] CreateImmerseAudioRendererFX()
[2026-05-13T03:17:19.1027211-07:00] [pid=12520] 
[2026-05-13T03:17:19.1027211-07:00] [pid=12520] <<<_____ ImmerseAudioRenderer _____>>> 
[2026-05-13T03:17:19.1027211-07:00] [pid=12520] [EmbodyLOG] May_13_2026 03:17:19.103 line: 1377. constructWebAppUrl: https://u.embodyvr.io/i/rngw2Y5_lOtoFaR-HpaAUW6RXLoZglcG-tqnrMjmmn7sJgwfj64GXg**?q=2h04:en 
[2026-05-13T03:17:19.1027211-07:00] [pid=12520] Init: this=000002304E1801C0
[2026-05-13T03:17:19.1027211-07:00] [pid=12520] 
[2026-05-13T03:17:19.1027211-07:00] [pid=12520] <<<_____ ImmerseAudioRenderer _____>>> 
[2026-05-13T03:17:19.1027211-07:00] [pid=12520] Init: success this=000002304E1801C0 numChannels=36
[2026-05-13T03:17:19.1037235-07:00] [pid=12520] 
[2026-05-13T03:17:19.1037235-07:00] [pid=12520] [EmbodyLOG] May_13_2026 03:17:19.103 line: 3483. generateWebAppUrl(): session url is : https://u.embodyvr.io/i/rngw2Y5_lOtoFaR-HpaAUW6RXLoZglcG-tqnrMjmmn7sJgwfj64GXg**?q=2h04:en 
[2026-05-13T03:17:19.1047246-07:00] [pid=12520] <<<_____ ImmerseAudioRenderer _____>>> 
[2026-05-13T03:17:19.1047246-07:00] [pid=12520] Term: this=000002304E1801C0
[2026-05-13T03:17:19.1047246-07:00] [pid=12520] 
[2026-05-13T03:17:19.1047246-07:00] [pid=12520] <<<_____ ImmerseAudioRenderer _____>>> 
[2026-05-13T03:17:19.1047246-07:00] [pid=12520] WwiseFxNullParams::Term()
[2026-05-13T03:17:19.1047246-07:00] [pid=12520] 
[2026-05-13T03:17:19.1132497-07:00] [pid=12520] <<<_____ ImmerseAudioRenderer _____>>> 
[2026-05-13T03:17:19.1132497-07:00] [pid=12520] CreateImmerseAudioRendererFX()
[2026-05-13T03:17:19.1132497-07:00] [pid=12520] 
[2026-05-13T03:17:19.1132497-07:00] [pid=12520] <<<_____ ImmerseAudioRenderer _____>>> 
[2026-05-13T03:17:19.1132497-07:00] [pid=12520] Init: this=000002304E180300
[2026-05-13T03:17:19.1132497-07:00] [pid=12520] 
[2026-05-13T03:17:19.1142471-07:00] [pid=12520] <<<_____ ImmerseAudioRenderer _____>>> 
[2026-05-13T03:17:19.1142471-07:00] [pid=12520] Init: success this=000002304E180300 numChannels=36
[2026-05-13T03:17:19.1142471-07:00] [pid=12520] 
[2026-05-13T03:17:19.1152473-07:00] [pid=12520] [EmbodyLOG] May_13_2026 03:17:19.116 line: 738. ___IMMERSEENGINE___ Immerse_CreateAudioProcessor inChannelConfiguration:5 inInitHrirTuning:0 inInitSpeakerPlacement:0 outAudioProcessor:000000B7ED69F950 
[2026-05-13T03:17:19.1152473-07:00] [pid=12520] [EmbodyLOG] May_13_2026 03:17:19.116 line: 251. ImmerseAudioApiImplBase::CreateAudioProcessor: failed to obtain personalized shared decoder kernel - expected behaviour if user is not set! 
[2026-05-13T03:17:19.1177595-07:00] [pid=12520] [EmbodyLOG] May_13_2026 03:17:19.117 line: 269. ImmerseAudioApiImplBase::CreateAudioProcessor: failed to init personalized decoder - expected behaviour if user is not set! 
[2026-05-13T03:17:19.1242824-07:00] [pid=12520] [EmbodyLOG] May_13_2026 03:17:19.124 line: 1419. calculateLicenseDaysRemaining(): cached=358, elapsed=0, remaining=358 
[2026-05-13T03:17:19.4266232-07:00] [pid=12520] [EmbodyLOG] May_13_2026 03:17:19.426 line: 2042. updateUserData onSetUserId: update user data on set user id 
[2026-05-13T03:17:19.4276294-07:00] [pid=12520] [EmbodyLOG] May_13_2026 03:17:19.428 line: 1316. getLocalSessionID for user: kevin_tencenttest1_emb 06756e30dc6941e7b44b3ad365984a2f 
[2026-05-13T03:17:19.4276294-07:00] [pid=12520] [EmbodyLOG] May_13_2026 03:17:19.428 line: 2060. ImmerseAPI_updateUserData onSetUserId: syncing with server 
[2026-05-13T03:17:19.4296298-07:00] [pid=12520] [EmbodyLOG] May_13_2026 03:17:19.429 line: 1316. getLocalSessionID for user: kevin_tencenttest1_emb 06756e30dc6941e7b44b3ad365984a2f 
[2026-05-13T03:17:19.4301333-07:00] [pid=12520] [EmbodyLOG] May_13_2026 03:17:19.430 line: 3274. getEmbodyData: STATUS_AUTHORIZING StatusCheck session_id: 06756e30dc6941e7b44b3ad365984a2f, immerse_id: v2.2.447, hrtf_id: 1408e0d2eca549feaf2d5631a49ca7d2, img_id: img_1 
[2026-05-13T03:17:19.4301333-07:00] [pid=12520] [EmbodyLOG] May_13_2026 03:17:19.431 line: 3213. usingLocalUserCache: Using local cache for user: SCR license_type: trial, license_days_left: 358, license_expired: 0, isUniversalUser: 0 
[2026-05-13T03:17:19.4311373-07:00] [pid=12520] [EmbodyLOG] May_13_2026 03:17:19.431 line: 3232. updateUMWHPEQSelection() - updated headsetId: 18446744073709551615 
[2026-05-13T03:17:19.4311373-07:00] [pid=12520] [EmbodyLOG] May_13_2026 03:17:19.431 line: 2669. updateUserHRTFData ProfileName set to : Profile_1 
[2026-05-13T03:17:19.4311373-07:00] [pid=12520] [EmbodyLOG] May_13_2026 03:17:19.431 line: 2724. updateUserHRTFData: inside hrtfCallback invocation 
[2026-05-13T03:17:19.4311373-07:00] [pid=12520] [EmbodyLOG] May_13_2026 03:17:19.432 line: 270. LoadHrtfCallback: HRTF loaded 
[2026-05-13T03:17:19.4321411-07:00] [pid=12520] [EmbodyLOG] May_13_2026 03:17:19.432 line: 3354. getEmbodyData: IMMERSE_STATUS::DATA_FINISHED 
[2026-05-13T03:17:19.7397939-07:00] [pid=12520] [EmbodyLOG] May_13_2026 03:17:19.740 line: 416. DecryptMultiSofaData() - v2 numSections=3 hrtfFlags=1 hrtfSectionOffset=971 hrtfSectionSize=1758624 numEntries=4 dataOffset=1039 dataLength=439639 bmapSize=518 fovdSize=361 
[2026-05-13T03:17:19.7937164-07:00] [pid=12520] [EmbodyLOG] May_13_2026 03:17:19.794 line: 447. DecryptMultiSofaData() - decrypt result: Success 
[2026-05-13T03:17:19.7947160-07:00] [pid=12520] [EmbodyLOG] May_13_2026 03:17:19.794 line: 533. AssetManager - BMAP data (518 bytes): {"buses":[{"label":"Extraction","tunings":[{"id":"extraction_tuning_1","label":"Extraction Tuning 1","hrtf_index":0}],"id":"extraction"},{"label":"Warfare","tunings":[{"id":"warfare_tuning_1","label":"Warfare Tuning 1","hrtf_index":1}],"id":"warfare"},{"label":"Campaign","tunings":[{"id":"campaign_tuning_1","label":"Campaign Tuning 1","hrtf_index":2}],"id":"campaign"},{"label":"Voice Chat","tunings":[{"id":"voice_chat_tuning_1","label":"Voice Chat Tuning 1","hrtf_index":3}],"id":"voice_chat"}],"schema_version":1} 
[2026-05-13T03:17:19.7947160-07:00] [pid=12520] [EmbodyLOG] May_13_2026 03:17:19.795 line: 537. AssetManager - FOVD data (361 bytes): {"schema_version":1,"fov_groups":["l/r"],"fov_presets":[{"studio_speaker_angles_idx":[0,1,6,7,8,9,10,11,12,13,14,15,16,17,18],"label":"Narrow","id":"narrow"},{"studio_speaker_angles_idx":[2,3,6,7,8,9,10,11,12,13,14,15,16,17,18],"label":"Default","id":"default"},{"studio_speaker_angles_idx":[4,5,6,7,8,9,10,11,12,13,14,15,16,17,18],"label":"Wide","id":"wide"}]} 
[2026-05-13T03:17:19.8006698-07:00] [pid=12520] [EmbodyLOG] May_13_2026 03:17:19.801 line: 376. AudioConfig::GetSHIndices() - invalid channelConfig: 6 
[2026-05-13T03:17:19.8447159-07:00] [pid=12520] [EmbodyLOG] May_13_2026 03:17:19.845 line: 281. AudioConfig::InitializeDecoders: Successfully created shared ambisonic decoder kernel 
[2026-05-13T03:17:19.8472208-07:00] [pid=12520] [EmbodyLOG] May_13_2026 03:17:19.847 line: 1419. calculateLicenseDaysRemaining(): cached=358, elapsed=0, remaining=358 
[2026-05-13T03:17:19.8482285-07:00] [pid=12520] [EmbodyLOG] May_13_2026 03:17:19.848 line: 1419. calculateLicenseDaysRemaining(): cached=358, elapsed=0, remaining=358 
[2026-05-13T03:17:19.8506772-07:00] [pid=12520] [EmbodyLOG] May_13_2026 03:17:19.850 line: 1316. getLocalSessionID for user: kevin_tencenttest1_emb 06756e30dc6941e7b44b3ad365984a2f 
[2026-05-13T03:17:19.8516836-07:00] [pid=12520] [EmbodyLOG] May_13_2026 03:17:19.851 line: 2576. ImmerseAPI: Too many status checks within the period allowed, returning early 
[2026-05-13T03:17:19.8516836-07:00] [pid=12520] [EmbodyLOG] May_13_2026 03:17:19.852 line: 3232. updateUMWHPEQSelection() - updated headsetId: 18446744073709551615 
[2026-05-13T03:17:19.8526953-07:00] [pid=12520] [EmbodyLOG] May_13_2026 03:17:19.853 line: 1419. calculateLicenseDaysRemaining(): cached=358, elapsed=0, remaining=358 
[2026-05-13T03:17:19.8526953-07:00] [pid=12520] [EmbodyLOG] May_13_2026 03:17:19.853 line: 1304. ImmerseManager::UpdateHpeqHeadset() - HPEQ disabled 
[2026-05-13T03:17:19.8536942-07:00] [pid=12520] [EmbodyLOG] May_13_2026 03:17:19.854 line: 1419. calculateLicenseDaysRemaining(): cached=358, elapsed=0, remaining=358 
[2026-05-13T03:17:24.8823491-07:00] [pid=24380] [2026.05.13-10.17.24:882][768]LogRunningAppService: Display: New foreground process [12520] C:/Program Files/Epic Games/UE_4.27/Engine/Binaries/Win64/UE4Editor.exe for app C:/Program Files/Epic Games/UE_4.27/
[2026-05-13T03:17:24.8823491-07:00] [pid=24380] [2026.05.13-10.17.24:882][768]LogRunningAppService: Display: New foreground process [18624] C:/Program Files/Epic Games/UE_4.27/Engine/Binaries/Win64/CrashReportClientEditor.exe for app C:/Program Files/Epic Games/UE_4.27/
[2026-05-13T03:17:24.8823491-07:00] [pid=24380] [2026.05.13-10.17.24:882][768]LogRunningAppService: Display: New foreground app C:/Program Files/Epic Games/UE_4.27/
[2026-05-13T03:17:24.8833494-07:00] [pid=24380] [2026.05.13-10.17.24:883][768]LogRunningAppPresenceHandler: Display: Setting override presence for C:/Program Files/Epic Games/UE_4.27/ (PresenceId=ue)
[2026-05-13T03:17:25.1213091-07:00] [pid=24380] [2026.05.13-10.17.25:120][773]LogCommunityPortalOSS: Display: ...found 481 entitled apps
[2026-05-13T03:17:25.4363720-07:00] [pid=12520] <<<_____ ImmerseAudioRenderer _____>>> 
[2026-05-13T03:17:25.4363720-07:00] [pid=12520] WwiseFxNullParams::SetParam()
[2026-05-13T03:17:25.4363720-07:00] [pid=12520] 
[2026-05-13T03:17:25.4363720-07:00] [pid=12520] <<<_____ ImmerseAudioRenderer _____>>> 
[2026-05-13T03:17:25.4363720-07:00] [pid=12520] WwiseFxNullParams::ApplyParam()
[2026-05-13T03:17:25.4363720-07:00] [pid=12520] 
[2026-05-13T03:17:25.4373768-07:00] [pid=12520] [EmbodyLOG] May_13_2026 03:17:25.437 line: 673. ___IMMERSEENGINE___ Immerse_EnableImmerse inMode: 1 
[2026-05-13T03:17:25.4373768-07:00] [pid=12520] <<<_____ ImmerseAudioRenderer _____>>> 
[2026-05-13T03:17:25.4373768-07:00] [pid=12520] WwiseFxNullParams::SetParam()
[2026-05-13T03:17:25.4373768-07:00] [pid=12520] 
[2026-05-13T03:17:25.4373768-07:00] [pid=12520] <<<_____ ImmerseAudioRenderer _____>>> 
[2026-05-13T03:17:25.4373768-07:00] [pid=12520] WwiseFxNullParams::ApplyParam()
[2026-05-13T03:17:25.4373768-07:00] [pid=12520] 
[2026-05-13T03:17:25.4373768-07:00] [pid=12520] [EmbodyLOG] May_13_2026 03:17:25.438 line: 673. ___IMMERSEENGINE___ Immerse_EnableImmerse inMode: 1 
[2026-05-13T03:17:25.4383770-07:00] [pid=12520] [EmbodyLOG] May_13_2026 03:17:25.439 line: 1316. getLocalSessionID for user: kevin_tencenttest1_emb 06756e30dc6941e7b44b3ad365984a2f 
[2026-05-13T03:17:25.4398824-07:00] [pid=12520] [EmbodyLOG] May_13_2026 03:17:25.439 line: 3274. getEmbodyData: STATUS_AUTHORIZING StatusCheck session_id: 06756e30dc6941e7b44b3ad365984a2f, immerse_id: v2.2.447, hrtf_id: 1408e0d2eca549feaf2d5631a49ca7d2, img_id: img_1 
[2026-05-13T03:17:25.4398824-07:00] [pid=12520] [EmbodyLOG] May_13_2026 03:17:25.440 line: 3213. usingLocalUserCache: Using local cache for user: SCR license_type: trial, license_days_left: 358, license_expired: 0, isUniversalUser: 0 
[2026-05-13T03:17:25.4398824-07:00] [pid=12520] [EmbodyLOG] May_13_2026 03:17:25.440 line: 3232. updateUMWHPEQSelection() - updated headsetId: 18446744073709551615 
[2026-05-13T03:17:25.4398824-07:00] [pid=12520] [EmbodyLOG] May_13_2026 03:17:25.440 line: 2669. updateUserHRTFData ProfileName set to : Profile_1 
[2026-05-13T03:17:25.4408884-07:00] [pid=12520] [EmbodyLOG] May_13_2026 03:17:25.441 line: 2724. updateUserHRTFData: inside hrtfCallback invocation 
[2026-05-13T03:17:25.4408884-07:00] [pid=12520] [EmbodyLOG] May_13_2026 03:17:25.441 line: 277. LoadHrtfCallback: HRTF already loaded 
[2026-05-13T03:17:25.4408884-07:00] [pid=12520] [EmbodyLOG] May_13_2026 03:17:25.441 line: 3354. getEmbodyData: IMMERSE_STATUS::DATA_FINISHED 
[2026-05-13T03:17:25.4418945-07:00] [pid=12520] [EmbodyLOG] May_13_2026 03:17:25.442 line: 1419. calculateLicenseDaysRemaining(): cached=358, elapsed=0, remaining=358 
[2026-05-13T03:17:25.4438947-07:00] [pid=12520] [EmbodyLOG] May_13_2026 03:17:25.444 line: 1316. getLocalSessionID for user: kevin_tencenttest1_emb 06756e30dc6941e7b44b3ad365984a2f 
[2026-05-13T03:17:25.4448949-07:00] [pid=12520] [EmbodyLOG] May_13_2026 03:17:25.445 line: 2576. ImmerseAPI: Too many status checks within the period allowed, returning early 
[2026-05-13T03:17:25.4448949-07:00] [pid=12520] [EmbodyLOG] May_13_2026 03:17:25.445 line: 3232. updateUMWHPEQSelection() - updated headsetId: 18446744073709551615 
[2026-05-13T03:17:25.4464002-07:00] [pid=12520] [EmbodyLOG] May_13_2026 03:17:25.446 line: 1419. calculateLicenseDaysRemaining(): cached=358, elapsed=0, remaining=358 
[2026-05-13T03:17:25.5666875-07:00] [pid=12520] <<<_____ ImmerseAudioRenderer _____>>> 
[2026-05-13T03:17:25.5666875-07:00] [pid=12520] WwiseFxNullParams::SetParam()
[2026-05-13T03:17:25.5666875-07:00] [pid=12520] 
[2026-05-13T03:17:25.5666875-07:00] [pid=12520] <<<_____ ImmerseAudioRenderer _____>>> 
[2026-05-13T03:17:25.5666875-07:00] [pid=12520] WwiseFxNullParams::ApplyParam()
[2026-05-13T03:17:25.5666875-07:00] [pid=12520] 
[2026-05-13T03:17:25.5676963-07:00] [pid=12520] [EmbodyLOG] May_13_2026 03:17:25.567 line: 673. ___IMMERSEENGINE___ Immerse_EnableImmerse inMode: 0 
[2026-05-13T03:17:25.5676963-07:00] [pid=12520] <<<_____ ImmerseAudioRenderer _____>>> 
[2026-05-13T03:17:25.5676963-07:00] [pid=12520] WwiseFxNullParams::SetParam()
[2026-05-13T03:17:25.5676963-07:00] [pid=12520] 
[2026-05-13T03:17:25.5676963-07:00] [pid=12520] <<<_____ ImmerseAudioRenderer _____>>> 
[2026-05-13T03:17:25.5676963-07:00] [pid=12520] WwiseFxNullParams::ApplyParam()
[2026-05-13T03:17:25.5676963-07:00] [pid=12520] 
[2026-05-13T03:17:25.5676963-07:00] [pid=12520] [EmbodyLOG] May_13_2026 03:17:25.568 line: 673. ___IMMERSEENGINE___ Immerse_EnableImmerse inMode: 0 
[2026-05-13T03:17:25.5686966-07:00] [pid=12520] [EmbodyLOG] May_13_2026 03:17:25.568 line: 1419. calculateLicenseDaysRemaining(): cached=358, elapsed=0, remaining=358 
[2026-05-13T03:17:25.5696962-07:00] [pid=12520] [EmbodyLOG] May_13_2026 03:17:25.569 line: 1419. calculateLicenseDaysRemaining(): cached=358, elapsed=0, remaining=358 
[2026-05-13T03:17:25.6985864-07:00] [pid=12520] <<<_____ ImmerseAudioRenderer _____>>> 
[2026-05-13T03:17:25.6985864-07:00] [pid=12520] WwiseFxNullParams::SetParam()
[2026-05-13T03:17:25.6985864-07:00] [pid=12520] 
[2026-05-13T03:17:25.6995876-07:00] [pid=12520] <<<_____ ImmerseAudioRenderer _____>>> 
[2026-05-13T03:17:25.6995876-07:00] [pid=12520] WwiseFxNullParams::ApplyParam()
[2026-05-13T03:17:25.6995876-07:00] [pid=12520] 
[2026-05-13T03:17:25.7000912-07:00] [pid=12520] [EmbodyLOG] May_13_2026 03:17:25.700 line: 673. ___IMMERSEENGINE___ Immerse_EnableImmerse inMode: 1 
[2026-05-13T03:17:25.7000912-07:00] [pid=12520] <<<_____ ImmerseAudioRenderer _____>>> 
[2026-05-13T03:17:25.7000912-07:00] [pid=12520] WwiseFxNullParams::SetParam()
[2026-05-13T03:17:25.7000912-07:00] [pid=12520] 
[2026-05-13T03:17:25.7000912-07:00] [pid=12520] <<<_____ ImmerseAudioRenderer _____>>> 
[2026-05-13T03:17:25.7000912-07:00] [pid=12520] WwiseFxNullParams::ApplyParam()
[2026-05-13T03:17:25.7000912-07:00] [pid=12520] 
[2026-05-13T03:17:25.7010973-07:00] [pid=12520] [EmbodyLOG] May_13_2026 03:17:25.701 line: 673. ___IMMERSEENGINE___ Immerse_EnableImmerse inMode: 1 
[2026-05-13T03:17:25.7021016-07:00] [pid=12520] [EmbodyLOG] May_13_2026 03:17:25.702 line: 1316. getLocalSessionID for user: kevin_tencenttest1_emb 06756e30dc6941e7b44b3ad365984a2f 
[2026-05-13T03:17:25.7031013-07:00] [pid=12520] [EmbodyLOG] May_13_2026 03:17:25.703 line: 2576. ImmerseAPI: Too many status checks within the period allowed, returning early 
[2026-05-13T03:17:25.7031013-07:00] [pid=12520] [EmbodyLOG] May_13_2026 03:17:25.703 line: 3232. updateUMWHPEQSelection() - updated headsetId: 18446744073709551615 
[2026-05-13T03:17:25.7041019-07:00] [pid=12520] [EmbodyLOG] May_13_2026 03:17:25.704 line: 1419. calculateLicenseDaysRemaining(): cached=358, elapsed=0, remaining=358 
[2026-05-13T03:17:25.7051020-07:00] [pid=12520] [EmbodyLOG] May_13_2026 03:17:25.705 line: 1316. getLocalSessionID for user: kevin_tencenttest1_emb 06756e30dc6941e7b44b3ad365984a2f 
[2026-05-13T03:17:25.7066084-07:00] [pid=12520] [EmbodyLOG] May_13_2026 03:17:25.707 line: 2576. ImmerseAPI: Too many status checks within the period allowed, returning early 
[2026-05-13T03:17:25.7066084-07:00] [pid=12520] [EmbodyLOG] May_13_2026 03:17:25.707 line: 3232. updateUMWHPEQSelection() - updated headsetId: 18446744073709551615 
[2026-05-13T03:17:25.7081157-07:00] [pid=12520] [EmbodyLOG] May_13_2026 03:17:25.708 line: 1419. calculateLicenseDaysRemaining(): cached=358, elapsed=0, remaining=358 
[2026-05-13T03:17:25.8286630-07:00] [pid=12520] <<<_____ ImmerseAudioRenderer _____>>> 
[2026-05-13T03:17:25.8286630-07:00] [pid=12520] WwiseFxNullParams::SetParam()
[2026-05-13T03:17:25.8286630-07:00] [pid=12520] 
[2026-05-13T03:17:25.8286630-07:00] [pid=12520] <<<_____ ImmerseAudioRenderer _____>>> 
[2026-05-13T03:17:25.8286630-07:00] [pid=12520] WwiseFxNullParams::ApplyParam()
[2026-05-13T03:17:25.8286630-07:00] [pid=12520] 
[2026-05-13T03:17:25.8286630-07:00] [pid=12520] [EmbodyLOG] May_13_2026 03:17:25.829 line: 673. ___IMMERSEENGINE___ Immerse_EnableImmerse inMode: 2 
[2026-05-13T03:17:25.8296644-07:00] [pid=12520] <<<_____ ImmerseAudioRenderer _____>>> 
[2026-05-13T03:17:25.8296644-07:00] [pid=12520] WwiseFxNullParams::SetParam()
[2026-05-13T03:17:25.8296644-07:00] [pid=12520] 
[2026-05-13T03:17:25.8296644-07:00] [pid=12520] <<<_____ ImmerseAudioRenderer _____>>> 
[2026-05-13T03:17:25.8296644-07:00] [pid=12520] WwiseFxNullParams::ApplyParam()
[2026-05-13T03:17:25.8296644-07:00] [pid=12520] 
[2026-05-13T03:17:25.8301684-07:00] [pid=12520] [EmbodyLOG] May_13_2026 03:17:25.830 line: 673. ___IMMERSEENGINE___ Immerse_EnableImmerse inMode: 2 
[2026-05-13T03:17:25.8301684-07:00] [pid=12520] [EmbodyLOG] May_13_2026 03:17:25.830 line: 1419. calculateLicenseDaysRemaining(): cached=358, elapsed=0, remaining=358 
[2026-05-13T03:17:25.8321816-07:00] [pid=12520] [EmbodyLOG] May_13_2026 03:17:25.832 line: 1419. calculateLicenseDaysRemaining(): cached=358, elapsed=0, remaining=358 
[2026-05-13T03:17:25.9639795-07:00] [pid=12520] [2026.05.13-10.17.25:963][ 80]LogAkAudio: Error: Voice Starvation
[2026-05-13T03:17:26.8367363-07:00] [pid=12520] [2026.05.13-10.17.26:836][490]LogTemp: Display: [ImmerseStress] REMOTE_HOLD_v1: waiting for go.flag (../../../../../../Users/kapil/OneDrive/Documents/Unreal Projects/testTP/Saved/ImmerseStress/go.flag) retry=20
[2026-05-13T03:17:26.8552852-07:00] [pid=12520] <<<_____ ImmerseAudioRenderer _____>>> 
[2026-05-13T03:17:26.8552852-07:00] [pid=12520] WwiseFxNullParams::SetParam()
[2026-05-13T03:17:26.8552852-07:00] [pid=12520] 
[2026-05-13T03:17:26.8552852-07:00] [pid=12520] <<<_____ ImmerseAudioRenderer _____>>> 
[2026-05-13T03:17:26.8552852-07:00] [pid=12520] WwiseFxNullParams::ApplyParam()
[2026-05-13T03:17:26.8552852-07:00] [pid=12520] 
[2026-05-13T03:17:26.8552852-07:00] [pid=12520] [EmbodyLOG] May_13_2026 03:17:26.856 line: 673. ___IMMERSEENGINE___ Immerse_EnableImmerse inMode: 1 
[2026-05-13T03:17:26.8567891-07:00] [pid=12520] <<<_____ ImmerseAudioRenderer _____>>> 
[2026-05-13T03:17:26.8567891-07:00] [pid=12520] WwiseFxNullParams::SetParam()
[2026-05-13T03:17:26.8567891-07:00] [pid=12520] 
[2026-05-13T03:17:26.8567891-07:00] [pid=12520] <<<_____ ImmerseAudioRenderer _____>>> 
[2026-05-13T03:17:26.8567891-07:00] [pid=12520] WwiseFxNullParams::ApplyParam()
[2026-05-13T03:17:26.8567891-07:00] [pid=12520] 
[2026-05-13T03:17:26.8567891-07:00] [pid=12520] [EmbodyLOG] May_13_2026 03:17:26.857 line: 673. ___IMMERSEENGINE___ Immerse_EnableImmerse inMode: 1 
[2026-05-13T03:17:26.8577983-07:00] [pid=12520] [EmbodyLOG] May_13_2026 03:17:26.858 line: 1316. getLocalSessionID for user: kevin_tencenttest1_emb 06756e30dc6941e7b44b3ad365984a2f 
[2026-05-13T03:17:26.8587978-07:00] [pid=12520] [EmbodyLOG] May_13_2026 03:17:26.859 line: 2576. ImmerseAPI: Too many status checks within the period allowed, returning early 
[2026-05-13T03:17:26.8587978-07:00] [pid=12520] [EmbodyLOG] May_13_2026 03:17:26.859 line: 3232. updateUMWHPEQSelection() - updated headsetId: 18446744073709551615 
[2026-05-13T03:17:26.8603036-07:00] [pid=12520] [EmbodyLOG] May_13_2026 03:17:26.860 line: 1419. calculateLicenseDaysRemaining(): cached=358, elapsed=0, remaining=358 
[2026-05-13T03:17:26.8613101-07:00] [pid=12520] [EmbodyLOG] May_13_2026 03:17:26.862 line: 1316. getLocalSessionID for user: kevin_tencenttest1_emb 06756e30dc6941e7b44b3ad365984a2f 
[2026-05-13T03:17:26.8623157-07:00] [pid=12520] [EmbodyLOG] May_13_2026 03:17:26.863 line: 2576. ImmerseAPI: Too many status checks within the period allowed, returning early 
[2026-05-13T03:17:26.8633157-07:00] [pid=12520] [EmbodyLOG] May_13_2026 03:17:26.863 line: 3232. updateUMWHPEQSelection() - updated headsetId: 18446744073709551615 
[2026-05-13T03:17:26.8643173-07:00] [pid=12520] [EmbodyLOG] May_13_2026 03:17:26.864 line: 1419. calculateLicenseDaysRemaining(): cached=358, elapsed=0, remaining=358 
[2026-05-13T03:17:26.9640123-07:00] [pid=12520] [2026.05.13-10.17.26:963][546]LogAkAudio: Error: Voice Starvation
[2026-05-13T03:17:26.9940912-07:00] [pid=12520] <<<_____ ImmerseAudioRenderer _____>>> 
[2026-05-13T03:17:26.9940912-07:00] [pid=12520] WwiseFxNullParams::SetParam()
[2026-05-13T03:17:26.9940912-07:00] [pid=12520] 
[2026-05-13T03:17:26.9940912-07:00] [pid=12520] <<<_____ ImmerseAudioRenderer _____>>> 
[2026-05-13T03:17:26.9940912-07:00] [pid=12520] WwiseFxNullParams::ApplyParam()
[2026-05-13T03:17:26.9940912-07:00] [pid=12520] 
[2026-05-13T03:17:26.9940912-07:00] [pid=12520] [EmbodyLOG] May_13_2026 03:17:26.994 line: 673. ___IMMERSEENGINE___ Immerse_EnableImmerse inMode: 2 
[2026-05-13T03:17:26.9950908-07:00] [pid=12520] <<<_____ ImmerseAudioRenderer _____>>> 
[2026-05-13T03:17:26.9950908-07:00] [pid=12520] WwiseFxNullParams::SetParam()
[2026-05-13T03:17:26.9950908-07:00] [pid=12520] 
[2026-05-13T03:17:26.9950908-07:00] [pid=12520] <<<_____ ImmerseAudioRenderer _____>>> 
[2026-05-13T03:17:26.9950908-07:00] [pid=12520] WwiseFxNullParams::ApplyParam()
[2026-05-13T03:17:26.9950908-07:00] [pid=12520] 
[2026-05-13T03:17:26.9950908-07:00] [pid=12520] [EmbodyLOG] May_13_2026 03:17:26.995 line: 673. ___IMMERSEENGINE___ Immerse_EnableImmerse inMode: 2 
[2026-05-13T03:17:26.9950908-07:00] [pid=12520] [EmbodyLOG] May_13_2026 03:17:26.995 line: 1419. calculateLicenseDaysRemaining(): cached=358, elapsed=0, remaining=358 
[2026-05-13T03:17:26.9965952-07:00] [pid=12520] [EmbodyLOG] May_13_2026 03:17:26.996 line: 1419. calculateLicenseDaysRemaining(): cached=358, elapsed=0, remaining=358 
[2026-05-13T03:17:27.2664103-07:00] [pid=26780] <<<_____ ImmerseAudioRenderer _____>>> 
[2026-05-13T03:17:27.2664103-07:00] [pid=26780] RegisterImmerseAudioRendererFX()
[2026-05-13T03:17:27.2674166-07:00] [pid=26780] 
[2026-05-13T03:17:27.2674166-07:00] [pid=26780] <<<_____ ImmerseAudioRenderer _____>>> 
[2026-05-13T03:17:27.2674166-07:00] [pid=26780] CreateImmerseManager
[2026-05-13T03:17:27.2674166-07:00] [pid=26780] 
[2026-05-13T03:17:27.2674166-07:00] [pid=26780] <<<_____ ImmerseAudioRenderer _____>>> 
[2026-05-13T03:17:27.2674166-07:00] [pid=26780] loadAndInitializeImmerseEngine
[2026-05-13T03:17:27.2674166-07:00] [pid=26780] 
[2026-05-13T03:17:27.2764289-07:00] [pid=26780] <<<_____ ImmerseAudioRenderer _____>>> 
[2026-05-13T03:17:27.2764289-07:00] [pid=26780] CreateDestroyImmerseManager
[2026-05-13T03:17:27.2774349-07:00] [pid=26780] 
[2026-05-13T03:17:27.2774349-07:00] [pid=26780] <<<_____ ImmerseAudioRenderer _____>>> 
[2026-05-13T03:17:27.2774349-07:00] [pid=26780] CreateImmerseManager
[2026-05-13T03:17:27.2774349-07:00] [pid=26780] 
[2026-05-13T03:17:27.3058598-07:00] [pid=26780] <<<_____ ImmerseAudioRenderer _____>>> 
[2026-05-13T03:17:27.3058598-07:00] [pid=26780] CreateImmerseAudioRendererFXParams()
[2026-05-13T03:17:27.3058598-07:00] [pid=26780] 
[2026-05-13T03:17:27.3058598-07:00] [pid=26780] <<<_____ ImmerseAudioRenderer _____>>> 
[2026-05-13T03:17:27.3058598-07:00] [pid=26780] WwiseFxNullParams::Init()
[2026-05-13T03:17:27.3058598-07:00] [pid=26780] 
[2026-05-13T03:17:27.3058598-07:00] [pid=26780] <<<_____ ImmerseAudioRenderer _____>>> 
[2026-05-13T03:17:27.3058598-07:00] [pid=26780] WwiseFxNullParams::SetParam()
[2026-05-13T03:17:27.3058598-07:00] [pid=26780] 
[2026-05-13T03:17:27.3058598-07:00] [pid=26780] <<<_____ ImmerseAudioRenderer _____>>> 
[2026-05-13T03:17:27.3058598-07:00] [pid=26780] WwiseFxNullParams::SetParam()
[2026-05-13T03:17:27.3058598-07:00] [pid=26780] 
[2026-05-13T03:17:27.3058598-07:00] [pid=26780] <<<_____ ImmerseAudioRenderer _____>>> 
[2026-05-13T03:17:27.3058598-07:00] [pid=26780] WwiseFxNullParams::SetParam()
[2026-05-13T03:17:27.3068681-07:00] [pid=26780] 
[2026-05-13T03:17:27.3068681-07:00] [pid=26780] <<<_____ ImmerseAudioRenderer _____>>> 
[2026-05-13T03:17:27.3068681-07:00] [pid=26780] WwiseFxNullParams::SetParam()
[2026-05-13T03:17:27.3068681-07:00] [pid=26780] 
[2026-05-13T03:17:27.3068681-07:00] [pid=26780] <<<_____ ImmerseAudioRenderer _____>>> 
[2026-05-13T03:17:27.3068681-07:00] [pid=26780] WwiseFxNullParams::SetParam()
[2026-05-13T03:17:27.3068681-07:00] [pid=26780] 
[2026-05-13T03:17:27.3068681-07:00] [pid=26780] <<<_____ ImmerseAudioRenderer _____>>> 
[2026-05-13T03:17:27.3068681-07:00] [pid=26780] WwiseFxNullParams::SetParam()
[2026-05-13T03:17:27.3068681-07:00] [pid=26780] 
[2026-05-13T03:17:27.3068681-07:00] [pid=26780] <<<_____ ImmerseAudioRenderer _____>>> 
[2026-05-13T03:17:27.3068681-07:00] [pid=26780] WwiseFxNullParams::SetParam()
[2026-05-13T03:17:27.3068681-07:00] [pid=26780] 
[2026-05-13T03:17:27.3068681-07:00] [pid=26780] <<<_____ ImmerseAudioRenderer _____>>> 
[2026-05-13T03:17:27.3068681-07:00] [pid=26780] WwiseFxNullParams::SetParam()
[2026-05-13T03:17:27.3068681-07:00] [pid=26780] 
[2026-05-13T03:17:27.3068681-07:00] [pid=26780] <<<_____ ImmerseAudioRenderer _____>>> 
[2026-05-13T03:17:27.3068681-07:00] [pid=26780] WwiseFxNullParams::SetParam()
[2026-05-13T03:17:27.3068681-07:00] [pid=26780] 
[2026-05-13T03:17:27.3068681-07:00] [pid=26780] <<<_____ ImmerseAudioRenderer _____>>> 
[2026-05-13T03:17:27.3068681-07:00] [pid=26780] WwiseFxNullParams::ApplyParam()
[2026-05-13T03:17:27.3068681-07:00] [pid=26780] 
[2026-05-13T03:17:27.3068681-07:00] [pid=26780] <<<_____ ImmerseAudioRenderer _____>>> 
[2026-05-13T03:17:27.3068681-07:00] [pid=26780] WwiseFxNullParams::ApplyParam()
[2026-05-13T03:17:27.3068681-07:00] [pid=26780] 
[2026-05-13T03:17:27.3068681-07:00] [pid=26780] <<<_____ ImmerseAudioRenderer _____>>> 
[2026-05-13T03:17:27.3068681-07:00] [pid=26780] WwiseFxNullParams::ApplyParam()
[2026-05-13T03:17:27.3068681-07:00] [pid=26780] 
[2026-05-13T03:17:27.3068681-07:00] [pid=26780] <<<_____ ImmerseAudioRenderer _____>>> 
[2026-05-13T03:17:27.3068681-07:00] [pid=26780] WwiseFxNullParams::ApplyParam()
[2026-05-13T03:17:27.3068681-07:00] [pid=26780] 
[2026-05-13T03:17:27.3068681-07:00] [pid=26780] <<<_____ ImmerseAudioRenderer _____>>> 
[2026-05-13T03:17:27.3068681-07:00] [pid=26780] WwiseFxNullParams::ApplyParam()
[2026-05-13T03:17:27.3068681-07:00] [pid=26780] 
[2026-05-13T03:17:27.3068681-07:00] [pid=26780] <<<_____ ImmerseAudioRenderer _____>>> 
[2026-05-13T03:17:27.3068681-07:00] [pid=26780] WwiseFxNullParams::ApplyParam()
[2026-05-13T03:17:27.3068681-07:00] [pid=26780] 
[2026-05-13T03:17:27.3068681-07:00] [pid=26780] <<<_____ ImmerseAudioRenderer _____>>> 
[2026-05-13T03:17:27.3068681-07:00] [pid=26780] WwiseFxNullParams::ApplyParam()
[2026-05-13T03:17:27.3068681-07:00] [pid=26780] 
[2026-05-13T03:17:27.3068681-07:00] [pid=26780] <<<_____ ImmerseAudioRenderer _____>>> 
[2026-05-13T03:17:27.3068681-07:00] [pid=26780] WwiseFxNullParams::ApplyParam()
[2026-05-13T03:17:27.3068681-07:00] [pid=26780] 
[2026-05-13T03:17:27.3068681-07:00] [pid=26780] <<<_____ ImmerseAudioRenderer _____>>> 
[2026-05-13T03:17:27.3083254-07:00] [pid=26780] WwiseFxNullParams::ApplyParam()
[2026-05-13T03:17:27.3083254-07:00] [pid=26780] 
[2026-05-13T03:17:27.3778416-07:00] [pid=18624] [2026.05.13-10.17.27:376][  0]CrashReportClientDiagnosticLog: Editor/ExitCode:-1
[2026-05-13T03:17:27.3778416-07:00] [pid=18624] [2026.05.13-10.17.27:377][  0]CrashReportClientDiagnosticLog: MTBF/Start:2026.05.13-10.17.27
[2026-05-13T03:17:27.3788408-07:00] [pid=18624] [2026.05.13-10.17.27:378][  0]CrashReportClientDiagnosticLog: MTBF/LoadSession
[2026-05-13T03:17:27.3798416-07:00] [pid=18624] [2026.05.13-10.17.27:378][  0]CrashReportClientDiagnosticLog: MTBF/NoSessionFound
[2026-05-13T03:17:27.3943820-07:00] [pid=18624] [2026.05.13-10.17.27:394][  0]LogInit: Using libcurl 7.55.1-DEV
[2026-05-13T03:17:27.3943820-07:00] [pid=18624] [2026.05.13-10.17.27:394][  0]LogInit:  - built for x86_64-pc-win32
[2026-05-13T03:17:27.3943820-07:00] [pid=18624] [2026.05.13-10.17.27:394][  0]LogInit:  - supports SSL with OpenSSL/1.1.1
[2026-05-13T03:17:27.3943820-07:00] [pid=18624] [2026.05.13-10.17.27:394][  0]LogInit:  - supports HTTP deflate (compression) using libz 1.2.8
[2026-05-13T03:17:27.3943820-07:00] [pid=18624] [2026.05.13-10.17.27:394][  0]LogInit:  - other features:
[2026-05-13T03:17:27.3953817-07:00] [pid=18624] [2026.05.13-10.17.27:394][  0]LogInit:      CURL_VERSION_SSL
[2026-05-13T03:17:27.3953817-07:00] [pid=18624] [2026.05.13-10.17.27:394][  0]LogInit:      CURL_VERSION_LIBZ
[2026-05-13T03:17:27.3953817-07:00] [pid=18624] [2026.05.13-10.17.27:395][  0]LogInit:      CURL_VERSION_IPV6
[2026-05-13T03:17:27.3953817-07:00] [pid=18624] [2026.05.13-10.17.27:395][  0]LogInit:      CURL_VERSION_ASYNCHDNS
[2026-05-13T03:17:27.3953817-07:00] [pid=18624] [2026.05.13-10.17.27:395][  0]LogInit:      CURL_VERSION_LARGEFILE
[2026-05-13T03:17:27.3953817-07:00] [pid=18624] [2026.05.13-10.17.27:395][  0]LogInit:      CURL_VERSION_IDN
[2026-05-13T03:17:27.3953817-07:00] [pid=18624] [2026.05.13-10.17.27:395][  0]LogInit:  CurlRequestOptions (configurable via config and command line):
[2026-05-13T03:17:27.3953817-07:00] [pid=18624] [2026.05.13-10.17.27:395][  0]LogInit:  - bVerifyPeer = false  - Libcurl will NOT verify peer certificate
[2026-05-13T03:17:27.3953817-07:00] [pid=18624] [2026.05.13-10.17.27:395][  0]LogInit:  - bUseHttpProxy = false  - Libcurl will NOT use HTTP proxy
[2026-05-13T03:17:27.3953817-07:00] [pid=18624] [2026.05.13-10.17.27:395][  0]LogInit:  - bDontReuseConnections = false  - Libcurl will reuse connections
[2026-05-13T03:17:27.3953817-07:00] [pid=18624] [2026.05.13-10.17.27:395][  0]LogInit:  - MaxHostConnections = 16  - Libcurl will limit the number of connections to a host
[2026-05-13T03:17:27.3953817-07:00] [pid=18624] [2026.05.13-10.17.27:395][  0]LogInit:  - LocalHostAddr = Default
[2026-05-13T03:17:27.3963812-07:00] [pid=18624] [2026.05.13-10.17.27:395][  0]LogInit:  - BufferSize = 65536
[2026-05-13T03:17:27.3963812-07:00] [pid=18624] [2026.05.13-10.17.27:396][  0]LogAnalytics: Display: [CrashReporter.Release] APIServer = https://datarouter.ol.epicgames.com/. AppVersion = ++UE4+Release-4.27-CL-18319896
[2026-05-13T03:17:27.3973839-07:00] [pid=18624] [2026.05.13-10.17.27:397][  0]CrashReportClientDiagnosticLog: MTBF/Done
[2026-05-13T03:17:27.4099085-07:00] [pid=18624] [2026.05.13-10.17.27:409][  0]LogCore: Engine exit requested (reason: CrashReportClientApp RequestExit)
[2026-05-13T03:17:27.4109118-07:00] [pid=18624] [2026.05.13-10.17.27:409][  0]LogExit: Preparing to exit.
[2026-05-13T03:17:27.4109118-07:00] [pid=18624] [2026.05.13-10.17.27:410][  0]LogExit: Object subsystem successfully closed.
[2026-05-13T03:17:27.4119154-07:00] [pid=18624] [2026.05.13-10.17.27:411][  0]LogModuleManager: Shutting down and abandoning module AnalyticsET (14)
[2026-05-13T03:17:27.4119154-07:00] [pid=18624] [2026.05.13-10.17.27:411][  0]LogModuleManager: Shutting down and abandoning module HTTP (13)
[2026-05-13T03:17:27.4119154-07:00] [pid=18624] [2026.05.13-10.17.27:411][  0]LogHttp: Display: Http module shutting down, but needs to wait on 1 outstanding Http requests:
[2026-05-13T03:17:27.4119154-07:00] [pid=18624] [2026.05.13-10.17.27:411][  0]LogHttp: Display: 	verb=[POST] url=[https://datarouter.ol.epicgames.com/datarouter/api/v1/public/data?SessionID=%7B7B84CA81-4366-DAAF-59A8-8B9A19E60BA0%7D&AppID=CrashReporter.Release&AppVersion=%2B%2BUE4%2BRelease-4.27-CL-18319896&UserID=f8b698bb42db84b438be4e9e5183ed14%7C6da9797861944dd5b2bedb495b874fce%7C2e2120c8-1d81-4764-95c5-a72e8ff85171&AppEnvironment=datacollector-binary&UploadType=eteventstream] refs=[1] status=Processing
[2026-05-13T03:17:27.4119154-07:00] [pid=18624] [2026.05.13-10.17.27:411][  0]LogHttp: Display: cleaning up 1 outstanding Http requests.
[2026-05-13T03:17:27.4129152-07:00] [pid=18624] [2026.05.13-10.17.27:411][  0]LogHttp: Display: Sleeping 0.500s to wait for 1 outstanding Http requests.
[2026-05-13T03:17:27.4419859-07:00] [pid=24380] [2026.05.13-10.17.27:441][822]LogRunningAppService: Display: Dead foreground process [12520] C:/Program Files/Epic Games/UE_4.27/Engine/Binaries/Win64/UE4Editor.exe for app C:/Program Files/Epic Games/UE_4.27/
[2026-05-13T03:17:27.9351320-07:00] [pid=18624] [2026.05.13-10.17.27:935][  0]LogModuleManager: Shutting down and abandoning module SSL (12)
[2026-05-13T03:17:27.9376619-07:00] [pid=18624] [2026.05.13-10.17.27:937][  0]LogModuleManager: Shutting down and abandoning module CrashDebugHelper (8)
[2026-05-13T03:17:27.9376619-07:00] [pid=18624] [2026.05.13-10.17.27:937][  0]LogModuleManager: Shutting down and abandoning module CoreUObject (6)
[2026-05-13T03:17:27.9376619-07:00] [pid=18624] [2026.05.13-10.17.27:937][  0]LogModuleManager: Shutting down and abandoning module PakFile (4)
[2026-05-13T03:17:27.9376619-07:00] [pid=18624] [2026.05.13-10.17.27:937][  0]LogModuleManager: Shutting down and abandoning module RSA (3)
[2026-05-13T03:17:27.9396616-07:00] [pid=18624] [2026.05.13-10.17.27:938][  0]LogExit: Exiting.
[2026-05-13T03:17:28.1432514-07:00] [pid=24380] [2026.05.13-10.17.28:143][837]LogRunningAppService: Display: Dead foreground process [18624] C:/Program Files/Epic Games/UE_4.27/Engine/Binaries/Win64/CrashReportClientEditor.exe for app C:/Program Files/Epic Games/UE_4.27/
