[2026-05-12T07:49:46.1881550-07:00] DebugMonitor start, maxSeconds=1800
[2026-05-12T07:49:46.9533200-07:00] [pid=21620] Focus Exec Name: wwise.exe
[2026-05-12T07:49:46.9533200-07:00] [pid=21620] ---> Focus Exec Name: wwise.exe does not has WS_OVERLAPPEDWINDOW
[2026-05-12T07:49:51.7917118-07:00] [pid=21620] Focus Exec Name: wwise.exe
[2026-05-12T07:49:51.7917118-07:00] [pid=21620] ---> Focus Exec Name: wwise.exe has WS_OVERLAPPEDWINDOW
[2026-05-12T07:49:51.8002456-07:00] [pid=21620] Focus Exec Name: wwise.exe
[2026-05-12T07:49:51.8002456-07:00] [pid=21620] ---> Focus Exec Name: wwise.exe does not has WS_OVERLAPPEDWINDOW
[2026-05-12T07:49:51.8313797-07:00] [pid=21620] Focus Exec Name: wwise.exe
[2026-05-12T07:49:51.8323872-07:00] [pid=21620] ---> Focus Exec Name: wwise.exe has WS_OVERLAPPEDWINDOW
[2026-05-12T07:49:51.8444407-07:00] [pid=21620] [Maximize Proc] Foreground Title: 
[2026-05-12T07:49:51.8444407-07:00] [pid=21620] ---> Focus Exec Name:  has WS_OVERLAPPEDWINDOW
[2026-05-12T07:49:51.8464400-07:00] [pid=21620] [Maximize Proc] Foreground Title: 
[2026-05-12T07:49:51.8464400-07:00] [pid=21620] ---> Focus Exec Name:  has WS_OVERLAPPEDWINDOW
[2026-05-12T07:49:51.8680567-07:00] [pid=21620] [Maximize Proc] Foreground Title: Wwise
[2026-05-12T07:49:51.8680567-07:00] [pid=21620] ---> Focus Exec Name: Wwise has WS_OVERLAPPEDWINDOW
[2026-05-12T07:49:51.8690715-07:00] [pid=21620] [Maximize Proc] Foreground Title: Wwise
[2026-05-12T07:49:51.8690715-07:00] [pid=21620] ---> Focus Exec Name: Wwise has WS_OVERLAPPEDWINDOW
[2026-05-12T07:49:52.0657057-07:00] [pid=21620] Focus Exec Name: wwise.exe
[2026-05-12T07:49:52.0657057-07:00] [pid=21620] ---> Focus Exec Name: wwise.exe does not has WS_OVERLAPPEDWINDOW
[2026-05-12T07:49:52.0717217-07:00] [pid=21620] [Maximize Proc] Foreground Title: Wwise 2019.2.15 
[2026-05-12T07:49:52.0717217-07:00] [pid=21620] ---> Focus Exec Name: Wwise 2019.2.15  has WS_OVERLAPPEDWINDOW
[2026-05-12T07:49:52.0727388-07:00] [pid=21620] [Maximize Proc] Foreground Title: Wwise 2019.2.15 
[2026-05-12T07:49:52.0737451-07:00] [pid=21620] ---> Focus Exec Name: Wwise 2019.2.15  has WS_OVERLAPPEDWINDOW
[2026-05-12T07:49:52.4367366-07:00] [pid=29048] <1>May12 07:49:52.436 SF_29048[CpBoard] [CB] HandleClipboard S to C
[2026-05-12T07:49:52.4367366-07:00] [pid=29048] <1>May12 07:49:52.437 SF_29048[CpBoard] Send clipboard data to client fmt(13).
[2026-05-12T07:49:52.4382488-07:00] [pid=29048] <1>May12 07:49:52.438 SF_29048[CpBoard] [CB] Data Push start. len:616
[2026-05-12T07:49:52.5654358-07:00] [pid=26736] <<<_____ ImmerseAudioRenderer _____>>> 
[2026-05-12T07:49:52.5654358-07:00] [pid=26736] RegisterImmerseAudioRendererFX()
[2026-05-12T07:49:52.5654358-07:00] [pid=26736] 
[2026-05-12T07:49:52.5664367-07:00] [pid=26736] <<<_____ ImmerseAudioRenderer _____>>> 
[2026-05-12T07:49:52.5664367-07:00] [pid=26736] CreateImmerseManager
[2026-05-12T07:49:52.5664367-07:00] [pid=26736] 
[2026-05-12T07:49:52.5664367-07:00] [pid=26736] <<<_____ ImmerseAudioRenderer _____>>> 
[2026-05-12T07:49:52.5664367-07:00] [pid=26736] loadAndInitializeImmerseEngine
[2026-05-12T07:49:52.5664367-07:00] [pid=26736] 
[2026-05-12T07:49:52.5764956-07:00] [pid=26736] <<<_____ ImmerseAudioRenderer _____>>> 
[2026-05-12T07:49:52.5780072-07:00] [pid=26736] CreateDestroyImmerseManager
[2026-05-12T07:49:52.5780072-07:00] [pid=26736] 
[2026-05-12T07:49:52.5780072-07:00] [pid=26736] <<<_____ ImmerseAudioRenderer _____>>> 
[2026-05-12T07:49:52.5780072-07:00] [pid=26736] CreateImmerseManager
[2026-05-12T07:49:52.5780072-07:00] [pid=26736] 
[2026-05-12T07:49:52.6081977-07:00] [pid=26736] <<<_____ ImmerseAudioRenderer _____>>> 
[2026-05-12T07:49:52.6081977-07:00] [pid=26736] CreateImmerseAudioRendererFXParams()
[2026-05-12T07:49:52.6081977-07:00] [pid=26736] 
[2026-05-12T07:49:52.6081977-07:00] [pid=26736] <<<_____ ImmerseAudioRenderer _____>>> 
[2026-05-12T07:49:52.6081977-07:00] [pid=26736] WwiseFxNullParams::Init()
[2026-05-12T07:49:52.6081977-07:00] [pid=26736] 
[2026-05-12T07:49:52.6081977-07:00] [pid=26736] <<<_____ ImmerseAudioRenderer _____>>> 
[2026-05-12T07:49:52.6092141-07:00] [pid=26736] WwiseFxNullParams::SetParam()
[2026-05-12T07:49:52.6092141-07:00] [pid=26736] 
[2026-05-12T07:49:52.6092141-07:00] [pid=26736] <<<_____ ImmerseAudioRenderer _____>>> 
[2026-05-12T07:49:52.6092141-07:00] [pid=26736] WwiseFxNullParams::SetParam()
[2026-05-12T07:49:52.6092141-07:00] [pid=26736] 
[2026-05-12T07:49:52.6102077-07:00] [pid=26736] <<<_____ ImmerseAudioRenderer _____>>> 
[2026-05-12T07:49:52.6102077-07:00] [pid=26736] WwiseFxNullParams::SetParam()
[2026-05-12T07:49:52.6102077-07:00] [pid=26736] 
[2026-05-12T07:49:52.6102077-07:00] [pid=26736] <<<_____ ImmerseAudioRenderer _____>>> 
[2026-05-12T07:49:52.6102077-07:00] [pid=26736] WwiseFxNullParams::SetParam()
[2026-05-12T07:49:52.6102077-07:00] [pid=26736] 
[2026-05-12T07:49:52.6102077-07:00] [pid=26736] <<<_____ ImmerseAudioRenderer _____>>> 
[2026-05-12T07:49:52.6112139-07:00] [pid=26736] WwiseFxNullParams::SetParam()
[2026-05-12T07:49:52.6112139-07:00] [pid=26736] 
[2026-05-12T07:49:52.6112139-07:00] [pid=26736] <<<_____ ImmerseAudioRenderer _____>>> 
[2026-05-12T07:49:52.6112139-07:00] [pid=26736] WwiseFxNullParams::SetParam()
[2026-05-12T07:49:52.6117266-07:00] [pid=26736] 
[2026-05-12T07:49:52.6117266-07:00] [pid=26736] <<<_____ ImmerseAudioRenderer _____>>> 
[2026-05-12T07:49:52.6117266-07:00] [pid=26736] WwiseFxNullParams::SetParam()
[2026-05-12T07:49:52.6117266-07:00] [pid=26736] 
[2026-05-12T07:49:52.6117266-07:00] [pid=26736] <<<_____ ImmerseAudioRenderer _____>>> 
[2026-05-12T07:49:52.6117266-07:00] [pid=26736] WwiseFxNullParams::SetParam()
[2026-05-12T07:49:52.6117266-07:00] [pid=26736] 
[2026-05-12T07:49:52.6117266-07:00] [pid=26736] <<<_____ ImmerseAudioRenderer _____>>> 
[2026-05-12T07:49:52.6117266-07:00] [pid=26736] WwiseFxNullParams::SetParam()
[2026-05-12T07:49:52.6117266-07:00] [pid=26736] 
[2026-05-12T07:49:52.6127412-07:00] [pid=26736] <<<_____ ImmerseAudioRenderer _____>>> 
[2026-05-12T07:49:52.6127412-07:00] [pid=26736] WwiseFxNullParams::ApplyParam()
[2026-05-12T07:49:52.6127412-07:00] [pid=26736] 
[2026-05-12T07:49:52.6127412-07:00] [pid=26736] <<<_____ ImmerseAudioRenderer _____>>> 
[2026-05-12T07:49:52.6127412-07:00] [pid=26736] WwiseFxNullParams::ApplyParam()
[2026-05-12T07:49:52.6127412-07:00] [pid=26736] 
[2026-05-12T07:49:52.6127412-07:00] [pid=26736] <<<_____ ImmerseAudioRenderer _____>>> 
[2026-05-12T07:49:52.6127412-07:00] [pid=26736] WwiseFxNullParams::ApplyParam()
[2026-05-12T07:49:52.6127412-07:00] [pid=26736] 
[2026-05-12T07:49:52.6127412-07:00] [pid=26736] <<<_____ ImmerseAudioRenderer _____>>> 
[2026-05-12T07:49:52.6127412-07:00] [pid=26736] WwiseFxNullParams::ApplyParam()
[2026-05-12T07:49:52.6127412-07:00] [pid=26736] 
[2026-05-12T07:49:52.6127412-07:00] [pid=26736] <<<_____ ImmerseAudioRenderer _____>>> 
[2026-05-12T07:49:52.6127412-07:00] [pid=26736] WwiseFxNullParams::ApplyParam()
[2026-05-12T07:49:52.6137527-07:00] [pid=26736] 
[2026-05-12T07:49:52.6137527-07:00] [pid=26736] <<<_____ ImmerseAudioRenderer _____>>> 
[2026-05-12T07:49:52.6137527-07:00] [pid=26736] WwiseFxNullParams::ApplyParam()
[2026-05-12T07:49:52.6137527-07:00] [pid=26736] 
[2026-05-12T07:49:52.6137527-07:00] [pid=26736] <<<_____ ImmerseAudioRenderer _____>>> 
[2026-05-12T07:49:52.6137527-07:00] [pid=26736] WwiseFxNullParams::ApplyParam()
[2026-05-12T07:49:52.6137527-07:00] [pid=26736] 
[2026-05-12T07:49:52.6137527-07:00] [pid=26736] <<<_____ ImmerseAudioRenderer _____>>> 
[2026-05-12T07:49:52.6137527-07:00] [pid=26736] WwiseFxNullParams::ApplyParam()
[2026-05-12T07:49:52.6137527-07:00] [pid=26736] 
[2026-05-12T07:49:52.6147539-07:00] [pid=26736] <<<_____ ImmerseAudioRenderer _____>>> 
[2026-05-12T07:49:52.6147539-07:00] [pid=26736] WwiseFxNullParams::ApplyParam()
[2026-05-12T07:49:52.6147539-07:00] [pid=26736] 
[2026-05-12T07:49:52.6614725-07:00] [pid=21620] Focus Exec Name: wwise.exe
[2026-05-12T07:49:52.6614725-07:00] [pid=21620] ---> Focus Exec Name: wwise.exe has WS_OVERLAPPEDWINDOW
[2026-05-12T07:49:53.0963578-07:00] [pid=21620] Focus Exec Name: wwise.exe
[2026-05-12T07:49:53.0978637-07:00] [pid=21620] ---> Focus Exec Name: wwise.exe has WS_OVERLAPPEDWINDOW
[2026-05-12T07:49:53.1013750-07:00] [pid=21620] Focus Exec Name: wwise.exe
[2026-05-12T07:49:53.1013750-07:00] [pid=21620] ---> Focus Exec Name: wwise.exe has WS_OVERLAPPEDWINDOW
[2026-05-12T07:49:53.5555180-07:00] [pid=21620] Focus Exec Name: wwise.exe
[2026-05-12T07:49:53.5555180-07:00] [pid=21620] ---> Focus Exec Name: wwise.exe has WS_OVERLAPPEDWINDOW
[2026-05-12T07:49:53.5615448-07:00] [pid=21620] Focus Exec Name: wwise.exe
[2026-05-12T07:49:53.5615448-07:00] [pid=21620] ---> Focus Exec Name: wwise.exe has WS_OVERLAPPEDWINDOW
[2026-05-12T07:49:54.3635336-07:00] [pid=32948] Looking for binary: ../../../Engine/Programs/CrashReportClient/Config/BinaryConfig.ini
[2026-05-12T07:49:54.3655325-07:00] [pid=32948] CrashReportClientDiagnosticLog: CRC/Init:2026.05.12-14.49.54
[2026-05-12T07:49:54.3655325-07:00] [pid=32948] LogPlatformFile: Not using cached read wrapper
[2026-05-12T07:49:54.3655325-07:00] [pid=32948] LogTaskGraph: Started task graph with 4 named threads and 22 total threads with 1 sets of task threads.
[2026-05-12T07:49:54.3655325-07:00] [pid=32948] LogICUInternationalization: ICU TimeZone Detection - Raw Offset: -8:00, Platform Override: ''
[2026-05-12T07:49:54.3655325-07:00] [pid=32948] LogInit: Display: Loading text-based GConfig....
[2026-05-12T07:49:54.3791068-07:00] [pid=32948] LogInit: Build: ++UE4+Release-4.27-CL-18319896
[2026-05-12T07:49:54.3801064-07:00] [pid=32948] LogInit: Engine Version: 4.27.2-18319896+++UE4+Release-4.27
[2026-05-12T07:49:54.3801064-07:00] [pid=32948] LogInit: Compatible Engine Version: 4.27.0-17155196+++UE4+Release-4.27
[2026-05-12T07:49:54.3801064-07:00] [pid=32948] LogInit: Net CL: 17155196
[2026-05-12T07:49:54.3801064-07:00] [pid=32948] LogInit: OS: Windows 10 (Release 2009) (), CPU: 13th Gen Intel(R) Core(TM) i7-13650HX, GPU: Intel(R) UHD Graphics
[2026-05-12T07:49:54.3801064-07:00] [pid=32948] LogInit: Compiled (64-bit): Nov 30 2021 08:03:32
[2026-05-12T07:49:54.3801064-07:00] [pid=32948] LogInit: Compiled with Visual C++: 19.24.28315.00
[2026-05-12T07:49:54.3801064-07:00] [pid=32948] LogInit: Build Configuration: Shipping
[2026-05-12T07:49:54.3801064-07:00] [pid=32948] LogInit: Branch Name: ++UE4+Release-4.27
[2026-05-12T07:49:54.3801064-07:00] [pid=32948] LogInit: Command Line: "C:\Program Files\Epic Games\UE_4.27\Engine\Binaries\Win64\CrashReportClientEditor.exe" "../../../Engine/Binaries/Win64/CrashReportClientEditor.exe"  -READ=580 -WRITE=592 -MONITOR=6736 -unattended -ConcertServer="510169C64D7F751F68ACAF85FA95D979" -RespawnedInstance
[2026-05-12T07:49:54.3801064-07:00] [pid=32948] LogInit: Base Directory: C:/Program Files/Epic Games/UE_4.27/Engine/Binaries/Win64/
[2026-05-12T07:49:54.3801064-07:00] [pid=32948] LogInit: Allocator: TBB
[2026-05-12T07:49:54.3801064-07:00] [pid=32948] LogInit: Installed Engine Build: 1
[2026-05-12T07:49:54.3866298-07:00] [pid=32948] LogInit: Presizing for max 2097152 objects, including 1 objects not considered by GC, pre-allocating 0 bytes for permanent pool.
[2026-05-12T07:49:54.3866298-07:00] [pid=32948] LogConfig: Applying CVar settings from Section [/Script/Engine.StreamingSettings] File [C:/Users/kapil/AppData/Local/CrashReportClient/Saved/Config/WindowsNoEditor/Engine.ini]
[2026-05-12T07:49:54.3866298-07:00] [pid=32948] LogConfig: Setting CVar [[s.MinBulkDataSizeForAsyncLoading:131072]]
[2026-05-12T07:49:54.3866298-07:00] [pid=32948] LogConfig: Setting CVar [[s.AsyncLoadingThreadEnabled:0]]
[2026-05-12T07:49:54.3866298-07:00] [pid=32948] LogConfig: Setting CVar [[s.EventDrivenLoaderEnabled:1]]
[2026-05-12T07:49:54.3866298-07:00] [pid=32948] LogConfig: Setting CVar [[s.WarnIfTimeLimitExceeded:0]]
[2026-05-12T07:49:54.3866298-07:00] [pid=32948] LogConfig: Setting CVar [[s.TimeLimitExceededMultiplier:1.5]]
[2026-05-12T07:49:54.3866298-07:00] [pid=32948] LogConfig: Setting CVar [[s.TimeLimitExceededMinTime:0.005]]
[2026-05-12T07:49:54.3866298-07:00] [pid=32948] LogConfig: Setting CVar [[s.FlushStreamingOnExit:1]]
[2026-05-12T07:49:54.3866298-07:00] [pid=32948] LogInit: Object subsystem initialized
[2026-05-12T07:49:54.3881417-07:00] [pid=32948] LogConfig: Applying CVar settings from Section [ConsoleVariables] File [C:/Users/kapil/AppData/Local/CrashReportClient/Saved/Config/WindowsNoEditor/Engine.ini]
[2026-05-12T07:49:54.3881417-07:00] [pid=32948] [2026.05.12-14.49.54:388][  0]LogInit: Computer: IMMERSEDEMOM5
[2026-05-12T07:49:54.3891599-07:00] [pid=32948] [2026.05.12-14.49.54:389][  0]LogInit: User: kapil
[2026-05-12T07:49:54.3891599-07:00] [pid=32948] [2026.05.12-14.49.54:389][  0]LogInit: CPU Page size=4096, Cores=14
[2026-05-12T07:49:54.3891599-07:00] [pid=32948] [2026.05.12-14.49.54:389][  0]LogInit: High frequency timer resolution =10.000000 MHz
[2026-05-12T07:49:54.3891599-07:00] [pid=32948] [2026.05.12-14.49.54:389][  0]LogMemory: Memory total: Physical=15.7GB (16GB approx)
[2026-05-12T07:49:54.3891599-07:00] [pid=32948] [2026.05.12-14.49.54:389][  0]LogMemory: Platform Memory Stats for WindowsNoEditor
[2026-05-12T07:49:54.3891599-07:00] [pid=32948] [2026.05.12-14.49.54:389][  0]LogMemory: Process Physical Memory: 30.44 MB used, 30.44 MB peak
[2026-05-12T07:49:54.3891599-07:00] [pid=32948] [2026.05.12-14.49.54:389][  0]LogMemory: Process Virtual Memory: 65.81 MB used, 65.81 MB peak
[2026-05-12T07:49:54.3891599-07:00] [pid=32948] [2026.05.12-14.49.54:389][  0]LogMemory: Physical Memory: 11802.58 MB used,  4266.12 MB free, 16068.70 MB total
[2026-05-12T07:49:54.3891599-07:00] [pid=32948] [2026.05.12-14.49.54:389][  0]LogMemory: Virtual Memory: 134210304.00 MB used,  7424.41 MB free, 134217728.00 MB total
[2026-05-12T07:49:54.3926857-07:00] [pid=32948] [2026.05.12-14.49.54:392][  0]LogUObjectArray: 363 objects as part of root set at end of initial load.
[2026-05-12T07:49:54.3926857-07:00] [pid=32948] [2026.05.12-14.49.54:392][  0]LogUObjectArray: 0 objects are not in the root set, but can never be destroyed because they are in the DisregardForGC set.
[2026-05-12T07:49:54.3926857-07:00] [pid=32948] [2026.05.12-14.49.54:392][  0]LogUObjectAllocator: 53496 out of 0 bytes used by permanent object pool.
[2026-05-12T07:49:54.3926857-07:00] [pid=32948] [2026.05.12-14.49.54:392][  0]LogUObjectArray: CloseDisregardForGC: 363/363 objects in disregard for GC pool
[2026-05-12T07:49:54.3926857-07:00] [pid=32948] [2026.05.12-14.49.54:392][  0]LogInit: Using OS detected language (en-US).
[2026-05-12T07:49:54.3926857-07:00] [pid=32948] [2026.05.12-14.49.54:392][  0]LogInit: Using OS detected locale (en-US).
[2026-05-12T07:49:54.3936891-07:00] [pid=32948] [2026.05.12-14.49.54:393][  0]LogTextLocalizationManager: No specific localization for 'en-US' exists, so the 'en' localization will be used.
[2026-05-12T07:49:54.4082767-07:00] [pid=32948] [2026.05.12-14.49.54:408][  0]LogInit: Using OS detected language (en-US).
[2026-05-12T07:49:54.4082767-07:00] [pid=32948] [2026.05.12-14.49.54:408][  0]LogInit: Using OS detected locale (en-US).
[2026-05-12T07:49:54.4082767-07:00] [pid=32948] [2026.05.12-14.49.54:408][  0]LogTextLocalizationManager: No localization for 'en-US' exists, so 'en' will be used for the language.
[2026-05-12T07:49:54.4082767-07:00] [pid=32948] [2026.05.12-14.49.54:408][  0]LogTextLocalizationManager: No localization for 'en-US' exists, so 'en' will be used for the locale.
[2026-05-12T07:49:54.4082767-07:00] [pid=32948] [2026.05.12-14.49.54:408][  0]LogTextLocalizationManager: Compacting localization data took   0.00ms
[2026-05-12T07:49:54.4082767-07:00] [pid=32948] [2026.05.12-14.49.54:408][  0]LogPackageLocalizationCache: Processed 2 localized package path(s) for 1 prioritized culture(s) in 0.000066 seconds
[2026-05-12T07:49:54.4113033-07:00] [pid=32948] [2026.05.12-14.49.54:411][  0]CrashReportClientDiagnosticLog: CRC/Load
[2026-05-12T07:49:54.4118090-07:00] [pid=32948] [2026.05.12-14.49.54:411][  0]CrashReportClientDiagnosticLog: CRC/Config
[2026-05-12T07:49:54.4118090-07:00] [pid=32948] [2026.05.12-14.49.54:411][  0]CrashReportCoreLog: CrashReportClientVersion=1.0
[2026-05-12T07:49:54.4118090-07:00] [pid=32948] [2026.05.12-14.49.54:411][  0]CrashReportCoreLog: CrashReportReceiver disabled
[2026-05-12T07:49:54.4118090-07:00] [pid=32948] [2026.05.12-14.49.54:411][  0]CrashReportCoreLog: DataRouterUrl: https://datarouter.ol.epicgames.com/datarouter/api/v1/public/data
[2026-05-12T07:49:54.4118090-07:00] [pid=32948] [2026.05.12-14.49.54:411][  0]LogCrashDebugHelper: DepotName: //UE4/Release-4.27
[2026-05-12T07:49:54.4128179-07:00] [pid=32948] [2026.05.12-14.49.54:411][  0]LogCrashDebugHelper: BuiltFromCL: 18319896
[2026-05-12T07:49:54.4128179-07:00] [pid=32948] [2026.05.12-14.49.54:412][  0]LogCrashDebugHelper: EngineVersion: 4.27.2-18319896+++UE4+Release-4.27
[2026-05-12T07:49:54.4128179-07:00] [pid=32948] [2026.05.12-14.49.54:412][  0]LogCrashDebugHelper: BuildVersion: ++UE4+Release-4.27-CL-18319896
[2026-05-12T07:49:54.4138270-07:00] [pid=32948] [2026.05.12-14.49.54:412][  0]CrashReportClientDiagnosticLog: Monitor/Start:32948
[2026-05-12T07:49:54.4138270-07:00] [pid=32948] [2026.05.12-14.49.54:413][  0]CrashReportClientDiagnosticLog: OpenProcess/Done
[2026-05-12T07:49:54.7317419-07:00] [pid=6736] Looking for binary: ../../../../../../Users/kapil/OneDrive/Documents/Unreal Projects/testTP/Config/BinaryConfig.ini
[2026-05-12T07:49:54.7327465-07:00] [pid=6736] LogWindows: Failed to load 'aqProf.dll' (GetLastError=126)
[2026-05-12T07:49:54.7327465-07:00] [pid=6736] LogWindows: File 'aqProf.dll' does not exist
[2026-05-12T07:49:54.7327465-07:00] [pid=6736] LogWindows: Failed to load 'VtuneApi.dll' (GetLastError=126)
[2026-05-12T07:49:54.7327465-07:00] [pid=6736] LogWindows: File 'VtuneApi.dll' does not exist
[2026-05-12T07:49:54.7327465-07:00] [pid=6736] LogWindows: Failed to load 'VtuneApi32e.dll' (GetLastError=126)
[2026-05-12T07:49:54.7327465-07:00] [pid=6736] LogWindows: File 'VtuneApi32e.dll' does not exist
[2026-05-12T07:49:54.7327465-07:00] [pid=6736] LogConsoleResponse: Display: Failed to find resolution value strings in scalability ini. Falling back to default.
[2026-05-12T07:49:54.7327465-07:00] [pid=6736] LogConsoleResponse: Display: Failed to find resolution value strings in scalability ini. Falling back to default.
[2026-05-12T07:49:54.7327465-07:00] [pid=6736] LogInit: Display: Running engine for game: testTP
[2026-05-12T07:49:54.7327465-07:00] [pid=6736] LogPlatformFile: Not using cached read wrapper
[2026-05-12T07:49:54.7337493-07:00] [pid=6736] LogTaskGraph: Started task graph with 5 named threads and 59 total threads with 3 sets of task threads.
[2026-05-12T07:49:54.7337493-07:00] [pid=6736] LogStats: Stats thread started at 0.216452
[2026-05-12T07:49:54.7337493-07:00] [pid=6736] LogICUInternationalization: ICU TimeZone Detection - Raw Offset: -8:00, Platform Override: ''
[2026-05-12T07:49:54.7337493-07:00] [pid=6736] LogInit: Display: Loading text-based GConfig....
[2026-05-12T07:49:54.7815069-07:00] [pid=6736] LogPluginManager: Mounting plugin MeshPainting
[2026-05-12T07:49:54.7825211-07:00] [pid=6736] LogPluginManager: Mounting plugin XGEController
[2026-05-12T07:49:54.7835323-07:00] [pid=6736] LogPluginManager: Mounting plugin Paper2D
[2026-05-12T07:49:54.7845324-07:00] [pid=6736] LogPluginManager: Mounting plugin AISupport
[2026-05-12T07:49:54.7855326-07:00] [pid=6736] LogPluginManager: Mounting plugin CameraShakePreviewer
[2026-05-12T07:49:54.7865261-07:00] [pid=6736] LogPluginManager: Mounting plugin GameplayCameras
[2026-05-12T07:49:54.7865261-07:00] [pid=6736] LogPluginManager: Mounting plugin AnimationSharing
[2026-05-12T07:49:54.7880413-07:00] [pid=6736] LogPluginManager: Mounting plugin OodleData
[2026-05-12T07:49:54.7880413-07:00] [pid=6736] LogPluginManager: Mounting plugin CLionSourceCodeAccess
[2026-05-12T07:49:54.7890639-07:00] [pid=6736] LogPluginManager: Mounting plugin KDevelopSourceCodeAccess
[2026-05-12T07:49:54.7900631-07:00] [pid=6736] LogPluginManager: Mounting plugin NullSourceCodeAccess
[2026-05-12T07:49:54.7900631-07:00] [pid=6736] LogPluginManager: Mounting plugin LightPropagationVolume
[2026-05-12T07:49:54.7915772-07:00] [pid=6736] LogPluginManager: Mounting plugin CodeLiteSourceCodeAccess
[2026-05-12T07:49:54.7915772-07:00] [pid=6736] LogPluginManager: Mounting plugin GitSourceControl
[2026-05-12T07:49:54.7925847-07:00] [pid=6736] LogPluginManager: Mounting plugin PixWinPlugin
[2026-05-12T07:49:54.7935947-07:00] [pid=6736] LogPluginManager: Mounting plugin PerforceSourceControl
[2026-05-12T07:49:54.7935947-07:00] [pid=6736] LogPluginManager: Mounting plugin OodleNetwork
[2026-05-12T07:49:54.7945946-07:00] [pid=6736] LogPluginManager: Mounting plugin PlasticSourceControl
[2026-05-12T07:49:54.7955945-07:00] [pid=6736] LogPluginManager: Mounting plugin PluginUtils
[2026-05-12T07:49:54.7955945-07:00] [pid=6736] LogPluginManager: Mounting plugin PropertyAccessNode
[2026-05-12T07:49:54.7965942-07:00] [pid=6736] LogPluginManager: Mounting plugin SubversionSourceControl
[2026-05-12T07:49:54.7965942-07:00] [pid=6736] LogPluginManager: Mounting plugin EnvironmentQueryEditor
[2026-05-12T07:49:54.7981060-07:00] [pid=6736] LogPluginManager: Mounting plugin UObjectPlugin
[2026-05-12T07:49:54.7981060-07:00] [pid=6736] LogPluginManager: Mounting plugin VisualStudioCodeSourceCodeAccess
[2026-05-12T07:49:54.7991251-07:00] [pid=6736] LogPluginManager: Mounting plugin VisualStudioSourceCodeAccess
[2026-05-12T07:49:54.8001261-07:00] [pid=6736] LogPluginManager: Mounting plugin TextureFormatOodle
[2026-05-12T07:49:54.8001261-07:00] [pid=6736] LogPluginManager: Mounting plugin RiderSourceCodeAccess
[2026-05-12T07:49:54.8016291-07:00] [pid=6736] LogPluginManager: Mounting plugin CryptoKeys
[2026-05-12T07:49:54.8016291-07:00] [pid=6736] LogPluginManager: Mounting plugin XCodeSourceCodeAccess
[2026-05-12T07:49:54.8036566-07:00] [pid=6736] LogPluginManager: Mounting plugin CurveEditorTools
[2026-05-12T07:49:54.8036566-07:00] [pid=6736] LogPluginManager: Mounting plugin AssetManagerEditor
[2026-05-12T07:49:54.8046561-07:00] [pid=6736] LogPluginManager: Mounting plugin DataValidation
[2026-05-12T07:49:54.8056480-07:00] [pid=6736] LogPluginManager: Mounting plugin GameplayTagsEditor
[2026-05-12T07:49:54.8056480-07:00] [pid=6736] LogPluginManager: Mounting plugin GeometryMode
[2026-05-12T07:49:54.8066551-07:00] [pid=6736] LogPluginManager: Mounting plugin PluginBrowser
[2026-05-12T07:49:54.8066551-07:00] [pid=6736] LogPluginManager: Mounting plugin SpeedTreeImporter
[2026-05-12T07:49:54.8081671-07:00] [pid=6736] LogPluginManager: Mounting plugin FacialAnimation
[2026-05-12T07:49:54.8081671-07:00] [pid=6736] LogPluginManager: Mounting plugin Niagara
[2026-05-12T07:49:54.8101887-07:00] [pid=6736] LogPluginManager: Mounting plugin MacGraphicsSwitching
[2026-05-12T07:49:54.8101887-07:00] [pid=6736] LogPluginManager: Mounting plugin MobileLauncherProfileWizard
[2026-05-12T07:49:54.8116910-07:00] [pid=6736] LogPluginManager: Mounting plugin MaterialAnalyzer
[2026-05-12T07:49:54.8116910-07:00] [pid=6736] LogPluginManager: Mounting plugin DatasmithContent
[2026-05-12T07:49:54.8127056-07:00] [pid=6736] LogPluginManager: Mounting plugin VariantManagerContent
[2026-05-12T07:49:54.8137173-07:00] [pid=6736] LogPluginManager: Mounting plugin MagicLeap
[2026-05-12T07:49:54.8147180-07:00] [pid=6736] LogPluginManager: Mounting plugin LuminPlatformFeatures
[2026-05-12T07:49:54.8157175-07:00] [pid=6736] LogPluginManager: Mounting plugin MagicLeapMedia
[2026-05-12T07:49:54.8167176-07:00] [pid=6736] LogPluginManager: Mounting plugin MagicLeapPassableWorld
[2026-05-12T07:49:54.8167176-07:00] [pid=6736] LogPluginManager: Mounting plugin MagicLeapLightEstimation
[2026-05-12T07:49:54.8182290-07:00] [pid=6736] LogPluginManager: Mounting plugin MLSDK
[2026-05-12T07:49:54.8182290-07:00] [pid=6736] LogPluginManager: Mounting plugin AlembicImporter
[2026-05-12T07:49:54.8192431-07:00] [pid=6736] LogPluginManager: Mounting plugin BackChannel
[2026-05-12T07:49:54.8202488-07:00] [pid=6736] LogPluginManager: Mounting plugin ChaosClothEditor
[2026-05-12T07:49:54.8202488-07:00] [pid=6736] LogPluginManager: Mounting plugin AutomationUtils
[2026-05-12T07:49:54.8212419-07:00] [pid=6736] LogPluginManager: Mounting plugin ChaosNiagara
[2026-05-12T07:49:54.8217518-07:00] [pid=6736] LogPluginManager: Mounting plugin ChaosSolverPlugin
[2026-05-12T07:49:54.8227664-07:00] [pid=6736] LogPluginManager: Mounting plugin ChaosEditor
[2026-05-12T07:49:54.8227664-07:00] [pid=6736] LogPluginManager: Mounting plugin CharacterAI
[2026-05-12T07:49:54.8237784-07:00] [pid=6736] LogPluginManager: Mounting plugin ChaosCloth
[2026-05-12T07:49:54.8247784-07:00] [pid=6736] LogPluginManager: Mounting plugin ImgMedia
[2026-05-12T07:49:54.8247784-07:00] [pid=6736] LogPluginManager: Mounting plugin MediaCompositing
[2026-05-12T07:49:54.8257785-07:00] [pid=6736] LogPluginManager: Mounting plugin AvfMedia
[2026-05-12T07:49:54.8267783-07:00] [pid=6736] LogPluginManager: Mounting plugin WebMMedia
[2026-05-12T07:49:54.8267783-07:00] [pid=6736] LogPluginManager: Mounting plugin WmfMedia
[2026-05-12T07:49:54.8267783-07:00] [pid=6736] LogPluginManager: Mounting plugin GeometryCache
[2026-05-12T07:49:54.8282902-07:00] [pid=6736] LogPluginManager: Mounting plugin GeometryProcessing
[2026-05-12T07:49:54.8293037-07:00] [pid=6736] LogPluginManager: Mounting plugin MediaPlayerEditor
[2026-05-12T07:49:54.8293037-07:00] [pid=6736] LogPluginManager: Mounting plugin GeometryCollectionPlugin
[2026-05-12T07:49:54.8303101-07:00] [pid=6736] LogPluginManager: Mounting plugin AndroidMedia
[2026-05-12T07:49:54.8313036-07:00] [pid=6736] LogPluginManager: Mounting plugin MotoSynth
[2026-05-12T07:49:54.8318135-07:00] [pid=6736] LogPluginManager: Mounting plugin UdpMessaging
[2026-05-12T07:49:54.8328278-07:00] [pid=6736] LogPluginManager: Mounting plugin OpenImageDenoise
[2026-05-12T07:49:54.8328278-07:00] [pid=6736] LogPluginManager: Mounting plugin PlanarCut
[2026-05-12T07:49:54.8338395-07:00] [pid=6736] LogPluginManager: Mounting plugin TcpMessaging
[2026-05-12T07:49:54.8348426-07:00] [pid=6736] LogPluginManager: Mounting plugin PythonScriptPlugin
[2026-05-12T07:49:54.8348426-07:00] [pid=6736] LogPluginManager: Mounting plugin PlatformCrypto
[2026-05-12T07:49:54.8358339-07:00] [pid=6736] LogPluginManager: Mounting plugin ProxyLODPlugin
[2026-05-12T07:49:54.8368324-07:00] [pid=6736] LogPluginManager: Mounting plugin SkeletalReduction
[2026-05-12T07:49:54.8368324-07:00] [pid=6736] LogPluginManager: Mounting plugin ActorSequence
[2026-05-12T07:49:54.8368324-07:00] [pid=6736] LogPluginManager: Mounting plugin MatineeToLevelSequence
[2026-05-12T07:49:54.8383355-07:00] [pid=6736] LogPluginManager: Mounting plugin OnlineSubsystem
[2026-05-12T07:49:54.8393409-07:00] [pid=6736] LogPluginManager: Mounting plugin OnlineSubsystemNull
[2026-05-12T07:49:54.8393409-07:00] [pid=6736] LogPluginManager: Mounting plugin TemplateSequence
[2026-05-12T07:49:54.8408532-07:00] [pid=6736] LogPluginManager: Mounting plugin OnlineSubsystemUtils
[2026-05-12T07:49:54.8418697-07:00] [pid=6736] LogPluginManager: Mounting plugin LauncherChunkInstaller
[2026-05-12T07:49:54.8418697-07:00] [pid=6736] LogPluginManager: Mounting plugin ActorLayerUtilities
[2026-05-12T07:49:54.8428592-07:00] [pid=6736] LogPluginManager: Mounting plugin AndroidDeviceProfileSelector
[2026-05-12T07:49:54.8438690-07:00] [pid=6736] LogPluginManager: Mounting plugin AndroidMoviePlayer
[2026-05-12T07:49:54.8438690-07:00] [pid=6736] LogPluginManager: Mounting plugin AudioCapture
[2026-05-12T07:49:54.8448689-07:00] [pid=6736] LogPluginManager: Mounting plugin AssetTags
[2026-05-12T07:49:54.8448689-07:00] [pid=6736] LogPluginManager: Mounting plugin AndroidPermission
[2026-05-12T07:49:54.8458698-07:00] [pid=6736] LogPluginManager: Mounting plugin AppleImageUtils
[2026-05-12T07:49:54.8468690-07:00] [pid=6736] LogPluginManager: Mounting plugin AudioSynesthesia
[2026-05-12T07:49:54.8468690-07:00] [pid=6736] LogPluginManager: Mounting plugin ArchVisCharacter
[2026-05-12T07:49:54.8478694-07:00] [pid=6736] LogPluginManager: Mounting plugin CableComponent
[2026-05-12T07:49:54.8488811-07:00] [pid=6736] LogPluginManager: Mounting plugin ChunkDownloader
[2026-05-12T07:49:54.8488811-07:00] [pid=6736] LogPluginManager: Mounting plugin CustomMeshComponent
[2026-05-12T07:49:54.8498771-07:00] [pid=6736] LogPluginManager: Mounting plugin ExampleDeviceProfileSelector
[2026-05-12T07:49:54.8508891-07:00] [pid=6736] LogPluginManager: Mounting plugin GoogleCloudMessaging
[2026-05-12T07:49:54.8514034-07:00] [pid=6736] LogPluginManager: Mounting plugin EditableMesh
[2026-05-12T07:49:54.8524112-07:00] [pid=6736] LogPluginManager: Mounting plugin ScreenshotTools
[2026-05-12T07:49:54.8524112-07:00] [pid=6736] LogPluginManager: Mounting plugin AppleMoviePlayer
[2026-05-12T07:49:54.8534210-07:00] [pid=6736] LogPluginManager: Mounting plugin GooglePAD
[2026-05-12T07:49:54.8544141-07:00] [pid=6736] LogPluginManager: Mounting plugin LinuxDeviceProfileSelector
[2026-05-12T07:49:54.8544141-07:00] [pid=6736] LogPluginManager: Mounting plugin MobilePatchingUtils
[2026-05-12T07:49:54.8554211-07:00] [pid=6736] LogPluginManager: Mounting plugin LocationServicesBPLibrary
[2026-05-12T07:49:54.8564145-07:00] [pid=6736] LogPluginManager: Mounting plugin OpenXREyeTracker
[2026-05-12T07:49:54.8564145-07:00] [pid=6736] LogPluginManager: Mounting plugin OpenXRHandTracking
[2026-05-12T07:49:54.8564145-07:00] [pid=6736] LogPluginManager: Mounting plugin LevelSequenceEditor
[2026-05-12T07:49:54.8579247-07:00] [pid=6736] LogPluginManager: Mounting plugin PostSplashScreen
[2026-05-12T07:49:54.8589458-07:00] [pid=6736] LogPluginManager: Mounting plugin ProceduralMeshComponent
[2026-05-12T07:49:54.8599451-07:00] [pid=6736] LogPluginManager: Mounting plugin PhysXVehicles
[2026-05-12T07:49:54.8614486-07:00] [pid=6736] LogPluginManager: Mounting plugin PropertyAccessEditor
[2026-05-12T07:49:54.8614486-07:00] [pid=6736] LogPluginManager: Mounting plugin RuntimePhysXCooking
[2026-05-12T07:49:54.8624557-07:00] [pid=6736] LogPluginManager: Mounting plugin SignificanceManager
[2026-05-12T07:49:54.8634653-07:00] [pid=6736] LogPluginManager: Mounting plugin SoundFields
[2026-05-12T07:49:54.8634653-07:00] [pid=6736] LogPluginManager: Mounting plugin OpenXR
[2026-05-12T07:49:54.8644599-07:00] [pid=6736] LogPluginManager: Mounting plugin Synthesis
[2026-05-12T07:49:54.8664589-07:00] [pid=6736] LogPluginManager: Mounting plugin WebMMoviePlayer
[2026-05-12T07:49:54.8664589-07:00] [pid=6736] LogPluginManager: Mounting plugin WindowsMoviePlayer
[2026-05-12T07:49:54.8679697-07:00] [pid=6736] LogPluginManager: Mounting plugin IOSDeviceProfileSelector
[2026-05-12T07:49:54.8679697-07:00] [pid=6736] LogPluginManager: Mounting plugin LiveLink
[2026-05-12T07:49:54.8689923-07:00] [pid=6736] LogPluginManager: Mounting plugin Takes
[2026-05-12T07:49:54.8699914-07:00] [pid=6736] LogPluginManager: Mounting plugin ContentBrowserClassDataSource
[2026-05-12T07:49:54.8709917-07:00] [pid=6736] LogPluginManager: Mounting plugin ContentBrowserFileDataSource
[2026-05-12T07:49:54.8715035-07:00] [pid=6736] LogPluginManager: Mounting plugin ContentBrowserAssetDataSource
[2026-05-12T07:49:54.8725118-07:00] [pid=6736] LogPluginManager: Mounting plugin OnlineSubsystemGooglePlay
[2026-05-12T07:49:54.8725118-07:00] [pid=6736] LogPluginManager: Mounting plugin OnlineSubsystemIOS
[2026-05-12T07:49:54.8735155-07:00] [pid=6736] LogPluginManager: Mounting plugin OculusVR
[2026-05-12T07:49:54.8745233-07:00] [pid=6736] LogPluginManager: Mounting plugin SteamVR
[2026-05-12T07:49:54.8755150-07:00] [pid=6736] LogPluginManager: Mounting plugin Wwise
[2026-05-12T07:49:54.9258183-07:00] [pid=6736] PixWinPlugin: PIX capture plugin failed to initialize! Check that the process is launched from PIX.
[2026-05-12T07:49:54.9957740-07:00] [pid=6736] LogInit: Using libcurl 7.55.1-DEV
[2026-05-12T07:49:54.9957740-07:00] [pid=6736] LogInit:  - built for x86_64-pc-win32
[2026-05-12T07:49:54.9967700-07:00] [pid=6736] LogInit:  - supports SSL with OpenSSL/1.1.1
[2026-05-12T07:49:54.9967700-07:00] [pid=6736] LogInit:  - supports HTTP deflate (compression) using libz 1.2.8
[2026-05-12T07:49:54.9967700-07:00] [pid=6736] LogInit:  - other features:
[2026-05-12T07:49:54.9967700-07:00] [pid=6736] LogInit:      CURL_VERSION_SSL
[2026-05-12T07:49:54.9967700-07:00] [pid=6736] LogInit:      CURL_VERSION_LIBZ
[2026-05-12T07:49:54.9967700-07:00] [pid=6736] LogInit:      CURL_VERSION_IPV6
[2026-05-12T07:49:54.9967700-07:00] [pid=6736] LogInit:      CURL_VERSION_ASYNCHDNS
[2026-05-12T07:49:54.9967700-07:00] [pid=6736] LogInit:      CURL_VERSION_LARGEFILE
[2026-05-12T07:49:54.9967700-07:00] [pid=6736] LogInit:      CURL_VERSION_IDN
[2026-05-12T07:49:54.9967700-07:00] [pid=6736] LogInit:  CurlRequestOptions (configurable via config and command line):
[2026-05-12T07:49:54.9967700-07:00] [pid=6736] LogInit:  - bVerifyPeer = true  - Libcurl will verify peer certificate
[2026-05-12T07:49:54.9967700-07:00] [pid=6736] LogInit:  - bUseHttpProxy = false  - Libcurl will NOT use HTTP proxy
[2026-05-12T07:49:54.9967700-07:00] [pid=6736] LogInit:  - bDontReuseConnections = false  - Libcurl will reuse connections
[2026-05-12T07:49:54.9967700-07:00] [pid=6736] LogInit:  - MaxHostConnections = 16  - Libcurl will limit the number of connections to a host
[2026-05-12T07:49:54.9967700-07:00] [pid=6736] LogInit:  - LocalHostAddr = Default
[2026-05-12T07:49:54.9967700-07:00] [pid=6736] LogInit:  - BufferSize = 65536
[2026-05-12T07:49:55.0224118-07:00] [pid=6736] LogOnline: OSS: Creating online subsystem instance for: NULL
[2026-05-12T07:49:55.0234160-07:00] [pid=6736] LogInit: WinSock: version 1.1 (2.2), MaxSocks=32767, MaxUdp=65467
[2026-05-12T07:49:55.0234160-07:00] [pid=6736] LogOnline: OSS: TryLoadSubsystemAndSetDefault: Loaded subsystem for module [NULL]
[2026-05-12T07:49:55.0812404-07:00] [pid=6736] LogOculusPluginWrapper: OculusPlugin initialized successfully
[2026-05-12T07:49:55.0817492-07:00] [pid=6736] [OVRPlugin][ERROR] 
[2026-05-12T07:49:55.0817492-07:00] [pid=6736] ovr_Initialize failed: Unable to load LibOVRRT DLL
 (software\oculussdk\integrations\ovrplugin\main\src\util\compositorcapi.cpp:78)
[2026-05-12T07:49:55.0817492-07:00] [pid=6736] 
[2026-05-12T07:49:55.0817492-07:00] [pid=6736] LogHMD: Failed initializing OVRPlugin 1.59.0
[2026-05-12T07:49:55.0817492-07:00] [pid=6736] LogInit: Build: ++UE4+Release-4.27-CL-18319896
[2026-05-12T07:49:55.0817492-07:00] [pid=6736] LogInit: Engine Version: 4.27.2-18319896+++UE4+Release-4.27
[2026-05-12T07:49:55.0817492-07:00] [pid=6736] LogInit: Compatible Engine Version: 4.27.0-17155196+++UE4+Release-4.27
[2026-05-12T07:49:55.0817492-07:00] [pid=6736] LogInit: Net CL: 17155196
[2026-05-12T07:49:55.0817492-07:00] [pid=6736] LogInit: OS: Windows 10 (Release 2009) (), CPU: 13th Gen Intel(R) Core(TM) i7-13650HX, GPU: Intel(R) UHD Graphics
[2026-05-12T07:49:55.0827615-07:00] [pid=6736] LogInit: Compiled (64-bit): Nov 30 2021 07:12:08
[2026-05-12T07:49:55.0827615-07:00] [pid=6736] LogInit: Compiled with Visual C++: 19.24.28315.00
[2026-05-12T07:49:55.0827615-07:00] [pid=6736] LogInit: Build Configuration: Development
[2026-05-12T07:49:55.0827615-07:00] [pid=6736] LogInit: Branch Name: ++UE4+Release-4.27
[2026-05-12T07:49:55.0827615-07:00] [pid=6736] LogInit: Command Line:  /Game/ThirdPersonBP/Maps/ThirdPersonExampleMap -game -RenderOffscreen -unattended -nopause -NoSplash -abslog=C:\Users\kapil\AppData\Local\Temp\immerse_editor_20260512-074859.log
[2026-05-12T07:49:55.0827615-07:00] [pid=6736] LogInit: Base Directory: C:/Program Files/Epic Games/UE_4.27/Engine/Binaries/Win64/
[2026-05-12T07:49:55.0827615-07:00] [pid=6736] LogInit: Allocator: TBB
[2026-05-12T07:49:55.0827615-07:00] [pid=6736] LogInit: Installed Engine Build: 1
[2026-05-12T07:49:55.0827615-07:00] [pid=6736] LogDevObjectVersion: Number of dev versions registered: 29
[2026-05-12T07:49:55.0827615-07:00] [pid=6736] LogDevObjectVersion:   Dev-Blueprints (B0D832E4-1F89-4F0D-ACCF-7EB736FD4AA2): 10
[2026-05-12T07:49:55.0827615-07:00] [pid=6736] LogDevObjectVersion:   Dev-Build (E1C64328-A22C-4D53-A36C-8E866417BD8C): 0
[2026-05-12T07:49:55.0827615-07:00] [pid=6736] LogDevObjectVersion:   Dev-Core (375EC13C-06E4-48FB-B500-84F0262A717E): 4
[2026-05-12T07:49:55.0827615-07:00] [pid=6736] LogDevObjectVersion:   Dev-Editor (E4B068ED-F494-42E9-A231-DA0B2E46BB41): 40
[2026-05-12T07:49:55.0827615-07:00] [pid=6736] LogDevObjectVersion:   Dev-Framework (CFFC743F-43B0-4480-9391-14DF171D2073): 37
[2026-05-12T07:49:55.0837671-07:00] [pid=6736] LogDevObjectVersion:   Dev-Mobile (B02B49B5-BB20-44E9-A304-32B752E40360): 3
[2026-05-12T07:49:55.0837671-07:00] [pid=6736] LogDevObjectVersion:   Dev-Networking (A4E4105C-59A1-49B5-A7C5-40C4547EDFEE): 0
[2026-05-12T07:49:55.0837671-07:00] [pid=6736] LogDevObjectVersion:   Dev-Online (39C831C9-5AE6-47DC-9A44-9C173E1C8E7C): 0
[2026-05-12T07:49:55.0837671-07:00] [pid=6736] LogDevObjectVersion:   Dev-Physics (78F01B33-EBEA-4F98-B9B4-84EACCB95AA2): 14
[2026-05-12T07:49:55.0837671-07:00] [pid=6736] LogDevObjectVersion:   Dev-Platform (6631380F-2D4D-43E0-8009-CF276956A95A): 0
[2026-05-12T07:49:55.0837671-07:00] [pid=6736] LogDevObjectVersion:   Dev-Rendering (12F88B9F-8875-4AFC-A67C-D90C383ABD29): 45
[2026-05-12T07:49:55.0837671-07:00] [pid=6736] LogDevObjectVersion:   Dev-Sequencer (7B5AE74C-D270-4C10-A958-57980B212A5A): 13
[2026-05-12T07:49:55.0837671-07:00] [pid=6736] LogDevObjectVersion:   Dev-VR (D7296918-1DD6-4BDD-9DE2-64A83CC13884): 3
[2026-05-12T07:49:55.0837671-07:00] [pid=6736] LogDevObjectVersion:   Dev-LoadTimes (C2A15278-BFE7-4AFE-6C17-90FF531DF755): 1
[2026-05-12T07:49:55.0837671-07:00] [pid=6736] LogDevObjectVersion:   Private-Geometry (6EACA3D4-40EC-4CC1-B786-8BED09428FC5): 3
[2026-05-12T07:49:55.0837671-07:00] [pid=6736] LogDevObjectVersion:   Dev-AnimPhys (29E575DD-E0A3-4627-9D10-D276232CDCEA): 17
[2026-05-12T07:49:55.0837671-07:00] [pid=6736] LogDevObjectVersion:   Dev-Anim (AF43A65D-7FD3-4947-9873-3E8ED9C1BB05): 15
[2026-05-12T07:49:55.0837671-07:00] [pid=6736] LogDevObjectVersion:   Dev-ReflectionCapture (6B266CEC-1EC7-4B8F-A30B-E4D90942FC07): 1
[2026-05-12T07:49:55.0837671-07:00] [pid=6736] LogDevObjectVersion:   Dev-Automation (0DF73D61-A23F-47EA-B727-89E90C41499A): 1
[2026-05-12T07:49:55.0847712-07:00] [pid=6736] LogDevObjectVersion:   FortniteMain (601D1886-AC64-4F84-AA16-D3DE0DEAC7D6): 47
[2026-05-12T07:49:55.0847712-07:00] [pid=6736] LogDevObjectVersion:   FortniteRelease (E7086368-6B23-4C58-8439-1B7016265E91): 1
[2026-05-12T07:49:55.0847712-07:00] [pid=6736] LogDevObjectVersion:   Dev-Enterprise (9DFFBCD6-494F-0158-E221-12823C92A888): 10
[2026-05-12T07:49:55.0847712-07:00] [pid=6736] LogDevObjectVersion:   Dev-Niagara (F2AED0AC-9AFE-416F-8664-AA7FFA26D6FC): 1
[2026-05-12T07:49:55.0847712-07:00] [pid=6736] LogDevObjectVersion:   Dev-Destruction (174F1F0B-B4C6-45A5-B13F-2EE8D0FB917D): 10
[2026-05-12T07:49:55.0847712-07:00] [pid=6736] LogDevObjectVersion:   Dev-Physics-Ext (35F94A83-E258-406C-A318-09F59610247C): 41
[2026-05-12T07:49:55.0847712-07:00] [pid=6736] LogDevObjectVersion:   Dev-PhysicsMaterial-Chaos (B68FC16E-8B1B-42E2-B453-215C058844FE): 1
[2026-05-12T07:49:55.0847712-07:00] [pid=6736] LogDevObjectVersion:   Dev-CineCamera (B2E18506-4273-CFC2-A54E-F4BB758BBA07): 1
[2026-05-12T07:49:55.0847712-07:00] [pid=6736] LogDevObjectVersion:   Dev-VirtualProduction (64F58936-FD1B-42BA-BA96-7289D5D0FA4E): 1
[2026-05-12T07:49:55.0847712-07:00] [pid=6736] LogDevObjectVersion:   Dev-MediaFramework (6F0ED827-A609-4895-9C91-998D90180EA4): 2
[2026-05-12T07:49:55.0902965-07:00] [pid=6736] LogInit: Presizing for max 25165824 objects, including 0 objects not considered by GC, pre-allocating 0 bytes for permanent pool.
[2026-05-12T07:49:55.0902965-07:00] [pid=6736] LogConfig: Applying CVar settings from Section [/Script/Engine.StreamingSettings] File [C:/Users/kapil/OneDrive/Documents/Unreal Projects/testTP/Saved/Config/Windows/Engine.ini]
[2026-05-12T07:49:55.0902965-07:00] [pid=6736] LogConfig: Setting CVar [[s.MinBulkDataSizeForAsyncLoading:131072]]
[2026-05-12T07:49:55.0902965-07:00] [pid=6736] LogConfig: Setting CVar [[s.AsyncLoadingThreadEnabled:0]]
[2026-05-12T07:49:55.0902965-07:00] [pid=6736] LogConfig: Setting CVar [[s.EventDrivenLoaderEnabled:1]]
[2026-05-12T07:49:55.0902965-07:00] [pid=6736] LogConfig: Setting CVar [[s.WarnIfTimeLimitExceeded:0]]
[2026-05-12T07:49:55.0902965-07:00] [pid=6736] LogConfig: Setting CVar [[s.TimeLimitExceededMultiplier:1.5]]
[2026-05-12T07:49:55.0912950-07:00] [pid=6736] LogConfig: Setting CVar [[s.TimeLimitExceededMinTime:0.005]]
[2026-05-12T07:49:55.0912950-07:00] [pid=6736] LogConfig: Setting CVar [[s.UseBackgroundLevelStreaming:1]]
[2026-05-12T07:49:55.0912950-07:00] [pid=6736] LogConfig: Setting CVar [[s.PriorityAsyncLoadingExtraTime:15.0]]
[2026-05-12T07:49:55.0912950-07:00] [pid=6736] LogConfig: Setting CVar [[s.LevelStreamingActorsUpdateTimeLimit:5.0]]
[2026-05-12T07:49:55.0912950-07:00] [pid=6736] LogConfig: Setting CVar [[s.PriorityLevelStreamingActorsUpdateExtraTime:5.0]]
[2026-05-12T07:49:55.0912950-07:00] [pid=6736] LogConfig: Setting CVar [[s.LevelStreamingComponentsRegistrationGranularity:10]]
[2026-05-12T07:49:55.0912950-07:00] [pid=6736] LogConfig: Setting CVar [[s.UnregisterComponentsTimeLimit:1.0]]
[2026-05-12T07:49:55.0912950-07:00] [pid=6736] LogConfig: Setting CVar [[s.LevelStreamingComponentsUnregistrationGranularity:5]]
[2026-05-12T07:49:55.0918040-07:00] [pid=6736] LogConfig: Setting CVar [[s.FlushStreamingOnExit:1]]
[2026-05-12T07:49:55.0948228-07:00] [pid=6736] LogInit: Object subsystem initialized
[2026-05-12T07:49:55.0958226-07:00] [pid=6736] LogConfig: Setting CVar [[con.DebugEarlyDefault:1]]
[2026-05-12T07:49:55.0958226-07:00] [pid=6736] LogConfig: Setting CVar [[r.setres:1280x720]]
[2026-05-12T07:49:55.0958226-07:00] [pid=6736] [2026.05.12-14.49.55:095][  0]LogConfig: Setting CVar [[con.DebugEarlyDefault:1]]
[2026-05-12T07:49:55.0958226-07:00] [pid=6736] [2026.05.12-14.49.55:095][  0]LogConfig: Setting CVar [[r.setres:1280x720]]
[2026-05-12T07:49:55.0958226-07:00] [pid=6736] [2026.05.12-14.49.55:095][  0]LogConfig: Applying CVar settings from Section [/Script/Engine.RendererSettings] File [C:/Users/kapil/OneDrive/Documents/Unreal Projects/testTP/Saved/Config/Windows/Engine.ini]
[2026-05-12T07:49:55.0968228-07:00] [pid=6736] [2026.05.12-14.49.55:095][  0]LogConfig: Setting CVar [[r.GPUCrashDebugging:0]]
[2026-05-12T07:49:55.0968228-07:00] [pid=6736] [2026.05.12-14.49.55:096][  0]LogConfig: Applying CVar settings from Section [/Script/Engine.RendererOverrideSettings] File [C:/Users/kapil/OneDrive/Documents/Unreal Projects/testTP/Saved/Config/Windows/Engine.ini]
[2026-05-12T07:49:55.0968228-07:00] [pid=6736] [2026.05.12-14.49.55:096][  0]LogConfig: Applying CVar settings from Section [/Script/Engine.StreamingSettings] File [C:/Users/kapil/OneDrive/Documents/Unreal Projects/testTP/Saved/Config/Windows/Engine.ini]
[2026-05-12T07:49:55.0968228-07:00] [pid=6736] [2026.05.12-14.49.55:096][  0]LogConfig: Setting CVar [[s.MinBulkDataSizeForAsyncLoading:131072]]
[2026-05-12T07:49:55.0968228-07:00] [pid=6736] [2026.05.12-14.49.55:096][  0]LogConfig: Setting CVar [[s.AsyncLoadingThreadEnabled:0]]
[2026-05-12T07:49:55.0968228-07:00] [pid=6736] [2026.05.12-14.49.55:096][  0]LogConfig: Setting CVar [[s.EventDrivenLoaderEnabled:1]]
[2026-05-12T07:49:55.0968228-07:00] [pid=6736] [2026.05.12-14.49.55:096][  0]LogConfig: Setting CVar [[s.WarnIfTimeLimitExceeded:0]]
[2026-05-12T07:49:55.0968228-07:00] [pid=6736] [2026.05.12-14.49.55:096][  0]LogConfig: Setting CVar [[s.TimeLimitExceededMultiplier:1.5]]
[2026-05-12T07:49:55.0968228-07:00] [pid=6736] [2026.05.12-14.49.55:096][  0]LogConfig: Setting CVar [[s.TimeLimitExceededMinTime:0.005]]
[2026-05-12T07:49:55.0968228-07:00] [pid=6736] [2026.05.12-14.49.55:096][  0]LogConfig: Setting CVar [[s.UseBackgroundLevelStreaming:1]]
[2026-05-12T07:49:55.0968228-07:00] [pid=6736] [2026.05.12-14.49.55:096][  0]LogConfig: Setting CVar [[s.PriorityAsyncLoadingExtraTime:15.0]]
[2026-05-12T07:49:55.0968228-07:00] [pid=6736] [2026.05.12-14.49.55:096][  0]LogConfig: Setting CVar [[s.LevelStreamingActorsUpdateTimeLimit:5.0]]
[2026-05-12T07:49:55.0968228-07:00] [pid=6736] [2026.05.12-14.49.55:096][  0]LogConfig: Setting CVar [[s.PriorityLevelStreamingActorsUpdateExtraTime:5.0]]
[2026-05-12T07:49:55.0968228-07:00] [pid=6736] [2026.05.12-14.49.55:096][  0]LogConfig: Setting CVar [[s.LevelStreamingComponentsRegistrationGranularity:10]]
[2026-05-12T07:49:55.0968228-07:00] [pid=6736] [2026.05.12-14.49.55:096][  0]LogConfig: Setting CVar [[s.UnregisterComponentsTimeLimit:1.0]]
[2026-05-12T07:49:55.0968228-07:00] [pid=6736] [2026.05.12-14.49.55:096][  0]LogConfig: Setting CVar [[s.LevelStreamingComponentsUnregistrationGranularity:5]]
[2026-05-12T07:49:55.0968228-07:00] [pid=6736] [2026.05.12-14.49.55:096][  0]LogConfig: Setting CVar [[s.FlushStreamingOnExit:1]]
[2026-05-12T07:49:55.0968228-07:00] [pid=6736] [2026.05.12-14.49.55:096][  0]LogConfig: Applying CVar settings from Section [/Script/Engine.GarbageCollectionSettings] File [C:/Users/kapil/OneDrive/Documents/Unreal Projects/testTP/Saved/Config/Windows/Engine.ini]
[2026-05-12T07:49:55.0978228-07:00] [pid=6736] [2026.05.12-14.49.55:096][  0]LogConfig: Setting CVar [[gc.MaxObjectsNotConsideredByGC:1]]
[2026-05-12T07:49:55.0978228-07:00] [pid=6736] [2026.05.12-14.49.55:097][  0]LogConfig: Setting CVar [[gc.SizeOfPermanentObjectPool:0]]
[2026-05-12T07:49:55.0978228-07:00] [pid=6736] [2026.05.12-14.49.55:097][  0]LogConfig: Setting CVar [[gc.FlushStreamingOnGC:0]]
[2026-05-12T07:49:55.0978228-07:00] [pid=6736] [2026.05.12-14.49.55:097][  0]LogConfig: Setting CVar [[gc.NumRetriesBeforeForcingGC:10]]
[2026-05-12T07:49:55.0978228-07:00] [pid=6736] [2026.05.12-14.49.55:097][  0]LogConfig: Setting CVar [[gc.AllowParallelGC:1]]
[2026-05-12T07:49:55.0978228-07:00] [pid=6736] [2026.05.12-14.49.55:097][  0]LogConfig: Setting CVar [[gc.TimeBetweenPurgingPendingKillObjects:61.1]]
[2026-05-12T07:49:55.0978228-07:00] [pid=6736] [2026.05.12-14.49.55:097][  0]LogConfig: Setting CVar [[gc.MaxObjectsInEditor:25165824]]
[2026-05-12T07:49:55.0978228-07:00] [pid=6736] [2026.05.12-14.49.55:097][  0]LogConfig: Setting CVar [[gc.IncrementalBeginDestroyEnabled:1]]
[2026-05-12T07:49:55.0978228-07:00] [pid=6736] [2026.05.12-14.49.55:097][  0]LogConfig: Setting CVar [[gc.CreateGCClusters:1]]
[2026-05-12T07:49:55.0978228-07:00] [pid=6736] [2026.05.12-14.49.55:097][  0]LogConfig: Setting CVar [[gc.MinGCClusterSize:5]]
[2026-05-12T07:49:55.0978228-07:00] [pid=6736] [2026.05.12-14.49.55:097][  0]LogConfig: Setting CVar [[gc.ActorClusteringEnabled:0]]
[2026-05-12T07:49:55.0978228-07:00] [pid=6736] [2026.05.12-14.49.55:097][  0]LogConfig: Setting CVar [[gc.BlueprintClusteringEnabled:0]]
[2026-05-12T07:49:55.0978228-07:00] [pid=6736] [2026.05.12-14.49.55:097][  0]LogConfig: Setting CVar [[gc.UseDisregardForGCOnDedicatedServers:0]]
[2026-05-12T07:49:55.0978228-07:00] [pid=6736] [2026.05.12-14.49.55:097][  0]LogConfig: Setting CVar [[gc.MultithreadedDestructionEnabled:1]]
[2026-05-12T07:49:55.0978228-07:00] [pid=6736] [2026.05.12-14.49.55:097][  0]LogConfig: Applying CVar settings from Section [/Script/Engine.NetworkSettings] File [C:/Users/kapil/OneDrive/Documents/Unreal Projects/testTP/Saved/Config/Windows/Engine.ini]
[2026-05-12T07:49:55.0978228-07:00] [pid=6736] [2026.05.12-14.49.55:097][  0]LogConfig: Applying CVar settings from Section [/Script/UnrealEd.CookerSettings] File [C:/Users/kapil/OneDrive/Documents/Unreal Projects/testTP/Saved/Config/Windows/Engine.ini]
[2026-05-12T07:49:55.1033616-07:00] [pid=6736] [2026.05.12-14.49.55:103][  0]LogConfig: Applying CVar settings from Section [ViewDistanceQuality@3] File [C:/Users/kapil/OneDrive/Documents/Unreal Projects/testTP/Saved/Config/Windows/Scalability.ini]
[2026-05-12T07:49:55.1033616-07:00] [pid=6736] [2026.05.12-14.49.55:103][  0]LogConfig: Setting CVar [[r.SkeletalMeshLODBias:0]]
[2026-05-12T07:49:55.1033616-07:00] [pid=6736] [2026.05.12-14.49.55:103][  0]LogConfig: Setting CVar [[r.ViewDistanceScale:1.0]]
[2026-05-12T07:49:55.1033616-07:00] [pid=6736] [2026.05.12-14.49.55:103][  0]LogConfig: Applying CVar settings from Section [AntiAliasingQuality@3] File [C:/Users/kapil/OneDrive/Documents/Unreal Projects/testTP/Saved/Config/Windows/Scalability.ini]
[2026-05-12T07:49:55.1033616-07:00] [pid=6736] [2026.05.12-14.49.55:103][  0]LogConfig: Setting CVar [[r.PostProcessAAQuality:4]]
[2026-05-12T07:49:55.1033616-07:00] [pid=6736] [2026.05.12-14.49.55:103][  0]LogConfig: Applying CVar settings from Section [ShadowQuality@3] File [C:/Users/kapil/OneDrive/Documents/Unreal Projects/testTP/Saved/Config/Windows/Scalability.ini]
[2026-05-12T07:49:55.1033616-07:00] [pid=6736] [2026.05.12-14.49.55:103][  0]LogConfig: Setting CVar [[r.LightFunctionQuality:1]]
[2026-05-12T07:49:55.1033616-07:00] [pid=6736] [2026.05.12-14.49.55:103][  0]LogConfig: Setting CVar [[r.ShadowQuality:5]]
[2026-05-12T07:49:55.1033616-07:00] [pid=6736] [2026.05.12-14.49.55:103][  0]LogConfig: Setting CVar [[r.Shadow.CSM.MaxCascades:10]]
[2026-05-12T07:49:55.1033616-07:00] [pid=6736] [2026.05.12-14.49.55:103][  0]LogConfig: Setting CVar [[r.Shadow.MaxResolution:2048]]
[2026-05-12T07:49:55.1033616-07:00] [pid=6736] [2026.05.12-14.49.55:103][  0]LogConfig: Setting CVar [[r.Shadow.MaxCSMResolution:2048]]
[2026-05-12T07:49:55.1033616-07:00] [pid=6736] [2026.05.12-14.49.55:103][  0]LogConfig: Setting CVar [[r.Shadow.RadiusThreshold:0.01]]
[2026-05-12T07:49:55.1033616-07:00] [pid=6736] [2026.05.12-14.49.55:103][  0]LogConfig: Setting CVar [[r.Shadow.DistanceScale:1.0]]
[2026-05-12T07:49:55.1033616-07:00] [pid=6736] [2026.05.12-14.49.55:103][  0]LogConfig: Setting CVar [[r.Shadow.CSM.TransitionScale:1.0]]
[2026-05-12T07:49:55.1033616-07:00] [pid=6736] [2026.05.12-14.49.55:103][  0]LogConfig: Setting CVar [[r.Shadow.PreShadowResolutionFactor:1.0]]
[2026-05-12T07:49:55.1033616-07:00] [pid=6736] [2026.05.12-14.49.55:103][  0]LogConfig: Setting CVar [[r.DistanceFieldShadowing:1]]
[2026-05-12T07:49:55.1043615-07:00] [pid=6736] [2026.05.12-14.49.55:103][  0]LogConfig: Setting CVar [[r.DistanceFieldAO:1]]
[2026-05-12T07:49:55.1043615-07:00] [pid=6736] [2026.05.12-14.49.55:103][  0]LogConfig: Setting CVar [[r.AOQuality:2]]
[2026-05-12T07:49:55.1043615-07:00] [pid=6736] [2026.05.12-14.49.55:104][  0]LogConfig: Setting CVar [[r.VolumetricFog:1]]
[2026-05-12T07:49:55.1043615-07:00] [pid=6736] [2026.05.12-14.49.55:104][  0]LogConfig: Setting CVar [[r.VolumetricFog.GridPixelSize:8]]
[2026-05-12T07:49:55.1043615-07:00] [pid=6736] [2026.05.12-14.49.55:104][  0]LogConfig: Setting CVar [[r.VolumetricFog.GridSizeZ:128]]
[2026-05-12T07:49:55.1043615-07:00] [pid=6736] [2026.05.12-14.49.55:104][  0]LogConfig: Setting CVar [[r.VolumetricFog.HistoryMissSupersampleCount:4]]
[2026-05-12T07:49:55.1043615-07:00] [pid=6736] [2026.05.12-14.49.55:104][  0]LogConfig: Setting CVar [[r.LightMaxDrawDistanceScale:1]]
[2026-05-12T07:49:55.1043615-07:00] [pid=6736] [2026.05.12-14.49.55:104][  0]LogConfig: Setting CVar [[r.CapsuleShadows:1]]
[2026-05-12T07:49:55.1043615-07:00] [pid=6736] [2026.05.12-14.49.55:104][  0]LogConfig: Applying CVar settings from Section [PostProcessQuality@3] File [C:/Users/kapil/OneDrive/Documents/Unreal Projects/testTP/Saved/Config/Windows/Scalability.ini]
[2026-05-12T07:49:55.1043615-07:00] [pid=6736] [2026.05.12-14.49.55:104][  0]LogConfig: Setting CVar [[r.MotionBlurQuality:4]]
[2026-05-12T07:49:55.1043615-07:00] [pid=6736] [2026.05.12-14.49.55:104][  0]LogConfig: Setting CVar [[r.AmbientOcclusionMipLevelFactor:0.4]]
[2026-05-12T07:49:55.1043615-07:00] [pid=6736] [2026.05.12-14.49.55:104][  0]LogConfig: Setting CVar [[r.AmbientOcclusionMaxQuality:100]]
[2026-05-12T07:49:55.1043615-07:00] [pid=6736] [2026.05.12-14.49.55:104][  0]LogConfig: Setting CVar [[r.AmbientOcclusionLevels:-1]]
[2026-05-12T07:49:55.1043615-07:00] [pid=6736] [2026.05.12-14.49.55:104][  0]LogConfig: Setting CVar [[r.AmbientOcclusionRadiusScale:1.0]]
[2026-05-12T07:49:55.1043615-07:00] [pid=6736] [2026.05.12-14.49.55:104][  0]LogConfig: Setting CVar [[r.DepthOfFieldQuality:2]]
[2026-05-12T07:49:55.1043615-07:00] [pid=6736] [2026.05.12-14.49.55:104][  0]LogConfig: Setting CVar [[r.RenderTargetPoolMin:400]]
[2026-05-12T07:49:55.1053617-07:00] [pid=6736] [2026.05.12-14.49.55:104][  0]LogConfig: Setting CVar [[r.LensFlareQuality:2]]
[2026-05-12T07:49:55.1053617-07:00] [pid=6736] [2026.05.12-14.49.55:105][  0]LogConfig: Setting CVar [[r.SceneColorFringeQuality:1]]
[2026-05-12T07:49:55.1053617-07:00] [pid=6736] [2026.05.12-14.49.55:105][  0]LogConfig: Setting CVar [[r.EyeAdaptationQuality:2]]
[2026-05-12T07:49:55.1053617-07:00] [pid=6736] [2026.05.12-14.49.55:105][  0]LogConfig: Setting CVar [[r.BloomQuality:5]]
[2026-05-12T07:49:55.1053617-07:00] [pid=6736] [2026.05.12-14.49.55:105][  0]LogConfig: Setting CVar [[r.FastBlurThreshold:100]]
[2026-05-12T07:49:55.1053617-07:00] [pid=6736] [2026.05.12-14.49.55:105][  0]LogConfig: Setting CVar [[r.Upscale.Quality:3]]
[2026-05-12T07:49:55.1053617-07:00] [pid=6736] [2026.05.12-14.49.55:105][  0]LogConfig: Setting CVar [[r.Tonemapper.GrainQuantization:1]]
[2026-05-12T07:49:55.1053617-07:00] [pid=6736] [2026.05.12-14.49.55:105][  0]LogConfig: Setting CVar [[r.LightShaftQuality:1]]
[2026-05-12T07:49:55.1053617-07:00] [pid=6736] [2026.05.12-14.49.55:105][  0]LogConfig: Setting CVar [[r.Filter.SizeScale:1]]
[2026-05-12T07:49:55.1053617-07:00] [pid=6736] [2026.05.12-14.49.55:105][  0]LogConfig: Setting CVar [[r.Tonemapper.Quality:5]]
[2026-05-12T07:49:55.1053617-07:00] [pid=6736] [2026.05.12-14.49.55:105][  0]LogConfig: Setting CVar [[r.DOF.Gather.AccumulatorQuality:1        ; higher gathering accumulator quality]]
[2026-05-12T07:49:55.1063617-07:00] [pid=6736] [2026.05.12-14.49.55:105][  0]LogConfig: Setting CVar [[r.DOF.Gather.PostfilterMethod:1          ; Median3x3 postfilering method]]
[2026-05-12T07:49:55.1063617-07:00] [pid=6736] [2026.05.12-14.49.55:105][  0]LogConfig: Setting CVar [[r.DOF.Gather.EnableBokehSettings:0       ; no bokeh simulation when gathering]]
[2026-05-12T07:49:55.1063617-07:00] [pid=6736] [2026.05.12-14.49.55:106][  0]LogConfig: Setting CVar [[r.DOF.Gather.RingCount:4                 ; medium number of samples when gathering]]
[2026-05-12T07:49:55.1063617-07:00] [pid=6736] [2026.05.12-14.49.55:106][  0]LogConfig: Setting CVar [[r.DOF.Scatter.ForegroundCompositing:1    ; additive foreground scattering]]
[2026-05-12T07:49:55.1063617-07:00] [pid=6736] [2026.05.12-14.49.55:106][  0]LogConfig: Setting CVar [[r.DOF.Scatter.BackgroundCompositing:2    ; additive background scattering]]
[2026-05-12T07:49:55.1063617-07:00] [pid=6736] [2026.05.12-14.49.55:106][  0]LogConfig: Setting CVar [[r.DOF.Scatter.EnableBokehSettings:1      ; bokeh simulation when scattering]]
[2026-05-12T07:49:55.1063617-07:00] [pid=6736] [2026.05.12-14.49.55:106][  0]LogConfig: Setting CVar [[r.DOF.Scatter.MaxSpriteRatio:0.1         ; only a maximum of 10% of scattered bokeh]]
[2026-05-12T07:49:55.1063617-07:00] [pid=6736] [2026.05.12-14.49.55:106][  0]LogConfig: Setting CVar [[r.DOF.Recombine.Quality:1                ; cheap slight out of focus]]
[2026-05-12T07:49:55.1063617-07:00] [pid=6736] [2026.05.12-14.49.55:106][  0]LogConfig: Setting CVar [[r.DOF.Recombine.EnableBokehSettings:0    ; no bokeh simulation on slight out of focus]]
[2026-05-12T07:49:55.1063617-07:00] [pid=6736] [2026.05.12-14.49.55:106][  0]LogConfig: Setting CVar [[r.DOF.TemporalAAQuality:1                ; more stable temporal accumulation]]
[2026-05-12T07:49:55.1063617-07:00] [pid=6736] [2026.05.12-14.49.55:106][  0]LogConfig: Setting CVar [[r.DOF.Kernel.MaxForegroundRadius:0.025]]
[2026-05-12T07:49:55.1063617-07:00] [pid=6736] [2026.05.12-14.49.55:106][  0]LogConfig: Setting CVar [[r.DOF.Kernel.MaxBackgroundRadius:0.025]]
[2026-05-12T07:49:55.1063617-07:00] [pid=6736] [2026.05.12-14.49.55:106][  0]LogConfig: Applying CVar settings from Section [TextureQuality@3] File [C:/Users/kapil/OneDrive/Documents/Unreal Projects/testTP/Saved/Config/Windows/Scalability.ini]
[2026-05-12T07:49:55.1063617-07:00] [pid=6736] [2026.05.12-14.49.55:106][  0]LogConfig: Setting CVar [[r.Streaming.MipBias:0]]
[2026-05-12T07:49:55.1063617-07:00] [pid=6736] [2026.05.12-14.49.55:106][  0]LogConfig: Setting CVar [[r.Streaming.AmortizeCPUToGPUCopy:0]]
[2026-05-12T07:49:55.1063617-07:00] [pid=6736] [2026.05.12-14.49.55:106][  0]LogConfig: Setting CVar [[r.Streaming.MaxNumTexturesToStreamPerFrame:0]]
[2026-05-12T07:49:55.1063617-07:00] [pid=6736] [2026.05.12-14.49.55:106][  0]LogConfig: Setting CVar [[r.Streaming.Boost:1]]
[2026-05-12T07:49:55.1063617-07:00] [pid=6736] [2026.05.12-14.49.55:106][  0]LogConfig: Setting CVar [[r.MaxAnisotropy:8]]
[2026-05-12T07:49:55.1063617-07:00] [pid=6736] [2026.05.12-14.49.55:106][  0]LogConfig: Setting CVar [[r.VT.MaxAnisotropy:8]]
[2026-05-12T07:49:55.1063617-07:00] [pid=6736] [2026.05.12-14.49.55:106][  0]LogConfig: Setting CVar [[r.Streaming.LimitPoolSizeToVRAM:0]]
[2026-05-12T07:49:55.1063617-07:00] [pid=6736] [2026.05.12-14.49.55:106][  0]LogConfig: Setting CVar [[r.Streaming.PoolSize:1000]]
[2026-05-12T07:49:55.1063617-07:00] [pid=6736] [2026.05.12-14.49.55:106][  0]LogConfig: Setting CVar [[r.Streaming.MaxEffectiveScreenSize:0]]
[2026-05-12T07:49:55.1063617-07:00] [pid=6736] [2026.05.12-14.49.55:106][  0]LogConfig: Applying CVar settings from Section [EffectsQuality@3] File [C:/Users/kapil/OneDrive/Documents/Unreal Projects/testTP/Saved/Config/Windows/Scalability.ini]
[2026-05-12T07:49:55.1063617-07:00] [pid=6736] [2026.05.12-14.49.55:106][  0]LogConfig: Setting CVar [[r.TranslucencyLightingVolumeDim:64]]
[2026-05-12T07:49:55.1078735-07:00] [pid=6736] [2026.05.12-14.49.55:106][  0]LogConfig: Setting CVar [[r.RefractionQuality:2]]
[2026-05-12T07:49:55.1078735-07:00] [pid=6736] [2026.05.12-14.49.55:107][  0]LogConfig: Setting CVar [[r.SSR.Quality:3]]
[2026-05-12T07:49:55.1078735-07:00] [pid=6736] [2026.05.12-14.49.55:107][  0]LogConfig: Setting CVar [[r.SSR.HalfResSceneColor:0]]
[2026-05-12T07:49:55.1078735-07:00] [pid=6736] [2026.05.12-14.49.55:107][  0]LogConfig: Setting CVar [[r.SceneColorFormat:4]]
[2026-05-12T07:49:55.1078735-07:00] [pid=6736] [2026.05.12-14.49.55:107][  0]LogConfig: Setting CVar [[r.DetailMode:2]]
[2026-05-12T07:49:55.1078735-07:00] [pid=6736] [2026.05.12-14.49.55:107][  0]LogConfig: Setting CVar [[r.TranslucencyVolumeBlur:1]]
[2026-05-12T07:49:55.1078735-07:00] [pid=6736] [2026.05.12-14.49.55:107][  0]LogConfig: Setting CVar [[r.MaterialQualityLevel:1 ; High quality]]
[2026-05-12T07:49:55.1078735-07:00] [pid=6736] [2026.05.12-14.49.55:107][  0]LogConfig: Setting CVar [[r.AnisotropicMaterials:1]]
[2026-05-12T07:49:55.1078735-07:00] [pid=6736] [2026.05.12-14.49.55:107][  0]LogConfig: Setting CVar [[r.SSS.Scale:1]]
[2026-05-12T07:49:55.1078735-07:00] [pid=6736] [2026.05.12-14.49.55:107][  0]LogConfig: Setting CVar [[r.SSS.SampleSet:2]]
[2026-05-12T07:49:55.1078735-07:00] [pid=6736] [2026.05.12-14.49.55:107][  0]LogConfig: Setting CVar [[r.SSS.Quality:1]]
[2026-05-12T07:49:55.1078735-07:00] [pid=6736] [2026.05.12-14.49.55:107][  0]LogConfig: Setting CVar [[r.SSS.HalfRes:0]]
[2026-05-12T07:49:55.1078735-07:00] [pid=6736] [2026.05.12-14.49.55:107][  0]LogConfig: Setting CVar [[r.SSGI.Quality:3]]
[2026-05-12T07:49:55.1078735-07:00] [pid=6736] [2026.05.12-14.49.55:107][  0]LogConfig: Setting CVar [[r.EmitterSpawnRateScale:1.0]]
[2026-05-12T07:49:55.1078735-07:00] [pid=6736] [2026.05.12-14.49.55:107][  0]LogConfig: Setting CVar [[r.ParticleLightQuality:2]]
[2026-05-12T07:49:55.1078735-07:00] [pid=6736] [2026.05.12-14.49.55:107][  0]LogConfig: Setting CVar [[r.SkyAtmosphere.AerialPerspectiveLUT.FastApplyOnOpaque:1 ; Always have FastSkyLUT 1 in this case to avoid wrong sky]]
[2026-05-12T07:49:55.1078735-07:00] [pid=6736] [2026.05.12-14.49.55:107][  0]LogConfig: Setting CVar [[r.SkyAtmosphere.AerialPerspectiveLUT.SampleCountMaxPerSlice:4]]
[2026-05-12T07:49:55.1088942-07:00] [pid=6736] [2026.05.12-14.49.55:107][  0]LogConfig: Setting CVar [[r.SkyAtmosphere.AerialPerspectiveLUT.DepthResolution:16.0]]
[2026-05-12T07:49:55.1088942-07:00] [pid=6736] [2026.05.12-14.49.55:107][  0]LogConfig: Setting CVar [[r.SkyAtmosphere.FastSkyLUT:1]]
[2026-05-12T07:49:55.1088942-07:00] [pid=6736] [2026.05.12-14.49.55:108][  0]LogConfig: Setting CVar [[r.SkyAtmosphere.FastSkyLUT.SampleCountMin:4.0]]
[2026-05-12T07:49:55.1088942-07:00] [pid=6736] [2026.05.12-14.49.55:108][  0]LogConfig: Setting CVar [[r.SkyAtmosphere.FastSkyLUT.SampleCountMax:128.0]]
[2026-05-12T07:49:55.1088942-07:00] [pid=6736] [2026.05.12-14.49.55:108][  0]LogConfig: Setting CVar [[r.SkyAtmosphere.SampleCountMin:4.0]]
[2026-05-12T07:49:55.1088942-07:00] [pid=6736] [2026.05.12-14.49.55:108][  0]LogConfig: Setting CVar [[r.SkyAtmosphere.SampleCountMax:128.0]]
[2026-05-12T07:49:55.1088942-07:00] [pid=6736] [2026.05.12-14.49.55:108][  0]LogConfig: Setting CVar [[r.SkyAtmosphere.TransmittanceLUT.UseSmallFormat:0]]
[2026-05-12T07:49:55.1088942-07:00] [pid=6736] [2026.05.12-14.49.55:108][  0]LogConfig: Setting CVar [[r.SkyAtmosphere.TransmittanceLUT.SampleCount:10.0]]
[2026-05-12T07:49:55.1088942-07:00] [pid=6736] [2026.05.12-14.49.55:108][  0]LogConfig: Setting CVar [[r.SkyAtmosphere.MultiScatteringLUT.SampleCount:15.0]]
[2026-05-12T07:49:55.1088942-07:00] [pid=6736] [2026.05.12-14.49.55:108][  0]LogConfig: Setting CVar [[r.SkyLight.RealTimeReflectionCapture:1]]
[2026-05-12T07:49:55.1088942-07:00] [pid=6736] [2026.05.12-14.49.55:108][  0]LogConfig: Applying CVar settings from Section [FoliageQuality@3] File [C:/Users/kapil/OneDrive/Documents/Unreal Projects/testTP/Saved/Config/Windows/Scalability.ini]
[2026-05-12T07:49:55.1088942-07:00] [pid=6736] [2026.05.12-14.49.55:108][  0]LogConfig: Setting CVar [[foliage.DensityScale:1.0]]
[2026-05-12T07:49:55.1088942-07:00] [pid=6736] [2026.05.12-14.49.55:108][  0]LogConfig: Setting CVar [[grass.DensityScale:1.0]]
[2026-05-12T07:49:55.1088942-07:00] [pid=6736] [2026.05.12-14.49.55:108][  0]LogConfig: Applying CVar settings from Section [ShadingQuality@3] File [C:/Users/kapil/OneDrive/Documents/Unreal Projects/testTP/Saved/Config/Windows/Scalability.ini]
[2026-05-12T07:49:55.1088942-07:00] [pid=6736] [2026.05.12-14.49.55:108][  0]LogConfig: Setting CVar [[r.HairStrands.SkyLighting.IntegrationType:2]]
[2026-05-12T07:49:55.1098877-07:00] [pid=6736] [2026.05.12-14.49.55:108][  0]LogConfig: Setting CVar [[r.HairStrands.SkyAO.SampleCount:4]]
[2026-05-12T07:49:55.1098877-07:00] [pid=6736] [2026.05.12-14.49.55:109][  0]LogConfig: Setting CVar [[r.HairStrands.Visibility.MSAA.SamplePerPixel:4]]
[2026-05-12T07:49:55.1098877-07:00] [pid=6736] [2026.05.12-14.49.55:109][  0]LogInit: Selected Device Profile: [Windows]
[2026-05-12T07:49:55.1098877-07:00] [pid=6736] [2026.05.12-14.49.55:109][  0]LogInit: Applying CVar settings loaded from the selected device profile: [Windows]
[2026-05-12T07:49:55.1098877-07:00] [pid=6736] [2026.05.12-14.49.55:109][  0]LogHAL: Display: Platform has ~ 16 GB [16849256448 / 17179869184 / 16], which maps to Larger [LargestMinGB=32, LargerMinGB=12, DefaultMinGB=8, SmallerMinGB=6, SmallestMinGB=0)
[2026-05-12T07:49:55.1098877-07:00] [pid=6736] [2026.05.12-14.49.55:109][  0]LogInit: Going up to parent DeviceProfile []
[2026-05-12T07:49:55.1098877-07:00] [pid=6736] [2026.05.12-14.49.55:109][  0]LogConfig: Applying CVar settings from Section [ViewDistanceQuality@3] File [C:/Users/kapil/OneDrive/Documents/Unreal Projects/testTP/Saved/Config/Windows/Scalability.ini]
[2026-05-12T07:49:55.1098877-07:00] [pid=6736] [2026.05.12-14.49.55:109][  0]LogConfig: Setting CVar [[r.SkeletalMeshLODBias:0]]
[2026-05-12T07:49:55.1098877-07:00] [pid=6736] [2026.05.12-14.49.55:109][  0]LogConfig: Setting CVar [[r.ViewDistanceScale:1.0]]
[2026-05-12T07:49:55.1098877-07:00] [pid=6736] [2026.05.12-14.49.55:109][  0]LogConfig: Applying CVar settings from Section [AntiAliasingQuality@3] File [C:/Users/kapil/OneDrive/Documents/Unreal Projects/testTP/Saved/Config/Windows/Scalability.ini]
[2026-05-12T07:49:55.1098877-07:00] [pid=6736] [2026.05.12-14.49.55:109][  0]LogConfig: Setting CVar [[r.PostProcessAAQuality:4]]
[2026-05-12T07:49:55.1098877-07:00] [pid=6736] [2026.05.12-14.49.55:109][  0]LogConfig: Applying CVar settings from Section [ShadowQuality@3] File [C:/Users/kapil/OneDrive/Documents/Unreal Projects/testTP/Saved/Config/Windows/Scalability.ini]
[2026-05-12T07:49:55.1098877-07:00] [pid=6736] [2026.05.12-14.49.55:109][  0]LogConfig: Setting CVar [[r.LightFunctionQuality:1]]
[2026-05-12T07:49:55.1098877-07:00] [pid=6736] [2026.05.12-14.49.55:109][  0]LogConfig: Setting CVar [[r.ShadowQuality:5]]
[2026-05-12T07:49:55.1114050-07:00] [pid=6736] [2026.05.12-14.49.55:109][  0]LogConfig: Setting CVar [[r.Shadow.CSM.MaxCascades:10]]
[2026-05-12T07:49:55.1114050-07:00] [pid=6736] [2026.05.12-14.49.55:110][  0]LogConfig: Setting CVar [[r.Shadow.MaxResolution:2048]]
[2026-05-12T07:49:55.1114050-07:00] [pid=6736] [2026.05.12-14.49.55:111][  0]LogConfig: Setting CVar [[r.Shadow.MaxCSMResolution:2048]]
[2026-05-12T07:49:55.1119091-07:00] [pid=6736] [2026.05.12-14.49.55:111][  0]LogConfig: Setting CVar [[r.Shadow.RadiusThreshold:0.01]]
[2026-05-12T07:49:55.1119091-07:00] [pid=6736] [2026.05.12-14.49.55:111][  0]LogConfig: Setting CVar [[r.Shadow.DistanceScale:1.0]]
[2026-05-12T07:49:55.1119091-07:00] [pid=6736] [2026.05.12-14.49.55:111][  0]LogConfig: Setting CVar [[r.Shadow.CSM.TransitionScale:1.0]]
[2026-05-12T07:49:55.1119091-07:00] [pid=6736] [2026.05.12-14.49.55:111][  0]LogConfig: Setting CVar [[r.Shadow.PreShadowResolutionFactor:1.0]]
[2026-05-12T07:49:55.1119091-07:00] [pid=6736] [2026.05.12-14.49.55:111][  0]LogConfig: Setting CVar [[r.DistanceFieldShadowing:1]]
[2026-05-12T07:49:55.1119091-07:00] [pid=6736] [2026.05.12-14.49.55:111][  0]LogConfig: Setting CVar [[r.DistanceFieldAO:1]]
[2026-05-12T07:49:55.1119091-07:00] [pid=6736] [2026.05.12-14.49.55:111][  0]LogConfig: Setting CVar [[r.AOQuality:2]]
[2026-05-12T07:49:55.1119091-07:00] [pid=6736] [2026.05.12-14.49.55:111][  0]LogConfig: Setting CVar [[r.VolumetricFog:1]]
[2026-05-12T07:49:55.1119091-07:00] [pid=6736] [2026.05.12-14.49.55:111][  0]LogConfig: Setting CVar [[r.VolumetricFog.GridPixelSize:8]]
[2026-05-12T07:49:55.1119091-07:00] [pid=6736] [2026.05.12-14.49.55:111][  0]LogConfig: Setting CVar [[r.VolumetricFog.GridSizeZ:128]]
[2026-05-12T07:49:55.1119091-07:00] [pid=6736] [2026.05.12-14.49.55:111][  0]LogConfig: Setting CVar [[r.VolumetricFog.HistoryMissSupersampleCount:4]]
[2026-05-12T07:49:55.1119091-07:00] [pid=6736] [2026.05.12-14.49.55:111][  0]LogConfig: Setting CVar [[r.LightMaxDrawDistanceScale:1]]
[2026-05-12T07:49:55.1129190-07:00] [pid=6736] [2026.05.12-14.49.55:111][  0]LogConfig: Setting CVar [[r.CapsuleShadows:1]]
[2026-05-12T07:49:55.1129190-07:00] [pid=6736] [2026.05.12-14.49.55:112][  0]LogConfig: Applying CVar settings from Section [PostProcessQuality@3] File [C:/Users/kapil/OneDrive/Documents/Unreal Projects/testTP/Saved/Config/Windows/Scalability.ini]
[2026-05-12T07:49:55.1129190-07:00] [pid=6736] [2026.05.12-14.49.55:112][  0]LogConfig: Setting CVar [[r.MotionBlurQuality:4]]
[2026-05-12T07:49:55.1129190-07:00] [pid=6736] [2026.05.12-14.49.55:112][  0]LogConfig: Setting CVar [[r.AmbientOcclusionMipLevelFactor:0.4]]
[2026-05-12T07:49:55.1129190-07:00] [pid=6736] [2026.05.12-14.49.55:112][  0]LogConfig: Setting CVar [[r.AmbientOcclusionMaxQuality:100]]
[2026-05-12T07:49:55.1129190-07:00] [pid=6736] [2026.05.12-14.49.55:112][  0]LogConfig: Setting CVar [[r.AmbientOcclusionLevels:-1]]
[2026-05-12T07:49:55.1129190-07:00] [pid=6736] [2026.05.12-14.49.55:112][  0]LogConfig: Setting CVar [[r.AmbientOcclusionRadiusScale:1.0]]
[2026-05-12T07:49:55.1129190-07:00] [pid=6736] [2026.05.12-14.49.55:112][  0]LogConfig: Setting CVar [[r.DepthOfFieldQuality:2]]
[2026-05-12T07:49:55.1129190-07:00] [pid=6736] [2026.05.12-14.49.55:112][  0]LogConfig: Setting CVar [[r.RenderTargetPoolMin:400]]
[2026-05-12T07:49:55.1129190-07:00] [pid=6736] [2026.05.12-14.49.55:112][  0]LogConfig: Setting CVar [[r.LensFlareQuality:2]]
[2026-05-12T07:49:55.1129190-07:00] [pid=6736] [2026.05.12-14.49.55:112][  0]LogConfig: Setting CVar [[r.SceneColorFringeQuality:1]]
[2026-05-12T07:49:55.1139234-07:00] [pid=6736] [2026.05.12-14.49.55:112][  0]LogConfig: Setting CVar [[r.EyeAdaptationQuality:2]]
[2026-05-12T07:49:55.1139234-07:00] [pid=6736] [2026.05.12-14.49.55:113][  0]LogConfig: Setting CVar [[r.BloomQuality:5]]
[2026-05-12T07:49:55.1139234-07:00] [pid=6736] [2026.05.12-14.49.55:113][  0]LogConfig: Setting CVar [[r.FastBlurThreshold:100]]
[2026-05-12T07:49:55.1139234-07:00] [pid=6736] [2026.05.12-14.49.55:113][  0]LogConfig: Setting CVar [[r.Upscale.Quality:3]]
[2026-05-12T07:49:55.1139234-07:00] [pid=6736] [2026.05.12-14.49.55:113][  0]LogConfig: Setting CVar [[r.Tonemapper.GrainQuantization:1]]
[2026-05-12T07:49:55.1139234-07:00] [pid=6736] [2026.05.12-14.49.55:113][  0]LogConfig: Setting CVar [[r.LightShaftQuality:1]]
[2026-05-12T07:49:55.1139234-07:00] [pid=6736] [2026.05.12-14.49.55:113][  0]LogConfig: Setting CVar [[r.Filter.SizeScale:1]]
[2026-05-12T07:49:55.1139234-07:00] [pid=6736] [2026.05.12-14.49.55:113][  0]LogConfig: Setting CVar [[r.Tonemapper.Quality:5]]
[2026-05-12T07:49:55.1139234-07:00] [pid=6736] [2026.05.12-14.49.55:113][  0]LogConfig: Setting CVar [[r.DOF.Gather.AccumulatorQuality:1        ; higher gathering accumulator quality]]
[2026-05-12T07:49:55.1139234-07:00] [pid=6736] [2026.05.12-14.49.55:113][  0]LogConfig: Setting CVar [[r.DOF.Gather.PostfilterMethod:1          ; Median3x3 postfilering method]]
[2026-05-12T07:49:55.1139234-07:00] [pid=6736] [2026.05.12-14.49.55:113][  0]LogConfig: Setting CVar [[r.DOF.Gather.EnableBokehSettings:0       ; no bokeh simulation when gathering]]
[2026-05-12T07:49:55.1149317-07:00] [pid=6736] [2026.05.12-14.49.55:113][  0]LogConfig: Setting CVar [[r.DOF.Gather.RingCount:4                 ; medium number of samples when gathering]]
[2026-05-12T07:49:55.1149317-07:00] [pid=6736] [2026.05.12-14.49.55:114][  0]LogConfig: Setting CVar [[r.DOF.Scatter.ForegroundCompositing:1    ; additive foreground scattering]]
[2026-05-12T07:49:55.1149317-07:00] [pid=6736] [2026.05.12-14.49.55:114][  0]LogConfig: Setting CVar [[r.DOF.Scatter.BackgroundCompositing:2    ; additive background scattering]]
[2026-05-12T07:49:55.1149317-07:00] [pid=6736] [2026.05.12-14.49.55:114][  0]LogConfig: Setting CVar [[r.DOF.Scatter.EnableBokehSettings:1      ; bokeh simulation when scattering]]
[2026-05-12T07:49:55.1149317-07:00] [pid=6736] [2026.05.12-14.49.55:114][  0]LogConfig: Setting CVar [[r.DOF.Scatter.MaxSpriteRatio:0.1         ; only a maximum of 10% of scattered bokeh]]
[2026-05-12T07:49:55.1149317-07:00] [pid=6736] [2026.05.12-14.49.55:114][  0]LogConfig: Setting CVar [[r.DOF.Recombine.Quality:1                ; cheap slight out of focus]]
[2026-05-12T07:49:55.1149317-07:00] [pid=6736] [2026.05.12-14.49.55:114][  0]LogConfig: Setting CVar [[r.DOF.Recombine.EnableBokehSettings:0    ; no bokeh simulation on slight out of focus]]
[2026-05-12T07:49:55.1149317-07:00] [pid=6736] [2026.05.12-14.49.55:114][  0]LogConfig: Setting CVar [[r.DOF.TemporalAAQuality:1                ; more stable temporal accumulation]]
[2026-05-12T07:49:55.1149317-07:00] [pid=6736] [2026.05.12-14.49.55:114][  0]LogConfig: Setting CVar [[r.DOF.Kernel.MaxForegroundRadius:0.025]]
[2026-05-12T07:49:55.1149317-07:00] [pid=6736] [2026.05.12-14.49.55:114][  0]LogConfig: Setting CVar [[r.DOF.Kernel.MaxBackgroundRadius:0.025]]
[2026-05-12T07:49:55.1149317-07:00] [pid=6736] [2026.05.12-14.49.55:114][  0]LogConfig: Applying CVar settings from Section [TextureQuality@3] File [C:/Users/kapil/OneDrive/Documents/Unreal Projects/testTP/Saved/Config/Windows/Scalability.ini]
[2026-05-12T07:49:55.1159235-07:00] [pid=6736] [2026.05.12-14.49.55:114][  0]LogConfig: Setting CVar [[r.Streaming.MipBias:0]]
[2026-05-12T07:49:55.1159235-07:00] [pid=6736] [2026.05.12-14.49.55:114][  0]LogConfig: Setting CVar [[r.Streaming.AmortizeCPUToGPUCopy:0]]
[2026-05-12T07:49:55.1159235-07:00] [pid=6736] [2026.05.12-14.49.55:115][  0]LogConfig: Setting CVar [[r.Streaming.MaxNumTexturesToStreamPerFrame:0]]
[2026-05-12T07:49:55.1159235-07:00] [pid=6736] [2026.05.12-14.49.55:115][  0]LogConfig: Setting CVar [[r.Streaming.Boost:1]]
[2026-05-12T07:49:55.1159235-07:00] [pid=6736] [2026.05.12-14.49.55:115][  0]LogConfig: Setting CVar [[r.MaxAnisotropy:8]]
[2026-05-12T07:49:55.1159235-07:00] [pid=6736] [2026.05.12-14.49.55:115][  0]LogConfig: Setting CVar [[r.VT.MaxAnisotropy:8]]
[2026-05-12T07:49:55.1159235-07:00] [pid=6736] [2026.05.12-14.49.55:115][  0]LogConfig: Setting CVar [[r.Streaming.LimitPoolSizeToVRAM:0]]
[2026-05-12T07:49:55.1159235-07:00] [pid=6736] [2026.05.12-14.49.55:115][  0]LogConfig: Setting CVar [[r.Streaming.PoolSize:1000]]
[2026-05-12T07:49:55.1169303-07:00] [pid=6736] [2026.05.12-14.49.55:115][  0]LogConfig: Setting CVar [[r.Streaming.MaxEffectiveScreenSize:0]]
[2026-05-12T07:49:55.1169303-07:00] [pid=6736] [2026.05.12-14.49.55:115][  0]LogConfig: Applying CVar settings from Section [EffectsQuality@3] File [C:/Users/kapil/OneDrive/Documents/Unreal Projects/testTP/Saved/Config/Windows/Scalability.ini]
[2026-05-12T07:49:55.1169303-07:00] [pid=6736] [2026.05.12-14.49.55:116][  0]LogConfig: Setting CVar [[r.TranslucencyLightingVolumeDim:64]]
[2026-05-12T07:49:55.1169303-07:00] [pid=6736] [2026.05.12-14.49.55:116][  0]LogConfig: Setting CVar [[r.RefractionQuality:2]]
[2026-05-12T07:49:55.1169303-07:00] [pid=6736] [2026.05.12-14.49.55:116][  0]LogConfig: Setting CVar [[r.SSR.Quality:3]]
[2026-05-12T07:49:55.1169303-07:00] [pid=6736] [2026.05.12-14.49.55:116][  0]LogConfig: Setting CVar [[r.SSR.HalfResSceneColor:0]]
[2026-05-12T07:49:55.1169303-07:00] [pid=6736] [2026.05.12-14.49.55:116][  0]LogConfig: Setting CVar [[r.SceneColorFormat:4]]
[2026-05-12T07:49:55.1169303-07:00] [pid=6736] [2026.05.12-14.49.55:116][  0]LogConfig: Setting CVar [[r.DetailMode:2]]
[2026-05-12T07:49:55.1169303-07:00] [pid=6736] [2026.05.12-14.49.55:116][  0]LogConfig: Setting CVar [[r.TranslucencyVolumeBlur:1]]
[2026-05-12T07:49:55.1169303-07:00] [pid=6736] [2026.05.12-14.49.55:116][  0]LogConfig: Setting CVar [[r.MaterialQualityLevel:1 ; High quality]]
[2026-05-12T07:49:55.1169303-07:00] [pid=6736] [2026.05.12-14.49.55:116][  0]LogConfig: Setting CVar [[r.AnisotropicMaterials:1]]
[2026-05-12T07:49:55.1179338-07:00] [pid=6736] [2026.05.12-14.49.55:116][  0]LogConfig: Setting CVar [[r.SSS.Scale:1]]
[2026-05-12T07:49:55.1179338-07:00] [pid=6736] [2026.05.12-14.49.55:117][  0]LogConfig: Setting CVar [[r.SSS.SampleSet:2]]
[2026-05-12T07:49:55.1179338-07:00] [pid=6736] [2026.05.12-14.49.55:117][  0]LogConfig: Setting CVar [[r.SSS.Quality:1]]
[2026-05-12T07:49:55.1179338-07:00] [pid=6736] [2026.05.12-14.49.55:117][  0]LogConfig: Setting CVar [[r.SSS.HalfRes:0]]
[2026-05-12T07:49:55.1179338-07:00] [pid=6736] [2026.05.12-14.49.55:117][  0]LogConfig: Setting CVar [[r.SSGI.Quality:3]]
[2026-05-12T07:49:55.1179338-07:00] [pid=6736] [2026.05.12-14.49.55:117][  0]LogConfig: Setting CVar [[r.EmitterSpawnRateScale:1.0]]
[2026-05-12T07:49:55.1179338-07:00] [pid=6736] [2026.05.12-14.49.55:117][  0]LogConfig: Setting CVar [[r.ParticleLightQuality:2]]
[2026-05-12T07:49:55.1179338-07:00] [pid=6736] [2026.05.12-14.49.55:117][  0]LogConfig: Setting CVar [[r.SkyAtmosphere.AerialPerspectiveLUT.FastApplyOnOpaque:1 ; Always have FastSkyLUT 1 in this case to avoid wrong sky]]
[2026-05-12T07:49:55.1179338-07:00] [pid=6736] [2026.05.12-14.49.55:117][  0]LogConfig: Setting CVar [[r.SkyAtmosphere.AerialPerspectiveLUT.SampleCountMaxPerSlice:4]]
[2026-05-12T07:49:55.1179338-07:00] [pid=6736] [2026.05.12-14.49.55:117][  0]LogConfig: Setting CVar [[r.SkyAtmosphere.AerialPerspectiveLUT.DepthResolution:16.0]]
[2026-05-12T07:49:55.1189469-07:00] [pid=6736] [2026.05.12-14.49.55:117][  0]LogConfig: Setting CVar [[r.SkyAtmosphere.FastSkyLUT:1]]
[2026-05-12T07:49:55.1189469-07:00] [pid=6736] [2026.05.12-14.49.55:117][  0]LogConfig: Setting CVar [[r.SkyAtmosphere.FastSkyLUT.SampleCountMin:4.0]]
[2026-05-12T07:49:55.1189469-07:00] [pid=6736] [2026.05.12-14.49.55:118][  0]LogConfig: Setting CVar [[r.SkyAtmosphere.FastSkyLUT.SampleCountMax:128.0]]
[2026-05-12T07:49:55.1189469-07:00] [pid=6736] [2026.05.12-14.49.55:118][  0]LogConfig: Setting CVar [[r.SkyAtmosphere.SampleCountMin:4.0]]
[2026-05-12T07:49:55.1189469-07:00] [pid=6736] [2026.05.12-14.49.55:118][  0]LogConfig: Setting CVar [[r.SkyAtmosphere.SampleCountMax:128.0]]
[2026-05-12T07:49:55.1189469-07:00] [pid=6736] [2026.05.12-14.49.55:118][  0]LogConfig: Setting CVar [[r.SkyAtmosphere.TransmittanceLUT.UseSmallFormat:0]]
[2026-05-12T07:49:55.1189469-07:00] [pid=6736] [2026.05.12-14.49.55:118][  0]LogConfig: Setting CVar [[r.SkyAtmosphere.TransmittanceLUT.SampleCount:10.0]]
[2026-05-12T07:49:55.1189469-07:00] [pid=6736] [2026.05.12-14.49.55:118][  0]LogConfig: Setting CVar [[r.SkyAtmosphere.MultiScatteringLUT.SampleCount:15.0]]
[2026-05-12T07:49:55.1189469-07:00] [pid=6736] [2026.05.12-14.49.55:118][  0]LogConfig: Setting CVar [[r.SkyLight.RealTimeReflectionCapture:1]]
[2026-05-12T07:49:55.1189469-07:00] [pid=6736] [2026.05.12-14.49.55:118][  0]LogConfig: Applying CVar settings from Section [FoliageQuality@3] File [C:/Users/kapil/OneDrive/Documents/Unreal Projects/testTP/Saved/Config/Windows/Scalability.ini]
[2026-05-12T07:49:55.1199462-07:00] [pid=6736] [2026.05.12-14.49.55:118][  0]LogConfig: Setting CVar [[foliage.DensityScale:1.0]]
[2026-05-12T07:49:55.1199462-07:00] [pid=6736] [2026.05.12-14.49.55:119][  0]LogConfig: Setting CVar [[grass.DensityScale:1.0]]
[2026-05-12T07:49:55.1199462-07:00] [pid=6736] [2026.05.12-14.49.55:119][  0]LogConfig: Applying CVar settings from Section [ShadingQuality@3] File [C:/Users/kapil/OneDrive/Documents/Unreal Projects/testTP/Saved/Config/Windows/Scalability.ini]
[2026-05-12T07:49:55.1199462-07:00] [pid=6736] [2026.05.12-14.49.55:119][  0]LogConfig: Setting CVar [[r.HairStrands.SkyLighting.IntegrationType:2]]
[2026-05-12T07:49:55.1199462-07:00] [pid=6736] [2026.05.12-14.49.55:119][  0]LogConfig: Setting CVar [[r.HairStrands.SkyAO.SampleCount:4]]
[2026-05-12T07:49:55.1199462-07:00] [pid=6736] [2026.05.12-14.49.55:119][  0]LogConfig: Setting CVar [[r.HairStrands.Visibility.MSAA.SamplePerPixel:4]]
[2026-05-12T07:49:55.1199462-07:00] [pid=6736] [2026.05.12-14.49.55:119][  0]LogConfig: Applying CVar settings from Section [Startup] File [../../../Engine/Config/ConsoleVariables.ini]
[2026-05-12T07:49:55.1199462-07:00] [pid=6736] [2026.05.12-14.49.55:119][  0]LogConfig: Setting CVar [[net.UseAdaptiveNetUpdateFrequency:0]]
[2026-05-12T07:49:55.1209458-07:00] [pid=6736] [2026.05.12-14.49.55:119][  0]LogConfig: Setting CVar [[p.chaos.AllowCreatePhysxBodies:1]]
[2026-05-12T07:49:55.1209458-07:00] [pid=6736] [2026.05.12-14.49.55:120][  0]LogConfig: Setting CVar [[fx.SkipVectorVMBackendOptimizations:1]]
[2026-05-12T07:49:55.1209458-07:00] [pid=6736] [2026.05.12-14.49.55:120][  0]LogConfig: Applying CVar settings from Section [ConsoleVariables] File [C:/Users/kapil/OneDrive/Documents/Unreal Projects/testTP/Saved/Config/Windows/Engine.ini]
[2026-05-12T07:49:55.1209458-07:00] [pid=6736] [2026.05.12-14.49.55:120][  0]LogConfig: Applying CVar settings from Section [ConsoleVariables] File [C:/Users/kapil/OneDrive/Documents/Unreal Projects/testTP/Saved/Config/Windows/Editor.ini]
[2026-05-12T07:49:55.1209458-07:00] [pid=6736] [2026.05.12-14.49.55:120][  0]LogInit: Computer: IMMERSEDEMOM5
[2026-05-12T07:49:55.1214575-07:00] [pid=6736] [2026.05.12-14.49.55:120][  0]LogInit: User: kapil
[2026-05-12T07:49:55.1214575-07:00] [pid=6736] [2026.05.12-14.49.55:120][  0]LogInit: CPU Page size=4096, Cores=14
[2026-05-12T07:49:55.1214575-07:00] [pid=6736] [2026.05.12-14.49.55:121][  0]LogInit: High frequency timer resolution =10.000000 MHz
[2026-05-12T07:49:55.1214575-07:00] [pid=6736] [2026.05.12-14.49.55:121][  0]LogMemory: Memory total: Physical=15.7GB (16GB approx)
[2026-05-12T07:49:55.1214575-07:00] [pid=6736] [2026.05.12-14.49.55:121][  0]LogMemory: Platform Memory Stats for Windows
[2026-05-12T07:49:55.1214575-07:00] [pid=6736] [2026.05.12-14.49.55:121][  0]LogMemory: Process Physical Memory: 152.62 MB used, 152.62 MB peak
[2026-05-12T07:49:55.1214575-07:00] [pid=6736] [2026.05.12-14.49.55:121][  0]LogMemory: Process Virtual Memory: 131.54 MB used, 131.54 MB peak
[2026-05-12T07:49:55.1214575-07:00] [pid=6736] [2026.05.12-14.49.55:121][  0]LogMemory: Physical Memory: 11915.77 MB used,  4152.94 MB free, 16068.70 MB total
[2026-05-12T07:49:55.1214575-07:00] [pid=6736] [2026.05.12-14.49.55:121][  0]LogMemory: Virtual Memory: 134210408.00 MB used,  7319.07 MB free, 134217728.00 MB total
[2026-05-12T07:49:55.1254843-07:00] [pid=6736] [2026.05.12-14.49.55:125][  0]LogWindows: WindowsPlatformFeatures enabled
[2026-05-12T07:49:55.1616884-07:00] [pid=6736] [2026.05.12-14.49.55:161][  0]LogInit: Physics initialised using underlying interface: PhysX
[2026-05-12T07:49:55.1626962-07:00] [pid=6736] [2026.05.12-14.49.55:162][  0]LogInit: Using OS detected language (en-US).
[2026-05-12T07:49:55.1626962-07:00] [pid=6736] [2026.05.12-14.49.55:162][  0]LogInit: Using OS detected locale (en-US).
[2026-05-12T07:49:55.1667060-07:00] [pid=6736] [2026.05.12-14.49.55:166][  0]LogTextLocalizationManager: No specific localization for 'en-US' exists, so the 'en' localization will be used.
[2026-05-12T07:49:55.3099814-07:00] [pid=6736] [2026.05.12-14.49.55:309][  0]LogWindowsTextInputMethodSystem: Display: IME system deactivated.
[2026-05-12T07:49:55.3200293-07:00] [pid=6736] [2026.05.12-14.49.55:320][  0]LogSlate: New Slate User Created.  User Index 0, Is Virtual User: 0
[2026-05-12T07:49:55.3200293-07:00] [pid=6736] [2026.05.12-14.49.55:320][  0]LogSlate: Slate User Registered.  User Index 0, Is Virtual User: 0
[2026-05-12T07:49:55.3280687-07:00] [pid=6736] [2026.05.12-14.49.55:328][  0]LogD3D11RHI: Loaded GFSDK_Aftermath_Lib.x64.dll
[2026-05-12T07:49:55.3708056-07:00] [pid=6736] [2026.05.12-14.49.55:370][  0]LogHMD: Failed to initialize OpenVR with code 110
[2026-05-12T07:49:55.3708056-07:00] [pid=6736] [2026.05.12-14.49.55:370][  0]LogD3D11RHI: D3D11 min allowed feature level: 11_0
[2026-05-12T07:49:55.3708056-07:00] [pid=6736] [2026.05.12-14.49.55:370][  0]LogD3D11RHI: D3D11 max allowed feature level: 11_0
[2026-05-12T07:49:55.3708056-07:00] [pid=6736] [2026.05.12-14.49.55:370][  0]LogD3D11RHI: D3D11 adapters:
[2026-05-12T07:49:55.5310291-07:00] [pid=6736] [2026.05.12-14.49.55:531][  0]LogD3D11RHI:    0. 'NVIDIA GeForce RTX 4060 Laptop GPU' (Feature Level 11_0)
[2026-05-12T07:49:55.5310291-07:00] [pid=6736] [2026.05.12-14.49.55:531][  0]LogD3D11RHI:       7957/0/8034 MB DedicatedVideo/DedicatedSystem/SharedSystem, Outputs:1, VendorId:0x10de
[2026-05-12T07:49:55.5536868-07:00] [pid=6736] [2026.05.12-14.49.55:553][  0]LogD3D11RHI:    1. 'Intel(R) UHD Graphics' (Feature Level 11_0)
[2026-05-12T07:49:55.5536868-07:00] [pid=6736] [2026.05.12-14.49.55:553][  0]LogD3D11RHI:       128/0/8034 MB DedicatedVideo/DedicatedSystem/SharedSystem, Outputs:0, VendorId:0x8086
[2026-05-12T07:49:55.5566825-07:00] [pid=6736] [2026.05.12-14.49.55:556][  0]LogD3D11RHI:    2. 'Microsoft Basic Render Driver' (Feature Level 11_0)
[2026-05-12T07:49:55.5566825-07:00] [pid=6736] [2026.05.12-14.49.55:556][  0]LogD3D11RHI:       0/0/8034 MB DedicatedVideo/DedicatedSystem/SharedSystem, Outputs:0, VendorId:0x1414
[2026-05-12T07:49:55.5566825-07:00] [pid=6736] [2026.05.12-14.49.55:556][  0]LogD3D11RHI: Chosen D3D11 Adapter:
[2026-05-12T07:49:55.5566825-07:00] [pid=6736] [2026.05.12-14.49.55:556][  0]LogD3D11RHI:     Description : NVIDIA GeForce RTX 4060 Laptop GPU
[2026-05-12T07:49:55.5566825-07:00] [pid=6736] [2026.05.12-14.49.55:556][  0]LogD3D11RHI:     VendorId    : 10de
[2026-05-12T07:49:55.5566825-07:00] [pid=6736] [2026.05.12-14.49.55:556][  0]LogD3D11RHI:     DeviceId    : 28e0
[2026-05-12T07:49:55.5566825-07:00] [pid=6736] [2026.05.12-14.49.55:556][  0]LogD3D11RHI:     SubSysId    : bf81028
[2026-05-12T07:49:55.5566825-07:00] [pid=6736] [2026.05.12-14.49.55:556][  0]LogD3D11RHI:     Revision    : 00a1
[2026-05-12T07:49:55.5566825-07:00] [pid=6736] [2026.05.12-14.49.55:556][  0]LogD3D11RHI:     DedicatedVideoMemory : 8343519232 bytes
[2026-05-12T07:49:55.5566825-07:00] [pid=6736] [2026.05.12-14.49.55:556][  0]LogD3D11RHI:     DedicatedSystemMemory : 0 bytes
[2026-05-12T07:49:55.5566825-07:00] [pid=6736] [2026.05.12-14.49.55:556][  0]LogD3D11RHI:     SharedSystemMemory : 8424628224 bytes
[2026-05-12T07:49:55.5566825-07:00] [pid=6736] [2026.05.12-14.49.55:556][  0]LogD3D11RHI:     AdapterLuid : 0 75339
[2026-05-12T07:49:55.5637348-07:00] [pid=6736] [2026.05.12-14.49.55:563][  0]LogD3D11RHI: Creating new Direct3DDevice
[2026-05-12T07:49:55.5637348-07:00] [pid=6736] [2026.05.12-14.49.55:563][  0]LogD3D11RHI:     GPU DeviceId: 0x28e0 (for the marketing name, search the web for "GPU Device Id")
[2026-05-12T07:49:55.5637348-07:00] [pid=6736] [2026.05.12-14.49.55:563][  0]LogWindows: EnumDisplayDevices:
[2026-05-12T07:49:55.5637348-07:00] [pid=6736] [2026.05.12-14.49.55:563][  0]LogWindows:    0. 'Intel(R) UHD Graphics' (P:1 D:1)
[2026-05-12T07:49:55.5637348-07:00] [pid=6736] [2026.05.12-14.49.55:563][  0]LogWindows:    1. 'Intel(R) UHD Graphics' (P:0 D:0)
[2026-05-12T07:49:55.5647342-07:00] [pid=6736] [2026.05.12-14.49.55:563][  0]LogWindows:    2. 'Intel(R) UHD Graphics' (P:0 D:0)
[2026-05-12T07:49:55.5647342-07:00] [pid=6736] [2026.05.12-14.49.55:564][  0]LogWindows:    3. 'Intel(R) UHD Graphics' (P:0 D:0)
[2026-05-12T07:49:55.5647342-07:00] [pid=6736] [2026.05.12-14.49.55:564][  0]LogWindows:    4. 'NVIDIA GeForce RTX 4060 Laptop GPU' (P:0 D:0)
[2026-05-12T07:49:55.5647342-07:00] [pid=6736] [2026.05.12-14.49.55:564][  0]LogWindows: DebugString: PrimaryIsNotTheChoosenAdapter PrimaryIsNotTheChoosenAdapter PrimaryIsNotTheChoosenAdapter PrimaryIsNotTheChoosenAdapter 
[2026-05-12T07:49:55.5647342-07:00] [pid=6736] [2026.05.12-14.49.55:564][  0]LogD3D11RHI:     Adapter Name: NVIDIA GeForce RTX 4060 Laptop GPU
[2026-05-12T07:49:55.5647342-07:00] [pid=6736] [2026.05.12-14.49.55:564][  0]LogD3D11RHI:   Driver Version: 581.95 (internal:32.0.15.8195, unified:581.95)
[2026-05-12T07:49:55.5647342-07:00] [pid=6736] [2026.05.12-14.49.55:564][  0]LogD3D11RHI:      Driver Date: 11-18-2025
[2026-05-12T07:49:55.5647342-07:00] [pid=6736] [2026.05.12-14.49.55:564][  0]LogRHI: Texture pool is 5569 MB (70% of 7957 MB)
[2026-05-12T07:49:55.5647342-07:00] [pid=6736] [2026.05.12-14.49.55:564][  0]LogD3D11RHI: Creating D3DDevice using adapter:
[2026-05-12T07:49:55.5647342-07:00] [pid=6736] [2026.05.12-14.49.55:564][  0]LogD3D11RHI:     Description : NVIDIA GeForce RTX 4060 Laptop GPU
[2026-05-12T07:49:55.5647342-07:00] [pid=6736] [2026.05.12-14.49.55:564][  0]LogD3D11RHI:     VendorId    : 10de
[2026-05-12T07:49:55.5647342-07:00] [pid=6736] [2026.05.12-14.49.55:564][  0]LogD3D11RHI:     DeviceId    : 28e0
[2026-05-12T07:49:55.5657357-07:00] [pid=6736] [2026.05.12-14.49.55:564][  0]LogD3D11RHI:     SubSysId    : bf81028
[2026-05-12T07:49:55.5657357-07:00] [pid=6736] [2026.05.12-14.49.55:564][  0]LogD3D11RHI:     Revision    : 00a1
[2026-05-12T07:49:55.5657357-07:00] [pid=6736] [2026.05.12-14.49.55:565][  0]LogD3D11RHI:     DedicatedVideoMemory : 8343519232 bytes
[2026-05-12T07:49:55.5657357-07:00] [pid=6736] [2026.05.12-14.49.55:565][  0]LogD3D11RHI:     DedicatedSystemMemory : 0 bytes
[2026-05-12T07:49:55.5657357-07:00] [pid=6736] [2026.05.12-14.49.55:565][  0]LogD3D11RHI:     SharedSystemMemory : 8424628224 bytes
[2026-05-12T07:49:55.5657357-07:00] [pid=6736] [2026.05.12-14.49.55:565][  0]LogD3D11RHI:     AdapterLuid : 0 75339
[2026-05-12T07:49:55.6747727-07:00] [pid=6736] [2026.05.12-14.49.55:674][  0]LogD3D11RHI: RHI has support for 64 bit atomics
[2026-05-12T07:49:55.6757725-07:00] [pid=6736] [2026.05.12-14.49.55:675][  0]LogD3D11RHI: Async texture creation enabled
[2026-05-12T07:49:55.6757725-07:00] [pid=6736] [2026.05.12-14.49.55:675][  0]LogD3D11RHI: Array index from any shader is supported
[2026-05-12T07:49:55.6863107-07:00] [pid=6736] [2026.05.12-14.49.55:686][  0]LogD3D11RHI: GPU Timing Frequency: 1000.000000 (Debug: 2 1)
[2026-05-12T07:49:55.7109478-07:00] [pid=6736] [2026.05.12-14.49.55:710][  0]LogRHI: GeForceNow SDK initialized: 1
[2026-05-12T07:49:55.8788335-07:00] [pid=24620] MacPlatformFactory.RegisterBuildPlatforms: UnrealBuildTool.MacPlatformSDK using manually installed SDK
[2026-05-12T07:49:55.8888702-07:00] [pid=24620] TVOSPlatformFactory.RegisterBuildPlatforms: UnrealBuildTool.IOSPlatformSDK has no valid SDK
[2026-05-12T07:49:55.8908697-07:00] [pid=24620] AndroidPlatformFactory.RegisterBuildPlatforms: UnrealBuildTool.AndroidPlatformSDK has no valid SDK
[2026-05-12T07:49:55.8913814-07:00] [pid=24620] HoloLensPlatformFactory.RegisterBuildPlatforms: UnrealBuildTool.HoloLensPlatformSDK using manually installed SDK
[2026-05-12T07:49:55.8944097-07:00] [pid=24620] IOSPlatformFactory.RegisterBuildPlatforms: UnrealBuildTool.IOSPlatformSDK has no valid SDK
[2026-05-12T07:49:55.8964073-07:00] [pid=24620] LinuxPlatformFactory.RegisterBuildPlatforms: UnrealBuildTool.LinuxPlatformSDK has no valid SDK
[2026-05-12T07:49:55.8964073-07:00] [pid=24620] LuminSDKVersionHelper.HasAnySDK: *** Unable to determine MLSDK location ***
[2026-05-12T07:49:55.8979116-07:00] [pid=24620] LuminSDKVersionHelper.HasAnySDK: *** Unable to determine MLSDK location ***
[2026-05-12T07:49:55.8979116-07:00] [pid=24620] LuminPlatformFactory.RegisterBuildPlatforms: UnrealBuildTool.LuminPlatformSDK has no valid SDK
[2026-05-12T07:49:55.8979116-07:00] [pid=24620] WindowsPlatformFactory.RegisterBuildPlatforms: UnrealBuildTool.WindowsPlatformSDK using manually installed SDK
[2026-05-12T07:49:55.9034617-07:00] [pid=24620] ValidatePlatformsMode.Execute: ##PlatformValidate: Win32 VALID
[2026-05-12T07:49:55.9034617-07:00] [pid=24620] ValidatePlatformsMode.Execute: ##PlatformValidate: Win64 VALID
[2026-05-12T07:49:55.9034617-07:00] [pid=24620] ValidatePlatformsMode.Execute: ##PlatformValidate: HoloLens VALID
[2026-05-12T07:49:55.9034617-07:00] [pid=24620] ValidatePlatformsMode.Execute: ##PlatformValidate: Mac VALID
[2026-05-12T07:49:55.9034617-07:00] [pid=24620] ValidatePlatformsMode.Execute: ##PlatformValidate: XboxOne INVALID
[2026-05-12T07:49:55.9034617-07:00] [pid=24620] ValidatePlatformsMode.Execute: ##PlatformValidate: PS4 INVALID
[2026-05-12T07:49:55.9034617-07:00] [pid=24620] ValidatePlatformsMode.Execute: ##PlatformValidate: IOS INVALID
[2026-05-12T07:49:55.9034617-07:00] [pid=24620] ValidatePlatformsMode.Execute: ##PlatformValidate: Android INVALID
[2026-05-12T07:49:55.9034617-07:00] [pid=24620] ValidatePlatformsMode.Execute: ##PlatformValidate: HTML5 INVALID
[2026-05-12T07:49:55.9034617-07:00] [pid=24620] ValidatePlatformsMode.Execute: ##PlatformValidate: Linux INVALID
[2026-05-12T07:49:55.9034617-07:00] [pid=24620] ValidatePlatformsMode.Execute: ##PlatformValidate: LinuxAArch64 INVALID
[2026-05-12T07:49:55.9044616-07:00] [pid=24620] ValidatePlatformsMode.Execute: ##PlatformValidate: AllDesktop INVALID
[2026-05-12T07:49:55.9044616-07:00] [pid=24620] ValidatePlatformsMode.Execute: ##PlatformValidate: TVOS INVALID
[2026-05-12T07:49:55.9044616-07:00] [pid=24620] ValidatePlatformsMode.Execute: ##PlatformValidate: Switch INVALID
[2026-05-12T07:49:55.9044616-07:00] [pid=24620] ValidatePlatformsMode.Execute: ##PlatformValidate: Lumin INVALID
[2026-05-12T07:49:55.9064548-07:00] [pid=24620] Timeline.Print: Timeline:
[2026-05-12T07:49:55.9064548-07:00] [pid=24620] Timeline.Print: 
[2026-05-12T07:49:55.9064548-07:00] [pid=24620] Timeline.Print: [ 0.000]
[2026-05-12T07:49:55.9079579-07:00] [pid=24620] Timeline.Print: [ 0.015](+0.065) XmlConfig.ReadConfigFiles()
[2026-05-12T07:49:55.9079579-07:00] [pid=24620] Timeline.Print: [ 0.080](+0.000) SingleInstanceMutex.Acquire()
[2026-05-12T07:49:55.9079579-07:00] [pid=24620] Timeline.Print: [ 0.080](+0.047) UEBuildPlatform.RegisterPlatforms()
[2026-05-12T07:49:55.9079579-07:00] [pid=24620] Timeline.Print:   0.081          [ 0.000](+0.021) Initializing InstalledPlatformInfo
[2026-05-12T07:49:55.9079579-07:00] [pid=24620] Timeline.Print:   0.102          [ 0.021](+0.000) Querying types
[2026-05-12T07:49:55.9079579-07:00] [pid=24620] Timeline.Print:   0.103          [ 0.023](+0.011) MacPlatformFactory
[2026-05-12T07:49:55.9079579-07:00] [pid=24620] Timeline.Print:   0.115          [ 0.034](+0.003) TVOSPlatformFactory
[2026-05-12T07:49:55.9079579-07:00] [pid=24620] Timeline.Print:   0.119          [ 0.038](+0.002) AndroidPlatformFactory
[2026-05-12T07:49:55.9079579-07:00] [pid=24620] Timeline.Print:   0.121          [ 0.040](+0.000) HoloLensPlatformFactory
[2026-05-12T07:49:55.9079579-07:00] [pid=24620] Timeline.Print:   0.122          [ 0.041](+0.001) IOSPlatformFactory
[2026-05-12T07:49:55.9079579-07:00] [pid=24620] Timeline.Print:   0.123          [ 0.043](+0.002) LinuxPlatformFactory
[2026-05-12T07:49:55.9079579-07:00] [pid=24620] Timeline.Print:   0.126          [ 0.045](+0.001) LuminPlatformFactory
[2026-05-12T07:49:55.9079579-07:00] [pid=24620] Timeline.Print:   0.127          [ 0.046](+0.000) WindowsPlatformFactory
[2026-05-12T07:49:55.9079579-07:00] [pid=24620] Timeline.Print: [ 0.134](+0.000) FileMetadataPrefetch.Stop()
[2026-05-12T07:49:55.9089778-07:00] [pid=24620] Timeline.Print: [ 0.136]
[2026-05-12T07:49:55.9300678-07:00] [pid=6736] [2026.05.12-14.49.55:930][  0]LogTargetPlatformManager: Display: Loaded TargetPlatform 'WindowsNoEditor'
[2026-05-12T07:49:55.9335910-07:00] [pid=6736] [2026.05.12-14.49.55:933][  0]LogTargetPlatformManager: Display: Loaded TargetPlatform 'Windows'
[2026-05-12T07:49:55.9365911-07:00] [pid=6736] [2026.05.12-14.49.55:936][  0]LogTargetPlatformManager: Display: Loaded TargetPlatform 'WindowsClient'
[2026-05-12T07:49:55.9401149-07:00] [pid=6736] [2026.05.12-14.49.55:939][  0]LogTargetPlatformManager: Display: Loaded TargetPlatform 'WindowsServer'
[2026-05-12T07:49:55.9401149-07:00] [pid=6736] [2026.05.12-14.49.55:940][  0]LogTargetPlatformManager: Display: Building Assets For Windows
[2026-05-12T07:49:55.9456362-07:00] [pid=6736] [2026.05.12-14.49.55:945][  0]LogAudioDebug: Display: Lib vorbis DLL was dynamically loaded.
[2026-05-12T07:49:55.9697569-07:00] [pid=6736] [2026.05.12-14.49.55:969][  0]LogTextureFormatOodle: Display: Oodle Texture 2.9.0 init RDO Off
[2026-05-12T07:49:55.9933941-07:00] [pid=6736] [2026.05.12-14.49.55:993][  0]LogRendererCore: Ray tracing is disabled. Reason: r.RayTracing=0.
[2026-05-12T07:49:55.9933941-07:00] [pid=6736] [2026.05.12-14.49.55:993][  0]LogShaderCompilers: Guid format shader working directory is -25 characters bigger than the processId version (../../../../../../Users/kapil/OneDrive/Documents/Unreal Projects/testTP/Intermediate/Shaders/WorkingDirectory/6736/).
[2026-05-12T07:49:55.9933941-07:00] [pid=6736] [2026.05.12-14.49.55:993][  0]LogShaderCompilers: Cleaned the shader compiler working directory 'C:/Users/kapil/AppData/Local/Temp/UnrealShaderWorkingDir/FDA1A6EA4BE7962717C392AD35E50D6C/'.
[2026-05-12T07:49:55.9943945-07:00] [pid=6736] [2026.05.12-14.49.55:993][  0]LogXGEController: Cannot use XGE Controller as Incredibuild is not installed on this machine.
[2026-05-12T07:49:55.9943945-07:00] [pid=6736] [2026.05.12-14.49.55:994][  0]LogShaderCompilers: Cannot use XGE Shader Compiler as Incredibuild is not installed on this machine.
[2026-05-12T07:49:55.9943945-07:00] [pid=6736] [2026.05.12-14.49.55:994][  0]LogShaderCompilers: Display: Using Local Shader Compiler.
[2026-05-12T07:49:56.5815208-07:00] [pid=6736] [2026.05.12-14.49.56:581][  0]LogDerivedDataCache: Display: Max Cache Size: 512 MB
[2026-05-12T07:49:56.6287914-07:00] [pid=6736] [2026.05.12-14.49.56:628][  0]LogDerivedDataCache: Loaded boot cache 0.05s 94MB C:/Users/kapil/AppData/Local/UnrealEngine/4.27/DerivedDataCache/Boot.ddc.
[2026-05-12T07:49:56.6287914-07:00] [pid=6736] [2026.05.12-14.49.56:628][  0]LogDerivedDataCache: Display: Loaded Boot cache: C:/Users/kapil/AppData/Local/UnrealEngine/4.27/DerivedDataCache/Boot.ddc
[2026-05-12T07:49:56.6287914-07:00] [pid=6736] [2026.05.12-14.49.56:628][  0]LogDerivedDataCache: FDerivedDataBackendGraph:  Pak pak cache file ../../../../../../Users/kapil/OneDrive/Documents/Unreal Projects/testTP/DerivedDataCache/DDC.ddp not found, will not use a pak cache.
[2026-05-12T07:49:56.6287914-07:00] [pid=6736] [2026.05.12-14.49.56:628][  0]LogDerivedDataCache: Unable to find inner node Pak for hierarchical cache Hierarchy.
[2026-05-12T07:49:56.6287914-07:00] [pid=6736] [2026.05.12-14.49.56:628][  0]LogDerivedDataCache: FDerivedDataBackendGraph:  CompressedPak pak cache file ../../../../../../Users/kapil/OneDrive/Documents/Unreal Projects/testTP/DerivedDataCache/Compressed.ddp not found, will not use a pak cache.
[2026-05-12T07:49:56.6287914-07:00] [pid=6736] [2026.05.12-14.49.56:628][  0]LogDerivedDataCache: Unable to find inner node CompressedPak for hierarchical cache Hierarchy.
[2026-05-12T07:49:56.6413389-07:00] [pid=6736] [2026.05.12-14.49.56:641][  0]LogDerivedDataCache: Display: Pak cache opened for reading ../../../Engine/DerivedDataCache/Compressed.ddp.
[2026-05-12T07:49:56.6413389-07:00] [pid=6736] [2026.05.12-14.49.56:641][  0]LogDerivedDataCache: FDerivedDataBackendGraph:  EnterprisePak pak cache file ../../../Enterprise/DerivedDataCache/Compressed.ddp not found, will not use a pak cache.
[2026-05-12T07:49:56.6423497-07:00] [pid=6736] [2026.05.12-14.49.56:641][  0]LogDerivedDataCache: Unable to find inner node EnterprisePak for hierarchical cache Hierarchy.
[2026-05-12T07:49:56.6463581-07:00] [pid=6736] [2026.05.12-14.49.56:646][  0]LogDerivedDataCache: Speed tests for C:/Users/kapil/AppData/Local/UnrealEngine/Common/DerivedDataCache took 0.01 seconds
[2026-05-12T07:49:56.6478679-07:00] [pid=6736] [2026.05.12-14.49.56:646][  0]LogDerivedDataCache: Display: Performance to C:/Users/kapil/AppData/Local/UnrealEngine/Common/DerivedDataCache: Latency=0.02ms. RandomReadSpeed=1404.15MBs, RandomWriteSpeed=217.36MBs. Assigned SpeedClass 'Local'
[2026-05-12T07:49:56.6488832-07:00] [pid=6736] [2026.05.12-14.49.56:648][  0]LogDerivedDataCache: Using Local data cache path C:/Users/kapil/AppData/Local/UnrealEngine/Common/DerivedDataCache: Writable
[2026-05-12T07:49:56.6488832-07:00] [pid=6736] [2026.05.12-14.49.56:648][  0]LogDerivedDataCache: Shared data cache path not found in *engine.ini, will not use an Shared cache.
[2026-05-12T07:49:56.6488832-07:00] [pid=6736] [2026.05.12-14.49.56:648][  0]LogDerivedDataCache: Unable to find inner node Shared for hierarchical cache Hierarchy.
[2026-05-12T07:49:56.6780684-07:00] [pid=6736] [2026.05.12-14.49.56:678][  0]LogSlate: Using FreeType 2.10.0
[2026-05-12T07:49:56.6790951-07:00] [pid=6736] [2026.05.12-14.49.56:679][  0]LogSlate: SlateFontServices - WITH_FREETYPE: 1, WITH_HARFBUZZ: 1
[2026-05-12T07:49:56.7143370-07:00] [pid=6736] [2026.05.12-14.49.56:714][  0]LogInit: Using OS detected language (en-US).
[2026-05-12T07:49:56.7143370-07:00] [pid=6736] [2026.05.12-14.49.56:714][  0]LogInit: Using OS detected locale (en-US).
[2026-05-12T07:49:56.7153434-07:00] [pid=6736] [2026.05.12-14.49.56:715][  0]LogTextLocalizationManager: No localization for 'en-US' exists, so 'en' will be used for the language.
[2026-05-12T07:49:56.7153434-07:00] [pid=6736] [2026.05.12-14.49.56:715][  0]LogTextLocalizationManager: No localization for 'en-US' exists, so 'en' will be used for the locale.
[2026-05-12T07:49:56.7153434-07:00] [pid=6736] [2026.05.12-14.49.56:715][  0]LogSlate: FontCache flush requested. Reason: Culture for localization was changed
[2026-05-12T07:49:56.7153434-07:00] [pid=6736] [2026.05.12-14.49.56:715][  0]LogSlate: FontCache flush requested. Reason: Culture for localization was changed
[2026-05-12T07:49:56.7163364-07:00] [pid=6736] [2026.05.12-14.49.56:716][  0]LogTextLocalizationManager: Compacting localization data took   0.01ms
[2026-05-12T07:49:56.7178465-07:00] [pid=6736] [2026.05.12-14.49.56:716][  0]LogAssetRegistry: FAssetRegistry took 0.0011 seconds to start up
[2026-05-12T07:49:56.8491028-07:00] [pid=6736] [2026.05.12-14.49.56:849][  0]LogPackageLocalizationCache: Processed 28 localized package path(s) for 1 prioritized culture(s) in 0.024570 seconds
[2026-05-12T07:49:56.8955055-07:00] [pid=6736] [2026.05.12-14.49.56:895][  0]LogInit: Selected Device Profile: [Windows]
[2026-05-12T07:49:56.8955055-07:00] [pid=6736] [2026.05.12-14.49.56:895][  0]LogInit: Active device profile: [00000199B5BA7600][00000199AF6E3440 49] Windows
[2026-05-12T07:49:56.8955055-07:00] [pid=6736] [2026.05.12-14.49.56:895][  0]LogInit: Profiles: [00000199B5BA7600][00000199AF6E3440 49] Windows, [00000199B5B68C00][00000199AF03F580 49] WindowsNoEditor, [00000199B5BA4C00][00000199AF0436C0 49] WindowsServer, [00000199B5B6AD00][00000199AF047800 49] WindowsClient, [00000199B5BA6C00][00000199AF04B940 49] IOS, [00000199B5B69600][00000199B5123AC0 49] iPadAir, [00000199B5BA5500][00000199B51260C0 49] iPadAir2, [00000199B5B07B00][00000199B512E380 49] IPadPro, [00000199B5B07C00][00000199B512A3C0 49] iPadAir3, [00000199B5BA6500][00000199B5132540 49] iPadAir4, [00000199B5B05100][00000199B51366C0 49] iPadMini2, [00000199B5BA7C00][00000199B513A840 49] iPadMini3, [00000199B5B06700][00000199B513E9C0 49] iPadMini4, [00000199B5BA4200][00000199B5142B40 49] iPadMini5, [00000199B5B5B400][00000199B514AE00 49] iPhone6, [00000199B5B5B500][00000199B5146E40 49] iPodTouch6, [00000199B5B04200][00000199AF619100 49] iPhone7, [00000199B5B04100][00000199AF615140 49] iPodTouch7, [00000199B5B59000][00000199AF61D2C0 49] iPhone5S, [00000199B5B04D00][00000199AF621440 49] iPhone6Plus, [00000199B5B5A800][00000199AF6255C0 49] iPhone6S, [00000199B5B07A00][00000199B511F700 49] iPhone6SPlus, [00000199B5B59900][00000199AF629840 49] iPhone7Plus, [00000199B5B06100][00000199AF62D980 49] iPhoneSE, [00000199B5B58900][00000199AF631AC0 49] iPhone8, [00000199B5B06C00][00000199AF6380C0 49] iPhone8Plus, [00000199B5B5B100][00000199AF63C240 49] iPhoneX, [00000199B5B06200][00000199AF6403C0 49] iPhoneXS, [00000199B5B58200][00000199AF644540 49] iPhoneXSMax, [00000199B5B05800][00000199AF6486C0 49] iPhoneXR, [00000199B5B58800][00000199AF64C840 49] iPhone11, [00000199B5B05300][00000199AF6509C0 49] iPhone11Pro, [00000199B5B58C00][00000199AF654B40 49] iPhone11ProMax, [00000199B5B06A00][00000199AF658CC0 49] iPhoneSE2, [00000199B5B5BB00][00000199AF65CE40 49] iPhone12Mini, [00000199B5B04500][00000199B6160FC0 49] iPhone12, [00000199B5B5AA00][00000199B6165140 49] iPhone12Pro, [00000199B5B07E00][00000199B61692C0 49] iPhone12ProMax, [00000199B5B5BD00][00000199B616D440 49] iPadPro105, [00000199B5B06900][00000199B61715C0 49] iPadPro129, [00000199B5B58700][00000199B6175740 49] iPadPro97, [00000199B5B04600][00000199B61798C0 49] iPadPro2_129, [00000199B5B58A00][00000199AF635A00 49] iPad5, [00000199B5B05000][00000199B617DB40 49] iPad6, [00000199B5B5AB00][00000199B6180100 49] iPad7, [00000199B5B07800][00000199B6188280 49] iPad8, [00000199B5B58B00][00000199B618C400 49] iPadPro11, [00000199B5B07900][00000199B6190580 49] iPadPro2_11, [00000199B5B5A300][00000199B6194700 49] iPadPro3_129, [00000199B5B04A00][00000199B6198880 49] iPadPro4_129, [00000199B5B59800][00000199B619CA00 49] AppleTV, [00000199B5B05B00][00000199B61A0B80 49] AppleTV4K, [00000199B5B58500][00000199B61A4D00 49] TVOS, [00000199B5B05400][00000199B61A8E80 49] Mac, [00000199B5B5B600][00000199B61AD000 49] MacClient, [00000199B5B07F00][00000199B61B1180 49] MacNoEditor, [00000199B5B5A700][00000199B61B5300 49] MacServer, [00000199B5B05C00][00000199B61B9480 49] Linux, [00000199B5B5B300][00000199B61BD600 49] LinuxAArch64, [00000199B5B05F00][00000199B61C1780 49] LinuxNoEditor, [00000199B5B6A800][00000199B61C5900 49] LinuxAArch64NoEditor, [00000199B5BF0F00][00000199B61C9A80 49] LinuxClient, [00000199B5B6BF00][00000199B6185BC0 49] LinuxAArch64Client, [00000199B5BF1B00][00000199B61CC180 49] LinuxServer, [00000199B5B68E00][00000199B61D02C0 49] LinuxAArch64Server, [00000199B5BF0600][00000199B61D8440 49] Android, [00000199B5B6AE00][00000199B61DC5C0 49] Android_Low, [00000199B5BF1500][00000199B61E0740 49] Android_Mid, [00000199B5B6B800][00000199B61E48C0 49] Android_High, [00000199B5BF0800][00000199B61E8A40 49] Android_Default, [00000199B5B6BB00][00000199B61ECBC0 49] Android_Adreno4xx, [00000199B5BF0700][00000199B61F0D40 49] Android_Adreno5xx_Low, [00000199B5B6A900][00000199B61F4EC0 49] Android_Adreno5xx, [00000199B5BF1200][00000199B61F9040 49] Android_Adreno6xx, [00000199B5B68B00][00000199B61FD1C0 49] Android_Adreno6xx_Vulkan, [00000199B5BF0C00][00000199B6201340 49] Android_Mali_T6xx, [00000199B5B6AC00][00000199B62054C0 49] Android_Mali_T7xx, [
[2026-05-12T07:49:56.8955055-07:00] [pid=6736] 00000199B5BF1700][00000199B6209640 49] Android_Mali_T8xx, [00000199B5B6AB00][00000199B620D7C0 49] Android_Mali_G71, [00000199B5BF2100][00000199B6211940 49] Android_Mali_G72, [00000199B5B6A300][00000199B6215AC0 49] Android_Mali_G72_Vulkan, [00000199B5BF2600][00000199B62180C0 49] Android_Mali_G76, [00000199B5B04300][00000199B61D4200 49] Android_Mali_G76_Vulkan, [00000199B5B59500][00000199B621C340 49] Android_Mali_G77, [00000199B5B04700][00000199B6220480 49] Android_Mali_G77_Vulkan, [00000199B5B5A100][00000199B62245C0 49] Android_Mali_G78, [00000199B5B05600][00000199B622C740 49] Android_Mali_G78_Vulkan, [00000199B5BF1600][00000199B62308C0 49] Android_Mali_G710, [00000199B5B04B00][00000199B6234A40 49] Android_Mali_G710_Vulkan, [00000199B5BF0300][00000199B6238BC0 49] Android_Vulkan_SM5, [00000199B5B05200][00000199B623CD40 49] Android_PowerVR_G6xxx, [00000199B5BF0D00][00000199B6240EC0 49] Android_PowerVR_GT7xxx, [00000199B5B07500][00000199B6245040 49] Android_PowerVR_GE8xxx, [00000199B5BF1800][00000199B62491C0 49] Android_PowerVR_GM9xxx, [00000199B5B06800][00000199B624D340 49] Android_PowerVR_GM9xxx_Vulkan, [00000199B5BF1F00][00000199B62514C0 49] Android_TegraK1, [00000199B5B05900][00000199B6255640 49] Android_Unknown_Vulkan, [00000199B5BF0100][00000199B62597C0 49] Lumin, [00000199B5B06600][00000199B625D940 49] Lumin_Desktop, [00000199B5BF1400][00000199B6261AC0 49] HoloLens, 
[2026-05-12T07:49:56.9266550-07:00] [pid=6736] [2026.05.12-14.49.56:926][  0]LogMeshReduction: Using QuadricMeshReduction for automatic static mesh reduction
[2026-05-12T07:49:56.9266550-07:00] [pid=6736] [2026.05.12-14.49.56:926][  0]LogMeshReduction: Using SimplygonMeshReduction for automatic skeletal mesh reduction
[2026-05-12T07:49:56.9266550-07:00] [pid=6736] [2026.05.12-14.49.56:926][  0]LogMeshReduction: Using ProxyLODMeshReduction for automatic mesh merging
[2026-05-12T07:49:56.9266550-07:00] [pid=6736] [2026.05.12-14.49.56:926][  0]LogMeshReduction: No distributed automatic mesh merging module available
[2026-05-12T07:49:56.9266550-07:00] [pid=6736] [2026.05.12-14.49.56:926][  0]LogMeshMerging: No distributed automatic mesh merging module available
[2026-05-12T07:49:57.0000624-07:00] [pid=6736] [2026.05.12-14.49.57:000][  0]LogNetVersion: testTP 1.0.0, NetCL: 17155196, EngineNetVer: 17, GameNetVer: 0 (Checksum: 3966549976)
[2026-05-12T07:49:57.1890817-07:00] [pid=6736] [2026.05.12-14.49.57:189][  0]LogTexture: Default maximum texture size for cubemaps generated from long-lat sources has been changed from 512 to unlimited. In order to preserve old behaiour for '/Engine/MapTemplates/Sky/DaylightAmbientCubemap.DaylightAmbientCubemap', its maximum texture size has been explicitly set to 512.
[2026-05-12T07:49:57.2563649-07:00] [pid=6736] [2026.05.12-14.49.57:256][  0]LogHMD: PokeAHoleMaterial loaded successfully
[2026-05-12T07:49:57.3664117-07:00] [pid=6736] [2026.05.12-14.49.57:366][  0]LogMoviePlayer: Initializing movie player
[2026-05-12T07:49:57.4388711-07:00] [pid=6736] [2026.05.12-14.49.57:438][  0]LogNiagaraDebuggerClient: Niagara Debugger Client Initialized | Session: 3A8A7F1B4F0D075A4D2CBBA0666C5EA6 | Instance: 576D0CAB4BD52AA468978E8B309A3161 (IMMERSEDEMOM5-6736).
[2026-05-12T07:49:57.4625296-07:00] [pid=6736] [2026.05.12-14.49.57:462][  0]LogCollectionManager: Loaded 0 collections in 0.002152 seconds
[2026-05-12T07:49:57.4665418-07:00] [pid=6736] [2026.05.12-14.49.57:466][  0]LogFileCache: Scanning file cache for directory 'C:/Users/kapil/OneDrive/Documents/Unreal Projects/testTP/Saved/Collections/' took 0.00s
[2026-05-12T07:49:57.4665418-07:00] [pid=6736] [2026.05.12-14.49.57:466][  0]LogFileCache: Scanning file cache for directory 'C:/Users/kapil/OneDrive/Documents/Unreal Projects/testTP/Content/Developers/kapil/Collections/' took 0.00s
[2026-05-12T07:49:57.4665418-07:00] [pid=6736] [2026.05.12-14.49.57:466][  0]LogFileCache: Scanning file cache for directory 'C:/Users/kapil/OneDrive/Documents/Unreal Projects/testTP/Content/Collections/' took 0.00s
[2026-05-12T07:49:57.4665418-07:00] [pid=6736] [2026.05.12-14.49.57:466][  0]LogCollectionManager: Fixed up redirectors for 0 collections in 0.000003 seconds (updated 0 objects)
[2026-05-12T07:49:57.5917716-07:00] [pid=6736] [2026.05.12-14.49.57:591][  0]LogPython: Using Python 3.7.7
[2026-05-12T07:49:58.1934432-07:00] [pid=6736] [2026.05.12-14.49.58:193][  0]LogAkAudio: Wwise(R) SDK Version 2019.2.15 Build 7667. Copyright (c) 2006-2019 Audiokinetic Inc.
[2026-05-12T07:49:58.1944344-07:00] [pid=6736] [2026.05.12-14.49.58:194][  0]LogAkAudio: Wwise plug-in DLL path: C:/Users/kapil/OneDrive/Documents/Unreal Projects/testTP/Plugins/Wwise/ThirdParty/x64_vc150/Profile/bin/
[2026-05-12T07:49:58.1954349-07:00] [pid=6736] [2026.05.12-14.49.58:195][  0]LogAkAudio: Wwise remote connection application name: testTP
[2026-05-12T07:49:58.1954349-07:00] [pid=6736] [2026.05.12-14.49.58:195][  0]LogAkAudio: Wwise successfully initialized.
[2026-05-12T07:49:58.1989734-07:00] [pid=6736] <<<_____ ImmerseAudioRenderer _____>>> 
[2026-05-12T07:49:58.1989734-07:00] [pid=6736] RegisterImmerseAudioRendererFX()
[2026-05-12T07:49:58.1989734-07:00] [pid=6736] 
[2026-05-12T07:49:58.1989734-07:00] [pid=6736] <<<_____ ImmerseAudioRenderer _____>>> 
[2026-05-12T07:49:58.1989734-07:00] [pid=6736] CreateImmerseManager
[2026-05-12T07:49:58.1989734-07:00] [pid=6736] 
[2026-05-12T07:49:58.1989734-07:00] [pid=6736] <<<_____ ImmerseAudioRenderer _____>>> 
[2026-05-12T07:49:58.1999638-07:00] [pid=6736] loadAndInitializeImmerseEngine
[2026-05-12T07:49:58.1999638-07:00] [pid=6736] 
[2026-05-12T07:49:58.2034828-07:00] [pid=6736] [EmbodyLOG] May_12_2026 07:49:58.203 line: 457. ___IMMERSEENGINE___ Immerse_SetMemoryInterface inMemoryInterface:0000003B7293DF70 
[2026-05-12T07:49:58.2044831-07:00] [pid=6736] [EmbodyLOG] May_12_2026 07:49:58.204 line: 466. ___IMMERSEENGINE___ Immerse_SetThreadInterface inThreadInterface:0000003B7293DF90 
[2026-05-12T07:49:58.2044831-07:00] [pid=6736] [EmbodyLOG] May_12_2026 07:49:58.205 line: 451. ___IMMERSEENGINE___ Immerse_SetStatusCallback inCallback:00007FF831403D00 inUserData:0000000000000000 
[2026-05-12T07:49:58.2054902-07:00] [pid=6736] [EmbodyLOG] May_12_2026 07:49:58.205 line: 495. ___IMMERSEENGINE___ Immerse_Initialize inImmerseInit:00007FF8314363C0 
[2026-05-12T07:49:58.2054902-07:00] [pid=6736] <<<_____ ImmerseAudioRenderer _____>>> 
[2026-05-12T07:49:58.2064862-07:00] [pid=6736] CreateImmerseAudioRendererFXParams()
[2026-05-12T07:49:58.2090206-07:00] [pid=6736] 
[2026-05-12T07:49:58.2090206-07:00] [pid=6736] <<<_____ ImmerseAudioRenderer _____>>> 
[2026-05-12T07:49:58.2090206-07:00] [pid=6736] WwiseFxNullParams::Init()
[2026-05-12T07:49:58.2090206-07:00] [pid=6736] 
[2026-05-12T07:49:58.2100174-07:00] [pid=6736] [2026.05.12-14.49.58:209][  0]LogAkAudio: Initialization complete.
[2026-05-12T07:49:58.2100174-07:00] [pid=6736] [2026.05.12-14.49.58:210][  0]LogInit: Audiokinetic Audio Device initialized.
[2026-05-12T07:49:58.2160622-07:00] [pid=6736] [EmbodyLOG] May_12_2026 07:49:58.215 line: 373. setLocalDataStorePath: C:\ProgramData\Embody\Immerse Audio Renderer\Tencent\ 
[2026-05-12T07:49:58.2160622-07:00] [pid=6736] [EmbodyLOG] May_12_2026 07:49:58.216 line: 143. ImmerseApiHelper: Immerse Api data path set: C:\ProgramData\Embody\Immerse Audio Renderer\Tencent\. 
[2026-05-12T07:49:58.2215634-07:00] [pid=6736] [EmbodyLOG] May_12_2026 07:49:58.221 line: 73. HpeqHeadsetInterface::Init() - failed to find hpeqAssetPath on filesystem! 
[2026-05-12T07:49:58.2215634-07:00] [pid=6736] [EmbodyLOG] May_12_2026 07:49:58.222 line: 867. ImmerseAudioApiImplBase::InitHpeqData() - failed to initialize hpeq asset data! 
[2026-05-12T07:49:58.2225670-07:00] [pid=6736] [EmbodyLOG] May_12_2026 07:49:58.222 line: 535. ImmerseManager::Initialize() - Failed to initialize HPEQ asset data! 
[2026-05-12T07:49:58.2225670-07:00] [pid=6736] [EmbodyLOG] May_12_2026 07:49:58.223 line: 544. ImmerseManager::Initialize() - failed to load head tracker library! 
[2026-05-12T07:49:58.3161354-07:00] [pid=6736] [2026.05.12-14.49.58:316][  0]SourceControl: Source control is disabled
[2026-05-12T07:49:58.3161354-07:00] [pid=6736] [2026.05.12-14.49.58:316][  0]SourceControl: Source control is disabled
[2026-05-12T07:49:58.3226772-07:00] [pid=6736] [2026.05.12-14.49.58:322][  0]SourceControl: Source control is disabled
[2026-05-12T07:49:58.3282033-07:00] [pid=6736] [2026.05.12-14.49.58:328][  0]LogUProjectInfo: Found projects:
[2026-05-12T07:49:58.4498456-07:00] [pid=6736] [2026.05.12-14.49.58:449][  0]LogOpenImageDenoise: OIDN starting up
[2026-05-12T07:49:58.4588881-07:00] [pid=6736] [2026.05.12-14.49.58:458][  0]LogAudioCaptureCore: Display: No Audio Capture implementations found. Audio input will be silent.
[2026-05-12T07:49:58.4588881-07:00] [pid=6736] [2026.05.12-14.49.58:458][  0]LogAudioCaptureCore: Display: No Audio Capture implementations found. Audio input will be silent.
[2026-05-12T07:49:58.4679275-07:00] [pid=6736] [2026.05.12-14.49.58:467][  0]LogAndroidPermission: UAndroidPermissionCallbackProxy::GetInstance
[2026-05-12T07:49:58.6026101-07:00] [pid=6736] [2026.05.12-14.49.58:601][  0]LogOcInput: OculusInput pre-init called
[2026-05-12T07:49:58.6116352-07:00] [pid=6736] [2026.05.12-14.49.58:611][  0]LogUObjectArray: 22857 objects as part of root set at end of initial load.
[2026-05-12T07:49:58.6131377-07:00] [pid=6736] [2026.05.12-14.49.58:611][  0]LogUObjectAllocator: 6232704 out of 0 bytes used by permanent object pool.
[2026-05-12T07:49:58.6131377-07:00] [pid=6736] [2026.05.12-14.49.58:613][  0]LogUObjectArray: CloseDisregardForGC: 0/0 objects in disregard for GC pool
[2026-05-12T07:49:58.6698704-07:00] [pid=6736] [2026.05.12-14.49.58:669][  0]LogClass: Display: EnumProperty FAkExternalSourceInfo::CodecID is not initialized properly. Module:AkAudio File:Classes/AkGameplayTypes.h
[2026-05-12T07:49:58.6698704-07:00] [pid=6736] [2026.05.12-14.49.58:669][  0]LogClass: Warning: ObjectProperty FAkExternalSourceInfo::ExternalSourceAsset is not initialized properly. Module:AkAudio File:Classes/AkGameplayTypes.h
[2026-05-12T07:49:58.6698704-07:00] [pid=6736] [2026.05.12-14.49.58:669][  0]LogClass: Display: IntProperty FAkChannelMask::ChannelMask is not initialized properly. Module:AkAudio File:Classes/AkGameplayTypes.h
[2026-05-12T07:49:58.6698704-07:00] [pid=6736] [2026.05.12-14.49.58:669][  0]LogClass: Display: BoolProperty FAkPS5AdvancedInitializationSettings::bVorbisHwAcceleration is not initialized properly. Module:AkAudio File:Classes/Platforms/AkPlatform_Pellegrino/AkPS5InitializationSettings.h
[2026-05-12T07:49:58.6708653-07:00] [pid=6736] [2026.05.12-14.49.58:670][  0]LogClass: Display: 4 Uninitialized script struct members found including 1 object properties
[2026-05-12T07:49:58.6713710-07:00] [pid=6736] [2026.05.12-14.49.58:671][  0]LogAutomationTest: Warning: ObjectProperty FAkExternalSourceInfo::ExternalSourceAsset is not initialized properly. Module:AkAudio File:Classes/AkGameplayTypes.h
[2026-05-12T07:49:58.6713710-07:00] [pid=6736] [2026.05.12-14.49.58:671][  0]LogEngine: Initializing Engine...
[2026-05-12T07:49:58.6743892-07:00] [pid=6736] Error [GENERAL |  | OpenXR-Loader] : RuntimeManifestFile::FindManifestFiles - failed to find active runtime file in registry
[2026-05-12T07:49:58.6753819-07:00] [pid=6736] Error [GENERAL | xrEnumerateInstanceExtensionProperties | OpenXR-Loader] : RuntimeInterface::LoadRuntimes - unknown error
[2026-05-12T07:49:58.6753819-07:00] [pid=6736] Error [GENERAL | xrEnumerateInstanceExtensionProperties | OpenXR-Loader] : RuntimeInterface::LoadRuntimes - failed to load a runtime
[2026-05-12T07:49:58.6753819-07:00] [pid=6736] Error [GENERAL | xrEnumerateInstanceExtensionProperties | OpenXR-Loader] : Failed to find default runtime with RuntimeInterface::LoadRuntime()
[2026-05-12T07:49:58.6753819-07:00] [pid=6736] Error [GENERAL | xrEnumerateInstanceExtensionProperties | OpenXR-Loader] : Failed querying extension properties
[2026-05-12T07:49:58.6753819-07:00] [pid=6736] [2026.05.12-14.49.58:675][  0]LogHMD: Failed to enumerate extensions. Please check that you have a valid OpenXR runtime installed.
[2026-05-12T07:49:58.6763912-07:00] [pid=6736] [2026.05.12-14.49.58:675][  0]LogHMD: Failed to initialize OpenVR with code 110
[2026-05-12T07:49:58.6763912-07:00] [pid=6736] [2026.05.12-14.49.58:675][  0]LogMagicLeap: Warning: VR disabled because ZI is not enabled.  To enable, in the editor, Edit -> Project Settings -> Plugins -> Magic Leap Plugin -> Enable Zero Iteration
[2026-05-12T07:49:58.6789321-07:00] [pid=6736] [2026.05.12-14.49.58:678][  0]LogStats: UGameplayTagsManager::InitializeManager -  0.000 s
[2026-05-12T07:49:58.8101462-07:00] [pid=6736] [2026.05.12-14.49.58:810][  0]LogInit: Initializing FReadOnlyCVARCache
[2026-05-12T07:49:58.8111461-07:00] [pid=6736] [2026.05.12-14.49.58:810][  0]LogAudio: Display: Initializing Audio Device Manager...
[2026-05-12T07:49:58.8151851-07:00] [pid=6736] [2026.05.12-14.49.58:815][  0]LogAudio: Display: Loading Default Audio Settings Objects...
[2026-05-12T07:49:58.8161853-07:00] [pid=6736] [2026.05.12-14.49.58:815][  0]LogAudio: Display: No default SoundConcurrencyObject specified (or failed to load).
[2026-05-12T07:49:58.8161853-07:00] [pid=6736] [2026.05.12-14.49.58:816][  0]LogAudio: Display: Audio Device Manager Initialized
[2026-05-12T07:49:58.8161853-07:00] [pid=6736] [2026.05.12-14.49.58:816][  0]LogAudio: Display: Creating Audio Device:                 Id: 1, Scope: Shared, Realtime: True
[2026-05-12T07:49:58.8161853-07:00] [pid=6736] [2026.05.12-14.49.58:816][  0]LogAudioMixer: Display: Audio Mixer Platform Settings:
[2026-05-12T07:49:58.8161853-07:00] [pid=6736] [2026.05.12-14.49.58:816][  0]LogAudioMixer: Display: 	Sample Rate:						  48000
[2026-05-12T07:49:58.8171857-07:00] [pid=6736] [2026.05.12-14.49.58:816][  0]LogAudioMixer: Display: 	Callback Buffer Frame Size Requested: 1024
[2026-05-12T07:49:58.8171857-07:00] [pid=6736] [2026.05.12-14.49.58:817][  0]LogAudioMixer: Display: 	Callback Buffer Frame Size To Use:	  1024
[2026-05-12T07:49:58.8171857-07:00] [pid=6736] [2026.05.12-14.49.58:817][  0]LogAudioMixer: Display: 	Number of buffers to queue:			  2
[2026-05-12T07:49:58.8171857-07:00] [pid=6736] [2026.05.12-14.49.58:817][  0]LogAudioMixer: Display: 	Max Channels (voices):				  32
[2026-05-12T07:49:58.8171857-07:00] [pid=6736] [2026.05.12-14.49.58:817][  0]LogAudioMixer: Display: 	Number of Async Source Workers:		  0
[2026-05-12T07:49:58.8171857-07:00] [pid=6736] [2026.05.12-14.49.58:817][  0]LogAudio: Display: AudioDevice MaxSources: 32
[2026-05-12T07:49:58.8171857-07:00] [pid=6736] [2026.05.12-14.49.58:817][  0]LogAudio: Display: Audio Spatialization Plugin: None (built-in).
[2026-05-12T07:49:58.8171857-07:00] [pid=6736] [2026.05.12-14.49.58:817][  0]LogAudio: Display: Audio Reverb Plugin: None (built-in).
[2026-05-12T07:49:58.8171857-07:00] [pid=6736] [2026.05.12-14.49.58:817][  0]LogAudio: Display: Audio Occlusion Plugin: None (built-in).
[2026-05-12T07:49:58.8171857-07:00] [pid=6736] [2026.05.12-14.49.58:817][  0]LogAudioMixer: Display: Initializing audio mixer.
[2026-05-12T07:49:58.8337901-07:00] [pid=6736] [2026.05.12-14.49.58:833][  0]LogAudioMixer: Display: 0: FrontLeft
[2026-05-12T07:49:58.8337901-07:00] [pid=6736] [2026.05.12-14.49.58:833][  0]LogAudioMixer: Display: 1: FrontRight
[2026-05-12T07:49:58.8564131-07:00] [pid=6736] [2026.05.12-14.49.58:856][  0]LogAudioMixer: Display: Using Audio Device Speakers (2- Realtek(R) Audio)
[2026-05-12T07:49:58.8599335-07:00] [pid=6736] [2026.05.12-14.49.58:858][  0]LogAudioMixer: Display: Initializing Sound Submixes...
[2026-05-12T07:49:58.8614426-07:00] [pid=6736] [2026.05.12-14.49.58:860][  0]LogAudioMixer: Display: Creating Master Submix 'MasterSubmixDefault'
[2026-05-12T07:49:58.8614426-07:00] [pid=6736] [2026.05.12-14.49.58:860][  0]LogAudioMixer: Display: Creating Master Submix 'MasterReverbSubmixDefault'
[2026-05-12T07:49:58.8624543-07:00] [pid=6736] [2026.05.12-14.49.58:862][  0]LogAudioMixer: Display: Creating Master Submix 'MasterEQSubmixDefault'
[2026-05-12T07:49:58.8624543-07:00] [pid=6736] [2026.05.12-14.49.58:862][  0]LogAudioMixer: FMixerPlatformXAudio2::StartAudioStream() called
[2026-05-12T07:49:58.8624543-07:00] [pid=6736] [2026.05.12-14.49.58:862][  0]LogAudioMixer: Display: Output buffers initialized: Frames=1024, Channels=2, Samples=2048
[2026-05-12T07:49:58.8634627-07:00] [pid=6736] [2026.05.12-14.49.58:863][  0]LogAudioMixer: Display: Starting AudioMixerPlatformInterface::RunInternal()
[2026-05-12T07:49:58.8634627-07:00] [pid=6736] [2026.05.12-14.49.58:863][  0]LogAudioMixer: Display: FMixerPlatformXAudio2::SubmitBuffer() called for the first time
[2026-05-12T07:49:58.8634627-07:00] [pid=6736] [2026.05.12-14.49.58:863][  0]LogInit: FAudioDevice initialized.
[2026-05-12T07:49:58.8644669-07:00] [pid=6736] [2026.05.12-14.49.58:864][  0]LogNetVersion: Set ProjectVersion to 1.0.0.0. Version Checksum will be recalculated on next use.
[2026-05-12T07:49:58.9335180-07:00] [pid=6736] [2026.05.12-14.49.58:933][  0]LogDerivedDataCache: Saved boot cache 0.07s 94MB C:/Users/kapil/AppData/Local/UnrealEngine/4.27/DerivedDataCache/Boot.ddc.
[2026-05-12T07:49:58.9343409-07:00] [pid=6736] [2026.05.12-14.49.58:934][  0]LogInit: Texture streaming: Enabled
[2026-05-12T07:49:58.9966404-07:00] [pid=6736] [2026.05.12-14.49.58:996][  0]LogAudio: Display: Audio Device (ID: 1) registered with world 'Untitled'.
[2026-05-12T07:49:58.9966404-07:00] [pid=6736] [2026.05.12-14.49.58:996][  0]LogSlate: Updating window title bar state: overlay mode, drag disabled, window buttons hidden, title bar hidden
[2026-05-12T07:49:59.0001715-07:00] [pid=6736] [2026.05.12-14.49.59:000][  0]LogInit: Display: Game Engine Initialized.
[2026-05-12T07:49:59.0001715-07:00] [pid=6736] [2026.05.12-14.49.59:000][  0]LogNiagaraEditor: GEditor isn't valid! Particle reset commands will not work for Niagara components!
[2026-05-12T07:49:59.0790665-07:00] [pid=6736] [2026.05.12-14.49.59:079][  0]LogInit: Display: Starting Game.
[2026-05-12T07:49:59.0790665-07:00] [pid=6736] [2026.05.12-14.49.59:079][  0]LogNet: Browse: /Game/ThirdPersonBP/Maps/ThirdPersonExampleMap?Name=Player
[2026-05-12T07:49:59.0790665-07:00] [pid=6736] [2026.05.12-14.49.59:079][  0]LogLoad: LoadMap: /Game/ThirdPersonBP/Maps/ThirdPersonExampleMap?Name=Player
[2026-05-12T07:49:59.0790665-07:00] [pid=6736] [2026.05.12-14.49.59:079][  0]LogWorld: BeginTearingDown for /Temp/Untitled_0
[2026-05-12T07:49:59.0800730-07:00] [pid=6736] [2026.05.12-14.49.59:080][  0]LogWorld: UWorld::CleanupWorld for Untitled, bSessionEnded=true, bCleanupResources=true
[2026-05-12T07:49:59.0800730-07:00] [pid=6736] [2026.05.12-14.49.59:080][  0]LogSlate: InvalidateAllWidgets triggered.  All widgets were invalidated
[2026-05-12T07:49:59.0901214-07:00] [pid=6736] [2026.05.12-14.49.59:090][  0]LogAudio: Display: Audio Device unregistered from world 'None'.
[2026-05-12T07:49:59.0926312-07:00] [pid=6736] [2026.05.12-14.49.59:092][  0]LogUObjectHash: Compacting FUObjectHashTables data took   0.59ms
[2026-05-12T07:49:59.2625430-07:00] [pid=6736] [2026.05.12-14.49.59:262][  0]LogAudio: Display: Audio Device (ID: 1) registered with world 'ThirdPersonExampleMap'.
[2026-05-12T07:49:59.2690641-07:00] [pid=6736] [2026.05.12-14.49.59:268][  0]LogAIModule: Creating AISystem for world ThirdPersonExampleMap
[2026-05-12T07:49:59.2700642-07:00] [pid=6736] [2026.05.12-14.49.59:270][  0]LogLoad: Game class is 'ThirdPersonGameMode_C'
[2026-05-12T07:49:59.2735778-07:00] [pid=6736] [2026.05.12-14.49.59:273][  0]LogWorld: Bringing World /Game/ThirdPersonBP/Maps/ThirdPersonExampleMap.ThirdPersonExampleMap up for play (max tick rate 0) at 2026.05.12-07.49.59
[2026-05-12T07:49:59.2735778-07:00] [pid=6736] [2026.05.12-14.49.59:273][  0]LogWorld: Bringing up level for play took: 0.002373
[2026-05-12T07:49:59.2745773-07:00] [pid=6736] [2026.05.12-14.49.59:274][  0]LogTemp: Display: [ImmerseStress] Ready. Defaults: event=SwordHits bus=7p1p4 shareset=Immerse_Audio_Renderer_(Custom)
[2026-05-12T07:49:59.2755852-07:00] [pid=6736] [2026.05.12-14.49.59:274][  0]LogTemp: Display: [ImmerseStress] IMMERSE_USER_ID env=kevin_tencenttest1_emb | IMMERSE_USERID=kevin_tencenttest1_emb | IMMERSE_USER=kevin_tencenttest1_emb
[2026-05-12T07:49:59.2755852-07:00] [pid=6736] [2026.05.12-14.49.59:275][  0]LogTemp: Display: [testTP] Auto-spawned ImmerseStressTestActor into ThirdPersonExampleMap (type=1)
[2026-05-12T07:49:59.2755852-07:00] [pid=6736] [2026.05.12-14.49.59:275][  0]LogLoad: Took 0.195888 seconds to LoadMap(/Game/ThirdPersonBP/Maps/ThirdPersonExampleMap)
[2026-05-12T07:49:59.3011996-07:00] [pid=6736] [2026.05.12-14.49.59:300][  0]LogSlate: Took 0.000238 seconds to synchronously load lazily loaded font '../../../Engine/Content/Slate/Fonts/Roboto-Regular.ttf' (155K)
[2026-05-12T07:49:59.3183606-07:00] [pid=6736] [2026.05.12-14.49.59:318][  0]LogRenderer: Reallocating scene render targets to support 1536x864 Format 10 NumSamples 1 (Frame:1).
[2026-05-12T07:49:59.3183606-07:00] [pid=6736] [2026.05.12-14.49.59:318][  0]LogInit: Display: Engine is initialized. Leaving FEngineLoop::Init()
[2026-05-12T07:49:59.3183606-07:00] [pid=6736] [2026.05.12-14.49.59:318][  0]LogLoad: (Engine Initialization) Total time: 5.05 seconds
[2026-05-12T07:49:59.3183606-07:00] [pid=6736] [2026.05.12-14.49.59:318][  0]LogLoad: (Engine Initialization) Total Blueprint compile time: 0.00 seconds
[2026-05-12T07:49:59.3183606-07:00] [pid=6736] Resizing viewport due to setres change, 1536 x 864
[2026-05-12T07:49:59.3358879-07:00] [pid=6736] [2026.05.12-14.49.59:335][  0]LogContentStreaming: Texture pool size now 1000 MB
[2026-05-12T07:49:59.3378707-07:00] [pid=6736] [2026.05.12-14.49.59:337][  0]LogSlate: InvalidateAllWidgets triggered.  All widgets were invalidated
[2026-05-12T07:49:59.3500793-07:00] [pid=29048] <1>May12 07:49:59.350 SF_29048[Environ] CMD_DESKTOP_TYPE_LBUTTONUP_RTT: l:1
[2026-05-12T07:49:59.3500793-07:00] [pid=29048] <1>May12 07:49:59.350 SF_29048[MediaMgr] Start video performance debug.
[2026-05-12T07:49:59.3535916-07:00] [pid=21620] Focus Exec Name: windowsterminal.exe
[2026-05-12T07:49:59.3535916-07:00] [pid=21620] ---> Focus Exec Name: windowsterminal.exe has WS_OVERLAPPEDWINDOW
[2026-05-12T07:49:59.4345091-07:00] [pid=6736] [2026.05.12-14.49.59:434][  0]LogRenderer: Reallocating scene render targets to support 128x128 Format 10 NumSamples 1 (Frame:1).
[2026-05-12T07:49:59.4546035-07:00] [pid=6736] [2026.05.12-14.49.59:454][  0]LogRenderer: Reallocating scene render targets to support 1536x864 Format 10 NumSamples 1 (Frame:2).
[2026-05-12T07:49:59.4611219-07:00] [pid=6736] [2026.05.12-14.49.59:461][  1]LogSlate: Took 0.000146 seconds to synchronously load lazily loaded font '../../../Engine/Content/Slate/Fonts/Roboto-Regular.ttf' (155K)
[2026-05-12T07:49:59.4782006-07:00] [pid=6736] <<<_____ ImmerseAudioRenderer _____>>> 
[2026-05-12T07:49:59.4782006-07:00] [pid=6736] CreateImmerseAudioRendererFX()
[2026-05-12T07:49:59.4782006-07:00] [pid=6736] 
[2026-05-12T07:49:59.4782006-07:00] [pid=6736] <<<_____ ImmerseAudioRenderer _____>>> 
[2026-05-12T07:49:59.4782006-07:00] [pid=6736] Init: this=00000199ACDF0080
[2026-05-12T07:49:59.4782006-07:00] [pid=6736] 
[2026-05-12T07:49:59.4782006-07:00] [pid=6736] <<<_____ ImmerseAudioRenderer _____>>> 
[2026-05-12T07:49:59.4782006-07:00] [pid=6736] Init: success this=00000199ACDF0080 numChannels=36
[2026-05-12T07:49:59.4782006-07:00] [pid=6736] 
[2026-05-12T07:49:59.4792099-07:00] [pid=6736] [EmbodyLOG] May_12_2026 07:49:59.479 line: 738. ___IMMERSEENGINE___ Immerse_CreateAudioProcessor inChannelConfiguration:5 inInitHrirTuning:0 inInitSpeakerPlacement:0 outAudioProcessor:0000003B7E38FB80 
[2026-05-12T07:49:59.4792099-07:00] [pid=6736] [EmbodyLOG] May_12_2026 07:49:59.479 line: 251. ImmerseAudioApiImplBase::CreateAudioProcessor: failed to obtain personalized shared decoder kernel - expected behaviour if user is not set! 
[2026-05-12T07:49:59.5002865-07:00] [pid=6736] [EmbodyLOG] May_12_2026 07:49:59.501 line: 376. AudioConfig::GetSHIndices() - invalid channelConfig: 6 
[2026-05-12T07:49:59.5263836-07:00] [pid=6736] [EmbodyLOG] May_12_2026 07:49:59.526 line: 281. AudioConfig::InitializeDecoders: Successfully created shared ambisonic decoder kernel 
[2026-05-12T07:49:59.5278900-07:00] [pid=6736] [EmbodyLOG] May_12_2026 07:49:59.527 line: 269. ImmerseAudioApiImplBase::CreateAudioProcessor: failed to init personalized decoder - expected behaviour if user is not set! 
[2026-05-12T07:50:01.8366207-07:00] [pid=6736] [2026.05.12-14.50.01:836][151]LogTemp: Display: [ImmerseStress] REMOTE_HOLD_v1: waiting for go.flag (../../../../../../Users/kapil/OneDrive/Documents/Unreal Projects/testTP/Saved/ImmerseStress/go.flag) retry=1
[2026-05-12T07:50:05.3446691-07:00] [pid=26736] <<<_____ ImmerseAudioRenderer _____>>> 
[2026-05-12T07:50:05.3446691-07:00] [pid=26736] WwiseFxNullParams::Term()
[2026-05-12T07:50:05.3446691-07:00] [pid=26736] 
[2026-05-12T07:50:05.3536936-07:00] [pid=26736] <<<_____ ImmerseAudioRenderer _____>>> 
[2026-05-12T07:50:05.3536936-07:00] [pid=26736] CreateDestroyImmerseManager
[2026-05-12T07:50:05.3536936-07:00] [pid=26736] 
[2026-05-12T07:50:05.3536936-07:00] [pid=26736] <<<_____ ImmerseAudioRenderer _____>>> 
[2026-05-12T07:50:05.3546913-07:00] [pid=26736] DestroyImmerseManager
[2026-05-12T07:50:05.3546913-07:00] [pid=26736] 
[2026-05-12T07:50:05.3877852-07:00] [pid=21620] Focus Exec Name: wwise.exe
[2026-05-12T07:50:05.3877852-07:00] [pid=21620] ---> Focus Exec Name: wwise.exe has WS_OVERLAPPEDWINDOW
[2026-05-12T07:50:05.4043507-07:00] [pid=6736] <<<_____ ImmerseAudioRenderer _____>>> 
[2026-05-12T07:50:05.4043507-07:00] [pid=6736] RegisterImmerseAudioRendererFX()
[2026-05-12T07:50:05.4043507-07:00] [pid=6736] 
[2026-05-12T07:50:05.4043507-07:00] [pid=6736] <<<_____ ImmerseAudioRenderer _____>>> 
[2026-05-12T07:50:05.4043507-07:00] [pid=6736] CreateImmerseManager
[2026-05-12T07:50:05.4043507-07:00] [pid=6736] 
[2026-05-12T07:50:05.4264343-07:00] [pid=6736] <<<_____ ImmerseAudioRenderer _____>>> 
[2026-05-12T07:50:05.4264343-07:00] [pid=6736] CreateImmerseAudioRendererFXParams()
[2026-05-12T07:50:05.4264343-07:00] [pid=6736] 
[2026-05-12T07:50:05.4264343-07:00] [pid=6736] <<<_____ ImmerseAudioRenderer _____>>> 
[2026-05-12T07:50:05.4264343-07:00] [pid=6736] WwiseFxNullParams::Init()
[2026-05-12T07:50:05.4264343-07:00] [pid=6736] 
[2026-05-12T07:50:05.4264343-07:00] [pid=6736] <<<_____ ImmerseAudioRenderer _____>>> 
[2026-05-12T07:50:05.4264343-07:00] [pid=6736] WwiseFxNullParams::SetParam()
[2026-05-12T07:50:05.4264343-07:00] [pid=6736] 
[2026-05-12T07:50:05.4264343-07:00] [pid=6736] <<<_____ ImmerseAudioRenderer _____>>> 
[2026-05-12T07:50:05.4264343-07:00] [pid=6736] WwiseFxNullParams::SetParam()
[2026-05-12T07:50:05.4264343-07:00] [pid=6736] 
[2026-05-12T07:50:05.4264343-07:00] [pid=6736] <<<_____ ImmerseAudioRenderer _____>>> 
[2026-05-12T07:50:05.4264343-07:00] [pid=6736] WwiseFxNullParams::SetParam()
[2026-05-12T07:50:05.4264343-07:00] [pid=6736] 
[2026-05-12T07:50:05.4264343-07:00] [pid=6736] <<<_____ ImmerseAudioRenderer _____>>> 
[2026-05-12T07:50:05.4264343-07:00] [pid=6736] WwiseFxNullParams::SetParam()
[2026-05-12T07:50:05.4264343-07:00] [pid=6736] 
[2026-05-12T07:50:05.4279418-07:00] [pid=6736] <<<_____ ImmerseAudioRenderer _____>>> 
[2026-05-12T07:50:05.4279418-07:00] [pid=6736] WwiseFxNullParams::SetParam()
[2026-05-12T07:50:05.4279418-07:00] [pid=6736] 
[2026-05-12T07:50:05.4279418-07:00] [pid=6736] <<<_____ ImmerseAudioRenderer _____>>> 
[2026-05-12T07:50:05.4279418-07:00] [pid=6736] WwiseFxNullParams::SetParam()
[2026-05-12T07:50:05.4279418-07:00] [pid=6736] 
[2026-05-12T07:50:05.4279418-07:00] [pid=6736] <<<_____ ImmerseAudioRenderer _____>>> 
[2026-05-12T07:50:05.4279418-07:00] [pid=6736] WwiseFxNullParams::SetParam()
[2026-05-12T07:50:05.4279418-07:00] [pid=6736] 
[2026-05-12T07:50:05.4279418-07:00] [pid=6736] <<<_____ ImmerseAudioRenderer _____>>> 
[2026-05-12T07:50:05.4279418-07:00] [pid=6736] WwiseFxNullParams::SetParam()
[2026-05-12T07:50:05.4279418-07:00] [pid=6736] 
[2026-05-12T07:50:05.4279418-07:00] [pid=6736] <<<_____ ImmerseAudioRenderer _____>>> 
[2026-05-12T07:50:05.4279418-07:00] [pid=6736] WwiseFxNullParams::SetParam()
[2026-05-12T07:50:05.4279418-07:00] [pid=6736] 
[2026-05-12T07:50:05.4279418-07:00] [pid=6736] <<<_____ ImmerseAudioRenderer _____>>> 
[2026-05-12T07:50:05.4279418-07:00] [pid=6736] WwiseFxNullParams::ApplyParam()
[2026-05-12T07:50:05.4279418-07:00] [pid=6736] 
[2026-05-12T07:50:05.4279418-07:00] [pid=6736] [EmbodyLOG] May_12_2026 07:50:05.428 line: 649. ___IMMERSEENGINE___ Immerse_SetUserId inUserId:0000003B7403ED50 
[2026-05-12T07:50:05.4289515-07:00] [pid=6736] <<<_____ ImmerseAudioRenderer _____>>> 
[2026-05-12T07:50:05.4289515-07:00] [pid=6736] WwiseFxNullParams::ApplyParam()
[2026-05-12T07:50:05.4289515-07:00] [pid=6736] 
[2026-05-12T07:50:05.4289515-07:00] [pid=6736] [EmbodyLOG] May_12_2026 07:50:05.429 line: 673. ___IMMERSEENGINE___ Immerse_EnableImmerse inMode: 2 
[2026-05-12T07:50:05.4289515-07:00] [pid=6736] <<<_____ ImmerseAudioRenderer _____>>> 
[2026-05-12T07:50:05.4289515-07:00] [pid=6736] WwiseFxNullParams::ApplyParam()
[2026-05-12T07:50:05.4289515-07:00] [pid=6736] 
[2026-05-12T07:50:05.4289515-07:00] [pid=6736] [EmbodyLOG] May_12_2026 07:50:05.429 line: 673. ___IMMERSEENGINE___ Immerse_EnableImmerse inMode: 1 
[2026-05-12T07:50:05.4299556-07:00] [pid=6736] [EmbodyLOG] May_12_2026 07:50:05.430 line: 3460. generateWebAppUrl(): userId: kevin_tencenttest1_emb 
[2026-05-12T07:50:05.4299556-07:00] [pid=6736] <<<_____ ImmerseAudioRenderer _____>>> 
[2026-05-12T07:50:05.4299556-07:00] [pid=6736] WwiseFxNullParams::ApplyParam()
[2026-05-12T07:50:05.4299556-07:00] [pid=6736] 
[2026-05-12T07:50:05.4299556-07:00] [pid=6736] [EmbodyLOG] May_12_2026 07:50:05.430 line: 710. ___IMMERSEENGINE___ Immerse_EnableHPEQ inHeadset: 0 
[2026-05-12T07:50:05.4299556-07:00] [pid=6736] <<<_____ ImmerseAudioRenderer _____>>> 
[2026-05-12T07:50:05.4299556-07:00] [pid=6736] WwiseFxNullParams::ApplyParam()
[2026-05-12T07:50:05.4299556-07:00] [pid=6736] 
[2026-05-12T07:50:05.4299556-07:00] [pid=6736] <<<_____ ImmerseAudioRenderer _____>>> 
[2026-05-12T07:50:05.4299556-07:00] [pid=6736] WwiseFxNullParams::ApplyParam()
[2026-05-12T07:50:05.4299556-07:00] [pid=6736] 
[2026-05-12T07:50:05.4299556-07:00] [pid=6736] <<<_____ ImmerseAudioRenderer _____>>> 
[2026-05-12T07:50:05.4299556-07:00] [pid=6736] WwiseFxNullParams::ApplyParam()
[2026-05-12T07:50:05.4309528-07:00] [pid=6736] [EmbodyLOG] May_12_2026 07:50:05.430 line: 759. ___IMMERSEENGINE___ Immerse_SetSpeakerPlacement inSpeakerPlacement:2 
[2026-05-12T07:50:05.4309528-07:00] [pid=6736] 
[2026-05-12T07:50:05.4309528-07:00] [pid=6736] <<<_____ ImmerseAudioRenderer _____>>> 
[2026-05-12T07:50:05.4309528-07:00] [pid=6736] WwiseFxNullParams::ApplyParam()
[2026-05-12T07:50:05.4309528-07:00] [pid=6736] 
[2026-05-12T07:50:05.4309528-07:00] [pid=6736] <<<_____ ImmerseAudioRenderer _____>>> 
[2026-05-12T07:50:05.4309528-07:00] [pid=6736] WwiseFxNullParams::ApplyParam()
[2026-05-12T07:50:05.4309528-07:00] [pid=6736] 
[2026-05-12T07:50:05.4314599-07:00] [pid=6736] [EmbodyLOG] May_12_2026 07:50:05.432 line: 1316. getLocalSessionID for user: kevin_tencenttest1_emb 06756e30dc6941e7b44b3ad365984a2f 
[2026-05-12T07:50:05.4324707-07:00] [pid=6736] <<<_____ ImmerseAudioRenderer _____>>> 
[2026-05-12T07:50:05.4324707-07:00] [pid=6736] Term: this=00000199ACDF0080
[2026-05-12T07:50:05.4324707-07:00] [pid=6736] 
[2026-05-12T07:50:05.4324707-07:00] [pid=6736] [EmbodyLOG] May_12_2026 07:50:05.432 line: 752. ___IMMERSEENGINE___ Immerse_DestroyAudioProcessor inAudioProcessor:1 
[2026-05-12T07:50:05.4324707-07:00] [pid=6736] [EmbodyLOG] May_12_2026 07:50:05.432 line: 3468. generateWebAppUrl(): Query context user id = kevin_tencenttest1_emb 
[2026-05-12T07:50:05.4324707-07:00] [pid=6736] <<<_____ ImmerseAudioRenderer _____>>> 
[2026-05-12T07:50:05.4324707-07:00] [pid=6736] WwiseFxNullParams::Term()
[2026-05-12T07:50:05.4324707-07:00] [pid=6736] [EmbodyLOG] May_12_2026 07:50:05.433 line: 1377. constructWebAppUrl: https://u.embodyvr.io/i/0i5naLjyRX0oXFwX_JI--GcJDK2fLVOBKn9mcbJcRw9PpFizG7HOiw**?q=2h04:en 
[2026-05-12T07:50:05.4324707-07:00] [pid=6736] 
[2026-05-12T07:50:05.4334797-07:00] [pid=6736] <<<_____ ImmerseAudioRenderer _____>>> 
[2026-05-12T07:50:05.4334797-07:00] [pid=6736] CreateImmerseAudioRendererFX()
[2026-05-12T07:50:05.4334797-07:00] [pid=6736] 
[2026-05-12T07:50:05.4334797-07:00] [pid=6736] [EmbodyLOG] May_12_2026 07:50:05.433 line: 3483. generateWebAppUrl(): session url is : https://u.embodyvr.io/i/0i5naLjyRX0oXFwX_JI--GcJDK2fLVOBKn9mcbJcRw9PpFizG7HOiw**?q=2h04:en 
[2026-05-12T07:50:05.4334797-07:00] [pid=6736] <<<_____ ImmerseAudioRenderer _____>>> 
[2026-05-12T07:50:05.4334797-07:00] [pid=6736] Init: this=00000199ACDF01C0
[2026-05-12T07:50:05.4334797-07:00] [pid=6736] 
[2026-05-12T07:50:05.4334797-07:00] [pid=6736] <<<_____ ImmerseAudioRenderer _____>>> 
[2026-05-12T07:50:05.4334797-07:00] [pid=6736] Init: success this=00000199ACDF01C0 numChannels=36
[2026-05-12T07:50:05.4334797-07:00] [pid=6736] 
[2026-05-12T07:50:05.4344803-07:00] [pid=6736] <<<_____ ImmerseAudioRenderer _____>>> 
[2026-05-12T07:50:05.4344803-07:00] [pid=6736] Term: this=00000199ACDF01C0
[2026-05-12T07:50:05.4344803-07:00] [pid=6736] 
[2026-05-12T07:50:05.4344803-07:00] [pid=6736] <<<_____ ImmerseAudioRenderer _____>>> 
[2026-05-12T07:50:05.4354767-07:00] [pid=6736] WwiseFxNullParams::Term()
[2026-05-12T07:50:05.4354767-07:00] [pid=6736] 
[2026-05-12T07:50:05.4425044-07:00] [pid=6736] <<<_____ ImmerseAudioRenderer _____>>> 
[2026-05-12T07:50:05.4425044-07:00] [pid=6736] CreateImmerseAudioRendererFX()
[2026-05-12T07:50:05.4425044-07:00] [pid=6736] 
[2026-05-12T07:50:05.4435099-07:00] [pid=6736] <<<_____ ImmerseAudioRenderer _____>>> 
[2026-05-12T07:50:05.4435099-07:00] [pid=6736] Init: this=00000199ACDF0300
[2026-05-12T07:50:05.4435099-07:00] [pid=6736] 
[2026-05-12T07:50:05.4435099-07:00] [pid=6736] <<<_____ ImmerseAudioRenderer _____>>> 
[2026-05-12T07:50:05.4435099-07:00] [pid=6736] Init: success this=00000199ACDF0300 numChannels=36
[2026-05-12T07:50:05.4435099-07:00] [pid=6736] 
[2026-05-12T07:50:05.4445126-07:00] [pid=6736] [EmbodyLOG] May_12_2026 07:50:05.445 line: 738. ___IMMERSEENGINE___ Immerse_CreateAudioProcessor inChannelConfiguration:5 inInitHrirTuning:0 inInitSpeakerPlacement:0 outAudioProcessor:0000003B7EF0FEB0 
[2026-05-12T07:50:05.4455102-07:00] [pid=6736] [EmbodyLOG] May_12_2026 07:50:05.445 line: 251. ImmerseAudioApiImplBase::CreateAudioProcessor: failed to obtain personalized shared decoder kernel - expected behaviour if user is not set! 
[2026-05-12T07:50:05.4465136-07:00] [pid=6736] [EmbodyLOG] May_12_2026 07:50:05.447 line: 269. ImmerseAudioApiImplBase::CreateAudioProcessor: failed to init personalized decoder - expected behaviour if user is not set! 
[2026-05-12T07:50:05.4490418-07:00] [pid=6736] [EmbodyLOG] May_12_2026 07:50:05.449 line: 1419. calculateLicenseDaysRemaining(): cached=359, elapsed=0, remaining=359 
[2026-05-12T07:50:05.7501336-07:00] [pid=6736] [EmbodyLOG] May_12_2026 07:50:05.750 line: 2042. updateUserData onSetUserId: update user data on set user id 
[2026-05-12T07:50:05.7511351-07:00] [pid=6736] [EmbodyLOG] May_12_2026 07:50:05.751 line: 1316. getLocalSessionID for user: kevin_tencenttest1_emb 06756e30dc6941e7b44b3ad365984a2f 
[2026-05-12T07:50:05.7516379-07:00] [pid=6736] [EmbodyLOG] May_12_2026 07:50:05.752 line: 2060. ImmerseAPI_updateUserData onSetUserId: syncing with server 
[2026-05-12T07:50:05.7526467-07:00] [pid=6736] [EmbodyLOG] May_12_2026 07:50:05.753 line: 1316. getLocalSessionID for user: kevin_tencenttest1_emb 06756e30dc6941e7b44b3ad365984a2f 
[2026-05-12T07:50:05.7536510-07:00] [pid=6736] [EmbodyLOG] May_12_2026 07:50:05.754 line: 3274. getEmbodyData: STATUS_AUTHORIZING StatusCheck session_id: 06756e30dc6941e7b44b3ad365984a2f, immerse_id: v2.2.447, hrtf_id: 1408e0d2eca549feaf2d5631a49ca7d2, img_id: img_1 
[2026-05-12T07:50:05.7536510-07:00] [pid=6736] [EmbodyLOG] May_12_2026 07:50:05.754 line: 3213. usingLocalUserCache: Using local cache for user: SCR license_type: trial, license_days_left: 359, license_expired: 0, isUniversalUser: 0 
[2026-05-12T07:50:05.7546517-07:00] [pid=6736] [EmbodyLOG] May_12_2026 07:50:05.754 line: 3232. updateUMWHPEQSelection() - updated headsetId: 18446744073709551615 
[2026-05-12T07:50:05.7546517-07:00] [pid=6736] [EmbodyLOG] May_12_2026 07:50:05.755 line: 2669. updateUserHRTFData ProfileName set to : Profile_1 
[2026-05-12T07:50:05.7546517-07:00] [pid=6736] [EmbodyLOG] May_12_2026 07:50:05.755 line: 2724. updateUserHRTFData: inside hrtfCallback invocation 
[2026-05-12T07:50:05.7556549-07:00] [pid=6736] [EmbodyLOG] May_12_2026 07:50:05.755 line: 270. LoadHrtfCallback: HRTF loaded 
[2026-05-12T07:50:05.7556549-07:00] [pid=6736] [EmbodyLOG] May_12_2026 07:50:05.756 line: 3354. getEmbodyData: IMMERSE_STATUS::DATA_FINISHED 
[2026-05-12T07:50:06.0582187-07:00] [pid=6736] [EmbodyLOG] May_12_2026 07:50:06.058 line: 416. DecryptMultiSofaData() - v2 numSections=3 hrtfFlags=1 hrtfSectionOffset=971 hrtfSectionSize=1758624 numEntries=4 dataOffset=1039 dataLength=439639 bmapSize=518 fovdSize=361 
[2026-05-12T07:50:06.1114115-07:00] [pid=6736] [EmbodyLOG] May_12_2026 07:50:06.111 line: 447. DecryptMultiSofaData() - decrypt result: Success 
[2026-05-12T07:50:06.1114115-07:00] [pid=6736] [EmbodyLOG] May_12_2026 07:50:06.112 line: 533. AssetManager - BMAP data (518 bytes): {"buses":[{"label":"Extraction","tunings":[{"id":"extraction_tuning_1","label":"Extraction Tuning 1","hrtf_index":0}],"id":"extraction"},{"label":"Warfare","tunings":[{"id":"warfare_tuning_1","label":"Warfare Tuning 1","hrtf_index":1}],"id":"warfare"},{"label":"Campaign","tunings":[{"id":"campaign_tuning_1","label":"Campaign Tuning 1","hrtf_index":2}],"id":"campaign"},{"label":"Voice Chat","tunings":[{"id":"voice_chat_tuning_1","label":"Voice Chat Tuning 1","hrtf_index":3}],"id":"voice_chat"}],"schema_version":1} 
[2026-05-12T07:50:06.1124179-07:00] [pid=6736] [EmbodyLOG] May_12_2026 07:50:06.112 line: 537. AssetManager - FOVD data (361 bytes): {"schema_version":1,"fov_groups":["l/r"],"fov_presets":[{"studio_speaker_angles_idx":[0,1,6,7,8,9,10,11,12,13,14,15,16,17,18],"label":"Narrow","id":"narrow"},{"studio_speaker_angles_idx":[2,3,6,7,8,9,10,11,12,13,14,15,16,17,18],"label":"Default","id":"default"},{"studio_speaker_angles_idx":[4,5,6,7,8,9,10,11,12,13,14,15,16,17,18],"label":"Wide","id":"wide"}]} 
[2026-05-12T07:50:06.1189566-07:00] [pid=6736] [EmbodyLOG] May_12_2026 07:50:06.118 line: 376. AudioConfig::GetSHIndices() - invalid channelConfig: 6 
[2026-05-12T07:50:06.1636347-07:00] [pid=6736] [EmbodyLOG] May_12_2026 07:50:06.164 line: 281. AudioConfig::InitializeDecoders: Successfully created shared ambisonic decoder kernel 
[2026-05-12T07:50:06.1656323-07:00] [pid=6736] [EmbodyLOG] May_12_2026 07:50:06.166 line: 1419. calculateLicenseDaysRemaining(): cached=359, elapsed=0, remaining=359 
[2026-05-12T07:50:06.1666369-07:00] [pid=6736] [EmbodyLOG] May_12_2026 07:50:06.167 line: 1419. calculateLicenseDaysRemaining(): cached=359, elapsed=0, remaining=359 
[2026-05-12T07:50:06.1681461-07:00] [pid=6736] [EmbodyLOG] May_12_2026 07:50:06.168 line: 1316. getLocalSessionID for user: kevin_tencenttest1_emb 06756e30dc6941e7b44b3ad365984a2f 
[2026-05-12T07:50:06.1691576-07:00] [pid=6736] [EmbodyLOG] May_12_2026 07:50:06.169 line: 2576. ImmerseAPI: Too many status checks within the period allowed, returning early 
[2026-05-12T07:50:06.1691576-07:00] [pid=6736] [EmbodyLOG] May_12_2026 07:50:06.169 line: 3232. updateUMWHPEQSelection() - updated headsetId: 18446744073709551615 
[2026-05-12T07:50:06.1701586-07:00] [pid=6736] [EmbodyLOG] May_12_2026 07:50:06.170 line: 1419. calculateLicenseDaysRemaining(): cached=359, elapsed=0, remaining=359 
[2026-05-12T07:50:06.1701586-07:00] [pid=6736] [EmbodyLOG] May_12_2026 07:50:06.171 line: 1304. ImmerseManager::UpdateHpeqHeadset() - HPEQ disabled 
[2026-05-12T07:50:06.1716614-07:00] [pid=6736] [EmbodyLOG] May_12_2026 07:50:06.171 line: 1419. calculateLicenseDaysRemaining(): cached=359, elapsed=0, remaining=359 
[2026-05-12T07:50:06.3454365-07:00] [pid=6736] [2026.05.12-14.50.06:345][422]LogTemp: Display: [ImmerseStress] REMOTE_HOLD_v1: go.flag detected after 9 retries
[2026-05-12T07:50:06.3454365-07:00] [pid=6736] [2026.05.12-14.50.06:345][422]LogTemp: Display: [ImmerseStress] PLAN START  steps=2 (concurrency=1 ?? immerse{off,on}) rate=300.0Hz life=500ms warmup=2.0s phase=5.0s cooldown=2.0s CSV=../../../../../../Users/kapil/OneDrive/Documents/Unreal Projects/testTP/Saved/ImmerseStress/run_20260512_075006.csv
[2026-05-12T07:50:06.3454365-07:00] [pid=6736] [2026.05.12-14.50.06:345][422]LogTemp: Display: [ImmerseStress] BypassImmerse(bus=7p1p4) -> OK
[2026-05-12T07:50:06.3464329-07:00] [pid=6736] [2026.05.12-14.50.06:345][422]LogTemp: Display: [ImmerseStress] >>> WARMUP step=0/2 immerse=off conc=32 (align Wwise profiler capture here)
[2026-05-12T07:50:06.3464329-07:00] [pid=6736] [2026.05.12-14.50.06:346][422]LogTemp: Display: [ImmerseStress] Churn START  event=SwordHits rate=300.0Hz life=500ms cap=32 immerse=BYPASSED
[2026-05-12T07:50:06.4117200-07:00] [pid=6736] [2026.05.12-14.50.06:411][448]LogStats: Display: There is no thread with id: 27120. Please add thread metadata for this thread.
[2026-05-12T07:50:06.7200786-07:00] [pid=6736] <<<_____ ImmerseAudioRenderer _____>>> 
[2026-05-12T07:50:06.7210831-07:00] [pid=6736] WwiseFxNullParams::SetParam()
[2026-05-12T07:50:06.7210831-07:00] [pid=6736] 
[2026-05-12T07:50:06.7210831-07:00] [pid=6736] <<<_____ ImmerseAudioRenderer _____>>> 
[2026-05-12T07:50:06.7210831-07:00] [pid=6736] WwiseFxNullParams::ApplyParam()
[2026-05-12T07:50:06.7210831-07:00] [pid=6736] 
[2026-05-12T07:50:06.7215927-07:00] [pid=6736] [EmbodyLOG] May_12_2026 07:50:06.721 line: 673. ___IMMERSEENGINE___ Immerse_EnableImmerse inMode: 0 
[2026-05-12T07:50:06.7215927-07:00] [pid=6736] <<<_____ ImmerseAudioRenderer _____>>> 
[2026-05-12T07:50:06.7215927-07:00] [pid=6736] WwiseFxNullParams::SetParam()
[2026-05-12T07:50:06.7215927-07:00] [pid=6736] 
[2026-05-12T07:50:06.7215927-07:00] [pid=6736] <<<_____ ImmerseAudioRenderer _____>>> 
[2026-05-12T07:50:06.7215927-07:00] [pid=6736] WwiseFxNullParams::ApplyParam()
[2026-05-12T07:50:06.7215927-07:00] [pid=6736] 
[2026-05-12T07:50:06.7215927-07:00] [pid=6736] [EmbodyLOG] May_12_2026 07:50:06.722 line: 673. ___IMMERSEENGINE___ Immerse_EnableImmerse inMode: 0 
[2026-05-12T07:50:06.7226032-07:00] [pid=6736] [EmbodyLOG] May_12_2026 07:50:06.722 line: 1419. calculateLicenseDaysRemaining(): cached=359, elapsed=0, remaining=359 
[2026-05-12T07:50:06.7236148-07:00] [pid=6736] [EmbodyLOG] May_12_2026 07:50:06.724 line: 1419. calculateLicenseDaysRemaining(): cached=359, elapsed=0, remaining=359 
[2026-05-12T07:50:08.3463120-07:00] [pid=6736] [2026.05.12-14.50.08:346][267]LogTemp: Display: [ImmerseStress] >>> RUNNING step=0/2 immerse=off conc=32 (align Wwise profiler capture here)
[2026-05-12T07:50:08.3463120-07:00] [pid=6736] [2026.05.12-14.50.08:346][267]LogTemp: Display: [ImmerseStress] CAPTURE_WAV_v2 START ../../../../../../Users/kapil/OneDrive/Documents/Unreal Projects/testTP/Saved/ImmerseStress/phase_0_off.wav
[2026-05-12T07:50:08.3498290-07:00] [pid=6736] [2026.05.12-14.50.08:349][269]LogAkAudio: Error: Cannot open file ../../../../../../Users/kapil/OneDrive/Documents/Unreal Projects/testTP/Saved/Wwise/../../../../../../Users/kapil/OneDrive/Documents/Unreal Projects/testTP/Saved/ImmerseStress/phase_0_off.wav for write.
[2026-05-12T07:50:08.3498290-07:00] [pid=6736] [2026.05.12-14.50.08:349][269]LogAkAudio: Error: Cannot open file: ../../../../../../Users/kapil/OneDrive/Documents/Unreal Projects/testTP/Saved/ImmerseStress/phase_0_off.wav
[2026-05-12T07:50:13.3492807-07:00] [pid=6736] [2026.05.12-14.50.13:349][469]LogTemp: Display: [ImmerseStress] PHASE 0 done immerse=off conc=32 posted=320 stopped=320 dropped=1181 frames=2202 avg=2.27ms p50=2.20 p95=2.75 max=8.13
[2026-05-12T07:50:13.3492807-07:00] [pid=6736] [2026.05.12-14.50.13:349][469]LogTemp: Display: [ImmerseStress] CAPTURE_WAV_v2 STOP
[2026-05-12T07:50:13.3492807-07:00] [pid=6736] [2026.05.12-14.50.13:349][469]LogTemp: Display: [ImmerseStress] >>> COOLDOWN step=0/2 immerse=off conc=32 (align Wwise profiler capture here)
[2026-05-12T07:50:13.3492807-07:00] [pid=6736] [2026.05.12-14.50.13:349][469]LogTemp: Display: [ImmerseStress] Churn STOP   posted=448 stopped=448 dropped=1652
[2026-05-12T07:50:15.3490436-07:00] [pid=6736] [2026.05.12-14.50.15:349][360]LogTemp: Display: [ImmerseStress] EnableImmerse(bus=7p1p4, shareset=Immerse_Audio_Renderer_(Custom)) -> OK
[2026-05-12T07:50:15.3490436-07:00] [pid=6736] [2026.05.12-14.50.15:349][360]LogTemp: Display: [ImmerseStress] >>> WARMUP step=1/2 immerse=ON conc=32 (align Wwise profiler capture here)
[2026-05-12T07:50:15.3490436-07:00] [pid=6736] [2026.05.12-14.50.15:349][360]LogTemp: Display: [ImmerseStress] Churn START  event=SwordHits rate=300.0Hz life=500ms cap=32 immerse=enabled
[2026-05-12T07:50:15.5524393-07:00] [pid=6736] <<<_____ ImmerseAudioRenderer _____>>> 
[2026-05-12T07:50:15.5524393-07:00] [pid=6736] WwiseFxNullParams::SetParam()
[2026-05-12T07:50:15.5524393-07:00] [pid=6736] 
[2026-05-12T07:50:15.5524393-07:00] [pid=6736] <<<_____ ImmerseAudioRenderer _____>>> 
[2026-05-12T07:50:15.5524393-07:00] [pid=6736] WwiseFxNullParams::ApplyParam()
[2026-05-12T07:50:15.5524393-07:00] [pid=6736] 
[2026-05-12T07:50:15.5524393-07:00] [pid=6736] [EmbodyLOG] May_12_2026 07:50:15.553 line: 673. ___IMMERSEENGINE___ Immerse_EnableImmerse inMode: 1 
[2026-05-12T07:50:15.5534453-07:00] [pid=6736] <<<_____ ImmerseAudioRenderer _____>>> 
[2026-05-12T07:50:15.5534453-07:00] [pid=6736] WwiseFxNullParams::SetParam()
[2026-05-12T07:50:15.5534453-07:00] [pid=6736] 
[2026-05-12T07:50:15.5534453-07:00] [pid=6736] <<<_____ ImmerseAudioRenderer _____>>> 
[2026-05-12T07:50:15.5534453-07:00] [pid=6736] WwiseFxNullParams::ApplyParam()
[2026-05-12T07:50:15.5534453-07:00] [pid=6736] 
[2026-05-12T07:50:15.5534453-07:00] [pid=6736] [EmbodyLOG] May_12_2026 07:50:15.554 line: 673. ___IMMERSEENGINE___ Immerse_EnableImmerse inMode: 1 
[2026-05-12T07:50:15.5544474-07:00] [pid=6736] [EmbodyLOG] May_12_2026 07:50:15.554 line: 1316. getLocalSessionID for user: kevin_tencenttest1_emb 06756e30dc6941e7b44b3ad365984a2f 
[2026-05-12T07:50:15.5554478-07:00] [pid=6736] [EmbodyLOG] May_12_2026 07:50:15.555 line: 3274. getEmbodyData: STATUS_AUTHORIZING StatusCheck session_id: 06756e30dc6941e7b44b3ad365984a2f, immerse_id: v2.2.447, hrtf_id: 1408e0d2eca549feaf2d5631a49ca7d2, img_id: img_1 
[2026-05-12T07:50:15.5554478-07:00] [pid=6736] [EmbodyLOG] May_12_2026 07:50:15.556 line: 3213. usingLocalUserCache: Using local cache for user: SCR license_type: trial, license_days_left: 359, license_expired: 0, isUniversalUser: 0 
[2026-05-12T07:50:15.5564452-07:00] [pid=6736] [EmbodyLOG] May_12_2026 07:50:15.556 line: 3232. updateUMWHPEQSelection() - updated headsetId: 18446744073709551615 
[2026-05-12T07:50:15.5564452-07:00] [pid=6736] [EmbodyLOG] May_12_2026 07:50:15.556 line: 2669. updateUserHRTFData ProfileName set to : Profile_1 
[2026-05-12T07:50:15.5564452-07:00] [pid=6736] [EmbodyLOG] May_12_2026 07:50:15.557 line: 2724. updateUserHRTFData: inside hrtfCallback invocation 
[2026-05-12T07:50:15.5564452-07:00] [pid=6736] [EmbodyLOG] May_12_2026 07:50:15.557 line: 277. LoadHrtfCallback: HRTF already loaded 
[2026-05-12T07:50:15.5564452-07:00] [pid=6736] [EmbodyLOG] May_12_2026 07:50:15.557 line: 3354. getEmbodyData: IMMERSE_STATUS::DATA_FINISHED 
[2026-05-12T07:50:15.5579533-07:00] [pid=6736] [EmbodyLOG] May_12_2026 07:50:15.558 line: 1419. calculateLicenseDaysRemaining(): cached=359, elapsed=0, remaining=359 
[2026-05-12T07:50:15.5599630-07:00] [pid=6736] [EmbodyLOG] May_12_2026 07:50:15.560 line: 1316. getLocalSessionID for user: kevin_tencenttest1_emb 06756e30dc6941e7b44b3ad365984a2f 
[2026-05-12T07:50:15.5609653-07:00] [pid=6736] [EmbodyLOG] May_12_2026 07:50:15.561 line: 2576. ImmerseAPI: Too many status checks within the period allowed, returning early 
[2026-05-12T07:50:15.5614713-07:00] [pid=6736] [EmbodyLOG] May_12_2026 07:50:15.561 line: 3232. updateUMWHPEQSelection() - updated headsetId: 18446744073709551615 
[2026-05-12T07:50:15.5624872-07:00] [pid=6736] [EmbodyLOG] May_12_2026 07:50:15.562 line: 1419. calculateLicenseDaysRemaining(): cached=359, elapsed=0, remaining=359 
[2026-05-12T07:50:17.3499206-07:00] [pid=6736] [2026.05.12-14.50.17:349][182]LogTemp: Display: [ImmerseStress] >>> RUNNING step=1/2 immerse=ON conc=32 (align Wwise profiler capture here)
[2026-05-12T07:50:17.3499206-07:00] [pid=6736] [2026.05.12-14.50.17:349][182]LogTemp: Display: [ImmerseStress] CAPTURE_WAV_v2 START ../../../../../../Users/kapil/OneDrive/Documents/Unreal Projects/testTP/Saved/ImmerseStress/phase_1_on.wav
[2026-05-12T07:50:17.3599596-07:00] [pid=6736] [2026.05.12-14.50.17:359][187]LogAkAudio: Error: Cannot open file ../../../../../../Users/kapil/OneDrive/Documents/Unreal Projects/testTP/Saved/Wwise/../../../../../../Users/kapil/OneDrive/Documents/Unreal Projects/testTP/Saved/ImmerseStress/phase_1_on.wav for write.
[2026-05-12T07:50:17.3599596-07:00] [pid=6736] [2026.05.12-14.50.17:359][187]LogAkAudio: Error: Cannot open file: ../../../../../../Users/kapil/OneDrive/Documents/Unreal Projects/testTP/Saved/ImmerseStress/phase_1_on.wav
[2026-05-12T07:50:17.3654782-07:00] [pid=6736] [2026.05.12-14.50.17:365][189]LogStats: Display: There is no thread with id: 27200. Please add thread metadata for this thread.
[2026-05-12T07:50:22.3516464-07:00] [pid=6736] [2026.05.12-14.50.22:351][255]LogTemp: Display: [ImmerseStress] PHASE 1 done immerse=ON conc=32 posted=320 stopped=320 dropped=1180 frames=2073 avg=2.41ms p50=2.37 p95=2.93 max=8.29
[2026-05-12T07:50:22.3526590-07:00] [pid=6736] [2026.05.12-14.50.22:351][255]LogTemp: Display: [ImmerseStress] CAPTURE_WAV_v2 STOP
[2026-05-12T07:50:22.3526590-07:00] [pid=6736] [2026.05.12-14.50.22:352][255]LogTemp: Display: [ImmerseStress] >>> COOLDOWN step=1/2 immerse=ON conc=32 (align Wwise profiler capture here)
[2026-05-12T07:50:22.3526590-07:00] [pid=6736] [2026.05.12-14.50.22:352][255]LogTemp: Display: [ImmerseStress] Churn STOP   posted=896 stopped=896 dropped=3304
[2026-05-12T07:50:22.8265926-07:00] [pid=23204] [2026.05.12-14.50.22:826][ 55]LogRunningAppService: Display: New foreground process [6736] C:/Program Files/Epic Games/UE_4.27/Engine/Binaries/Win64/UE4Editor.exe for app C:/Program Files/Epic Games/UE_4.27/
[2026-05-12T07:50:22.8281000-07:00] [pid=23204] [2026.05.12-14.50.22:826][ 55]LogRunningAppService: Display: New foreground process [32948] C:/Program Files/Epic Games/UE_4.27/Engine/Binaries/Win64/CrashReportClientEditor.exe for app C:/Program Files/Epic Games/UE_4.27/
[2026-05-12T07:50:22.8281000-07:00] [pid=23204] [2026.05.12-14.50.22:828][ 55]LogRunningAppService: Display: New foreground app C:/Program Files/Epic Games/UE_4.27/
[2026-05-12T07:50:22.8281000-07:00] [pid=23204] [2026.05.12-14.50.22:828][ 55]LogRunningAppPresenceHandler: Display: Setting override presence for C:/Program Files/Epic Games/UE_4.27/ (PresenceId=ue)
[2026-05-12T07:50:24.3515490-07:00] [pid=6736] [2026.05.12-14.50.24:351][ 78]LogTemp: Display: [ImmerseStress] >>> Toggle storm: 10 iterations
[2026-05-12T07:50:24.3515490-07:00] [pid=6736] [2026.05.12-14.50.24:351][ 78]LogTemp: Display: [ImmerseStress] BypassImmerse(bus=7p1p4) -> OK
[2026-05-12T07:50:24.3515490-07:00] [pid=6736] [2026.05.12-14.50.24:351][ 78]LogTemp: Display: [ImmerseStress] EnableImmerse(bus=7p1p4, shareset=Immerse_Audio_Renderer_(Custom)) -> OK
[2026-05-12T07:50:24.3515490-07:00] [pid=6736] [2026.05.12-14.50.24:351][ 78]LogTemp: Display: [ImmerseStress] BypassImmerse(bus=7p1p4) -> OK
[2026-05-12T07:50:24.3515490-07:00] [pid=6736] [2026.05.12-14.50.24:351][ 78]LogTemp: Display: [ImmerseStress] EnableImmerse(bus=7p1p4, shareset=Immerse_Audio_Renderer_(Custom)) -> OK
[2026-05-12T07:50:24.3515490-07:00] [pid=6736] [2026.05.12-14.50.24:351][ 78]LogTemp: Display: [ImmerseStress] BypassImmerse(bus=7p1p4) -> OK
[2026-05-12T07:50:24.3515490-07:00] [pid=6736] [2026.05.12-14.50.24:351][ 78]LogTemp: Display: [ImmerseStress] EnableImmerse(bus=7p1p4, shareset=Immerse_Audio_Renderer_(Custom)) -> OK
[2026-05-12T07:50:24.3525542-07:00] [pid=6736] [2026.05.12-14.50.24:351][ 78]LogTemp: Display: [ImmerseStress] BypassImmerse(bus=7p1p4) -> OK
[2026-05-12T07:50:24.3525542-07:00] [pid=6736] [2026.05.12-14.50.24:352][ 78]LogTemp: Display: [ImmerseStress] EnableImmerse(bus=7p1p4, shareset=Immerse_Audio_Renderer_(Custom)) -> OK
[2026-05-12T07:50:24.3525542-07:00] [pid=6736] [2026.05.12-14.50.24:352][ 78]LogTemp: Display: [ImmerseStress] BypassImmerse(bus=7p1p4) -> OK
[2026-05-12T07:50:24.3525542-07:00] [pid=6736] [2026.05.12-14.50.24:352][ 78]LogTemp: Display: [ImmerseStress] EnableImmerse(bus=7p1p4, shareset=Immerse_Audio_Renderer_(Custom)) -> OK
[2026-05-12T07:50:24.3525542-07:00] [pid=6736] [2026.05.12-14.50.24:352][ 78]LogTemp: Display: [ImmerseStress] Toggle storm DONE: 10/10 state-flips in 0.001s (avg 0.0541ms/op, worst 0.099ms, throughput 18484 ops/s)
[2026-05-12T07:50:24.3525542-07:00] [pid=6736] [2026.05.12-14.50.24:352][ 78]LogTemp: Display: [ImmerseStress] PLAN COMPLETE ??? 2 phases recorded. CSV: ../../../../../../Users/kapil/OneDrive/Documents/Unreal Projects/testTP/Saved/ImmerseStress/run_20260512_075006.csv
[2026-05-12T07:50:24.3525542-07:00] [pid=6736] [2026.05.12-14.50.24:352][ 78]LogTemp: Display: [ImmerseStress] Requesting engine exit in 1.50s (reason=ImmerseStressComplete)
[2026-05-12T07:50:24.5483707-07:00] [pid=6736] <<<_____ ImmerseAudioRenderer _____>>> 
[2026-05-12T07:50:24.5483707-07:00] [pid=6736] WwiseFxNullParams::SetParam()
[2026-05-12T07:50:24.5483707-07:00] [pid=6736] 
[2026-05-12T07:50:24.5483707-07:00] [pid=6736] <<<_____ ImmerseAudioRenderer _____>>> 
[2026-05-12T07:50:24.5483707-07:00] [pid=6736] WwiseFxNullParams::ApplyParam()
[2026-05-12T07:50:24.5483707-07:00] [pid=6736] 
[2026-05-12T07:50:24.5483707-07:00] [pid=6736] [EmbodyLOG] May_12_2026 07:50:24.549 line: 673. ___IMMERSEENGINE___ Immerse_EnableImmerse inMode: 0 
[2026-05-12T07:50:24.5493835-07:00] [pid=6736] <<<_____ ImmerseAudioRenderer _____>>> 
[2026-05-12T07:50:24.5493835-07:00] [pid=6736] WwiseFxNullParams::SetParam()
[2026-05-12T07:50:24.5493835-07:00] [pid=6736] 
[2026-05-12T07:50:24.5493835-07:00] [pid=6736] <<<_____ ImmerseAudioRenderer _____>>> 
[2026-05-12T07:50:24.5493835-07:00] [pid=6736] WwiseFxNullParams::ApplyParam()
[2026-05-12T07:50:24.5493835-07:00] [pid=6736] 
[2026-05-12T07:50:24.5493835-07:00] [pid=6736] [EmbodyLOG] May_12_2026 07:50:24.550 line: 673. ___IMMERSEENGINE___ Immerse_EnableImmerse inMode: 0 
[2026-05-12T07:50:24.5493835-07:00] [pid=6736] [EmbodyLOG] May_12_2026 07:50:24.550 line: 1419. calculateLicenseDaysRemaining(): cached=359, elapsed=0, remaining=359 
[2026-05-12T07:50:24.5519066-07:00] [pid=6736] [EmbodyLOG] May_12_2026 07:50:24.551 line: 1419. calculateLicenseDaysRemaining(): cached=359, elapsed=0, remaining=359 
[2026-05-12T07:50:24.5714722-07:00] [pid=6736] <<<_____ ImmerseAudioRenderer _____>>> 
[2026-05-12T07:50:24.5714722-07:00] [pid=6736] WwiseFxNullParams::SetParam()
[2026-05-12T07:50:24.5714722-07:00] [pid=6736] 
[2026-05-12T07:50:24.5714722-07:00] [pid=6736] <<<_____ ImmerseAudioRenderer _____>>> 
[2026-05-12T07:50:24.5714722-07:00] [pid=6736] WwiseFxNullParams::ApplyParam()
[2026-05-12T07:50:24.5714722-07:00] [pid=6736] 
[2026-05-12T07:50:24.5714722-07:00] [pid=6736] [EmbodyLOG] May_12_2026 07:50:24.572 line: 673. ___IMMERSEENGINE___ Immerse_EnableImmerse inMode: 1 
[2026-05-12T07:50:24.5724812-07:00] [pid=6736] <<<_____ ImmerseAudioRenderer _____>>> 
[2026-05-12T07:50:24.5724812-07:00] [pid=6736] WwiseFxNullParams::SetParam()
[2026-05-12T07:50:24.5724812-07:00] [pid=6736] 
[2026-05-12T07:50:24.5724812-07:00] [pid=6736] <<<_____ ImmerseAudioRenderer _____>>> 
[2026-05-12T07:50:24.5724812-07:00] [pid=6736] WwiseFxNullParams::ApplyParam()
[2026-05-12T07:50:24.5724812-07:00] [pid=6736] 
[2026-05-12T07:50:24.5724812-07:00] [pid=6736] [EmbodyLOG] May_12_2026 07:50:24.573 line: 673. ___IMMERSEENGINE___ Immerse_EnableImmerse inMode: 1 
[2026-05-12T07:50:24.5734919-07:00] [pid=6736] <<<_____ ImmerseAudioRenderer _____>>> 
[2026-05-12T07:50:24.5734919-07:00] [pid=6736] WwiseFxNullParams::SetParam()
[2026-05-12T07:50:24.5734919-07:00] [pid=6736] 
[2026-05-12T07:50:24.5734919-07:00] [pid=6736] <<<_____ ImmerseAudioRenderer _____>>> 
[2026-05-12T07:50:24.5734919-07:00] [pid=6736] WwiseFxNullParams::ApplyParam()
[2026-05-12T07:50:24.5734919-07:00] [pid=6736] 
[2026-05-12T07:50:24.5734919-07:00] [pid=6736] [EmbodyLOG] May_12_2026 07:50:24.574 line: 673. ___IMMERSEENGINE___ Immerse_EnableImmerse inMode: 0 
[2026-05-12T07:50:24.5744922-07:00] [pid=6736] [EmbodyLOG] May_12_2026 07:50:24.574 line: 1316. getLocalSessionID for user: kevin_tencenttest1_emb 06756e30dc6941e7b44b3ad365984a2f 
[2026-05-12T07:50:24.5744922-07:00] [pid=6736] <<<_____ ImmerseAudioRenderer _____>>> 
[2026-05-12T07:50:24.5744922-07:00] [pid=6736] WwiseFxNullParams::SetParam()
[2026-05-12T07:50:24.5744922-07:00] [pid=6736] 
[2026-05-12T07:50:24.5744922-07:00] [pid=6736] <<<_____ ImmerseAudioRenderer _____>>> 
[2026-05-12T07:50:24.5744922-07:00] [pid=6736] WwiseFxNullParams::ApplyParam()
[2026-05-12T07:50:24.5744922-07:00] [pid=6736] 
[2026-05-12T07:50:24.5754904-07:00] [pid=6736] [EmbodyLOG] May_12_2026 07:50:24.575 line: 673. ___IMMERSEENGINE___ Immerse_EnableImmerse inMode: 0 
[2026-05-12T07:50:24.5754904-07:00] [pid=6736] [EmbodyLOG] May_12_2026 07:50:24.575 line: 3274. getEmbodyData: STATUS_AUTHORIZING StatusCheck session_id: 06756e30dc6941e7b44b3ad365984a2f, immerse_id: v2.2.447, hrtf_id: 1408e0d2eca549feaf2d5631a49ca7d2, img_id: img_1 
[2026-05-12T07:50:24.5754904-07:00] [pid=6736] <<<_____ ImmerseAudioRenderer _____>>> 
[2026-05-12T07:50:24.5754904-07:00] [pid=6736] WwiseFxNullParams::SetParam()
[2026-05-12T07:50:24.5754904-07:00] [pid=6736] 
[2026-05-12T07:50:24.5754904-07:00] [pid=6736] <<<_____ ImmerseAudioRenderer _____>>> 
[2026-05-12T07:50:24.5754904-07:00] [pid=6736] WwiseFxNullParams::ApplyParam()
[2026-05-12T07:50:24.5754904-07:00] [pid=6736] 
[2026-05-12T07:50:24.5764893-07:00] [pid=6736] [EmbodyLOG] May_12_2026 07:50:24.576 line: 2964. statusCheckForUser(): curr session id: 06756e30dc6941e7b44b3ad365984a2f curr user id: kevin_tencenttest1_emb 
[2026-05-12T07:50:24.5764893-07:00] [pid=6736] [EmbodyLOG] May_12_2026 07:50:24.576 line: 673. ___IMMERSEENGINE___ Immerse_EnableImmerse inMode: 1 
[2026-05-12T07:50:24.5764893-07:00] [pid=6736] <<<_____ ImmerseAudioRenderer _____>>> 
[2026-05-12T07:50:24.5764893-07:00] [pid=6736] WwiseFxNullParams::SetParam()
[2026-05-12T07:50:24.5764893-07:00] [pid=6736] 
[2026-05-12T07:50:24.5764893-07:00] [pid=6736] <<<_____ ImmerseAudioRenderer _____>>> 
[2026-05-12T07:50:24.5764893-07:00] [pid=6736] WwiseFxNullParams::ApplyParam()
[2026-05-12T07:50:24.5764893-07:00] [pid=6736] 
[2026-05-12T07:50:24.5764893-07:00] [pid=6736] [EmbodyLOG] May_12_2026 07:50:24.577 line: 673. ___IMMERSEENGINE___ Immerse_EnableImmerse inMode: 1 
[2026-05-12T07:50:24.5780007-07:00] [pid=6736] <<<_____ ImmerseAudioRenderer _____>>> 
[2026-05-12T07:50:24.5780007-07:00] [pid=6736] WwiseFxNullParams::SetParam()
[2026-05-12T07:50:24.5780007-07:00] [pid=6736] 
[2026-05-12T07:50:24.5780007-07:00] [pid=6736] <<<_____ ImmerseAudioRenderer _____>>> 
[2026-05-12T07:50:24.5780007-07:00] [pid=6736] WwiseFxNullParams::ApplyParam()
[2026-05-12T07:50:24.5780007-07:00] [pid=6736] 
[2026-05-12T07:50:24.5780007-07:00] [pid=6736] [EmbodyLOG] May_12_2026 07:50:24.578 line: 673. ___IMMERSEENGINE___ Immerse_EnableImmerse inMode: 0 
[2026-05-12T07:50:24.5780007-07:00] [pid=6736] <<<_____ ImmerseAudioRenderer _____>>> 
[2026-05-12T07:50:24.5790138-07:00] [pid=6736] WwiseFxNullParams::SetParam()
[2026-05-12T07:50:24.5790138-07:00] [pid=6736] 
[2026-05-12T07:50:24.5790138-07:00] [pid=6736] <<<_____ ImmerseAudioRenderer _____>>> 
[2026-05-12T07:50:24.5790138-07:00] [pid=6736] WwiseFxNullParams::ApplyParam()
[2026-05-12T07:50:24.5790138-07:00] [pid=6736] 
[2026-05-12T07:50:24.5790138-07:00] [pid=6736] [EmbodyLOG] May_12_2026 07:50:24.579 line: 673. ___IMMERSEENGINE___ Immerse_EnableImmerse inMode: 0 
[2026-05-12T07:50:24.5982735-07:00] [pid=6736] <<<_____ ImmerseAudioRenderer _____>>> 
[2026-05-12T07:50:24.5982735-07:00] [pid=6736] WwiseFxNullParams::SetParam()
[2026-05-12T07:50:24.5992767-07:00] [pid=6736] 
[2026-05-12T07:50:24.5992767-07:00] [pid=6736] <<<_____ ImmerseAudioRenderer _____>>> 
[2026-05-12T07:50:24.5992767-07:00] [pid=6736] WwiseFxNullParams::ApplyParam()
[2026-05-12T07:50:24.5992767-07:00] [pid=6736] 
[2026-05-12T07:50:24.5992767-07:00] [pid=6736] [EmbodyLOG] May_12_2026 07:50:24.599 line: 673. ___IMMERSEENGINE___ Immerse_EnableImmerse inMode: 1 
[2026-05-12T07:50:24.5992767-07:00] [pid=6736] <<<_____ ImmerseAudioRenderer _____>>> 
[2026-05-12T07:50:24.5992767-07:00] [pid=6736] WwiseFxNullParams::SetParam()
[2026-05-12T07:50:24.5992767-07:00] [pid=6736] 
[2026-05-12T07:50:24.5992767-07:00] [pid=6736] <<<_____ ImmerseAudioRenderer _____>>> 
[2026-05-12T07:50:24.5992767-07:00] [pid=6736] WwiseFxNullParams::ApplyParam()
[2026-05-12T07:50:24.5992767-07:00] [pid=6736] 
[2026-05-12T07:50:24.6002717-07:00] [pid=6736] [EmbodyLOG] May_12_2026 07:50:24.600 line: 673. ___IMMERSEENGINE___ Immerse_EnableImmerse inMode: 1 
[2026-05-12T07:50:24.6002717-07:00] [pid=6736] <<<_____ ImmerseAudioRenderer _____>>> 
[2026-05-12T07:50:24.6002717-07:00] [pid=6736] WwiseFxNullParams::SetParam()
[2026-05-12T07:50:24.6002717-07:00] [pid=6736] 
[2026-05-12T07:50:24.6002717-07:00] [pid=6736] <<<_____ ImmerseAudioRenderer _____>>> 
[2026-05-12T07:50:24.6002717-07:00] [pid=6736] WwiseFxNullParams::ApplyParam()
[2026-05-12T07:50:24.6002717-07:00] [pid=6736] 
[2026-05-12T07:50:24.6002717-07:00] [pid=6736] [EmbodyLOG] May_12_2026 07:50:24.600 line: 673. ___IMMERSEENGINE___ Immerse_EnableImmerse inMode: 0 
[2026-05-12T07:50:24.6012744-07:00] [pid=6736] <<<_____ ImmerseAudioRenderer _____>>> 
[2026-05-12T07:50:24.6012744-07:00] [pid=6736] WwiseFxNullParams::SetParam()
[2026-05-12T07:50:24.6012744-07:00] [pid=6736] 
[2026-05-12T07:50:24.6012744-07:00] [pid=6736] <<<_____ ImmerseAudioRenderer _____>>> 
[2026-05-12T07:50:24.6012744-07:00] [pid=6736] WwiseFxNullParams::ApplyParam()
[2026-05-12T07:50:24.6012744-07:00] [pid=6736] 
[2026-05-12T07:50:24.6012744-07:00] [pid=6736] [EmbodyLOG] May_12_2026 07:50:24.601 line: 673. ___IMMERSEENGINE___ Immerse_EnableImmerse inMode: 0 
[2026-05-12T07:50:24.6017801-07:00] [pid=6736] <<<_____ ImmerseAudioRenderer _____>>> 
[2026-05-12T07:50:24.6017801-07:00] [pid=6736] WwiseFxNullParams::SetParam()
[2026-05-12T07:50:24.6017801-07:00] [pid=6736] 
[2026-05-12T07:50:24.6017801-07:00] [pid=6736] <<<_____ ImmerseAudioRenderer _____>>> 
[2026-05-12T07:50:24.6017801-07:00] [pid=6736] WwiseFxNullParams::ApplyParam()
[2026-05-12T07:50:24.6017801-07:00] [pid=6736] 
[2026-05-12T07:50:24.6017801-07:00] [pid=6736] [EmbodyLOG] May_12_2026 07:50:24.602 line: 673. ___IMMERSEENGINE___ Immerse_EnableImmerse inMode: 1 
[2026-05-12T07:50:24.6027872-07:00] [pid=6736] <<<_____ ImmerseAudioRenderer _____>>> 
[2026-05-12T07:50:24.6027872-07:00] [pid=6736] WwiseFxNullParams::SetParam()
[2026-05-12T07:50:24.6027872-07:00] [pid=6736] 
[2026-05-12T07:50:24.6027872-07:00] [pid=6736] <<<_____ ImmerseAudioRenderer _____>>> 
[2026-05-12T07:50:24.6027872-07:00] [pid=6736] WwiseFxNullParams::ApplyParam()
[2026-05-12T07:50:24.6027872-07:00] [pid=6736] 
[2026-05-12T07:50:24.6027872-07:00] [pid=6736] [EmbodyLOG] May_12_2026 07:50:24.603 line: 673. ___IMMERSEENGINE___ Immerse_EnableImmerse inMode: 1 
[2026-05-12T07:50:24.6027872-07:00] [pid=6736] <<<_____ ImmerseAudioRenderer _____>>> 
[2026-05-12T07:50:24.6027872-07:00] [pid=6736] WwiseFxNullParams::SetParam()
[2026-05-12T07:50:24.6027872-07:00] [pid=6736] 
[2026-05-12T07:50:24.6027872-07:00] [pid=6736] <<<_____ ImmerseAudioRenderer _____>>> 
[2026-05-12T07:50:24.6027872-07:00] [pid=6736] WwiseFxNullParams::ApplyParam()
[2026-05-12T07:50:24.6037963-07:00] [pid=6736] 
[2026-05-12T07:50:24.6037963-07:00] [pid=6736] [EmbodyLOG] May_12_2026 07:50:24.603 line: 673. ___IMMERSEENGINE___ Immerse_EnableImmerse inMode: 0 
[2026-05-12T07:50:24.6037963-07:00] [pid=6736] <<<_____ ImmerseAudioRenderer _____>>> 
[2026-05-12T07:50:24.6037963-07:00] [pid=6736] WwiseFxNullParams::SetParam()
[2026-05-12T07:50:24.6037963-07:00] [pid=6736] 
[2026-05-12T07:50:24.6037963-07:00] [pid=6736] <<<_____ ImmerseAudioRenderer _____>>> 
[2026-05-12T07:50:24.6037963-07:00] [pid=6736] WwiseFxNullParams::ApplyParam()
[2026-05-12T07:50:24.6037963-07:00] [pid=6736] 
[2026-05-12T07:50:24.6037963-07:00] [pid=6736] [EmbodyLOG] May_12_2026 07:50:24.604 line: 673. ___IMMERSEENGINE___ Immerse_EnableImmerse inMode: 0 
[2026-05-12T07:50:24.6047939-07:00] [pid=6736] <<<_____ ImmerseAudioRenderer _____>>> 
[2026-05-12T07:50:24.6047939-07:00] [pid=6736] WwiseFxNullParams::SetParam()
[2026-05-12T07:50:24.6047939-07:00] [pid=6736] 
[2026-05-12T07:50:24.6047939-07:00] [pid=6736] <<<_____ ImmerseAudioRenderer _____>>> 
[2026-05-12T07:50:24.6047939-07:00] [pid=6736] WwiseFxNullParams::ApplyParam()
[2026-05-12T07:50:24.6047939-07:00] [pid=6736] 
[2026-05-12T07:50:24.6047939-07:00] [pid=6736] [EmbodyLOG] May_12_2026 07:50:24.605 line: 673. ___IMMERSEENGINE___ Immerse_EnableImmerse inMode: 1 
[2026-05-12T07:50:24.6047939-07:00] [pid=6736] <<<_____ ImmerseAudioRenderer _____>>> 
[2026-05-12T07:50:24.6047939-07:00] [pid=6736] WwiseFxNullParams::SetParam()
[2026-05-12T07:50:24.6047939-07:00] [pid=6736] 
[2026-05-12T07:50:24.6047939-07:00] [pid=6736] <<<_____ ImmerseAudioRenderer _____>>> 
[2026-05-12T07:50:24.6047939-07:00] [pid=6736] WwiseFxNullParams::ApplyParam()
[2026-05-12T07:50:24.6047939-07:00] [pid=6736] 
[2026-05-12T07:50:24.6047939-07:00] [pid=6736] [EmbodyLOG] May_12_2026 07:50:24.605 line: 673. ___IMMERSEENGINE___ Immerse_EnableImmerse inMode: 1 
[2026-05-12T07:50:25.0417278-07:00] [pid=6736] [EmbodyLOG] May_12_2026 07:50:25.042 line: 1004. API::CallEndpoint(): overwriting status code 
[2026-05-12T07:50:25.0502659-07:00] [pid=6736] [EmbodyLOG] May_12_2026 07:50:25.050 line: 225. AsyncTaskManager::WaitForTaskExecution() - synchronous network call success. 
[2026-05-12T07:50:25.0502659-07:00] [pid=6736] [EmbodyLOG] May_12_2026 07:50:25.051 line: 2987. statusCheckForUser(): universal allowed ? 1 
[2026-05-12T07:50:25.0517749-07:00] [pid=6736] [EmbodyLOG] May_12_2026 07:50:25.052 line: 3035. statusCheckForUser(): exec_id: de0c74af23cf4ba598f430b5bec9c432, status_code: 200, return_code: 4, license_info.status_code: 200, user_hrtf_info.status_code: 200 
[2026-05-12T07:50:25.0527825-07:00] [pid=6736] [EmbodyLOG] May_12_2026 07:50:25.052 line: 2801. parseStatusCheck(): ProfileName set to : Profile_1 
[2026-05-12T07:50:25.0527825-07:00] [pid=6736] [EmbodyLOG] May_12_2026 07:50:25.053 line: 2849. parseStatusCheck(): hrtfUpdateAvailable FALSE 
[2026-05-12T07:50:25.0527825-07:00] [pid=6736] [EmbodyLOG] May_12_2026 07:50:25.053 line: 2891. parseStatusCheck(): libUpdateAvailable FALSE 
[2026-05-12T07:50:25.0527825-07:00] [pid=6736] [EmbodyLOG] May_12_2026 07:50:25.053 line: 3232. updateUMWHPEQSelection() - updated headsetId: 18446744073709551615 
[2026-05-12T07:50:25.0527825-07:00] [pid=6736] [EmbodyLOG] May_12_2026 07:50:25.053 line: 2669. updateUserHRTFData ProfileName set to : Profile_1 
[2026-05-12T07:50:25.0537891-07:00] [pid=6736] [EmbodyLOG] May_12_2026 07:50:25.054 line: 2724. updateUserHRTFData: inside hrtfCallback invocation 
[2026-05-12T07:50:25.0537891-07:00] [pid=6736] [EmbodyLOG] May_12_2026 07:50:25.054 line: 277. LoadHrtfCallback: HRTF already loaded 
[2026-05-12T07:50:25.0537891-07:00] [pid=6736] [EmbodyLOG] May_12_2026 07:50:25.054 line: 3354. getEmbodyData: IMMERSE_STATUS::DATA_FINISHED 
[2026-05-12T07:50:25.0643250-07:00] [pid=6736] [EmbodyLOG] May_12_2026 07:50:25.064 line: 1419. calculateLicenseDaysRemaining(): cached=359, elapsed=0, remaining=359 
[2026-05-12T07:50:25.0663332-07:00] [pid=6736] [EmbodyLOG] May_12_2026 07:50:25.066 line: 1316. getLocalSessionID for user: kevin_tencenttest1_emb 06756e30dc6941e7b44b3ad365984a2f 
[2026-05-12T07:50:25.0673336-07:00] [pid=6736] [EmbodyLOG] May_12_2026 07:50:25.067 line: 2576. ImmerseAPI: Too many status checks within the period allowed, returning early 
[2026-05-12T07:50:25.0673336-07:00] [pid=6736] [EmbodyLOG] May_12_2026 07:50:25.068 line: 3232. updateUMWHPEQSelection() - updated headsetId: 18446744073709551615 
[2026-05-12T07:50:25.0693417-07:00] [pid=6736] [EmbodyLOG] May_12_2026 07:50:25.069 line: 1419. calculateLicenseDaysRemaining(): cached=359, elapsed=0, remaining=359 
[2026-05-12T07:50:25.0693417-07:00] [pid=6736] [EmbodyLOG] May_12_2026 07:50:25.070 line: 1419. calculateLicenseDaysRemaining(): cached=359, elapsed=0, remaining=359 
[2026-05-12T07:50:25.0708528-07:00] [pid=6736] [EmbodyLOG] May_12_2026 07:50:25.071 line: 1419. calculateLicenseDaysRemaining(): cached=359, elapsed=0, remaining=359 
[2026-05-12T07:50:25.0728652-07:00] [pid=6736] [EmbodyLOG] May_12_2026 07:50:25.073 line: 1316. getLocalSessionID for user: kevin_tencenttest1_emb 06756e30dc6941e7b44b3ad365984a2f 
[2026-05-12T07:50:25.0738719-07:00] [pid=6736] [EmbodyLOG] May_12_2026 07:50:25.074 line: 2576. ImmerseAPI: Too many status checks within the period allowed, returning early 
[2026-05-12T07:50:25.0748751-07:00] [pid=6736] [EmbodyLOG] May_12_2026 07:50:25.074 line: 3232. updateUMWHPEQSelection() - updated headsetId: 18446744073709551615 
[2026-05-12T07:50:25.0758738-07:00] [pid=6736] [EmbodyLOG] May_12_2026 07:50:25.075 line: 1419. calculateLicenseDaysRemaining(): cached=359, elapsed=0, remaining=359 
[2026-05-12T07:50:25.0768729-07:00] [pid=6736] [EmbodyLOG] May_12_2026 07:50:25.077 line: 1316. getLocalSessionID for user: kevin_tencenttest1_emb 06756e30dc6941e7b44b3ad365984a2f 
[2026-05-12T07:50:25.0778742-07:00] [pid=6736] [EmbodyLOG] May_12_2026 07:50:25.078 line: 2576. ImmerseAPI: Too many status checks within the period allowed, returning early 
[2026-05-12T07:50:25.0778742-07:00] [pid=6736] [EmbodyLOG] May_12_2026 07:50:25.078 line: 3232. updateUMWHPEQSelection() - updated headsetId: 18446744073709551615 
[2026-05-12T07:50:25.0788819-07:00] [pid=6736] [EmbodyLOG] May_12_2026 07:50:25.079 line: 1419. calculateLicenseDaysRemaining(): cached=359, elapsed=0, remaining=359 
[2026-05-12T07:50:25.0798839-07:00] [pid=6736] [EmbodyLOG] May_12_2026 07:50:25.080 line: 1419. calculateLicenseDaysRemaining(): cached=359, elapsed=0, remaining=359 
[2026-05-12T07:50:25.0808832-07:00] [pid=6736] [EmbodyLOG] May_12_2026 07:50:25.081 line: 1419. calculateLicenseDaysRemaining(): cached=359, elapsed=0, remaining=359 
[2026-05-12T07:50:25.0823956-07:00] [pid=6736] [EmbodyLOG] May_12_2026 07:50:25.082 line: 1316. getLocalSessionID for user: kevin_tencenttest1_emb 06756e30dc6941e7b44b3ad365984a2f 
[2026-05-12T07:50:25.0834001-07:00] [pid=6736] [EmbodyLOG] May_12_2026 07:50:25.083 line: 2576. ImmerseAPI: Too many status checks within the period allowed, returning early 
[2026-05-12T07:50:25.0834001-07:00] [pid=6736] [EmbodyLOG] May_12_2026 07:50:25.084 line: 3232. updateUMWHPEQSelection() - updated headsetId: 18446744073709551615 
[2026-05-12T07:50:25.0844012-07:00] [pid=6736] [EmbodyLOG] May_12_2026 07:50:25.084 line: 1419. calculateLicenseDaysRemaining(): cached=359, elapsed=0, remaining=359 
[2026-05-12T07:50:25.0854023-07:00] [pid=6736] [EmbodyLOG] May_12_2026 07:50:25.086 line: 1316. getLocalSessionID for user: kevin_tencenttest1_emb 06756e30dc6941e7b44b3ad365984a2f 
[2026-05-12T07:50:25.0864036-07:00] [pid=6736] [EmbodyLOG] May_12_2026 07:50:25.087 line: 2576. ImmerseAPI: Too many status checks within the period allowed, returning early 
[2026-05-12T07:50:25.0864036-07:00] [pid=6736] [EmbodyLOG] May_12_2026 07:50:25.087 line: 3232. updateUMWHPEQSelection() - updated headsetId: 18446744073709551615 
[2026-05-12T07:50:25.0879103-07:00] [pid=6736] [EmbodyLOG] May_12_2026 07:50:25.088 line: 1419. calculateLicenseDaysRemaining(): cached=359, elapsed=0, remaining=359 
[2026-05-12T07:50:25.0889194-07:00] [pid=6736] [EmbodyLOG] May_12_2026 07:50:25.089 line: 1419. calculateLicenseDaysRemaining(): cached=359, elapsed=0, remaining=359 
[2026-05-12T07:50:25.0899187-07:00] [pid=6736] [EmbodyLOG] May_12_2026 07:50:25.090 line: 1419. calculateLicenseDaysRemaining(): cached=359, elapsed=0, remaining=359 
[2026-05-12T07:50:25.0914290-07:00] [pid=6736] [EmbodyLOG] May_12_2026 07:50:25.091 line: 1316. getLocalSessionID for user: kevin_tencenttest1_emb 06756e30dc6941e7b44b3ad365984a2f 
[2026-05-12T07:50:25.0924434-07:00] [pid=6736] [EmbodyLOG] May_12_2026 07:50:25.092 line: 2576. ImmerseAPI: Too many status checks within the period allowed, returning early 
[2026-05-12T07:50:25.0924434-07:00] [pid=6736] [EmbodyLOG] May_12_2026 07:50:25.092 line: 3232. updateUMWHPEQSelection() - updated headsetId: 18446744073709551615 
[2026-05-12T07:50:25.0934541-07:00] [pid=6736] [EmbodyLOG] May_12_2026 07:50:25.093 line: 1419. calculateLicenseDaysRemaining(): cached=359, elapsed=0, remaining=359 
[2026-05-12T07:50:25.0944534-07:00] [pid=6736] [EmbodyLOG] May_12_2026 07:50:25.095 line: 1316. getLocalSessionID for user: kevin_tencenttest1_emb 06756e30dc6941e7b44b3ad365984a2f 
[2026-05-12T07:50:25.0954541-07:00] [pid=6736] [EmbodyLOG] May_12_2026 07:50:25.096 line: 2576. ImmerseAPI: Too many status checks within the period allowed, returning early 
[2026-05-12T07:50:25.0964536-07:00] [pid=6736] [EmbodyLOG] May_12_2026 07:50:25.096 line: 3232. updateUMWHPEQSelection() - updated headsetId: 18446744073709551615 
[2026-05-12T07:50:25.0964536-07:00] [pid=6736] [EmbodyLOG] May_12_2026 07:50:25.097 line: 1419. calculateLicenseDaysRemaining(): cached=359, elapsed=0, remaining=359 
[2026-05-12T07:50:25.0979636-07:00] [pid=6736] [EmbodyLOG] May_12_2026 07:50:25.098 line: 1419. calculateLicenseDaysRemaining(): cached=359, elapsed=0, remaining=359 
[2026-05-12T07:50:25.0989771-07:00] [pid=6736] [EmbodyLOG] May_12_2026 07:50:25.099 line: 1419. calculateLicenseDaysRemaining(): cached=359, elapsed=0, remaining=359 
[2026-05-12T07:50:25.0999780-07:00] [pid=6736] [EmbodyLOG] May_12_2026 07:50:25.100 line: 1316. getLocalSessionID for user: kevin_tencenttest1_emb 06756e30dc6941e7b44b3ad365984a2f 
[2026-05-12T07:50:25.1014862-07:00] [pid=6736] [EmbodyLOG] May_12_2026 07:50:25.101 line: 2576. ImmerseAPI: Too many status checks within the period allowed, returning early 
[2026-05-12T07:50:25.1014862-07:00] [pid=6736] [EmbodyLOG] May_12_2026 07:50:25.101 line: 3232. updateUMWHPEQSelection() - updated headsetId: 18446744073709551615 
[2026-05-12T07:50:25.1024975-07:00] [pid=6736] [EmbodyLOG] May_12_2026 07:50:25.102 line: 1419. calculateLicenseDaysRemaining(): cached=359, elapsed=0, remaining=359 
[2026-05-12T07:50:25.1035077-07:00] [pid=6736] [EmbodyLOG] May_12_2026 07:50:25.104 line: 1316. getLocalSessionID for user: kevin_tencenttest1_emb 06756e30dc6941e7b44b3ad365984a2f 
[2026-05-12T07:50:25.1045068-07:00] [pid=6736] [EmbodyLOG] May_12_2026 07:50:25.105 line: 2576. ImmerseAPI: Too many status checks within the period allowed, returning early 
[2026-05-12T07:50:25.1055073-07:00] [pid=6736] [EmbodyLOG] May_12_2026 07:50:25.105 line: 3232. updateUMWHPEQSelection() - updated headsetId: 18446744073709551615 
[2026-05-12T07:50:25.1065072-07:00] [pid=6736] [EmbodyLOG] May_12_2026 07:50:25.106 line: 1419. calculateLicenseDaysRemaining(): cached=359, elapsed=0, remaining=359 
[2026-05-12T07:50:25.8535934-07:00] [pid=6736] [2026.05.12-14.50.25:853][698]LogWindows: FPlatformMisc::RequestExit(0)
[2026-05-12T07:50:25.8535934-07:00] [pid=6736] [2026.05.12-14.50.25:853][698]LogWindows: FPlatformMisc::RequestExitWithStatus(0, 0)
[2026-05-12T07:50:25.8535934-07:00] [pid=6736] [2026.05.12-14.50.25:853][698]LogCore: Engine exit requested (reason: Win RequestExit)
[2026-05-12T07:50:25.8565950-07:00] [pid=6736] [2026.05.12-14.50.25:856][699]LogCore: Engine exit requested (reason: EngineExit() was called; note: exit was already requested)
[2026-05-12T07:50:25.8565950-07:00] [pid=6736] [2026.05.12-14.50.25:856][699]LogInit: Display: PreExit Game.
[2026-05-12T07:50:25.8641459-07:00] [pid=6736] [2026.05.12-14.50.25:864][699]LogWorld: BeginTearingDown for /Game/ThirdPersonBP/Maps/ThirdPersonExampleMap
[2026-05-12T07:50:25.8651454-07:00] [pid=6736] [2026.05.12-14.50.25:865][699]LogWorld: UWorld::CleanupWorld for ThirdPersonExampleMap, bSessionEnded=true, bCleanupResources=true
[2026-05-12T07:50:25.8661445-07:00] [pid=6736] [2026.05.12-14.50.25:866][699]LogSlate: InvalidateAllWidgets triggered.  All widgets were invalidated
[2026-05-12T07:50:25.9028696-07:00] [pid=6736] <<<_____ ImmerseAudioRenderer _____>>> 
[2026-05-12T07:50:25.9028696-07:00] [pid=6736] Term: this=00000199ACDF0300
[2026-05-12T07:50:25.9028696-07:00] [pid=6736] 
[2026-05-12T07:50:25.9028696-07:00] [pid=6736] [EmbodyLOG] May_12_2026 07:50:25.903 line: 752. ___IMMERSEENGINE___ Immerse_DestroyAudioProcessor inAudioProcessor:2 
[2026-05-12T07:50:25.9028696-07:00] [pid=6736] <<<_____ ImmerseAudioRenderer _____>>> 
[2026-05-12T07:50:25.9028696-07:00] [pid=6736] WwiseFxNullParams::Term()
[2026-05-12T07:50:25.9028696-07:00] [pid=6736] 
[2026-05-12T07:50:26.7087359-07:00] [pid=6736] [2026.05.12-14.50.26:708][699]LogAudio: Display: Beginning Audio Device Manager Shutdown (Module: AudioMixerXAudio2)...
[2026-05-12T07:50:26.7087359-07:00] [pid=6736] [2026.05.12-14.50.26:708][699]LogAudio: Display: Destroying 1 Remaining Audio Device(s)...
[2026-05-12T07:50:26.7087359-07:00] [pid=6736] [2026.05.12-14.50.26:708][699]LogAudio: Display: Audio Device unregistered from world 'ThirdPersonExampleMap'.
[2026-05-12T07:50:26.7322895-07:00] [pid=6736] [2026.05.12-14.50.26:732][699]LogAudioMixer: FMixerPlatformXAudio2::StopAudioStream() called
[2026-05-12T07:50:26.7332992-07:00] [pid=6736] [2026.05.12-14.50.26:733][699]LogAudioMixer: FMixerPlatformXAudio2::StopAudioStream() called
[2026-05-12T07:50:26.7343099-07:00] [pid=6736] [2026.05.12-14.50.26:734][699]LogAudio: Display: Audio Device Manager Shutdown
[2026-05-12T07:50:26.7482647-07:00] [pid=6736] [2026.05.12-14.50.26:748][699]LogSlate: Window 'testTP (64-bit Development PCD3D_SM5) ' being destroyed
[2026-05-12T07:50:26.7512793-07:00] [pid=6736] [2026.05.12-14.50.26:751][699]LogExit: Preparing to exit.
[2026-05-12T07:50:26.7561657-07:00] [pid=6736] [2026.05.12-14.50.26:756][699]LogUObjectHash: Compacting FUObjectHashTables data took   0.46ms
[2026-05-12T07:50:26.7731626-07:00] [pid=6736] [2026.05.12-14.50.26:773][699]LogMoviePlayer: Shutting down movie player
[2026-05-12T07:50:26.7831103-07:00] [pid=6736] [2026.05.12-14.50.26:783][699]LogSlate: Updating window title bar state: overlay mode, drag disabled, window buttons hidden, title bar hidden
[2026-05-12T07:50:26.7881252-07:00] [pid=6736] [2026.05.12-14.50.26:788][699]LogDemo: Cleaned up 0 splitscreen connections with owner deletion
[2026-05-12T07:50:26.7906494-07:00] [pid=6736] <<<_____ ImmerseAudioRenderer _____>>> 
[2026-05-12T07:50:26.7906494-07:00] [pid=6736] WwiseFxNullParams::Term()
[2026-05-12T07:50:26.7906494-07:00] [pid=6736] 
[2026-05-12T07:50:26.7906494-07:00] [pid=6736] [2026.05.12-14.50.26:790][699]LogExit: Game engine shut down
[2026-05-12T07:50:26.8151482-07:00] [pid=6736] [2026.05.12-14.50.26:815][699]LogExit: Object subsystem successfully closed.
[2026-05-12T07:50:26.8291574-07:00] [pid=6736] [2026.05.12-14.50.26:829][699]LogShaderCompilers: Display: === FShaderJobCache stats ===
[2026-05-12T07:50:26.8291574-07:00] [pid=6736] [2026.05.12-14.50.26:829][699]LogShaderCompilers: Display: Total job queries 0, among them cache hits 0 (0.00%)
[2026-05-12T07:50:26.8291574-07:00] [pid=6736] [2026.05.12-14.50.26:829][699]LogShaderCompilers: Display: Tracking 0 distinct input hashes that result in 0 distinct outputs (0.00%)
[2026-05-12T07:50:26.8291574-07:00] [pid=6736] [2026.05.12-14.50.26:829][699]LogShaderCompilers: Display: RAM used: 0.00 MB (0.00 GB) of 819.20 MB (0.80 GB) budget. Usage: 0.00%
[2026-05-12T07:50:26.8291574-07:00] [pid=6736] [2026.05.12-14.50.26:829][699]LogShaderCompilers: Display: ================================================
[2026-05-12T07:50:26.8421839-07:00] [pid=6736] [2026.05.12-14.50.26:842][699]LogShaderCompilers: Display: Shaders left to compile 0
[2026-05-12T07:50:26.8571237-07:00] [pid=6736] [2026.05.12-14.50.26:857][699]LogModuleManager: Shutting down and abandoning module SequenceRecorderSections (562)
[2026-05-12T07:50:26.8571237-07:00] [pid=6736] [2026.05.12-14.50.26:857][699]LogModuleManager: Shutting down and abandoning module SequenceRecorder (560)
[2026-05-12T07:50:26.8571237-07:00] [pid=6736] [2026.05.12-14.50.26:857][699]LogModuleManager: Shutting down and abandoning module AutomationController (558)
[2026-05-12T07:50:26.8571237-07:00] [pid=6736] [2026.05.12-14.50.26:857][699]LogModuleManager: Shutting down and abandoning module AutomationWorker (556)
[2026-05-12T07:50:26.8571237-07:00] [pid=6736] [2026.05.12-14.50.26:857][699]LogModuleManager: Shutting down and abandoning module Voice (554)
[2026-05-12T07:50:26.8571237-07:00] [pid=6736] [2026.05.12-14.50.26:857][699]LogModuleManager: Shutting down and abandoning module AIModule (552)
[2026-05-12T07:50:26.8571237-07:00] [pid=6736] [2026.05.12-14.50.26:857][699]LogModuleManager: Shutting down and abandoning module GameplayDebugger (551)
[2026-05-12T07:50:26.8571237-07:00] [pid=6736] [2026.05.12-14.50.26:857][699]LogModuleManager: Shutting down and abandoning module AITestSuite (549)
[2026-05-12T07:50:26.8571237-07:00] [pid=6736] [2026.05.12-14.50.26:857][699]LogModuleManager: Shutting down and abandoning module NavigationSystem (547)
[2026-05-12T07:50:26.8571237-07:00] [pid=6736] [2026.05.12-14.50.26:857][699]LogModuleManager: Shutting down and abandoning module AnimGraph (544)
[2026-05-12T07:50:26.8571237-07:00] [pid=6736] [2026.05.12-14.50.26:857][699]LogModuleManager: Shutting down and abandoning module SteamVREditor (542)
[2026-05-12T07:50:26.8571237-07:00] [pid=6736] [2026.05.12-14.50.26:857][699]LogModuleManager: Shutting down and abandoning module ToolMenus (541)
[2026-05-12T07:50:26.8571237-07:00] [pid=6736] [2026.05.12-14.50.26:857][699]LogModuleManager: Shutting down and abandoning module OculusMR (538)
[2026-05-12T07:50:26.8571237-07:00] [pid=6736] [2026.05.12-14.50.26:857][699]LogModuleManager: Shutting down and abandoning module TakeRecorderSources (536)
[2026-05-12T07:50:26.8571237-07:00] [pid=6736] [2026.05.12-14.50.26:857][699]LogModuleManager: Shutting down and abandoning module TakeRecorder (535)
[2026-05-12T07:50:26.8571237-07:00] [pid=6736] [2026.05.12-14.50.26:857][699]LogModuleManager: Shutting down and abandoning module TakeTrackRecorders (532)
[2026-05-12T07:50:26.8571237-07:00] [pid=6736] [2026.05.12-14.50.26:857][699]LogModuleManager: Shutting down and abandoning module TakesCore (530)
[2026-05-12T07:50:26.8581305-07:00] [pid=6736] [2026.05.12-14.50.26:857][699]LogModuleManager: Shutting down and abandoning module OpenXRInput (528)
[2026-05-12T07:50:26.8581305-07:00] [pid=6736] [2026.05.12-14.50.26:858][699]LogModuleManager: Shutting down and abandoning module PlanarCut (526)
[2026-05-12T07:50:26.8581305-07:00] [pid=6736] [2026.05.12-14.50.26:858][699]LogModuleManager: Shutting down and abandoning module WmfMediaFactory (524)
[2026-05-12T07:50:26.8581305-07:00] [pid=6736] [2026.05.12-14.50.26:858][699]LogModuleManager: Shutting down and abandoning module WebMMediaFactory (522)
[2026-05-12T07:50:26.8581305-07:00] [pid=6736] [2026.05.12-14.50.26:858][699]LogModuleManager: Shutting down and abandoning module WebMMedia (520)
[2026-05-12T07:50:26.8581305-07:00] [pid=6736] [2026.05.12-14.50.26:858][699]LogModuleManager: Shutting down and abandoning module AvfMediaFactory (518)
[2026-05-12T07:50:26.8581305-07:00] [pid=6736] [2026.05.12-14.50.26:858][699]LogModuleManager: Shutting down and abandoning module OpenExrWrapper (516)
[2026-05-12T07:50:26.8581305-07:00] [pid=6736] [2026.05.12-14.50.26:858][699]LogModuleManager: Shutting down and abandoning module ImgMediaFactory (514)
[2026-05-12T07:50:26.8581305-07:00] [pid=6736] [2026.05.12-14.50.26:858][699]LogModuleManager: Shutting down and abandoning module CharacterAI (512)
[2026-05-12T07:50:26.8581305-07:00] [pid=6736] [2026.05.12-14.50.26:858][699]LogModuleManager: Shutting down and abandoning module MagicLeapMediaCodecFactory (510)
[2026-05-12T07:50:26.8581305-07:00] [pid=6736] [2026.05.12-14.50.26:858][699]LogModuleManager: Shutting down and abandoning module MagicLeapMediaFactory (508)
[2026-05-12T07:50:26.8581305-07:00] [pid=6736] [2026.05.12-14.50.26:858][699]LogModuleManager: Shutting down and abandoning module SessionServices (506)
[2026-05-12T07:50:26.8581305-07:00] [pid=6736] [2026.05.12-14.50.26:858][699]LogModuleManager: Shutting down and abandoning module MovieSceneCapture (504)
[2026-05-12T07:50:26.8581305-07:00] [pid=6736] [2026.05.12-14.50.26:858][699]LogModuleManager: Shutting down and abandoning module LiveCoding (502)
[2026-05-12T07:50:26.8581305-07:00] [pid=6736] [2026.05.12-14.50.26:858][699]LogModuleManager: Shutting down and abandoning module LevelSequence (500)
[2026-05-12T07:50:26.8581305-07:00] [pid=6736] [2026.05.12-14.50.26:858][699]LogModuleManager: Shutting down and abandoning module MovieSceneTracks (498)
[2026-05-12T07:50:26.8581305-07:00] [pid=6736] [2026.05.12-14.50.26:858][699]LogModuleManager: Shutting down and abandoning module MovieScene (496)
[2026-05-12T07:50:26.8581305-07:00] [pid=6736] [2026.05.12-14.50.26:858][699]LogModuleManager: Shutting down and abandoning module StreamingPauseRendering (494)
[2026-05-12T07:50:26.8586406-07:00] [pid=6736] [2026.05.12-14.50.26:858][699]LogModuleManager: Shutting down and abandoning module PortalServices (492)
[2026-05-12T07:50:26.8586406-07:00] [pid=6736] [2026.05.12-14.50.26:858][699]LogModuleManager: Shutting down and abandoning module PortalRpc (490)
[2026-05-12T07:50:26.8586406-07:00] [pid=6736] [2026.05.12-14.50.26:858][699]LogModuleManager: Shutting down and abandoning module MessagingRpc (488)
[2026-05-12T07:50:26.8586406-07:00] [pid=6736] [2026.05.12-14.50.26:858][699]LogModuleManager: Shutting down and abandoning module AudioMixerXAudio2 (486)
[2026-05-12T07:50:26.8586406-07:00] [pid=6736] [2026.05.12-14.50.26:858][699]LogModuleManager: Shutting down and abandoning module AudioMixerCore (485)
[2026-05-12T07:50:26.8586406-07:00] [pid=6736] [2026.05.12-14.50.26:858][699]LogModuleManager: Shutting down and abandoning module ImageWriteQueue (482)
[2026-05-12T07:50:26.8641518-07:00] [pid=6736] [2026.05.12-14.50.26:864][699]LogModuleManager: Shutting down and abandoning module ProfilerService (480)
[2026-05-12T07:50:26.9372843-07:00] [pid=6736] [2026.05.12-14.50.26:937][699]LogModuleManager: Shutting down and abandoning module TaskGraph (478)
[2026-05-12T07:50:26.9378930-07:00] [pid=6736] [2026.05.12-14.50.26:937][699]LogModuleManager: Shutting down and abandoning module OculusInput (476)
[2026-05-12T07:50:26.9378930-07:00] [pid=6736] [2026.05.12-14.50.26:937][699]LogModuleManager: Shutting down and abandoning module TakeMovieScene (474)
[2026-05-12T07:50:26.9378930-07:00] [pid=6736] [2026.05.12-14.50.26:937][699]LogModuleManager: Shutting down and abandoning module LiveLinkSequencer (472)
[2026-05-12T07:50:26.9378930-07:00] [pid=6736] [2026.05.12-14.50.26:937][699]LogModuleManager: Shutting down and abandoning module LiveLinkMovieScene (470)
[2026-05-12T07:50:26.9378930-07:00] [pid=6736] [2026.05.12-14.50.26:937][699]LogModuleManager: Shutting down and abandoning module LiveLinkGraphNode (468)
[2026-05-12T07:50:26.9378930-07:00] [pid=6736] [2026.05.12-14.50.26:937][699]LogModuleManager: Shutting down and abandoning module LiveLinkComponents (466)
[2026-05-12T07:50:26.9378930-07:00] [pid=6736] [2026.05.12-14.50.26:937][699]LogModuleManager: Shutting down and abandoning module LiveLink (464)
[2026-05-12T07:50:27.5558392-07:00] [pid=6736] [2026.05.12-14.50.27:555][699]LogModuleManager: Shutting down and abandoning module Synthesis (462)
[2026-05-12T07:50:27.5558392-07:00] [pid=6736] [2026.05.12-14.50.27:555][699]LogModuleManager: Shutting down and abandoning module ProceduralMeshComponent (460)
[2026-05-12T07:50:27.5558392-07:00] [pid=6736] [2026.05.12-14.50.27:555][699]LogModuleManager: Shutting down and abandoning module MobilePatchingUtils (458)
[2026-05-12T07:50:27.5558392-07:00] [pid=6736] [2026.05.12-14.50.27:555][699]LogModuleManager: Shutting down and abandoning module GooglePAD (456)
[2026-05-12T07:50:27.5558392-07:00] [pid=6736] [2026.05.12-14.50.27:555][699]LogModuleManager: Shutting down and abandoning module EditableMesh (454)
[2026-05-12T07:50:27.5558392-07:00] [pid=6736] [2026.05.12-14.50.27:555][699]LogModuleManager: Shutting down and abandoning module CustomMeshComponent (452)
[2026-05-12T07:50:27.5558392-07:00] [pid=6736] [2026.05.12-14.50.27:555][699]LogModuleManager: Shutting down and abandoning module CableComponent (450)
[2026-05-12T07:50:27.5558392-07:00] [pid=6736] [2026.05.12-14.50.27:555][699]LogModuleManager: Shutting down and abandoning module ArchVisCharacter (448)
[2026-05-12T07:50:27.5558392-07:00] [pid=6736] [2026.05.12-14.50.27:555][699]LogModuleManager: Shutting down and abandoning module AppleImageUtilsBlueprintSupport (446)
[2026-05-12T07:50:27.5558392-07:00] [pid=6736] [2026.05.12-14.50.27:555][699]LogModuleManager: Shutting down and abandoning module AppleImageUtils (444)
[2026-05-12T07:50:27.5568381-07:00] [pid=6736] [2026.05.12-14.50.27:555][699]LogModuleManager: Shutting down and abandoning module AndroidPermission (442)
[2026-05-12T07:50:27.5568381-07:00] [pid=6736] [2026.05.12-14.50.27:556][699]LogModuleManager: Shutting down and abandoning module AssetTags (440)
[2026-05-12T07:50:27.5568381-07:00] [pid=6736] [2026.05.12-14.50.27:556][699]LogModuleManager: Shutting down and abandoning module AudioCapture (438)
[2026-05-12T07:50:27.5568381-07:00] [pid=6736] [2026.05.12-14.50.27:556][699]LogModuleManager: Shutting down and abandoning module AudioCaptureRtAudio (437)
[2026-05-12T07:50:27.5568381-07:00] [pid=6736] [2026.05.12-14.50.27:556][699]LogModuleManager: Shutting down and abandoning module ActorLayerUtilities (434)
[2026-05-12T07:50:27.5568381-07:00] [pid=6736] [2026.05.12-14.50.27:556][699]LogModuleManager: Shutting down and abandoning module TemplateSequence (432)
[2026-05-12T07:50:27.5568381-07:00] [pid=6736] [2026.05.12-14.50.27:556][699]LogModuleManager: Shutting down and abandoning module OpenImageDenoise (430)
[2026-05-12T07:50:27.5568381-07:00] [pid=6736] [2026.05.12-14.50.27:556][699]LogOpenImageDenoise: OIDN shutting down
[2026-05-12T07:50:27.5568381-07:00] [pid=6736] [2026.05.12-14.50.27:556][699]LogModuleManager: Shutting down and abandoning module MotoSynth (428)
[2026-05-12T07:50:27.5568381-07:00] [pid=6736] [2026.05.12-14.50.27:556][699]LogModuleManager: Shutting down and abandoning module GeometryCollectionTracks (426)
[2026-05-12T07:50:27.5568381-07:00] [pid=6736] [2026.05.12-14.50.27:556][699]LogModuleManager: Shutting down and abandoning module GeometryCollectionSequencer (425)
[2026-05-12T07:50:27.5568381-07:00] [pid=6736] [2026.05.12-14.50.27:556][699]LogModuleManager: Shutting down and abandoning module MeshConversion (422)
[2026-05-12T07:50:27.5583486-07:00] [pid=6736] [2026.05.12-14.50.27:556][699]LogModuleManager: Shutting down and abandoning module DynamicMesh (420)
[2026-05-12T07:50:27.5583486-07:00] [pid=6736] [2026.05.12-14.50.27:558][699]LogModuleManager: Shutting down and abandoning module GeometryAlgorithms (418)
[2026-05-12T07:50:27.5583486-07:00] [pid=6736] [2026.05.12-14.50.27:558][699]LogModuleManager: Shutting down and abandoning module GeometricObjects (416)
[2026-05-12T07:50:27.5583486-07:00] [pid=6736] [2026.05.12-14.50.27:558][699]LogModuleManager: Shutting down and abandoning module GeometryCacheTracks (414)
[2026-05-12T07:50:27.5583486-07:00] [pid=6736] [2026.05.12-14.50.27:558][699]LogModuleManager: Shutting down and abandoning module GeometryCacheSequencer (413)
[2026-05-12T07:50:27.5583486-07:00] [pid=6736] [2026.05.12-14.50.27:558][699]LogModuleManager: Shutting down and abandoning module GeometryCache (410)
[2026-05-12T07:50:27.5583486-07:00] [pid=6736] [2026.05.12-14.50.27:558][699]LogModuleManager: Shutting down and abandoning module GeometryCacheEd (409)
[2026-05-12T07:50:27.5583486-07:00] [pid=6736] [2026.05.12-14.50.27:558][699]LogModuleManager: Shutting down and abandoning module MediaCompositing (406)
[2026-05-12T07:50:27.5593687-07:00] [pid=6736] [2026.05.12-14.50.27:558][699]LogModuleManager: Shutting down and abandoning module ImgMedia (404)
[2026-05-12T07:50:27.5593687-07:00] [pid=6736] [2026.05.12-14.50.27:558][699]LogModuleManager: Shutting down and abandoning module ChaosNiagara (402)
[2026-05-12T07:50:27.5593687-07:00] [pid=6736] [2026.05.12-14.50.27:559][699]LogModuleManager: Shutting down and abandoning module FieldSystemEngine (401)
[2026-05-12T07:50:27.5593687-07:00] [pid=6736] [2026.05.12-14.50.27:559][699]LogModuleManager: Shutting down and abandoning module AutomationUtils (398)
[2026-05-12T07:50:27.5593687-07:00] [pid=6736] [2026.05.12-14.50.27:559][699]LogModuleManager: Shutting down and abandoning module BackChannel (396)
[2026-05-12T07:50:27.5593687-07:00] [pid=6736] [2026.05.12-14.50.27:559][699]LogModuleManager: Shutting down and abandoning module MagicLeapLightEstimation (394)
[2026-05-12T07:50:27.5593687-07:00] [pid=6736] [2026.05.12-14.50.27:559][699]LogModuleManager: Shutting down and abandoning module MagicLeapSharedWorld (392)
[2026-05-12T07:50:27.5593687-07:00] [pid=6736] [2026.05.12-14.50.27:559][699]LogModuleManager: Shutting down and abandoning module MagicLeapHelperVulkan (390)
[2026-05-12T07:50:27.5593687-07:00] [pid=6736] [2026.05.12-14.50.27:559][699]LogModuleManager: Shutting down and abandoning module MagicLeapHelperOpenGL (388)
[2026-05-12T07:50:27.5593687-07:00] [pid=6736] [2026.05.12-14.50.27:559][699]LogModuleManager: Shutting down and abandoning module MagicLeapAudio (386)
[2026-05-12T07:50:27.5593687-07:00] [pid=6736] [2026.05.12-14.50.27:559][699]LogModuleManager: Shutting down and abandoning module VisualStudioSourceCodeAccess (384)
[2026-05-12T07:50:27.5593687-07:00] [pid=6736] [2026.05.12-14.50.27:559][699]LogModuleManager: Shutting down and abandoning module HotReload (383)
[2026-05-12T07:50:27.5608807-07:00] [pid=6736] [2026.05.12-14.50.27:560][699]LogModuleManager: Shutting down and abandoning module VisualStudioCodeSourceCodeAccess (380)
[2026-05-12T07:50:27.5608807-07:00] [pid=6736] [2026.05.12-14.50.27:560][699]LogModuleManager: Shutting down and abandoning module UObjectPlugin (378)
[2026-05-12T07:50:27.5608807-07:00] [pid=6736] [2026.05.12-14.50.27:560][699]LogModuleManager: Shutting down and abandoning module SubversionSourceControl (376)
[2026-05-12T07:50:27.5608807-07:00] [pid=6736] [2026.05.12-14.50.27:560][699]LogModuleManager: Shutting down and abandoning module OodleNetworkHandlerComponent (374)
[2026-05-12T07:50:27.5619035-07:00] [pid=6736] [2026.05.12-14.50.27:560][699]LogModuleManager: Shutting down and abandoning module PerforceSourceControl (372)
[2026-05-12T07:50:27.5619035-07:00] [pid=6736] [2026.05.12-14.50.27:561][699]LogModuleManager: Shutting down and abandoning module SourceControl (371)
[2026-05-12T07:50:27.5619035-07:00] [pid=6736] [2026.05.12-14.50.27:561][699]LogModuleManager: Shutting down and abandoning module CLionSourceCodeAccess (368)
[2026-05-12T07:50:27.5619035-07:00] [pid=6736] [2026.05.12-14.50.27:561][699]LogModuleManager: Shutting down and abandoning module testTP (366)
[2026-05-12T07:50:27.5619035-07:00] [pid=6736] [2026.05.12-14.50.27:561][699]LogModuleManager: Shutting down and abandoning module AkAudio (364)
[2026-05-12T07:50:27.5619035-07:00] [pid=6736] <<<_____ ImmerseAudioRenderer _____>>> 
[2026-05-12T07:50:27.5628982-07:00] [pid=6736] WwiseFxNullParams::Term()
[2026-05-12T07:50:27.5628982-07:00] [pid=6736] 
[2026-05-12T07:50:27.5689146-07:00] [pid=26736] <<<_____ ImmerseAudioRenderer _____>>> 
[2026-05-12T07:50:27.5689146-07:00] [pid=26736] RegisterImmerseAudioRendererFX()
[2026-05-12T07:50:27.5689146-07:00] [pid=26736] 
[2026-05-12T07:50:27.5689146-07:00] [pid=26736] <<<_____ ImmerseAudioRenderer _____>>> 
[2026-05-12T07:50:27.5689146-07:00] [pid=26736] CreateImmerseManager
[2026-05-12T07:50:27.5689146-07:00] [pid=26736] 
[2026-05-12T07:50:27.5689146-07:00] [pid=26736] <<<_____ ImmerseAudioRenderer _____>>> 
[2026-05-12T07:50:27.5689146-07:00] [pid=26736] loadAndInitializeImmerseEngine
[2026-05-12T07:50:27.5689146-07:00] [pid=26736] 
[2026-05-12T07:50:27.5814911-07:00] [pid=6736] <<<_____ ImmerseAudioRenderer _____>>> 
[2026-05-12T07:50:27.5814911-07:00] [pid=6736] CreateDestroyImmerseManager
[2026-05-12T07:50:27.5814911-07:00] [pid=6736] 
[2026-05-12T07:50:27.5825041-07:00] [pid=6736] <<<_____ ImmerseAudioRenderer _____>>> 
[2026-05-12T07:50:27.5825041-07:00] [pid=6736] DestroyImmerseManager
[2026-05-12T07:50:27.5825041-07:00] [pid=6736] 
[2026-05-12T07:50:27.5825041-07:00] [pid=6736] [EmbodyLOG] May_12_2026 07:50:27.582 line: 628. ___IMMERSEENGINE___ Immerse_ResetUser 
[2026-05-12T07:50:27.5845175-07:00] [pid=6736] [EmbodyLOG] May_12_2026 07:50:27.584 line: 637. ___IMMERSEENGINE___ Immerse_Terminate 
[2026-05-12T07:50:27.5855177-07:00] [pid=6736] [EmbodyLOG] May_12_2026 07:50:27.585 line: 59. ImmerseCommerceApiHelper::interruptNetwork() - commerce is not initialized! 
[2026-05-12T07:50:27.5880277-07:00] [pid=6736] [EmbodyLOG] May_12_2026 07:50:27.588 line: 1419. calculateLicenseDaysRemaining(): cached=359, elapsed=0, remaining=359 
[2026-05-12T07:50:27.5935809-07:00] [pid=26736] <<<_____ ImmerseAudioRenderer _____>>> 
[2026-05-12T07:50:27.5935809-07:00] [pid=26736] CreateDestroyImmerseManager
[2026-05-12T07:50:27.5935809-07:00] [pid=26736] 
[2026-05-12T07:50:27.5935809-07:00] [pid=26736] <<<_____ ImmerseAudioRenderer _____>>> 
[2026-05-12T07:50:27.5945800-07:00] [pid=26736] CreateImmerseManager
[2026-05-12T07:50:27.5945800-07:00] [pid=26736] 
[2026-05-12T07:50:27.5965841-07:00] [pid=6736] <<<_____ ImmerseAudioRenderer _____>>> 
[2026-05-12T07:50:27.5965841-07:00] [pid=6736] CreateDestroyImmerseManager
[2026-05-12T07:50:27.5965841-07:00] [pid=6736] 
[2026-05-12T07:50:27.5965841-07:00] [pid=6736] <<<_____ ImmerseAudioRenderer _____>>> 
[2026-05-12T07:50:27.5965841-07:00] [pid=6736] DestroyImmerseManager
[2026-05-12T07:50:27.5965841-07:00] [pid=6736] 
[2026-05-12T07:50:27.6016302-07:00] [pid=6736] [2026.05.12-14.50.27:601][699]LogInit: Audiokinetic Audio Device terminated.
[2026-05-12T07:50:27.6016302-07:00] [pid=6736] [2026.05.12-14.50.27:601][699]LogModuleManager: Shutting down and abandoning module SoundFields (362)
[2026-05-12T07:50:27.6016302-07:00] [pid=6736] [2026.05.12-14.50.27:601][699]LogModuleManager: Shutting down and abandoning module SignificanceManager (360)
[2026-05-12T07:50:27.6016302-07:00] [pid=6736] [2026.05.12-14.50.27:601][699]LogModuleManager: Shutting down and abandoning module RuntimePhysXCooking (358)
[2026-05-12T07:50:27.6016302-07:00] [pid=6736] [2026.05.12-14.50.27:601][699]LogModuleManager: Shutting down and abandoning module PropertyAccessEditor (356)
[2026-05-12T07:50:27.6016302-07:00] [pid=6736] [2026.05.12-14.50.27:601][699]LogModuleManager: Shutting down and abandoning module PhysXVehiclesEditor (354)
[2026-05-12T07:50:27.6016302-07:00] [pid=6736] [2026.05.12-14.50.27:601][699]LogModuleManager: Shutting down and abandoning module LocationServicesBPLibrary (350)
[2026-05-12T07:50:27.6016302-07:00] [pid=6736] [2026.05.12-14.50.27:601][699]LogModuleManager: Shutting down and abandoning module AudioSynesthesia (348)
[2026-05-12T07:50:27.6016302-07:00] [pid=6736] [2026.05.12-14.50.27:601][699]LogModuleManager: Shutting down and abandoning module AudioSynesthesiaCore (346)
[2026-05-12T07:50:27.6016302-07:00] [pid=6736] [2026.05.12-14.50.27:601][699]LogModuleManager: Shutting down and abandoning module ActorSequence (344)
[2026-05-12T07:50:27.6016302-07:00] [pid=6736] [2026.05.12-14.50.27:601][699]LogModuleManager: Shutting down and abandoning module PythonScriptPlugin (342)
[2026-05-12T07:50:27.6026411-07:00] [pid=6736] [2026.05.12-14.50.27:601][699]LogModuleManager: Shutting down and abandoning module TcpMessaging (340)
[2026-05-12T07:50:27.6026411-07:00] [pid=6736] [2026.05.12-14.50.27:602][699]LogModuleManager: Shutting down and abandoning module UdpMessaging (338)
[2026-05-12T07:50:27.6026411-07:00] [pid=6736] [2026.05.12-14.50.27:602][699]LogModuleManager: Shutting down and abandoning module ImgMediaEngine (336)
[2026-05-12T07:50:27.6026411-07:00] [pid=6736] [2026.05.12-14.50.27:602][699]LogModuleManager: Shutting down and abandoning module MagicLeapARPin (334)
[2026-05-12T07:50:27.6026411-07:00] [pid=6736] [2026.05.12-14.50.27:602][699]LogModuleManager: Shutting down and abandoning module MagicLeapHandMeshing (332)
[2026-05-12T07:50:27.6026411-07:00] [pid=6736] [2026.05.12-14.50.27:602][699]LogModuleManager: Shutting down and abandoning module MagicLeapSecureStorage (330)
[2026-05-12T07:50:27.6026411-07:00] [pid=6736] [2026.05.12-14.50.27:602][699]LogModuleManager: Shutting down and abandoning module MagicLeapPrivileges (328)
[2026-05-12T07:50:27.6026411-07:00] [pid=6736] [2026.05.12-14.50.27:602][699]LogModuleManager: Shutting down and abandoning module MagicLeapPlanes (326)
[2026-05-12T07:50:27.6026411-07:00] [pid=6736] [2026.05.12-14.50.27:602][699]LogMagicLeapPlanes: Planes tracker already destroyed.
[2026-05-12T07:50:27.6026411-07:00] [pid=6736] [2026.05.12-14.50.27:602][699]LogModuleManager: Shutting down and abandoning module MagicLeapImageTracker (324)
[2026-05-12T07:50:27.6026411-07:00] [pid=6736] [2026.05.12-14.50.27:602][699]LogModuleManager: Shutting down and abandoning module MagicLeapIdentity (322)
[2026-05-12T07:50:27.6026411-07:00] [pid=6736] [2026.05.12-14.50.27:602][699]LogModuleManager: Shutting down and abandoning module MagicLeapHandTracking (320)
[2026-05-12T07:50:27.6026411-07:00] [pid=6736] [2026.05.12-14.50.27:602][699]LogModuleManager: Shutting down and abandoning module MagicLeapEyeTracker (318)
[2026-05-12T07:50:27.6026411-07:00] [pid=6736] [2026.05.12-14.50.27:602][699]LogModuleManager: Shutting down and abandoning module MagicLeapController (316)
[2026-05-12T07:50:27.6026411-07:00] [pid=6736] [2026.05.12-14.50.27:602][699]LogModuleManager: Shutting down and abandoning module MagicLeapARPinImpl (314)
[2026-05-12T07:50:27.6036525-07:00] [pid=6736] [2026.05.12-14.50.27:602][699]LogModuleManager: Shutting down and abandoning module MagicLeapAR (312)
[2026-05-12T07:50:27.6036525-07:00] [pid=6736] [2026.05.12-14.50.27:603][699]LogModuleManager: Shutting down and abandoning module NiagaraAnimNotifies (310)
[2026-05-12T07:50:27.6036525-07:00] [pid=6736] [2026.05.12-14.50.27:603][699]LogModuleManager: Shutting down and abandoning module Niagara (308)
[2026-05-12T07:50:27.6036525-07:00] [pid=6736] [2026.05.12-14.50.27:603][699]LogModuleManager: Shutting down and abandoning module SignalProcessing (307)
[2026-05-12T07:50:27.6036525-07:00] [pid=6736] [2026.05.12-14.50.27:603][699]LogModuleManager: Shutting down and abandoning module NiagaraEditor (305)
[2026-05-12T07:50:27.6036525-07:00] [pid=6736] [2026.05.12-14.50.27:603][699]LogModuleManager: Shutting down and abandoning module ContentBrowser (304)
[2026-05-12T07:50:27.6036525-07:00] [pid=6736] [2026.05.12-14.50.27:603][699]LogModuleManager: Shutting down and abandoning module CollectionManager (303)
[2026-05-12T07:50:27.6046510-07:00] [pid=6736] [2026.05.12-14.50.27:604][699]LogModuleManager: Shutting down and abandoning module DirectoryWatcher (302)
[2026-05-12T07:50:27.6046510-07:00] [pid=6736] [2026.05.12-14.50.27:604][699]LogModuleManager: Shutting down and abandoning module ContentBrowserData (299)
[2026-05-12T07:50:27.6046510-07:00] [pid=6736] [2026.05.12-14.50.27:604][699]LogModuleManager: Shutting down and abandoning module NiagaraCore (294)
[2026-05-12T07:50:27.6046510-07:00] [pid=6736] [2026.05.12-14.50.27:604][699]LogModuleManager: Shutting down and abandoning module FacialAnimation (292)
[2026-05-12T07:50:27.6046510-07:00] [pid=6736] [2026.05.12-14.50.27:604][699]LogModuleManager: Shutting down and abandoning module GameplayTagsEditor (290)
[2026-05-12T07:50:27.6046510-07:00] [pid=6736] [2026.05.12-14.50.27:604][699]LogModuleManager: Shutting down and abandoning module AssetManagerEditor (288)
[2026-05-12T07:50:27.6046510-07:00] [pid=6736] [2026.05.12-14.50.27:604][699]LogModuleManager: Shutting down and abandoning module TreeMap (287)
[2026-05-12T07:50:27.6046510-07:00] [pid=6736] [2026.05.12-14.50.27:604][699]LogModuleManager: Shutting down and abandoning module EnvironmentQueryEditor (284)
[2026-05-12T07:50:27.6046510-07:00] [pid=6736] [2026.05.12-14.50.27:604][699]LogModuleManager: Shutting down and abandoning module PropertyAccessNode (282)
[2026-05-12T07:50:27.6046510-07:00] [pid=6736] [2026.05.12-14.50.27:604][699]LogModuleManager: Shutting down and abandoning module LightPropagationVolumeRuntime (280)
[2026-05-12T07:50:27.6046510-07:00] [pid=6736] [2026.05.12-14.50.27:604][699]LogModuleManager: Shutting down and abandoning module AnimationSharing (278)
[2026-05-12T07:50:27.6056554-07:00] [pid=6736] [2026.05.12-14.50.27:604][699]LogModuleManager: Shutting down and abandoning module GameplayCameras (276)
[2026-05-12T07:50:27.6056554-07:00] [pid=6736] [2026.05.12-14.50.27:604][699]LogModuleManager: Shutting down and abandoning module Paper2D (274)
[2026-05-12T07:50:27.6056554-07:00] [pid=6736] [2026.05.12-14.50.27:605][699]LogModuleManager: Shutting down and abandoning module WindowsMoviePlayer (272)
[2026-05-12T07:50:27.6056554-07:00] [pid=6736] [2026.05.12-14.50.27:605][699]LogModuleManager: Shutting down and abandoning module WebMMoviePlayer (270)
[2026-05-12T07:50:27.6056554-07:00] [pid=6736] [2026.05.12-14.50.27:605][699]LogModuleManager: Shutting down and abandoning module NetworkReplayStreaming (268)
[2026-05-12T07:50:27.6056554-07:00] [pid=6736] [2026.05.12-14.50.27:605][699]LogModuleManager: Shutting down and abandoning module PacketHandler (266)
[2026-05-12T07:50:27.6056554-07:00] [pid=6736] [2026.05.12-14.50.27:605][699]LogModuleManager: Shutting down and abandoning module ClothingSystemEditor (264)
[2026-05-12T07:50:27.6056554-07:00] [pid=6736] [2026.05.12-14.50.27:605][699]LogModuleManager: Shutting down and abandoning module ClothingSystemRuntimeNv (262)
[2026-05-12T07:50:27.6056554-07:00] [pid=6736] [2026.05.12-14.50.27:605][699]LogModuleManager: Shutting down and abandoning module MediaAssets (260)
[2026-05-12T07:50:27.6056554-07:00] [pid=6736] [2026.05.12-14.50.27:605][699]LogModuleManager: Shutting down and abandoning module Overlay (258)
[2026-05-12T07:50:27.6056554-07:00] [pid=6736] [2026.05.12-14.50.27:605][699]LogModuleManager: Shutting down and abandoning module OverlayEditor (257)
[2026-05-12T07:50:27.6056554-07:00] [pid=6736] [2026.05.12-14.50.27:605][699]LogModuleManager: Shutting down and abandoning module VREditor (254)
[2026-05-12T07:50:27.6056554-07:00] [pid=6736] [2026.05.12-14.50.27:605][699]LogModuleManager: Shutting down and abandoning module StringTableEditor (252)
[2026-05-12T07:50:27.6066534-07:00] [pid=6736] [2026.05.12-14.50.27:605][699]LogModuleManager: Shutting down and abandoning module GameplayTasksEditor (250)
[2026-05-12T07:50:27.6066534-07:00] [pid=6736] [2026.05.12-14.50.27:606][699]LogModuleManager: Shutting down and abandoning module BehaviorTreeEditor (248)
[2026-05-12T07:50:27.6066534-07:00] [pid=6736] [2026.05.12-14.50.27:606][699]LogModuleManager: Shutting down and abandoning module FunctionalTesting (246)
[2026-05-12T07:50:27.6066534-07:00] [pid=6736] [2026.05.12-14.50.27:606][699]LogModuleManager: Shutting down and abandoning module CollisionAnalyzer (244)
[2026-05-12T07:50:27.6066534-07:00] [pid=6736] [2026.05.12-14.50.27:606][699]LogModuleManager: Shutting down and abandoning module WorkspaceMenuStructure (243)
[2026-05-12T07:50:27.6066534-07:00] [pid=6736] [2026.05.12-14.50.27:606][699]LogModuleManager: Shutting down and abandoning module UMG (240)
[2026-05-12T07:50:27.6066534-07:00] [pid=6736] [2026.05.12-14.50.27:606][699]LogModuleManager: Shutting down and abandoning module UMGEditor (239)
[2026-05-12T07:50:27.6066534-07:00] [pid=6736] [2026.05.12-14.50.27:606][699]LogModuleManager: Shutting down and abandoning module Sequencer (238)
[2026-05-12T07:50:27.6066534-07:00] [pid=6736] [2026.05.12-14.50.27:606][699]LogModuleManager: Shutting down and abandoning module MessageLog (235)
[2026-05-12T07:50:27.6066534-07:00] [pid=6736] [2026.05.12-14.50.27:606][699]LogModuleManager: Shutting down and abandoning module SlateReflector (230)
[2026-05-12T07:50:27.6066534-07:00] [pid=6736] [2026.05.12-14.50.27:606][699]LogModuleManager: Shutting down and abandoning module Slate (228)
[2026-05-12T07:50:27.6066534-07:00] [pid=6736] [2026.05.12-14.50.27:606][699]LogModuleManager: Shutting down and abandoning module SlateCore (226)
[2026-05-12T07:50:27.6081643-07:00] [pid=6736] [2026.05.12-14.50.27:608][699]LogModuleManager: Shutting down and abandoning module LandscapeEditorUtilities (224)
[2026-05-12T07:50:27.6081643-07:00] [pid=6736] [2026.05.12-14.50.27:608][699]LogModuleManager: Shutting down and abandoning module UnrealEd (222)
[2026-05-12T07:50:27.6081643-07:00] [pid=6736] [2026.05.12-14.50.27:608][699]LogModuleManager: Shutting down and abandoning module MRMesh (220)
[2026-05-12T07:50:27.6081643-07:00] [pid=6736] [2026.05.12-14.50.27:608][699]LogModuleManager: Shutting down and abandoning module Messaging (218)
[2026-05-12T07:50:27.6081643-07:00] [pid=6736] [2026.05.12-14.50.27:608][699]LogModuleManager: Shutting down and abandoning module SourceCodeAccess (216)
[2026-05-12T07:50:27.6081643-07:00] [pid=6736] [2026.05.12-14.50.27:608][699]LogModuleManager: Shutting down and abandoning module HeadMountedDisplay (214)
[2026-05-12T07:50:27.6081643-07:00] [pid=6736] [2026.05.12-14.50.27:608][699]LogModuleManager: Shutting down and abandoning module XAudio2 (212)
[2026-05-12T07:50:27.6081643-07:00] [pid=6736] [2026.05.12-14.50.27:608][699]LogModuleManager: Shutting down and abandoning module Networking (210)
[2026-05-12T07:50:27.6081643-07:00] [pid=6736] [2026.05.12-14.50.27:608][699]LogModuleManager: Shutting down and abandoning module Core (208)
[2026-05-12T07:50:27.6081643-07:00] [pid=6736] [2026.05.12-14.50.27:608][699]LogModuleManager: Shutting down and abandoning module MaterialEditor (206)
[2026-05-12T07:50:27.6081643-07:00] [pid=6736] [2026.05.12-14.50.27:608][699]LogModuleManager: Shutting down and abandoning module MovieSceneTools (204)
[2026-05-12T07:50:27.6081643-07:00] [pid=6736] [2026.05.12-14.50.27:608][699]LogModuleManager: Shutting down and abandoning module EditorStyle (203)
[2026-05-12T07:50:27.6091774-07:00] [pid=6736] [2026.05.12-14.50.27:609][699]LogModuleManager: Shutting down and abandoning module KismetCompiler (200)
[2026-05-12T07:50:27.6091774-07:00] [pid=6736] [2026.05.12-14.50.27:609][699]LogModuleManager: Shutting down and abandoning module MeshBuilder (198)
[2026-05-12T07:50:27.6091774-07:00] [pid=6736] [2026.05.12-14.50.27:609][699]LogModuleManager: Shutting down and abandoning module MeshUtilities (196)
[2026-05-12T07:50:27.6091774-07:00] [pid=6736] [2026.05.12-14.50.27:609][699]LogModuleManager: Shutting down and abandoning module MeshMergeUtilities (195)
[2026-05-12T07:50:27.6091774-07:00] [pid=6736] [2026.05.12-14.50.27:609][699]LogModuleManager: Shutting down and abandoning module MeshReductionInterface (194)
[2026-05-12T07:50:27.6091774-07:00] [pid=6736] [2026.05.12-14.50.27:609][699]LogModuleManager: Shutting down and abandoning module MeshBoneReduction (193)
[2026-05-12T07:50:27.6091774-07:00] [pid=6736] [2026.05.12-14.50.27:609][699]LogModuleManager: Shutting down and abandoning module SkeletalMeshReduction (191)
[2026-05-12T07:50:27.6091774-07:00] [pid=6736] [2026.05.12-14.50.27:609][699]LogModuleManager: Shutting down and abandoning module ProxyLODMeshReduction (189)
[2026-05-12T07:50:27.6091774-07:00] [pid=6736] [2026.05.12-14.50.27:609][699]LogModuleManager: Shutting down and abandoning module QuadricMeshReduction (187)
[2026-05-12T07:50:27.6091774-07:00] [pid=6736] [2026.05.12-14.50.27:609][699]LogModuleManager: Shutting down and abandoning module MaterialBaking (183)
[2026-05-12T07:50:27.6091774-07:00] [pid=6736] [2026.05.12-14.50.27:609][699]LogModuleManager: Shutting down and abandoning module NullInstallBundleManager (178)
[2026-05-12T07:50:27.6091774-07:00] [pid=6736] [2026.05.12-14.50.27:609][699]LogModuleManager: Shutting down and abandoning module PIEPreviewDeviceProfileSelector (176)
[2026-05-12T07:50:27.6091774-07:00] [pid=6736] [2026.05.12-14.50.27:609][699]LogModuleManager: Shutting down and abandoning module DerivedDataCache (174)
[2026-05-12T07:50:27.6091774-07:00] [pid=6736] [2026.05.12-14.50.27:609][699]LogModuleManager: Shutting down and abandoning module TargetPlatform (172)
[2026-05-12T07:50:27.6091774-07:00] [pid=6736] [2026.05.12-14.50.27:609][699]LogModuleManager: Shutting down and abandoning module VulkanShaderFormat (171)
[2026-05-12T07:50:27.6091774-07:00] [pid=6736] [2026.05.12-14.50.27:609][699]LogModuleManager: Shutting down and abandoning module ShaderFormatVectorVM (169)
[2026-05-12T07:50:27.6091774-07:00] [pid=6736] [2026.05.12-14.50.27:609][699]LogModuleManager: Shutting down and abandoning module ShaderFormatOpenGL (167)
[2026-05-12T07:50:27.6091774-07:00] [pid=6736] [2026.05.12-14.50.27:609][699]LogModuleManager: Shutting down and abandoning module ShaderFormatD3D (165)
[2026-05-12T07:50:27.6091774-07:00] [pid=6736] [2026.05.12-14.50.27:609][699]LogModuleManager: Shutting down and abandoning module MetalShaderFormat (163)
[2026-05-12T07:50:27.6091774-07:00] [pid=6736] [2026.05.12-14.50.27:609][699]LogModuleManager: Shutting down and abandoning module TextureFormatOodle (161)
[2026-05-12T07:50:27.6091774-07:00] [pid=6736] [2026.05.12-14.50.27:609][699]LogModuleManager: Shutting down and abandoning module TextureFormatUncompressed (159)
[2026-05-12T07:50:27.6091774-07:00] [pid=6736] [2026.05.12-14.50.27:609][699]LogModuleManager: Shutting down and abandoning module TextureFormatPVR (157)
[2026-05-12T07:50:27.6091774-07:00] [pid=6736] [2026.05.12-14.50.27:609][699]LogModuleManager: Shutting down and abandoning module TextureFormatETC2 (155)
[2026-05-12T07:50:27.6091774-07:00] [pid=6736] [2026.05.12-14.50.27:609][699]LogModuleManager: Shutting down and abandoning module TextureFormatDXT (153)
[2026-05-12T07:50:27.6091774-07:00] [pid=6736] [2026.05.12-14.50.27:609][699]LogModuleManager: Shutting down and abandoning module TextureFormatIntelISPCTexComp (151)
[2026-05-12T07:50:27.6091774-07:00] [pid=6736] [2026.05.12-14.50.27:609][699]LogModuleManager: Shutting down and abandoning module TextureFormatASTC (149)
[2026-05-12T07:50:27.6091774-07:00] [pid=6736] [2026.05.12-14.50.27:609][699]LogModuleManager: Shutting down and abandoning module ImageWrapper (148)
[2026-05-12T07:50:27.6101923-07:00] [pid=6736] [2026.05.12-14.50.27:609][699]LogModuleManager: Shutting down and abandoning module AudioFormatOpus (145)
[2026-05-12T07:50:27.6101923-07:00] [pid=6736] [2026.05.12-14.50.27:610][699]LogModuleManager: Shutting down and abandoning module AudioFormatOgg (143)
[2026-05-12T07:50:27.6101923-07:00] [pid=6736] [2026.05.12-14.50.27:610][699]LogModuleManager: Shutting down and abandoning module AudioFormatADPCM (141)
[2026-05-12T07:50:27.6101923-07:00] [pid=6736] [2026.05.12-14.50.27:610][699]LogModuleManager: Shutting down and abandoning module WindowsServerTargetPlatform (139)
[2026-05-12T07:50:27.6101923-07:00] [pid=6736] [2026.05.12-14.50.27:610][699]LogModuleManager: Shutting down and abandoning module WindowsClientTargetPlatform (137)
[2026-05-12T07:50:27.6101923-07:00] [pid=6736] [2026.05.12-14.50.27:610][699]LogModuleManager: Shutting down and abandoning module WindowsTargetPlatform (135)
[2026-05-12T07:50:27.6101923-07:00] [pid=6736] [2026.05.12-14.50.27:610][699]LogModuleManager: Shutting down and abandoning module WindowsNoEditorTargetPlatform (133)
[2026-05-12T07:50:27.6101923-07:00] [pid=6736] [2026.05.12-14.50.27:610][699]LogModuleManager: Shutting down and abandoning module D3D11RHI (130)
[2026-05-12T07:50:27.6101923-07:00] [pid=6736] [2026.05.12-14.50.27:610][699]LogModuleManager: Shutting down and abandoning module InputCore (128)
[2026-05-12T07:50:27.6101923-07:00] [pid=6736] [2026.05.12-14.50.27:610][699]LogModuleManager: Shutting down and abandoning module Settings (126)
[2026-05-12T07:50:27.6101923-07:00] [pid=6736] [2026.05.12-14.50.27:610][699]LogModuleManager: Shutting down and abandoning module PhysXCooking (124)
[2026-05-12T07:50:27.6101923-07:00] [pid=6736] [2026.05.12-14.50.27:610][699]LogModuleManager: Shutting down and abandoning module Chaos (122)
[2026-05-12T07:50:27.6101923-07:00] [pid=6736] [2026.05.12-14.50.27:610][699]LogModuleManager: Shutting down and abandoning module WindowsPlatformFeatures (120)
[2026-05-12T07:50:27.6101923-07:00] [pid=6736] [2026.05.12-14.50.27:610][699]LogModuleManager: Shutting down and abandoning module GameplayMediaEncoder (119)
[2026-05-12T07:50:27.6101923-07:00] [pid=6736] [2026.05.12-14.50.27:610][699]LogModuleManager: Shutting down and abandoning module AVEncoder (118)
[2026-05-12T07:50:27.6101923-07:00] [pid=6736] [2026.05.12-14.50.27:610][699]LogModuleManager: Shutting down and abandoning module SteamVRInputDevice (114)
[2026-05-12T07:50:27.6101923-07:00] [pid=6736] [2026.05.12-14.50.27:610][699]LogModuleManager: Shutting down and abandoning module SteamVRInput (112)
[2026-05-12T07:50:27.6101923-07:00] [pid=6736] [2026.05.12-14.50.27:610][699]LogModuleManager: Shutting down and abandoning module SteamVR (110)
[2026-05-12T07:50:27.6101923-07:00] [pid=6736] [2026.05.12-14.50.27:610][699]LogHMD: Freeing OpenVRDLLHandle.
[2026-05-12T07:50:27.6101923-07:00] [pid=6736] [2026.05.12-14.50.27:610][699]LogModuleManager: Shutting down and abandoning module OculusHMD (108)
[2026-05-12T07:50:27.6101923-07:00] [pid=6736] [2026.05.12-14.50.27:610][699]LogModuleManager: Shutting down and abandoning module OpenXRAR (106)
[2026-05-12T07:50:27.6101923-07:00] [pid=6736] [2026.05.12-14.50.27:610][699]LogModuleManager: Shutting down and abandoning module AugmentedReality (105)
[2026-05-12T07:50:27.6101923-07:00] [pid=6736] [2026.05.12-14.50.27:610][699]LogModuleManager: Shutting down and abandoning module OpenXRHandTracking (102)
[2026-05-12T07:50:27.6101923-07:00] [pid=6736] [2026.05.12-14.50.27:610][699]LogSlate: Slate User Destroyed.  User Index 0, Is Virtual User: 0
[2026-05-12T07:50:27.6101923-07:00] [pid=6736] [2026.05.12-14.50.27:610][699]LogModuleManager: Shutting down and abandoning module OpenXRHMD (101)
[2026-05-12T07:50:27.6101923-07:00] [pid=6736] [2026.05.12-14.50.27:610][699]LogModuleManager: Shutting down and abandoning module OpenXREyeTracker (98)
[2026-05-12T07:50:27.6101923-07:00] [pid=6736] [2026.05.12-14.50.27:610][699]LogModuleManager: Shutting down and abandoning module ExampleDeviceProfileSelector (96)
[2026-05-12T07:50:27.6101923-07:00] [pid=6736] [2026.05.12-14.50.27:610][699]LogModuleManager: Shutting down and abandoning module ChunkDownloader (94)
[2026-05-12T07:50:27.6101923-07:00] [pid=6736] [2026.05.12-14.50.27:610][699]LogModuleManager: Shutting down and abandoning module LauncherChunkInstaller (92)
[2026-05-12T07:50:27.6101923-07:00] [pid=6736] [2026.05.12-14.50.27:610][699]LogModuleManager: Shutting down and abandoning module OnlineBlueprintSupport (90)
[2026-05-12T07:50:27.6101923-07:00] [pid=6736] [2026.05.12-14.50.27:610][699]LogModuleManager: Shutting down and abandoning module OnlineSubsystem (86)
[2026-05-12T07:50:27.6116817-07:00] [pid=6736] [2026.05.12-14.50.27:611][699]LogModuleManager: Shutting down and abandoning module XMPP (81)
[2026-05-12T07:50:27.6116817-07:00] [pid=6736] [2026.05.12-14.50.27:611][699]LogModuleManager: Shutting down and abandoning module WebSockets (80)
[2026-05-12T07:50:27.6373243-07:00] [pid=26736] <<<_____ ImmerseAudioRenderer _____>>> 
[2026-05-12T07:50:27.6373243-07:00] [pid=26736] CreateImmerseAudioRendererFXParams()
[2026-05-12T07:50:27.6373243-07:00] [pid=26736] 
[2026-05-12T07:50:27.6373243-07:00] [pid=26736] <<<_____ ImmerseAudioRenderer _____>>> 
[2026-05-12T07:50:27.6373243-07:00] [pid=26736] WwiseFxNullParams::Init()
[2026-05-12T07:50:27.6373243-07:00] [pid=26736] 
[2026-05-12T07:50:27.6373243-07:00] [pid=26736] <<<_____ ImmerseAudioRenderer _____>>> 
[2026-05-12T07:50:27.6373243-07:00] [pid=26736] WwiseFxNullParams::SetParam()
[2026-05-12T07:50:27.6373243-07:00] [pid=26736] 
[2026-05-12T07:50:27.6373243-07:00] [pid=26736] <<<_____ ImmerseAudioRenderer _____>>> 
[2026-05-12T07:50:27.6373243-07:00] [pid=26736] WwiseFxNullParams::SetParam()
[2026-05-12T07:50:27.6373243-07:00] [pid=26736] 
[2026-05-12T07:50:27.6373243-07:00] [pid=26736] <<<_____ ImmerseAudioRenderer _____>>> 
[2026-05-12T07:50:27.6373243-07:00] [pid=26736] WwiseFxNullParams::SetParam()
[2026-05-12T07:50:27.6373243-07:00] [pid=26736] 
[2026-05-12T07:50:27.6373243-07:00] [pid=26736] <<<_____ ImmerseAudioRenderer _____>>> 
[2026-05-12T07:50:27.6373243-07:00] [pid=26736] WwiseFxNullParams::SetParam()
[2026-05-12T07:50:27.6373243-07:00] [pid=26736] 
[2026-05-12T07:50:27.6373243-07:00] [pid=26736] <<<_____ ImmerseAudioRenderer _____>>> 
[2026-05-12T07:50:27.6373243-07:00] [pid=26736] WwiseFxNullParams::SetParam()
[2026-05-12T07:50:27.6373243-07:00] [pid=26736] 
[2026-05-12T07:50:27.6373243-07:00] [pid=26736] <<<_____ ImmerseAudioRenderer _____>>> 
[2026-05-12T07:50:27.6383430-07:00] [pid=26736] WwiseFxNullParams::SetParam()
[2026-05-12T07:50:27.6383430-07:00] [pid=26736] 
[2026-05-12T07:50:27.6383430-07:00] [pid=26736] <<<_____ ImmerseAudioRenderer _____>>> 
[2026-05-12T07:50:27.6383430-07:00] [pid=26736] WwiseFxNullParams::SetParam()
[2026-05-12T07:50:27.6383430-07:00] [pid=26736] 
[2026-05-12T07:50:27.6383430-07:00] [pid=26736] <<<_____ ImmerseAudioRenderer _____>>> 
[2026-05-12T07:50:27.6383430-07:00] [pid=26736] WwiseFxNullParams::SetParam()
[2026-05-12T07:50:27.6383430-07:00] [pid=26736] 
[2026-05-12T07:50:27.6383430-07:00] [pid=26736] <<<_____ ImmerseAudioRenderer _____>>> 
[2026-05-12T07:50:27.6383430-07:00] [pid=26736] WwiseFxNullParams::SetParam()
[2026-05-12T07:50:27.6383430-07:00] [pid=26736] 
[2026-05-12T07:50:27.6383430-07:00] [pid=26736] <<<_____ ImmerseAudioRenderer _____>>> 
[2026-05-12T07:50:27.6383430-07:00] [pid=26736] WwiseFxNullParams::ApplyParam()
[2026-05-12T07:50:27.6383430-07:00] [pid=26736] 
[2026-05-12T07:50:27.6383430-07:00] [pid=26736] <<<_____ ImmerseAudioRenderer _____>>> 
[2026-05-12T07:50:27.6383430-07:00] [pid=26736] WwiseFxNullParams::ApplyParam()
[2026-05-12T07:50:27.6383430-07:00] [pid=26736] 
[2026-05-12T07:50:27.6383430-07:00] [pid=26736] <<<_____ ImmerseAudioRenderer _____>>> 
[2026-05-12T07:50:27.6383430-07:00] [pid=26736] WwiseFxNullParams::ApplyParam()
[2026-05-12T07:50:27.6383430-07:00] [pid=26736] 
[2026-05-12T07:50:27.6383430-07:00] [pid=26736] <<<_____ ImmerseAudioRenderer _____>>> 
[2026-05-12T07:50:27.6383430-07:00] [pid=26736] WwiseFxNullParams::ApplyParam()
[2026-05-12T07:50:27.6383430-07:00] [pid=26736] 
[2026-05-12T07:50:27.6383430-07:00] [pid=26736] <<<_____ ImmerseAudioRenderer _____>>> 
[2026-05-12T07:50:27.6383430-07:00] [pid=26736] WwiseFxNullParams::ApplyParam()
[2026-05-12T07:50:27.6383430-07:00] [pid=26736] 
[2026-05-12T07:50:27.6383430-07:00] [pid=26736] <<<_____ ImmerseAudioRenderer _____>>> 
[2026-05-12T07:50:27.6383430-07:00] [pid=26736] WwiseFxNullParams::ApplyParam()
[2026-05-12T07:50:27.6383430-07:00] [pid=26736] 
[2026-05-12T07:50:27.6383430-07:00] [pid=26736] <<<_____ ImmerseAudioRenderer _____>>> 
[2026-05-12T07:50:27.6383430-07:00] [pid=26736] WwiseFxNullParams::ApplyParam()
[2026-05-12T07:50:27.6383430-07:00] [pid=26736] 
[2026-05-12T07:50:27.6383430-07:00] [pid=26736] <<<_____ ImmerseAudioRenderer _____>>> 
[2026-05-12T07:50:27.6383430-07:00] [pid=26736] WwiseFxNullParams::ApplyParam()
[2026-05-12T07:50:27.6383430-07:00] [pid=26736] 
[2026-05-12T07:50:27.6383430-07:00] [pid=26736] <<<_____ ImmerseAudioRenderer _____>>> 
[2026-05-12T07:50:27.6393273-07:00] [pid=26736] WwiseFxNullParams::ApplyParam()
[2026-05-12T07:50:27.6393273-07:00] [pid=26736] 
[2026-05-12T07:50:27.6408437-07:00] [pid=6736] [2026.05.12-14.50.27:640][699]LogModuleManager: Shutting down and abandoning module HTTP (77)
[2026-05-12T07:50:27.6408437-07:00] [pid=6736] [2026.05.12-14.50.27:640][699]LogHttp: Display: cleaning up 0 outstanding Http requests.
[2026-05-12T07:50:27.6745290-07:00] [pid=6736] [2026.05.12-14.50.27:673][699]LogModuleManager: Shutting down and abandoning module SSL (76)
[2026-05-12T07:50:27.6755357-07:00] [pid=6736] [2026.05.12-14.50.27:675][699]LogModuleManager: Shutting down and abandoning module WmfMedia (72)
[2026-05-12T07:50:27.6780534-07:00] [pid=6736] [2026.05.12-14.50.27:678][699]LogModuleManager: Shutting down and abandoning module Media (71)
[2026-05-12T07:50:27.6790737-07:00] [pid=6736] [2026.05.12-14.50.27:679][699]LogModuleManager: Shutting down and abandoning module MediaInfo (70)
[2026-05-12T07:50:27.6790737-07:00] [pid=6736] [2026.05.12-14.50.27:679][699]LogModuleManager: Shutting down and abandoning module ExrReaderGpu (66)
[2026-05-12T07:50:27.6800740-07:00] [pid=6736] [2026.05.12-14.50.27:679][699]LogModuleManager: Shutting down and abandoning module ChaosCloth (64)
[2026-05-12T07:50:27.6800740-07:00] [pid=6736] [2026.05.12-14.50.27:680][699]LogModuleManager: Shutting down and abandoning module MLSDK (62)
[2026-05-12T07:50:27.6800740-07:00] [pid=6736] [2026.05.12-14.50.27:680][699]LogModuleManager: Shutting down and abandoning module MagicLeap (60)
[2026-05-12T07:50:27.6800740-07:00] [pid=6736] [2026.05.12-14.50.27:680][699]LogModuleManager: Shutting down and abandoning module VariantManagerContent (58)
[2026-05-12T07:50:27.6800740-07:00] [pid=6736] [2026.05.12-14.50.27:680][699]LogModuleManager: Shutting down and abandoning module DatasmithContent (56)
[2026-05-12T07:50:27.6815861-07:00] [pid=6736] [2026.05.12-14.50.27:681][699]LogModuleManager: Shutting down and abandoning module NiagaraVertexFactories (54)
[2026-05-12T07:50:27.6815861-07:00] [pid=6736] [2026.05.12-14.50.27:681][699]LogModuleManager: Shutting down and abandoning module NiagaraShader (52)
[2026-05-12T07:50:27.6815861-07:00] [pid=6736] [2026.05.12-14.50.27:681][699]LogModuleManager: Shutting down and abandoning module PixWinPlugin (50)
[2026-05-12T07:50:27.6815861-07:00] [pid=6736] [2026.05.12-14.50.27:681][699]LogModuleManager: Shutting down and abandoning module AISupportModule (48)
[2026-05-12T07:50:27.6815861-07:00] [pid=6736] [2026.05.12-14.50.27:681][699]LogModuleManager: Shutting down and abandoning module PlatformCryptoOpenSSL (46)
[2026-05-12T07:50:27.6815861-07:00] [pid=6736] [2026.05.12-14.50.27:681][699]LogModuleManager: Shutting down and abandoning module PlatformCryptoTypes (44)
[2026-05-12T07:50:27.6815861-07:00] [pid=6736] [2026.05.12-14.50.27:681][699]LogModuleManager: Shutting down and abandoning module PlatformCrypto (42)
[2026-05-12T07:50:27.6815861-07:00] [pid=6736] [2026.05.12-14.50.27:681][699]LogModuleManager: Shutting down and abandoning module PythonScriptPluginPreload (40)
[2026-05-12T07:50:27.6815861-07:00] [pid=6736] [2026.05.12-14.50.27:681][699]LogModuleManager: Shutting down and abandoning module OodleDataCompressionFormat (38)
[2026-05-12T07:50:27.6815861-07:00] [pid=6736] [2026.05.12-14.50.27:681][699]LogModuleManager: Shutting down and abandoning module XGEController (36)
[2026-05-12T07:50:27.6826038-07:00] [pid=6736] [2026.05.12-14.50.27:681][699]LogXGEController: Cleaning working directory: C:/Users/kapil/AppData/Local/Temp/UnrealXGEWorkingDir/
[2026-05-12T07:50:27.6826038-07:00] [pid=6736] [2026.05.12-14.50.27:682][699]LogModuleManager: Shutting down and abandoning module AnimationModifiers (34)
[2026-05-12T07:50:27.6826038-07:00] [pid=6736] [2026.05.12-14.50.27:682][699]LogModuleManager: Shutting down and abandoning module AudioEditor (32)
[2026-05-12T07:50:27.6826038-07:00] [pid=6736] [2026.05.12-14.50.27:682][699]LogModuleManager: Shutting down and abandoning module PropertyEditor (31)
[2026-05-12T07:50:27.6836183-07:00] [pid=6736] [2026.05.12-14.50.27:682][699]LogModuleManager: Shutting down and abandoning module TextureCompressor (28)
[2026-05-12T07:50:27.6836183-07:00] [pid=6736] [2026.05.12-14.50.27:683][699]LogModuleManager: Shutting down and abandoning module RenderCore (26)
[2026-05-12T07:50:27.6836183-07:00] [pid=6736] [2026.05.12-14.50.27:683][699]LogModuleManager: Shutting down and abandoning module Landscape (24)
[2026-05-12T07:50:27.6836183-07:00] [pid=6736] [2026.05.12-14.50.27:683][699]LogModuleManager: Shutting down and abandoning module SlateRHIRenderer (22)
[2026-05-12T07:50:27.6836183-07:00] [pid=6736] [2026.05.12-14.50.27:683][699]LogModuleManager: Shutting down and abandoning module AnimGraphRuntime (20)
[2026-05-12T07:50:27.6836183-07:00] [pid=6736] [2026.05.12-14.50.27:683][699]LogModuleManager: Shutting down and abandoning module Renderer (18)
[2026-05-12T07:50:27.6846177-07:00] [pid=6736] [2026.05.12-14.50.27:683][699]LogModuleManager: Shutting down and abandoning module Engine (16)
[2026-05-12T07:50:27.6846177-07:00] [pid=6736] [2026.05.12-14.50.27:684][699]LogModuleManager: Shutting down and abandoning module CoreUObject (14)
[2026-05-12T07:50:27.6846177-07:00] [pid=6736] [2026.05.12-14.50.27:684][699]LogModuleManager: Shutting down and abandoning module NetworkFile (12)
[2026-05-12T07:50:27.6846177-07:00] [pid=6736] [2026.05.12-14.50.27:684][699]LogModuleManager: Shutting down and abandoning module CookedIterativeFile (10)
[2026-05-12T07:50:27.6846177-07:00] [pid=6736] [2026.05.12-14.50.27:684][699]LogModuleManager: Shutting down and abandoning module StreamingFile (8)
[2026-05-12T07:50:27.6846177-07:00] [pid=6736] [2026.05.12-14.50.27:684][699]LogModuleManager: Shutting down and abandoning module SandboxFile (6)
[2026-05-12T07:50:27.6846177-07:00] [pid=6736] [2026.05.12-14.50.27:684][699]LogModuleManager: Shutting down and abandoning module PakFile (4)
[2026-05-12T07:50:27.6846177-07:00] [pid=6736] [2026.05.12-14.50.27:684][699]LogModuleManager: Shutting down and abandoning module RSA (3)
[2026-05-12T07:50:28.0192790-07:00] [pid=6736] [2026.05.12-14.50.28:019][699]LogContentStreaming: Display: There are 1 unreleased StreamingManagers
[2026-05-12T07:50:28.0408754-07:00] [pid=6736] [2026.05.12-14.50.28:040][699]LogD3D11RHI: Shutdown
[2026-05-12T07:50:28.0408754-07:00] [pid=6736] [2026.05.12-14.50.28:040][699]LogD3D11RHI: CleanupD3DDevice
[2026-05-12T07:50:28.1091909-07:00] [pid=6736] [2026.05.12-14.50.28:109][699]LogExit: Exiting.
[2026-05-12T07:50:28.3314514-07:00] [pid=32948] [2026.05.12-14.50.28:331][  0]CrashReportClientDiagnosticLog: Editor/ExitCode:0
[2026-05-12T07:50:28.3324675-07:00] [pid=32948] [2026.05.12-14.50.28:331][  0]CrashReportClientDiagnosticLog: MTBF/Start:2026.05.12-14.50.28
[2026-05-12T07:50:28.3324675-07:00] [pid=32948] [2026.05.12-14.50.28:332][  0]CrashReportClientDiagnosticLog: MTBF/LoadSession
[2026-05-12T07:50:28.3334816-07:00] [pid=32948] [2026.05.12-14.50.28:333][  0]CrashReportClientDiagnosticLog: MTBF/NoSessionFound
[2026-05-12T07:50:28.3480250-07:00] [pid=32948] [2026.05.12-14.50.28:348][  0]LogInit: Using libcurl 7.55.1-DEV
[2026-05-12T07:50:28.3480250-07:00] [pid=32948] [2026.05.12-14.50.28:348][  0]LogInit:  - built for x86_64-pc-win32
[2026-05-12T07:50:28.3480250-07:00] [pid=32948] [2026.05.12-14.50.28:348][  0]LogInit:  - supports SSL with OpenSSL/1.1.1
[2026-05-12T07:50:28.3480250-07:00] [pid=32948] [2026.05.12-14.50.28:348][  0]LogInit:  - supports HTTP deflate (compression) using libz 1.2.8
[2026-05-12T07:50:28.3480250-07:00] [pid=32948] [2026.05.12-14.50.28:348][  0]LogInit:  - other features:
[2026-05-12T07:50:28.3480250-07:00] [pid=32948] [2026.05.12-14.50.28:348][  0]LogInit:      CURL_VERSION_SSL
[2026-05-12T07:50:28.3480250-07:00] [pid=32948] [2026.05.12-14.50.28:348][  0]LogInit:      CURL_VERSION_LIBZ
[2026-05-12T07:50:28.3480250-07:00] [pid=32948] [2026.05.12-14.50.28:348][  0]LogInit:      CURL_VERSION_IPV6
[2026-05-12T07:50:28.3480250-07:00] [pid=32948] [2026.05.12-14.50.28:348][  0]LogInit:      CURL_VERSION_ASYNCHDNS
[2026-05-12T07:50:28.3480250-07:00] [pid=32948] [2026.05.12-14.50.28:348][  0]LogInit:      CURL_VERSION_LARGEFILE
[2026-05-12T07:50:28.3480250-07:00] [pid=32948] [2026.05.12-14.50.28:348][  0]LogInit:      CURL_VERSION_IDN
[2026-05-12T07:50:28.3480250-07:00] [pid=32948] [2026.05.12-14.50.28:348][  0]LogInit:  CurlRequestOptions (configurable via config and command line):
[2026-05-12T07:50:28.3480250-07:00] [pid=32948] [2026.05.12-14.50.28:348][  0]LogInit:  - bVerifyPeer = false  - Libcurl will NOT verify peer certificate
[2026-05-12T07:50:28.3480250-07:00] [pid=32948] [2026.05.12-14.50.28:348][  0]LogInit:  - bUseHttpProxy = false  - Libcurl will NOT use HTTP proxy
[2026-05-12T07:50:28.3480250-07:00] [pid=32948] [2026.05.12-14.50.28:348][  0]LogInit:  - bDontReuseConnections = false  - Libcurl will reuse connections
[2026-05-12T07:50:28.3480250-07:00] [pid=32948] [2026.05.12-14.50.28:348][  0]LogInit:  - MaxHostConnections = 16  - Libcurl will limit the number of connections to a host
[2026-05-12T07:50:28.3480250-07:00] [pid=32948] [2026.05.12-14.50.28:348][  0]LogInit:  - LocalHostAddr = Default
[2026-05-12T07:50:28.3480250-07:00] [pid=32948] [2026.05.12-14.50.28:348][  0]LogInit:  - BufferSize = 65536
[2026-05-12T07:50:28.3480250-07:00] [pid=32948] [2026.05.12-14.50.28:348][  0]LogAnalytics: Display: [CrashReporter.Release] APIServer = https://datarouter.ol.epicgames.com/. AppVersion = ++UE4+Release-4.27-CL-18319896
[2026-05-12T07:50:28.3510367-07:00] [pid=32948] [2026.05.12-14.50.28:351][  0]CrashReportClientDiagnosticLog: MTBF/Done
[2026-05-12T07:50:28.3590846-07:00] [pid=32948] [2026.05.12-14.50.28:359][  0]LogCore: Engine exit requested (reason: CrashReportClientApp RequestExit)
[2026-05-12T07:50:28.3590846-07:00] [pid=32948] [2026.05.12-14.50.28:359][  0]LogExit: Preparing to exit.
[2026-05-12T07:50:28.3590846-07:00] [pid=32948] [2026.05.12-14.50.28:359][  0]LogExit: Object subsystem successfully closed.
[2026-05-12T07:50:28.3600922-07:00] [pid=32948] [2026.05.12-14.50.28:360][  0]LogModuleManager: Shutting down and abandoning module AnalyticsET (14)
[2026-05-12T07:50:28.3600922-07:00] [pid=32948] [2026.05.12-14.50.28:360][  0]LogModuleManager: Shutting down and abandoning module HTTP (13)
[2026-05-12T07:50:28.3600922-07:00] [pid=32948] [2026.05.12-14.50.28:360][  0]LogHttp: Display: Http module shutting down, but needs to wait on 1 outstanding Http requests:
[2026-05-12T07:50:28.3600922-07:00] [pid=32948] [2026.05.12-14.50.28:360][  0]LogHttp: Display: 	verb=[POST] url=[https://datarouter.ol.epicgames.com/datarouter/api/v1/public/data?SessionID=%7B572B1B8E-4BBD-6121-6698-5D89FFBDDC5F%7D&AppID=CrashReporter.Release&AppVersion=%2B%2BUE4%2BRelease-4.27-CL-18319896&UserID=f8b698bb42db84b438be4e9e5183ed14%7C6da9797861944dd5b2bedb495b874fce%7C2e2120c8-1d81-4764-95c5-a72e8ff85171&AppEnvironment=datacollector-binary&UploadType=eteventstream] refs=[1] status=Processing
[2026-05-12T07:50:28.3600922-07:00] [pid=32948] [2026.05.12-14.50.28:360][  0]LogHttp: Display: cleaning up 1 outstanding Http requests.
[2026-05-12T07:50:28.3600922-07:00] [pid=32948] [2026.05.12-14.50.28:360][  0]LogHttp: Display: Sleeping 0.500s to wait for 1 outstanding Http requests.
[2026-05-12T07:50:28.4938558-07:00] [pid=23204] [2026.05.12-14.50.28:493][174]LogRunningAppService: Display: Dead foreground process [6736] C:/Program Files/Epic Games/UE_4.27/Engine/Binaries/Win64/UE4Editor.exe for app C:/Program Files/Epic Games/UE_4.27/
[2026-05-12T07:50:28.8855848-07:00] [pid=32948] [2026.05.12-14.50.28:885][  0]LogModuleManager: Shutting down and abandoning module SSL (12)
[2026-05-12T07:50:28.8865799-07:00] [pid=32948] [2026.05.12-14.50.28:886][  0]LogModuleManager: Shutting down and abandoning module CrashDebugHelper (8)
[2026-05-12T07:50:28.8865799-07:00] [pid=32948] [2026.05.12-14.50.28:886][  0]LogModuleManager: Shutting down and abandoning module CoreUObject (6)
[2026-05-12T07:50:28.8865799-07:00] [pid=32948] [2026.05.12-14.50.28:886][  0]LogModuleManager: Shutting down and abandoning module PakFile (4)
[2026-05-12T07:50:28.8865799-07:00] [pid=32948] [2026.05.12-14.50.28:886][  0]LogModuleManager: Shutting down and abandoning module RSA (3)
[2026-05-12T07:50:28.8880919-07:00] [pid=32948] [2026.05.12-14.50.28:888][  0]LogExit: Exiting.
[2026-05-12T07:50:29.1965286-07:00] [pid=23204] [2026.05.12-14.50.29:196][189]LogRunningAppService: Display: Dead foreground process [32948] C:/Program Files/Epic Games/UE_4.27/Engine/Binaries/Win64/CrashReportClientEditor.exe for app C:/Program Files/Epic Games/UE_4.27/
[2026-05-12T07:50:32.7618183-07:00] [pid=23204] [2026.05.12-14.50.32:761][265]LogRunningAppService: Display: App C:/Program Files/Epic Games/UE_4.27/ moved from foreground to dead
[2026-05-12T07:50:32.7628309-07:00] [pid=23204] [2026.05.12-14.50.32:762][265]LogRunningAppPresenceHandler: Display: No foreground apps with monitored presence: clearing override presence
[2026-05-12T07:50:32.7628309-07:00] [pid=23204] [2026.05.12-14.50.32:762][265]LogCloudSync: Cloud Sync: Sync Started for ue:3ddb1bad6e004b99a7192c1a29f2318a:UE_4.27
[2026-05-12T07:50:32.7638394-07:00] [pid=23204] [2026.05.12-14.50.32:763][265]LogCloudSync: Cloud Sync: Exiting Cloud Sync - SUCCESS - AppName: ue:3ddb1bad6e004b99a7192c1a29f2318a:UE_4.27
[2026-05-12T07:50:33.0003000-07:00] [pid=23204] [2026.05.12-14.50.33:000][270]LogCommunityPortalOSS: Display: ...found 481 entitled apps
[2026-05-12T07:50:34.1992902-07:00] [pid=29048] <1>May12 07:50:34.199 SF_29048[Environ] CMD_DESKTOP_TYPE_LBUTTONUP_RTT: l:0
[2026-05-12T07:50:34.1992902-07:00] [pid=29048] <1>May12 07:50:34.199 SF_29048[MediaMgr] Stop video performance debug.
