[2026-05-13T04:44:10.5678193-07:00] DebugMonitor start, maxSeconds=1800
[2026-05-13T04:44:10.5788437-07:00] [pid=27484] Focus Exec Name: wwise.exe
[2026-05-13T04:44:10.5788437-07:00] [pid=27484] ---> Focus Exec Name: wwise.exe has WS_OVERLAPPEDWINDOW
[2026-05-13T04:44:10.5843558-07:00] [pid=27484] Focus Exec Name: wwise.exe
[2026-05-13T04:44:10.5843558-07:00] [pid=27484] ---> Focus Exec Name: wwise.exe does not has WS_OVERLAPPEDWINDOW
[2026-05-13T04:44:10.6044011-07:00] [pid=27484] [Maximize Proc] Foreground Title: 
[2026-05-13T04:44:10.6044011-07:00] [pid=27484] ---> Focus Exec Name:  has WS_OVERLAPPEDWINDOW
[2026-05-13T04:44:10.6054018-07:00] [pid=27484] Focus Exec Name: wwise.exe
[2026-05-13T04:44:10.6054018-07:00] [pid=27484] ---> Focus Exec Name: wwise.exe has WS_OVERLAPPEDWINDOW
[2026-05-13T04:44:10.6124238-07:00] [pid=27484] [Maximize Proc] Foreground Title: 
[2026-05-13T04:44:10.6124238-07:00] [pid=27484] ---> Focus Exec Name:  has WS_OVERLAPPEDWINDOW
[2026-05-13T04:44:10.6134240-07:00] [pid=27484] [Maximize Proc] Foreground Title: 
[2026-05-13T04:44:10.6134240-07:00] [pid=27484] ---> Focus Exec Name:  has WS_OVERLAPPEDWINDOW
[2026-05-13T04:44:10.6224454-07:00] [pid=27484] [Maximize Proc] Foreground Title: Wwise
[2026-05-13T04:44:10.6224454-07:00] [pid=27484] ---> Focus Exec Name: Wwise has WS_OVERLAPPEDWINDOW
[2026-05-13T04:44:10.6224454-07:00] [pid=27484] [Maximize Proc] Foreground Title: Wwise
[2026-05-13T04:44:10.6224454-07:00] [pid=27484] ---> Focus Exec Name: Wwise has WS_OVERLAPPEDWINDOW
[2026-05-13T04:44:10.7479590-07:00] [pid=27484] Focus Exec Name: wwise.exe
[2026-05-13T04:44:10.7479590-07:00] [pid=27484] ---> Focus Exec Name: wwise.exe does not has WS_OVERLAPPEDWINDOW
[2026-05-13T04:44:10.7534718-07:00] [pid=27484] [Maximize Proc] Foreground Title: Wwise 2019.2.15 
[2026-05-13T04:44:10.7534718-07:00] [pid=27484] ---> Focus Exec Name: Wwise 2019.2.15  has WS_OVERLAPPEDWINDOW
[2026-05-13T04:44:10.7544736-07:00] [pid=27484] [Maximize Proc] Foreground Title: Wwise 2019.2.15 
[2026-05-13T04:44:10.7554718-07:00] [pid=27484] ---> Focus Exec Name: Wwise 2019.2.15  has WS_OVERLAPPEDWINDOW
[2026-05-13T04:44:10.8326384-07:00] [pid=16288] <<<_____ ImmerseAudioRenderer _____>>> 
[2026-05-13T04:44:10.8326384-07:00] [pid=16288] RegisterImmerseAudioRendererFX()
[2026-05-13T04:44:10.8326384-07:00] [pid=16288] 
[2026-05-13T04:44:10.8326384-07:00] [pid=16288] <<<_____ ImmerseAudioRenderer _____>>> 
[2026-05-13T04:44:10.8326384-07:00] [pid=16288] CreateImmerseManager
[2026-05-13T04:44:10.8326384-07:00] [pid=16288] 
[2026-05-13T04:44:10.8326384-07:00] [pid=16288] <<<_____ ImmerseAudioRenderer _____>>> 
[2026-05-13T04:44:10.8326384-07:00] [pid=16288] loadAndInitializeImmerseEngine
[2026-05-13T04:44:10.8326384-07:00] [pid=16288] 
[2026-05-13T04:44:10.8434404-07:00] [pid=16288] <<<_____ ImmerseAudioRenderer _____>>> 
[2026-05-13T04:44:10.8434404-07:00] [pid=16288] CreateDestroyImmerseManager
[2026-05-13T04:44:10.8434404-07:00] [pid=16288] 
[2026-05-13T04:44:10.8434404-07:00] [pid=16288] <<<_____ ImmerseAudioRenderer _____>>> 
[2026-05-13T04:44:10.8434404-07:00] [pid=16288] CreateImmerseManager
[2026-05-13T04:44:10.8434404-07:00] [pid=16288] 
[2026-05-13T04:44:10.8705277-07:00] [pid=16288] <<<_____ ImmerseAudioRenderer _____>>> 
[2026-05-13T04:44:10.8705277-07:00] [pid=16288] CreateImmerseAudioRendererFXParams()
[2026-05-13T04:44:10.8705277-07:00] [pid=16288] 
[2026-05-13T04:44:10.8705277-07:00] [pid=16288] <<<_____ ImmerseAudioRenderer _____>>> 
[2026-05-13T04:44:10.8705277-07:00] [pid=16288] WwiseFxNullParams::Init()
[2026-05-13T04:44:10.8705277-07:00] [pid=16288] 
[2026-05-13T04:44:10.8705277-07:00] [pid=16288] <<<_____ ImmerseAudioRenderer _____>>> 
[2026-05-13T04:44:10.8705277-07:00] [pid=16288] WwiseFxNullParams::SetParam()
[2026-05-13T04:44:10.8705277-07:00] [pid=16288] 
[2026-05-13T04:44:10.8705277-07:00] [pid=16288] <<<_____ ImmerseAudioRenderer _____>>> 
[2026-05-13T04:44:10.8705277-07:00] [pid=16288] WwiseFxNullParams::SetParam()
[2026-05-13T04:44:10.8705277-07:00] [pid=16288] 
[2026-05-13T04:44:10.8705277-07:00] [pid=16288] <<<_____ ImmerseAudioRenderer _____>>> 
[2026-05-13T04:44:10.8705277-07:00] [pid=16288] WwiseFxNullParams::SetParam()
[2026-05-13T04:44:10.8705277-07:00] [pid=16288] 
[2026-05-13T04:44:10.8705277-07:00] [pid=16288] <<<_____ ImmerseAudioRenderer _____>>> 
[2026-05-13T04:44:10.8715328-07:00] [pid=16288] WwiseFxNullParams::SetParam()
[2026-05-13T04:44:10.8715328-07:00] [pid=16288] 
[2026-05-13T04:44:10.8715328-07:00] [pid=16288] <<<_____ ImmerseAudioRenderer _____>>> 
[2026-05-13T04:44:10.8715328-07:00] [pid=16288] WwiseFxNullParams::SetParam()
[2026-05-13T04:44:10.8715328-07:00] [pid=16288] 
[2026-05-13T04:44:10.8715328-07:00] [pid=16288] <<<_____ ImmerseAudioRenderer _____>>> 
[2026-05-13T04:44:10.8715328-07:00] [pid=16288] WwiseFxNullParams::SetParam()
[2026-05-13T04:44:10.8715328-07:00] [pid=16288] 
[2026-05-13T04:44:10.8715328-07:00] [pid=16288] <<<_____ ImmerseAudioRenderer _____>>> 
[2026-05-13T04:44:10.8715328-07:00] [pid=16288] WwiseFxNullParams::SetParam()
[2026-05-13T04:44:10.8715328-07:00] [pid=16288] 
[2026-05-13T04:44:10.8715328-07:00] [pid=16288] <<<_____ ImmerseAudioRenderer _____>>> 
[2026-05-13T04:44:10.8715328-07:00] [pid=16288] WwiseFxNullParams::SetParam()
[2026-05-13T04:44:10.8715328-07:00] [pid=16288] 
[2026-05-13T04:44:10.8715328-07:00] [pid=16288] <<<_____ ImmerseAudioRenderer _____>>> 
[2026-05-13T04:44:10.8715328-07:00] [pid=16288] WwiseFxNullParams::SetParam()
[2026-05-13T04:44:10.8715328-07:00] [pid=16288] 
[2026-05-13T04:44:10.8715328-07:00] [pid=16288] <<<_____ ImmerseAudioRenderer _____>>> 
[2026-05-13T04:44:10.8715328-07:00] [pid=16288] WwiseFxNullParams::ApplyParam()
[2026-05-13T04:44:10.8715328-07:00] [pid=16288] 
[2026-05-13T04:44:10.8715328-07:00] [pid=16288] <<<_____ ImmerseAudioRenderer _____>>> 
[2026-05-13T04:44:10.8715328-07:00] [pid=16288] WwiseFxNullParams::ApplyParam()
[2026-05-13T04:44:10.8715328-07:00] [pid=16288] 
[2026-05-13T04:44:10.8715328-07:00] [pid=16288] <<<_____ ImmerseAudioRenderer _____>>> 
[2026-05-13T04:44:10.8715328-07:00] [pid=16288] WwiseFxNullParams::ApplyParam()
[2026-05-13T04:44:10.8715328-07:00] [pid=16288] 
[2026-05-13T04:44:10.8715328-07:00] [pid=16288] <<<_____ ImmerseAudioRenderer _____>>> 
[2026-05-13T04:44:10.8715328-07:00] [pid=16288] WwiseFxNullParams::ApplyParam()
[2026-05-13T04:44:10.8715328-07:00] [pid=16288] 
[2026-05-13T04:44:10.8715328-07:00] [pid=16288] <<<_____ ImmerseAudioRenderer _____>>> 
[2026-05-13T04:44:10.8715328-07:00] [pid=16288] WwiseFxNullParams::ApplyParam()
[2026-05-13T04:44:10.8725386-07:00] [pid=16288] 
[2026-05-13T04:44:10.8725386-07:00] [pid=16288] <<<_____ ImmerseAudioRenderer _____>>> 
[2026-05-13T04:44:10.8725386-07:00] [pid=16288] WwiseFxNullParams::ApplyParam()
[2026-05-13T04:44:10.8725386-07:00] [pid=16288] 
[2026-05-13T04:44:10.8725386-07:00] [pid=16288] <<<_____ ImmerseAudioRenderer _____>>> 
[2026-05-13T04:44:10.8725386-07:00] [pid=16288] WwiseFxNullParams::ApplyParam()
[2026-05-13T04:44:10.8725386-07:00] [pid=16288] 
[2026-05-13T04:44:10.8725386-07:00] [pid=16288] <<<_____ ImmerseAudioRenderer _____>>> 
[2026-05-13T04:44:10.8725386-07:00] [pid=16288] WwiseFxNullParams::ApplyParam()
[2026-05-13T04:44:10.8725386-07:00] [pid=16288] 
[2026-05-13T04:44:10.8725386-07:00] [pid=16288] <<<_____ ImmerseAudioRenderer _____>>> 
[2026-05-13T04:44:10.8725386-07:00] [pid=16288] WwiseFxNullParams::ApplyParam()
[2026-05-13T04:44:10.8725386-07:00] [pid=16288] 
[2026-05-13T04:44:10.9001150-07:00] [pid=27484] Focus Exec Name: wwise.exe
[2026-05-13T04:44:10.9001150-07:00] [pid=27484] ---> Focus Exec Name: wwise.exe has WS_OVERLAPPEDWINDOW
[2026-05-13T04:44:11.1342702-07:00] [pid=18712] <1>May13 04:44:11.134 SF_18712[CpBoard] [CB] HandleClipboard S to C
[2026-05-13T04:44:11.2788494-07:00] [pid=27484] Focus Exec Name: wwise.exe
[2026-05-13T04:44:11.2788494-07:00] [pid=27484] ---> Focus Exec Name: wwise.exe has WS_OVERLAPPEDWINDOW
[2026-05-13T04:44:11.2813556-07:00] [pid=27484] Focus Exec Name: wwise.exe
[2026-05-13T04:44:11.2813556-07:00] [pid=27484] ---> Focus Exec Name: wwise.exe has WS_OVERLAPPEDWINDOW
[2026-05-13T04:44:11.6814359-07:00] [pid=27484] Focus Exec Name: wwise.exe
[2026-05-13T04:44:11.6814359-07:00] [pid=27484] ---> Focus Exec Name: wwise.exe has WS_OVERLAPPEDWINDOW
[2026-05-13T04:44:11.6855374-07:00] [pid=27484] Focus Exec Name: wwise.exe
[2026-05-13T04:44:11.6855374-07:00] [pid=27484] ---> Focus Exec Name: wwise.exe has WS_OVERLAPPEDWINDOW
[2026-05-13T04:44:14.4552021-07:00] [pid=27484] Focus Exec Name: windowsterminal.exe
[2026-05-13T04:44:14.4552021-07:00] [pid=27484] ---> Focus Exec Name: windowsterminal.exe has WS_OVERLAPPEDWINDOW
[2026-05-13T04:44:14.9041577-07:00] [pid=12292] Looking for binary: ../../../Engine/Programs/CrashReportClient/Config/BinaryConfig.ini
[2026-05-13T04:44:14.9051576-07:00] [pid=12292] CrashReportClientDiagnosticLog: CRC/Init:2026.05.13-11.44.14
[2026-05-13T04:44:14.9051576-07:00] [pid=12292] LogPlatformFile: Not using cached read wrapper
[2026-05-13T04:44:14.9051576-07:00] [pid=12292] LogTaskGraph: Started task graph with 4 named threads and 22 total threads with 1 sets of task threads.
[2026-05-13T04:44:14.9051576-07:00] [pid=12292] LogICUInternationalization: ICU TimeZone Detection - Raw Offset: -8:00, Platform Override: ''
[2026-05-13T04:44:14.9051576-07:00] [pid=12292] LogInit: Display: Loading text-based GConfig....
[2026-05-13T04:44:14.9202016-07:00] [pid=12292] LogInit: Build: ++UE4+Release-4.27-CL-18319896
[2026-05-13T04:44:14.9202016-07:00] [pid=12292] LogInit: Engine Version: 4.27.2-18319896+++UE4+Release-4.27
[2026-05-13T04:44:14.9202016-07:00] [pid=12292] LogInit: Compatible Engine Version: 4.27.0-17155196+++UE4+Release-4.27
[2026-05-13T04:44:14.9202016-07:00] [pid=12292] LogInit: Net CL: 17155196
[2026-05-13T04:44:14.9202016-07:00] [pid=12292] LogInit: OS: Windows 10 (Release 2009) (), CPU: 13th Gen Intel(R) Core(TM) i7-13650HX, GPU: Intel(R) UHD Graphics
[2026-05-13T04:44:14.9202016-07:00] [pid=12292] LogInit: Compiled (64-bit): Nov 30 2021 08:03:32
[2026-05-13T04:44:14.9202016-07:00] [pid=12292] LogInit: Compiled with Visual C++: 19.24.28315.00
[2026-05-13T04:44:14.9212073-07:00] [pid=12292] LogInit: Build Configuration: Shipping
[2026-05-13T04:44:14.9212073-07:00] [pid=12292] LogInit: Branch Name: ++UE4+Release-4.27
[2026-05-13T04:44:14.9212073-07:00] [pid=12292] LogInit: Command Line: "C:\Program Files\Epic Games\UE_4.27\Engine\Binaries\Win64\CrashReportClientEditor.exe" "../../../Engine/Binaries/Win64/CrashReportClientEditor.exe"  -READ=600 -WRITE=612 -MONITOR=23108 -unattended -ConcertServer="6FB467F541943A254FC35EA39CF85B36" -RespawnedInstance
[2026-05-13T04:44:14.9212073-07:00] [pid=12292] LogInit: Base Directory: C:/Program Files/Epic Games/UE_4.27/Engine/Binaries/Win64/
[2026-05-13T04:44:14.9212073-07:00] [pid=12292] LogInit: Allocator: TBB
[2026-05-13T04:44:14.9212073-07:00] [pid=12292] LogInit: Installed Engine Build: 1
[2026-05-13T04:44:14.9267163-07:00] [pid=12292] LogInit: Presizing for max 2097152 objects, including 1 objects not considered by GC, pre-allocating 0 bytes for permanent pool.
[2026-05-13T04:44:14.9277226-07:00] [pid=12292] LogConfig: Applying CVar settings from Section [/Script/Engine.StreamingSettings] File [C:/Users/kapil/AppData/Local/CrashReportClient/Saved/Config/WindowsNoEditor/Engine.ini]
[2026-05-13T04:44:14.9277226-07:00] [pid=12292] LogConfig: Setting CVar [[s.MinBulkDataSizeForAsyncLoading:131072]]
[2026-05-13T04:44:14.9277226-07:00] [pid=12292] LogConfig: Setting CVar [[s.AsyncLoadingThreadEnabled:0]]
[2026-05-13T04:44:14.9277226-07:00] [pid=12292] LogConfig: Setting CVar [[s.EventDrivenLoaderEnabled:1]]
[2026-05-13T04:44:14.9277226-07:00] [pid=12292] LogConfig: Setting CVar [[s.WarnIfTimeLimitExceeded:0]]
[2026-05-13T04:44:14.9277226-07:00] [pid=12292] LogConfig: Setting CVar [[s.TimeLimitExceededMultiplier:1.5]]
[2026-05-13T04:44:14.9277226-07:00] [pid=12292] LogConfig: Setting CVar [[s.TimeLimitExceededMinTime:0.005]]
[2026-05-13T04:44:14.9277226-07:00] [pid=12292] LogConfig: Setting CVar [[s.FlushStreamingOnExit:1]]
[2026-05-13T04:44:14.9277226-07:00] [pid=12292] LogInit: Object subsystem initialized
[2026-05-13T04:44:14.9287230-07:00] [pid=12292] LogConfig: Applying CVar settings from Section [ConsoleVariables] File [C:/Users/kapil/AppData/Local/CrashReportClient/Saved/Config/WindowsNoEditor/Engine.ini]
[2026-05-13T04:44:14.9287230-07:00] [pid=12292] [2026.05.13-11.44.14:928][  0]LogInit: Computer: IMMERSEDEMOM5
[2026-05-13T04:44:14.9297234-07:00] [pid=12292] [2026.05.13-11.44.14:929][  0]LogInit: User: kapil
[2026-05-13T04:44:14.9297234-07:00] [pid=12292] [2026.05.13-11.44.14:929][  0]LogInit: CPU Page size=4096, Cores=14
[2026-05-13T04:44:14.9297234-07:00] [pid=12292] [2026.05.13-11.44.14:929][  0]LogInit: High frequency timer resolution =10.000000 MHz
[2026-05-13T04:44:14.9302284-07:00] [pid=12292] [2026.05.13-11.44.14:929][  0]LogMemory: Memory total: Physical=15.7GB (16GB approx)
[2026-05-13T04:44:14.9302284-07:00] [pid=12292] [2026.05.13-11.44.14:930][  0]LogMemory: Platform Memory Stats for WindowsNoEditor
[2026-05-13T04:44:14.9302284-07:00] [pid=12292] [2026.05.13-11.44.14:930][  0]LogMemory: Process Physical Memory: 30.60 MB used, 30.60 MB peak
[2026-05-13T04:44:14.9302284-07:00] [pid=12292] [2026.05.13-11.44.14:930][  0]LogMemory: Process Virtual Memory: 65.83 MB used, 65.83 MB peak
[2026-05-13T04:44:14.9302284-07:00] [pid=12292] [2026.05.13-11.44.14:930][  0]LogMemory: Physical Memory: 12883.88 MB used,  3184.82 MB free, 16068.70 MB total
[2026-05-13T04:44:14.9302284-07:00] [pid=12292] [2026.05.13-11.44.14:930][  0]LogMemory: Virtual Memory: 134207104.00 MB used,  10621.74 MB free, 134217728.00 MB total
[2026-05-13T04:44:14.9332379-07:00] [pid=12292] [2026.05.13-11.44.14:933][  0]LogUObjectArray: 363 objects as part of root set at end of initial load.
[2026-05-13T04:44:14.9332379-07:00] [pid=12292] [2026.05.13-11.44.14:933][  0]LogUObjectArray: 0 objects are not in the root set, but can never be destroyed because they are in the DisregardForGC set.
[2026-05-13T04:44:14.9332379-07:00] [pid=12292] [2026.05.13-11.44.14:933][  0]LogUObjectAllocator: 53496 out of 0 bytes used by permanent object pool.
[2026-05-13T04:44:14.9332379-07:00] [pid=12292] [2026.05.13-11.44.14:933][  0]LogUObjectArray: CloseDisregardForGC: 363/363 objects in disregard for GC pool
[2026-05-13T04:44:14.9332379-07:00] [pid=12292] [2026.05.13-11.44.14:933][  0]LogInit: Using OS detected language (en-US).
[2026-05-13T04:44:14.9332379-07:00] [pid=12292] [2026.05.13-11.44.14:933][  0]LogInit: Using OS detected locale (en-US).
[2026-05-13T04:44:14.9346416-07:00] [pid=12292] [2026.05.13-11.44.14:934][  0]LogTextLocalizationManager: No specific localization for 'en-US' exists, so the 'en' localization will be used.
[2026-05-13T04:44:14.9496749-07:00] [pid=12292] [2026.05.13-11.44.14:949][  0]LogInit: Using OS detected language (en-US).
[2026-05-13T04:44:14.9496749-07:00] [pid=12292] [2026.05.13-11.44.14:949][  0]LogInit: Using OS detected locale (en-US).
[2026-05-13T04:44:14.9496749-07:00] [pid=12292] [2026.05.13-11.44.14:949][  0]LogTextLocalizationManager: No localization for 'en-US' exists, so 'en' will be used for the language.
[2026-05-13T04:44:14.9496749-07:00] [pid=12292] [2026.05.13-11.44.14:949][  0]LogTextLocalizationManager: No localization for 'en-US' exists, so 'en' will be used for the locale.
[2026-05-13T04:44:14.9501783-07:00] [pid=12292] [2026.05.13-11.44.14:950][  0]LogTextLocalizationManager: Compacting localization data took   0.00ms
[2026-05-13T04:44:14.9501783-07:00] [pid=12292] [2026.05.13-11.44.14:950][  0]LogPackageLocalizationCache: Processed 2 localized package path(s) for 1 prioritized culture(s) in 0.000064 seconds
[2026-05-13T04:44:14.9511828-07:00] [pid=12292] [2026.05.13-11.44.14:951][  0]CrashReportClientDiagnosticLog: CRC/Load
[2026-05-13T04:44:14.9511828-07:00] [pid=12292] [2026.05.13-11.44.14:951][  0]CrashReportClientDiagnosticLog: CRC/Config
[2026-05-13T04:44:14.9511828-07:00] [pid=12292] [2026.05.13-11.44.14:951][  0]CrashReportCoreLog: CrashReportClientVersion=1.0
[2026-05-13T04:44:14.9511828-07:00] [pid=12292] [2026.05.13-11.44.14:951][  0]CrashReportCoreLog: CrashReportReceiver disabled
[2026-05-13T04:44:14.9511828-07:00] [pid=12292] [2026.05.13-11.44.14:951][  0]CrashReportCoreLog: DataRouterUrl: https://datarouter.ol.epicgames.com/datarouter/api/v1/public/data
[2026-05-13T04:44:14.9511828-07:00] [pid=12292] [2026.05.13-11.44.14:951][  0]LogCrashDebugHelper: DepotName: //UE4/Release-4.27
[2026-05-13T04:44:14.9521871-07:00] [pid=12292] [2026.05.13-11.44.14:951][  0]LogCrashDebugHelper: BuiltFromCL: 18319896
[2026-05-13T04:44:14.9521871-07:00] [pid=12292] [2026.05.13-11.44.14:952][  0]LogCrashDebugHelper: EngineVersion: 4.27.2-18319896+++UE4+Release-4.27
[2026-05-13T04:44:14.9521871-07:00] [pid=12292] [2026.05.13-11.44.14:952][  0]LogCrashDebugHelper: BuildVersion: ++UE4+Release-4.27-CL-18319896
[2026-05-13T04:44:14.9521871-07:00] [pid=12292] [2026.05.13-11.44.14:952][  0]CrashReportClientDiagnosticLog: Monitor/Start:12292
[2026-05-13T04:44:14.9531866-07:00] [pid=12292] [2026.05.13-11.44.14:953][  0]CrashReportClientDiagnosticLog: OpenProcess/Done
[2026-05-13T04:44:15.2868767-07:00] [pid=23108] Looking for binary: ../../../../../../Users/kapil/OneDrive/Documents/Unreal Projects/testTP/Config/BinaryConfig.ini
[2026-05-13T04:44:15.2878858-07:00] [pid=23108] LogWindows: Failed to load 'aqProf.dll' (GetLastError=126)
[2026-05-13T04:44:15.2878858-07:00] [pid=23108] LogWindows: File 'aqProf.dll' does not exist
[2026-05-13T04:44:15.2878858-07:00] [pid=23108] LogWindows: Failed to load 'VtuneApi.dll' (GetLastError=126)
[2026-05-13T04:44:15.2878858-07:00] [pid=23108] LogWindows: File 'VtuneApi.dll' does not exist
[2026-05-13T04:44:15.2878858-07:00] [pid=23108] LogWindows: Failed to load 'VtuneApi32e.dll' (GetLastError=126)
[2026-05-13T04:44:15.2878858-07:00] [pid=23108] LogWindows: File 'VtuneApi32e.dll' does not exist
[2026-05-13T04:44:15.2878858-07:00] [pid=23108] LogConsoleResponse: Display: Failed to find resolution value strings in scalability ini. Falling back to default.
[2026-05-13T04:44:15.2878858-07:00] [pid=23108] LogConsoleResponse: Display: Failed to find resolution value strings in scalability ini. Falling back to default.
[2026-05-13T04:44:15.2878858-07:00] [pid=23108] LogInit: Display: Running engine for game: testTP
[2026-05-13T04:44:15.2878858-07:00] [pid=23108] LogPlatformFile: Not using cached read wrapper
[2026-05-13T04:44:15.2878858-07:00] [pid=23108] LogTaskGraph: Started task graph with 5 named threads and 59 total threads with 3 sets of task threads.
[2026-05-13T04:44:15.2878858-07:00] [pid=23108] LogStats: Stats thread started at 0.212066
[2026-05-13T04:44:15.2878858-07:00] [pid=23108] LogICUInternationalization: ICU TimeZone Detection - Raw Offset: -8:00, Platform Override: ''
[2026-05-13T04:44:15.2878858-07:00] [pid=23108] LogInit: Display: Loading text-based GConfig....
[2026-05-13T04:44:15.3470665-07:00] [pid=23108] LogPluginManager: Mounting plugin MeshPainting
[2026-05-13T04:44:15.3480729-07:00] [pid=23108] LogPluginManager: Mounting plugin XGEController
[2026-05-13T04:44:15.3480729-07:00] [pid=23108] LogPluginManager: Mounting plugin Paper2D
[2026-05-13T04:44:15.3495778-07:00] [pid=23108] LogPluginManager: Mounting plugin AISupport
[2026-05-13T04:44:15.3505845-07:00] [pid=23108] LogPluginManager: Mounting plugin EnvironmentQueryEditor
[2026-05-13T04:44:15.3515835-07:00] [pid=23108] LogPluginManager: Mounting plugin LightPropagationVolume
[2026-05-13T04:44:15.3515835-07:00] [pid=23108] LogPluginManager: Mounting plugin CameraShakePreviewer
[2026-05-13T04:44:15.3525880-07:00] [pid=23108] LogPluginManager: Mounting plugin GameplayCameras
[2026-05-13T04:44:15.3535882-07:00] [pid=23108] LogPluginManager: Mounting plugin OodleNetwork
[2026-05-13T04:44:15.3535882-07:00] [pid=23108] LogPluginManager: Mounting plugin OodleData
[2026-05-13T04:44:15.3545878-07:00] [pid=23108] LogPluginManager: Mounting plugin Niagara
[2026-05-13T04:44:15.3555887-07:00] [pid=23108] LogPluginManager: Mounting plugin AutomationUtils
[2026-05-13T04:44:15.3565892-07:00] [pid=23108] LogPluginManager: Mounting plugin ChaosClothEditor
[2026-05-13T04:44:15.3575940-07:00] [pid=23108] LogPluginManager: Mounting plugin ChaosNiagara
[2026-05-13T04:44:15.3575940-07:00] [pid=23108] LogPluginManager: Mounting plugin ChaosCloth
[2026-05-13T04:44:15.3585937-07:00] [pid=23108] LogPluginManager: Mounting plugin ChaosEditor
[2026-05-13T04:44:15.3595936-07:00] [pid=23108] LogPluginManager: Mounting plugin AlembicImporter
[2026-05-13T04:44:15.3600972-07:00] [pid=23108] LogPluginManager: Mounting plugin CharacterAI
[2026-05-13T04:44:15.3600972-07:00] [pid=23108] LogPluginManager: Mounting plugin ChaosSolverPlugin
[2026-05-13T04:44:15.3611019-07:00] [pid=23108] LogPluginManager: Mounting plugin BackChannel
[2026-05-13T04:44:15.3621052-07:00] [pid=23108] LogPluginManager: Mounting plugin AnimationSharing
[2026-05-13T04:44:15.3621052-07:00] [pid=23108] LogPluginManager: Mounting plugin CLionSourceCodeAccess
[2026-05-13T04:44:15.3631055-07:00] [pid=23108] LogPluginManager: Mounting plugin CryptoKeys
[2026-05-13T04:44:15.3641054-07:00] [pid=23108] LogPluginManager: Mounting plugin AssetManagerEditor
[2026-05-13T04:44:15.3641054-07:00] [pid=23108] LogPluginManager: Mounting plugin CodeLiteSourceCodeAccess
[2026-05-13T04:44:15.3651056-07:00] [pid=23108] LogPluginManager: Mounting plugin CurveEditorTools
[2026-05-13T04:44:15.3651056-07:00] [pid=23108] LogPluginManager: Mounting plugin GitSourceControl
[2026-05-13T04:44:15.3666096-07:00] [pid=23108] LogPluginManager: Mounting plugin GameplayTagsEditor
[2026-05-13T04:44:15.3666096-07:00] [pid=23108] LogPluginManager: Mounting plugin DataValidation
[2026-05-13T04:44:15.3676168-07:00] [pid=23108] LogPluginManager: Mounting plugin KDevelopSourceCodeAccess
[2026-05-13T04:44:15.3686166-07:00] [pid=23108] LogPluginManager: Mounting plugin NullSourceCodeAccess
[2026-05-13T04:44:15.3686166-07:00] [pid=23108] LogPluginManager: Mounting plugin GeometryMode
[2026-05-13T04:44:15.3696166-07:00] [pid=23108] LogPluginManager: Mounting plugin PixWinPlugin
[2026-05-13T04:44:15.3701200-07:00] [pid=23108] LogPluginManager: Mounting plugin PlasticSourceControl
[2026-05-13T04:44:15.3711243-07:00] [pid=23108] LogPluginManager: Mounting plugin PropertyAccessNode
[2026-05-13T04:44:15.3711243-07:00] [pid=23108] LogPluginManager: Mounting plugin PerforceSourceControl
[2026-05-13T04:44:15.3721280-07:00] [pid=23108] LogPluginManager: Mounting plugin MacGraphicsSwitching
[2026-05-13T04:44:15.3731282-07:00] [pid=23108] LogPluginManager: Mounting plugin RiderSourceCodeAccess
[2026-05-13T04:44:15.3731282-07:00] [pid=23108] LogPluginManager: Mounting plugin SubversionSourceControl
[2026-05-13T04:44:15.3741278-07:00] [pid=23108] LogPluginManager: Mounting plugin TextureFormatOodle
[2026-05-13T04:44:15.3751281-07:00] [pid=23108] LogPluginManager: Mounting plugin MaterialAnalyzer
[2026-05-13T04:44:15.3751281-07:00] [pid=23108] LogPluginManager: Mounting plugin PluginBrowser
[2026-05-13T04:44:15.3751281-07:00] [pid=23108] LogPluginManager: Mounting plugin UObjectPlugin
[2026-05-13T04:44:15.3766320-07:00] [pid=23108] LogPluginManager: Mounting plugin MobileLauncherProfileWizard
[2026-05-13T04:44:15.3776385-07:00] [pid=23108] LogPluginManager: Mounting plugin VisualStudioCodeSourceCodeAccess
[2026-05-13T04:44:15.3776385-07:00] [pid=23108] LogPluginManager: Mounting plugin VisualStudioSourceCodeAccess
[2026-05-13T04:44:15.3786384-07:00] [pid=23108] LogPluginManager: Mounting plugin XCodeSourceCodeAccess
[2026-05-13T04:44:15.3786384-07:00] [pid=23108] LogPluginManager: Mounting plugin SpeedTreeImporter
[2026-05-13T04:44:15.3801409-07:00] [pid=23108] LogPluginManager: Mounting plugin DatasmithContent
[2026-05-13T04:44:15.3811469-07:00] [pid=23108] LogPluginManager: Mounting plugin GeometryCollectionPlugin
[2026-05-13T04:44:15.3811469-07:00] [pid=23108] LogPluginManager: Mounting plugin GeometryProcessing
[2026-05-13T04:44:15.3826536-07:00] [pid=23108] LogPluginManager: Mounting plugin GeometryCache
[2026-05-13T04:44:15.3826536-07:00] [pid=23108] LogPluginManager: Mounting plugin VariantManagerContent
[2026-05-13T04:44:15.3846596-07:00] [pid=23108] LogPluginManager: Mounting plugin MotoSynth
[2026-05-13T04:44:15.3856599-07:00] [pid=23108] LogPluginManager: Mounting plugin PluginUtils
[2026-05-13T04:44:15.3856599-07:00] [pid=23108] LogPluginManager: Mounting plugin PlanarCut
[2026-05-13T04:44:15.3866594-07:00] [pid=23108] LogPluginManager: Mounting plugin PlatformCrypto
[2026-05-13T04:44:15.3876637-07:00] [pid=23108] LogPluginManager: Mounting plugin ProxyLODPlugin
[2026-05-13T04:44:15.3876637-07:00] [pid=23108] LogPluginManager: Mounting plugin PythonScriptPlugin
[2026-05-13T04:44:15.3886633-07:00] [pid=23108] LogPluginManager: Mounting plugin SkeletalReduction
[2026-05-13T04:44:15.3886633-07:00] [pid=23108] LogPluginManager: Mounting plugin FacialAnimation
[2026-05-13T04:44:15.3896633-07:00] [pid=23108] LogPluginManager: Mounting plugin ImgMedia
[2026-05-13T04:44:15.3901668-07:00] [pid=23108] LogPluginManager: Mounting plugin AvfMedia
[2026-05-13T04:44:15.3911706-07:00] [pid=23108] LogPluginManager: Mounting plugin MediaCompositing
[2026-05-13T04:44:15.3911706-07:00] [pid=23108] LogPluginManager: Mounting plugin MediaPlayerEditor
[2026-05-13T04:44:15.3921738-07:00] [pid=23108] LogPluginManager: Mounting plugin WebMMedia
[2026-05-13T04:44:15.3931745-07:00] [pid=23108] LogPluginManager: Mounting plugin OpenImageDenoise
[2026-05-13T04:44:15.3931745-07:00] [pid=23108] LogPluginManager: Mounting plugin AndroidMedia
[2026-05-13T04:44:15.3941739-07:00] [pid=23108] LogPluginManager: Mounting plugin UdpMessaging
[2026-05-13T04:44:15.3941739-07:00] [pid=23108] LogPluginManager: Mounting plugin OnlineSubsystem
[2026-05-13T04:44:15.3951742-07:00] [pid=23108] LogPluginManager: Mounting plugin TcpMessaging
[2026-05-13T04:44:15.3966784-07:00] [pid=23108] LogPluginManager: Mounting plugin WmfMedia
[2026-05-13T04:44:15.3966784-07:00] [pid=23108] LogPluginManager: Mounting plugin OnlineSubsystemNull
[2026-05-13T04:44:15.3976853-07:00] [pid=23108] LogPluginManager: Mounting plugin OnlineSubsystemUtils
[2026-05-13T04:44:15.3986862-07:00] [pid=23108] LogPluginManager: Mounting plugin LauncherChunkInstaller
[2026-05-13T04:44:15.3986862-07:00] [pid=23108] LogPluginManager: Mounting plugin AndroidDeviceProfileSelector
[2026-05-13T04:44:15.3996856-07:00] [pid=23108] LogPluginManager: Mounting plugin ActorLayerUtilities
[2026-05-13T04:44:15.4001889-07:00] [pid=23108] LogPluginManager: Mounting plugin AndroidMoviePlayer
[2026-05-13T04:44:15.4011928-07:00] [pid=23108] LogPluginManager: Mounting plugin AndroidPermission
[2026-05-13T04:44:15.4011928-07:00] [pid=23108] LogPluginManager: Mounting plugin MagicLeap
[2026-05-13T04:44:15.4021971-07:00] [pid=23108] LogPluginManager: Mounting plugin MagicLeapLightEstimation
[2026-05-13T04:44:15.4051962-07:00] [pid=23108] LogPluginManager: Mounting plugin LuminPlatformFeatures
[2026-05-13T04:44:15.4051962-07:00] [pid=23108] LogPluginManager: Mounting plugin AppleImageUtils
[2026-05-13T04:44:15.4067079-07:00] [pid=23108] LogPluginManager: Mounting plugin MagicLeapMedia
[2026-05-13T04:44:15.4067079-07:00] [pid=23108] LogPluginManager: Mounting plugin AppleMoviePlayer
[2026-05-13T04:44:15.4077255-07:00] [pid=23108] LogPluginManager: Mounting plugin AssetTags
[2026-05-13T04:44:15.4077255-07:00] [pid=23108] LogPluginManager: Mounting plugin AudioCapture
[2026-05-13T04:44:15.4087244-07:00] [pid=23108] LogPluginManager: Mounting plugin MagicLeapPassableWorld
[2026-05-13T04:44:15.4097291-07:00] [pid=23108] LogPluginManager: Mounting plugin CableComponent
[2026-05-13T04:44:15.4102324-07:00] [pid=23108] LogPluginManager: Mounting plugin ArchVisCharacter
[2026-05-13T04:44:15.4102324-07:00] [pid=23108] LogPluginManager: Mounting plugin CustomMeshComponent
[2026-05-13T04:44:15.4112358-07:00] [pid=23108] LogPluginManager: Mounting plugin MLSDK
[2026-05-13T04:44:15.4112358-07:00] [pid=23108] LogPluginManager: Mounting plugin EditableMesh
[2026-05-13T04:44:15.4122386-07:00] [pid=23108] LogPluginManager: Mounting plugin AudioSynesthesia
[2026-05-13T04:44:15.4132393-07:00] [pid=23108] LogPluginManager: Mounting plugin ExampleDeviceProfileSelector
[2026-05-13T04:44:15.4132393-07:00] [pid=23108] LogPluginManager: Mounting plugin ActorSequence
[2026-05-13T04:44:15.4142399-07:00] [pid=23108] LogPluginManager: Mounting plugin ChunkDownloader
[2026-05-13T04:44:15.4152394-07:00] [pid=23108] LogPluginManager: Mounting plugin MatineeToLevelSequence
[2026-05-13T04:44:15.4152394-07:00] [pid=23108] LogPluginManager: Mounting plugin GooglePAD
[2026-05-13T04:44:15.4152394-07:00] [pid=23108] LogPluginManager: Mounting plugin GoogleCloudMessaging
[2026-05-13T04:44:15.4167428-07:00] [pid=23108] LogPluginManager: Mounting plugin LevelSequenceEditor
[2026-05-13T04:44:15.4177486-07:00] [pid=23108] LogPluginManager: Mounting plugin IOSDeviceProfileSelector
[2026-05-13T04:44:15.4177486-07:00] [pid=23108] LogPluginManager: Mounting plugin LinuxDeviceProfileSelector
[2026-05-13T04:44:15.4187486-07:00] [pid=23108] LogPluginManager: Mounting plugin LocationServicesBPLibrary
[2026-05-13T04:44:15.4187486-07:00] [pid=23108] LogPluginManager: Mounting plugin MobilePatchingUtils
[2026-05-13T04:44:15.4202522-07:00] [pid=23108] LogPluginManager: Mounting plugin OpenXREyeTracker
[2026-05-13T04:44:15.4202522-07:00] [pid=23108] LogPluginManager: Mounting plugin OpenXRHandTracking
[2026-05-13T04:44:15.4212558-07:00] [pid=23108] LogPluginManager: Mounting plugin OpenXR
[2026-05-13T04:44:15.4212558-07:00] [pid=23108] LogPluginManager: Mounting plugin TemplateSequence
[2026-05-13T04:44:15.4222595-07:00] [pid=23108] LogPluginManager: Mounting plugin PhysXVehicles
[2026-05-13T04:44:15.4232600-07:00] [pid=23108] LogPluginManager: Mounting plugin PropertyAccessEditor
[2026-05-13T04:44:15.4242603-07:00] [pid=23108] LogPluginManager: Mounting plugin RuntimePhysXCooking
[2026-05-13T04:44:15.4242603-07:00] [pid=23108] LogPluginManager: Mounting plugin PostSplashScreen
[2026-05-13T04:44:15.4252604-07:00] [pid=23108] LogPluginManager: Mounting plugin ProceduralMeshComponent
[2026-05-13T04:44:15.4252604-07:00] [pid=23108] LogPluginManager: Mounting plugin SoundFields
[2026-05-13T04:44:15.4267649-07:00] [pid=23108] LogPluginManager: Mounting plugin SignificanceManager
[2026-05-13T04:44:15.4277723-07:00] [pid=23108] LogPluginManager: Mounting plugin Synthesis
[2026-05-13T04:44:15.4287723-07:00] [pid=23108] LogPluginManager: Mounting plugin WebMMoviePlayer
[2026-05-13T04:44:15.4287723-07:00] [pid=23108] LogPluginManager: Mounting plugin WindowsMoviePlayer
[2026-05-13T04:44:15.4302764-07:00] [pid=23108] LogPluginManager: Mounting plugin Takes
[2026-05-13T04:44:15.4302764-07:00] [pid=23108] LogPluginManager: Mounting plugin ScreenshotTools
[2026-05-13T04:44:15.4312809-07:00] [pid=23108] LogPluginManager: Mounting plugin LiveLink
[2026-05-13T04:44:15.4322852-07:00] [pid=23108] LogPluginManager: Mounting plugin ContentBrowserAssetDataSource
[2026-05-13T04:44:15.4332863-07:00] [pid=23108] LogPluginManager: Mounting plugin ContentBrowserFileDataSource
[2026-05-13T04:44:15.4332863-07:00] [pid=23108] LogPluginManager: Mounting plugin ContentBrowserClassDataSource
[2026-05-13T04:44:15.4342849-07:00] [pid=23108] LogPluginManager: Mounting plugin OnlineSubsystemIOS
[2026-05-13T04:44:15.4352850-07:00] [pid=23108] LogPluginManager: Mounting plugin OnlineSubsystemGooglePlay
[2026-05-13T04:44:15.4352850-07:00] [pid=23108] LogPluginManager: Mounting plugin OculusVR
[2026-05-13T04:44:15.4367903-07:00] [pid=23108] LogPluginManager: Mounting plugin SteamVR
[2026-05-13T04:44:15.4377986-07:00] [pid=23108] LogPluginManager: Mounting plugin Wwise
[2026-05-13T04:44:15.5014806-07:00] [pid=23108] PixWinPlugin: PIX capture plugin failed to initialize! Check that the process is launched from PIX.
[2026-05-13T04:44:15.5270511-07:00] [pid=23108] LogInit: Using libcurl 7.55.1-DEV
[2026-05-13T04:44:15.5270511-07:00] [pid=23108] LogInit:  - built for x86_64-pc-win32
[2026-05-13T04:44:15.5280594-07:00] [pid=23108] LogInit:  - supports SSL with OpenSSL/1.1.1
[2026-05-13T04:44:15.5280594-07:00] [pid=23108] LogInit:  - supports HTTP deflate (compression) using libz 1.2.8
[2026-05-13T04:44:15.5280594-07:00] [pid=23108] LogInit:  - other features:
[2026-05-13T04:44:15.5280594-07:00] [pid=23108] LogInit:      CURL_VERSION_SSL
[2026-05-13T04:44:15.5280594-07:00] [pid=23108] LogInit:      CURL_VERSION_LIBZ
[2026-05-13T04:44:15.5280594-07:00] [pid=23108] LogInit:      CURL_VERSION_IPV6
[2026-05-13T04:44:15.5280594-07:00] [pid=23108] LogInit:      CURL_VERSION_ASYNCHDNS
[2026-05-13T04:44:15.5280594-07:00] [pid=23108] LogInit:      CURL_VERSION_LARGEFILE
[2026-05-13T04:44:15.5280594-07:00] [pid=23108] LogInit:      CURL_VERSION_IDN
[2026-05-13T04:44:15.5280594-07:00] [pid=23108] LogInit:  CurlRequestOptions (configurable via config and command line):
[2026-05-13T04:44:15.5280594-07:00] [pid=23108] LogInit:  - bVerifyPeer = true  - Libcurl will verify peer certificate
[2026-05-13T04:44:15.5280594-07:00] [pid=23108] LogInit:  - bUseHttpProxy = false  - Libcurl will NOT use HTTP proxy
[2026-05-13T04:44:15.5280594-07:00] [pid=23108] LogInit:  - bDontReuseConnections = false  - Libcurl will reuse connections
[2026-05-13T04:44:15.5280594-07:00] [pid=23108] LogInit:  - MaxHostConnections = 16  - Libcurl will limit the number of connections to a host
[2026-05-13T04:44:15.5280594-07:00] [pid=23108] LogInit:  - LocalHostAddr = Default
[2026-05-13T04:44:15.5280594-07:00] [pid=23108] LogInit:  - BufferSize = 65536
[2026-05-13T04:44:15.5541193-07:00] [pid=23108] LogOnline: OSS: Creating online subsystem instance for: NULL
[2026-05-13T04:44:15.5551185-07:00] [pid=23108] LogInit: WinSock: version 1.1 (2.2), MaxSocks=32767, MaxUdp=65467
[2026-05-13T04:44:15.5551185-07:00] [pid=23108] LogOnline: OSS: TryLoadSubsystemAndSetDefault: Loaded subsystem for module [NULL]
[2026-05-13T04:44:15.6514624-07:00] [pid=23108] LogOculusPluginWrapper: OculusPlugin initialized successfully
[2026-05-13T04:44:15.6524683-07:00] [pid=23108] [OVRPlugin][ERROR] 
[2026-05-13T04:44:15.6524683-07:00] [pid=23108] ovr_Initialize failed: Unable to load LibOVRRT DLL
 (software\oculussdk\integrations\ovrplugin\main\src\util\compositorcapi.cpp:78)
[2026-05-13T04:44:15.6524683-07:00] [pid=23108] 
[2026-05-13T04:44:15.6524683-07:00] [pid=23108] LogHMD: Failed initializing OVRPlugin 1.59.0
[2026-05-13T04:44:15.6524683-07:00] [pid=23108] LogInit: Build: ++UE4+Release-4.27-CL-18319896
[2026-05-13T04:44:15.6524683-07:00] [pid=23108] LogInit: Engine Version: 4.27.2-18319896+++UE4+Release-4.27
[2026-05-13T04:44:15.6524683-07:00] [pid=23108] LogInit: Compatible Engine Version: 4.27.0-17155196+++UE4+Release-4.27
[2026-05-13T04:44:15.6524683-07:00] [pid=23108] LogInit: Net CL: 17155196
[2026-05-13T04:44:15.6524683-07:00] [pid=23108] LogInit: OS: Windows 10 (Release 2009) (), CPU: 13th Gen Intel(R) Core(TM) i7-13650HX, GPU: Intel(R) UHD Graphics
[2026-05-13T04:44:15.6524683-07:00] [pid=23108] LogInit: Compiled (64-bit): Nov 30 2021 07:12:08
[2026-05-13T04:44:15.6524683-07:00] [pid=23108] LogInit: Compiled with Visual C++: 19.24.28315.00
[2026-05-13T04:44:15.6524683-07:00] [pid=23108] LogInit: Build Configuration: Development
[2026-05-13T04:44:15.6524683-07:00] [pid=23108] LogInit: Branch Name: ++UE4+Release-4.27
[2026-05-13T04:44:15.6524683-07:00] [pid=23108] LogInit: Command Line:  /Game/ThirdPersonBP/Maps/ThirdPersonExampleMap -game -RenderOffscreen -unattended -nopause -NoSplash -abslog=C:\Users\kapil\AppData\Local\Temp\immerse_editor_20260513-044405.log
[2026-05-13T04:44:15.6524683-07:00] [pid=23108] LogInit: Base Directory: C:/Program Files/Epic Games/UE_4.27/Engine/Binaries/Win64/
[2026-05-13T04:44:15.6524683-07:00] [pid=23108] LogInit: Allocator: TBB
[2026-05-13T04:44:15.6524683-07:00] [pid=23108] LogInit: Installed Engine Build: 1
[2026-05-13T04:44:15.6524683-07:00] [pid=23108] LogDevObjectVersion: Number of dev versions registered: 29
[2026-05-13T04:44:15.6524683-07:00] [pid=23108] LogDevObjectVersion:   Dev-Blueprints (B0D832E4-1F89-4F0D-ACCF-7EB736FD4AA2): 10
[2026-05-13T04:44:15.6524683-07:00] [pid=23108] LogDevObjectVersion:   Dev-Build (E1C64328-A22C-4D53-A36C-8E866417BD8C): 0
[2026-05-13T04:44:15.6524683-07:00] [pid=23108] LogDevObjectVersion:   Dev-Core (375EC13C-06E4-48FB-B500-84F0262A717E): 4
[2026-05-13T04:44:15.6524683-07:00] [pid=23108] LogDevObjectVersion:   Dev-Editor (E4B068ED-F494-42E9-A231-DA0B2E46BB41): 40
[2026-05-13T04:44:15.6524683-07:00] [pid=23108] LogDevObjectVersion:   Dev-Framework (CFFC743F-43B0-4480-9391-14DF171D2073): 37
[2026-05-13T04:44:15.6524683-07:00] [pid=23108] LogDevObjectVersion:   Dev-Mobile (B02B49B5-BB20-44E9-A304-32B752E40360): 3
[2026-05-13T04:44:15.6524683-07:00] [pid=23108] LogDevObjectVersion:   Dev-Networking (A4E4105C-59A1-49B5-A7C5-40C4547EDFEE): 0
[2026-05-13T04:44:15.6524683-07:00] [pid=23108] LogDevObjectVersion:   Dev-Online (39C831C9-5AE6-47DC-9A44-9C173E1C8E7C): 0
[2026-05-13T04:44:15.6524683-07:00] [pid=23108] LogDevObjectVersion:   Dev-Physics (78F01B33-EBEA-4F98-B9B4-84EACCB95AA2): 14
[2026-05-13T04:44:15.6524683-07:00] [pid=23108] LogDevObjectVersion:   Dev-Platform (6631380F-2D4D-43E0-8009-CF276956A95A): 0
[2026-05-13T04:44:15.6524683-07:00] [pid=23108] LogDevObjectVersion:   Dev-Rendering (12F88B9F-8875-4AFC-A67C-D90C383ABD29): 45
[2026-05-13T04:44:15.6524683-07:00] [pid=23108] LogDevObjectVersion:   Dev-Sequencer (7B5AE74C-D270-4C10-A958-57980B212A5A): 13
[2026-05-13T04:44:15.6524683-07:00] [pid=23108] LogDevObjectVersion:   Dev-VR (D7296918-1DD6-4BDD-9DE2-64A83CC13884): 3
[2026-05-13T04:44:15.6534662-07:00] [pid=23108] LogDevObjectVersion:   Dev-LoadTimes (C2A15278-BFE7-4AFE-6C17-90FF531DF755): 1
[2026-05-13T04:44:15.6534662-07:00] [pid=23108] LogDevObjectVersion:   Private-Geometry (6EACA3D4-40EC-4CC1-B786-8BED09428FC5): 3
[2026-05-13T04:44:15.6534662-07:00] [pid=23108] LogDevObjectVersion:   Dev-AnimPhys (29E575DD-E0A3-4627-9D10-D276232CDCEA): 17
[2026-05-13T04:44:15.6534662-07:00] [pid=23108] LogDevObjectVersion:   Dev-Anim (AF43A65D-7FD3-4947-9873-3E8ED9C1BB05): 15
[2026-05-13T04:44:15.6534662-07:00] [pid=23108] LogDevObjectVersion:   Dev-ReflectionCapture (6B266CEC-1EC7-4B8F-A30B-E4D90942FC07): 1
[2026-05-13T04:44:15.6534662-07:00] [pid=23108] LogDevObjectVersion:   Dev-Automation (0DF73D61-A23F-47EA-B727-89E90C41499A): 1
[2026-05-13T04:44:15.6534662-07:00] [pid=23108] LogDevObjectVersion:   FortniteMain (601D1886-AC64-4F84-AA16-D3DE0DEAC7D6): 47
[2026-05-13T04:44:15.6534662-07:00] [pid=23108] LogDevObjectVersion:   FortniteRelease (E7086368-6B23-4C58-8439-1B7016265E91): 1
[2026-05-13T04:44:15.6534662-07:00] [pid=23108] LogDevObjectVersion:   Dev-Enterprise (9DFFBCD6-494F-0158-E221-12823C92A888): 10
[2026-05-13T04:44:15.6534662-07:00] [pid=23108] LogDevObjectVersion:   Dev-Niagara (F2AED0AC-9AFE-416F-8664-AA7FFA26D6FC): 1
[2026-05-13T04:44:15.6534662-07:00] [pid=23108] LogDevObjectVersion:   Dev-Destruction (174F1F0B-B4C6-45A5-B13F-2EE8D0FB917D): 10
[2026-05-13T04:44:15.6534662-07:00] [pid=23108] LogDevObjectVersion:   Dev-Physics-Ext (35F94A83-E258-406C-A318-09F59610247C): 41
[2026-05-13T04:44:15.6534662-07:00] [pid=23108] LogDevObjectVersion:   Dev-PhysicsMaterial-Chaos (B68FC16E-8B1B-42E2-B453-215C058844FE): 1
[2026-05-13T04:44:15.6534662-07:00] [pid=23108] LogDevObjectVersion:   Dev-CineCamera (B2E18506-4273-CFC2-A54E-F4BB758BBA07): 1
[2026-05-13T04:44:15.6534662-07:00] [pid=23108] LogDevObjectVersion:   Dev-VirtualProduction (64F58936-FD1B-42BA-BA96-7289D5D0FA4E): 1
[2026-05-13T04:44:15.6534662-07:00] [pid=23108] LogDevObjectVersion:   Dev-MediaFramework (6F0ED827-A609-4895-9C91-998D90180EA4): 2
[2026-05-13T04:44:15.6589784-07:00] [pid=23108] LogInit: Presizing for max 25165824 objects, including 0 objects not considered by GC, pre-allocating 0 bytes for permanent pool.
[2026-05-13T04:44:15.6589784-07:00] [pid=23108] LogConfig: Applying CVar settings from Section [/Script/Engine.StreamingSettings] File [C:/Users/kapil/OneDrive/Documents/Unreal Projects/testTP/Saved/Config/Windows/Engine.ini]
[2026-05-13T04:44:15.6589784-07:00] [pid=23108] LogConfig: Setting CVar [[s.MinBulkDataSizeForAsyncLoading:131072]]
[2026-05-13T04:44:15.6589784-07:00] [pid=23108] LogConfig: Setting CVar [[s.AsyncLoadingThreadEnabled:0]]
[2026-05-13T04:44:15.6589784-07:00] [pid=23108] LogConfig: Setting CVar [[s.EventDrivenLoaderEnabled:1]]
[2026-05-13T04:44:15.6589784-07:00] [pid=23108] LogConfig: Setting CVar [[s.WarnIfTimeLimitExceeded:0]]
[2026-05-13T04:44:15.6589784-07:00] [pid=23108] LogConfig: Setting CVar [[s.TimeLimitExceededMultiplier:1.5]]
[2026-05-13T04:44:15.6589784-07:00] [pid=23108] LogConfig: Setting CVar [[s.TimeLimitExceededMinTime:0.005]]
[2026-05-13T04:44:15.6589784-07:00] [pid=23108] LogConfig: Setting CVar [[s.UseBackgroundLevelStreaming:1]]
[2026-05-13T04:44:15.6589784-07:00] [pid=23108] LogConfig: Setting CVar [[s.PriorityAsyncLoadingExtraTime:15.0]]
[2026-05-13T04:44:15.6589784-07:00] [pid=23108] LogConfig: Setting CVar [[s.LevelStreamingActorsUpdateTimeLimit:5.0]]
[2026-05-13T04:44:15.6589784-07:00] [pid=23108] LogConfig: Setting CVar [[s.PriorityLevelStreamingActorsUpdateExtraTime:5.0]]
[2026-05-13T04:44:15.6589784-07:00] [pid=23108] LogConfig: Setting CVar [[s.LevelStreamingComponentsRegistrationGranularity:10]]
[2026-05-13T04:44:15.6589784-07:00] [pid=23108] LogConfig: Setting CVar [[s.UnregisterComponentsTimeLimit:1.0]]
[2026-05-13T04:44:15.6589784-07:00] [pid=23108] LogConfig: Setting CVar [[s.LevelStreamingComponentsUnregistrationGranularity:5]]
[2026-05-13T04:44:15.6589784-07:00] [pid=23108] LogConfig: Setting CVar [[s.FlushStreamingOnExit:1]]
[2026-05-13T04:44:15.6634913-07:00] [pid=23108] LogInit: Object subsystem initialized
[2026-05-13T04:44:15.6644911-07:00] [pid=23108] LogConfig: Setting CVar [[con.DebugEarlyDefault:1]]
[2026-05-13T04:44:15.6644911-07:00] [pid=23108] LogConfig: Setting CVar [[r.setres:1280x720]]
[2026-05-13T04:44:15.6644911-07:00] [pid=23108] [2026.05.13-11.44.15:664][  0]LogConfig: Setting CVar [[con.DebugEarlyDefault:1]]
[2026-05-13T04:44:15.6644911-07:00] [pid=23108] [2026.05.13-11.44.15:664][  0]LogConfig: Setting CVar [[r.setres:1280x720]]
[2026-05-13T04:44:15.6644911-07:00] [pid=23108] [2026.05.13-11.44.15:664][  0]LogConfig: Applying CVar settings from Section [/Script/Engine.RendererSettings] File [C:/Users/kapil/OneDrive/Documents/Unreal Projects/testTP/Saved/Config/Windows/Engine.ini]
[2026-05-13T04:44:15.6644911-07:00] [pid=23108] [2026.05.13-11.44.15:664][  0]LogConfig: Setting CVar [[r.GPUCrashDebugging:0]]
[2026-05-13T04:44:15.6644911-07:00] [pid=23108] [2026.05.13-11.44.15:664][  0]LogConfig: Applying CVar settings from Section [/Script/Engine.RendererOverrideSettings] File [C:/Users/kapil/OneDrive/Documents/Unreal Projects/testTP/Saved/Config/Windows/Engine.ini]
[2026-05-13T04:44:15.6644911-07:00] [pid=23108] [2026.05.13-11.44.15:664][  0]LogConfig: Applying CVar settings from Section [/Script/Engine.StreamingSettings] File [C:/Users/kapil/OneDrive/Documents/Unreal Projects/testTP/Saved/Config/Windows/Engine.ini]
[2026-05-13T04:44:15.6644911-07:00] [pid=23108] [2026.05.13-11.44.15:664][  0]LogConfig: Setting CVar [[s.MinBulkDataSizeForAsyncLoading:131072]]
[2026-05-13T04:44:15.6644911-07:00] [pid=23108] [2026.05.13-11.44.15:664][  0]LogConfig: Setting CVar [[s.AsyncLoadingThreadEnabled:0]]
[2026-05-13T04:44:15.6644911-07:00] [pid=23108] [2026.05.13-11.44.15:664][  0]LogConfig: Setting CVar [[s.EventDrivenLoaderEnabled:1]]
[2026-05-13T04:44:15.6644911-07:00] [pid=23108] [2026.05.13-11.44.15:664][  0]LogConfig: Setting CVar [[s.WarnIfTimeLimitExceeded:0]]
[2026-05-13T04:44:15.6644911-07:00] [pid=23108] [2026.05.13-11.44.15:664][  0]LogConfig: Setting CVar [[s.TimeLimitExceededMultiplier:1.5]]
[2026-05-13T04:44:15.6644911-07:00] [pid=23108] [2026.05.13-11.44.15:664][  0]LogConfig: Setting CVar [[s.TimeLimitExceededMinTime:0.005]]
[2026-05-13T04:44:15.6644911-07:00] [pid=23108] [2026.05.13-11.44.15:664][  0]LogConfig: Setting CVar [[s.UseBackgroundLevelStreaming:1]]
[2026-05-13T04:44:15.6654906-07:00] [pid=23108] [2026.05.13-11.44.15:664][  0]LogConfig: Setting CVar [[s.PriorityAsyncLoadingExtraTime:15.0]]
[2026-05-13T04:44:15.6654906-07:00] [pid=23108] [2026.05.13-11.44.15:665][  0]LogConfig: Setting CVar [[s.LevelStreamingActorsUpdateTimeLimit:5.0]]
[2026-05-13T04:44:15.6654906-07:00] [pid=23108] [2026.05.13-11.44.15:665][  0]LogConfig: Setting CVar [[s.PriorityLevelStreamingActorsUpdateExtraTime:5.0]]
[2026-05-13T04:44:15.6654906-07:00] [pid=23108] [2026.05.13-11.44.15:665][  0]LogConfig: Setting CVar [[s.LevelStreamingComponentsRegistrationGranularity:10]]
[2026-05-13T04:44:15.6654906-07:00] [pid=23108] [2026.05.13-11.44.15:665][  0]LogConfig: Setting CVar [[s.UnregisterComponentsTimeLimit:1.0]]
[2026-05-13T04:44:15.6654906-07:00] [pid=23108] [2026.05.13-11.44.15:665][  0]LogConfig: Setting CVar [[s.LevelStreamingComponentsUnregistrationGranularity:5]]
[2026-05-13T04:44:15.6654906-07:00] [pid=23108] [2026.05.13-11.44.15:665][  0]LogConfig: Setting CVar [[s.FlushStreamingOnExit:1]]
[2026-05-13T04:44:15.6654906-07:00] [pid=23108] [2026.05.13-11.44.15:665][  0]LogConfig: Applying CVar settings from Section [/Script/Engine.GarbageCollectionSettings] File [C:/Users/kapil/OneDrive/Documents/Unreal Projects/testTP/Saved/Config/Windows/Engine.ini]
[2026-05-13T04:44:15.6654906-07:00] [pid=23108] [2026.05.13-11.44.15:665][  0]LogConfig: Setting CVar [[gc.MaxObjectsNotConsideredByGC:1]]
[2026-05-13T04:44:15.6654906-07:00] [pid=23108] [2026.05.13-11.44.15:665][  0]LogConfig: Setting CVar [[gc.SizeOfPermanentObjectPool:0]]
[2026-05-13T04:44:15.6654906-07:00] [pid=23108] [2026.05.13-11.44.15:665][  0]LogConfig: Setting CVar [[gc.FlushStreamingOnGC:0]]
[2026-05-13T04:44:15.6654906-07:00] [pid=23108] [2026.05.13-11.44.15:665][  0]LogConfig: Setting CVar [[gc.NumRetriesBeforeForcingGC:10]]
[2026-05-13T04:44:15.6654906-07:00] [pid=23108] [2026.05.13-11.44.15:665][  0]LogConfig: Setting CVar [[gc.AllowParallelGC:1]]
[2026-05-13T04:44:15.6654906-07:00] [pid=23108] [2026.05.13-11.44.15:665][  0]LogConfig: Setting CVar [[gc.TimeBetweenPurgingPendingKillObjects:61.1]]
[2026-05-13T04:44:15.6654906-07:00] [pid=23108] [2026.05.13-11.44.15:665][  0]LogConfig: Setting CVar [[gc.MaxObjectsInEditor:25165824]]
[2026-05-13T04:44:15.6654906-07:00] [pid=23108] [2026.05.13-11.44.15:665][  0]LogConfig: Setting CVar [[gc.IncrementalBeginDestroyEnabled:1]]
[2026-05-13T04:44:15.6654906-07:00] [pid=23108] [2026.05.13-11.44.15:665][  0]LogConfig: Setting CVar [[gc.CreateGCClusters:1]]
[2026-05-13T04:44:15.6654906-07:00] [pid=23108] [2026.05.13-11.44.15:665][  0]LogConfig: Setting CVar [[gc.MinGCClusterSize:5]]
[2026-05-13T04:44:15.6654906-07:00] [pid=23108] [2026.05.13-11.44.15:665][  0]LogConfig: Setting CVar [[gc.ActorClusteringEnabled:0]]
[2026-05-13T04:44:15.6654906-07:00] [pid=23108] [2026.05.13-11.44.15:665][  0]LogConfig: Setting CVar [[gc.BlueprintClusteringEnabled:0]]
[2026-05-13T04:44:15.6654906-07:00] [pid=23108] [2026.05.13-11.44.15:665][  0]LogConfig: Setting CVar [[gc.UseDisregardForGCOnDedicatedServers:0]]
[2026-05-13T04:44:15.6654906-07:00] [pid=23108] [2026.05.13-11.44.15:665][  0]LogConfig: Setting CVar [[gc.MultithreadedDestructionEnabled:1]]
[2026-05-13T04:44:15.6654906-07:00] [pid=23108] [2026.05.13-11.44.15:665][  0]LogConfig: Applying CVar settings from Section [/Script/Engine.NetworkSettings] File [C:/Users/kapil/OneDrive/Documents/Unreal Projects/testTP/Saved/Config/Windows/Engine.ini]
[2026-05-13T04:44:15.6654906-07:00] [pid=23108] [2026.05.13-11.44.15:665][  0]LogConfig: Applying CVar settings from Section [/Script/UnrealEd.CookerSettings] File [C:/Users/kapil/OneDrive/Documents/Unreal Projects/testTP/Saved/Config/Windows/Engine.ini]
[2026-05-13T04:44:15.6705046-07:00] [pid=23108] [2026.05.13-11.44.15:670][  0]LogConfig: Applying CVar settings from Section [ViewDistanceQuality@3] File [C:/Users/kapil/OneDrive/Documents/Unreal Projects/testTP/Saved/Config/Windows/Scalability.ini]
[2026-05-13T04:44:15.6705046-07:00] [pid=23108] [2026.05.13-11.44.15:670][  0]LogConfig: Setting CVar [[r.SkeletalMeshLODBias:0]]
[2026-05-13T04:44:15.6705046-07:00] [pid=23108] [2026.05.13-11.44.15:670][  0]LogConfig: Setting CVar [[r.ViewDistanceScale:1.0]]
[2026-05-13T04:44:15.6705046-07:00] [pid=23108] [2026.05.13-11.44.15:670][  0]LogConfig: Applying CVar settings from Section [AntiAliasingQuality@3] File [C:/Users/kapil/OneDrive/Documents/Unreal Projects/testTP/Saved/Config/Windows/Scalability.ini]
[2026-05-13T04:44:15.6705046-07:00] [pid=23108] [2026.05.13-11.44.15:670][  0]LogConfig: Setting CVar [[r.PostProcessAAQuality:4]]
[2026-05-13T04:44:15.6705046-07:00] [pid=23108] [2026.05.13-11.44.15:670][  0]LogConfig: Applying CVar settings from Section [ShadowQuality@3] File [C:/Users/kapil/OneDrive/Documents/Unreal Projects/testTP/Saved/Config/Windows/Scalability.ini]
[2026-05-13T04:44:15.6705046-07:00] [pid=23108] [2026.05.13-11.44.15:670][  0]LogConfig: Setting CVar [[r.LightFunctionQuality:1]]
[2026-05-13T04:44:15.6705046-07:00] [pid=23108] [2026.05.13-11.44.15:670][  0]LogConfig: Setting CVar [[r.ShadowQuality:5]]
[2026-05-13T04:44:15.6705046-07:00] [pid=23108] [2026.05.13-11.44.15:670][  0]LogConfig: Setting CVar [[r.Shadow.CSM.MaxCascades:10]]
[2026-05-13T04:44:15.6705046-07:00] [pid=23108] [2026.05.13-11.44.15:670][  0]LogConfig: Setting CVar [[r.Shadow.MaxResolution:2048]]
[2026-05-13T04:44:15.6705046-07:00] [pid=23108] [2026.05.13-11.44.15:670][  0]LogConfig: Setting CVar [[r.Shadow.MaxCSMResolution:2048]]
[2026-05-13T04:44:15.6705046-07:00] [pid=23108] [2026.05.13-11.44.15:670][  0]LogConfig: Setting CVar [[r.Shadow.RadiusThreshold:0.01]]
[2026-05-13T04:44:15.6705046-07:00] [pid=23108] [2026.05.13-11.44.15:670][  0]LogConfig: Setting CVar [[r.Shadow.DistanceScale:1.0]]
[2026-05-13T04:44:15.6705046-07:00] [pid=23108] [2026.05.13-11.44.15:670][  0]LogConfig: Setting CVar [[r.Shadow.CSM.TransitionScale:1.0]]
[2026-05-13T04:44:15.6705046-07:00] [pid=23108] [2026.05.13-11.44.15:670][  0]LogConfig: Setting CVar [[r.Shadow.PreShadowResolutionFactor:1.0]]
[2026-05-13T04:44:15.6705046-07:00] [pid=23108] [2026.05.13-11.44.15:670][  0]LogConfig: Setting CVar [[r.DistanceFieldShadowing:1]]
[2026-05-13T04:44:15.6705046-07:00] [pid=23108] [2026.05.13-11.44.15:670][  0]LogConfig: Setting CVar [[r.DistanceFieldAO:1]]
[2026-05-13T04:44:15.6705046-07:00] [pid=23108] [2026.05.13-11.44.15:670][  0]LogConfig: Setting CVar [[r.AOQuality:2]]
[2026-05-13T04:44:15.6705046-07:00] [pid=23108] [2026.05.13-11.44.15:670][  0]LogConfig: Setting CVar [[r.VolumetricFog:1]]
[2026-05-13T04:44:15.6705046-07:00] [pid=23108] [2026.05.13-11.44.15:670][  0]LogConfig: Setting CVar [[r.VolumetricFog.GridPixelSize:8]]
[2026-05-13T04:44:15.6705046-07:00] [pid=23108] [2026.05.13-11.44.15:670][  0]LogConfig: Setting CVar [[r.VolumetricFog.GridSizeZ:128]]
[2026-05-13T04:44:15.6705046-07:00] [pid=23108] [2026.05.13-11.44.15:670][  0]LogConfig: Setting CVar [[r.VolumetricFog.HistoryMissSupersampleCount:4]]
[2026-05-13T04:44:15.6705046-07:00] [pid=23108] [2026.05.13-11.44.15:670][  0]LogConfig: Setting CVar [[r.LightMaxDrawDistanceScale:1]]
[2026-05-13T04:44:15.6705046-07:00] [pid=23108] [2026.05.13-11.44.15:670][  0]LogConfig: Setting CVar [[r.CapsuleShadows:1]]
[2026-05-13T04:44:15.6705046-07:00] [pid=23108] [2026.05.13-11.44.15:670][  0]LogConfig: Applying CVar settings from Section [PostProcessQuality@3] File [C:/Users/kapil/OneDrive/Documents/Unreal Projects/testTP/Saved/Config/Windows/Scalability.ini]
[2026-05-13T04:44:15.6715078-07:00] [pid=23108] [2026.05.13-11.44.15:670][  0]LogConfig: Setting CVar [[r.MotionBlurQuality:4]]
[2026-05-13T04:44:15.6715078-07:00] [pid=23108] [2026.05.13-11.44.15:670][  0]LogConfig: Setting CVar [[r.AmbientOcclusionMipLevelFactor:0.4]]
[2026-05-13T04:44:15.6715078-07:00] [pid=23108] [2026.05.13-11.44.15:671][  0]LogConfig: Setting CVar [[r.AmbientOcclusionMaxQuality:100]]
[2026-05-13T04:44:15.6715078-07:00] [pid=23108] [2026.05.13-11.44.15:671][  0]LogConfig: Setting CVar [[r.AmbientOcclusionLevels:-1]]
[2026-05-13T04:44:15.6715078-07:00] [pid=23108] [2026.05.13-11.44.15:671][  0]LogConfig: Setting CVar [[r.AmbientOcclusionRadiusScale:1.0]]
[2026-05-13T04:44:15.6715078-07:00] [pid=23108] [2026.05.13-11.44.15:671][  0]LogConfig: Setting CVar [[r.DepthOfFieldQuality:2]]
[2026-05-13T04:44:15.6715078-07:00] [pid=23108] [2026.05.13-11.44.15:671][  0]LogConfig: Setting CVar [[r.RenderTargetPoolMin:400]]
[2026-05-13T04:44:15.6715078-07:00] [pid=23108] [2026.05.13-11.44.15:671][  0]LogConfig: Setting CVar [[r.LensFlareQuality:2]]
[2026-05-13T04:44:15.6715078-07:00] [pid=23108] [2026.05.13-11.44.15:671][  0]LogConfig: Setting CVar [[r.SceneColorFringeQuality:1]]
[2026-05-13T04:44:15.6715078-07:00] [pid=23108] [2026.05.13-11.44.15:671][  0]LogConfig: Setting CVar [[r.EyeAdaptationQuality:2]]
[2026-05-13T04:44:15.6715078-07:00] [pid=23108] [2026.05.13-11.44.15:671][  0]LogConfig: Setting CVar [[r.BloomQuality:5]]
[2026-05-13T04:44:15.6715078-07:00] [pid=23108] [2026.05.13-11.44.15:671][  0]LogConfig: Setting CVar [[r.FastBlurThreshold:100]]
[2026-05-13T04:44:15.6715078-07:00] [pid=23108] [2026.05.13-11.44.15:671][  0]LogConfig: Setting CVar [[r.Upscale.Quality:3]]
[2026-05-13T04:44:15.6715078-07:00] [pid=23108] [2026.05.13-11.44.15:671][  0]LogConfig: Setting CVar [[r.Tonemapper.GrainQuantization:1]]
[2026-05-13T04:44:15.6715078-07:00] [pid=23108] [2026.05.13-11.44.15:671][  0]LogConfig: Setting CVar [[r.LightShaftQuality:1]]
[2026-05-13T04:44:15.6715078-07:00] [pid=23108] [2026.05.13-11.44.15:671][  0]LogConfig: Setting CVar [[r.Filter.SizeScale:1]]
[2026-05-13T04:44:15.6715078-07:00] [pid=23108] [2026.05.13-11.44.15:671][  0]LogConfig: Setting CVar [[r.Tonemapper.Quality:5]]
[2026-05-13T04:44:15.6715078-07:00] [pid=23108] [2026.05.13-11.44.15:671][  0]LogConfig: Setting CVar [[r.DOF.Gather.AccumulatorQuality:1        ; higher gathering accumulator quality]]
[2026-05-13T04:44:15.6715078-07:00] [pid=23108] [2026.05.13-11.44.15:671][  0]LogConfig: Setting CVar [[r.DOF.Gather.PostfilterMethod:1          ; Median3x3 postfilering method]]
[2026-05-13T04:44:15.6715078-07:00] [pid=23108] [2026.05.13-11.44.15:671][  0]LogConfig: Setting CVar [[r.DOF.Gather.EnableBokehSettings:0       ; no bokeh simulation when gathering]]
[2026-05-13T04:44:15.6715078-07:00] [pid=23108] [2026.05.13-11.44.15:671][  0]LogConfig: Setting CVar [[r.DOF.Gather.RingCount:4                 ; medium number of samples when gathering]]
[2026-05-13T04:44:15.6715078-07:00] [pid=23108] [2026.05.13-11.44.15:671][  0]LogConfig: Setting CVar [[r.DOF.Scatter.ForegroundCompositing:1    ; additive foreground scattering]]
[2026-05-13T04:44:15.6715078-07:00] [pid=23108] [2026.05.13-11.44.15:671][  0]LogConfig: Setting CVar [[r.DOF.Scatter.BackgroundCompositing:2    ; additive background scattering]]
[2026-05-13T04:44:15.6715078-07:00] [pid=23108] [2026.05.13-11.44.15:671][  0]LogConfig: Setting CVar [[r.DOF.Scatter.EnableBokehSettings:1      ; bokeh simulation when scattering]]
[2026-05-13T04:44:15.6715078-07:00] [pid=23108] [2026.05.13-11.44.15:671][  0]LogConfig: Setting CVar [[r.DOF.Scatter.MaxSpriteRatio:0.1         ; only a maximum of 10% of scattered bokeh]]
[2026-05-13T04:44:15.6715078-07:00] [pid=23108] [2026.05.13-11.44.15:671][  0]LogConfig: Setting CVar [[r.DOF.Recombine.Quality:1                ; cheap slight out of focus]]
[2026-05-13T04:44:15.6715078-07:00] [pid=23108] [2026.05.13-11.44.15:671][  0]LogConfig: Setting CVar [[r.DOF.Recombine.EnableBokehSettings:0    ; no bokeh simulation on slight out of focus]]
[2026-05-13T04:44:15.6715078-07:00] [pid=23108] [2026.05.13-11.44.15:671][  0]LogConfig: Setting CVar [[r.DOF.TemporalAAQuality:1                ; more stable temporal accumulation]]
[2026-05-13T04:44:15.6715078-07:00] [pid=23108] [2026.05.13-11.44.15:671][  0]LogConfig: Setting CVar [[r.DOF.Kernel.MaxForegroundRadius:0.025]]
[2026-05-13T04:44:15.6715078-07:00] [pid=23108] [2026.05.13-11.44.15:671][  0]LogConfig: Setting CVar [[r.DOF.Kernel.MaxBackgroundRadius:0.025]]
[2026-05-13T04:44:15.6715078-07:00] [pid=23108] [2026.05.13-11.44.15:671][  0]LogConfig: Applying CVar settings from Section [TextureQuality@3] File [C:/Users/kapil/OneDrive/Documents/Unreal Projects/testTP/Saved/Config/Windows/Scalability.ini]
[2026-05-13T04:44:15.6715078-07:00] [pid=23108] [2026.05.13-11.44.15:671][  0]LogConfig: Setting CVar [[r.Streaming.MipBias:0]]
[2026-05-13T04:44:15.6715078-07:00] [pid=23108] [2026.05.13-11.44.15:671][  0]LogConfig: Setting CVar [[r.Streaming.AmortizeCPUToGPUCopy:0]]
[2026-05-13T04:44:15.6715078-07:00] [pid=23108] [2026.05.13-11.44.15:671][  0]LogConfig: Setting CVar [[r.Streaming.MaxNumTexturesToStreamPerFrame:0]]
[2026-05-13T04:44:15.6715078-07:00] [pid=23108] [2026.05.13-11.44.15:671][  0]LogConfig: Setting CVar [[r.Streaming.Boost:1]]
[2026-05-13T04:44:15.6715078-07:00] [pid=23108] [2026.05.13-11.44.15:671][  0]LogConfig: Setting CVar [[r.MaxAnisotropy:8]]
[2026-05-13T04:44:15.6715078-07:00] [pid=23108] [2026.05.13-11.44.15:671][  0]LogConfig: Setting CVar [[r.VT.MaxAnisotropy:8]]
[2026-05-13T04:44:15.6715078-07:00] [pid=23108] [2026.05.13-11.44.15:671][  0]LogConfig: Setting CVar [[r.Streaming.LimitPoolSizeToVRAM:0]]
[2026-05-13T04:44:15.6715078-07:00] [pid=23108] [2026.05.13-11.44.15:671][  0]LogConfig: Setting CVar [[r.Streaming.PoolSize:1000]]
[2026-05-13T04:44:15.6725107-07:00] [pid=23108] [2026.05.13-11.44.15:671][  0]LogConfig: Setting CVar [[r.Streaming.MaxEffectiveScreenSize:0]]
[2026-05-13T04:44:15.6725107-07:00] [pid=23108] [2026.05.13-11.44.15:672][  0]LogConfig: Applying CVar settings from Section [EffectsQuality@3] File [C:/Users/kapil/OneDrive/Documents/Unreal Projects/testTP/Saved/Config/Windows/Scalability.ini]
[2026-05-13T04:44:15.6725107-07:00] [pid=23108] [2026.05.13-11.44.15:672][  0]LogConfig: Setting CVar [[r.TranslucencyLightingVolumeDim:64]]
[2026-05-13T04:44:15.6725107-07:00] [pid=23108] [2026.05.13-11.44.15:672][  0]LogConfig: Setting CVar [[r.RefractionQuality:2]]
[2026-05-13T04:44:15.6725107-07:00] [pid=23108] [2026.05.13-11.44.15:672][  0]LogConfig: Setting CVar [[r.SSR.Quality:3]]
[2026-05-13T04:44:15.6725107-07:00] [pid=23108] [2026.05.13-11.44.15:672][  0]LogConfig: Setting CVar [[r.SSR.HalfResSceneColor:0]]
[2026-05-13T04:44:15.6725107-07:00] [pid=23108] [2026.05.13-11.44.15:672][  0]LogConfig: Setting CVar [[r.SceneColorFormat:4]]
[2026-05-13T04:44:15.6725107-07:00] [pid=23108] [2026.05.13-11.44.15:672][  0]LogConfig: Setting CVar [[r.DetailMode:2]]
[2026-05-13T04:44:15.6725107-07:00] [pid=23108] [2026.05.13-11.44.15:672][  0]LogConfig: Setting CVar [[r.TranslucencyVolumeBlur:1]]
[2026-05-13T04:44:15.6725107-07:00] [pid=23108] [2026.05.13-11.44.15:672][  0]LogConfig: Setting CVar [[r.MaterialQualityLevel:1 ; High quality]]
[2026-05-13T04:44:15.6725107-07:00] [pid=23108] [2026.05.13-11.44.15:672][  0]LogConfig: Setting CVar [[r.AnisotropicMaterials:1]]
[2026-05-13T04:44:15.6725107-07:00] [pid=23108] [2026.05.13-11.44.15:672][  0]LogConfig: Setting CVar [[r.SSS.Scale:1]]
[2026-05-13T04:44:15.6725107-07:00] [pid=23108] [2026.05.13-11.44.15:672][  0]LogConfig: Setting CVar [[r.SSS.SampleSet:2]]
[2026-05-13T04:44:15.6725107-07:00] [pid=23108] [2026.05.13-11.44.15:672][  0]LogConfig: Setting CVar [[r.SSS.Quality:1]]
[2026-05-13T04:44:15.6725107-07:00] [pid=23108] [2026.05.13-11.44.15:672][  0]LogConfig: Setting CVar [[r.SSS.HalfRes:0]]
[2026-05-13T04:44:15.6725107-07:00] [pid=23108] [2026.05.13-11.44.15:672][  0]LogConfig: Setting CVar [[r.SSGI.Quality:3]]
[2026-05-13T04:44:15.6725107-07:00] [pid=23108] [2026.05.13-11.44.15:672][  0]LogConfig: Setting CVar [[r.EmitterSpawnRateScale:1.0]]
[2026-05-13T04:44:15.6725107-07:00] [pid=23108] [2026.05.13-11.44.15:672][  0]LogConfig: Setting CVar [[r.ParticleLightQuality:2]]
[2026-05-13T04:44:15.6725107-07:00] [pid=23108] [2026.05.13-11.44.15:672][  0]LogConfig: Setting CVar [[r.SkyAtmosphere.AerialPerspectiveLUT.FastApplyOnOpaque:1 ; Always have FastSkyLUT 1 in this case to avoid wrong sky]]
[2026-05-13T04:44:15.6725107-07:00] [pid=23108] [2026.05.13-11.44.15:672][  0]LogConfig: Setting CVar [[r.SkyAtmosphere.AerialPerspectiveLUT.SampleCountMaxPerSlice:4]]
[2026-05-13T04:44:15.6725107-07:00] [pid=23108] [2026.05.13-11.44.15:672][  0]LogConfig: Setting CVar [[r.SkyAtmosphere.AerialPerspectiveLUT.DepthResolution:16.0]]
[2026-05-13T04:44:15.6725107-07:00] [pid=23108] [2026.05.13-11.44.15:672][  0]LogConfig: Setting CVar [[r.SkyAtmosphere.FastSkyLUT:1]]
[2026-05-13T04:44:15.6725107-07:00] [pid=23108] [2026.05.13-11.44.15:672][  0]LogConfig: Setting CVar [[r.SkyAtmosphere.FastSkyLUT.SampleCountMin:4.0]]
[2026-05-13T04:44:15.6725107-07:00] [pid=23108] [2026.05.13-11.44.15:672][  0]LogConfig: Setting CVar [[r.SkyAtmosphere.FastSkyLUT.SampleCountMax:128.0]]
[2026-05-13T04:44:15.6725107-07:00] [pid=23108] [2026.05.13-11.44.15:672][  0]LogConfig: Setting CVar [[r.SkyAtmosphere.SampleCountMin:4.0]]
[2026-05-13T04:44:15.6725107-07:00] [pid=23108] [2026.05.13-11.44.15:672][  0]LogConfig: Setting CVar [[r.SkyAtmosphere.SampleCountMax:128.0]]
[2026-05-13T04:44:15.6725107-07:00] [pid=23108] [2026.05.13-11.44.15:672][  0]LogConfig: Setting CVar [[r.SkyAtmosphere.TransmittanceLUT.UseSmallFormat:0]]
[2026-05-13T04:44:15.6725107-07:00] [pid=23108] [2026.05.13-11.44.15:672][  0]LogConfig: Setting CVar [[r.SkyAtmosphere.TransmittanceLUT.SampleCount:10.0]]
[2026-05-13T04:44:15.6725107-07:00] [pid=23108] [2026.05.13-11.44.15:672][  0]LogConfig: Setting CVar [[r.SkyAtmosphere.MultiScatteringLUT.SampleCount:15.0]]
[2026-05-13T04:44:15.6725107-07:00] [pid=23108] [2026.05.13-11.44.15:672][  0]LogConfig: Setting CVar [[r.SkyLight.RealTimeReflectionCapture:1]]
[2026-05-13T04:44:15.6725107-07:00] [pid=23108] [2026.05.13-11.44.15:672][  0]LogConfig: Applying CVar settings from Section [FoliageQuality@3] File [C:/Users/kapil/OneDrive/Documents/Unreal Projects/testTP/Saved/Config/Windows/Scalability.ini]
[2026-05-13T04:44:15.6725107-07:00] [pid=23108] [2026.05.13-11.44.15:672][  0]LogConfig: Setting CVar [[foliage.DensityScale:1.0]]
[2026-05-13T04:44:15.6735110-07:00] [pid=23108] [2026.05.13-11.44.15:672][  0]LogConfig: Setting CVar [[grass.DensityScale:1.0]]
[2026-05-13T04:44:15.6735110-07:00] [pid=23108] [2026.05.13-11.44.15:673][  0]LogConfig: Applying CVar settings from Section [ShadingQuality@3] File [C:/Users/kapil/OneDrive/Documents/Unreal Projects/testTP/Saved/Config/Windows/Scalability.ini]
[2026-05-13T04:44:15.6735110-07:00] [pid=23108] [2026.05.13-11.44.15:673][  0]LogConfig: Setting CVar [[r.HairStrands.SkyLighting.IntegrationType:2]]
[2026-05-13T04:44:15.6735110-07:00] [pid=23108] [2026.05.13-11.44.15:673][  0]LogConfig: Setting CVar [[r.HairStrands.SkyAO.SampleCount:4]]
[2026-05-13T04:44:15.6735110-07:00] [pid=23108] [2026.05.13-11.44.15:673][  0]LogConfig: Setting CVar [[r.HairStrands.Visibility.MSAA.SamplePerPixel:4]]
[2026-05-13T04:44:15.6735110-07:00] [pid=23108] [2026.05.13-11.44.15:673][  0]LogInit: Selected Device Profile: [Windows]
[2026-05-13T04:44:15.6735110-07:00] [pid=23108] [2026.05.13-11.44.15:673][  0]LogInit: Applying CVar settings loaded from the selected device profile: [Windows]
[2026-05-13T04:44:15.6735110-07:00] [pid=23108] [2026.05.13-11.44.15:673][  0]LogHAL: Display: Platform has ~ 16 GB [16849256448 / 17179869184 / 16], which maps to Larger [LargestMinGB=32, LargerMinGB=12, DefaultMinGB=8, SmallerMinGB=6, SmallestMinGB=0)
[2026-05-13T04:44:15.6735110-07:00] [pid=23108] [2026.05.13-11.44.15:673][  0]LogInit: Going up to parent DeviceProfile []
[2026-05-13T04:44:15.6735110-07:00] [pid=23108] [2026.05.13-11.44.15:673][  0]LogConfig: Applying CVar settings from Section [ViewDistanceQuality@3] File [C:/Users/kapil/OneDrive/Documents/Unreal Projects/testTP/Saved/Config/Windows/Scalability.ini]
[2026-05-13T04:44:15.6735110-07:00] [pid=23108] [2026.05.13-11.44.15:673][  0]LogConfig: Setting CVar [[r.SkeletalMeshLODBias:0]]
[2026-05-13T04:44:15.6735110-07:00] [pid=23108] [2026.05.13-11.44.15:673][  0]LogConfig: Setting CVar [[r.ViewDistanceScale:1.0]]
[2026-05-13T04:44:15.6735110-07:00] [pid=23108] [2026.05.13-11.44.15:673][  0]LogConfig: Applying CVar settings from Section [AntiAliasingQuality@3] File [C:/Users/kapil/OneDrive/Documents/Unreal Projects/testTP/Saved/Config/Windows/Scalability.ini]
[2026-05-13T04:44:15.6735110-07:00] [pid=23108] [2026.05.13-11.44.15:673][  0]LogConfig: Setting CVar [[r.PostProcessAAQuality:4]]
[2026-05-13T04:44:15.6735110-07:00] [pid=23108] [2026.05.13-11.44.15:673][  0]LogConfig: Applying CVar settings from Section [ShadowQuality@3] File [C:/Users/kapil/OneDrive/Documents/Unreal Projects/testTP/Saved/Config/Windows/Scalability.ini]
[2026-05-13T04:44:15.6735110-07:00] [pid=23108] [2026.05.13-11.44.15:673][  0]LogConfig: Setting CVar [[r.LightFunctionQuality:1]]
[2026-05-13T04:44:15.6735110-07:00] [pid=23108] [2026.05.13-11.44.15:673][  0]LogConfig: Setting CVar [[r.ShadowQuality:5]]
[2026-05-13T04:44:15.6735110-07:00] [pid=23108] [2026.05.13-11.44.15:673][  0]LogConfig: Setting CVar [[r.Shadow.CSM.MaxCascades:10]]
[2026-05-13T04:44:15.6735110-07:00] [pid=23108] [2026.05.13-11.44.15:673][  0]LogConfig: Setting CVar [[r.Shadow.MaxResolution:2048]]
[2026-05-13T04:44:15.6735110-07:00] [pid=23108] [2026.05.13-11.44.15:673][  0]LogConfig: Setting CVar [[r.Shadow.MaxCSMResolution:2048]]
[2026-05-13T04:44:15.6735110-07:00] [pid=23108] [2026.05.13-11.44.15:673][  0]LogConfig: Setting CVar [[r.Shadow.RadiusThreshold:0.01]]
[2026-05-13T04:44:15.6735110-07:00] [pid=23108] [2026.05.13-11.44.15:673][  0]LogConfig: Setting CVar [[r.Shadow.DistanceScale:1.0]]
[2026-05-13T04:44:15.6735110-07:00] [pid=23108] [2026.05.13-11.44.15:673][  0]LogConfig: Setting CVar [[r.Shadow.CSM.TransitionScale:1.0]]
[2026-05-13T04:44:15.6735110-07:00] [pid=23108] [2026.05.13-11.44.15:673][  0]LogConfig: Setting CVar [[r.Shadow.PreShadowResolutionFactor:1.0]]
[2026-05-13T04:44:15.6735110-07:00] [pid=23108] [2026.05.13-11.44.15:673][  0]LogConfig: Setting CVar [[r.DistanceFieldShadowing:1]]
[2026-05-13T04:44:15.6735110-07:00] [pid=23108] [2026.05.13-11.44.15:673][  0]LogConfig: Setting CVar [[r.DistanceFieldAO:1]]
[2026-05-13T04:44:15.6735110-07:00] [pid=23108] [2026.05.13-11.44.15:673][  0]LogConfig: Setting CVar [[r.AOQuality:2]]
[2026-05-13T04:44:15.6735110-07:00] [pid=23108] [2026.05.13-11.44.15:673][  0]LogConfig: Setting CVar [[r.VolumetricFog:1]]
[2026-05-13T04:44:15.6735110-07:00] [pid=23108] [2026.05.13-11.44.15:673][  0]LogConfig: Setting CVar [[r.VolumetricFog.GridPixelSize:8]]
[2026-05-13T04:44:15.6745110-07:00] [pid=23108] [2026.05.13-11.44.15:673][  0]LogConfig: Setting CVar [[r.VolumetricFog.GridSizeZ:128]]
[2026-05-13T04:44:15.6745110-07:00] [pid=23108] [2026.05.13-11.44.15:674][  0]LogConfig: Setting CVar [[r.VolumetricFog.HistoryMissSupersampleCount:4]]
[2026-05-13T04:44:15.6745110-07:00] [pid=23108] [2026.05.13-11.44.15:674][  0]LogConfig: Setting CVar [[r.LightMaxDrawDistanceScale:1]]
[2026-05-13T04:44:15.6745110-07:00] [pid=23108] [2026.05.13-11.44.15:674][  0]LogConfig: Setting CVar [[r.CapsuleShadows:1]]
[2026-05-13T04:44:15.6745110-07:00] [pid=23108] [2026.05.13-11.44.15:674][  0]LogConfig: Applying CVar settings from Section [PostProcessQuality@3] File [C:/Users/kapil/OneDrive/Documents/Unreal Projects/testTP/Saved/Config/Windows/Scalability.ini]
[2026-05-13T04:44:15.6745110-07:00] [pid=23108] [2026.05.13-11.44.15:674][  0]LogConfig: Setting CVar [[r.MotionBlurQuality:4]]
[2026-05-13T04:44:15.6745110-07:00] [pid=23108] [2026.05.13-11.44.15:674][  0]LogConfig: Setting CVar [[r.AmbientOcclusionMipLevelFactor:0.4]]
[2026-05-13T04:44:15.6745110-07:00] [pid=23108] [2026.05.13-11.44.15:674][  0]LogConfig: Setting CVar [[r.AmbientOcclusionMaxQuality:100]]
[2026-05-13T04:44:15.6745110-07:00] [pid=23108] [2026.05.13-11.44.15:674][  0]LogConfig: Setting CVar [[r.AmbientOcclusionLevels:-1]]
[2026-05-13T04:44:15.6745110-07:00] [pid=23108] [2026.05.13-11.44.15:674][  0]LogConfig: Setting CVar [[r.AmbientOcclusionRadiusScale:1.0]]
[2026-05-13T04:44:15.6745110-07:00] [pid=23108] [2026.05.13-11.44.15:674][  0]LogConfig: Setting CVar [[r.DepthOfFieldQuality:2]]
[2026-05-13T04:44:15.6745110-07:00] [pid=23108] [2026.05.13-11.44.15:674][  0]LogConfig: Setting CVar [[r.RenderTargetPoolMin:400]]
[2026-05-13T04:44:15.6745110-07:00] [pid=23108] [2026.05.13-11.44.15:674][  0]LogConfig: Setting CVar [[r.LensFlareQuality:2]]
[2026-05-13T04:44:15.6745110-07:00] [pid=23108] [2026.05.13-11.44.15:674][  0]LogConfig: Setting CVar [[r.SceneColorFringeQuality:1]]
[2026-05-13T04:44:15.6745110-07:00] [pid=23108] [2026.05.13-11.44.15:674][  0]LogConfig: Setting CVar [[r.EyeAdaptationQuality:2]]
[2026-05-13T04:44:15.6745110-07:00] [pid=23108] [2026.05.13-11.44.15:674][  0]LogConfig: Setting CVar [[r.BloomQuality:5]]
[2026-05-13T04:44:15.6745110-07:00] [pid=23108] [2026.05.13-11.44.15:674][  0]LogConfig: Setting CVar [[r.FastBlurThreshold:100]]
[2026-05-13T04:44:15.6745110-07:00] [pid=23108] [2026.05.13-11.44.15:674][  0]LogConfig: Setting CVar [[r.Upscale.Quality:3]]
[2026-05-13T04:44:15.6745110-07:00] [pid=23108] [2026.05.13-11.44.15:674][  0]LogConfig: Setting CVar [[r.Tonemapper.GrainQuantization:1]]
[2026-05-13T04:44:15.6745110-07:00] [pid=23108] [2026.05.13-11.44.15:674][  0]LogConfig: Setting CVar [[r.LightShaftQuality:1]]
[2026-05-13T04:44:15.6745110-07:00] [pid=23108] [2026.05.13-11.44.15:674][  0]LogConfig: Setting CVar [[r.Filter.SizeScale:1]]
[2026-05-13T04:44:15.6745110-07:00] [pid=23108] [2026.05.13-11.44.15:674][  0]LogConfig: Setting CVar [[r.Tonemapper.Quality:5]]
[2026-05-13T04:44:15.6745110-07:00] [pid=23108] [2026.05.13-11.44.15:674][  0]LogConfig: Setting CVar [[r.DOF.Gather.AccumulatorQuality:1        ; higher gathering accumulator quality]]
[2026-05-13T04:44:15.6745110-07:00] [pid=23108] [2026.05.13-11.44.15:674][  0]LogConfig: Setting CVar [[r.DOF.Gather.PostfilterMethod:1          ; Median3x3 postfilering method]]
[2026-05-13T04:44:15.6745110-07:00] [pid=23108] [2026.05.13-11.44.15:674][  0]LogConfig: Setting CVar [[r.DOF.Gather.EnableBokehSettings:0       ; no bokeh simulation when gathering]]
[2026-05-13T04:44:15.6745110-07:00] [pid=23108] [2026.05.13-11.44.15:674][  0]LogConfig: Setting CVar [[r.DOF.Gather.RingCount:4                 ; medium number of samples when gathering]]
[2026-05-13T04:44:15.6745110-07:00] [pid=23108] [2026.05.13-11.44.15:674][  0]LogConfig: Setting CVar [[r.DOF.Scatter.ForegroundCompositing:1    ; additive foreground scattering]]
[2026-05-13T04:44:15.6745110-07:00] [pid=23108] [2026.05.13-11.44.15:674][  0]LogConfig: Setting CVar [[r.DOF.Scatter.BackgroundCompositing:2    ; additive background scattering]]
[2026-05-13T04:44:15.6745110-07:00] [pid=23108] [2026.05.13-11.44.15:674][  0]LogConfig: Setting CVar [[r.DOF.Scatter.EnableBokehSettings:1      ; bokeh simulation when scattering]]
[2026-05-13T04:44:15.6745110-07:00] [pid=23108] [2026.05.13-11.44.15:674][  0]LogConfig: Setting CVar [[r.DOF.Scatter.MaxSpriteRatio:0.1         ; only a maximum of 10% of scattered bokeh]]
[2026-05-13T04:44:15.6745110-07:00] [pid=23108] [2026.05.13-11.44.15:674][  0]LogConfig: Setting CVar [[r.DOF.Recombine.Quality:1                ; cheap slight out of focus]]
[2026-05-13T04:44:15.6745110-07:00] [pid=23108] [2026.05.13-11.44.15:674][  0]LogConfig: Setting CVar [[r.DOF.Recombine.EnableBokehSettings:0    ; no bokeh simulation on slight out of focus]]
[2026-05-13T04:44:15.6745110-07:00] [pid=23108] [2026.05.13-11.44.15:674][  0]LogConfig: Setting CVar [[r.DOF.TemporalAAQuality:1                ; more stable temporal accumulation]]
[2026-05-13T04:44:15.6745110-07:00] [pid=23108] [2026.05.13-11.44.15:674][  0]LogConfig: Setting CVar [[r.DOF.Kernel.MaxForegroundRadius:0.025]]
[2026-05-13T04:44:15.6745110-07:00] [pid=23108] [2026.05.13-11.44.15:674][  0]LogConfig: Setting CVar [[r.DOF.Kernel.MaxBackgroundRadius:0.025]]
[2026-05-13T04:44:15.6745110-07:00] [pid=23108] [2026.05.13-11.44.15:674][  0]LogConfig: Applying CVar settings from Section [TextureQuality@3] File [C:/Users/kapil/OneDrive/Documents/Unreal Projects/testTP/Saved/Config/Windows/Scalability.ini]
[2026-05-13T04:44:15.6755117-07:00] [pid=23108] [2026.05.13-11.44.15:674][  0]LogConfig: Setting CVar [[r.Streaming.MipBias:0]]
[2026-05-13T04:44:15.6755117-07:00] [pid=23108] [2026.05.13-11.44.15:675][  0]LogConfig: Setting CVar [[r.Streaming.AmortizeCPUToGPUCopy:0]]
[2026-05-13T04:44:15.6755117-07:00] [pid=23108] [2026.05.13-11.44.15:675][  0]LogConfig: Setting CVar [[r.Streaming.MaxNumTexturesToStreamPerFrame:0]]
[2026-05-13T04:44:15.6755117-07:00] [pid=23108] [2026.05.13-11.44.15:675][  0]LogConfig: Setting CVar [[r.Streaming.Boost:1]]
[2026-05-13T04:44:15.6755117-07:00] [pid=23108] [2026.05.13-11.44.15:675][  0]LogConfig: Setting CVar [[r.MaxAnisotropy:8]]
[2026-05-13T04:44:15.6755117-07:00] [pid=23108] [2026.05.13-11.44.15:675][  0]LogConfig: Setting CVar [[r.VT.MaxAnisotropy:8]]
[2026-05-13T04:44:15.6755117-07:00] [pid=23108] [2026.05.13-11.44.15:675][  0]LogConfig: Setting CVar [[r.Streaming.LimitPoolSizeToVRAM:0]]
[2026-05-13T04:44:15.6755117-07:00] [pid=23108] [2026.05.13-11.44.15:675][  0]LogConfig: Setting CVar [[r.Streaming.PoolSize:1000]]
[2026-05-13T04:44:15.6755117-07:00] [pid=23108] [2026.05.13-11.44.15:675][  0]LogConfig: Setting CVar [[r.Streaming.MaxEffectiveScreenSize:0]]
[2026-05-13T04:44:15.6755117-07:00] [pid=23108] [2026.05.13-11.44.15:675][  0]LogConfig: Applying CVar settings from Section [EffectsQuality@3] File [C:/Users/kapil/OneDrive/Documents/Unreal Projects/testTP/Saved/Config/Windows/Scalability.ini]
[2026-05-13T04:44:15.6755117-07:00] [pid=23108] [2026.05.13-11.44.15:675][  0]LogConfig: Setting CVar [[r.TranslucencyLightingVolumeDim:64]]
[2026-05-13T04:44:15.6755117-07:00] [pid=23108] [2026.05.13-11.44.15:675][  0]LogConfig: Setting CVar [[r.RefractionQuality:2]]
[2026-05-13T04:44:15.6755117-07:00] [pid=23108] [2026.05.13-11.44.15:675][  0]LogConfig: Setting CVar [[r.SSR.Quality:3]]
[2026-05-13T04:44:15.6755117-07:00] [pid=23108] [2026.05.13-11.44.15:675][  0]LogConfig: Setting CVar [[r.SSR.HalfResSceneColor:0]]
[2026-05-13T04:44:15.6755117-07:00] [pid=23108] [2026.05.13-11.44.15:675][  0]LogConfig: Setting CVar [[r.SceneColorFormat:4]]
[2026-05-13T04:44:15.6755117-07:00] [pid=23108] [2026.05.13-11.44.15:675][  0]LogConfig: Setting CVar [[r.DetailMode:2]]
[2026-05-13T04:44:15.6755117-07:00] [pid=23108] [2026.05.13-11.44.15:675][  0]LogConfig: Setting CVar [[r.TranslucencyVolumeBlur:1]]
[2026-05-13T04:44:15.6755117-07:00] [pid=23108] [2026.05.13-11.44.15:675][  0]LogConfig: Setting CVar [[r.MaterialQualityLevel:1 ; High quality]]
[2026-05-13T04:44:15.6755117-07:00] [pid=23108] [2026.05.13-11.44.15:675][  0]LogConfig: Setting CVar [[r.AnisotropicMaterials:1]]
[2026-05-13T04:44:15.6755117-07:00] [pid=23108] [2026.05.13-11.44.15:675][  0]LogConfig: Setting CVar [[r.SSS.Scale:1]]
[2026-05-13T04:44:15.6755117-07:00] [pid=23108] [2026.05.13-11.44.15:675][  0]LogConfig: Setting CVar [[r.SSS.SampleSet:2]]
[2026-05-13T04:44:15.6755117-07:00] [pid=23108] [2026.05.13-11.44.15:675][  0]LogConfig: Setting CVar [[r.SSS.Quality:1]]
[2026-05-13T04:44:15.6755117-07:00] [pid=23108] [2026.05.13-11.44.15:675][  0]LogConfig: Setting CVar [[r.SSS.HalfRes:0]]
[2026-05-13T04:44:15.6755117-07:00] [pid=23108] [2026.05.13-11.44.15:675][  0]LogConfig: Setting CVar [[r.SSGI.Quality:3]]
[2026-05-13T04:44:15.6755117-07:00] [pid=23108] [2026.05.13-11.44.15:675][  0]LogConfig: Setting CVar [[r.EmitterSpawnRateScale:1.0]]
[2026-05-13T04:44:15.6755117-07:00] [pid=23108] [2026.05.13-11.44.15:675][  0]LogConfig: Setting CVar [[r.ParticleLightQuality:2]]
[2026-05-13T04:44:15.6755117-07:00] [pid=23108] [2026.05.13-11.44.15:675][  0]LogConfig: Setting CVar [[r.SkyAtmosphere.AerialPerspectiveLUT.FastApplyOnOpaque:1 ; Always have FastSkyLUT 1 in this case to avoid wrong sky]]
[2026-05-13T04:44:15.6755117-07:00] [pid=23108] [2026.05.13-11.44.15:675][  0]LogConfig: Setting CVar [[r.SkyAtmosphere.AerialPerspectiveLUT.SampleCountMaxPerSlice:4]]
[2026-05-13T04:44:15.6755117-07:00] [pid=23108] [2026.05.13-11.44.15:675][  0]LogConfig: Setting CVar [[r.SkyAtmosphere.AerialPerspectiveLUT.DepthResolution:16.0]]
[2026-05-13T04:44:15.6755117-07:00] [pid=23108] [2026.05.13-11.44.15:675][  0]LogConfig: Setting CVar [[r.SkyAtmosphere.FastSkyLUT:1]]
[2026-05-13T04:44:15.6755117-07:00] [pid=23108] [2026.05.13-11.44.15:675][  0]LogConfig: Setting CVar [[r.SkyAtmosphere.FastSkyLUT.SampleCountMin:4.0]]
[2026-05-13T04:44:15.6755117-07:00] [pid=23108] [2026.05.13-11.44.15:675][  0]LogConfig: Setting CVar [[r.SkyAtmosphere.FastSkyLUT.SampleCountMax:128.0]]
[2026-05-13T04:44:15.6755117-07:00] [pid=23108] [2026.05.13-11.44.15:675][  0]LogConfig: Setting CVar [[r.SkyAtmosphere.SampleCountMin:4.0]]
[2026-05-13T04:44:15.6755117-07:00] [pid=23108] [2026.05.13-11.44.15:675][  0]LogConfig: Setting CVar [[r.SkyAtmosphere.SampleCountMax:128.0]]
[2026-05-13T04:44:15.6755117-07:00] [pid=23108] [2026.05.13-11.44.15:675][  0]LogConfig: Setting CVar [[r.SkyAtmosphere.TransmittanceLUT.UseSmallFormat:0]]
[2026-05-13T04:44:15.6755117-07:00] [pid=23108] [2026.05.13-11.44.15:675][  0]LogConfig: Setting CVar [[r.SkyAtmosphere.TransmittanceLUT.SampleCount:10.0]]
[2026-05-13T04:44:15.6755117-07:00] [pid=23108] [2026.05.13-11.44.15:675][  0]LogConfig: Setting CVar [[r.SkyAtmosphere.MultiScatteringLUT.SampleCount:15.0]]
[2026-05-13T04:44:15.6755117-07:00] [pid=23108] [2026.05.13-11.44.15:675][  0]LogConfig: Setting CVar [[r.SkyLight.RealTimeReflectionCapture:1]]
[2026-05-13T04:44:15.6755117-07:00] [pid=23108] [2026.05.13-11.44.15:675][  0]LogConfig: Applying CVar settings from Section [FoliageQuality@3] File [C:/Users/kapil/OneDrive/Documents/Unreal Projects/testTP/Saved/Config/Windows/Scalability.ini]
[2026-05-13T04:44:15.6755117-07:00] [pid=23108] [2026.05.13-11.44.15:675][  0]LogConfig: Setting CVar [[foliage.DensityScale:1.0]]
[2026-05-13T04:44:15.6755117-07:00] [pid=23108] [2026.05.13-11.44.15:675][  0]LogConfig: Setting CVar [[grass.DensityScale:1.0]]
[2026-05-13T04:44:15.6755117-07:00] [pid=23108] [2026.05.13-11.44.15:675][  0]LogConfig: Applying CVar settings from Section [ShadingQuality@3] File [C:/Users/kapil/OneDrive/Documents/Unreal Projects/testTP/Saved/Config/Windows/Scalability.ini]
[2026-05-13T04:44:15.6755117-07:00] [pid=23108] [2026.05.13-11.44.15:675][  0]LogConfig: Setting CVar [[r.HairStrands.SkyLighting.IntegrationType:2]]
[2026-05-13T04:44:15.6755117-07:00] [pid=23108] [2026.05.13-11.44.15:675][  0]LogConfig: Setting CVar [[r.HairStrands.SkyAO.SampleCount:4]]
[2026-05-13T04:44:15.6755117-07:00] [pid=23108] [2026.05.13-11.44.15:675][  0]LogConfig: Setting CVar [[r.HairStrands.Visibility.MSAA.SamplePerPixel:4]]
[2026-05-13T04:44:15.6770167-07:00] [pid=23108] [2026.05.13-11.44.15:675][  0]LogConfig: Applying CVar settings from Section [Startup] File [../../../Engine/Config/ConsoleVariables.ini]
[2026-05-13T04:44:15.6770167-07:00] [pid=23108] [2026.05.13-11.44.15:677][  0]LogConfig: Setting CVar [[net.UseAdaptiveNetUpdateFrequency:0]]
[2026-05-13T04:44:15.6770167-07:00] [pid=23108] [2026.05.13-11.44.15:677][  0]LogConfig: Setting CVar [[p.chaos.AllowCreatePhysxBodies:1]]
[2026-05-13T04:44:15.6770167-07:00] [pid=23108] [2026.05.13-11.44.15:677][  0]LogConfig: Setting CVar [[fx.SkipVectorVMBackendOptimizations:1]]
[2026-05-13T04:44:15.6770167-07:00] [pid=23108] [2026.05.13-11.44.15:677][  0]LogConfig: Applying CVar settings from Section [ConsoleVariables] File [C:/Users/kapil/OneDrive/Documents/Unreal Projects/testTP/Saved/Config/Windows/Engine.ini]
[2026-05-13T04:44:15.6770167-07:00] [pid=23108] [2026.05.13-11.44.15:677][  0]LogConfig: Applying CVar settings from Section [ConsoleVariables] File [C:/Users/kapil/OneDrive/Documents/Unreal Projects/testTP/Saved/Config/Windows/Editor.ini]
[2026-05-13T04:44:15.6770167-07:00] [pid=23108] [2026.05.13-11.44.15:677][  0]LogInit: Computer: IMMERSEDEMOM5
[2026-05-13T04:44:15.6770167-07:00] [pid=23108] [2026.05.13-11.44.15:677][  0]LogInit: User: kapil
[2026-05-13T04:44:15.6770167-07:00] [pid=23108] [2026.05.13-11.44.15:677][  0]LogInit: CPU Page size=4096, Cores=14
[2026-05-13T04:44:15.6770167-07:00] [pid=23108] [2026.05.13-11.44.15:677][  0]LogInit: High frequency timer resolution =10.000000 MHz
[2026-05-13T04:44:15.6770167-07:00] [pid=23108] [2026.05.13-11.44.15:677][  0]LogMemory: Memory total: Physical=15.7GB (16GB approx)
[2026-05-13T04:44:15.6770167-07:00] [pid=23108] [2026.05.13-11.44.15:677][  0]LogMemory: Platform Memory Stats for Windows
[2026-05-13T04:44:15.6770167-07:00] [pid=23108] [2026.05.13-11.44.15:677][  0]LogMemory: Process Physical Memory: 151.02 MB used, 151.02 MB peak
[2026-05-13T04:44:15.6770167-07:00] [pid=23108] [2026.05.13-11.44.15:677][  0]LogMemory: Process Virtual Memory: 128.93 MB used, 128.93 MB peak
[2026-05-13T04:44:15.6770167-07:00] [pid=23108] [2026.05.13-11.44.15:677][  0]LogMemory: Physical Memory: 12921.25 MB used,  3147.46 MB free, 16068.70 MB total
[2026-05-13T04:44:15.6770167-07:00] [pid=23108] [2026.05.13-11.44.15:677][  0]LogMemory: Virtual Memory: 134207088.00 MB used,  10643.23 MB free, 134217728.00 MB total
[2026-05-13T04:44:15.6815322-07:00] [pid=23108] [2026.05.13-11.44.15:681][  0]LogWindows: WindowsPlatformFeatures enabled
[2026-05-13T04:44:15.7166135-07:00] [pid=23108] [2026.05.13-11.44.15:716][  0]LogInit: Physics initialised using underlying interface: PhysX
[2026-05-13T04:44:15.7166135-07:00] [pid=23108] [2026.05.13-11.44.15:716][  0]LogInit: Using OS detected language (en-US).
[2026-05-13T04:44:15.7166135-07:00] [pid=23108] [2026.05.13-11.44.15:716][  0]LogInit: Using OS detected locale (en-US).
[2026-05-13T04:44:15.7211295-07:00] [pid=23108] [2026.05.13-11.44.15:721][  0]LogTextLocalizationManager: No specific localization for 'en-US' exists, so the 'en' localization will be used.
[2026-05-13T04:44:15.8704768-07:00] [pid=23108] [2026.05.13-11.44.15:870][  0]LogWindowsTextInputMethodSystem: Display: IME system deactivated.
[2026-05-13T04:44:15.8805051-07:00] [pid=23108] [2026.05.13-11.44.15:880][  0]LogSlate: New Slate User Created.  User Index 0, Is Virtual User: 0
[2026-05-13T04:44:15.8805051-07:00] [pid=23108] [2026.05.13-11.44.15:880][  0]LogSlate: Slate User Registered.  User Index 0, Is Virtual User: 0
[2026-05-13T04:44:15.8890230-07:00] [pid=23108] [2026.05.13-11.44.15:889][  0]LogD3D11RHI: Loaded GFSDK_Aftermath_Lib.x64.dll
[2026-05-13T04:44:15.9331070-07:00] [pid=23108] [2026.05.13-11.44.15:933][  0]LogHMD: Failed to initialize OpenVR with code 110
[2026-05-13T04:44:15.9331070-07:00] [pid=23108] [2026.05.13-11.44.15:933][  0]LogD3D11RHI: D3D11 min allowed feature level: 11_0
[2026-05-13T04:44:15.9331070-07:00] [pid=23108] [2026.05.13-11.44.15:933][  0]LogD3D11RHI: D3D11 max allowed feature level: 11_0
[2026-05-13T04:44:15.9331070-07:00] [pid=23108] [2026.05.13-11.44.15:933][  0]LogD3D11RHI: D3D11 adapters:
[2026-05-13T04:44:16.0987299-07:00] [pid=23108] [2026.05.13-11.44.16:098][  0]LogD3D11RHI:    0. 'NVIDIA GeForce RTX 4060 Laptop GPU' (Feature Level 11_0)
[2026-05-13T04:44:16.0987299-07:00] [pid=23108] [2026.05.13-11.44.16:098][  0]LogD3D11RHI:       7957/0/8034 MB DedicatedVideo/DedicatedSystem/SharedSystem, Outputs:1, VendorId:0x10de
[2026-05-13T04:44:16.1243153-07:00] [pid=23108] [2026.05.13-11.44.16:124][  0]LogD3D11RHI:    1. 'Intel(R) UHD Graphics' (Feature Level 11_0)
[2026-05-13T04:44:16.1243153-07:00] [pid=23108] [2026.05.13-11.44.16:124][  0]LogD3D11RHI:       128/0/8034 MB DedicatedVideo/DedicatedSystem/SharedSystem, Outputs:0, VendorId:0x8086
[2026-05-13T04:44:16.1278467-07:00] [pid=23108] [2026.05.13-11.44.16:127][  0]LogD3D11RHI:    2. 'Microsoft Basic Render Driver' (Feature Level 11_0)
[2026-05-13T04:44:16.1278467-07:00] [pid=23108] [2026.05.13-11.44.16:127][  0]LogD3D11RHI:       0/0/8034 MB DedicatedVideo/DedicatedSystem/SharedSystem, Outputs:0, VendorId:0x1414
[2026-05-13T04:44:16.1278467-07:00] [pid=23108] [2026.05.13-11.44.16:127][  0]LogD3D11RHI: Chosen D3D11 Adapter:
[2026-05-13T04:44:16.1278467-07:00] [pid=23108] [2026.05.13-11.44.16:127][  0]LogD3D11RHI:     Description : NVIDIA GeForce RTX 4060 Laptop GPU
[2026-05-13T04:44:16.1278467-07:00] [pid=23108] [2026.05.13-11.44.16:127][  0]LogD3D11RHI:     VendorId    : 10de
[2026-05-13T04:44:16.1278467-07:00] [pid=23108] [2026.05.13-11.44.16:127][  0]LogD3D11RHI:     DeviceId    : 28e0
[2026-05-13T04:44:16.1278467-07:00] [pid=23108] [2026.05.13-11.44.16:127][  0]LogD3D11RHI:     SubSysId    : bf81028
[2026-05-13T04:44:16.1278467-07:00] [pid=23108] [2026.05.13-11.44.16:127][  0]LogD3D11RHI:     Revision    : 00a1
[2026-05-13T04:44:16.1278467-07:00] [pid=23108] [2026.05.13-11.44.16:127][  0]LogD3D11RHI:     DedicatedVideoMemory : 8343519232 bytes
[2026-05-13T04:44:16.1278467-07:00] [pid=23108] [2026.05.13-11.44.16:127][  0]LogD3D11RHI:     DedicatedSystemMemory : 0 bytes
[2026-05-13T04:44:16.1278467-07:00] [pid=23108] [2026.05.13-11.44.16:127][  0]LogD3D11RHI:     SharedSystemMemory : 8424628224 bytes
[2026-05-13T04:44:16.1278467-07:00] [pid=23108] [2026.05.13-11.44.16:127][  0]LogD3D11RHI:     AdapterLuid : 0 72942
[2026-05-13T04:44:16.1343592-07:00] [pid=23108] [2026.05.13-11.44.16:134][  0]LogD3D11RHI: Creating new Direct3DDevice
[2026-05-13T04:44:16.1343592-07:00] [pid=23108] [2026.05.13-11.44.16:134][  0]LogD3D11RHI:     GPU DeviceId: 0x28e0 (for the marketing name, search the web for "GPU Device Id")
[2026-05-13T04:44:16.1343592-07:00] [pid=23108] [2026.05.13-11.44.16:134][  0]LogWindows: EnumDisplayDevices:
[2026-05-13T04:44:16.1343592-07:00] [pid=23108] [2026.05.13-11.44.16:134][  0]LogWindows:    0. 'Intel(R) UHD Graphics' (P:1 D:1)
[2026-05-13T04:44:16.1353587-07:00] [pid=23108] [2026.05.13-11.44.16:135][  0]LogWindows:    1. 'Intel(R) UHD Graphics' (P:0 D:0)
[2026-05-13T04:44:16.1353587-07:00] [pid=23108] [2026.05.13-11.44.16:135][  0]LogWindows:    2. 'Intel(R) UHD Graphics' (P:0 D:0)
[2026-05-13T04:44:16.1353587-07:00] [pid=23108] [2026.05.13-11.44.16:135][  0]LogWindows:    3. 'Intel(R) UHD Graphics' (P:0 D:0)
[2026-05-13T04:44:16.1353587-07:00] [pid=23108] [2026.05.13-11.44.16:135][  0]LogWindows:    4. 'NVIDIA GeForce RTX 4060 Laptop GPU' (P:0 D:0)
[2026-05-13T04:44:16.1353587-07:00] [pid=23108] [2026.05.13-11.44.16:135][  0]LogWindows: DebugString: PrimaryIsNotTheChoosenAdapter PrimaryIsNotTheChoosenAdapter PrimaryIsNotTheChoosenAdapter PrimaryIsNotTheChoosenAdapter 
[2026-05-13T04:44:16.1353587-07:00] [pid=23108] [2026.05.13-11.44.16:135][  0]LogD3D11RHI:     Adapter Name: NVIDIA GeForce RTX 4060 Laptop GPU
[2026-05-13T04:44:16.1353587-07:00] [pid=23108] [2026.05.13-11.44.16:135][  0]LogD3D11RHI:   Driver Version: 581.95 (internal:32.0.15.8195, unified:581.95)
[2026-05-13T04:44:16.1353587-07:00] [pid=23108] [2026.05.13-11.44.16:135][  0]LogD3D11RHI:      Driver Date: 11-18-2025
[2026-05-13T04:44:16.1353587-07:00] [pid=23108] [2026.05.13-11.44.16:135][  0]LogRHI: Texture pool is 5569 MB (70% of 7957 MB)
[2026-05-13T04:44:16.1353587-07:00] [pid=23108] [2026.05.13-11.44.16:135][  0]LogD3D11RHI: Creating D3DDevice using adapter:
[2026-05-13T04:44:16.1353587-07:00] [pid=23108] [2026.05.13-11.44.16:135][  0]LogD3D11RHI:     Description : NVIDIA GeForce RTX 4060 Laptop GPU
[2026-05-13T04:44:16.1353587-07:00] [pid=23108] [2026.05.13-11.44.16:135][  0]LogD3D11RHI:     VendorId    : 10de
[2026-05-13T04:44:16.1353587-07:00] [pid=23108] [2026.05.13-11.44.16:135][  0]LogD3D11RHI:     DeviceId    : 28e0
[2026-05-13T04:44:16.1353587-07:00] [pid=23108] [2026.05.13-11.44.16:135][  0]LogD3D11RHI:     SubSysId    : bf81028
[2026-05-13T04:44:16.1353587-07:00] [pid=23108] [2026.05.13-11.44.16:135][  0]LogD3D11RHI:     Revision    : 00a1
[2026-05-13T04:44:16.1353587-07:00] [pid=23108] [2026.05.13-11.44.16:135][  0]LogD3D11RHI:     DedicatedVideoMemory : 8343519232 bytes
[2026-05-13T04:44:16.1353587-07:00] [pid=23108] [2026.05.13-11.44.16:135][  0]LogD3D11RHI:     DedicatedSystemMemory : 0 bytes
[2026-05-13T04:44:16.1353587-07:00] [pid=23108] [2026.05.13-11.44.16:135][  0]LogD3D11RHI:     SharedSystemMemory : 8424628224 bytes
[2026-05-13T04:44:16.1353587-07:00] [pid=23108] [2026.05.13-11.44.16:135][  0]LogD3D11RHI:     AdapterLuid : 0 72942
[2026-05-13T04:44:16.2476005-07:00] [pid=23108] [2026.05.13-11.44.16:246][  0]LogD3D11RHI: RHI has support for 64 bit atomics
[2026-05-13T04:44:16.2476005-07:00] [pid=23108] [2026.05.13-11.44.16:247][  0]LogD3D11RHI: Async texture creation enabled
[2026-05-13T04:44:16.2476005-07:00] [pid=23108] [2026.05.13-11.44.16:247][  0]LogD3D11RHI: Array index from any shader is supported
[2026-05-13T04:44:16.2586322-07:00] [pid=23108] [2026.05.13-11.44.16:258][  0]LogD3D11RHI: GPU Timing Frequency: 1000.000000 (Debug: 2 1)
[2026-05-13T04:44:16.2847165-07:00] [pid=23108] [2026.05.13-11.44.16:284][  0]LogRHI: GeForceNow SDK initialized: 1
[2026-05-13T04:44:16.4769224-07:00] [pid=17480] MacPlatformFactory.RegisterBuildPlatforms: UnrealBuildTool.MacPlatformSDK using manually installed SDK
[2026-05-13T04:44:16.4869460-07:00] [pid=17480] TVOSPlatformFactory.RegisterBuildPlatforms: UnrealBuildTool.IOSPlatformSDK has no valid SDK
[2026-05-13T04:44:16.4889459-07:00] [pid=17480] AndroidPlatformFactory.RegisterBuildPlatforms: UnrealBuildTool.AndroidPlatformSDK has no valid SDK
[2026-05-13T04:44:16.4904492-07:00] [pid=17480] HoloLensPlatformFactory.RegisterBuildPlatforms: UnrealBuildTool.HoloLensPlatformSDK using manually installed SDK
[2026-05-13T04:44:16.4924550-07:00] [pid=17480] IOSPlatformFactory.RegisterBuildPlatforms: UnrealBuildTool.IOSPlatformSDK has no valid SDK
[2026-05-13T04:44:16.4944548-07:00] [pid=17480] LinuxPlatformFactory.RegisterBuildPlatforms: UnrealBuildTool.LinuxPlatformSDK has no valid SDK
[2026-05-13T04:44:16.4954548-07:00] [pid=17480] LuminSDKVersionHelper.HasAnySDK: *** Unable to determine MLSDK location ***
[2026-05-13T04:44:16.4954548-07:00] [pid=17480] LuminSDKVersionHelper.HasAnySDK: *** Unable to determine MLSDK location ***
[2026-05-13T04:44:16.4954548-07:00] [pid=17480] LuminPlatformFactory.RegisterBuildPlatforms: UnrealBuildTool.LuminPlatformSDK has no valid SDK
[2026-05-13T04:44:16.4969572-07:00] [pid=17480] WindowsPlatformFactory.RegisterBuildPlatforms: UnrealBuildTool.WindowsPlatformSDK using manually installed SDK
[2026-05-13T04:44:16.5014667-07:00] [pid=17480] ValidatePlatformsMode.Execute: ##PlatformValidate: Win32 VALID
[2026-05-13T04:44:16.5024691-07:00] [pid=17480] ValidatePlatformsMode.Execute: ##PlatformValidate: Win64 VALID
[2026-05-13T04:44:16.5024691-07:00] [pid=17480] ValidatePlatformsMode.Execute: ##PlatformValidate: HoloLens VALID
[2026-05-13T04:44:16.5024691-07:00] [pid=17480] ValidatePlatformsMode.Execute: ##PlatformValidate: Mac VALID
[2026-05-13T04:44:16.5024691-07:00] [pid=17480] ValidatePlatformsMode.Execute: ##PlatformValidate: XboxOne INVALID
[2026-05-13T04:44:16.5024691-07:00] [pid=17480] ValidatePlatformsMode.Execute: ##PlatformValidate: PS4 INVALID
[2026-05-13T04:44:16.5024691-07:00] [pid=17480] ValidatePlatformsMode.Execute: ##PlatformValidate: IOS INVALID
[2026-05-13T04:44:16.5024691-07:00] [pid=17480] ValidatePlatformsMode.Execute: ##PlatformValidate: Android INVALID
[2026-05-13T04:44:16.5024691-07:00] [pid=17480] ValidatePlatformsMode.Execute: ##PlatformValidate: HTML5 INVALID
[2026-05-13T04:44:16.5024691-07:00] [pid=17480] ValidatePlatformsMode.Execute: ##PlatformValidate: Linux INVALID
[2026-05-13T04:44:16.5024691-07:00] [pid=17480] ValidatePlatformsMode.Execute: ##PlatformValidate: LinuxAArch64 INVALID
[2026-05-13T04:44:16.5024691-07:00] [pid=17480] ValidatePlatformsMode.Execute: ##PlatformValidate: AllDesktop INVALID
[2026-05-13T04:44:16.5024691-07:00] [pid=17480] ValidatePlatformsMode.Execute: ##PlatformValidate: TVOS INVALID
[2026-05-13T04:44:16.5024691-07:00] [pid=17480] ValidatePlatformsMode.Execute: ##PlatformValidate: Switch INVALID
[2026-05-13T04:44:16.5024691-07:00] [pid=17480] ValidatePlatformsMode.Execute: ##PlatformValidate: Lumin INVALID
[2026-05-13T04:44:16.5044691-07:00] [pid=17480] Timeline.Print: Timeline:
[2026-05-13T04:44:16.5044691-07:00] [pid=17480] Timeline.Print: 
[2026-05-13T04:44:16.5044691-07:00] [pid=17480] Timeline.Print: [ 0.000]
[2026-05-13T04:44:16.5054691-07:00] [pid=17480] Timeline.Print: [ 0.017](+0.067) XmlConfig.ReadConfigFiles()
[2026-05-13T04:44:16.5054691-07:00] [pid=17480] Timeline.Print: [ 0.084](+0.000) SingleInstanceMutex.Acquire()
[2026-05-13T04:44:16.5054691-07:00] [pid=17480] Timeline.Print: [ 0.084](+0.050) UEBuildPlatform.RegisterPlatforms()
[2026-05-13T04:44:16.5054691-07:00] [pid=17480] Timeline.Print:   0.085          [ 0.000](+0.023) Initializing InstalledPlatformInfo
[2026-05-13T04:44:16.5054691-07:00] [pid=17480] Timeline.Print:   0.109          [ 0.024](+0.000) Querying types
[2026-05-13T04:44:16.5054691-07:00] [pid=17480] Timeline.Print:   0.110          [ 0.025](+0.012) MacPlatformFactory
[2026-05-13T04:44:16.5054691-07:00] [pid=17480] Timeline.Print:   0.122          [ 0.038](+0.003) TVOSPlatformFactory
[2026-05-13T04:44:16.5054691-07:00] [pid=17480] Timeline.Print:   0.126          [ 0.041](+0.002) AndroidPlatformFactory
[2026-05-13T04:44:16.5054691-07:00] [pid=17480] Timeline.Print:   0.128          [ 0.043](+0.001) HoloLensPlatformFactory
[2026-05-13T04:44:16.5054691-07:00] [pid=17480] Timeline.Print:   0.129          [ 0.044](+0.001) IOSPlatformFactory
[2026-05-13T04:44:16.5069713-07:00] [pid=17480] Timeline.Print:   0.131          [ 0.046](+0.002) LinuxPlatformFactory
[2026-05-13T04:44:16.5069713-07:00] [pid=17480] Timeline.Print:   0.133          [ 0.048](+0.001) LuminPlatformFactory
[2026-05-13T04:44:16.5069713-07:00] [pid=17480] Timeline.Print:   0.134          [ 0.050](+0.000) WindowsPlatformFactory
[2026-05-13T04:44:16.5069713-07:00] [pid=17480] Timeline.Print: [ 0.141](+0.000) FileMetadataPrefetch.Stop()
[2026-05-13T04:44:16.5069713-07:00] [pid=17480] Timeline.Print: [ 0.143]
[2026-05-13T04:44:16.5255353-07:00] [pid=23108] [2026.05.13-11.44.16:525][  0]LogTargetPlatformManager: Display: Loaded TargetPlatform 'WindowsNoEditor'
[2026-05-13T04:44:16.5290509-07:00] [pid=23108] [2026.05.13-11.44.16:529][  0]LogTargetPlatformManager: Display: Loaded TargetPlatform 'Windows'
[2026-05-13T04:44:16.5325519-07:00] [pid=23108] [2026.05.13-11.44.16:532][  0]LogTargetPlatformManager: Display: Loaded TargetPlatform 'WindowsClient'
[2026-05-13T04:44:16.5355523-07:00] [pid=23108] [2026.05.13-11.44.16:535][  0]LogTargetPlatformManager: Display: Loaded TargetPlatform 'WindowsServer'
[2026-05-13T04:44:16.5355523-07:00] [pid=23108] [2026.05.13-11.44.16:535][  0]LogTargetPlatformManager: Display: Building Assets For Windows
[2026-05-13T04:44:16.5405619-07:00] [pid=23108] [2026.05.13-11.44.16:540][  0]LogAudioDebug: Display: Lib vorbis DLL was dynamically loaded.
[2026-05-13T04:44:16.5641399-07:00] [pid=23108] [2026.05.13-11.44.16:564][  0]LogTextureFormatOodle: Display: Oodle Texture 2.9.0 init RDO Off
[2026-05-13T04:44:16.5922295-07:00] [pid=23108] [2026.05.13-11.44.16:592][  0]LogRendererCore: Ray tracing is disabled. Reason: r.RayTracing=0.
[2026-05-13T04:44:16.5922295-07:00] [pid=23108] [2026.05.13-11.44.16:592][  0]LogShaderCompilers: Guid format shader working directory is -26 characters bigger than the processId version (../../../../../../Users/kapil/OneDrive/Documents/Unreal Projects/testTP/Intermediate/Shaders/WorkingDirectory/23108/).
[2026-05-13T04:44:16.5932229-07:00] [pid=23108] [2026.05.13-11.44.16:592][  0]LogShaderCompilers: Cleaned the shader compiler working directory 'C:/Users/kapil/AppData/Local/Temp/UnrealShaderWorkingDir/A6968F2A4CC25ED4940E7D8FA4963E2E/'.
[2026-05-13T04:44:16.5932229-07:00] [pid=23108] [2026.05.13-11.44.16:593][  0]LogXGEController: Cannot use XGE Controller as Incredibuild is not installed on this machine.
[2026-05-13T04:44:16.5932229-07:00] [pid=23108] [2026.05.13-11.44.16:593][  0]LogShaderCompilers: Cannot use XGE Shader Compiler as Incredibuild is not installed on this machine.
[2026-05-13T04:44:16.5932229-07:00] [pid=23108] [2026.05.13-11.44.16:593][  0]LogShaderCompilers: Display: Using Local Shader Compiler.
[2026-05-13T04:44:17.1401847-07:00] [pid=23108] [2026.05.13-11.44.17:140][  0]LogDerivedDataCache: Display: Max Cache Size: 512 MB
[2026-05-13T04:44:17.1933234-07:00] [pid=23108] [2026.05.13-11.44.17:193][  0]LogDerivedDataCache: Loaded boot cache 0.05s 78MB C:/Users/kapil/AppData/Local/UnrealEngine/4.27/DerivedDataCache/Boot.ddc.
[2026-05-13T04:44:17.1933234-07:00] [pid=23108] [2026.05.13-11.44.17:193][  0]LogDerivedDataCache: Display: Loaded Boot cache: C:/Users/kapil/AppData/Local/UnrealEngine/4.27/DerivedDataCache/Boot.ddc
[2026-05-13T04:44:17.1933234-07:00] [pid=23108] [2026.05.13-11.44.17:193][  0]LogDerivedDataCache: FDerivedDataBackendGraph:  Pak pak cache file ../../../../../../Users/kapil/OneDrive/Documents/Unreal Projects/testTP/DerivedDataCache/DDC.ddp not found, will not use a pak cache.
[2026-05-13T04:44:17.1933234-07:00] [pid=23108] [2026.05.13-11.44.17:193][  0]LogDerivedDataCache: Unable to find inner node Pak for hierarchical cache Hierarchy.
[2026-05-13T04:44:17.1933234-07:00] [pid=23108] [2026.05.13-11.44.17:193][  0]LogDerivedDataCache: FDerivedDataBackendGraph:  CompressedPak pak cache file ../../../../../../Users/kapil/OneDrive/Documents/Unreal Projects/testTP/DerivedDataCache/Compressed.ddp not found, will not use a pak cache.
[2026-05-13T04:44:17.1933234-07:00] [pid=23108] [2026.05.13-11.44.17:193][  0]LogDerivedDataCache: Unable to find inner node CompressedPak for hierarchical cache Hierarchy.
[2026-05-13T04:44:17.2068722-07:00] [pid=23108] [2026.05.13-11.44.17:206][  0]LogDerivedDataCache: Display: Pak cache opened for reading ../../../Engine/DerivedDataCache/Compressed.ddp.
[2026-05-13T04:44:17.2068722-07:00] [pid=23108] [2026.05.13-11.44.17:206][  0]LogDerivedDataCache: FDerivedDataBackendGraph:  EnterprisePak pak cache file ../../../Enterprise/DerivedDataCache/Compressed.ddp not found, will not use a pak cache.
[2026-05-13T04:44:17.2068722-07:00] [pid=23108] [2026.05.13-11.44.17:206][  0]LogDerivedDataCache: Unable to find inner node EnterprisePak for hierarchical cache Hierarchy.
[2026-05-13T04:44:17.2143946-07:00] [pid=23108] [2026.05.13-11.44.17:214][  0]LogDerivedDataCache: Speed tests for C:/Users/kapil/AppData/Local/UnrealEngine/Common/DerivedDataCache took 0.01 seconds
[2026-05-13T04:44:17.2143946-07:00] [pid=23108] [2026.05.13-11.44.17:214][  0]LogDerivedDataCache: Display: Performance to C:/Users/kapil/AppData/Local/UnrealEngine/Common/DerivedDataCache: Latency=0.03ms. RandomReadSpeed=1025.81MBs, RandomWriteSpeed=164.22MBs. Assigned SpeedClass 'Local'
[2026-05-13T04:44:17.2153950-07:00] [pid=23108] [2026.05.13-11.44.17:215][  0]LogDerivedDataCache: Using Local data cache path C:/Users/kapil/AppData/Local/UnrealEngine/Common/DerivedDataCache: Writable
[2026-05-13T04:44:17.2153950-07:00] [pid=23108] [2026.05.13-11.44.17:215][  0]LogDerivedDataCache: Shared data cache path not found in *engine.ini, will not use an Shared cache.
[2026-05-13T04:44:17.2153950-07:00] [pid=23108] [2026.05.13-11.44.17:215][  0]LogDerivedDataCache: Unable to find inner node Shared for hierarchical cache Hierarchy.
[2026-05-13T04:44:17.2409782-07:00] [pid=23108] [2026.05.13-11.44.17:240][  0]LogSlate: Using FreeType 2.10.0
[2026-05-13T04:44:17.2419897-07:00] [pid=23108] [2026.05.13-11.44.17:241][  0]LogSlate: SlateFontServices - WITH_FREETYPE: 1, WITH_HARFBUZZ: 1
[2026-05-13T04:44:17.2856440-07:00] [pid=23108] [2026.05.13-11.44.17:285][  0]LogInit: Using OS detected language (en-US).
[2026-05-13T04:44:17.2856440-07:00] [pid=23108] [2026.05.13-11.44.17:285][  0]LogInit: Using OS detected locale (en-US).
[2026-05-13T04:44:17.2856440-07:00] [pid=23108] [2026.05.13-11.44.17:285][  0]LogTextLocalizationManager: No localization for 'en-US' exists, so 'en' will be used for the language.
[2026-05-13T04:44:17.2856440-07:00] [pid=23108] [2026.05.13-11.44.17:285][  0]LogTextLocalizationManager: No localization for 'en-US' exists, so 'en' will be used for the locale.
[2026-05-13T04:44:17.2856440-07:00] [pid=23108] [2026.05.13-11.44.17:285][  0]LogSlate: FontCache flush requested. Reason: Culture for localization was changed
[2026-05-13T04:44:17.2856440-07:00] [pid=23108] [2026.05.13-11.44.17:285][  0]LogSlate: FontCache flush requested. Reason: Culture for localization was changed
[2026-05-13T04:44:17.2876650-07:00] [pid=23108] [2026.05.13-11.44.17:287][  0]LogTextLocalizationManager: Compacting localization data took   0.00ms
[2026-05-13T04:44:17.2876650-07:00] [pid=23108] [2026.05.13-11.44.17:287][  0]LogAssetRegistry: FAssetRegistry took 0.0012 seconds to start up
[2026-05-13T04:44:17.4214382-07:00] [pid=23108] [2026.05.13-11.44.17:421][  0]LogPackageLocalizationCache: Processed 28 localized package path(s) for 1 prioritized culture(s) in 0.028009 seconds
[2026-05-13T04:44:17.4695608-07:00] [pid=23108] [2026.05.13-11.44.17:469][  0]LogInit: Selected Device Profile: [Windows]
[2026-05-13T04:44:17.4695608-07:00] [pid=23108] [2026.05.13-11.44.17:469][  0]LogInit: Active device profile: [0000027F90C76E00][0000027F8BCF3600 49] Windows
[2026-05-13T04:44:17.4695608-07:00] [pid=23108] [2026.05.13-11.44.17:469][  0]LogInit: Profiles: [0000027F90C76E00][0000027F8BCF3600 49] Windows, [0000027F90C16C00][0000027F8BCF7740 49] WindowsNoEditor, [0000027F90C75100][0000027F8BCFF8C0 49] WindowsServer, [0000027F90C16E00][0000027FFA3ABA40 49] WindowsClient, [0000027F90C74F00][0000027FFA3AFBC0 49] IOS, [0000027F90C03F00][0000027FFA3B21C0 49] iPadAir, [0000027F90C14700][0000027FFA3B6340 49] iPadAir2, [0000027F90BC8800][0000027FFA3BE600 49] IPadPro, [0000027F90BC8900][0000027FFA3BA640 49] iPadAir3, [0000027F90C00200][0000027F8B7D27C0 49] iPadAir4, [0000027F90BC9800][0000027F8B7D6940 49] iPadMini2, [0000027F90C01100][0000027F8B7DAAC0 49] iPadMini3, [0000027F90BCA500][0000027F8B7DEC40 49] iPadMini4, [0000027F90C03700][0000027F8B7E2DC0 49] iPadMini5, [0000027F90C74E00][0000027F8B7EB080 49] iPhone6, [0000027F90C75C00][0000027F8B7E70C0 49] iPodTouch6, [0000027F90C17B00][0000027F8B7F3380 49] iPhone7, [0000027F90C17C00][0000027F8B7EF3C0 49] iPodTouch7, [0000027F90BC8F00][0000027F8BCFB500 49] iPhone5S, [0000027F90C15700][0000027F8B7F7640 49] iPhone6Plus, [0000027F90BC8700][0000027F8B7FB780 49] iPhone6S, [0000027F90C17400][0000027F8B7FF8C0 49] iPhone6SPlus, [0000027F90C77900][0000027F8B807A40 49] iPhone7Plus, [0000027F90C15100][0000027F8B80BBC0 49] iPhoneSE, [0000027F90C76400][0000027F8B80E1C0 49] iPhone8, [0000027F90C14E00][0000027F8B812340 49] iPhone8Plus, [0000027F90C77800][0000027F8B8164C0 49] iPhoneX, [0000027F90C16100][0000027F8B81A640 49] iPhoneXS, [0000027F90C75800][0000027F8D9EC7C0 49] iPhoneXSMax, [0000027F90C14500][0000027F8D9F0940 49] iPhoneXR, [0000027F90C77100][0000027F8D9F4AC0 49] iPhone11, [0000027F90C17600][0000027F8D9F8C40 49] iPhone11Pro, [0000027F90C77300][0000027F8D9FCDC0 49] iPhone11ProMax, [0000027F90C15C00][0000027F8DA00F40 49] iPhoneSE2, [0000027F90C77400][0000027F8DA050C0 49] iPhone12Mini, [0000027F90C15900][0000027F8DA09240 49] iPhone12, [0000027F90C75400][0000027F8DA0D3C0 49] iPhone12Pro, [0000027F90C14900][0000027F8DA11540 49] iPhone12ProMax, [0000027F90C75500][0000027F8DA156C0 49] iPadPro105, [0000027F90C15A00][0000027F8B803800 49] iPadPro129, [0000027F90C75700][0000027F8DA19940 49] iPadPro97, [0000027F90C16700][0000027F8DA1DA80 49] iPadPro2_129, [0000027F90C74A00][0000027F8DA25C00 49] iPad5, [0000027F90C16200][0000027F8DA28200 49] iPad6, [0000027F90C74C00][0000027F8DA2C380 49] iPad7, [0000027F90C17000][0000027F8DA30500 49] iPad8, [0000027F90C76C00][0000027F8DA34680 49] iPadPro11, [0000027F90C14D00][0000027F8DA38800 49] iPadPro2_11, [0000027F90C74800][0000027F8DA3C980 49] iPadPro3_129, [0000027F90C15800][0000027F8DA40B00 49] iPadPro4_129, [0000027F90C75000][0000027F8DA44C80 49] AppleTV, [0000027F90C15200][0000027F8DA48E00 49] AppleTV4K, [0000027F90C75B00][0000027F8DA4CF80 49] TVOS, [0000027F90C16300][0000027F8DA51100 49] Mac, [0000027F90C76200][0000027F8DA55280 49] MacClient, [0000027F90C16800][0000027F8DA59400 49] MacNoEditor, [0000027F90C76100][0000027F8DA5D580 49] MacServer, [0000027F90C15000][0000027F8BB1F700 49] Linux, [0000027F90C74700][0000027F8BB23880 49] LinuxAArch64, [0000027F90C16000][0000027F8DA219C0 49] LinuxNoEditor, [0000027F90C75E00][0000027F8BB27B00 49] LinuxAArch64NoEditor, [0000027F90C17E00][0000027F8BB2A0C0 49] LinuxClient, [0000027F90C75300][0000027F8BB32240 49] LinuxAArch64Client, [0000027F90C15D00][0000027F8BB363C0 49] LinuxServer, [0000027F90C75600][0000027F8BB3A540 49] LinuxAArch64Server, [0000027F90C02500][0000027F8BB3E6C0 49] Android, [0000027F90BCBA00][0000027F8BB42840 49] Android_Low, [0000027F90C03100][0000027F8BB469C0 49] Android_Mid, [0000027F90BC9700][0000027F8BB4AB40 49] Android_High, [0000027F90C00300][0000027F8BB4ECC0 49] Android_Default, [0000027F90BCA600][0000027F8BB52E40 49] Android_Adreno4xx, [0000027F90C00D00][0000027F8BB56FC0 49] Android_Adreno5xx_Low, [0000027F90BCBB00][0000027F8BB5B140 49] Android_Adreno5xx, [0000027F90C02100][0000027F8BB5F2C0 49] Android_Adreno6xx, [0000027F90BCB800][0000027F8BB63440 49] Android_Adreno6xx_Vulkan, [0000027F90C00B00][0000027F8BB675C0 49] Android_Mali_T6xx, [0000027F90BC8E00][0000027F8BB6B740 49] Android_Mali_T7xx, [
[2026-05-13T04:44:17.4705683-07:00] [pid=23108] 0000027F90C02C00][0000027F8BB6F8C0 49] Android_Mali_T8xx, [0000027F90BC9D00][0000027F8BB73A40 49] Android_Mali_G71, [0000027F90C00500][0000027F8BB2FB80 49] Android_Mali_G72, [0000027F90BC8C00][0000027F8BB76140 49] Android_Mali_G72_Vulkan, [0000027F90C02F00][0000027F8BB7A280 49] Android_Mali_G76, [0000027F90BC9200][0000027F8BB7E3C0 49] Android_Mali_G76_Vulkan, [0000027F90C01800][0000027F8BB86540 49] Android_Mali_G77, [0000027F90BCAC00][0000027F8BB8A6C0 49] Android_Mali_G77_Vulkan, [0000027F90C03300][0000027F8BB8E840 49] Android_Mali_G78, [0000027F90BC9900][0000027F8BB929C0 49] Android_Mali_G78_Vulkan, [0000027F90C02300][0000027F8BB96B40 49] Android_Mali_G710, [0000027F90BCAA00][0000027F8BB9ACC0 49] Android_Mali_G710_Vulkan, [0000027F90C03800][0000027F8BB9EE40 49] Android_Vulkan_SM5, [0000027F90BC8400][0000027F8BBA2FC0 49] Android_PowerVR_G6xxx, [0000027F90C01A00][0000027F8BBA7140 49] Android_PowerVR_GT7xxx, [0000027F90BC8D00][0000027F8BBAB2C0 49] Android_PowerVR_GE8xxx, [0000027F90C01F00][0000027F8BBAF440 49] Android_PowerVR_GM9xxx, [0000027F90BCB200][0000027F8BBB35C0 49] Android_PowerVR_GM9xxx_Vulkan, [0000027F90C01000][0000027F8BBB7740 49] Android_TegraK1, [0000027F90BC9C00][0000027F8BBBB8C0 49] Android_Unknown_Vulkan, [0000027F90C03A00][0000027F8BBBFA40 49] Lumin, [0000027F90BCA700][0000027F8BBC3BC0 49] Lumin_Desktop, [0000027F90C77700][0000027F8BB82180 49] HoloLens, 
[2026-05-13T04:44:17.5031617-07:00] [pid=23108] [2026.05.13-11.44.17:503][  0]LogMeshReduction: Using QuadricMeshReduction for automatic static mesh reduction
[2026-05-13T04:44:17.5031617-07:00] [pid=23108] [2026.05.13-11.44.17:503][  0]LogMeshReduction: Using SimplygonMeshReduction for automatic skeletal mesh reduction
[2026-05-13T04:44:17.5031617-07:00] [pid=23108] [2026.05.13-11.44.17:503][  0]LogMeshReduction: Using ProxyLODMeshReduction for automatic mesh merging
[2026-05-13T04:44:17.5031617-07:00] [pid=23108] [2026.05.13-11.44.17:503][  0]LogMeshReduction: No distributed automatic mesh merging module available
[2026-05-13T04:44:17.5031617-07:00] [pid=23108] [2026.05.13-11.44.17:503][  0]LogMeshMerging: No distributed automatic mesh merging module available
[2026-05-13T04:44:17.5788488-07:00] [pid=23108] [2026.05.13-11.44.17:578][  0]LogNetVersion: testTP 1.0.0, NetCL: 17155196, EngineNetVer: 17, GameNetVer: 0 (Checksum: 3966549976)
[2026-05-13T04:44:17.9002658-07:00] [pid=23108] [2026.05.13-11.44.17:900][  0]LogTexture: Default maximum texture size for cubemaps generated from long-lat sources has been changed from 512 to unlimited. In order to preserve old behaiour for '/Engine/MapTemplates/Sky/DaylightAmbientCubemap.DaylightAmbientCubemap', its maximum texture size has been explicitly set to 512.
[2026-05-13T04:44:17.9490027-07:00] [pid=23108] [2026.05.13-11.44.17:949][  0]LogHMD: PokeAHoleMaterial loaded successfully
[2026-05-13T04:44:18.0553328-07:00] [pid=23108] [2026.05.13-11.44.18:055][  0]LogMoviePlayer: Initializing movie player
[2026-05-13T04:44:18.1005059-07:00] [pid=23108] [2026.05.13-11.44.18:100][  0]LogNiagaraDebuggerClient: Niagara Debugger Client Initialized | Session: 929DCDB64AA33F285CED8FA7DD8675DB | Instance: 5A874DEB41D6D11008A699BB421FFD37 (IMMERSEDEMOM5-23108).
[2026-05-13T04:44:18.1205920-07:00] [pid=23108] [2026.05.13-11.44.18:120][  0]LogCollectionManager: Loaded 0 collections in 0.001117 seconds
[2026-05-13T04:44:18.1235982-07:00] [pid=23108] [2026.05.13-11.44.18:123][  0]LogFileCache: Scanning file cache for directory 'C:/Users/kapil/OneDrive/Documents/Unreal Projects/testTP/Saved/Collections/' took 0.00s
[2026-05-13T04:44:18.1235982-07:00] [pid=23108] [2026.05.13-11.44.18:123][  0]LogFileCache: Scanning file cache for directory 'C:/Users/kapil/OneDrive/Documents/Unreal Projects/testTP/Content/Developers/kapil/Collections/' took 0.00s
[2026-05-13T04:44:18.1235982-07:00] [pid=23108] [2026.05.13-11.44.18:123][  0]LogFileCache: Scanning file cache for directory 'C:/Users/kapil/OneDrive/Documents/Unreal Projects/testTP/Content/Collections/' took 0.00s
[2026-05-13T04:44:18.1235982-07:00] [pid=23108] [2026.05.13-11.44.18:123][  0]LogCollectionManager: Fixed up redirectors for 0 collections in 0.000002 seconds (updated 0 objects)
[2026-05-13T04:44:18.1596901-07:00] [pid=23108] [2026.05.13-11.44.18:159][  0]LogPython: Using Python 3.7.7
[2026-05-13T04:44:18.6667599-07:00] [pid=23108] [2026.05.13-11.44.18:666][  0]LogAkAudio: Wwise(R) SDK Version 2019.2.15 Build 7667. Copyright (c) 2006-2019 Audiokinetic Inc.
[2026-05-13T04:44:18.6667599-07:00] [pid=23108] [2026.05.13-11.44.18:666][  0]LogAkAudio: Wwise plug-in DLL path: C:/Users/kapil/OneDrive/Documents/Unreal Projects/testTP/Plugins/Wwise/ThirdParty/x64_vc150/Profile/bin/
[2026-05-13T04:44:18.6677656-07:00] [pid=23108] [2026.05.13-11.44.18:667][  0]LogAkAudio: Wwise remote connection application name: testTP
[2026-05-13T04:44:18.6677656-07:00] [pid=23108] [2026.05.13-11.44.18:667][  0]LogAkAudio: Wwise successfully initialized.
[2026-05-13T04:44:18.6712882-07:00] [pid=23108] <<<_____ ImmerseAudioRenderer _____>>> 
[2026-05-13T04:44:18.6712882-07:00] [pid=23108] RegisterImmerseAudioRendererFX()
[2026-05-13T04:44:18.6712882-07:00] [pid=23108] 
[2026-05-13T04:44:18.6712882-07:00] [pid=23108] <<<_____ ImmerseAudioRenderer _____>>> 
[2026-05-13T04:44:18.6712882-07:00] [pid=23108] CreateImmerseManager
[2026-05-13T04:44:18.6712882-07:00] [pid=23108] 
[2026-05-13T04:44:18.6712882-07:00] [pid=23108] <<<_____ ImmerseAudioRenderer _____>>> 
[2026-05-13T04:44:18.6712882-07:00] [pid=23108] loadAndInitializeImmerseEngine
[2026-05-13T04:44:18.6712882-07:00] [pid=23108] 
[2026-05-13T04:44:18.6742947-07:00] [pid=23108] [EmbodyLOG] May_13_2026 04:44:18.674 line: 457. ___IMMERSEENGINE___ Immerse_SetMemoryInterface inMemoryInterface:000000C17EECE000 
[2026-05-13T04:44:18.6742947-07:00] [pid=23108] [EmbodyLOG] May_13_2026 04:44:18.674 line: 466. ___IMMERSEENGINE___ Immerse_SetThreadInterface inThreadInterface:000000C17EECE020 
[2026-05-13T04:44:18.6742947-07:00] [pid=23108] [EmbodyLOG] May_13_2026 04:44:18.674 line: 451. ___IMMERSEENGINE___ Immerse_SetStatusCallback inCallback:00007FFFA9823D00 inUserData:0000000000000000 
[2026-05-13T04:44:18.6742947-07:00] [pid=23108] [EmbodyLOG] May_13_2026 04:44:18.675 line: 495. ___IMMERSEENGINE___ Immerse_Initialize inImmerseInit:00007FFFA98563C0 
[2026-05-13T04:44:18.6752953-07:00] [pid=23108] <<<_____ ImmerseAudioRenderer _____>>> 
[2026-05-13T04:44:18.6752953-07:00] [pid=23108] CreateImmerseAudioRendererFXParams()
[2026-05-13T04:44:18.6752953-07:00] [pid=23108] 
[2026-05-13T04:44:18.6752953-07:00] [pid=23108] <<<_____ ImmerseAudioRenderer _____>>> 
[2026-05-13T04:44:18.6752953-07:00] [pid=23108] WwiseFxNullParams::Init()
[2026-05-13T04:44:18.6752953-07:00] [pid=23108] 
[2026-05-13T04:44:18.6752953-07:00] [pid=23108] [2026.05.13-11.44.18:675][  0]LogAkAudio: Initialization complete.
[2026-05-13T04:44:18.6752953-07:00] [pid=23108] [2026.05.13-11.44.18:675][  0]LogInit: Audiokinetic Audio Device initialized.
[2026-05-13T04:44:18.6778077-07:00] [pid=23108] [EmbodyLOG] May_13_2026 04:44:18.678 line: 373. setLocalDataStorePath: C:\ProgramData\Embody\Immerse Audio Renderer\Tencent\ 
[2026-05-13T04:44:18.6788080-07:00] [pid=23108] [EmbodyLOG] May_13_2026 04:44:18.679 line: 143. ImmerseApiHelper: Immerse Api data path set: C:\ProgramData\Embody\Immerse Audio Renderer\Tencent\. 
[2026-05-13T04:44:18.6953415-07:00] [pid=23108] [EmbodyLOG] May_13_2026 04:44:18.695 line: 73. HpeqHeadsetInterface::Init() - failed to find hpeqAssetPath on filesystem! 
[2026-05-13T04:44:18.6953415-07:00] [pid=23108] [EmbodyLOG] May_13_2026 04:44:18.696 line: 867. ImmerseAudioApiImplBase::InitHpeqData() - failed to initialize hpeq asset data! 
[2026-05-13T04:44:18.6953415-07:00] [pid=23108] [EmbodyLOG] May_13_2026 04:44:18.696 line: 535. ImmerseManager::Initialize() - Failed to initialize HPEQ asset data! 
[2026-05-13T04:44:18.6953415-07:00] [pid=23108] [EmbodyLOG] May_13_2026 04:44:18.696 line: 544. ImmerseManager::Initialize() - failed to load head tracker library! 
[2026-05-13T04:44:18.7555056-07:00] [pid=23108] [2026.05.13-11.44.18:755][  0]SourceControl: Source control is disabled
[2026-05-13T04:44:18.7555056-07:00] [pid=23108] [2026.05.13-11.44.18:755][  0]SourceControl: Source control is disabled
[2026-05-13T04:44:18.7590181-07:00] [pid=23108] [2026.05.13-11.44.18:759][  0]SourceControl: Source control is disabled
[2026-05-13T04:44:18.7645503-07:00] [pid=23108] [2026.05.13-11.44.18:764][  0]LogUProjectInfo: Found projects:
[2026-05-13T04:44:18.8497626-07:00] [pid=23108] [2026.05.13-11.44.18:849][  0]LogOpenImageDenoise: OIDN starting up
[2026-05-13T04:44:18.8552756-07:00] [pid=23108] [2026.05.13-11.44.18:855][  0]LogAndroidPermission: UAndroidPermissionCallbackProxy::GetInstance
[2026-05-13T04:44:18.8768382-07:00] [pid=23108] [2026.05.13-11.44.18:876][  0]LogAudioCaptureCore: Display: No Audio Capture implementations found. Audio input will be silent.
[2026-05-13T04:44:18.8768382-07:00] [pid=23108] [2026.05.13-11.44.18:876][  0]LogAudioCaptureCore: Display: No Audio Capture implementations found. Audio input will be silent.
[2026-05-13T04:44:19.0245448-07:00] [pid=23108] [2026.05.13-11.44.19:023][  0]LogOcInput: OculusInput pre-init called
[2026-05-13T04:44:19.0305884-07:00] [pid=23108] [2026.05.13-11.44.19:029][  0]LogUObjectArray: 22857 objects as part of root set at end of initial load.
[2026-05-13T04:44:19.0305884-07:00] [pid=23108] [2026.05.13-11.44.19:030][  0]LogUObjectAllocator: 6232704 out of 0 bytes used by permanent object pool.
[2026-05-13T04:44:19.0305884-07:00] [pid=23108] [2026.05.13-11.44.19:030][  0]LogUObjectArray: CloseDisregardForGC: 0/0 objects in disregard for GC pool
[2026-05-13T04:44:19.0948242-07:00] [pid=23108] [2026.05.13-11.44.19:094][  0]LogClass: Display: EnumProperty FAkExternalSourceInfo::CodecID is not initialized properly. Module:AkAudio File:Classes/AkGameplayTypes.h
[2026-05-13T04:44:19.0948242-07:00] [pid=23108] [2026.05.13-11.44.19:094][  0]LogClass: Warning: ObjectProperty FAkExternalSourceInfo::ExternalSourceAsset is not initialized properly. Module:AkAudio File:Classes/AkGameplayTypes.h
[2026-05-13T04:44:19.0948242-07:00] [pid=23108] [2026.05.13-11.44.19:094][  0]LogClass: Display: IntProperty FAkChannelMask::ChannelMask is not initialized properly. Module:AkAudio File:Classes/AkGameplayTypes.h
[2026-05-13T04:44:19.0948242-07:00] [pid=23108] [2026.05.13-11.44.19:094][  0]LogClass: Display: BoolProperty FAkPS5AdvancedInitializationSettings::bVorbisHwAcceleration is not initialized properly. Module:AkAudio File:Classes/Platforms/AkPlatform_Pellegrino/AkPS5InitializationSettings.h
[2026-05-13T04:44:19.0958231-07:00] [pid=23108] [2026.05.13-11.44.19:095][  0]LogClass: Display: 4 Uninitialized script struct members found including 1 object properties
[2026-05-13T04:44:19.0968239-07:00] [pid=23108] [2026.05.13-11.44.19:096][  0]LogAutomationTest: Warning: ObjectProperty FAkExternalSourceInfo::ExternalSourceAsset is not initialized properly. Module:AkAudio File:Classes/AkGameplayTypes.h
[2026-05-13T04:44:19.0968239-07:00] [pid=23108] [2026.05.13-11.44.19:096][  0]LogEngine: Initializing Engine...
[2026-05-13T04:44:19.1023478-07:00] [pid=23108] Error [GENERAL |  | OpenXR-Loader] : RuntimeManifestFile::FindManifestFiles - failed to find active runtime file in registry
[2026-05-13T04:44:19.1033466-07:00] [pid=23108] Error [GENERAL | xrEnumerateInstanceExtensionProperties | OpenXR-Loader] : RuntimeInterface::LoadRuntimes - unknown error
[2026-05-13T04:44:19.1033466-07:00] [pid=23108] Error [GENERAL | xrEnumerateInstanceExtensionProperties | OpenXR-Loader] : RuntimeInterface::LoadRuntimes - failed to load a runtime
[2026-05-13T04:44:19.1033466-07:00] [pid=23108] Error [GENERAL | xrEnumerateInstanceExtensionProperties | OpenXR-Loader] : Failed to find default runtime with RuntimeInterface::LoadRuntime()
[2026-05-13T04:44:19.1033466-07:00] [pid=23108] Error [GENERAL | xrEnumerateInstanceExtensionProperties | OpenXR-Loader] : Failed querying extension properties
[2026-05-13T04:44:19.1033466-07:00] [pid=23108] [2026.05.13-11.44.19:103][  0]LogHMD: Failed to enumerate extensions. Please check that you have a valid OpenXR runtime installed.
[2026-05-13T04:44:19.1033466-07:00] [pid=23108] [2026.05.13-11.44.19:103][  0]LogHMD: Failed to initialize OpenVR with code 110
[2026-05-13T04:44:19.1033466-07:00] [pid=23108] [2026.05.13-11.44.19:103][  0]LogMagicLeap: Warning: VR disabled because ZI is not enabled.  To enable, in the editor, Edit -> Project Settings -> Plugins -> Magic Leap Plugin -> Enable Zero Iteration
[2026-05-13T04:44:19.1043475-07:00] [pid=23108] [2026.05.13-11.44.19:104][  0]LogStats: UGameplayTagsManager::InitializeManager -  0.000 s
[2026-05-13T04:44:19.1896352-07:00] [pid=23108] [2026.05.13-11.44.19:189][  0]LogInit: Initializing FReadOnlyCVARCache
[2026-05-13T04:44:19.1896352-07:00] [pid=23108] [2026.05.13-11.44.19:189][  0]LogAudio: Display: Initializing Audio Device Manager...
[2026-05-13T04:44:19.1936444-07:00] [pid=23108] [2026.05.13-11.44.19:193][  0]LogAudio: Display: Loading Default Audio Settings Objects...
[2026-05-13T04:44:19.1946437-07:00] [pid=23108] [2026.05.13-11.44.19:194][  0]LogAudio: Display: No default SoundConcurrencyObject specified (or failed to load).
[2026-05-13T04:44:19.1946437-07:00] [pid=23108] [2026.05.13-11.44.19:194][  0]LogAudio: Display: Audio Device Manager Initialized
[2026-05-13T04:44:19.1946437-07:00] [pid=23108] [2026.05.13-11.44.19:194][  0]LogAudio: Display: Creating Audio Device:                 Id: 1, Scope: Shared, Realtime: True
[2026-05-13T04:44:19.1946437-07:00] [pid=23108] [2026.05.13-11.44.19:194][  0]LogAudioMixer: Display: Audio Mixer Platform Settings:
[2026-05-13T04:44:19.1946437-07:00] [pid=23108] [2026.05.13-11.44.19:194][  0]LogAudioMixer: Display: 	Sample Rate:						  48000
[2026-05-13T04:44:19.1956438-07:00] [pid=23108] [2026.05.13-11.44.19:194][  0]LogAudioMixer: Display: 	Callback Buffer Frame Size Requested: 1024
[2026-05-13T04:44:19.1956438-07:00] [pid=23108] [2026.05.13-11.44.19:195][  0]LogAudioMixer: Display: 	Callback Buffer Frame Size To Use:	  1024
[2026-05-13T04:44:19.1956438-07:00] [pid=23108] [2026.05.13-11.44.19:195][  0]LogAudioMixer: Display: 	Number of buffers to queue:			  2
[2026-05-13T04:44:19.1956438-07:00] [pid=23108] [2026.05.13-11.44.19:195][  0]LogAudioMixer: Display: 	Max Channels (voices):				  32
[2026-05-13T04:44:19.1956438-07:00] [pid=23108] [2026.05.13-11.44.19:195][  0]LogAudioMixer: Display: 	Number of Async Source Workers:		  0
[2026-05-13T04:44:19.1956438-07:00] [pid=23108] [2026.05.13-11.44.19:195][  0]LogAudio: Display: AudioDevice MaxSources: 32
[2026-05-13T04:44:19.1956438-07:00] [pid=23108] [2026.05.13-11.44.19:195][  0]LogAudio: Display: Audio Spatialization Plugin: None (built-in).
[2026-05-13T04:44:19.1956438-07:00] [pid=23108] [2026.05.13-11.44.19:195][  0]LogAudio: Display: Audio Reverb Plugin: None (built-in).
[2026-05-13T04:44:19.1956438-07:00] [pid=23108] [2026.05.13-11.44.19:195][  0]LogAudio: Display: Audio Occlusion Plugin: None (built-in).
[2026-05-13T04:44:19.1956438-07:00] [pid=23108] [2026.05.13-11.44.19:195][  0]LogAudioMixer: Display: Initializing audio mixer.
[2026-05-13T04:44:19.2051580-07:00] [pid=23108] [2026.05.13-11.44.19:205][  0]LogAudioMixer: Display: 0: FrontLeft
[2026-05-13T04:44:19.2051580-07:00] [pid=23108] [2026.05.13-11.44.19:205][  0]LogAudioMixer: Display: 1: FrontRight
[2026-05-13T04:44:19.2151738-07:00] [pid=23108] [2026.05.13-11.44.19:215][  0]LogAudioMixer: Display: Using Audio Device Speakers (2- Realtek(R) Audio)
[2026-05-13T04:44:19.2212187-07:00] [pid=23108] [2026.05.13-11.44.19:221][  0]LogAudioMixer: Display: Initializing Sound Submixes...
[2026-05-13T04:44:19.2232236-07:00] [pid=23108] [2026.05.13-11.44.19:223][  0]LogAudioMixer: Display: Creating Master Submix 'MasterSubmixDefault'
[2026-05-13T04:44:19.2232236-07:00] [pid=23108] [2026.05.13-11.44.19:223][  0]LogAudioMixer: Display: Creating Master Submix 'MasterReverbSubmixDefault'
[2026-05-13T04:44:19.2242337-07:00] [pid=23108] [2026.05.13-11.44.19:224][  0]LogAudioMixer: Display: Creating Master Submix 'MasterEQSubmixDefault'
[2026-05-13T04:44:19.2242337-07:00] [pid=23108] [2026.05.13-11.44.19:224][  0]LogAudioMixer: FMixerPlatformXAudio2::StartAudioStream() called
[2026-05-13T04:44:19.2242337-07:00] [pid=23108] [2026.05.13-11.44.19:224][  0]LogAudioMixer: Display: Output buffers initialized: Frames=1024, Channels=2, Samples=2048
[2026-05-13T04:44:19.2252256-07:00] [pid=23108] [2026.05.13-11.44.19:225][  0]LogAudioMixer: Display: Starting AudioMixerPlatformInterface::RunInternal()
[2026-05-13T04:44:19.2252256-07:00] [pid=23108] [2026.05.13-11.44.19:225][  0]LogAudioMixer: Display: FMixerPlatformXAudio2::SubmitBuffer() called for the first time
[2026-05-13T04:44:19.2252256-07:00] [pid=23108] [2026.05.13-11.44.19:225][  0]LogInit: FAudioDevice initialized.
[2026-05-13T04:44:19.2252256-07:00] [pid=23108] [2026.05.13-11.44.19:225][  0]LogNetVersion: Set ProjectVersion to 1.0.0.0. Version Checksum will be recalculated on next use.
[2026-05-13T04:44:19.2633994-07:00] [pid=23108] [2026.05.13-11.44.19:262][  0]LogDerivedDataCache: Saved boot cache 0.04s 78MB C:/Users/kapil/AppData/Local/UnrealEngine/4.27/DerivedDataCache/Boot.ddc.
[2026-05-13T04:44:19.2633994-07:00] [pid=23108] [2026.05.13-11.44.19:263][  0]LogInit: Texture streaming: Enabled
[2026-05-13T04:44:19.3341028-07:00] [pid=23108] [2026.05.13-11.44.19:334][  0]LogAudio: Display: Audio Device (ID: 1) registered with world 'Untitled'.
[2026-05-13T04:44:19.3341028-07:00] [pid=23108] [2026.05.13-11.44.19:334][  0]LogSlate: Updating window title bar state: overlay mode, drag disabled, window buttons hidden, title bar hidden
[2026-05-13T04:44:19.3351027-07:00] [pid=23108] [2026.05.13-11.44.19:335][  0]LogInit: Display: Game Engine Initialized.
[2026-05-13T04:44:19.3351027-07:00] [pid=23108] [2026.05.13-11.44.19:335][  0]LogNiagaraEditor: GEditor isn't valid! Particle reset commands will not work for Niagara components!
[2026-05-13T04:44:19.4379979-07:00] [pid=23108] [2026.05.13-11.44.19:437][  0]LogInit: Display: Starting Game.
[2026-05-13T04:44:19.4379979-07:00] [pid=23108] [2026.05.13-11.44.19:437][  0]LogNet: Browse: /Game/ThirdPersonBP/Maps/ThirdPersonExampleMap?Name=Player
[2026-05-13T04:44:19.4379979-07:00] [pid=23108] [2026.05.13-11.44.19:437][  0]LogLoad: LoadMap: /Game/ThirdPersonBP/Maps/ThirdPersonExampleMap?Name=Player
[2026-05-13T04:44:19.4379979-07:00] [pid=23108] [2026.05.13-11.44.19:437][  0]LogWorld: BeginTearingDown for /Temp/Untitled_0
[2026-05-13T04:44:19.4389976-07:00] [pid=23108] [2026.05.13-11.44.19:438][  0]LogWorld: UWorld::CleanupWorld for Untitled, bSessionEnded=true, bCleanupResources=true
[2026-05-13T04:44:19.4389976-07:00] [pid=23108] [2026.05.13-11.44.19:438][  0]LogSlate: InvalidateAllWidgets triggered.  All widgets were invalidated
[2026-05-13T04:44:19.4455121-07:00] [pid=23108] [2026.05.13-11.44.19:445][  0]LogAudio: Display: Audio Device unregistered from world 'None'.
[2026-05-13T04:44:19.4470167-07:00] [pid=23108] [2026.05.13-11.44.19:447][  0]LogUObjectHash: Compacting FUObjectHashTables data took   0.48ms
[2026-05-13T04:44:19.7142673-07:00] [pid=23108] [2026.05.13-11.44.19:714][  0]LogAudio: Display: Audio Device (ID: 1) registered with world 'ThirdPersonExampleMap'.
[2026-05-13T04:44:19.7218325-07:00] [pid=23108] [2026.05.13-11.44.19:721][  0]LogAIModule: Creating AISystem for world ThirdPersonExampleMap
[2026-05-13T04:44:19.7248352-07:00] [pid=23108] [2026.05.13-11.44.19:724][  0]LogLoad: Game class is 'ThirdPersonGameMode_C'
[2026-05-13T04:44:19.7378594-07:00] [pid=23108] [2026.05.13-11.44.19:737][  0]LogWorld: Bringing World /Game/ThirdPersonBP/Maps/ThirdPersonExampleMap.ThirdPersonExampleMap up for play (max tick rate 0) at 2026.05.13-04.44.19
[2026-05-13T04:44:19.7378594-07:00] [pid=23108] [2026.05.13-11.44.19:737][  0]LogWorld: Bringing up level for play took: 0.012880
[2026-05-13T04:44:19.7403631-07:00] [pid=23108] [2026.05.13-11.44.19:740][  0]LogTemp: Display: [ImmerseStress] Ready. Defaults: event=SwordHits bus=7p1p4 shareset=Immerse_Audio_Renderer_(Custom)
[2026-05-13T04:44:19.7403631-07:00] [pid=23108] [2026.05.13-11.44.19:740][  0]LogTemp: Display: [ImmerseStress] IMMERSE_USER_ID env=kevin_tencenttest1_emb | IMMERSE_USERID= | IMMERSE_USER=
[2026-05-13T04:44:19.7403631-07:00] [pid=23108] [2026.05.13-11.44.19:740][  0]LogTemp: Display: [testTP] Auto-spawned ImmerseStressTestActor into ThirdPersonExampleMap (type=1)
[2026-05-13T04:44:19.7403631-07:00] [pid=23108] [2026.05.13-11.44.19:740][  0]LogLoad: Took 0.302164 seconds to LoadMap(/Game/ThirdPersonBP/Maps/ThirdPersonExampleMap)
[2026-05-13T04:44:19.7634628-07:00] [pid=23108] [2026.05.13-11.44.19:763][  0]LogRenderer: Reallocating scene render targets to support 1536x864 Format 10 NumSamples 1 (Frame:1).
[2026-05-13T04:44:19.7634628-07:00] [pid=23108] [2026.05.13-11.44.19:763][  0]LogSlate: Took 0.000615 seconds to synchronously load lazily loaded font '../../../Engine/Content/Slate/Fonts/Roboto-Regular.ttf' (155K)
[2026-05-13T04:44:19.7855083-07:00] [pid=23108] [2026.05.13-11.44.19:785][  0]LogInit: Display: Engine is initialized. Leaving FEngineLoop::Init()
[2026-05-13T04:44:19.7855083-07:00] [pid=23108] [2026.05.13-11.44.19:785][  0]LogLoad: (Engine Initialization) Total time: 4.98 seconds
[2026-05-13T04:44:19.7870130-07:00] [pid=23108] [2026.05.13-11.44.19:785][  0]LogLoad: (Engine Initialization) Total Blueprint compile time: 0.00 seconds
[2026-05-13T04:44:19.7870130-07:00] [pid=23108] Resizing viewport due to setres change, 1536 x 864
[2026-05-13T04:44:19.8000419-07:00] [pid=23108] [2026.05.13-11.44.19:800][  0]LogContentStreaming: Texture pool size now 1000 MB
[2026-05-13T04:44:19.8025542-07:00] [pid=23108] [2026.05.13-11.44.19:802][  0]LogSlate: InvalidateAllWidgets triggered.  All widgets were invalidated
[2026-05-13T04:44:19.9153170-07:00] [pid=23108] [2026.05.13-11.44.19:915][  0]LogRenderer: Reallocating scene render targets to support 128x128 Format 10 NumSamples 1 (Frame:1).
[2026-05-13T04:44:19.9414194-07:00] [pid=23108] [2026.05.13-11.44.19:941][  0]LogRenderer: Reallocating scene render targets to support 1536x864 Format 10 NumSamples 1 (Frame:2).
[2026-05-13T04:44:19.9482662-07:00] [pid=23108] [2026.05.13-11.44.19:948][  1]LogSlate: Took 0.000149 seconds to synchronously load lazily loaded font '../../../Engine/Content/Slate/Fonts/Roboto-Regular.ttf' (155K)
[2026-05-13T04:44:19.9639057-07:00] [pid=23108] <<<_____ ImmerseAudioRenderer _____>>> 
[2026-05-13T04:44:19.9649109-07:00] [pid=23108] CreateImmerseAudioRendererFX()
[2026-05-13T04:44:19.9649109-07:00] [pid=23108] 
[2026-05-13T04:44:19.9649109-07:00] [pid=23108] <<<_____ ImmerseAudioRenderer _____>>> 
[2026-05-13T04:44:19.9649109-07:00] [pid=23108] Init: this=0000027F87DF0080
[2026-05-13T04:44:19.9649109-07:00] [pid=23108] 
[2026-05-13T04:44:19.9649109-07:00] [pid=23108] <<<_____ ImmerseAudioRenderer _____>>> 
[2026-05-13T04:44:19.9649109-07:00] [pid=23108] Init: success this=0000027F87DF0080 numChannels=36
[2026-05-13T04:44:19.9649109-07:00] [pid=23108] 
[2026-05-13T04:44:19.9649109-07:00] [pid=23108] [EmbodyLOG] May_13_2026 04:44:19.965 line: 738. ___IMMERSEENGINE___ Immerse_CreateAudioProcessor inChannelConfiguration:5 inInitHrirTuning:0 inInitSpeakerPlacement:0 outAudioProcessor:000000C10B7FF990 
[2026-05-13T04:44:19.9669101-07:00] [pid=23108] [EmbodyLOG] May_13_2026 04:44:19.967 line: 251. ImmerseAudioApiImplBase::CreateAudioProcessor: failed to obtain personalized shared decoder kernel - expected behaviour if user is not set! 
[2026-05-13T04:44:19.9935036-07:00] [pid=23108] [EmbodyLOG] May_13_2026 04:44:19.993 line: 376. AudioConfig::GetSHIndices() - invalid channelConfig: 6 
[2026-05-13T04:44:20.0265787-07:00] [pid=23108] [EmbodyLOG] May_13_2026 04:44:20.026 line: 281. AudioConfig::InitializeDecoders: Successfully created shared ambisonic decoder kernel 
[2026-05-13T04:44:20.0300876-07:00] [pid=23108] [EmbodyLOG] May_13_2026 04:44:20.030 line: 269. ImmerseAudioApiImplBase::CreateAudioProcessor: failed to init personalized decoder - expected behaviour if user is not set! 
[2026-05-13T04:44:22.2970705-07:00] [pid=23108] [2026.05.13-11.44.22:295][163]LogTemp: Display: [ImmerseStress] REMOTE_HOLD_v1: waiting for go.flag (../../../../../../Users/kapil/OneDrive/Documents/Unreal Projects/testTP/Saved/ImmerseStress/go.flag) retry=1
[2026-05-13T04:44:23.5341068-07:00] [pid=16288] <<<_____ ImmerseAudioRenderer _____>>> 
[2026-05-13T04:44:23.5341068-07:00] [pid=16288] WwiseFxNullParams::Term()
[2026-05-13T04:44:23.5341068-07:00] [pid=16288] 
[2026-05-13T04:44:23.5431296-07:00] [pid=16288] <<<_____ ImmerseAudioRenderer _____>>> 
[2026-05-13T04:44:23.5431296-07:00] [pid=16288] CreateDestroyImmerseManager
[2026-05-13T04:44:23.5431296-07:00] [pid=16288] 
[2026-05-13T04:44:23.5431296-07:00] [pid=16288] <<<_____ ImmerseAudioRenderer _____>>> 
[2026-05-13T04:44:23.5431296-07:00] [pid=16288] DestroyImmerseManager
[2026-05-13T04:44:23.5431296-07:00] [pid=16288] 
[2026-05-13T04:44:23.5812429-07:00] [pid=27484] Focus Exec Name: wwise.exe
[2026-05-13T04:44:23.5812429-07:00] [pid=27484] ---> Focus Exec Name: wwise.exe has WS_OVERLAPPEDWINDOW
[2026-05-13T04:44:23.5954832-07:00] [pid=23108] <<<_____ ImmerseAudioRenderer _____>>> 
[2026-05-13T04:44:23.5954832-07:00] [pid=23108] RegisterImmerseAudioRendererFX()
[2026-05-13T04:44:23.5954832-07:00] [pid=23108] 
[2026-05-13T04:44:23.5954832-07:00] [pid=23108] <<<_____ ImmerseAudioRenderer _____>>> 
[2026-05-13T04:44:23.5954832-07:00] [pid=23108] CreateImmerseManager
[2026-05-13T04:44:23.5954832-07:00] [pid=23108] 
[2026-05-13T04:44:23.6501609-07:00] [pid=23108] <<<_____ ImmerseAudioRenderer _____>>> 
[2026-05-13T04:44:23.6511662-07:00] [pid=23108] CreateImmerseAudioRendererFXParams()
[2026-05-13T04:44:23.6511662-07:00] [pid=23108] 
[2026-05-13T04:44:23.6511662-07:00] [pid=23108] <<<_____ ImmerseAudioRenderer _____>>> 
[2026-05-13T04:44:23.6511662-07:00] [pid=23108] WwiseFxNullParams::Init()
[2026-05-13T04:44:23.6511662-07:00] [pid=23108] 
[2026-05-13T04:44:23.6511662-07:00] [pid=23108] <<<_____ ImmerseAudioRenderer _____>>> 
[2026-05-13T04:44:23.6511662-07:00] [pid=23108] WwiseFxNullParams::SetParam()
[2026-05-13T04:44:23.6511662-07:00] [pid=23108] 
[2026-05-13T04:44:23.6511662-07:00] [pid=23108] <<<_____ ImmerseAudioRenderer _____>>> 
[2026-05-13T04:44:23.6511662-07:00] [pid=23108] WwiseFxNullParams::SetParam()
[2026-05-13T04:44:23.6511662-07:00] [pid=23108] 
[2026-05-13T04:44:23.6511662-07:00] [pid=23108] <<<_____ ImmerseAudioRenderer _____>>> 
[2026-05-13T04:44:23.6511662-07:00] [pid=23108] WwiseFxNullParams::SetParam()
[2026-05-13T04:44:23.6511662-07:00] [pid=23108] 
[2026-05-13T04:44:23.6511662-07:00] [pid=23108] <<<_____ ImmerseAudioRenderer _____>>> 
[2026-05-13T04:44:23.6511662-07:00] [pid=23108] WwiseFxNullParams::SetParam()
[2026-05-13T04:44:23.6511662-07:00] [pid=23108] 
[2026-05-13T04:44:23.6511662-07:00] [pid=23108] <<<_____ ImmerseAudioRenderer _____>>> 
[2026-05-13T04:44:23.6511662-07:00] [pid=23108] WwiseFxNullParams::SetParam()
[2026-05-13T04:44:23.6511662-07:00] [pid=23108] 
[2026-05-13T04:44:23.6511662-07:00] [pid=23108] <<<_____ ImmerseAudioRenderer _____>>> 
[2026-05-13T04:44:23.6511662-07:00] [pid=23108] WwiseFxNullParams::SetParam()
[2026-05-13T04:44:23.6511662-07:00] [pid=23108] 
[2026-05-13T04:44:23.6511662-07:00] [pid=23108] <<<_____ ImmerseAudioRenderer _____>>> 
[2026-05-13T04:44:23.6511662-07:00] [pid=23108] WwiseFxNullParams::SetParam()
[2026-05-13T04:44:23.6511662-07:00] [pid=23108] 
[2026-05-13T04:44:23.6511662-07:00] [pid=23108] <<<_____ ImmerseAudioRenderer _____>>> 
[2026-05-13T04:44:23.6511662-07:00] [pid=23108] WwiseFxNullParams::SetParam()
[2026-05-13T04:44:23.6511662-07:00] [pid=23108] 
[2026-05-13T04:44:23.6511662-07:00] [pid=23108] <<<_____ ImmerseAudioRenderer _____>>> 
[2026-05-13T04:44:23.6521699-07:00] [pid=23108] WwiseFxNullParams::SetParam()
[2026-05-13T04:44:23.6521699-07:00] [pid=23108] 
[2026-05-13T04:44:23.6521699-07:00] [pid=23108] <<<_____ ImmerseAudioRenderer _____>>> 
[2026-05-13T04:44:23.6521699-07:00] [pid=23108] WwiseFxNullParams::ApplyParam()
[2026-05-13T04:44:23.6521699-07:00] [pid=23108] 
[2026-05-13T04:44:23.6521699-07:00] [pid=23108] [EmbodyLOG] May_13_2026 04:44:23.652 line: 649. ___IMMERSEENGINE___ Immerse_SetUserId inUserId:000000C100B7EF50 
[2026-05-13T04:44:23.6521699-07:00] [pid=23108] <<<_____ ImmerseAudioRenderer _____>>> 
[2026-05-13T04:44:23.6521699-07:00] [pid=23108] WwiseFxNullParams::ApplyParam()
[2026-05-13T04:44:23.6521699-07:00] [pid=23108] 
[2026-05-13T04:44:23.6521699-07:00] [pid=23108] [EmbodyLOG] May_13_2026 04:44:23.653 line: 673. ___IMMERSEENGINE___ Immerse_EnableImmerse inMode: 0 
[2026-05-13T04:44:23.6531706-07:00] [pid=23108] <<<_____ ImmerseAudioRenderer _____>>> 
[2026-05-13T04:44:23.6531706-07:00] [pid=23108] WwiseFxNullParams::ApplyParam()
[2026-05-13T04:44:23.6531706-07:00] [pid=23108] 
[2026-05-13T04:44:23.6531706-07:00] [pid=23108] [EmbodyLOG] May_13_2026 04:44:23.654 line: 3460. generateWebAppUrl(): userId: kevin_tencenttest1_emb 
[2026-05-13T04:44:23.6531706-07:00] [pid=23108] [EmbodyLOG] May_13_2026 04:44:23.654 line: 673. ___IMMERSEENGINE___ Immerse_EnableImmerse inMode: 1 
[2026-05-13T04:44:23.6541727-07:00] [pid=23108] <<<_____ ImmerseAudioRenderer _____>>> 
[2026-05-13T04:44:23.6541727-07:00] [pid=23108] WwiseFxNullParams::ApplyParam()
[2026-05-13T04:44:23.6541727-07:00] [pid=23108] 
[2026-05-13T04:44:23.6541727-07:00] [pid=23108] [EmbodyLOG] May_13_2026 04:44:23.654 line: 710. ___IMMERSEENGINE___ Immerse_EnableHPEQ inHeadset: 0 
[2026-05-13T04:44:23.6541727-07:00] [pid=23108] <<<_____ ImmerseAudioRenderer _____>>> 
[2026-05-13T04:44:23.6541727-07:00] [pid=23108] WwiseFxNullParams::ApplyParam()
[2026-05-13T04:44:23.6541727-07:00] [pid=23108] 
[2026-05-13T04:44:23.6541727-07:00] [pid=23108] <<<_____ ImmerseAudioRenderer _____>>> 
[2026-05-13T04:44:23.6541727-07:00] [pid=23108] WwiseFxNullParams::ApplyParam()
[2026-05-13T04:44:23.6551722-07:00] [pid=23108] 
[2026-05-13T04:44:23.6551722-07:00] [pid=23108] <<<_____ ImmerseAudioRenderer _____>>> 
[2026-05-13T04:44:23.6551722-07:00] [pid=23108] WwiseFxNullParams::ApplyParam()
[2026-05-13T04:44:23.6551722-07:00] [pid=23108] [EmbodyLOG] May_13_2026 04:44:23.655 line: 759. ___IMMERSEENGINE___ Immerse_SetSpeakerPlacement inSpeakerPlacement:1 
[2026-05-13T04:44:23.6551722-07:00] [pid=23108] 
[2026-05-13T04:44:23.6551722-07:00] [pid=23108] <<<_____ ImmerseAudioRenderer _____>>> 
[2026-05-13T04:44:23.6551722-07:00] [pid=23108] WwiseFxNullParams::ApplyParam()
[2026-05-13T04:44:23.6551722-07:00] [pid=23108] 
[2026-05-13T04:44:23.6551722-07:00] [pid=23108] <<<_____ ImmerseAudioRenderer _____>>> 
[2026-05-13T04:44:23.6551722-07:00] [pid=23108] WwiseFxNullParams::ApplyParam()
[2026-05-13T04:44:23.6551722-07:00] [pid=23108] 
[2026-05-13T04:44:23.6551722-07:00] [pid=23108] [EmbodyLOG] May_13_2026 04:44:23.656 line: 1316. getLocalSessionID for user: kevin_tencenttest1_emb 06756e30dc6941e7b44b3ad365984a2f 
[2026-05-13T04:44:23.6551722-07:00] [pid=23108] [EmbodyLOG] May_13_2026 04:44:23.656 line: 3468. generateWebAppUrl(): Query context user id = kevin_tencenttest1_emb 
[2026-05-13T04:44:23.6566791-07:00] [pid=23108] <<<_____ ImmerseAudioRenderer _____>>> 
[2026-05-13T04:44:23.6566791-07:00] [pid=23108] [EmbodyLOG] May_13_2026 04:44:23.656 line: 1377. constructWebAppUrl: https://u.embodyvr.io/i/-OBd3XR5ra76atCIHv4Y46V1dsdr4rjlUmIFUj5T_kGZiMGKl83IlA**?q=2h04:en 
[2026-05-13T04:44:23.6566791-07:00] [pid=23108] Term: this=0000027F87DF0080
[2026-05-13T04:44:23.6566791-07:00] [pid=23108] 
[2026-05-13T04:44:23.6566791-07:00] [pid=23108] [EmbodyLOG] May_13_2026 04:44:23.656 line: 752. ___IMMERSEENGINE___ Immerse_DestroyAudioProcessor inAudioProcessor:1 
[2026-05-13T04:44:23.6566791-07:00] [pid=23108] [EmbodyLOG] May_13_2026 04:44:23.657 line: 3483. generateWebAppUrl(): session url is : https://u.embodyvr.io/i/-OBd3XR5ra76atCIHv4Y46V1dsdr4rjlUmIFUj5T_kGZiMGKl83IlA**?q=2h04:en 
[2026-05-13T04:44:23.6566791-07:00] [pid=23108] <<<_____ ImmerseAudioRenderer _____>>> 
[2026-05-13T04:44:23.6566791-07:00] [pid=23108] WwiseFxNullParams::Term()
[2026-05-13T04:44:23.6566791-07:00] [pid=23108] 
[2026-05-13T04:44:23.6566791-07:00] [pid=23108] <<<_____ ImmerseAudioRenderer _____>>> 
[2026-05-13T04:44:23.6566791-07:00] [pid=23108] CreateImmerseAudioRendererFX()
[2026-05-13T04:44:23.6566791-07:00] [pid=23108] 
[2026-05-13T04:44:23.6576875-07:00] [pid=23108] <<<_____ ImmerseAudioRenderer _____>>> 
[2026-05-13T04:44:23.6576875-07:00] [pid=23108] Init: this=0000027F87DF01C0
[2026-05-13T04:44:23.6576875-07:00] [pid=23108] 
[2026-05-13T04:44:23.6576875-07:00] [pid=23108] <<<_____ ImmerseAudioRenderer _____>>> 
[2026-05-13T04:44:23.6576875-07:00] [pid=23108] Init: success this=0000027F87DF01C0 numChannels=36
[2026-05-13T04:44:23.6576875-07:00] [pid=23108] 
[2026-05-13T04:44:23.6586892-07:00] [pid=23108] <<<_____ ImmerseAudioRenderer _____>>> 
[2026-05-13T04:44:23.6596881-07:00] [pid=23108] Term: this=0000027F87DF01C0
[2026-05-13T04:44:23.6596881-07:00] [pid=23108] 
[2026-05-13T04:44:23.6596881-07:00] [pid=23108] <<<_____ ImmerseAudioRenderer _____>>> 
[2026-05-13T04:44:23.6596881-07:00] [pid=23108] WwiseFxNullParams::Term()
[2026-05-13T04:44:23.6596881-07:00] [pid=23108] 
[2026-05-13T04:44:23.6712240-07:00] [pid=23108] <<<_____ ImmerseAudioRenderer _____>>> 
[2026-05-13T04:44:23.6712240-07:00] [pid=23108] CreateImmerseAudioRendererFX()
[2026-05-13T04:44:23.6712240-07:00] [pid=23108] 
[2026-05-13T04:44:23.6712240-07:00] [pid=23108] <<<_____ ImmerseAudioRenderer _____>>> 
[2026-05-13T04:44:23.6712240-07:00] [pid=23108] Init: this=0000027F87DF0300
[2026-05-13T04:44:23.6712240-07:00] [pid=23108] 
[2026-05-13T04:44:23.6712240-07:00] [pid=23108] <<<_____ ImmerseAudioRenderer _____>>> 
[2026-05-13T04:44:23.6712240-07:00] [pid=23108] Init: success this=0000027F87DF0300 numChannels=36
[2026-05-13T04:44:23.6712240-07:00] [pid=23108] 
[2026-05-13T04:44:23.6722299-07:00] [pid=23108] [EmbodyLOG] May_13_2026 04:44:23.672 line: 738. ___IMMERSEENGINE___ Immerse_CreateAudioProcessor inChannelConfiguration:5 inInitHrirTuning:0 inInitSpeakerPlacement:0 outAudioProcessor:000000C10C37F710 
[2026-05-13T04:44:23.6722299-07:00] [pid=23108] [EmbodyLOG] May_13_2026 04:44:23.672 line: 251. ImmerseAudioApiImplBase::CreateAudioProcessor: failed to obtain personalized shared decoder kernel - expected behaviour if user is not set! 
[2026-05-13T04:44:23.6722299-07:00] [pid=23108] [EmbodyLOG] May_13_2026 04:44:23.673 line: 1419. calculateLicenseDaysRemaining(): cached=358, elapsed=0, remaining=358 
[2026-05-13T04:44:23.6732297-07:00] [pid=23108] [EmbodyLOG] May_13_2026 04:44:23.673 line: 269. ImmerseAudioApiImplBase::CreateAudioProcessor: failed to init personalized decoder - expected behaviour if user is not set! 
[2026-05-13T04:44:23.9751136-07:00] [pid=23108] [EmbodyLOG] May_13_2026 04:44:23.975 line: 2042. updateUserData onSetUserId: update user data on set user id 
[2026-05-13T04:44:23.9751136-07:00] [pid=23108] [EmbodyLOG] May_13_2026 04:44:23.976 line: 1316. getLocalSessionID for user: kevin_tencenttest1_emb 06756e30dc6941e7b44b3ad365984a2f 
[2026-05-13T04:44:23.9766174-07:00] [pid=23108] [EmbodyLOG] May_13_2026 04:44:23.976 line: 2060. ImmerseAPI_updateUserData onSetUserId: syncing with server 
[2026-05-13T04:44:23.9766174-07:00] [pid=23108] [EmbodyLOG] May_13_2026 04:44:23.977 line: 1316. getLocalSessionID for user: kevin_tencenttest1_emb 06756e30dc6941e7b44b3ad365984a2f 
[2026-05-13T04:44:23.9781241-07:00] [pid=23108] [EmbodyLOG] May_13_2026 04:44:23.978 line: 3274. getEmbodyData: STATUS_AUTHORIZING StatusCheck session_id: 06756e30dc6941e7b44b3ad365984a2f, immerse_id: v2.2.447, hrtf_id: 1408e0d2eca549feaf2d5631a49ca7d2, img_id: img_1 
[2026-05-13T04:44:23.9781241-07:00] [pid=23108] [EmbodyLOG] May_13_2026 04:44:23.979 line: 3213. usingLocalUserCache: Using local cache for user: SCR license_type: trial, license_days_left: 358, license_expired: 0, isUniversalUser: 0 
[2026-05-13T04:44:23.9781241-07:00] [pid=23108] [EmbodyLOG] May_13_2026 04:44:23.979 line: 3232. updateUMWHPEQSelection() - updated headsetId: 18446744073709551615 
[2026-05-13T04:44:23.9781241-07:00] [pid=23108] [EmbodyLOG] May_13_2026 04:44:23.979 line: 2669. updateUserHRTFData ProfileName set to : Profile_1 
[2026-05-13T04:44:23.9796544-07:00] [pid=23108] [EmbodyLOG] May_13_2026 04:44:23.979 line: 2724. updateUserHRTFData: inside hrtfCallback invocation 
[2026-05-13T04:44:23.9796544-07:00] [pid=23108] [EmbodyLOG] May_13_2026 04:44:23.980 line: 270. LoadHrtfCallback: HRTF loaded 
[2026-05-13T04:44:23.9796544-07:00] [pid=23108] [EmbodyLOG] May_13_2026 04:44:23.980 line: 3354. getEmbodyData: IMMERSE_STATUS::DATA_FINISHED 
[2026-05-13T04:44:24.2827984-07:00] [pid=23108] [EmbodyLOG] May_13_2026 04:44:24.282 line: 416. DecryptMultiSofaData() - v2 numSections=3 hrtfFlags=1 hrtfSectionOffset=971 hrtfSectionSize=1758624 numEntries=4 dataOffset=1039 dataLength=439639 bmapSize=518 fovdSize=361 
[2026-05-13T04:44:24.3389251-07:00] [pid=23108] [EmbodyLOG] May_13_2026 04:44:24.339 line: 447. DecryptMultiSofaData() - decrypt result: Success 
[2026-05-13T04:44:24.3399246-07:00] [pid=23108] [EmbodyLOG] May_13_2026 04:44:24.340 line: 533. AssetManager - BMAP data (518 bytes): {"buses":[{"label":"Extraction","tunings":[{"id":"extraction_tuning_1","label":"Extraction Tuning 1","hrtf_index":0}],"id":"extraction"},{"label":"Warfare","tunings":[{"id":"warfare_tuning_1","label":"Warfare Tuning 1","hrtf_index":1}],"id":"warfare"},{"label":"Campaign","tunings":[{"id":"campaign_tuning_1","label":"Campaign Tuning 1","hrtf_index":2}],"id":"campaign"},{"label":"Voice Chat","tunings":[{"id":"voice_chat_tuning_1","label":"Voice Chat Tuning 1","hrtf_index":3}],"id":"voice_chat"}],"schema_version":1} 
[2026-05-13T04:44:24.3404293-07:00] [pid=23108] [EmbodyLOG] May_13_2026 04:44:24.340 line: 537. AssetManager - FOVD data (361 bytes): {"schema_version":1,"fov_groups":["l/r"],"fov_presets":[{"studio_speaker_angles_idx":[0,1,6,7,8,9,10,11,12,13,14,15,16,17,18],"label":"Narrow","id":"narrow"},{"studio_speaker_angles_idx":[2,3,6,7,8,9,10,11,12,13,14,15,16,17,18],"label":"Default","id":"default"},{"studio_speaker_angles_idx":[4,5,6,7,8,9,10,11,12,13,14,15,16,17,18],"label":"Wide","id":"wide"}]} 
[2026-05-13T04:44:24.3469446-07:00] [pid=23108] [EmbodyLOG] May_13_2026 04:44:24.347 line: 376. AudioConfig::GetSHIndices() - invalid channelConfig: 6 
[2026-05-13T04:44:24.3915544-07:00] [pid=23108] [EmbodyLOG] May_13_2026 04:44:24.392 line: 281. AudioConfig::InitializeDecoders: Successfully created shared ambisonic decoder kernel 
[2026-05-13T04:44:24.3955589-07:00] [pid=23108] [EmbodyLOG] May_13_2026 04:44:24.395 line: 1419. calculateLicenseDaysRemaining(): cached=358, elapsed=0, remaining=358 
[2026-05-13T04:44:24.3955589-07:00] [pid=23108] [EmbodyLOG] May_13_2026 04:44:24.396 line: 1419. calculateLicenseDaysRemaining(): cached=358, elapsed=0, remaining=358 
[2026-05-13T04:44:24.3980738-07:00] [pid=23108] [EmbodyLOG] May_13_2026 04:44:24.398 line: 1316. getLocalSessionID for user: kevin_tencenttest1_emb 06756e30dc6941e7b44b3ad365984a2f 
[2026-05-13T04:44:24.3980738-07:00] [pid=23108] [EmbodyLOG] May_13_2026 04:44:24.399 line: 2576. ImmerseAPI: Too many status checks within the period allowed, returning early 
[2026-05-13T04:44:24.3995807-07:00] [pid=23108] [EmbodyLOG] May_13_2026 04:44:24.399 line: 3232. updateUMWHPEQSelection() - updated headsetId: 18446744073709551615 
[2026-05-13T04:44:24.3995807-07:00] [pid=23108] [EmbodyLOG] May_13_2026 04:44:24.400 line: 1419. calculateLicenseDaysRemaining(): cached=358, elapsed=0, remaining=358 
[2026-05-13T04:44:24.4005867-07:00] [pid=23108] [EmbodyLOG] May_13_2026 04:44:24.400 line: 1304. ImmerseManager::UpdateHpeqHeadset() - HPEQ disabled 
[2026-05-13T04:44:24.4015862-07:00] [pid=23108] [EmbodyLOG] May_13_2026 04:44:24.401 line: 1419. calculateLicenseDaysRemaining(): cached=358, elapsed=0, remaining=358 
[2026-05-13T04:44:27.1189540-07:00] [pid=23108] <<<_____ ImmerseAudioRenderer _____>>> 
[2026-05-13T04:44:27.1189540-07:00] [pid=23108] WwiseFxNullParams::SetParam()
[2026-05-13T04:44:27.1189540-07:00] [pid=23108] 
[2026-05-13T04:44:27.1189540-07:00] [pid=23108] <<<_____ ImmerseAudioRenderer _____>>> 
[2026-05-13T04:44:27.1189540-07:00] [pid=23108] WwiseFxNullParams::ApplyParam()
[2026-05-13T04:44:27.1189540-07:00] [pid=23108] 
[2026-05-13T04:44:27.1189540-07:00] [pid=23108] [EmbodyLOG] May_13_2026 04:44:27.119 line: 673. ___IMMERSEENGINE___ Immerse_EnableImmerse inMode: 2 
[2026-05-13T04:44:27.1199555-07:00] [pid=23108] <<<_____ ImmerseAudioRenderer _____>>> 
[2026-05-13T04:44:27.1199555-07:00] [pid=23108] WwiseFxNullParams::SetParam()
[2026-05-13T04:44:27.1199555-07:00] [pid=23108] 
[2026-05-13T04:44:27.1204601-07:00] [pid=23108] <<<_____ ImmerseAudioRenderer _____>>> 
[2026-05-13T04:44:27.1204601-07:00] [pid=23108] WwiseFxNullParams::ApplyParam()
[2026-05-13T04:44:27.1204601-07:00] [pid=23108] 
[2026-05-13T04:44:27.1204601-07:00] [pid=23108] [EmbodyLOG] May_13_2026 04:44:27.120 line: 673. ___IMMERSEENGINE___ Immerse_EnableImmerse inMode: 2 
[2026-05-13T04:44:27.1204601-07:00] [pid=23108] [EmbodyLOG] May_13_2026 04:44:27.120 line: 1419. calculateLicenseDaysRemaining(): cached=358, elapsed=0, remaining=358 
[2026-05-13T04:44:27.1224699-07:00] [pid=23108] [EmbodyLOG] May_13_2026 04:44:27.122 line: 1419. calculateLicenseDaysRemaining(): cached=358, elapsed=0, remaining=358 
[2026-05-13T04:44:27.2989630-07:00] [pid=23108] [2026.05.13-11.44.27:298][470]LogAkAudio: Error: Voice Starvation
[2026-05-13T04:44:29.1845870-07:00] [pid=23108] <<<_____ ImmerseAudioRenderer _____>>> 
[2026-05-13T04:44:29.1845870-07:00] [pid=23108] WwiseFxNullParams::SetParam()
[2026-05-13T04:44:29.1845870-07:00] [pid=23108] 
[2026-05-13T04:44:29.1845870-07:00] [pid=23108] <<<_____ ImmerseAudioRenderer _____>>> 
[2026-05-13T04:44:29.1845870-07:00] [pid=23108] WwiseFxNullParams::ApplyParam()
[2026-05-13T04:44:29.1855877-07:00] [pid=23108] 
[2026-05-13T04:44:29.1855877-07:00] [pid=23108] [EmbodyLOG] May_13_2026 04:44:29.185 line: 673. ___IMMERSEENGINE___ Immerse_EnableImmerse inMode: 2 
[2026-05-13T04:44:29.1855877-07:00] [pid=23108] <<<_____ ImmerseAudioRenderer _____>>> 
[2026-05-13T04:44:29.1855877-07:00] [pid=23108] WwiseFxNullParams::SetParam()
[2026-05-13T04:44:29.1865888-07:00] [pid=23108] 
[2026-05-13T04:44:29.1865888-07:00] [pid=23108] <<<_____ ImmerseAudioRenderer _____>>> 
[2026-05-13T04:44:29.1865888-07:00] [pid=23108] WwiseFxNullParams::ApplyParam()
[2026-05-13T04:44:29.1865888-07:00] [pid=23108] 
[2026-05-13T04:44:29.1865888-07:00] [pid=23108] [EmbodyLOG] May_13_2026 04:44:29.187 line: 673. ___IMMERSEENGINE___ Immerse_EnableImmerse inMode: 2 
[2026-05-13T04:44:29.1865888-07:00] [pid=23108] [EmbodyLOG] May_13_2026 04:44:29.187 line: 1419. calculateLicenseDaysRemaining(): cached=358, elapsed=0, remaining=358 
[2026-05-13T04:44:29.1875936-07:00] [pid=23108] [EmbodyLOG] May_13_2026 04:44:29.188 line: 1419. calculateLicenseDaysRemaining(): cached=358, elapsed=0, remaining=358 
[2026-05-13T04:44:29.2051505-07:00] [pid=23108] <<<_____ ImmerseAudioRenderer _____>>> 
[2026-05-13T04:44:29.2051505-07:00] [pid=23108] WwiseFxNullParams::SetParam()
[2026-05-13T04:44:29.2051505-07:00] [pid=23108] 
[2026-05-13T04:44:29.2051505-07:00] [pid=23108] <<<_____ ImmerseAudioRenderer _____>>> 
[2026-05-13T04:44:29.2051505-07:00] [pid=23108] WwiseFxNullParams::ApplyParam()
[2026-05-13T04:44:29.2051505-07:00] [pid=23108] 
[2026-05-13T04:44:29.2051505-07:00] [pid=23108] [EmbodyLOG] May_13_2026 04:44:29.205 line: 673. ___IMMERSEENGINE___ Immerse_EnableImmerse inMode: 0 
[2026-05-13T04:44:29.2051505-07:00] [pid=23108] <<<_____ ImmerseAudioRenderer _____>>> 
[2026-05-13T04:44:29.2051505-07:00] [pid=23108] WwiseFxNullParams::SetParam()
[2026-05-13T04:44:29.2051505-07:00] [pid=23108] 
[2026-05-13T04:44:29.2051505-07:00] [pid=23108] <<<_____ ImmerseAudioRenderer _____>>> 
[2026-05-13T04:44:29.2051505-07:00] [pid=23108] WwiseFxNullParams::ApplyParam()
[2026-05-13T04:44:29.2066567-07:00] [pid=23108] 
[2026-05-13T04:44:29.2066567-07:00] [pid=23108] [EmbodyLOG] May_13_2026 04:44:29.206 line: 673. ___IMMERSEENGINE___ Immerse_EnableImmerse inMode: 0 
[2026-05-13T04:44:29.2066567-07:00] [pid=23108] [EmbodyLOG] May_13_2026 04:44:29.207 line: 1419. calculateLicenseDaysRemaining(): cached=358, elapsed=0, remaining=358 
[2026-05-13T04:44:29.2081652-07:00] [pid=23108] [EmbodyLOG] May_13_2026 04:44:29.208 line: 1419. calculateLicenseDaysRemaining(): cached=358, elapsed=0, remaining=358 
[2026-05-13T04:44:29.3140216-07:00] [pid=23108] <<<_____ ImmerseAudioRenderer _____>>> 
[2026-05-13T04:44:29.3150223-07:00] [pid=23108] WwiseFxNullParams::SetParam()
[2026-05-13T04:44:29.3150223-07:00] [pid=23108] 
[2026-05-13T04:44:29.3150223-07:00] [pid=23108] <<<_____ ImmerseAudioRenderer _____>>> 
[2026-05-13T04:44:29.3150223-07:00] [pid=23108] WwiseFxNullParams::ApplyParam()
[2026-05-13T04:44:29.3150223-07:00] [pid=23108] 
[2026-05-13T04:44:29.3150223-07:00] [pid=23108] [EmbodyLOG] May_13_2026 04:44:29.315 line: 673. ___IMMERSEENGINE___ Immerse_EnableImmerse inMode: 2 
[2026-05-13T04:44:29.3150223-07:00] [pid=23108] <<<_____ ImmerseAudioRenderer _____>>> 
[2026-05-13T04:44:29.3150223-07:00] [pid=23108] WwiseFxNullParams::SetParam()
[2026-05-13T04:44:29.3150223-07:00] [pid=23108] 
[2026-05-13T04:44:29.3150223-07:00] [pid=23108] <<<_____ ImmerseAudioRenderer _____>>> 
[2026-05-13T04:44:29.3150223-07:00] [pid=23108] WwiseFxNullParams::ApplyParam()
[2026-05-13T04:44:29.3160231-07:00] [pid=23108] 
[2026-05-13T04:44:29.3160231-07:00] [pid=23108] [EmbodyLOG] May_13_2026 04:44:29.316 line: 673. ___IMMERSEENGINE___ Immerse_EnableImmerse inMode: 2 
[2026-05-13T04:44:29.3160231-07:00] [pid=23108] [EmbodyLOG] May_13_2026 04:44:29.316 line: 1419. calculateLicenseDaysRemaining(): cached=358, elapsed=0, remaining=358 
[2026-05-13T04:44:29.3170291-07:00] [pid=23108] [EmbodyLOG] May_13_2026 04:44:29.317 line: 1419. calculateLicenseDaysRemaining(): cached=358, elapsed=0, remaining=358 
[2026-05-13T04:44:31.4655334-07:00] [pid=23108] <<<_____ ImmerseAudioRenderer _____>>> 
[2026-05-13T04:44:31.4655334-07:00] [pid=23108] WwiseFxNullParams::SetParam()
[2026-05-13T04:44:31.4655334-07:00] [pid=23108] 
[2026-05-13T04:44:31.4655334-07:00] [pid=23108] <<<_____ ImmerseAudioRenderer _____>>> 
[2026-05-13T04:44:31.4655334-07:00] [pid=23108] WwiseFxNullParams::ApplyParam()
[2026-05-13T04:44:31.4655334-07:00] [pid=23108] 
[2026-05-13T04:44:31.4655334-07:00] [pid=23108] [EmbodyLOG] May_13_2026 04:44:31.466 line: 673. ___IMMERSEENGINE___ Immerse_EnableImmerse inMode: 1 
[2026-05-13T04:44:31.4655334-07:00] [pid=23108] <<<_____ ImmerseAudioRenderer _____>>> 
[2026-05-13T04:44:31.4655334-07:00] [pid=23108] WwiseFxNullParams::SetParam()
[2026-05-13T04:44:31.4670424-07:00] [pid=23108] 
[2026-05-13T04:44:31.4670424-07:00] [pid=23108] <<<_____ ImmerseAudioRenderer _____>>> 
[2026-05-13T04:44:31.4670424-07:00] [pid=23108] WwiseFxNullParams::ApplyParam()
[2026-05-13T04:44:31.4670424-07:00] [pid=23108] 
[2026-05-13T04:44:31.4670424-07:00] [pid=23108] [EmbodyLOG] May_13_2026 04:44:31.467 line: 673. ___IMMERSEENGINE___ Immerse_EnableImmerse inMode: 1 
[2026-05-13T04:44:31.4680592-07:00] [pid=23108] [EmbodyLOG] May_13_2026 04:44:31.468 line: 1316. getLocalSessionID for user: kevin_tencenttest1_emb 06756e30dc6941e7b44b3ad365984a2f 
[2026-05-13T04:44:31.4690563-07:00] [pid=23108] [EmbodyLOG] May_13_2026 04:44:31.469 line: 3274. getEmbodyData: STATUS_AUTHORIZING StatusCheck session_id: 06756e30dc6941e7b44b3ad365984a2f, immerse_id: v2.2.447, hrtf_id: 1408e0d2eca549feaf2d5631a49ca7d2, img_id: img_1 
[2026-05-13T04:44:31.4700565-07:00] [pid=23108] [EmbodyLOG] May_13_2026 04:44:31.470 line: 3213. usingLocalUserCache: Using local cache for user: SCR license_type: trial, license_days_left: 358, license_expired: 0, isUniversalUser: 0 
[2026-05-13T04:44:31.4700565-07:00] [pid=23108] [EmbodyLOG] May_13_2026 04:44:31.470 line: 3232. updateUMWHPEQSelection() - updated headsetId: 18446744073709551615 
[2026-05-13T04:44:31.4705641-07:00] [pid=23108] [EmbodyLOG] May_13_2026 04:44:31.470 line: 2669. updateUserHRTFData ProfileName set to : Profile_1 
[2026-05-13T04:44:31.4705641-07:00] [pid=23108] [EmbodyLOG] May_13_2026 04:44:31.471 line: 2724. updateUserHRTFData: inside hrtfCallback invocation 
[2026-05-13T04:44:31.4715729-07:00] [pid=23108] [EmbodyLOG] May_13_2026 04:44:31.471 line: 277. LoadHrtfCallback: HRTF already loaded 
[2026-05-13T04:44:31.4715729-07:00] [pid=23108] [EmbodyLOG] May_13_2026 04:44:31.471 line: 3354. getEmbodyData: IMMERSE_STATUS::DATA_FINISHED 
[2026-05-13T04:44:31.4725793-07:00] [pid=23108] [EmbodyLOG] May_13_2026 04:44:31.472 line: 1419. calculateLicenseDaysRemaining(): cached=358, elapsed=0, remaining=358 
[2026-05-13T04:44:31.4735822-07:00] [pid=23108] [EmbodyLOG] May_13_2026 04:44:31.474 line: 1316. getLocalSessionID for user: kevin_tencenttest1_emb 06756e30dc6941e7b44b3ad365984a2f 
[2026-05-13T04:44:31.4745779-07:00] [pid=23108] [EmbodyLOG] May_13_2026 04:44:31.475 line: 2576. ImmerseAPI: Too many status checks within the period allowed, returning early 
[2026-05-13T04:44:31.4745779-07:00] [pid=23108] [EmbodyLOG] May_13_2026 04:44:31.475 line: 3232. updateUMWHPEQSelection() - updated headsetId: 18446744073709551615 
[2026-05-13T04:44:31.4755914-07:00] [pid=23108] [EmbodyLOG] May_13_2026 04:44:31.476 line: 1419. calculateLicenseDaysRemaining(): cached=358, elapsed=0, remaining=358 
[2026-05-13T04:44:31.6011031-07:00] [pid=23108] <<<_____ ImmerseAudioRenderer _____>>> 
[2026-05-13T04:44:31.6011031-07:00] [pid=23108] WwiseFxNullParams::SetParam()
[2026-05-13T04:44:31.6011031-07:00] [pid=23108] 
[2026-05-13T04:44:31.6011031-07:00] [pid=23108] <<<_____ ImmerseAudioRenderer _____>>> 
[2026-05-13T04:44:31.6011031-07:00] [pid=23108] WwiseFxNullParams::ApplyParam()
[2026-05-13T04:44:31.6011031-07:00] [pid=23108] 
[2026-05-13T04:44:31.6011031-07:00] [pid=23108] [EmbodyLOG] May_13_2026 04:44:31.601 line: 673. ___IMMERSEENGINE___ Immerse_EnableImmerse inMode: 2 
[2026-05-13T04:44:31.6021104-07:00] [pid=23108] <<<_____ ImmerseAudioRenderer _____>>> 
[2026-05-13T04:44:31.6021104-07:00] [pid=23108] WwiseFxNullParams::SetParam()
[2026-05-13T04:44:31.6021104-07:00] [pid=23108] 
[2026-05-13T04:44:31.6021104-07:00] [pid=23108] <<<_____ ImmerseAudioRenderer _____>>> 
[2026-05-13T04:44:31.6021104-07:00] [pid=23108] WwiseFxNullParams::ApplyParam()
[2026-05-13T04:44:31.6021104-07:00] [pid=23108] 
[2026-05-13T04:44:31.6021104-07:00] [pid=23108] [EmbodyLOG] May_13_2026 04:44:31.602 line: 673. ___IMMERSEENGINE___ Immerse_EnableImmerse inMode: 2 
[2026-05-13T04:44:31.6031125-07:00] [pid=23108] [2026.05.13-11.44.31:603][501]LogAkAudio: Error: Voice Starvation
[2026-05-13T04:44:31.6031125-07:00] [pid=23108] [EmbodyLOG] May_13_2026 04:44:31.603 line: 1419. calculateLicenseDaysRemaining(): cached=358, elapsed=0, remaining=358 
[2026-05-13T04:44:31.6041080-07:00] [pid=23108] [EmbodyLOG] May_13_2026 04:44:31.604 line: 1419. calculateLicenseDaysRemaining(): cached=358, elapsed=0, remaining=358 
[2026-05-13T04:44:31.8205641-07:00] [pid=23108] [2026.05.13-11.44.31:820][600]LogTemp: Display: [ImmerseStress] REMOTE_HOLD_v1: waiting for go.flag (../../../../../../Users/kapil/OneDrive/Documents/Unreal Projects/testTP/Saved/ImmerseStress/go.flag) retry=20
[2026-05-13T04:44:32.7053146-07:00] [pid=23108] <<<_____ ImmerseAudioRenderer _____>>> 
[2026-05-13T04:44:32.7053146-07:00] [pid=23108] WwiseFxNullParams::SetParam()
[2026-05-13T04:44:32.7053146-07:00] [pid=23108] 
[2026-05-13T04:44:32.7053146-07:00] [pid=23108] <<<_____ ImmerseAudioRenderer _____>>> 
[2026-05-13T04:44:32.7053146-07:00] [pid=23108] WwiseFxNullParams::ApplyParam()
[2026-05-13T04:44:32.7053146-07:00] [pid=23108] 
[2026-05-13T04:44:32.7053146-07:00] [pid=23108] [EmbodyLOG] May_13_2026 04:44:32.706 line: 673. ___IMMERSEENGINE___ Immerse_EnableImmerse inMode: 1 
[2026-05-13T04:44:32.7053146-07:00] [pid=23108] <<<_____ ImmerseAudioRenderer _____>>> 
[2026-05-13T04:44:32.7053146-07:00] [pid=23108] WwiseFxNullParams::SetParam()
[2026-05-13T04:44:32.7053146-07:00] [pid=23108] 
[2026-05-13T04:44:32.7053146-07:00] [pid=23108] <<<_____ ImmerseAudioRenderer _____>>> 
[2026-05-13T04:44:32.7053146-07:00] [pid=23108] WwiseFxNullParams::ApplyParam()
[2026-05-13T04:44:32.7053146-07:00] [pid=23108] 
[2026-05-13T04:44:32.7068268-07:00] [pid=23108] [EmbodyLOG] May_13_2026 04:44:32.706 line: 673. ___IMMERSEENGINE___ Immerse_EnableImmerse inMode: 1 
[2026-05-13T04:44:32.7068268-07:00] [pid=23108] [EmbodyLOG] May_13_2026 04:44:32.708 line: 1316. getLocalSessionID for user: kevin_tencenttest1_emb 06756e30dc6941e7b44b3ad365984a2f 
[2026-05-13T04:44:32.7083407-07:00] [pid=23108] [EmbodyLOG] May_13_2026 04:44:32.709 line: 2576. ImmerseAPI: Too many status checks within the period allowed, returning early 
[2026-05-13T04:44:32.7098955-07:00] [pid=23108] [EmbodyLOG] May_13_2026 04:44:32.710 line: 3232. updateUMWHPEQSelection() - updated headsetId: 18446744073709551615 
[2026-05-13T04:44:32.7109053-07:00] [pid=23108] [EmbodyLOG] May_13_2026 04:44:32.711 line: 1419. calculateLicenseDaysRemaining(): cached=358, elapsed=0, remaining=358 
[2026-05-13T04:44:32.7129123-07:00] [pid=23108] [EmbodyLOG] May_13_2026 04:44:32.713 line: 1316. getLocalSessionID for user: kevin_tencenttest1_emb 06756e30dc6941e7b44b3ad365984a2f 
[2026-05-13T04:44:32.7149147-07:00] [pid=23108] [EmbodyLOG] May_13_2026 04:44:32.714 line: 2576. ImmerseAPI: Too many status checks within the period allowed, returning early 
[2026-05-13T04:44:32.7149147-07:00] [pid=23108] [EmbodyLOG] May_13_2026 04:44:32.715 line: 3232. updateUMWHPEQSelection() - updated headsetId: 18446744073709551615 
[2026-05-13T04:44:32.7159154-07:00] [pid=23108] [EmbodyLOG] May_13_2026 04:44:32.716 line: 1419. calculateLicenseDaysRemaining(): cached=358, elapsed=0, remaining=358 
[2026-05-13T04:44:32.8877841-07:00] [pid=23108] [2026.05.13-11.44.32:887][101]LogAkAudio: Error: Voice Starvation
[2026-05-13T04:44:34.7389976-07:00] [pid=23108] <<<_____ ImmerseAudioRenderer _____>>> 
[2026-05-13T04:44:34.7389976-07:00] [pid=23108] WwiseFxNullParams::SetParam()
[2026-05-13T04:44:34.7389976-07:00] [pid=23108] 
[2026-05-13T04:44:34.7389976-07:00] [pid=23108] <<<_____ ImmerseAudioRenderer _____>>> 
[2026-05-13T04:44:34.7389976-07:00] [pid=23108] WwiseFxNullParams::ApplyParam()
[2026-05-13T04:44:34.7389976-07:00] [pid=23108] 
[2026-05-13T04:44:34.7389976-07:00] [pid=23108] [EmbodyLOG] May_13_2026 04:44:34.739 line: 710. ___IMMERSEENGINE___ Immerse_EnableHPEQ inHeadset: 102 
[2026-05-13T04:44:34.7389976-07:00] [pid=23108] <<<_____ ImmerseAudioRenderer _____>>> 
[2026-05-13T04:44:34.7389976-07:00] [pid=23108] WwiseFxNullParams::SetParam()
[2026-05-13T04:44:34.7389976-07:00] [pid=23108] 
[2026-05-13T04:44:34.7389976-07:00] [pid=23108] <<<_____ ImmerseAudioRenderer _____>>> 
[2026-05-13T04:44:34.7389976-07:00] [pid=23108] WwiseFxNullParams::ApplyParam()
[2026-05-13T04:44:34.7399990-07:00] [pid=23108] 
[2026-05-13T04:44:34.7405051-07:00] [pid=23108] [EmbodyLOG] May_13_2026 04:44:34.741 line: 1328. ImmerseManager::UpdateHpeqHeadset() - HPEQ enabled, headsetId 102 
[2026-05-13T04:44:34.7415125-07:00] [pid=23108] [EmbodyLOG] May_13_2026 04:44:34.742 line: 1419. calculateLicenseDaysRemaining(): cached=358, elapsed=0, remaining=358 
[2026-05-13T04:44:36.7667267-07:00] [pid=23108] <<<_____ ImmerseAudioRenderer _____>>> 
[2026-05-13T04:44:36.7667267-07:00] [pid=23108] WwiseFxNullParams::SetParam()
[2026-05-13T04:44:36.7667267-07:00] [pid=23108] 
[2026-05-13T04:44:36.7667267-07:00] [pid=23108] <<<_____ ImmerseAudioRenderer _____>>> 
[2026-05-13T04:44:36.7667267-07:00] [pid=23108] WwiseFxNullParams::ApplyParam()
[2026-05-13T04:44:36.7667267-07:00] [pid=23108] 
[2026-05-13T04:44:36.7667267-07:00] [pid=23108] [EmbodyLOG] May_13_2026 04:44:36.767 line: 710. ___IMMERSEENGINE___ Immerse_EnableHPEQ inHeadset: 104 
[2026-05-13T04:44:36.7677406-07:00] [pid=23108] <<<_____ ImmerseAudioRenderer _____>>> 
[2026-05-13T04:44:36.7677406-07:00] [pid=23108] WwiseFxNullParams::SetParam()
[2026-05-13T04:44:36.7677406-07:00] [pid=23108] 
[2026-05-13T04:44:36.7677406-07:00] [pid=23108] <<<_____ ImmerseAudioRenderer _____>>> 
[2026-05-13T04:44:36.7677406-07:00] [pid=23108] WwiseFxNullParams::ApplyParam()
[2026-05-13T04:44:36.7677406-07:00] [pid=23108] 
[2026-05-13T04:44:36.7677406-07:00] [pid=23108] [EmbodyLOG] May_13_2026 04:44:36.768 line: 1328. ImmerseManager::UpdateHpeqHeadset() - HPEQ enabled, headsetId 104 
[2026-05-13T04:44:36.7687413-07:00] [pid=23108] [EmbodyLOG] May_13_2026 04:44:36.769 line: 1419. calculateLicenseDaysRemaining(): cached=358, elapsed=0, remaining=358 
[2026-05-13T04:44:38.7877401-07:00] [pid=23108] <<<_____ ImmerseAudioRenderer _____>>> 
[2026-05-13T04:44:38.7877401-07:00] [pid=23108] WwiseFxNullParams::SetParam()
[2026-05-13T04:44:38.7877401-07:00] [pid=23108] 
[2026-05-13T04:44:38.7877401-07:00] [pid=23108] <<<_____ ImmerseAudioRenderer _____>>> 
[2026-05-13T04:44:38.7877401-07:00] [pid=23108] WwiseFxNullParams::ApplyParam()
[2026-05-13T04:44:38.7877401-07:00] [pid=23108] 
[2026-05-13T04:44:38.7877401-07:00] [pid=23108] [EmbodyLOG] May_13_2026 04:44:38.788 line: 710. ___IMMERSEENGINE___ Immerse_EnableHPEQ inHeadset: 26 
[2026-05-13T04:44:38.7887390-07:00] [pid=23108] <<<_____ ImmerseAudioRenderer _____>>> 
[2026-05-13T04:44:38.7887390-07:00] [pid=23108] WwiseFxNullParams::SetParam()
[2026-05-13T04:44:38.7887390-07:00] [pid=23108] 
[2026-05-13T04:44:38.7887390-07:00] [pid=23108] <<<_____ ImmerseAudioRenderer _____>>> 
[2026-05-13T04:44:38.7887390-07:00] [pid=23108] WwiseFxNullParams::ApplyParam()
[2026-05-13T04:44:38.7887390-07:00] [pid=23108] 
[2026-05-13T04:44:38.7912521-07:00] [pid=23108] [EmbodyLOG] May_13_2026 04:44:38.791 line: 1328. ImmerseManager::UpdateHpeqHeadset() - HPEQ enabled, headsetId 26 
[2026-05-13T04:44:38.7922614-07:00] [pid=23108] [EmbodyLOG] May_13_2026 04:44:38.792 line: 1419. calculateLicenseDaysRemaining(): cached=358, elapsed=0, remaining=358 
[2026-05-13T04:44:40.7978913-07:00] [pid=23108] <<<_____ ImmerseAudioRenderer _____>>> 
[2026-05-13T04:44:40.7978913-07:00] [pid=23108] WwiseFxNullParams::SetParam()
[2026-05-13T04:44:40.7978913-07:00] [pid=23108] 
[2026-05-13T04:44:40.7978913-07:00] [pid=23108] <<<_____ ImmerseAudioRenderer _____>>> 
[2026-05-13T04:44:40.7978913-07:00] [pid=23108] WwiseFxNullParams::ApplyParam()
[2026-05-13T04:44:40.7978913-07:00] [pid=23108] 
[2026-05-13T04:44:40.7978913-07:00] [pid=23108] [EmbodyLOG] May_13_2026 04:44:40.798 line: 710. ___IMMERSEENGINE___ Immerse_EnableHPEQ inHeadset: 16 
[2026-05-13T04:44:40.7988967-07:00] [pid=23108] <<<_____ ImmerseAudioRenderer _____>>> 
[2026-05-13T04:44:40.7988967-07:00] [pid=23108] WwiseFxNullParams::SetParam()
[2026-05-13T04:44:40.7988967-07:00] [pid=23108] 
[2026-05-13T04:44:40.7988967-07:00] [pid=23108] <<<_____ ImmerseAudioRenderer _____>>> 
[2026-05-13T04:44:40.7988967-07:00] [pid=23108] WwiseFxNullParams::ApplyParam()
[2026-05-13T04:44:40.7988967-07:00] [pid=23108] 
[2026-05-13T04:44:40.7988967-07:00] [pid=23108] [EmbodyLOG] May_13_2026 04:44:40.799 line: 1328. ImmerseManager::UpdateHpeqHeadset() - HPEQ enabled, headsetId 16 
[2026-05-13T04:44:40.8004057-07:00] [pid=23108] [EmbodyLOG] May_13_2026 04:44:40.800 line: 1419. calculateLicenseDaysRemaining(): cached=358, elapsed=0, remaining=358 
[2026-05-13T04:44:41.8442481-07:00] [pid=23108] [2026.05.13-11.44.41:844][418]LogTemp: Display: [ImmerseStress] REMOTE_HOLD_v1: waiting for go.flag (../../../../../../Users/kapil/OneDrive/Documents/Unreal Projects/testTP/Saved/ImmerseStress/go.flag) retry=40
[2026-05-13T04:44:42.8511991-07:00] [pid=23108] <<<_____ ImmerseAudioRenderer _____>>> 
[2026-05-13T04:44:42.8511991-07:00] [pid=23108] WwiseFxNullParams::SetParam()
[2026-05-13T04:44:42.8511991-07:00] [pid=23108] 
[2026-05-13T04:44:42.8511991-07:00] [pid=23108] <<<_____ ImmerseAudioRenderer _____>>> 
[2026-05-13T04:44:42.8511991-07:00] [pid=23108] WwiseFxNullParams::ApplyParam()
[2026-05-13T04:44:42.8511991-07:00] [pid=23108] 
[2026-05-13T04:44:42.8511991-07:00] [pid=23108] [EmbodyLOG] May_13_2026 04:44:42.851 line: 710. ___IMMERSEENGINE___ Immerse_EnableHPEQ inHeadset: 38 
[2026-05-13T04:44:42.8522094-07:00] [pid=23108] <<<_____ ImmerseAudioRenderer _____>>> 
[2026-05-13T04:44:42.8522094-07:00] [pid=23108] WwiseFxNullParams::SetParam()
[2026-05-13T04:44:42.8522094-07:00] [pid=23108] 
[2026-05-13T04:44:42.8522094-07:00] [pid=23108] <<<_____ ImmerseAudioRenderer _____>>> 
[2026-05-13T04:44:42.8522094-07:00] [pid=23108] WwiseFxNullParams::ApplyParam()
[2026-05-13T04:44:42.8522094-07:00] [pid=23108] 
[2026-05-13T04:44:42.8522094-07:00] [pid=23108] [EmbodyLOG] May_13_2026 04:44:42.852 line: 1328. ImmerseManager::UpdateHpeqHeadset() - HPEQ enabled, headsetId 38 
[2026-05-13T04:44:42.8542106-07:00] [pid=23108] [EmbodyLOG] May_13_2026 04:44:42.855 line: 1419. calculateLicenseDaysRemaining(): cached=358, elapsed=0, remaining=358 
[2026-05-13T04:44:44.8486838-07:00] [pid=23108] <<<_____ ImmerseAudioRenderer _____>>> 
[2026-05-13T04:44:44.8486838-07:00] [pid=23108] WwiseFxNullParams::SetParam()
[2026-05-13T04:44:44.8486838-07:00] [pid=23108] 
[2026-05-13T04:44:44.8486838-07:00] [pid=23108] <<<_____ ImmerseAudioRenderer _____>>> 
[2026-05-13T04:44:44.8486838-07:00] [pid=23108] WwiseFxNullParams::ApplyParam()
[2026-05-13T04:44:44.8486838-07:00] [pid=23108] 
[2026-05-13T04:44:44.8486838-07:00] [pid=23108] [EmbodyLOG] May_13_2026 04:44:44.849 line: 710. ___IMMERSEENGINE___ Immerse_EnableHPEQ inHeadset: 23 
[2026-05-13T04:44:44.8496840-07:00] [pid=23108] <<<_____ ImmerseAudioRenderer _____>>> 
[2026-05-13T04:44:44.8496840-07:00] [pid=23108] WwiseFxNullParams::SetParam()
[2026-05-13T04:44:44.8496840-07:00] [pid=23108] 
[2026-05-13T04:44:44.8496840-07:00] [pid=23108] <<<_____ ImmerseAudioRenderer _____>>> 
[2026-05-13T04:44:44.8496840-07:00] [pid=23108] WwiseFxNullParams::ApplyParam()
[2026-05-13T04:44:44.8496840-07:00] [pid=23108] 
[2026-05-13T04:44:44.8501917-07:00] [pid=23108] [EmbodyLOG] May_13_2026 04:44:44.850 line: 1328. ImmerseManager::UpdateHpeqHeadset() - HPEQ enabled, headsetId 23 
[2026-05-13T04:44:44.8512025-07:00] [pid=23108] [EmbodyLOG] May_13_2026 04:44:44.851 line: 1419. calculateLicenseDaysRemaining(): cached=358, elapsed=0, remaining=358 
[2026-05-13T04:44:46.8766337-07:00] [pid=23108] <<<_____ ImmerseAudioRenderer _____>>> 
[2026-05-13T04:44:46.8766337-07:00] [pid=23108] WwiseFxNullParams::SetParam()
[2026-05-13T04:44:46.8766337-07:00] [pid=23108] 
[2026-05-13T04:44:46.8766337-07:00] [pid=23108] <<<_____ ImmerseAudioRenderer _____>>> 
[2026-05-13T04:44:46.8766337-07:00] [pid=23108] WwiseFxNullParams::ApplyParam()
[2026-05-13T04:44:46.8766337-07:00] [pid=23108] 
[2026-05-13T04:44:46.8766337-07:00] [pid=23108] [EmbodyLOG] May_13_2026 04:44:46.877 line: 710. ___IMMERSEENGINE___ Immerse_EnableHPEQ inHeadset: 21 
[2026-05-13T04:44:46.8776449-07:00] [pid=23108] <<<_____ ImmerseAudioRenderer _____>>> 
[2026-05-13T04:44:46.8776449-07:00] [pid=23108] WwiseFxNullParams::SetParam()
[2026-05-13T04:44:46.8776449-07:00] [pid=23108] 
[2026-05-13T04:44:46.8776449-07:00] [pid=23108] <<<_____ ImmerseAudioRenderer _____>>> 
[2026-05-13T04:44:46.8776449-07:00] [pid=23108] WwiseFxNullParams::ApplyParam()
[2026-05-13T04:44:46.8776449-07:00] [pid=23108] 
[2026-05-13T04:44:46.8776449-07:00] [pid=23108] [EmbodyLOG] May_13_2026 04:44:46.878 line: 1328. ImmerseManager::UpdateHpeqHeadset() - HPEQ enabled, headsetId 21 
[2026-05-13T04:44:46.8786451-07:00] [pid=23108] [EmbodyLOG] May_13_2026 04:44:46.878 line: 1419. calculateLicenseDaysRemaining(): cached=358, elapsed=0, remaining=358 
[2026-05-13T04:44:48.8990569-07:00] [pid=23108] <<<_____ ImmerseAudioRenderer _____>>> 
[2026-05-13T04:44:48.8990569-07:00] [pid=23108] WwiseFxNullParams::SetParam()
[2026-05-13T04:44:48.8990569-07:00] [pid=23108] 
[2026-05-13T04:44:48.8990569-07:00] [pid=23108] <<<_____ ImmerseAudioRenderer _____>>> 
[2026-05-13T04:44:48.8990569-07:00] [pid=23108] WwiseFxNullParams::ApplyParam()
[2026-05-13T04:44:48.8990569-07:00] [pid=23108] 
[2026-05-13T04:44:48.8990569-07:00] [pid=23108] [EmbodyLOG] May_13_2026 04:44:48.899 line: 710. ___IMMERSEENGINE___ Immerse_EnableHPEQ inHeadset: 80 
[2026-05-13T04:44:48.9000597-07:00] [pid=23108] <<<_____ ImmerseAudioRenderer _____>>> 
[2026-05-13T04:44:48.9000597-07:00] [pid=23108] WwiseFxNullParams::SetParam()
[2026-05-13T04:44:48.9000597-07:00] [pid=23108] 
[2026-05-13T04:44:48.9000597-07:00] [pid=23108] <<<_____ ImmerseAudioRenderer _____>>> 
[2026-05-13T04:44:48.9005664-07:00] [pid=23108] WwiseFxNullParams::ApplyParam()
[2026-05-13T04:44:48.9005664-07:00] [pid=23108] 
[2026-05-13T04:44:48.9005664-07:00] [pid=23108] [EmbodyLOG] May_13_2026 04:44:48.900 line: 1328. ImmerseManager::UpdateHpeqHeadset() - HPEQ enabled, headsetId 80 
[2026-05-13T04:44:48.9015792-07:00] [pid=23108] [EmbodyLOG] May_13_2026 04:44:48.902 line: 1419. calculateLicenseDaysRemaining(): cached=358, elapsed=0, remaining=358 
[2026-05-13T04:44:50.9286080-07:00] [pid=23108] <<<_____ ImmerseAudioRenderer _____>>> 
[2026-05-13T04:44:50.9286080-07:00] [pid=23108] WwiseFxNullParams::SetParam()
[2026-05-13T04:44:50.9286080-07:00] [pid=23108] 
[2026-05-13T04:44:50.9286080-07:00] [pid=23108] <<<_____ ImmerseAudioRenderer _____>>> 
[2026-05-13T04:44:50.9286080-07:00] [pid=23108] WwiseFxNullParams::ApplyParam()
[2026-05-13T04:44:50.9286080-07:00] [pid=23108] 
[2026-05-13T04:44:50.9286080-07:00] [pid=23108] [EmbodyLOG] May_13_2026 04:44:50.929 line: 710. ___IMMERSEENGINE___ Immerse_EnableHPEQ inHeadset: 66 
[2026-05-13T04:44:50.9286080-07:00] [pid=23108] <<<_____ ImmerseAudioRenderer _____>>> 
[2026-05-13T04:44:50.9286080-07:00] [pid=23108] WwiseFxNullParams::SetParam()
[2026-05-13T04:44:50.9296096-07:00] [pid=23108] 
[2026-05-13T04:44:50.9296096-07:00] [pid=23108] <<<_____ ImmerseAudioRenderer _____>>> 
[2026-05-13T04:44:50.9296096-07:00] [pid=23108] WwiseFxNullParams::ApplyParam()
[2026-05-13T04:44:50.9296096-07:00] [pid=23108] 
[2026-05-13T04:44:50.9301153-07:00] [pid=23108] [EmbodyLOG] May_13_2026 04:44:50.930 line: 1328. ImmerseManager::UpdateHpeqHeadset() - HPEQ enabled, headsetId 66 
[2026-05-13T04:44:50.9311228-07:00] [pid=23108] [EmbodyLOG] May_13_2026 04:44:50.931 line: 1419. calculateLicenseDaysRemaining(): cached=358, elapsed=0, remaining=358 
[2026-05-13T04:44:51.8654008-07:00] [pid=23108] [2026.05.13-11.44.51:865][266]LogTemp: Display: [ImmerseStress] REMOTE_HOLD_v1: waiting for go.flag (../../../../../../Users/kapil/OneDrive/Documents/Unreal Projects/testTP/Saved/ImmerseStress/go.flag) retry=60
[2026-05-13T04:44:53.9569345-07:00] [pid=23108] <<<_____ ImmerseAudioRenderer _____>>> 
[2026-05-13T04:44:53.9569345-07:00] [pid=23108] WwiseFxNullParams::SetParam()
[2026-05-13T04:44:53.9579421-07:00] [pid=23108] 
[2026-05-13T04:44:53.9579421-07:00] [pid=23108] <<<_____ ImmerseAudioRenderer _____>>> 
[2026-05-13T04:44:53.9579421-07:00] [pid=23108] WwiseFxNullParams::ApplyParam()
[2026-05-13T04:44:53.9579421-07:00] [pid=23108] 
[2026-05-13T04:44:53.9579421-07:00] [pid=23108] <<<_____ ImmerseAudioRenderer _____>>> 
[2026-05-13T04:44:53.9579421-07:00] [pid=23108] WwiseFxNullParams::SetParam()
[2026-05-13T04:44:53.9579421-07:00] [pid=23108] [EmbodyLOG] May_13_2026 04:44:53.958 line: 759. ___IMMERSEENGINE___ Immerse_SetSpeakerPlacement inSpeakerPlacement:2 
[2026-05-13T04:44:53.9579421-07:00] [pid=23108] 
[2026-05-13T04:44:53.9579421-07:00] [pid=23108] <<<_____ ImmerseAudioRenderer _____>>> 
[2026-05-13T04:44:53.9579421-07:00] [pid=23108] WwiseFxNullParams::ApplyParam()
[2026-05-13T04:44:53.9579421-07:00] [pid=23108] 
[2026-05-13T04:44:53.9579421-07:00] [pid=23108] [EmbodyLOG] May_13_2026 04:44:53.958 line: 416. DecryptMultiSofaData() - v2 numSections=3 hrtfFlags=1 hrtfSectionOffset=971 hrtfSectionSize=1758624 numEntries=4 dataOffset=1039 dataLength=439639 bmapSize=518 fovdSize=361 
[2026-05-13T04:44:54.0136061-07:00] [pid=23108] [EmbodyLOG] May_13_2026 04:44:54.013 line: 447. DecryptMultiSofaData() - decrypt result: Success 
[2026-05-13T04:44:54.0146064-07:00] [pid=23108] [EmbodyLOG] May_13_2026 04:44:54.014 line: 533. AssetManager - BMAP data (518 bytes): {"buses":[{"label":"Extraction","tunings":[{"id":"extraction_tuning_1","label":"Extraction Tuning 1","hrtf_index":0}],"id":"extraction"},{"label":"Warfare","tunings":[{"id":"warfare_tuning_1","label":"Warfare Tuning 1","hrtf_index":1}],"id":"warfare"},{"label":"Campaign","tunings":[{"id":"campaign_tuning_1","label":"Campaign Tuning 1","hrtf_index":2}],"id":"campaign"},{"label":"Voice Chat","tunings":[{"id":"voice_chat_tuning_1","label":"Voice Chat Tuning 1","hrtf_index":3}],"id":"voice_chat"}],"schema_version":1} 
[2026-05-13T04:44:54.0146064-07:00] [pid=23108] [EmbodyLOG] May_13_2026 04:44:54.014 line: 537. AssetManager - FOVD data (361 bytes): {"schema_version":1,"fov_groups":["l/r"],"fov_presets":[{"studio_speaker_angles_idx":[0,1,6,7,8,9,10,11,12,13,14,15,16,17,18],"label":"Narrow","id":"narrow"},{"studio_speaker_angles_idx":[2,3,6,7,8,9,10,11,12,13,14,15,16,17,18],"label":"Default","id":"default"},{"studio_speaker_angles_idx":[4,5,6,7,8,9,10,11,12,13,14,15,16,17,18],"label":"Wide","id":"wide"}]} 
[2026-05-13T04:44:54.0211232-07:00] [pid=23108] [EmbodyLOG] May_13_2026 04:44:54.021 line: 376. AudioConfig::GetSHIndices() - invalid channelConfig: 6 
[2026-05-13T04:44:54.0677704-07:00] [pid=23108] [EmbodyLOG] May_13_2026 04:44:54.068 line: 281. AudioConfig::InitializeDecoders: Successfully created shared ambisonic decoder kernel 
[2026-05-13T04:44:54.2086864-07:00] [pid=23108] [2026.05.13-11.44.54:208][394]LogAkAudio: Error: Voice Starvation
[2026-05-13T04:44:54.5056785-07:00] [pid=23108] [2026.05.13-11.44.54:505][537]LogAkAudio: Error: Voice Starvation
[2026-05-13T04:44:55.9788232-07:00] [pid=23108] <<<_____ ImmerseAudioRenderer _____>>> 
[2026-05-13T04:44:55.9788232-07:00] [pid=23108] WwiseFxNullParams::SetParam()
[2026-05-13T04:44:55.9788232-07:00] [pid=23108] 
[2026-05-13T04:44:55.9788232-07:00] [pid=23108] <<<_____ ImmerseAudioRenderer _____>>> 
[2026-05-13T04:44:55.9788232-07:00] [pid=23108] WwiseFxNullParams::ApplyParam()
[2026-05-13T04:44:55.9788232-07:00] [pid=23108] 
[2026-05-13T04:44:55.9788232-07:00] [pid=23108] <<<_____ ImmerseAudioRenderer _____>>> 
[2026-05-13T04:44:55.9788232-07:00] [pid=23108] [EmbodyLOG] May_13_2026 04:44:55.979 line: 759. ___IMMERSEENGINE___ Immerse_SetSpeakerPlacement inSpeakerPlacement:3 
[2026-05-13T04:44:55.9788232-07:00] [pid=23108] WwiseFxNullParams::SetParam()
[2026-05-13T04:44:55.9788232-07:00] [pid=23108] 
[2026-05-13T04:44:55.9788232-07:00] [pid=23108] <<<_____ ImmerseAudioRenderer _____>>> 
[2026-05-13T04:44:55.9788232-07:00] [pid=23108] WwiseFxNullParams::ApplyParam()
[2026-05-13T04:44:55.9788232-07:00] [pid=23108] 
[2026-05-13T04:44:55.9798226-07:00] [pid=23108] [EmbodyLOG] May_13_2026 04:44:55.980 line: 416. DecryptMultiSofaData() - v2 numSections=3 hrtfFlags=1 hrtfSectionOffset=971 hrtfSectionSize=1758624 numEntries=4 dataOffset=1039 dataLength=439639 bmapSize=518 fovdSize=361 
[2026-05-13T04:44:56.0325398-07:00] [pid=23108] [EmbodyLOG] May_13_2026 04:44:56.032 line: 447. DecryptMultiSofaData() - decrypt result: Success 
[2026-05-13T04:44:56.0335417-07:00] [pid=23108] [EmbodyLOG] May_13_2026 04:44:56.033 line: 533. AssetManager - BMAP data (518 bytes): {"buses":[{"label":"Extraction","tunings":[{"id":"extraction_tuning_1","label":"Extraction Tuning 1","hrtf_index":0}],"id":"extraction"},{"label":"Warfare","tunings":[{"id":"warfare_tuning_1","label":"Warfare Tuning 1","hrtf_index":1}],"id":"warfare"},{"label":"Campaign","tunings":[{"id":"campaign_tuning_1","label":"Campaign Tuning 1","hrtf_index":2}],"id":"campaign"},{"label":"Voice Chat","tunings":[{"id":"voice_chat_tuning_1","label":"Voice Chat Tuning 1","hrtf_index":3}],"id":"voice_chat"}],"schema_version":1} 
[2026-05-13T04:44:56.0335417-07:00] [pid=23108] [EmbodyLOG] May_13_2026 04:44:56.033 line: 537. AssetManager - FOVD data (361 bytes): {"schema_version":1,"fov_groups":["l/r"],"fov_presets":[{"studio_speaker_angles_idx":[0,1,6,7,8,9,10,11,12,13,14,15,16,17,18],"label":"Narrow","id":"narrow"},{"studio_speaker_angles_idx":[2,3,6,7,8,9,10,11,12,13,14,15,16,17,18],"label":"Default","id":"default"},{"studio_speaker_angles_idx":[4,5,6,7,8,9,10,11,12,13,14,15,16,17,18],"label":"Wide","id":"wide"}]} 
[2026-05-13T04:44:56.0400207-07:00] [pid=23108] [EmbodyLOG] May_13_2026 04:44:56.040 line: 376. AudioConfig::GetSHIndices() - invalid channelConfig: 6 
[2026-05-13T04:44:56.0866996-07:00] [pid=23108] [EmbodyLOG] May_13_2026 04:44:56.086 line: 281. AudioConfig::InitializeDecoders: Successfully created shared ambisonic decoder kernel 
[2026-05-13T04:44:56.2252118-07:00] [pid=23108] [2026.05.13-11.44.56:225][356]LogAkAudio: Error: Voice Starvation
[2026-05-13T04:44:56.5242370-07:00] [pid=23108] [2026.05.13-11.44.56:524][502]LogAkAudio: Error: Voice Starvation
[2026-05-13T04:44:59.0469274-07:00] [pid=23108] <<<_____ ImmerseAudioRenderer _____>>> 
[2026-05-13T04:44:59.0479420-07:00] [pid=23108] WwiseFxNullParams::SetParam()
[2026-05-13T04:44:59.0479420-07:00] [pid=23108] 
[2026-05-13T04:44:59.0479420-07:00] [pid=23108] <<<_____ ImmerseAudioRenderer _____>>> 
[2026-05-13T04:44:59.0479420-07:00] [pid=23108] WwiseFxNullParams::ApplyParam()
[2026-05-13T04:44:59.0479420-07:00] [pid=23108] 
[2026-05-13T04:44:59.0479420-07:00] [pid=23108] <<<_____ ImmerseAudioRenderer _____>>> 
[2026-05-13T04:44:59.0479420-07:00] [pid=23108] WwiseFxNullParams::SetParam()
[2026-05-13T04:44:59.0479420-07:00] [pid=23108] 
[2026-05-13T04:44:59.0479420-07:00] [pid=23108] <<<_____ ImmerseAudioRenderer _____>>> 
[2026-05-13T04:44:59.0479420-07:00] [pid=23108] WwiseFxNullParams::ApplyParam()
[2026-05-13T04:44:59.0479420-07:00] [pid=23108] 
[2026-05-13T04:45:01.0769629-07:00] [pid=23108] <<<_____ ImmerseAudioRenderer _____>>> 
[2026-05-13T04:45:01.0769629-07:00] [pid=23108] WwiseFxNullParams::SetParam()
[2026-05-13T04:45:01.0769629-07:00] [pid=23108] 
[2026-05-13T04:45:01.0769629-07:00] [pid=23108] <<<_____ ImmerseAudioRenderer _____>>> 
[2026-05-13T04:45:01.0769629-07:00] [pid=23108] WwiseFxNullParams::ApplyParam()
[2026-05-13T04:45:01.0769629-07:00] [pid=23108] 
[2026-05-13T04:45:01.0769629-07:00] [pid=23108] <<<_____ ImmerseAudioRenderer _____>>> 
[2026-05-13T04:45:01.0779718-07:00] [pid=23108] WwiseFxNullParams::SetParam()
[2026-05-13T04:45:01.0779718-07:00] [pid=23108] 
[2026-05-13T04:45:01.0779718-07:00] [pid=23108] <<<_____ ImmerseAudioRenderer _____>>> 
[2026-05-13T04:45:01.0779718-07:00] [pid=23108] WwiseFxNullParams::ApplyParam()
[2026-05-13T04:45:01.0779718-07:00] [pid=23108] 
[2026-05-13T04:45:01.8841729-07:00] [pid=23108] [2026.05.13-11.45.01:884][ 95]LogTemp: Display: [ImmerseStress] REMOTE_HOLD_v1: waiting for go.flag (../../../../../../Users/kapil/OneDrive/Documents/Unreal Projects/testTP/Saved/ImmerseStress/go.flag) retry=80
[2026-05-13T04:45:03.0786642-07:00] [pid=23108] <<<_____ ImmerseAudioRenderer _____>>> 
[2026-05-13T04:45:03.0786642-07:00] [pid=23108] WwiseFxNullParams::SetParam()
[2026-05-13T04:45:03.0786642-07:00] [pid=23108] 
[2026-05-13T04:45:03.0786642-07:00] [pid=23108] <<<_____ ImmerseAudioRenderer _____>>> 
[2026-05-13T04:45:03.0786642-07:00] [pid=23108] WwiseFxNullParams::ApplyParam()
[2026-05-13T04:45:03.0796648-07:00] [pid=23108] 
[2026-05-13T04:45:03.0796648-07:00] [pid=23108] <<<_____ ImmerseAudioRenderer _____>>> 
[2026-05-13T04:45:03.0796648-07:00] [pid=23108] WwiseFxNullParams::SetParam()
[2026-05-13T04:45:03.0796648-07:00] [pid=23108] 
[2026-05-13T04:45:03.0796648-07:00] [pid=23108] <<<_____ ImmerseAudioRenderer _____>>> 
[2026-05-13T04:45:03.0796648-07:00] [pid=23108] WwiseFxNullParams::ApplyParam()
[2026-05-13T04:45:03.0796648-07:00] [pid=23108] 
[2026-05-13T04:45:05.2398160-07:00] [pid=16288] <<<_____ ImmerseAudioRenderer _____>>> 
[2026-05-13T04:45:05.2398160-07:00] [pid=16288] RegisterImmerseAudioRendererFX()
[2026-05-13T04:45:05.2398160-07:00] [pid=16288] 
[2026-05-13T04:45:05.2398160-07:00] [pid=16288] <<<_____ ImmerseAudioRenderer _____>>> 
[2026-05-13T04:45:05.2398160-07:00] [pid=16288] CreateImmerseManager
[2026-05-13T04:45:05.2398160-07:00] [pid=16288] 
[2026-05-13T04:45:05.2398160-07:00] [pid=16288] <<<_____ ImmerseAudioRenderer _____>>> 
[2026-05-13T04:45:05.2398160-07:00] [pid=16288] loadAndInitializeImmerseEngine
[2026-05-13T04:45:05.2398160-07:00] [pid=16288] 
[2026-05-13T04:45:05.2501881-07:00] [pid=16288] <<<_____ ImmerseAudioRenderer _____>>> 
[2026-05-13T04:45:05.2501881-07:00] [pid=16288] CreateDestroyImmerseManager
[2026-05-13T04:45:05.2501881-07:00] [pid=16288] 
[2026-05-13T04:45:05.2516692-07:00] [pid=16288] <<<_____ ImmerseAudioRenderer _____>>> 
[2026-05-13T04:45:05.2516692-07:00] [pid=16288] CreateImmerseManager
[2026-05-13T04:45:05.2516692-07:00] [pid=16288] 
[2026-05-13T04:45:05.2851117-07:00] [pid=16288] <<<_____ ImmerseAudioRenderer _____>>> 
[2026-05-13T04:45:05.2851117-07:00] [pid=16288] CreateImmerseAudioRendererFXParams()
[2026-05-13T04:45:05.2851117-07:00] [pid=16288] 
[2026-05-13T04:45:05.2856968-07:00] [pid=16288] <<<_____ ImmerseAudioRenderer _____>>> 
[2026-05-13T04:45:05.2856968-07:00] [pid=16288] WwiseFxNullParams::Init()
[2026-05-13T04:45:05.2856968-07:00] [pid=16288] 
[2026-05-13T04:45:05.2856968-07:00] [pid=16288] <<<_____ ImmerseAudioRenderer _____>>> 
[2026-05-13T04:45:05.2856968-07:00] [pid=16288] WwiseFxNullParams::SetParam()
[2026-05-13T04:45:05.2856968-07:00] [pid=16288] 
[2026-05-13T04:45:05.2856968-07:00] [pid=16288] <<<_____ ImmerseAudioRenderer _____>>> 
[2026-05-13T04:45:05.2856968-07:00] [pid=16288] WwiseFxNullParams::SetParam()
[2026-05-13T04:45:05.2856968-07:00] [pid=16288] 
[2026-05-13T04:45:05.2856968-07:00] [pid=16288] <<<_____ ImmerseAudioRenderer _____>>> 
[2026-05-13T04:45:05.2856968-07:00] [pid=16288] WwiseFxNullParams::SetParam()
[2026-05-13T04:45:05.2856968-07:00] [pid=16288] 
[2026-05-13T04:45:05.2856968-07:00] [pid=16288] <<<_____ ImmerseAudioRenderer _____>>> 
[2026-05-13T04:45:05.2856968-07:00] [pid=16288] WwiseFxNullParams::SetParam()
[2026-05-13T04:45:05.2856968-07:00] [pid=16288] 
[2026-05-13T04:45:05.2856968-07:00] [pid=16288] <<<_____ ImmerseAudioRenderer _____>>> 
[2026-05-13T04:45:05.2856968-07:00] [pid=16288] WwiseFxNullParams::SetParam()
[2026-05-13T04:45:05.2856968-07:00] [pid=16288] 
[2026-05-13T04:45:05.2856968-07:00] [pid=16288] <<<_____ ImmerseAudioRenderer _____>>> 
[2026-05-13T04:45:05.2856968-07:00] [pid=16288] WwiseFxNullParams::SetParam()
[2026-05-13T04:45:05.2856968-07:00] [pid=16288] 
[2026-05-13T04:45:05.2856968-07:00] [pid=16288] <<<_____ ImmerseAudioRenderer _____>>> 
[2026-05-13T04:45:05.2856968-07:00] [pid=16288] WwiseFxNullParams::SetParam()
[2026-05-13T04:45:05.2856968-07:00] [pid=16288] 
[2026-05-13T04:45:05.2856968-07:00] [pid=16288] <<<_____ ImmerseAudioRenderer _____>>> 
[2026-05-13T04:45:05.2856968-07:00] [pid=16288] WwiseFxNullParams::SetParam()
[2026-05-13T04:45:05.2856968-07:00] [pid=16288] 
[2026-05-13T04:45:05.2856968-07:00] [pid=16288] <<<_____ ImmerseAudioRenderer _____>>> 
[2026-05-13T04:45:05.2856968-07:00] [pid=16288] WwiseFxNullParams::SetParam()
[2026-05-13T04:45:05.2856968-07:00] [pid=16288] 
[2026-05-13T04:45:05.2856968-07:00] [pid=16288] <<<_____ ImmerseAudioRenderer _____>>> 
[2026-05-13T04:45:05.2867020-07:00] [pid=16288] WwiseFxNullParams::ApplyParam()
[2026-05-13T04:45:05.2867020-07:00] [pid=16288] 
[2026-05-13T04:45:05.2867020-07:00] [pid=16288] <<<_____ ImmerseAudioRenderer _____>>> 
[2026-05-13T04:45:05.2867020-07:00] [pid=16288] WwiseFxNullParams::ApplyParam()
[2026-05-13T04:45:05.2867020-07:00] [pid=16288] 
[2026-05-13T04:45:05.2867020-07:00] [pid=16288] <<<_____ ImmerseAudioRenderer _____>>> 
[2026-05-13T04:45:05.2867020-07:00] [pid=16288] WwiseFxNullParams::ApplyParam()
[2026-05-13T04:45:05.2867020-07:00] [pid=16288] 
[2026-05-13T04:45:05.2867020-07:00] [pid=16288] <<<_____ ImmerseAudioRenderer _____>>> 
[2026-05-13T04:45:05.2867020-07:00] [pid=16288] WwiseFxNullParams::ApplyParam()
[2026-05-13T04:45:05.2867020-07:00] [pid=16288] 
[2026-05-13T04:45:05.2867020-07:00] [pid=16288] <<<_____ ImmerseAudioRenderer _____>>> 
[2026-05-13T04:45:05.2867020-07:00] [pid=16288] WwiseFxNullParams::ApplyParam()
[2026-05-13T04:45:05.2867020-07:00] [pid=16288] 
[2026-05-13T04:45:05.2867020-07:00] [pid=16288] <<<_____ ImmerseAudioRenderer _____>>> 
[2026-05-13T04:45:05.2867020-07:00] [pid=16288] WwiseFxNullParams::ApplyParam()
[2026-05-13T04:45:05.2867020-07:00] [pid=16288] 
[2026-05-13T04:45:05.2867020-07:00] [pid=16288] <<<_____ ImmerseAudioRenderer _____>>> 
[2026-05-13T04:45:05.2867020-07:00] [pid=16288] WwiseFxNullParams::ApplyParam()
[2026-05-13T04:45:05.2867020-07:00] [pid=16288] 
[2026-05-13T04:45:05.2867020-07:00] [pid=16288] <<<_____ ImmerseAudioRenderer _____>>> 
[2026-05-13T04:45:05.2867020-07:00] [pid=16288] WwiseFxNullParams::ApplyParam()
[2026-05-13T04:45:05.2867020-07:00] [pid=16288] 
[2026-05-13T04:45:05.2867020-07:00] [pid=16288] <<<_____ ImmerseAudioRenderer _____>>> 
[2026-05-13T04:45:05.2867020-07:00] [pid=16288] WwiseFxNullParams::ApplyParam()
[2026-05-13T04:45:05.2867020-07:00] [pid=16288] 
[2026-05-13T04:45:05.3470204-07:00] [pid=12292] [2026.05.13-11.45.05:347][  0]CrashReportClientDiagnosticLog: Editor/ExitCode:-1
[2026-05-13T04:45:05.3480350-07:00] [pid=12292] [2026.05.13-11.45.05:348][  0]CrashReportClientDiagnosticLog: MTBF/Start:2026.05.13-11.45.05
[2026-05-13T04:45:05.3490343-07:00] [pid=12292] [2026.05.13-11.45.05:349][  0]CrashReportClientDiagnosticLog: MTBF/LoadSession
[2026-05-13T04:45:05.3490343-07:00] [pid=12292] [2026.05.13-11.45.05:349][  0]CrashReportClientDiagnosticLog: MTBF/NoSessionFound
[2026-05-13T04:45:05.3751904-07:00] [pid=12292] [2026.05.13-11.45.05:375][  0]LogInit: Using libcurl 7.55.1-DEV
[2026-05-13T04:45:05.3751904-07:00] [pid=12292] [2026.05.13-11.45.05:375][  0]LogInit:  - built for x86_64-pc-win32
[2026-05-13T04:45:05.3751904-07:00] [pid=12292] [2026.05.13-11.45.05:375][  0]LogInit:  - supports SSL with OpenSSL/1.1.1
[2026-05-13T04:45:05.3751904-07:00] [pid=12292] [2026.05.13-11.45.05:375][  0]LogInit:  - supports HTTP deflate (compression) using libz 1.2.8
[2026-05-13T04:45:05.3751904-07:00] [pid=12292] [2026.05.13-11.45.05:375][  0]LogInit:  - other features:
[2026-05-13T04:45:05.3751904-07:00] [pid=12292] [2026.05.13-11.45.05:375][  0]LogInit:      CURL_VERSION_SSL
[2026-05-13T04:45:05.3751904-07:00] [pid=12292] [2026.05.13-11.45.05:375][  0]LogInit:      CURL_VERSION_LIBZ
[2026-05-13T04:45:05.3751904-07:00] [pid=12292] [2026.05.13-11.45.05:375][  0]LogInit:      CURL_VERSION_IPV6
[2026-05-13T04:45:05.3751904-07:00] [pid=12292] [2026.05.13-11.45.05:375][  0]LogInit:      CURL_VERSION_ASYNCHDNS
[2026-05-13T04:45:05.3751904-07:00] [pid=12292] [2026.05.13-11.45.05:375][  0]LogInit:      CURL_VERSION_LARGEFILE
[2026-05-13T04:45:05.3751904-07:00] [pid=12292] [2026.05.13-11.45.05:375][  0]LogInit:      CURL_VERSION_IDN
[2026-05-13T04:45:05.3766962-07:00] [pid=12292] [2026.05.13-11.45.05:376][  0]LogInit:  CurlRequestOptions (configurable via config and command line):
[2026-05-13T04:45:05.3766962-07:00] [pid=12292] [2026.05.13-11.45.05:376][  0]LogInit:  - bVerifyPeer = false  - Libcurl will NOT verify peer certificate
[2026-05-13T04:45:05.3766962-07:00] [pid=12292] [2026.05.13-11.45.05:376][  0]LogInit:  - bUseHttpProxy = false  - Libcurl will NOT use HTTP proxy
[2026-05-13T04:45:05.3766962-07:00] [pid=12292] [2026.05.13-11.45.05:376][  0]LogInit:  - bDontReuseConnections = false  - Libcurl will reuse connections
[2026-05-13T04:45:05.3766962-07:00] [pid=12292] [2026.05.13-11.45.05:376][  0]LogInit:  - MaxHostConnections = 16  - Libcurl will limit the number of connections to a host
[2026-05-13T04:45:05.3766962-07:00] [pid=12292] [2026.05.13-11.45.05:376][  0]LogInit:  - LocalHostAddr = Default
[2026-05-13T04:45:05.3766962-07:00] [pid=12292] [2026.05.13-11.45.05:376][  0]LogInit:  - BufferSize = 65536
[2026-05-13T04:45:05.3766962-07:00] [pid=12292] [2026.05.13-11.45.05:376][  0]LogAnalytics: Display: [CrashReporter.Release] APIServer = https://datarouter.ol.epicgames.com/. AppVersion = ++UE4+Release-4.27-CL-18319896
[2026-05-13T04:45:05.3777102-07:00] [pid=12292] [2026.05.13-11.45.05:377][  0]CrashReportClientDiagnosticLog: MTBF/Done
[2026-05-13T04:45:05.3887424-07:00] [pid=12292] [2026.05.13-11.45.05:388][  0]LogCore: Engine exit requested (reason: CrashReportClientApp RequestExit)
[2026-05-13T04:45:05.3887424-07:00] [pid=12292] [2026.05.13-11.45.05:388][  0]LogExit: Preparing to exit.
[2026-05-13T04:45:05.3912499-07:00] [pid=12292] [2026.05.13-11.45.05:391][  0]LogExit: Object subsystem successfully closed.
[2026-05-13T04:45:05.3922531-07:00] [pid=12292] [2026.05.13-11.45.05:392][  0]LogModuleManager: Shutting down and abandoning module AnalyticsET (14)
[2026-05-13T04:45:05.3922531-07:00] [pid=12292] [2026.05.13-11.45.05:392][  0]LogModuleManager: Shutting down and abandoning module HTTP (13)
[2026-05-13T04:45:05.3922531-07:00] [pid=12292] [2026.05.13-11.45.05:392][  0]LogHttp: Display: Http module shutting down, but needs to wait on 1 outstanding Http requests:
[2026-05-13T04:45:05.3922531-07:00] [pid=12292] [2026.05.13-11.45.05:392][  0]LogHttp: Display: 	verb=[POST] url=[https://datarouter.ol.epicgames.com/datarouter/api/v1/public/data?SessionID=%7B9A3BD0A2-4521-DCE5-852B-EDB05CE458A0%7D&AppID=CrashReporter.Release&AppVersion=%2B%2BUE4%2BRelease-4.27-CL-18319896&UserID=f8b698bb42db84b438be4e9e5183ed14%7C6da9797861944dd5b2bedb495b874fce%7C2e2120c8-1d81-4764-95c5-a72e8ff85171&AppEnvironment=datacollector-binary&UploadType=eteventstream] refs=[1] status=Processing
[2026-05-13T04:45:05.3922531-07:00] [pid=12292] [2026.05.13-11.45.05:392][  0]LogHttp: Display: cleaning up 1 outstanding Http requests.
[2026-05-13T04:45:05.3922531-07:00] [pid=12292] [2026.05.13-11.45.05:392][  0]LogHttp: Display: Sleeping 0.500s to wait for 1 outstanding Http requests.
[2026-05-13T04:45:05.9255177-07:00] [pid=12292] [2026.05.13-11.45.05:924][  0]LogModuleManager: Shutting down and abandoning module SSL (12)
[2026-05-13T04:45:05.9270319-07:00] [pid=12292] [2026.05.13-11.45.05:927][  0]LogModuleManager: Shutting down and abandoning module CrashDebugHelper (8)
[2026-05-13T04:45:05.9270319-07:00] [pid=12292] [2026.05.13-11.45.05:927][  0]LogModuleManager: Shutting down and abandoning module CoreUObject (6)
[2026-05-13T04:45:05.9270319-07:00] [pid=12292] [2026.05.13-11.45.05:927][  0]LogModuleManager: Shutting down and abandoning module PakFile (4)
[2026-05-13T04:45:05.9280534-07:00] [pid=12292] [2026.05.13-11.45.05:928][  0]LogModuleManager: Shutting down and abandoning module RSA (3)
[2026-05-13T04:45:05.9290551-07:00] [pid=12292] [2026.05.13-11.45.05:929][  0]LogExit: Exiting.
