[2026-05-13T03:25:26.0523402-07:00] DebugMonitor start, maxSeconds=1800
[2026-05-13T03:25:26.0713806-07:00] [pid=27484] [Maximize Proc] Foreground Title: 
[2026-05-13T03:25:26.0723839-07:00] [pid=27484] ---> Focus Exec Name:  has WS_OVERLAPPEDWINDOW
[2026-05-13T03:25:26.0723839-07:00] [pid=27484] Focus Exec Name: wwise.exe
[2026-05-13T03:25:26.0723839-07:00] [pid=27484] ---> Focus Exec Name: wwise.exe has WS_OVERLAPPEDWINDOW
[2026-05-13T03:25:26.0768898-07:00] [pid=27484] [Maximize Proc] Foreground Title: 
[2026-05-13T03:25:26.0778962-07:00] [pid=27484] ---> Focus Exec Name:  has WS_OVERLAPPEDWINDOW
[2026-05-13T03:25:26.0788964-07:00] [pid=27484] [Maximize Proc] Foreground Title: 
[2026-05-13T03:25:26.0798965-07:00] [pid=27484] ---> Focus Exec Name:  has WS_OVERLAPPEDWINDOW
[2026-05-13T03:25:26.0889190-07:00] [pid=27484] [Maximize Proc] Foreground Title: Wwise
[2026-05-13T03:25:26.0899197-07:00] [pid=27484] ---> Focus Exec Name: Wwise has WS_OVERLAPPEDWINDOW
[2026-05-13T03:25:26.0904231-07:00] [pid=27484] [Maximize Proc] Foreground Title: Wwise
[2026-05-13T03:25:26.0904231-07:00] [pid=27484] ---> Focus Exec Name: Wwise has WS_OVERLAPPEDWINDOW
[2026-05-13T03:25:26.2254240-07:00] [pid=27484] Focus Exec Name: wwise.exe
[2026-05-13T03:25:26.2254240-07:00] [pid=27484] ---> Focus Exec Name: wwise.exe does not has WS_OVERLAPPEDWINDOW
[2026-05-13T03:25:26.2299314-07:00] [pid=27484] [Maximize Proc] Foreground Title: Wwise 2019.2.15 
[2026-05-13T03:25:26.2309360-07:00] [pid=27484] ---> Focus Exec Name: Wwise 2019.2.15  has WS_OVERLAPPEDWINDOW
[2026-05-13T03:25:26.2319413-07:00] [pid=27484] [Maximize Proc] Foreground Title: Wwise 2019.2.15 
[2026-05-13T03:25:26.2329426-07:00] [pid=27484] ---> Focus Exec Name: Wwise 2019.2.15  has WS_OVERLAPPEDWINDOW
[2026-05-13T03:25:26.3057029-07:00] [pid=20000] <<<_____ ImmerseAudioRenderer _____>>> 
[2026-05-13T03:25:26.3057029-07:00] [pid=20000] RegisterImmerseAudioRendererFX()
[2026-05-13T03:25:26.3067023-07:00] [pid=20000] 
[2026-05-13T03:25:26.3067023-07:00] [pid=20000] <<<_____ ImmerseAudioRenderer _____>>> 
[2026-05-13T03:25:26.3067023-07:00] [pid=20000] CreateImmerseManager
[2026-05-13T03:25:26.3067023-07:00] [pid=20000] 
[2026-05-13T03:25:26.3067023-07:00] [pid=20000] <<<_____ ImmerseAudioRenderer _____>>> 
[2026-05-13T03:25:26.3067023-07:00] [pid=20000] loadAndInitializeImmerseEngine
[2026-05-13T03:25:26.3067023-07:00] [pid=20000] 
[2026-05-13T03:25:26.3181983-07:00] [pid=20000] <<<_____ ImmerseAudioRenderer _____>>> 
[2026-05-13T03:25:26.3181983-07:00] [pid=20000] CreateDestroyImmerseManager
[2026-05-13T03:25:26.3181983-07:00] [pid=20000] 
[2026-05-13T03:25:26.3181983-07:00] [pid=20000] <<<_____ ImmerseAudioRenderer _____>>> 
[2026-05-13T03:25:26.3197040-07:00] [pid=20000] CreateImmerseManager
[2026-05-13T03:25:26.3197040-07:00] [pid=20000] 
[2026-05-13T03:25:26.3487706-07:00] [pid=20000] <<<_____ ImmerseAudioRenderer _____>>> 
[2026-05-13T03:25:26.3487706-07:00] [pid=20000] CreateImmerseAudioRendererFXParams()
[2026-05-13T03:25:26.3497689-07:00] [pid=20000] 
[2026-05-13T03:25:26.3497689-07:00] [pid=20000] <<<_____ ImmerseAudioRenderer _____>>> 
[2026-05-13T03:25:26.3497689-07:00] [pid=20000] WwiseFxNullParams::Init()
[2026-05-13T03:25:26.3497689-07:00] [pid=20000] 
[2026-05-13T03:25:26.3497689-07:00] [pid=20000] <<<_____ ImmerseAudioRenderer _____>>> 
[2026-05-13T03:25:26.3497689-07:00] [pid=20000] WwiseFxNullParams::SetParam()
[2026-05-13T03:25:26.3497689-07:00] [pid=20000] 
[2026-05-13T03:25:26.3497689-07:00] [pid=20000] <<<_____ ImmerseAudioRenderer _____>>> 
[2026-05-13T03:25:26.3497689-07:00] [pid=20000] WwiseFxNullParams::SetParam()
[2026-05-13T03:25:26.3497689-07:00] [pid=20000] 
[2026-05-13T03:25:26.3497689-07:00] [pid=20000] <<<_____ ImmerseAudioRenderer _____>>> 
[2026-05-13T03:25:26.3497689-07:00] [pid=20000] WwiseFxNullParams::SetParam()
[2026-05-13T03:25:26.3497689-07:00] [pid=20000] 
[2026-05-13T03:25:26.3497689-07:00] [pid=20000] <<<_____ ImmerseAudioRenderer _____>>> 
[2026-05-13T03:25:26.3497689-07:00] [pid=20000] WwiseFxNullParams::SetParam()
[2026-05-13T03:25:26.3502726-07:00] [pid=20000] 
[2026-05-13T03:25:26.3502726-07:00] [pid=20000] <<<_____ ImmerseAudioRenderer _____>>> 
[2026-05-13T03:25:26.3502726-07:00] [pid=20000] WwiseFxNullParams::SetParam()
[2026-05-13T03:25:26.3502726-07:00] [pid=20000] 
[2026-05-13T03:25:26.3502726-07:00] [pid=20000] <<<_____ ImmerseAudioRenderer _____>>> 
[2026-05-13T03:25:26.3502726-07:00] [pid=20000] WwiseFxNullParams::SetParam()
[2026-05-13T03:25:26.3502726-07:00] [pid=20000] 
[2026-05-13T03:25:26.3502726-07:00] [pid=20000] <<<_____ ImmerseAudioRenderer _____>>> 
[2026-05-13T03:25:26.3502726-07:00] [pid=20000] WwiseFxNullParams::SetParam()
[2026-05-13T03:25:26.3502726-07:00] [pid=20000] 
[2026-05-13T03:25:26.3502726-07:00] [pid=20000] <<<_____ ImmerseAudioRenderer _____>>> 
[2026-05-13T03:25:26.3502726-07:00] [pid=20000] WwiseFxNullParams::SetParam()
[2026-05-13T03:25:26.3502726-07:00] [pid=20000] 
[2026-05-13T03:25:26.3502726-07:00] [pid=20000] <<<_____ ImmerseAudioRenderer _____>>> 
[2026-05-13T03:25:26.3502726-07:00] [pid=20000] WwiseFxNullParams::SetParam()
[2026-05-13T03:25:26.3502726-07:00] [pid=20000] 
[2026-05-13T03:25:26.3502726-07:00] [pid=20000] <<<_____ ImmerseAudioRenderer _____>>> 
[2026-05-13T03:25:26.3502726-07:00] [pid=20000] WwiseFxNullParams::ApplyParam()
[2026-05-13T03:25:26.3502726-07:00] [pid=20000] 
[2026-05-13T03:25:26.3502726-07:00] [pid=20000] <<<_____ ImmerseAudioRenderer _____>>> 
[2026-05-13T03:25:26.3502726-07:00] [pid=20000] WwiseFxNullParams::ApplyParam()
[2026-05-13T03:25:26.3502726-07:00] [pid=20000] 
[2026-05-13T03:25:26.3502726-07:00] [pid=20000] <<<_____ ImmerseAudioRenderer _____>>> 
[2026-05-13T03:25:26.3502726-07:00] [pid=20000] WwiseFxNullParams::ApplyParam()
[2026-05-13T03:25:26.3502726-07:00] [pid=20000] 
[2026-05-13T03:25:26.3502726-07:00] [pid=20000] <<<_____ ImmerseAudioRenderer _____>>> 
[2026-05-13T03:25:26.3502726-07:00] [pid=20000] WwiseFxNullParams::ApplyParam()
[2026-05-13T03:25:26.3502726-07:00] [pid=20000] 
[2026-05-13T03:25:26.3502726-07:00] [pid=20000] <<<_____ ImmerseAudioRenderer _____>>> 
[2026-05-13T03:25:26.3502726-07:00] [pid=20000] WwiseFxNullParams::ApplyParam()
[2026-05-13T03:25:26.3502726-07:00] [pid=20000] 
[2026-05-13T03:25:26.3502726-07:00] [pid=20000] <<<_____ ImmerseAudioRenderer _____>>> 
[2026-05-13T03:25:26.3512766-07:00] [pid=20000] WwiseFxNullParams::ApplyParam()
[2026-05-13T03:25:26.3512766-07:00] [pid=20000] 
[2026-05-13T03:25:26.3512766-07:00] [pid=20000] <<<_____ ImmerseAudioRenderer _____>>> 
[2026-05-13T03:25:26.3512766-07:00] [pid=20000] WwiseFxNullParams::ApplyParam()
[2026-05-13T03:25:26.3512766-07:00] [pid=20000] 
[2026-05-13T03:25:26.3512766-07:00] [pid=20000] <<<_____ ImmerseAudioRenderer _____>>> 
[2026-05-13T03:25:26.3512766-07:00] [pid=20000] WwiseFxNullParams::ApplyParam()
[2026-05-13T03:25:26.3512766-07:00] [pid=20000] 
[2026-05-13T03:25:26.3512766-07:00] [pid=20000] <<<_____ ImmerseAudioRenderer _____>>> 
[2026-05-13T03:25:26.3512766-07:00] [pid=20000] WwiseFxNullParams::ApplyParam()
[2026-05-13T03:25:26.3512766-07:00] [pid=20000] 
[2026-05-13T03:25:26.3803550-07:00] [pid=27484] Focus Exec Name: wwise.exe
[2026-05-13T03:25:26.3803550-07:00] [pid=27484] ---> Focus Exec Name: wwise.exe has WS_OVERLAPPEDWINDOW
[2026-05-13T03:25:26.5898738-07:00] [pid=18712] <1>May13 03:25:26.589 SF_18712[CpBoard] [CB] HandleClipboard S to C
[2026-05-13T03:25:26.5903783-07:00] [pid=18712] <1>May13 03:25:26.590 SF_18712[CpBoard] Send clipboard data to client fmt(13).
[2026-05-13T03:25:26.5903783-07:00] [pid=18712] <1>May13 03:25:26.590 SF_18712[CpBoard] [CB] Data Push start. len:440
[2026-05-13T03:25:26.7678438-07:00] [pid=27484] Focus Exec Name: wwise.exe
[2026-05-13T03:25:26.7678438-07:00] [pid=27484] ---> Focus Exec Name: wwise.exe has WS_OVERLAPPEDWINDOW
[2026-05-13T03:25:26.7703501-07:00] [pid=27484] Focus Exec Name: wwise.exe
[2026-05-13T03:25:26.7703501-07:00] [pid=27484] ---> Focus Exec Name: wwise.exe has WS_OVERLAPPEDWINDOW
[2026-05-13T03:25:27.2088089-07:00] [pid=27484] Focus Exec Name: wwise.exe
[2026-05-13T03:25:27.2088089-07:00] [pid=27484] ---> Focus Exec Name: wwise.exe has WS_OVERLAPPEDWINDOW
[2026-05-13T03:25:27.2133298-07:00] [pid=27484] Focus Exec Name: wwise.exe
[2026-05-13T03:25:27.2133298-07:00] [pid=27484] ---> Focus Exec Name: wwise.exe has WS_OVERLAPPEDWINDOW
[2026-05-13T03:25:30.6122042-07:00] [pid=25260] Looking for binary: ../../../Engine/Programs/CrashReportClient/Config/BinaryConfig.ini
[2026-05-13T03:25:30.6132040-07:00] [pid=25260] CrashReportClientDiagnosticLog: CRC/Init:2026.05.13-10.25.30
[2026-05-13T03:25:30.6132040-07:00] [pid=25260] LogPlatformFile: Not using cached read wrapper
[2026-05-13T03:25:30.6132040-07:00] [pid=25260] LogTaskGraph: Started task graph with 4 named threads and 22 total threads with 1 sets of task threads.
[2026-05-13T03:25:30.6132040-07:00] [pid=25260] LogICUInternationalization: ICU TimeZone Detection - Raw Offset: -8:00, Platform Override: ''
[2026-05-13T03:25:30.6132040-07:00] [pid=25260] LogInit: Display: Loading text-based GConfig....
[2026-05-13T03:25:30.6277409-07:00] [pid=25260] LogInit: Build: ++UE4+Release-4.27-CL-18319896
[2026-05-13T03:25:30.6287411-07:00] [pid=25260] LogInit: Engine Version: 4.27.2-18319896+++UE4+Release-4.27
[2026-05-13T03:25:30.6287411-07:00] [pid=25260] LogInit: Compatible Engine Version: 4.27.0-17155196+++UE4+Release-4.27
[2026-05-13T03:25:30.6287411-07:00] [pid=25260] LogInit: Net CL: 17155196
[2026-05-13T03:25:30.6287411-07:00] [pid=25260] LogInit: OS: Windows 10 (Release 2009) (), CPU: 13th Gen Intel(R) Core(TM) i7-13650HX, GPU: Intel(R) UHD Graphics
[2026-05-13T03:25:30.6287411-07:00] [pid=25260] LogInit: Compiled (64-bit): Nov 30 2021 08:03:32
[2026-05-13T03:25:30.6287411-07:00] [pid=25260] LogInit: Compiled with Visual C++: 19.24.28315.00
[2026-05-13T03:25:30.6287411-07:00] [pid=25260] LogInit: Build Configuration: Shipping
[2026-05-13T03:25:30.6287411-07:00] [pid=25260] LogInit: Branch Name: ++UE4+Release-4.27
[2026-05-13T03:25:30.6287411-07:00] [pid=25260] LogInit: Command Line: "C:\Program Files\Epic Games\UE_4.27\Engine\Binaries\Win64\CrashReportClientEditor.exe" "../../../Engine/Binaries/Win64/CrashReportClientEditor.exe"  -READ=564 -WRITE=576 -MONITOR=3452 -unattended -ConcertServer="9F84BD0C452D230441E370BB3BAFCEAC" -RespawnedInstance
[2026-05-13T03:25:30.6287411-07:00] [pid=25260] LogInit: Base Directory: C:/Program Files/Epic Games/UE_4.27/Engine/Binaries/Win64/
[2026-05-13T03:25:30.6287411-07:00] [pid=25260] LogInit: Allocator: TBB
[2026-05-13T03:25:30.6287411-07:00] [pid=25260] LogInit: Installed Engine Build: 1
[2026-05-13T03:25:30.6352516-07:00] [pid=25260] LogInit: Presizing for max 2097152 objects, including 1 objects not considered by GC, pre-allocating 0 bytes for permanent pool.
[2026-05-13T03:25:30.6352516-07:00] [pid=25260] LogConfig: Applying CVar settings from Section [/Script/Engine.StreamingSettings] File [C:/Users/kapil/AppData/Local/CrashReportClient/Saved/Config/WindowsNoEditor/Engine.ini]
[2026-05-13T03:25:30.6352516-07:00] [pid=25260] LogConfig: Setting CVar [[s.MinBulkDataSizeForAsyncLoading:131072]]
[2026-05-13T03:25:30.6352516-07:00] [pid=25260] LogConfig: Setting CVar [[s.AsyncLoadingThreadEnabled:0]]
[2026-05-13T03:25:30.6352516-07:00] [pid=25260] LogConfig: Setting CVar [[s.EventDrivenLoaderEnabled:1]]
[2026-05-13T03:25:30.6352516-07:00] [pid=25260] LogConfig: Setting CVar [[s.WarnIfTimeLimitExceeded:0]]
[2026-05-13T03:25:30.6352516-07:00] [pid=25260] LogConfig: Setting CVar [[s.TimeLimitExceededMultiplier:1.5]]
[2026-05-13T03:25:30.6352516-07:00] [pid=25260] LogConfig: Setting CVar [[s.TimeLimitExceededMinTime:0.005]]
[2026-05-13T03:25:30.6352516-07:00] [pid=25260] LogConfig: Setting CVar [[s.FlushStreamingOnExit:1]]
[2026-05-13T03:25:30.6352516-07:00] [pid=25260] LogInit: Object subsystem initialized
[2026-05-13T03:25:30.6367632-07:00] [pid=25260] LogConfig: Applying CVar settings from Section [ConsoleVariables] File [C:/Users/kapil/AppData/Local/CrashReportClient/Saved/Config/WindowsNoEditor/Engine.ini]
[2026-05-13T03:25:30.6367632-07:00] [pid=25260] [2026.05.13-10.25.30:636][  0]LogInit: Computer: IMMERSEDEMOM5
[2026-05-13T03:25:30.6377790-07:00] [pid=25260] [2026.05.13-10.25.30:637][  0]LogInit: User: kapil
[2026-05-13T03:25:30.6377790-07:00] [pid=25260] [2026.05.13-10.25.30:637][  0]LogInit: CPU Page size=4096, Cores=14
[2026-05-13T03:25:30.6377790-07:00] [pid=25260] [2026.05.13-10.25.30:637][  0]LogInit: High frequency timer resolution =10.000000 MHz
[2026-05-13T03:25:30.6377790-07:00] [pid=25260] [2026.05.13-10.25.30:637][  0]LogMemory: Memory total: Physical=15.7GB (16GB approx)
[2026-05-13T03:25:30.6377790-07:00] [pid=25260] [2026.05.13-10.25.30:637][  0]LogMemory: Platform Memory Stats for WindowsNoEditor
[2026-05-13T03:25:30.6377790-07:00] [pid=25260] [2026.05.13-10.25.30:637][  0]LogMemory: Process Physical Memory: 31.27 MB used, 31.27 MB peak
[2026-05-13T03:25:30.6377790-07:00] [pid=25260] [2026.05.13-10.25.30:637][  0]LogMemory: Process Virtual Memory: 65.80 MB used, 65.80 MB peak
[2026-05-13T03:25:30.6377790-07:00] [pid=25260] [2026.05.13-10.25.30:637][  0]LogMemory: Physical Memory: 13367.14 MB used,  2701.57 MB free, 16068.70 MB total
[2026-05-13T03:25:30.6377790-07:00] [pid=25260] [2026.05.13-10.25.30:637][  0]LogMemory: Virtual Memory: 134207144.00 MB used,  10585.04 MB free, 134217728.00 MB total
[2026-05-13T03:25:30.6412816-07:00] [pid=25260] [2026.05.13-10.25.30:641][  0]LogUObjectArray: 363 objects as part of root set at end of initial load.
[2026-05-13T03:25:30.6422847-07:00] [pid=25260] [2026.05.13-10.25.30:641][  0]LogUObjectArray: 0 objects are not in the root set, but can never be destroyed because they are in the DisregardForGC set.
[2026-05-13T03:25:30.6422847-07:00] [pid=25260] [2026.05.13-10.25.30:642][  0]LogUObjectAllocator: 53496 out of 0 bytes used by permanent object pool.
[2026-05-13T03:25:30.6422847-07:00] [pid=25260] [2026.05.13-10.25.30:642][  0]LogUObjectArray: CloseDisregardForGC: 363/363 objects in disregard for GC pool
[2026-05-13T03:25:30.6422847-07:00] [pid=25260] [2026.05.13-10.25.30:642][  0]LogInit: Using OS detected language (en-US).
[2026-05-13T03:25:30.6422847-07:00] [pid=25260] [2026.05.13-10.25.30:642][  0]LogInit: Using OS detected locale (en-US).
[2026-05-13T03:25:30.6422847-07:00] [pid=25260] [2026.05.13-10.25.30:642][  0]LogTextLocalizationManager: No specific localization for 'en-US' exists, so the 'en' localization will be used.
[2026-05-13T03:25:30.6568295-07:00] [pid=25260] [2026.05.13-10.25.30:656][  0]LogInit: Using OS detected language (en-US).
[2026-05-13T03:25:30.6568295-07:00] [pid=25260] [2026.05.13-10.25.30:656][  0]LogInit: Using OS detected locale (en-US).
[2026-05-13T03:25:30.6568295-07:00] [pid=25260] [2026.05.13-10.25.30:656][  0]LogTextLocalizationManager: No localization for 'en-US' exists, so 'en' will be used for the language.
[2026-05-13T03:25:30.6568295-07:00] [pid=25260] [2026.05.13-10.25.30:656][  0]LogTextLocalizationManager: No localization for 'en-US' exists, so 'en' will be used for the locale.
[2026-05-13T03:25:30.6578292-07:00] [pid=25260] [2026.05.13-10.25.30:657][  0]LogTextLocalizationManager: Compacting localization data took   0.00ms
[2026-05-13T03:25:30.6578292-07:00] [pid=25260] [2026.05.13-10.25.30:657][  0]LogPackageLocalizationCache: Processed 2 localized package path(s) for 1 prioritized culture(s) in 0.000238 seconds
[2026-05-13T03:25:30.6588299-07:00] [pid=25260] [2026.05.13-10.25.30:658][  0]CrashReportClientDiagnosticLog: CRC/Load
[2026-05-13T03:25:30.6588299-07:00] [pid=25260] [2026.05.13-10.25.30:658][  0]CrashReportClientDiagnosticLog: CRC/Config
[2026-05-13T03:25:30.6588299-07:00] [pid=25260] [2026.05.13-10.25.30:658][  0]CrashReportCoreLog: CrashReportClientVersion=1.0
[2026-05-13T03:25:30.6598304-07:00] [pid=25260] [2026.05.13-10.25.30:658][  0]CrashReportCoreLog: CrashReportReceiver disabled
[2026-05-13T03:25:30.6598304-07:00] [pid=25260] [2026.05.13-10.25.30:659][  0]CrashReportCoreLog: DataRouterUrl: https://datarouter.ol.epicgames.com/datarouter/api/v1/public/data
[2026-05-13T03:25:30.6598304-07:00] [pid=25260] [2026.05.13-10.25.30:659][  0]LogCrashDebugHelper: DepotName: //UE4/Release-4.27
[2026-05-13T03:25:30.6598304-07:00] [pid=25260] [2026.05.13-10.25.30:659][  0]LogCrashDebugHelper: BuiltFromCL: 18319896
[2026-05-13T03:25:30.6598304-07:00] [pid=25260] [2026.05.13-10.25.30:659][  0]LogCrashDebugHelper: EngineVersion: 4.27.2-18319896+++UE4+Release-4.27
[2026-05-13T03:25:30.6598304-07:00] [pid=25260] [2026.05.13-10.25.30:659][  0]LogCrashDebugHelper: BuildVersion: ++UE4+Release-4.27-CL-18319896
[2026-05-13T03:25:30.6603345-07:00] [pid=25260] [2026.05.13-10.25.30:660][  0]CrashReportClientDiagnosticLog: Monitor/Start:25260
[2026-05-13T03:25:30.6613391-07:00] [pid=25260] [2026.05.13-10.25.30:661][  0]CrashReportClientDiagnosticLog: OpenProcess/Done
[2026-05-13T03:25:30.9964961-07:00] [pid=3452] Looking for binary: ../../../../../../Users/kapil/OneDrive/Documents/Unreal Projects/testTP/Config/BinaryConfig.ini
[2026-05-13T03:25:30.9975020-07:00] [pid=3452] LogWindows: Failed to load 'aqProf.dll' (GetLastError=126)
[2026-05-13T03:25:30.9975020-07:00] [pid=3452] LogWindows: File 'aqProf.dll' does not exist
[2026-05-13T03:25:30.9975020-07:00] [pid=3452] LogWindows: Failed to load 'VtuneApi.dll' (GetLastError=126)
[2026-05-13T03:25:30.9975020-07:00] [pid=3452] LogWindows: File 'VtuneApi.dll' does not exist
[2026-05-13T03:25:30.9975020-07:00] [pid=3452] LogWindows: Failed to load 'VtuneApi32e.dll' (GetLastError=126)
[2026-05-13T03:25:30.9975020-07:00] [pid=3452] LogWindows: File 'VtuneApi32e.dll' does not exist
[2026-05-13T03:25:30.9975020-07:00] [pid=3452] LogConsoleResponse: Display: Failed to find resolution value strings in scalability ini. Falling back to default.
[2026-05-13T03:25:30.9975020-07:00] [pid=3452] LogConsoleResponse: Display: Failed to find resolution value strings in scalability ini. Falling back to default.
[2026-05-13T03:25:30.9985007-07:00] [pid=3452] LogInit: Display: Running engine for game: testTP
[2026-05-13T03:25:30.9985007-07:00] [pid=3452] LogPlatformFile: Not using cached read wrapper
[2026-05-13T03:25:30.9985007-07:00] [pid=3452] LogTaskGraph: Started task graph with 5 named threads and 59 total threads with 3 sets of task threads.
[2026-05-13T03:25:30.9985007-07:00] [pid=3452] LogStats: Stats thread started at 0.228557
[2026-05-13T03:25:30.9985007-07:00] [pid=3452] LogICUInternationalization: ICU TimeZone Detection - Raw Offset: -8:00, Platform Override: ''
[2026-05-13T03:25:30.9985007-07:00] [pid=3452] LogInit: Display: Loading text-based GConfig....
[2026-05-13T03:25:31.0452173-07:00] [pid=3452] LogPluginManager: Mounting plugin MeshPainting
[2026-05-13T03:25:31.0467212-07:00] [pid=3452] LogPluginManager: Mounting plugin XGEController
[2026-05-13T03:25:31.0477270-07:00] [pid=3452] LogPluginManager: Mounting plugin LiveLink
[2026-05-13T03:25:31.0487275-07:00] [pid=3452] LogPluginManager: Mounting plugin Paper2D
[2026-05-13T03:25:31.0497275-07:00] [pid=3452] LogPluginManager: Mounting plugin AISupport
[2026-05-13T03:25:31.0502333-07:00] [pid=3452] LogPluginManager: Mounting plugin CameraShakePreviewer
[2026-05-13T03:25:31.0502333-07:00] [pid=3452] LogPluginManager: Mounting plugin GameplayCameras
[2026-05-13T03:25:31.0512379-07:00] [pid=3452] LogPluginManager: Mounting plugin OodleData
[2026-05-13T03:25:31.0522374-07:00] [pid=3452] LogPluginManager: Mounting plugin OodleNetwork
[2026-05-13T03:25:31.0522374-07:00] [pid=3452] LogPluginManager: Mounting plugin DatasmithContent
[2026-05-13T03:25:31.0532411-07:00] [pid=3452] LogPluginManager: Mounting plugin EnvironmentQueryEditor
[2026-05-13T03:25:31.0542412-07:00] [pid=3452] LogPluginManager: Mounting plugin LightPropagationVolume
[2026-05-13T03:25:31.0552460-07:00] [pid=3452] LogPluginManager: Mounting plugin VariantManagerContent
[2026-05-13T03:25:31.0557524-07:00] [pid=3452] LogPluginManager: Mounting plugin AlembicImporter
[2026-05-13T03:25:31.0567569-07:00] [pid=3452] LogPluginManager: Mounting plugin BackChannel
[2026-05-13T03:25:31.0577562-07:00] [pid=3452] LogPluginManager: Mounting plugin ChaosCloth
[2026-05-13T03:25:31.0577562-07:00] [pid=3452] LogPluginManager: Mounting plugin ChaosClothEditor
[2026-05-13T03:25:31.0587562-07:00] [pid=3452] LogPluginManager: Mounting plugin ChaosEditor
[2026-05-13T03:25:31.0597564-07:00] [pid=3452] LogPluginManager: Mounting plugin ChaosSolverPlugin
[2026-05-13T03:25:31.0602598-07:00] [pid=3452] LogPluginManager: Mounting plugin ChaosNiagara
[2026-05-13T03:25:31.0602598-07:00] [pid=3452] LogPluginManager: Mounting plugin AutomationUtils
[2026-05-13T03:25:31.0612639-07:00] [pid=3452] LogPluginManager: Mounting plugin CharacterAI
[2026-05-13T03:25:31.0622673-07:00] [pid=3452] LogPluginManager: Mounting plugin GeometryCache
[2026-05-13T03:25:31.0622673-07:00] [pid=3452] LogPluginManager: Mounting plugin Niagara
[2026-05-13T03:25:31.0632684-07:00] [pid=3452] LogPluginManager: Mounting plugin GeometryCollectionPlugin
[2026-05-13T03:25:31.0642683-07:00] [pid=3452] LogPluginManager: Mounting plugin GeometryProcessing
[2026-05-13T03:25:31.0652680-07:00] [pid=3452] LogPluginManager: Mounting plugin PlanarCut
[2026-05-13T03:25:31.0652680-07:00] [pid=3452] LogPluginManager: Mounting plugin OpenImageDenoise
[2026-05-13T03:25:31.0652680-07:00] [pid=3452] LogPluginManager: Mounting plugin PythonScriptPlugin
[2026-05-13T03:25:31.0667718-07:00] [pid=3452] LogPluginManager: Mounting plugin MotoSynth
[2026-05-13T03:25:31.0677787-07:00] [pid=3452] LogPluginManager: Mounting plugin ProxyLODPlugin
[2026-05-13T03:25:31.0687795-07:00] [pid=3452] LogPluginManager: Mounting plugin PlatformCrypto
[2026-05-13T03:25:31.0687795-07:00] [pid=3452] LogPluginManager: Mounting plugin SkeletalReduction
[2026-05-13T03:25:31.0697780-07:00] [pid=3452] LogPluginManager: Mounting plugin MagicLeap
[2026-05-13T03:25:31.0702820-07:00] [pid=3452] LogPluginManager: Mounting plugin LuminPlatformFeatures
[2026-05-13T03:25:31.0712872-07:00] [pid=3452] LogPluginManager: Mounting plugin MagicLeapLightEstimation
[2026-05-13T03:25:31.0722914-07:00] [pid=3452] LogPluginManager: Mounting plugin MagicLeapMedia
[2026-05-13T03:25:31.0732912-07:00] [pid=3452] LogPluginManager: Mounting plugin AndroidMedia
[2026-05-13T03:25:31.0732912-07:00] [pid=3452] LogPluginManager: Mounting plugin MagicLeapPassableWorld
[2026-05-13T03:25:31.0742911-07:00] [pid=3452] LogPluginManager: Mounting plugin MLSDK
[2026-05-13T03:25:31.0753019-07:00] [pid=3452] LogPluginManager: Mounting plugin AvfMedia
[2026-05-13T03:25:31.0753019-07:00] [pid=3452] LogPluginManager: Mounting plugin MediaPlayerEditor
[2026-05-13T03:25:31.0768161-07:00] [pid=3452] LogPluginManager: Mounting plugin ImgMedia
[2026-05-13T03:25:31.0768161-07:00] [pid=3452] LogPluginManager: Mounting plugin WebMMedia
[2026-05-13T03:25:31.0778401-07:00] [pid=3452] LogPluginManager: Mounting plugin WmfMedia
[2026-05-13T03:25:31.0778401-07:00] [pid=3452] LogPluginManager: Mounting plugin UdpMessaging
[2026-05-13T03:25:31.0788397-07:00] [pid=3452] LogPluginManager: Mounting plugin TcpMessaging
[2026-05-13T03:25:31.0798321-07:00] [pid=3452] LogPluginManager: Mounting plugin ActorSequence
[2026-05-13T03:25:31.0803420-07:00] [pid=3452] LogPluginManager: Mounting plugin TemplateSequence
[2026-05-13T03:25:31.0803420-07:00] [pid=3452] LogPluginManager: Mounting plugin MatineeToLevelSequence
[2026-05-13T03:25:31.0813496-07:00] [pid=3452] LogPluginManager: Mounting plugin LevelSequenceEditor
[2026-05-13T03:25:31.0813496-07:00] [pid=3452] LogPluginManager: Mounting plugin OnlineSubsystem
[2026-05-13T03:25:31.0823593-07:00] [pid=3452] LogPluginManager: Mounting plugin OnlineSubsystemNull
[2026-05-13T03:25:31.0833526-07:00] [pid=3452] LogPluginManager: Mounting plugin LauncherChunkInstaller
[2026-05-13T03:25:31.0833526-07:00] [pid=3452] LogPluginManager: Mounting plugin OnlineSubsystemUtils
[2026-05-13T03:25:31.0843594-07:00] [pid=3452] LogPluginManager: Mounting plugin CurveEditorTools
[2026-05-13T03:25:31.0853525-07:00] [pid=3452] LogPluginManager: Mounting plugin DataValidation
[2026-05-13T03:25:31.0853525-07:00] [pid=3452] LogPluginManager: Mounting plugin AssetManagerEditor
[2026-05-13T03:25:31.0853525-07:00] [pid=3452] LogPluginManager: Mounting plugin FacialAnimation
[2026-05-13T03:25:31.0868550-07:00] [pid=3452] LogPluginManager: Mounting plugin MediaCompositing
[2026-05-13T03:25:31.0868550-07:00] [pid=3452] LogPluginManager: Mounting plugin AndroidDeviceProfileSelector
[2026-05-13T03:25:31.0878673-07:00] [pid=3452] LogPluginManager: Mounting plugin GameplayTagsEditor
[2026-05-13T03:25:31.0888616-07:00] [pid=3452] LogPluginManager: Mounting plugin ActorLayerUtilities
[2026-05-13T03:25:31.0888616-07:00] [pid=3452] LogPluginManager: Mounting plugin AppleMoviePlayer
[2026-05-13T03:25:31.0898611-07:00] [pid=3452] LogPluginManager: Mounting plugin AppleImageUtils
[2026-05-13T03:25:31.0903803-07:00] [pid=3452] LogPluginManager: Mounting plugin AndroidPermission
[2026-05-13T03:25:31.0903803-07:00] [pid=3452] LogPluginManager: Mounting plugin CryptoKeys
[2026-05-13T03:25:31.0913840-07:00] [pid=3452] LogPluginManager: Mounting plugin AssetTags
[2026-05-13T03:25:31.0923940-07:00] [pid=3452] LogPluginManager: Mounting plugin AndroidMoviePlayer
[2026-05-13T03:25:31.0923940-07:00] [pid=3452] LogPluginManager: Mounting plugin AudioSynesthesia
[2026-05-13T03:25:31.0933870-07:00] [pid=3452] LogPluginManager: Mounting plugin ArchVisCharacter
[2026-05-13T03:25:31.0933870-07:00] [pid=3452] LogPluginManager: Mounting plugin CustomMeshComponent
[2026-05-13T03:25:31.0943938-07:00] [pid=3452] LogPluginManager: Mounting plugin CableComponent
[2026-05-13T03:25:31.0943938-07:00] [pid=3452] LogPluginManager: Mounting plugin AudioCapture
[2026-05-13T03:25:31.0953867-07:00] [pid=3452] LogPluginManager: Mounting plugin EditableMesh
[2026-05-13T03:25:31.0953867-07:00] [pid=3452] LogPluginManager: Mounting plugin ChunkDownloader
[2026-05-13T03:25:31.0968908-07:00] [pid=3452] LogPluginManager: Mounting plugin ExampleDeviceProfileSelector
[2026-05-13T03:25:31.0968908-07:00] [pid=3452] LogPluginManager: Mounting plugin GoogleCloudMessaging
[2026-05-13T03:25:31.0978975-07:00] [pid=3452] LogPluginManager: Mounting plugin GooglePAD
[2026-05-13T03:25:31.0988987-07:00] [pid=3452] LogPluginManager: Mounting plugin GeometryMode
[2026-05-13T03:25:31.0988987-07:00] [pid=3452] LogPluginManager: Mounting plugin ScreenshotTools
[2026-05-13T03:25:31.0998973-07:00] [pid=3452] LogPluginManager: Mounting plugin MacGraphicsSwitching
[2026-05-13T03:25:31.1004108-07:00] [pid=3452] LogPluginManager: Mounting plugin MaterialAnalyzer
[2026-05-13T03:25:31.1014212-07:00] [pid=3452] LogPluginManager: Mounting plugin SpeedTreeImporter
[2026-05-13T03:25:31.1014212-07:00] [pid=3452] LogPluginManager: Mounting plugin PluginBrowser
[2026-05-13T03:25:31.1024262-07:00] [pid=3452] LogPluginManager: Mounting plugin LocationServicesBPLibrary
[2026-05-13T03:25:31.1034258-07:00] [pid=3452] LogPluginManager: Mounting plugin LinuxDeviceProfileSelector
[2026-05-13T03:25:31.1034258-07:00] [pid=3452] LogPluginManager: Mounting plugin MobilePatchingUtils
[2026-05-13T03:25:31.1044261-07:00] [pid=3452] LogPluginManager: Mounting plugin OpenXR
[2026-05-13T03:25:31.1044261-07:00] [pid=3452] LogPluginManager: Mounting plugin OpenXREyeTracker
[2026-05-13T03:25:31.1054256-07:00] [pid=3452] LogPluginManager: Mounting plugin OpenXRHandTracking
[2026-05-13T03:25:31.1054256-07:00] [pid=3452] LogPluginManager: Mounting plugin IOSDeviceProfileSelector
[2026-05-13T03:25:31.1069300-07:00] [pid=3452] LogPluginManager: Mounting plugin MobileLauncherProfileWizard
[2026-05-13T03:25:31.1079379-07:00] [pid=3452] LogPluginManager: Mounting plugin PropertyAccessEditor
[2026-05-13T03:25:31.1079379-07:00] [pid=3452] LogPluginManager: Mounting plugin ProceduralMeshComponent
[2026-05-13T03:25:31.1089376-07:00] [pid=3452] LogPluginManager: Mounting plugin PhysXVehicles
[2026-05-13T03:25:31.1099369-07:00] [pid=3452] LogPluginManager: Mounting plugin RuntimePhysXCooking
[2026-05-13T03:25:31.1104405-07:00] [pid=3452] LogPluginManager: Mounting plugin PostSplashScreen
[2026-05-13T03:25:31.1114449-07:00] [pid=3452] LogPluginManager: Mounting plugin SignificanceManager
[2026-05-13T03:25:31.1114449-07:00] [pid=3452] LogPluginManager: Mounting plugin Synthesis
[2026-05-13T03:25:31.1124482-07:00] [pid=3452] LogPluginManager: Mounting plugin WebMMoviePlayer
[2026-05-13T03:25:31.1134478-07:00] [pid=3452] LogPluginManager: Mounting plugin AnimationSharing
[2026-05-13T03:25:31.1144493-07:00] [pid=3452] LogPluginManager: Mounting plugin Takes
[2026-05-13T03:25:31.1144493-07:00] [pid=3452] LogPluginManager: Mounting plugin CLionSourceCodeAccess
[2026-05-13T03:25:31.1154482-07:00] [pid=3452] LogPluginManager: Mounting plugin WindowsMoviePlayer
[2026-05-13T03:25:31.1164479-07:00] [pid=3452] LogPluginManager: Mounting plugin CodeLiteSourceCodeAccess
[2026-05-13T03:25:31.1164479-07:00] [pid=3452] LogPluginManager: Mounting plugin KDevelopSourceCodeAccess
[2026-05-13T03:25:31.1174505-07:00] [pid=3452] LogPluginManager: Mounting plugin NullSourceCodeAccess
[2026-05-13T03:25:31.1174505-07:00] [pid=3452] LogPluginManager: Mounting plugin PixWinPlugin
[2026-05-13T03:25:31.1184505-07:00] [pid=3452] LogPluginManager: Mounting plugin PerforceSourceControl
[2026-05-13T03:25:31.1184505-07:00] [pid=3452] LogPluginManager: Mounting plugin GitSourceControl
[2026-05-13T03:25:31.1199537-07:00] [pid=3452] LogPluginManager: Mounting plugin SoundFields
[2026-05-13T03:25:31.1199537-07:00] [pid=3452] LogPluginManager: Mounting plugin PluginUtils
[2026-05-13T03:25:31.1209570-07:00] [pid=3452] LogPluginManager: Mounting plugin SubversionSourceControl
[2026-05-13T03:25:31.1219597-07:00] [pid=3452] LogPluginManager: Mounting plugin RiderSourceCodeAccess
[2026-05-13T03:25:31.1219597-07:00] [pid=3452] LogPluginManager: Mounting plugin VisualStudioCodeSourceCodeAccess
[2026-05-13T03:25:31.1229596-07:00] [pid=3452] LogPluginManager: Mounting plugin TextureFormatOodle
[2026-05-13T03:25:31.1239596-07:00] [pid=3452] LogPluginManager: Mounting plugin PlasticSourceControl
[2026-05-13T03:25:31.1239596-07:00] [pid=3452] LogPluginManager: Mounting plugin UObjectPlugin
[2026-05-13T03:25:31.1249599-07:00] [pid=3452] LogPluginManager: Mounting plugin XCodeSourceCodeAccess
[2026-05-13T03:25:31.1249599-07:00] [pid=3452] LogPluginManager: Mounting plugin PropertyAccessNode
[2026-05-13T03:25:31.1264627-07:00] [pid=3452] LogPluginManager: Mounting plugin VisualStudioSourceCodeAccess
[2026-05-13T03:25:31.1264627-07:00] [pid=3452] LogPluginManager: Mounting plugin OnlineSubsystemGooglePlay
[2026-05-13T03:25:31.1274679-07:00] [pid=3452] LogPluginManager: Mounting plugin OnlineSubsystemIOS
[2026-05-13T03:25:31.1284675-07:00] [pid=3452] LogPluginManager: Mounting plugin ContentBrowserClassDataSource
[2026-05-13T03:25:31.1294693-07:00] [pid=3452] LogPluginManager: Mounting plugin ContentBrowserFileDataSource
[2026-05-13T03:25:31.1299734-07:00] [pid=3452] LogPluginManager: Mounting plugin ContentBrowserAssetDataSource
[2026-05-13T03:25:31.1309781-07:00] [pid=3452] LogPluginManager: Mounting plugin OculusVR
[2026-05-13T03:25:31.1319820-07:00] [pid=3452] LogPluginManager: Mounting plugin SteamVR
[2026-05-13T03:25:31.1319820-07:00] [pid=3452] LogPluginManager: Mounting plugin Wwise
[2026-05-13T03:25:31.2477958-07:00] [pid=3452] LogInit: Using libcurl 7.55.1-DEV
[2026-05-13T03:25:31.2477958-07:00] [pid=3452] LogInit:  - built for x86_64-pc-win32
[2026-05-13T03:25:31.2477958-07:00] [pid=3452] LogInit:  - supports SSL with OpenSSL/1.1.1
[2026-05-13T03:25:31.2477958-07:00] [pid=3452] LogInit:  - supports HTTP deflate (compression) using libz 1.2.8
[2026-05-13T03:25:31.2477958-07:00] [pid=3452] LogInit:  - other features:
[2026-05-13T03:25:31.2477958-07:00] [pid=3452] LogInit:      CURL_VERSION_SSL
[2026-05-13T03:25:31.2477958-07:00] [pid=3452] LogInit:      CURL_VERSION_LIBZ
[2026-05-13T03:25:31.2477958-07:00] [pid=3452] LogInit:      CURL_VERSION_IPV6
[2026-05-13T03:25:31.2477958-07:00] [pid=3452] LogInit:      CURL_VERSION_ASYNCHDNS
[2026-05-13T03:25:31.2477958-07:00] [pid=3452] LogInit:      CURL_VERSION_LARGEFILE
[2026-05-13T03:25:31.2477958-07:00] [pid=3452] LogInit:      CURL_VERSION_IDN
[2026-05-13T03:25:31.2487957-07:00] [pid=3452] LogInit:  CurlRequestOptions (configurable via config and command line):
[2026-05-13T03:25:31.2487957-07:00] [pid=3452] LogInit:  - bVerifyPeer = true  - Libcurl will verify peer certificate
[2026-05-13T03:25:31.2487957-07:00] [pid=3452] LogInit:  - bUseHttpProxy = false  - Libcurl will NOT use HTTP proxy
[2026-05-13T03:25:31.2487957-07:00] [pid=3452] LogInit:  - bDontReuseConnections = false  - Libcurl will reuse connections
[2026-05-13T03:25:31.2487957-07:00] [pid=3452] LogInit:  - MaxHostConnections = 16  - Libcurl will limit the number of connections to a host
[2026-05-13T03:25:31.2487957-07:00] [pid=3452] LogInit:  - LocalHostAddr = Default
[2026-05-13T03:25:31.2487957-07:00] [pid=3452] LogInit:  - BufferSize = 65536
[2026-05-13T03:25:31.2743607-07:00] [pid=3452] LogOnline: OSS: Creating online subsystem instance for: NULL
[2026-05-13T03:25:31.2743607-07:00] [pid=3452] LogInit: WinSock: version 1.1 (2.2), MaxSocks=32767, MaxUdp=65467
[2026-05-13T03:25:31.2753602-07:00] [pid=3452] LogOnline: OSS: TryLoadSubsystemAndSetDefault: Loaded subsystem for module [NULL]
[2026-05-13T03:25:31.3149916-07:00] [pid=3452] PixWinPlugin: PIX capture plugin failed to initialize! Check that the process is launched from PIX.
[2026-05-13T03:25:31.3365630-07:00] [pid=3452] LogOculusPluginWrapper: OculusPlugin initialized successfully
[2026-05-13T03:25:31.3365630-07:00] [pid=3452] [OVRPlugin][ERROR] 
[2026-05-13T03:25:31.3365630-07:00] [pid=3452] ovr_Initialize failed: Unable to load LibOVRRT DLL
 (software\oculussdk\integrations\ovrplugin\main\src\util\compositorcapi.cpp:78)
[2026-05-13T03:25:31.3365630-07:00] [pid=3452] 
[2026-05-13T03:25:31.3365630-07:00] [pid=3452] LogHMD: Failed initializing OVRPlugin 1.59.0
[2026-05-13T03:25:31.3365630-07:00] [pid=3452] LogInit: Build: ++UE4+Release-4.27-CL-18319896
[2026-05-13T03:25:31.3365630-07:00] [pid=3452] LogInit: Engine Version: 4.27.2-18319896+++UE4+Release-4.27
[2026-05-13T03:25:31.3365630-07:00] [pid=3452] LogInit: Compatible Engine Version: 4.27.0-17155196+++UE4+Release-4.27
[2026-05-13T03:25:31.3375697-07:00] [pid=3452] LogInit: Net CL: 17155196
[2026-05-13T03:25:31.3375697-07:00] [pid=3452] LogInit: OS: Windows 10 (Release 2009) (), CPU: 13th Gen Intel(R) Core(TM) i7-13650HX, GPU: Intel(R) UHD Graphics
[2026-05-13T03:25:31.3375697-07:00] [pid=3452] LogInit: Compiled (64-bit): Nov 30 2021 07:12:08
[2026-05-13T03:25:31.3375697-07:00] [pid=3452] LogInit: Compiled with Visual C++: 19.24.28315.00
[2026-05-13T03:25:31.3375697-07:00] [pid=3452] LogInit: Build Configuration: Development
[2026-05-13T03:25:31.3375697-07:00] [pid=3452] LogInit: Branch Name: ++UE4+Release-4.27
[2026-05-13T03:25:31.3375697-07:00] [pid=3452] LogInit: Command Line:  /Game/ThirdPersonBP/Maps/ThirdPersonExampleMap -game -RenderOffscreen -unattended -nopause -NoSplash -abslog=C:\Users\kapil\AppData\Local\Temp\immerse_editor_20260513-032520.log
[2026-05-13T03:25:31.3375697-07:00] [pid=3452] LogInit: Base Directory: C:/Program Files/Epic Games/UE_4.27/Engine/Binaries/Win64/
[2026-05-13T03:25:31.3375697-07:00] [pid=3452] LogInit: Allocator: TBB
[2026-05-13T03:25:31.3375697-07:00] [pid=3452] LogInit: Installed Engine Build: 1
[2026-05-13T03:25:31.3375697-07:00] [pid=3452] LogDevObjectVersion: Number of dev versions registered: 29
[2026-05-13T03:25:31.3375697-07:00] [pid=3452] LogDevObjectVersion:   Dev-Blueprints (B0D832E4-1F89-4F0D-ACCF-7EB736FD4AA2): 10
[2026-05-13T03:25:31.3375697-07:00] [pid=3452] LogDevObjectVersion:   Dev-Build (E1C64328-A22C-4D53-A36C-8E866417BD8C): 0
[2026-05-13T03:25:31.3375697-07:00] [pid=3452] LogDevObjectVersion:   Dev-Core (375EC13C-06E4-48FB-B500-84F0262A717E): 4
[2026-05-13T03:25:31.3375697-07:00] [pid=3452] LogDevObjectVersion:   Dev-Editor (E4B068ED-F494-42E9-A231-DA0B2E46BB41): 40
[2026-05-13T03:25:31.3375697-07:00] [pid=3452] LogDevObjectVersion:   Dev-Framework (CFFC743F-43B0-4480-9391-14DF171D2073): 37
[2026-05-13T03:25:31.3375697-07:00] [pid=3452] LogDevObjectVersion:   Dev-Mobile (B02B49B5-BB20-44E9-A304-32B752E40360): 3
[2026-05-13T03:25:31.3375697-07:00] [pid=3452] LogDevObjectVersion:   Dev-Networking (A4E4105C-59A1-49B5-A7C5-40C4547EDFEE): 0
[2026-05-13T03:25:31.3385707-07:00] [pid=3452] LogDevObjectVersion:   Dev-Online (39C831C9-5AE6-47DC-9A44-9C173E1C8E7C): 0
[2026-05-13T03:25:31.3385707-07:00] [pid=3452] LogDevObjectVersion:   Dev-Physics (78F01B33-EBEA-4F98-B9B4-84EACCB95AA2): 14
[2026-05-13T03:25:31.3385707-07:00] [pid=3452] LogDevObjectVersion:   Dev-Platform (6631380F-2D4D-43E0-8009-CF276956A95A): 0
[2026-05-13T03:25:31.3385707-07:00] [pid=3452] LogDevObjectVersion:   Dev-Rendering (12F88B9F-8875-4AFC-A67C-D90C383ABD29): 45
[2026-05-13T03:25:31.3385707-07:00] [pid=3452] LogDevObjectVersion:   Dev-Sequencer (7B5AE74C-D270-4C10-A958-57980B212A5A): 13
[2026-05-13T03:25:31.3385707-07:00] [pid=3452] LogDevObjectVersion:   Dev-VR (D7296918-1DD6-4BDD-9DE2-64A83CC13884): 3
[2026-05-13T03:25:31.3385707-07:00] [pid=3452] LogDevObjectVersion:   Dev-LoadTimes (C2A15278-BFE7-4AFE-6C17-90FF531DF755): 1
[2026-05-13T03:25:31.3385707-07:00] [pid=3452] LogDevObjectVersion:   Private-Geometry (6EACA3D4-40EC-4CC1-B786-8BED09428FC5): 3
[2026-05-13T03:25:31.3385707-07:00] [pid=3452] LogDevObjectVersion:   Dev-AnimPhys (29E575DD-E0A3-4627-9D10-D276232CDCEA): 17
[2026-05-13T03:25:31.3385707-07:00] [pid=3452] LogDevObjectVersion:   Dev-Anim (AF43A65D-7FD3-4947-9873-3E8ED9C1BB05): 15
[2026-05-13T03:25:31.3385707-07:00] [pid=3452] LogDevObjectVersion:   Dev-ReflectionCapture (6B266CEC-1EC7-4B8F-A30B-E4D90942FC07): 1
[2026-05-13T03:25:31.3385707-07:00] [pid=3452] LogDevObjectVersion:   Dev-Automation (0DF73D61-A23F-47EA-B727-89E90C41499A): 1
[2026-05-13T03:25:31.3395698-07:00] [pid=3452] LogDevObjectVersion:   FortniteMain (601D1886-AC64-4F84-AA16-D3DE0DEAC7D6): 47
[2026-05-13T03:25:31.3395698-07:00] [pid=3452] LogDevObjectVersion:   FortniteRelease (E7086368-6B23-4C58-8439-1B7016265E91): 1
[2026-05-13T03:25:31.3395698-07:00] [pid=3452] LogDevObjectVersion:   Dev-Enterprise (9DFFBCD6-494F-0158-E221-12823C92A888): 10
[2026-05-13T03:25:31.3395698-07:00] [pid=3452] LogDevObjectVersion:   Dev-Niagara (F2AED0AC-9AFE-416F-8664-AA7FFA26D6FC): 1
[2026-05-13T03:25:31.3395698-07:00] [pid=3452] LogDevObjectVersion:   Dev-Destruction (174F1F0B-B4C6-45A5-B13F-2EE8D0FB917D): 10
[2026-05-13T03:25:31.3395698-07:00] [pid=3452] LogDevObjectVersion:   Dev-Physics-Ext (35F94A83-E258-406C-A318-09F59610247C): 41
[2026-05-13T03:25:31.3395698-07:00] [pid=3452] LogDevObjectVersion:   Dev-PhysicsMaterial-Chaos (B68FC16E-8B1B-42E2-B453-215C058844FE): 1
[2026-05-13T03:25:31.3395698-07:00] [pid=3452] LogDevObjectVersion:   Dev-CineCamera (B2E18506-4273-CFC2-A54E-F4BB758BBA07): 1
[2026-05-13T03:25:31.3395698-07:00] [pid=3452] LogDevObjectVersion:   Dev-VirtualProduction (64F58936-FD1B-42BA-BA96-7289D5D0FA4E): 1
[2026-05-13T03:25:31.3395698-07:00] [pid=3452] LogDevObjectVersion:   Dev-MediaFramework (6F0ED827-A609-4895-9C91-998D90180EA4): 2
[2026-05-13T03:25:31.3452838-07:00] [pid=3452] LogInit: Presizing for max 25165824 objects, including 0 objects not considered by GC, pre-allocating 0 bytes for permanent pool.
[2026-05-13T03:25:31.3452838-07:00] [pid=3452] LogConfig: Applying CVar settings from Section [/Script/Engine.StreamingSettings] File [C:/Users/kapil/OneDrive/Documents/Unreal Projects/testTP/Saved/Config/Windows/Engine.ini]
[2026-05-13T03:25:31.3452838-07:00] [pid=3452] LogConfig: Setting CVar [[s.MinBulkDataSizeForAsyncLoading:131072]]
[2026-05-13T03:25:31.3452838-07:00] [pid=3452] LogConfig: Setting CVar [[s.AsyncLoadingThreadEnabled:0]]
[2026-05-13T03:25:31.3452838-07:00] [pid=3452] LogConfig: Setting CVar [[s.EventDrivenLoaderEnabled:1]]
[2026-05-13T03:25:31.3452838-07:00] [pid=3452] LogConfig: Setting CVar [[s.WarnIfTimeLimitExceeded:0]]
[2026-05-13T03:25:31.3467884-07:00] [pid=3452] LogConfig: Setting CVar [[s.TimeLimitExceededMultiplier:1.5]]
[2026-05-13T03:25:31.3467884-07:00] [pid=3452] LogConfig: Setting CVar [[s.TimeLimitExceededMinTime:0.005]]
[2026-05-13T03:25:31.3467884-07:00] [pid=3452] LogConfig: Setting CVar [[s.UseBackgroundLevelStreaming:1]]
[2026-05-13T03:25:31.3467884-07:00] [pid=3452] LogConfig: Setting CVar [[s.PriorityAsyncLoadingExtraTime:15.0]]
[2026-05-13T03:25:31.3467884-07:00] [pid=3452] LogConfig: Setting CVar [[s.LevelStreamingActorsUpdateTimeLimit:5.0]]
[2026-05-13T03:25:31.3467884-07:00] [pid=3452] LogConfig: Setting CVar [[s.PriorityLevelStreamingActorsUpdateExtraTime:5.0]]
[2026-05-13T03:25:31.3467884-07:00] [pid=3452] LogConfig: Setting CVar [[s.LevelStreamingComponentsRegistrationGranularity:10]]
[2026-05-13T03:25:31.3467884-07:00] [pid=3452] LogConfig: Setting CVar [[s.UnregisterComponentsTimeLimit:1.0]]
[2026-05-13T03:25:31.3467884-07:00] [pid=3452] LogConfig: Setting CVar [[s.LevelStreamingComponentsUnregistrationGranularity:5]]
[2026-05-13T03:25:31.3467884-07:00] [pid=3452] LogConfig: Setting CVar [[s.FlushStreamingOnExit:1]]
[2026-05-13T03:25:31.3513014-07:00] [pid=3452] LogInit: Object subsystem initialized
[2026-05-13T03:25:31.3533061-07:00] [pid=3452] LogConfig: Setting CVar [[con.DebugEarlyDefault:1]]
[2026-05-13T03:25:31.3533061-07:00] [pid=3452] LogConfig: Setting CVar [[r.setres:1280x720]]
[2026-05-13T03:25:31.3533061-07:00] [pid=3452] [2026.05.13-10.25.31:353][  0]LogConfig: Setting CVar [[con.DebugEarlyDefault:1]]
[2026-05-13T03:25:31.3533061-07:00] [pid=3452] [2026.05.13-10.25.31:353][  0]LogConfig: Setting CVar [[r.setres:1280x720]]
[2026-05-13T03:25:31.3533061-07:00] [pid=3452] [2026.05.13-10.25.31:353][  0]LogConfig: Applying CVar settings from Section [/Script/Engine.RendererSettings] File [C:/Users/kapil/OneDrive/Documents/Unreal Projects/testTP/Saved/Config/Windows/Engine.ini]
[2026-05-13T03:25:31.3543068-07:00] [pid=3452] [2026.05.13-10.25.31:353][  0]LogConfig: Setting CVar [[r.GPUCrashDebugging:0]]
[2026-05-13T03:25:31.3543068-07:00] [pid=3452] [2026.05.13-10.25.31:353][  0]LogConfig: Applying CVar settings from Section [/Script/Engine.RendererOverrideSettings] File [C:/Users/kapil/OneDrive/Documents/Unreal Projects/testTP/Saved/Config/Windows/Engine.ini]
[2026-05-13T03:25:31.3543068-07:00] [pid=3452] [2026.05.13-10.25.31:354][  0]LogConfig: Applying CVar settings from Section [/Script/Engine.StreamingSettings] File [C:/Users/kapil/OneDrive/Documents/Unreal Projects/testTP/Saved/Config/Windows/Engine.ini]
[2026-05-13T03:25:31.3543068-07:00] [pid=3452] [2026.05.13-10.25.31:354][  0]LogConfig: Setting CVar [[s.MinBulkDataSizeForAsyncLoading:131072]]
[2026-05-13T03:25:31.3543068-07:00] [pid=3452] [2026.05.13-10.25.31:354][  0]LogConfig: Setting CVar [[s.AsyncLoadingThreadEnabled:0]]
[2026-05-13T03:25:31.3543068-07:00] [pid=3452] [2026.05.13-10.25.31:354][  0]LogConfig: Setting CVar [[s.EventDrivenLoaderEnabled:1]]
[2026-05-13T03:25:31.3543068-07:00] [pid=3452] [2026.05.13-10.25.31:354][  0]LogConfig: Setting CVar [[s.WarnIfTimeLimitExceeded:0]]
[2026-05-13T03:25:31.3543068-07:00] [pid=3452] [2026.05.13-10.25.31:354][  0]LogConfig: Setting CVar [[s.TimeLimitExceededMultiplier:1.5]]
[2026-05-13T03:25:31.3543068-07:00] [pid=3452] [2026.05.13-10.25.31:354][  0]LogConfig: Setting CVar [[s.TimeLimitExceededMinTime:0.005]]
[2026-05-13T03:25:31.3543068-07:00] [pid=3452] [2026.05.13-10.25.31:354][  0]LogConfig: Setting CVar [[s.UseBackgroundLevelStreaming:1]]
[2026-05-13T03:25:31.3543068-07:00] [pid=3452] [2026.05.13-10.25.31:354][  0]LogConfig: Setting CVar [[s.PriorityAsyncLoadingExtraTime:15.0]]
[2026-05-13T03:25:31.3543068-07:00] [pid=3452] [2026.05.13-10.25.31:354][  0]LogConfig: Setting CVar [[s.LevelStreamingActorsUpdateTimeLimit:5.0]]
[2026-05-13T03:25:31.3543068-07:00] [pid=3452] [2026.05.13-10.25.31:354][  0]LogConfig: Setting CVar [[s.PriorityLevelStreamingActorsUpdateExtraTime:5.0]]
[2026-05-13T03:25:31.3543068-07:00] [pid=3452] [2026.05.13-10.25.31:354][  0]LogConfig: Setting CVar [[s.LevelStreamingComponentsRegistrationGranularity:10]]
[2026-05-13T03:25:31.3543068-07:00] [pid=3452] [2026.05.13-10.25.31:354][  0]LogConfig: Setting CVar [[s.UnregisterComponentsTimeLimit:1.0]]
[2026-05-13T03:25:31.3543068-07:00] [pid=3452] [2026.05.13-10.25.31:354][  0]LogConfig: Setting CVar [[s.LevelStreamingComponentsUnregistrationGranularity:5]]
[2026-05-13T03:25:31.3543068-07:00] [pid=3452] [2026.05.13-10.25.31:354][  0]LogConfig: Setting CVar [[s.FlushStreamingOnExit:1]]
[2026-05-13T03:25:31.3543068-07:00] [pid=3452] [2026.05.13-10.25.31:354][  0]LogConfig: Applying CVar settings from Section [/Script/Engine.GarbageCollectionSettings] File [C:/Users/kapil/OneDrive/Documents/Unreal Projects/testTP/Saved/Config/Windows/Engine.ini]
[2026-05-13T03:25:31.3543068-07:00] [pid=3452] [2026.05.13-10.25.31:354][  0]LogConfig: Setting CVar [[gc.MaxObjectsNotConsideredByGC:1]]
[2026-05-13T03:25:31.3543068-07:00] [pid=3452] [2026.05.13-10.25.31:354][  0]LogConfig: Setting CVar [[gc.SizeOfPermanentObjectPool:0]]
[2026-05-13T03:25:31.3543068-07:00] [pid=3452] [2026.05.13-10.25.31:354][  0]LogConfig: Setting CVar [[gc.FlushStreamingOnGC:0]]
[2026-05-13T03:25:31.3543068-07:00] [pid=3452] [2026.05.13-10.25.31:354][  0]LogConfig: Setting CVar [[gc.NumRetriesBeforeForcingGC:10]]
[2026-05-13T03:25:31.3543068-07:00] [pid=3452] [2026.05.13-10.25.31:354][  0]LogConfig: Setting CVar [[gc.AllowParallelGC:1]]
[2026-05-13T03:25:31.3543068-07:00] [pid=3452] [2026.05.13-10.25.31:354][  0]LogConfig: Setting CVar [[gc.TimeBetweenPurgingPendingKillObjects:61.1]]
[2026-05-13T03:25:31.3543068-07:00] [pid=3452] [2026.05.13-10.25.31:354][  0]LogConfig: Setting CVar [[gc.MaxObjectsInEditor:25165824]]
[2026-05-13T03:25:31.3543068-07:00] [pid=3452] [2026.05.13-10.25.31:354][  0]LogConfig: Setting CVar [[gc.IncrementalBeginDestroyEnabled:1]]
[2026-05-13T03:25:31.3543068-07:00] [pid=3452] [2026.05.13-10.25.31:354][  0]LogConfig: Setting CVar [[gc.CreateGCClusters:1]]
[2026-05-13T03:25:31.3543068-07:00] [pid=3452] [2026.05.13-10.25.31:354][  0]LogConfig: Setting CVar [[gc.MinGCClusterSize:5]]
[2026-05-13T03:25:31.3558119-07:00] [pid=3452] [2026.05.13-10.25.31:354][  0]LogConfig: Setting CVar [[gc.ActorClusteringEnabled:0]]
[2026-05-13T03:25:31.3558119-07:00] [pid=3452] [2026.05.13-10.25.31:355][  0]LogConfig: Setting CVar [[gc.BlueprintClusteringEnabled:0]]
[2026-05-13T03:25:31.3558119-07:00] [pid=3452] [2026.05.13-10.25.31:355][  0]LogConfig: Setting CVar [[gc.UseDisregardForGCOnDedicatedServers:0]]
[2026-05-13T03:25:31.3568171-07:00] [pid=3452] [2026.05.13-10.25.31:355][  0]LogConfig: Setting CVar [[gc.MultithreadedDestructionEnabled:1]]
[2026-05-13T03:25:31.3568171-07:00] [pid=3452] [2026.05.13-10.25.31:355][  0]LogConfig: Applying CVar settings from Section [/Script/Engine.NetworkSettings] File [C:/Users/kapil/OneDrive/Documents/Unreal Projects/testTP/Saved/Config/Windows/Engine.ini]
[2026-05-13T03:25:31.3568171-07:00] [pid=3452] [2026.05.13-10.25.31:356][  0]LogConfig: Applying CVar settings from Section [/Script/UnrealEd.CookerSettings] File [C:/Users/kapil/OneDrive/Documents/Unreal Projects/testTP/Saved/Config/Windows/Engine.ini]
[2026-05-13T03:25:31.3623433-07:00] [pid=3452] [2026.05.13-10.25.31:362][  0]LogConfig: Applying CVar settings from Section [ViewDistanceQuality@3] File [C:/Users/kapil/OneDrive/Documents/Unreal Projects/testTP/Saved/Config/Windows/Scalability.ini]
[2026-05-13T03:25:31.3623433-07:00] [pid=3452] [2026.05.13-10.25.31:362][  0]LogConfig: Setting CVar [[r.SkeletalMeshLODBias:0]]
[2026-05-13T03:25:31.3623433-07:00] [pid=3452] [2026.05.13-10.25.31:362][  0]LogConfig: Setting CVar [[r.ViewDistanceScale:1.0]]
[2026-05-13T03:25:31.3623433-07:00] [pid=3452] [2026.05.13-10.25.31:362][  0]LogConfig: Applying CVar settings from Section [AntiAliasingQuality@3] File [C:/Users/kapil/OneDrive/Documents/Unreal Projects/testTP/Saved/Config/Windows/Scalability.ini]
[2026-05-13T03:25:31.3623433-07:00] [pid=3452] [2026.05.13-10.25.31:362][  0]LogConfig: Setting CVar [[r.PostProcessAAQuality:4]]
[2026-05-13T03:25:31.3623433-07:00] [pid=3452] [2026.05.13-10.25.31:362][  0]LogConfig: Applying CVar settings from Section [ShadowQuality@3] File [C:/Users/kapil/OneDrive/Documents/Unreal Projects/testTP/Saved/Config/Windows/Scalability.ini]
[2026-05-13T03:25:31.3623433-07:00] [pid=3452] [2026.05.13-10.25.31:362][  0]LogConfig: Setting CVar [[r.LightFunctionQuality:1]]
[2026-05-13T03:25:31.3623433-07:00] [pid=3452] [2026.05.13-10.25.31:362][  0]LogConfig: Setting CVar [[r.ShadowQuality:5]]
[2026-05-13T03:25:31.3623433-07:00] [pid=3452] [2026.05.13-10.25.31:362][  0]LogConfig: Setting CVar [[r.Shadow.CSM.MaxCascades:10]]
[2026-05-13T03:25:31.3623433-07:00] [pid=3452] [2026.05.13-10.25.31:362][  0]LogConfig: Setting CVar [[r.Shadow.MaxResolution:2048]]
[2026-05-13T03:25:31.3623433-07:00] [pid=3452] [2026.05.13-10.25.31:362][  0]LogConfig: Setting CVar [[r.Shadow.MaxCSMResolution:2048]]
[2026-05-13T03:25:31.3623433-07:00] [pid=3452] [2026.05.13-10.25.31:362][  0]LogConfig: Setting CVar [[r.Shadow.RadiusThreshold:0.01]]
[2026-05-13T03:25:31.3623433-07:00] [pid=3452] [2026.05.13-10.25.31:362][  0]LogConfig: Setting CVar [[r.Shadow.DistanceScale:1.0]]
[2026-05-13T03:25:31.3633429-07:00] [pid=3452] [2026.05.13-10.25.31:362][  0]LogConfig: Setting CVar [[r.Shadow.CSM.TransitionScale:1.0]]
[2026-05-13T03:25:31.3633429-07:00] [pid=3452] [2026.05.13-10.25.31:363][  0]LogConfig: Setting CVar [[r.Shadow.PreShadowResolutionFactor:1.0]]
[2026-05-13T03:25:31.3633429-07:00] [pid=3452] [2026.05.13-10.25.31:363][  0]LogConfig: Setting CVar [[r.DistanceFieldShadowing:1]]
[2026-05-13T03:25:31.3633429-07:00] [pid=3452] [2026.05.13-10.25.31:363][  0]LogConfig: Setting CVar [[r.DistanceFieldAO:1]]
[2026-05-13T03:25:31.3633429-07:00] [pid=3452] [2026.05.13-10.25.31:363][  0]LogConfig: Setting CVar [[r.AOQuality:2]]
[2026-05-13T03:25:31.3633429-07:00] [pid=3452] [2026.05.13-10.25.31:363][  0]LogConfig: Setting CVar [[r.VolumetricFog:1]]
[2026-05-13T03:25:31.3633429-07:00] [pid=3452] [2026.05.13-10.25.31:363][  0]LogConfig: Setting CVar [[r.VolumetricFog.GridPixelSize:8]]
[2026-05-13T03:25:31.3633429-07:00] [pid=3452] [2026.05.13-10.25.31:363][  0]LogConfig: Setting CVar [[r.VolumetricFog.GridSizeZ:128]]
[2026-05-13T03:25:31.3633429-07:00] [pid=3452] [2026.05.13-10.25.31:363][  0]LogConfig: Setting CVar [[r.VolumetricFog.HistoryMissSupersampleCount:4]]
[2026-05-13T03:25:31.3633429-07:00] [pid=3452] [2026.05.13-10.25.31:363][  0]LogConfig: Setting CVar [[r.LightMaxDrawDistanceScale:1]]
[2026-05-13T03:25:31.3633429-07:00] [pid=3452] [2026.05.13-10.25.31:363][  0]LogConfig: Setting CVar [[r.CapsuleShadows:1]]
[2026-05-13T03:25:31.3633429-07:00] [pid=3452] [2026.05.13-10.25.31:363][  0]LogConfig: Applying CVar settings from Section [PostProcessQuality@3] File [C:/Users/kapil/OneDrive/Documents/Unreal Projects/testTP/Saved/Config/Windows/Scalability.ini]
[2026-05-13T03:25:31.3633429-07:00] [pid=3452] [2026.05.13-10.25.31:363][  0]LogConfig: Setting CVar [[r.MotionBlurQuality:4]]
[2026-05-13T03:25:31.3633429-07:00] [pid=3452] [2026.05.13-10.25.31:363][  0]LogConfig: Setting CVar [[r.AmbientOcclusionMipLevelFactor:0.4]]
[2026-05-13T03:25:31.3633429-07:00] [pid=3452] [2026.05.13-10.25.31:363][  0]LogConfig: Setting CVar [[r.AmbientOcclusionMaxQuality:100]]
[2026-05-13T03:25:31.3633429-07:00] [pid=3452] [2026.05.13-10.25.31:363][  0]LogConfig: Setting CVar [[r.AmbientOcclusionLevels:-1]]
[2026-05-13T03:25:31.3633429-07:00] [pid=3452] [2026.05.13-10.25.31:363][  0]LogConfig: Setting CVar [[r.AmbientOcclusionRadiusScale:1.0]]
[2026-05-13T03:25:31.3633429-07:00] [pid=3452] [2026.05.13-10.25.31:363][  0]LogConfig: Setting CVar [[r.DepthOfFieldQuality:2]]
[2026-05-13T03:25:31.3633429-07:00] [pid=3452] [2026.05.13-10.25.31:363][  0]LogConfig: Setting CVar [[r.RenderTargetPoolMin:400]]
[2026-05-13T03:25:31.3633429-07:00] [pid=3452] [2026.05.13-10.25.31:363][  0]LogConfig: Setting CVar [[r.LensFlareQuality:2]]
[2026-05-13T03:25:31.3643422-07:00] [pid=3452] [2026.05.13-10.25.31:363][  0]LogConfig: Setting CVar [[r.SceneColorFringeQuality:1]]
[2026-05-13T03:25:31.3643422-07:00] [pid=3452] [2026.05.13-10.25.31:364][  0]LogConfig: Setting CVar [[r.EyeAdaptationQuality:2]]
[2026-05-13T03:25:31.3643422-07:00] [pid=3452] [2026.05.13-10.25.31:364][  0]LogConfig: Setting CVar [[r.BloomQuality:5]]
[2026-05-13T03:25:31.3643422-07:00] [pid=3452] [2026.05.13-10.25.31:364][  0]LogConfig: Setting CVar [[r.FastBlurThreshold:100]]
[2026-05-13T03:25:31.3643422-07:00] [pid=3452] [2026.05.13-10.25.31:364][  0]LogConfig: Setting CVar [[r.Upscale.Quality:3]]
[2026-05-13T03:25:31.3643422-07:00] [pid=3452] [2026.05.13-10.25.31:364][  0]LogConfig: Setting CVar [[r.Tonemapper.GrainQuantization:1]]
[2026-05-13T03:25:31.3643422-07:00] [pid=3452] [2026.05.13-10.25.31:364][  0]LogConfig: Setting CVar [[r.LightShaftQuality:1]]
[2026-05-13T03:25:31.3643422-07:00] [pid=3452] [2026.05.13-10.25.31:364][  0]LogConfig: Setting CVar [[r.Filter.SizeScale:1]]
[2026-05-13T03:25:31.3643422-07:00] [pid=3452] [2026.05.13-10.25.31:364][  0]LogConfig: Setting CVar [[r.Tonemapper.Quality:5]]
[2026-05-13T03:25:31.3643422-07:00] [pid=3452] [2026.05.13-10.25.31:364][  0]LogConfig: Setting CVar [[r.DOF.Gather.AccumulatorQuality:1        ; higher gathering accumulator quality]]
[2026-05-13T03:25:31.3643422-07:00] [pid=3452] [2026.05.13-10.25.31:364][  0]LogConfig: Setting CVar [[r.DOF.Gather.PostfilterMethod:1          ; Median3x3 postfilering method]]
[2026-05-13T03:25:31.3643422-07:00] [pid=3452] [2026.05.13-10.25.31:364][  0]LogConfig: Setting CVar [[r.DOF.Gather.EnableBokehSettings:0       ; no bokeh simulation when gathering]]
[2026-05-13T03:25:31.3643422-07:00] [pid=3452] [2026.05.13-10.25.31:364][  0]LogConfig: Setting CVar [[r.DOF.Gather.RingCount:4                 ; medium number of samples when gathering]]
[2026-05-13T03:25:31.3643422-07:00] [pid=3452] [2026.05.13-10.25.31:364][  0]LogConfig: Setting CVar [[r.DOF.Scatter.ForegroundCompositing:1    ; additive foreground scattering]]
[2026-05-13T03:25:31.3643422-07:00] [pid=3452] [2026.05.13-10.25.31:364][  0]LogConfig: Setting CVar [[r.DOF.Scatter.BackgroundCompositing:2    ; additive background scattering]]
[2026-05-13T03:25:31.3653426-07:00] [pid=3452] [2026.05.13-10.25.31:364][  0]LogConfig: Setting CVar [[r.DOF.Scatter.EnableBokehSettings:1      ; bokeh simulation when scattering]]
[2026-05-13T03:25:31.3653426-07:00] [pid=3452] [2026.05.13-10.25.31:364][  0]LogConfig: Setting CVar [[r.DOF.Scatter.MaxSpriteRatio:0.1         ; only a maximum of 10% of scattered bokeh]]
[2026-05-13T03:25:31.3653426-07:00] [pid=3452] [2026.05.13-10.25.31:365][  0]LogConfig: Setting CVar [[r.DOF.Recombine.Quality:1                ; cheap slight out of focus]]
[2026-05-13T03:25:31.3653426-07:00] [pid=3452] [2026.05.13-10.25.31:365][  0]LogConfig: Setting CVar [[r.DOF.Recombine.EnableBokehSettings:0    ; no bokeh simulation on slight out of focus]]
[2026-05-13T03:25:31.3653426-07:00] [pid=3452] [2026.05.13-10.25.31:365][  0]LogConfig: Setting CVar [[r.DOF.TemporalAAQuality:1                ; more stable temporal accumulation]]
[2026-05-13T03:25:31.3653426-07:00] [pid=3452] [2026.05.13-10.25.31:365][  0]LogConfig: Setting CVar [[r.DOF.Kernel.MaxForegroundRadius:0.025]]
[2026-05-13T03:25:31.3653426-07:00] [pid=3452] [2026.05.13-10.25.31:365][  0]LogConfig: Setting CVar [[r.DOF.Kernel.MaxBackgroundRadius:0.025]]
[2026-05-13T03:25:31.3653426-07:00] [pid=3452] [2026.05.13-10.25.31:365][  0]LogConfig: Applying CVar settings from Section [TextureQuality@3] File [C:/Users/kapil/OneDrive/Documents/Unreal Projects/testTP/Saved/Config/Windows/Scalability.ini]
[2026-05-13T03:25:31.3653426-07:00] [pid=3452] [2026.05.13-10.25.31:365][  0]LogConfig: Setting CVar [[r.Streaming.MipBias:0]]
[2026-05-13T03:25:31.3653426-07:00] [pid=3452] [2026.05.13-10.25.31:365][  0]LogConfig: Setting CVar [[r.Streaming.AmortizeCPUToGPUCopy:0]]
[2026-05-13T03:25:31.3653426-07:00] [pid=3452] [2026.05.13-10.25.31:365][  0]LogConfig: Setting CVar [[r.Streaming.MaxNumTexturesToStreamPerFrame:0]]
[2026-05-13T03:25:31.3653426-07:00] [pid=3452] [2026.05.13-10.25.31:365][  0]LogConfig: Setting CVar [[r.Streaming.Boost:1]]
[2026-05-13T03:25:31.3653426-07:00] [pid=3452] [2026.05.13-10.25.31:365][  0]LogConfig: Setting CVar [[r.MaxAnisotropy:8]]
[2026-05-13T03:25:31.3653426-07:00] [pid=3452] [2026.05.13-10.25.31:365][  0]LogConfig: Setting CVar [[r.VT.MaxAnisotropy:8]]
[2026-05-13T03:25:31.3653426-07:00] [pid=3452] [2026.05.13-10.25.31:365][  0]LogConfig: Setting CVar [[r.Streaming.LimitPoolSizeToVRAM:0]]
[2026-05-13T03:25:31.3653426-07:00] [pid=3452] [2026.05.13-10.25.31:365][  0]LogConfig: Setting CVar [[r.Streaming.PoolSize:1000]]
[2026-05-13T03:25:31.3653426-07:00] [pid=3452] [2026.05.13-10.25.31:365][  0]LogConfig: Setting CVar [[r.Streaming.MaxEffectiveScreenSize:0]]
[2026-05-13T03:25:31.3653426-07:00] [pid=3452] [2026.05.13-10.25.31:365][  0]LogConfig: Applying CVar settings from Section [EffectsQuality@3] File [C:/Users/kapil/OneDrive/Documents/Unreal Projects/testTP/Saved/Config/Windows/Scalability.ini]
[2026-05-13T03:25:31.3653426-07:00] [pid=3452] [2026.05.13-10.25.31:365][  0]LogConfig: Setting CVar [[r.TranslucencyLightingVolumeDim:64]]
[2026-05-13T03:25:31.3653426-07:00] [pid=3452] [2026.05.13-10.25.31:365][  0]LogConfig: Setting CVar [[r.RefractionQuality:2]]
[2026-05-13T03:25:31.3653426-07:00] [pid=3452] [2026.05.13-10.25.31:365][  0]LogConfig: Setting CVar [[r.SSR.Quality:3]]
[2026-05-13T03:25:31.3653426-07:00] [pid=3452] [2026.05.13-10.25.31:365][  0]LogConfig: Setting CVar [[r.SSR.HalfResSceneColor:0]]
[2026-05-13T03:25:31.3653426-07:00] [pid=3452] [2026.05.13-10.25.31:365][  0]LogConfig: Setting CVar [[r.SceneColorFormat:4]]
[2026-05-13T03:25:31.3653426-07:00] [pid=3452] [2026.05.13-10.25.31:365][  0]LogConfig: Setting CVar [[r.DetailMode:2]]
[2026-05-13T03:25:31.3653426-07:00] [pid=3452] [2026.05.13-10.25.31:365][  0]LogConfig: Setting CVar [[r.TranslucencyVolumeBlur:1]]
[2026-05-13T03:25:31.3653426-07:00] [pid=3452] [2026.05.13-10.25.31:365][  0]LogConfig: Setting CVar [[r.MaterialQualityLevel:1 ; High quality]]
[2026-05-13T03:25:31.3668458-07:00] [pid=3452] [2026.05.13-10.25.31:365][  0]LogConfig: Setting CVar [[r.AnisotropicMaterials:1]]
[2026-05-13T03:25:31.3668458-07:00] [pid=3452] [2026.05.13-10.25.31:366][  0]LogConfig: Setting CVar [[r.SSS.Scale:1]]
[2026-05-13T03:25:31.3668458-07:00] [pid=3452] [2026.05.13-10.25.31:366][  0]LogConfig: Setting CVar [[r.SSS.SampleSet:2]]
[2026-05-13T03:25:31.3668458-07:00] [pid=3452] [2026.05.13-10.25.31:366][  0]LogConfig: Setting CVar [[r.SSS.Quality:1]]
[2026-05-13T03:25:31.3668458-07:00] [pid=3452] [2026.05.13-10.25.31:366][  0]LogConfig: Setting CVar [[r.SSS.HalfRes:0]]
[2026-05-13T03:25:31.3668458-07:00] [pid=3452] [2026.05.13-10.25.31:366][  0]LogConfig: Setting CVar [[r.SSGI.Quality:3]]
[2026-05-13T03:25:31.3668458-07:00] [pid=3452] [2026.05.13-10.25.31:366][  0]LogConfig: Setting CVar [[r.EmitterSpawnRateScale:1.0]]
[2026-05-13T03:25:31.3668458-07:00] [pid=3452] [2026.05.13-10.25.31:366][  0]LogConfig: Setting CVar [[r.ParticleLightQuality:2]]
[2026-05-13T03:25:31.3668458-07:00] [pid=3452] [2026.05.13-10.25.31:366][  0]LogConfig: Setting CVar [[r.SkyAtmosphere.AerialPerspectiveLUT.FastApplyOnOpaque:1 ; Always have FastSkyLUT 1 in this case to avoid wrong sky]]
[2026-05-13T03:25:31.3668458-07:00] [pid=3452] [2026.05.13-10.25.31:366][  0]LogConfig: Setting CVar [[r.SkyAtmosphere.AerialPerspectiveLUT.SampleCountMaxPerSlice:4]]
[2026-05-13T03:25:31.3668458-07:00] [pid=3452] [2026.05.13-10.25.31:366][  0]LogConfig: Setting CVar [[r.SkyAtmosphere.AerialPerspectiveLUT.DepthResolution:16.0]]
[2026-05-13T03:25:31.3668458-07:00] [pid=3452] [2026.05.13-10.25.31:366][  0]LogConfig: Setting CVar [[r.SkyAtmosphere.FastSkyLUT:1]]
[2026-05-13T03:25:31.3668458-07:00] [pid=3452] [2026.05.13-10.25.31:366][  0]LogConfig: Setting CVar [[r.SkyAtmosphere.FastSkyLUT.SampleCountMin:4.0]]
[2026-05-13T03:25:31.3668458-07:00] [pid=3452] [2026.05.13-10.25.31:366][  0]LogConfig: Setting CVar [[r.SkyAtmosphere.FastSkyLUT.SampleCountMax:128.0]]
[2026-05-13T03:25:31.3668458-07:00] [pid=3452] [2026.05.13-10.25.31:366][  0]LogConfig: Setting CVar [[r.SkyAtmosphere.SampleCountMin:4.0]]
[2026-05-13T03:25:31.3668458-07:00] [pid=3452] [2026.05.13-10.25.31:366][  0]LogConfig: Setting CVar [[r.SkyAtmosphere.SampleCountMax:128.0]]
[2026-05-13T03:25:31.3668458-07:00] [pid=3452] [2026.05.13-10.25.31:366][  0]LogConfig: Setting CVar [[r.SkyAtmosphere.TransmittanceLUT.UseSmallFormat:0]]
[2026-05-13T03:25:31.3668458-07:00] [pid=3452] [2026.05.13-10.25.31:366][  0]LogConfig: Setting CVar [[r.SkyAtmosphere.TransmittanceLUT.SampleCount:10.0]]
[2026-05-13T03:25:31.3668458-07:00] [pid=3452] [2026.05.13-10.25.31:366][  0]LogConfig: Setting CVar [[r.SkyAtmosphere.MultiScatteringLUT.SampleCount:15.0]]
[2026-05-13T03:25:31.3678517-07:00] [pid=3452] [2026.05.13-10.25.31:366][  0]LogConfig: Setting CVar [[r.SkyLight.RealTimeReflectionCapture:1]]
[2026-05-13T03:25:31.3678517-07:00] [pid=3452] [2026.05.13-10.25.31:366][  0]LogConfig: Applying CVar settings from Section [FoliageQuality@3] File [C:/Users/kapil/OneDrive/Documents/Unreal Projects/testTP/Saved/Config/Windows/Scalability.ini]
[2026-05-13T03:25:31.3678517-07:00] [pid=3452] [2026.05.13-10.25.31:367][  0]LogConfig: Setting CVar [[foliage.DensityScale:1.0]]
[2026-05-13T03:25:31.3678517-07:00] [pid=3452] [2026.05.13-10.25.31:367][  0]LogConfig: Setting CVar [[grass.DensityScale:1.0]]
[2026-05-13T03:25:31.3678517-07:00] [pid=3452] [2026.05.13-10.25.31:367][  0]LogConfig: Applying CVar settings from Section [ShadingQuality@3] File [C:/Users/kapil/OneDrive/Documents/Unreal Projects/testTP/Saved/Config/Windows/Scalability.ini]
[2026-05-13T03:25:31.3678517-07:00] [pid=3452] [2026.05.13-10.25.31:367][  0]LogConfig: Setting CVar [[r.HairStrands.SkyLighting.IntegrationType:2]]
[2026-05-13T03:25:31.3678517-07:00] [pid=3452] [2026.05.13-10.25.31:367][  0]LogConfig: Setting CVar [[r.HairStrands.SkyAO.SampleCount:4]]
[2026-05-13T03:25:31.3678517-07:00] [pid=3452] [2026.05.13-10.25.31:367][  0]LogConfig: Setting CVar [[r.HairStrands.Visibility.MSAA.SamplePerPixel:4]]
[2026-05-13T03:25:31.3678517-07:00] [pid=3452] [2026.05.13-10.25.31:367][  0]LogInit: Selected Device Profile: [Windows]
[2026-05-13T03:25:31.3678517-07:00] [pid=3452] [2026.05.13-10.25.31:367][  0]LogInit: Applying CVar settings loaded from the selected device profile: [Windows]
[2026-05-13T03:25:31.3678517-07:00] [pid=3452] [2026.05.13-10.25.31:367][  0]LogHAL: Display: Platform has ~ 16 GB [16849256448 / 17179869184 / 16], which maps to Larger [LargestMinGB=32, LargerMinGB=12, DefaultMinGB=8, SmallerMinGB=6, SmallestMinGB=0)
[2026-05-13T03:25:31.3678517-07:00] [pid=3452] [2026.05.13-10.25.31:367][  0]LogInit: Going up to parent DeviceProfile []
[2026-05-13T03:25:31.3678517-07:00] [pid=3452] [2026.05.13-10.25.31:367][  0]LogConfig: Applying CVar settings from Section [ViewDistanceQuality@3] File [C:/Users/kapil/OneDrive/Documents/Unreal Projects/testTP/Saved/Config/Windows/Scalability.ini]
[2026-05-13T03:25:31.3678517-07:00] [pid=3452] [2026.05.13-10.25.31:367][  0]LogConfig: Setting CVar [[r.SkeletalMeshLODBias:0]]
[2026-05-13T03:25:31.3678517-07:00] [pid=3452] [2026.05.13-10.25.31:367][  0]LogConfig: Setting CVar [[r.ViewDistanceScale:1.0]]
[2026-05-13T03:25:31.3678517-07:00] [pid=3452] [2026.05.13-10.25.31:367][  0]LogConfig: Applying CVar settings from Section [AntiAliasingQuality@3] File [C:/Users/kapil/OneDrive/Documents/Unreal Projects/testTP/Saved/Config/Windows/Scalability.ini]
[2026-05-13T03:25:31.3688516-07:00] [pid=3452] [2026.05.13-10.25.31:367][  0]LogConfig: Setting CVar [[r.PostProcessAAQuality:4]]
[2026-05-13T03:25:31.3688516-07:00] [pid=3452] [2026.05.13-10.25.31:368][  0]LogConfig: Applying CVar settings from Section [ShadowQuality@3] File [C:/Users/kapil/OneDrive/Documents/Unreal Projects/testTP/Saved/Config/Windows/Scalability.ini]
[2026-05-13T03:25:31.3688516-07:00] [pid=3452] [2026.05.13-10.25.31:368][  0]LogConfig: Setting CVar [[r.LightFunctionQuality:1]]
[2026-05-13T03:25:31.3688516-07:00] [pid=3452] [2026.05.13-10.25.31:368][  0]LogConfig: Setting CVar [[r.ShadowQuality:5]]
[2026-05-13T03:25:31.3688516-07:00] [pid=3452] [2026.05.13-10.25.31:368][  0]LogConfig: Setting CVar [[r.Shadow.CSM.MaxCascades:10]]
[2026-05-13T03:25:31.3688516-07:00] [pid=3452] [2026.05.13-10.25.31:368][  0]LogConfig: Setting CVar [[r.Shadow.MaxResolution:2048]]
[2026-05-13T03:25:31.3688516-07:00] [pid=3452] [2026.05.13-10.25.31:368][  0]LogConfig: Setting CVar [[r.Shadow.MaxCSMResolution:2048]]
[2026-05-13T03:25:31.3688516-07:00] [pid=3452] [2026.05.13-10.25.31:368][  0]LogConfig: Setting CVar [[r.Shadow.RadiusThreshold:0.01]]
[2026-05-13T03:25:31.3688516-07:00] [pid=3452] [2026.05.13-10.25.31:368][  0]LogConfig: Setting CVar [[r.Shadow.DistanceScale:1.0]]
[2026-05-13T03:25:31.3688516-07:00] [pid=3452] [2026.05.13-10.25.31:368][  0]LogConfig: Setting CVar [[r.Shadow.CSM.TransitionScale:1.0]]
[2026-05-13T03:25:31.3688516-07:00] [pid=3452] [2026.05.13-10.25.31:368][  0]LogConfig: Setting CVar [[r.Shadow.PreShadowResolutionFactor:1.0]]
[2026-05-13T03:25:31.3688516-07:00] [pid=3452] [2026.05.13-10.25.31:368][  0]LogConfig: Setting CVar [[r.DistanceFieldShadowing:1]]
[2026-05-13T03:25:31.3688516-07:00] [pid=3452] [2026.05.13-10.25.31:368][  0]LogConfig: Setting CVar [[r.DistanceFieldAO:1]]
[2026-05-13T03:25:31.3698514-07:00] [pid=3452] [2026.05.13-10.25.31:368][  0]LogConfig: Setting CVar [[r.AOQuality:2]]
[2026-05-13T03:25:31.3698514-07:00] [pid=3452] [2026.05.13-10.25.31:369][  0]LogConfig: Setting CVar [[r.VolumetricFog:1]]
[2026-05-13T03:25:31.3698514-07:00] [pid=3452] [2026.05.13-10.25.31:369][  0]LogConfig: Setting CVar [[r.VolumetricFog.GridPixelSize:8]]
[2026-05-13T03:25:31.3698514-07:00] [pid=3452] [2026.05.13-10.25.31:369][  0]LogConfig: Setting CVar [[r.VolumetricFog.GridSizeZ:128]]
[2026-05-13T03:25:31.3698514-07:00] [pid=3452] [2026.05.13-10.25.31:369][  0]LogConfig: Setting CVar [[r.VolumetricFog.HistoryMissSupersampleCount:4]]
[2026-05-13T03:25:31.3698514-07:00] [pid=3452] [2026.05.13-10.25.31:369][  0]LogConfig: Setting CVar [[r.LightMaxDrawDistanceScale:1]]
[2026-05-13T03:25:31.3698514-07:00] [pid=3452] [2026.05.13-10.25.31:369][  0]LogConfig: Setting CVar [[r.CapsuleShadows:1]]
[2026-05-13T03:25:31.3698514-07:00] [pid=3452] [2026.05.13-10.25.31:369][  0]LogConfig: Applying CVar settings from Section [PostProcessQuality@3] File [C:/Users/kapil/OneDrive/Documents/Unreal Projects/testTP/Saved/Config/Windows/Scalability.ini]
[2026-05-13T03:25:31.3698514-07:00] [pid=3452] [2026.05.13-10.25.31:369][  0]LogConfig: Setting CVar [[r.MotionBlurQuality:4]]
[2026-05-13T03:25:31.3698514-07:00] [pid=3452] [2026.05.13-10.25.31:369][  0]LogConfig: Setting CVar [[r.AmbientOcclusionMipLevelFactor:0.4]]
[2026-05-13T03:25:31.3703537-07:00] [pid=3452] [2026.05.13-10.25.31:369][  0]LogConfig: Setting CVar [[r.AmbientOcclusionMaxQuality:100]]
[2026-05-13T03:25:31.3703537-07:00] [pid=3452] [2026.05.13-10.25.31:370][  0]LogConfig: Setting CVar [[r.AmbientOcclusionLevels:-1]]
[2026-05-13T03:25:31.3703537-07:00] [pid=3452] [2026.05.13-10.25.31:370][  0]LogConfig: Setting CVar [[r.AmbientOcclusionRadiusScale:1.0]]
[2026-05-13T03:25:31.3703537-07:00] [pid=3452] [2026.05.13-10.25.31:370][  0]LogConfig: Setting CVar [[r.DepthOfFieldQuality:2]]
[2026-05-13T03:25:31.3703537-07:00] [pid=3452] [2026.05.13-10.25.31:370][  0]LogConfig: Setting CVar [[r.RenderTargetPoolMin:400]]
[2026-05-13T03:25:31.3703537-07:00] [pid=3452] [2026.05.13-10.25.31:370][  0]LogConfig: Setting CVar [[r.LensFlareQuality:2]]
[2026-05-13T03:25:31.3703537-07:00] [pid=3452] [2026.05.13-10.25.31:370][  0]LogConfig: Setting CVar [[r.SceneColorFringeQuality:1]]
[2026-05-13T03:25:31.3703537-07:00] [pid=3452] [2026.05.13-10.25.31:370][  0]LogConfig: Setting CVar [[r.EyeAdaptationQuality:2]]
[2026-05-13T03:25:31.3703537-07:00] [pid=3452] [2026.05.13-10.25.31:370][  0]LogConfig: Setting CVar [[r.BloomQuality:5]]
[2026-05-13T03:25:31.3703537-07:00] [pid=3452] [2026.05.13-10.25.31:370][  0]LogConfig: Setting CVar [[r.FastBlurThreshold:100]]
[2026-05-13T03:25:31.3703537-07:00] [pid=3452] [2026.05.13-10.25.31:370][  0]LogConfig: Setting CVar [[r.Upscale.Quality:3]]
[2026-05-13T03:25:31.3703537-07:00] [pid=3452] [2026.05.13-10.25.31:370][  0]LogConfig: Setting CVar [[r.Tonemapper.GrainQuantization:1]]
[2026-05-13T03:25:31.3713574-07:00] [pid=3452] [2026.05.13-10.25.31:370][  0]LogConfig: Setting CVar [[r.LightShaftQuality:1]]
[2026-05-13T03:25:31.3713574-07:00] [pid=3452] [2026.05.13-10.25.31:370][  0]LogConfig: Setting CVar [[r.Filter.SizeScale:1]]
[2026-05-13T03:25:31.3713574-07:00] [pid=3452] [2026.05.13-10.25.31:371][  0]LogConfig: Setting CVar [[r.Tonemapper.Quality:5]]
[2026-05-13T03:25:31.3713574-07:00] [pid=3452] [2026.05.13-10.25.31:371][  0]LogConfig: Setting CVar [[r.DOF.Gather.AccumulatorQuality:1        ; higher gathering accumulator quality]]
[2026-05-13T03:25:31.3713574-07:00] [pid=3452] [2026.05.13-10.25.31:371][  0]LogConfig: Setting CVar [[r.DOF.Gather.PostfilterMethod:1          ; Median3x3 postfilering method]]
[2026-05-13T03:25:31.3713574-07:00] [pid=3452] [2026.05.13-10.25.31:371][  0]LogConfig: Setting CVar [[r.DOF.Gather.EnableBokehSettings:0       ; no bokeh simulation when gathering]]
[2026-05-13T03:25:31.3713574-07:00] [pid=3452] [2026.05.13-10.25.31:371][  0]LogConfig: Setting CVar [[r.DOF.Gather.RingCount:4                 ; medium number of samples when gathering]]
[2026-05-13T03:25:31.3713574-07:00] [pid=3452] [2026.05.13-10.25.31:371][  0]LogConfig: Setting CVar [[r.DOF.Scatter.ForegroundCompositing:1    ; additive foreground scattering]]
[2026-05-13T03:25:31.3713574-07:00] [pid=3452] [2026.05.13-10.25.31:371][  0]LogConfig: Setting CVar [[r.DOF.Scatter.BackgroundCompositing:2    ; additive background scattering]]
[2026-05-13T03:25:31.3713574-07:00] [pid=3452] [2026.05.13-10.25.31:371][  0]LogConfig: Setting CVar [[r.DOF.Scatter.EnableBokehSettings:1      ; bokeh simulation when scattering]]
[2026-05-13T03:25:31.3713574-07:00] [pid=3452] [2026.05.13-10.25.31:371][  0]LogConfig: Setting CVar [[r.DOF.Scatter.MaxSpriteRatio:0.1         ; only a maximum of 10% of scattered bokeh]]
[2026-05-13T03:25:31.3713574-07:00] [pid=3452] [2026.05.13-10.25.31:371][  0]LogConfig: Setting CVar [[r.DOF.Recombine.Quality:1                ; cheap slight out of focus]]
[2026-05-13T03:25:31.3723609-07:00] [pid=3452] [2026.05.13-10.25.31:371][  0]LogConfig: Setting CVar [[r.DOF.Recombine.EnableBokehSettings:0    ; no bokeh simulation on slight out of focus]]
[2026-05-13T03:25:31.3723609-07:00] [pid=3452] [2026.05.13-10.25.31:371][  0]LogConfig: Setting CVar [[r.DOF.TemporalAAQuality:1                ; more stable temporal accumulation]]
[2026-05-13T03:25:31.3723609-07:00] [pid=3452] [2026.05.13-10.25.31:372][  0]LogConfig: Setting CVar [[r.DOF.Kernel.MaxForegroundRadius:0.025]]
[2026-05-13T03:25:31.3733609-07:00] [pid=3452] [2026.05.13-10.25.31:372][  0]LogConfig: Setting CVar [[r.DOF.Kernel.MaxBackgroundRadius:0.025]]
[2026-05-13T03:25:31.3733609-07:00] [pid=3452] [2026.05.13-10.25.31:372][  0]LogConfig: Applying CVar settings from Section [TextureQuality@3] File [C:/Users/kapil/OneDrive/Documents/Unreal Projects/testTP/Saved/Config/Windows/Scalability.ini]
[2026-05-13T03:25:31.3733609-07:00] [pid=3452] [2026.05.13-10.25.31:373][  0]LogConfig: Setting CVar [[r.Streaming.MipBias:0]]
[2026-05-13T03:25:31.3733609-07:00] [pid=3452] [2026.05.13-10.25.31:373][  0]LogConfig: Setting CVar [[r.Streaming.AmortizeCPUToGPUCopy:0]]
[2026-05-13T03:25:31.3733609-07:00] [pid=3452] [2026.05.13-10.25.31:373][  0]LogConfig: Setting CVar [[r.Streaming.MaxNumTexturesToStreamPerFrame:0]]
[2026-05-13T03:25:31.3733609-07:00] [pid=3452] [2026.05.13-10.25.31:373][  0]LogConfig: Setting CVar [[r.Streaming.Boost:1]]
[2026-05-13T03:25:31.3733609-07:00] [pid=3452] [2026.05.13-10.25.31:373][  0]LogConfig: Setting CVar [[r.MaxAnisotropy:8]]
[2026-05-13T03:25:31.3743608-07:00] [pid=3452] [2026.05.13-10.25.31:373][  0]LogConfig: Setting CVar [[r.VT.MaxAnisotropy:8]]
[2026-05-13T03:25:31.3743608-07:00] [pid=3452] [2026.05.13-10.25.31:373][  0]LogConfig: Setting CVar [[r.Streaming.LimitPoolSizeToVRAM:0]]
[2026-05-13T03:25:31.3743608-07:00] [pid=3452] [2026.05.13-10.25.31:374][  0]LogConfig: Setting CVar [[r.Streaming.PoolSize:1000]]
[2026-05-13T03:25:31.3743608-07:00] [pid=3452] [2026.05.13-10.25.31:374][  0]LogConfig: Setting CVar [[r.Streaming.MaxEffectiveScreenSize:0]]
[2026-05-13T03:25:31.3743608-07:00] [pid=3452] [2026.05.13-10.25.31:374][  0]LogConfig: Applying CVar settings from Section [EffectsQuality@3] File [C:/Users/kapil/OneDrive/Documents/Unreal Projects/testTP/Saved/Config/Windows/Scalability.ini]
[2026-05-13T03:25:31.3743608-07:00] [pid=3452] [2026.05.13-10.25.31:374][  0]LogConfig: Setting CVar [[r.TranslucencyLightingVolumeDim:64]]
[2026-05-13T03:25:31.3743608-07:00] [pid=3452] [2026.05.13-10.25.31:374][  0]LogConfig: Setting CVar [[r.RefractionQuality:2]]
[2026-05-13T03:25:31.3743608-07:00] [pid=3452] [2026.05.13-10.25.31:374][  0]LogConfig: Setting CVar [[r.SSR.Quality:3]]
[2026-05-13T03:25:31.3743608-07:00] [pid=3452] [2026.05.13-10.25.31:374][  0]LogConfig: Setting CVar [[r.SSR.HalfResSceneColor:0]]
[2026-05-13T03:25:31.3743608-07:00] [pid=3452] [2026.05.13-10.25.31:374][  0]LogConfig: Setting CVar [[r.SceneColorFormat:4]]
[2026-05-13T03:25:31.3743608-07:00] [pid=3452] [2026.05.13-10.25.31:374][  0]LogConfig: Setting CVar [[r.DetailMode:2]]
[2026-05-13T03:25:31.3743608-07:00] [pid=3452] [2026.05.13-10.25.31:374][  0]LogConfig: Setting CVar [[r.TranslucencyVolumeBlur:1]]
[2026-05-13T03:25:31.3753609-07:00] [pid=3452] [2026.05.13-10.25.31:374][  0]LogConfig: Setting CVar [[r.MaterialQualityLevel:1 ; High quality]]
[2026-05-13T03:25:31.3753609-07:00] [pid=3452] [2026.05.13-10.25.31:374][  0]LogConfig: Setting CVar [[r.AnisotropicMaterials:1]]
[2026-05-13T03:25:31.3753609-07:00] [pid=3452] [2026.05.13-10.25.31:375][  0]LogConfig: Setting CVar [[r.SSS.Scale:1]]
[2026-05-13T03:25:31.3753609-07:00] [pid=3452] [2026.05.13-10.25.31:375][  0]LogConfig: Setting CVar [[r.SSS.SampleSet:2]]
[2026-05-13T03:25:31.3753609-07:00] [pid=3452] [2026.05.13-10.25.31:375][  0]LogConfig: Setting CVar [[r.SSS.Quality:1]]
[2026-05-13T03:25:31.3753609-07:00] [pid=3452] [2026.05.13-10.25.31:375][  0]LogConfig: Setting CVar [[r.SSS.HalfRes:0]]
[2026-05-13T03:25:31.3753609-07:00] [pid=3452] [2026.05.13-10.25.31:375][  0]LogConfig: Setting CVar [[r.SSGI.Quality:3]]
[2026-05-13T03:25:31.3753609-07:00] [pid=3452] [2026.05.13-10.25.31:375][  0]LogConfig: Setting CVar [[r.EmitterSpawnRateScale:1.0]]
[2026-05-13T03:25:31.3753609-07:00] [pid=3452] [2026.05.13-10.25.31:375][  0]LogConfig: Setting CVar [[r.ParticleLightQuality:2]]
[2026-05-13T03:25:31.3753609-07:00] [pid=3452] [2026.05.13-10.25.31:375][  0]LogConfig: Setting CVar [[r.SkyAtmosphere.AerialPerspectiveLUT.FastApplyOnOpaque:1 ; Always have FastSkyLUT 1 in this case to avoid wrong sky]]
[2026-05-13T03:25:31.3753609-07:00] [pid=3452] [2026.05.13-10.25.31:375][  0]LogConfig: Setting CVar [[r.SkyAtmosphere.AerialPerspectiveLUT.SampleCountMaxPerSlice:4]]
[2026-05-13T03:25:31.3753609-07:00] [pid=3452] [2026.05.13-10.25.31:375][  0]LogConfig: Setting CVar [[r.SkyAtmosphere.AerialPerspectiveLUT.DepthResolution:16.0]]
[2026-05-13T03:25:31.3753609-07:00] [pid=3452] [2026.05.13-10.25.31:375][  0]LogConfig: Setting CVar [[r.SkyAtmosphere.FastSkyLUT:1]]
[2026-05-13T03:25:31.3753609-07:00] [pid=3452] [2026.05.13-10.25.31:375][  0]LogConfig: Setting CVar [[r.SkyAtmosphere.FastSkyLUT.SampleCountMin:4.0]]
[2026-05-13T03:25:31.3753609-07:00] [pid=3452] [2026.05.13-10.25.31:375][  0]LogConfig: Setting CVar [[r.SkyAtmosphere.FastSkyLUT.SampleCountMax:128.0]]
[2026-05-13T03:25:31.3753609-07:00] [pid=3452] [2026.05.13-10.25.31:375][  0]LogConfig: Setting CVar [[r.SkyAtmosphere.SampleCountMin:4.0]]
[2026-05-13T03:25:31.3753609-07:00] [pid=3452] [2026.05.13-10.25.31:375][  0]LogConfig: Setting CVar [[r.SkyAtmosphere.SampleCountMax:128.0]]
[2026-05-13T03:25:31.3753609-07:00] [pid=3452] [2026.05.13-10.25.31:375][  0]LogConfig: Setting CVar [[r.SkyAtmosphere.TransmittanceLUT.UseSmallFormat:0]]
[2026-05-13T03:25:31.3753609-07:00] [pid=3452] [2026.05.13-10.25.31:375][  0]LogConfig: Setting CVar [[r.SkyAtmosphere.TransmittanceLUT.SampleCount:10.0]]
[2026-05-13T03:25:31.3753609-07:00] [pid=3452] [2026.05.13-10.25.31:375][  0]LogConfig: Setting CVar [[r.SkyAtmosphere.MultiScatteringLUT.SampleCount:15.0]]
[2026-05-13T03:25:31.3753609-07:00] [pid=3452] [2026.05.13-10.25.31:375][  0]LogConfig: Setting CVar [[r.SkyLight.RealTimeReflectionCapture:1]]
[2026-05-13T03:25:31.3753609-07:00] [pid=3452] [2026.05.13-10.25.31:375][  0]LogConfig: Applying CVar settings from Section [FoliageQuality@3] File [C:/Users/kapil/OneDrive/Documents/Unreal Projects/testTP/Saved/Config/Windows/Scalability.ini]
[2026-05-13T03:25:31.3753609-07:00] [pid=3452] [2026.05.13-10.25.31:375][  0]LogConfig: Setting CVar [[foliage.DensityScale:1.0]]
[2026-05-13T03:25:31.3753609-07:00] [pid=3452] [2026.05.13-10.25.31:375][  0]LogConfig: Setting CVar [[grass.DensityScale:1.0]]
[2026-05-13T03:25:31.3768694-07:00] [pid=3452] [2026.05.13-10.25.31:375][  0]LogConfig: Applying CVar settings from Section [ShadingQuality@3] File [C:/Users/kapil/OneDrive/Documents/Unreal Projects/testTP/Saved/Config/Windows/Scalability.ini]
[2026-05-13T03:25:31.3768694-07:00] [pid=3452] [2026.05.13-10.25.31:376][  0]LogConfig: Setting CVar [[r.HairStrands.SkyLighting.IntegrationType:2]]
[2026-05-13T03:25:31.3768694-07:00] [pid=3452] [2026.05.13-10.25.31:376][  0]LogConfig: Setting CVar [[r.HairStrands.SkyAO.SampleCount:4]]
[2026-05-13T03:25:31.3768694-07:00] [pid=3452] [2026.05.13-10.25.31:376][  0]LogConfig: Setting CVar [[r.HairStrands.Visibility.MSAA.SamplePerPixel:4]]
[2026-05-13T03:25:31.3768694-07:00] [pid=3452] [2026.05.13-10.25.31:376][  0]LogConfig: Applying CVar settings from Section [Startup] File [../../../Engine/Config/ConsoleVariables.ini]
[2026-05-13T03:25:31.3768694-07:00] [pid=3452] [2026.05.13-10.25.31:376][  0]LogConfig: Setting CVar [[net.UseAdaptiveNetUpdateFrequency:0]]
[2026-05-13T03:25:31.3768694-07:00] [pid=3452] [2026.05.13-10.25.31:376][  0]LogConfig: Setting CVar [[p.chaos.AllowCreatePhysxBodies:1]]
[2026-05-13T03:25:31.3768694-07:00] [pid=3452] [2026.05.13-10.25.31:376][  0]LogConfig: Setting CVar [[fx.SkipVectorVMBackendOptimizations:1]]
[2026-05-13T03:25:31.3768694-07:00] [pid=3452] [2026.05.13-10.25.31:376][  0]LogConfig: Applying CVar settings from Section [ConsoleVariables] File [C:/Users/kapil/OneDrive/Documents/Unreal Projects/testTP/Saved/Config/Windows/Engine.ini]
[2026-05-13T03:25:31.3778771-07:00] [pid=3452] [2026.05.13-10.25.31:376][  0]LogConfig: Applying CVar settings from Section [ConsoleVariables] File [C:/Users/kapil/OneDrive/Documents/Unreal Projects/testTP/Saved/Config/Windows/Editor.ini]
[2026-05-13T03:25:31.3778771-07:00] [pid=3452] [2026.05.13-10.25.31:377][  0]LogInit: Computer: IMMERSEDEMOM5
[2026-05-13T03:25:31.3778771-07:00] [pid=3452] [2026.05.13-10.25.31:377][  0]LogInit: User: kapil
[2026-05-13T03:25:31.3778771-07:00] [pid=3452] [2026.05.13-10.25.31:377][  0]LogInit: CPU Page size=4096, Cores=14
[2026-05-13T03:25:31.3778771-07:00] [pid=3452] [2026.05.13-10.25.31:377][  0]LogInit: High frequency timer resolution =10.000000 MHz
[2026-05-13T03:25:31.3778771-07:00] [pid=3452] [2026.05.13-10.25.31:377][  0]LogMemory: Memory total: Physical=15.7GB (16GB approx)
[2026-05-13T03:25:31.3778771-07:00] [pid=3452] [2026.05.13-10.25.31:377][  0]LogMemory: Platform Memory Stats for Windows
[2026-05-13T03:25:31.3778771-07:00] [pid=3452] [2026.05.13-10.25.31:377][  0]LogMemory: Process Physical Memory: 156.45 MB used, 156.45 MB peak
[2026-05-13T03:25:31.3778771-07:00] [pid=3452] [2026.05.13-10.25.31:377][  0]LogMemory: Process Virtual Memory: 131.06 MB used, 131.06 MB peak
[2026-05-13T03:25:31.3778771-07:00] [pid=3452] [2026.05.13-10.25.31:377][  0]LogMemory: Physical Memory: 13451.16 MB used,  2617.55 MB free, 16068.70 MB total
[2026-05-13T03:25:31.3778771-07:00] [pid=3452] [2026.05.13-10.25.31:377][  0]LogMemory: Virtual Memory: 134207128.00 MB used,  10601.05 MB free, 134217728.00 MB total
[2026-05-13T03:25:31.3823947-07:00] [pid=3452] [2026.05.13-10.25.31:382][  0]LogWindows: WindowsPlatformFeatures enabled
[2026-05-13T03:25:31.4230279-07:00] [pid=3452] [2026.05.13-10.25.31:423][  0]LogInit: Physics initialised using underlying interface: PhysX
[2026-05-13T03:25:31.4240304-07:00] [pid=3452] [2026.05.13-10.25.31:424][  0]LogInit: Using OS detected language (en-US).
[2026-05-13T03:25:31.4240304-07:00] [pid=3452] [2026.05.13-10.25.31:424][  0]LogInit: Using OS detected locale (en-US).
[2026-05-13T03:25:31.4265327-07:00] [pid=3452] [2026.05.13-10.25.31:426][  0]LogTextLocalizationManager: No specific localization for 'en-US' exists, so the 'en' localization will be used.
[2026-05-13T03:25:31.5794912-07:00] [pid=3452] [2026.05.13-10.25.31:579][  0]LogWindowsTextInputMethodSystem: Display: IME system deactivated.
[2026-05-13T03:25:31.5900351-07:00] [pid=3452] [2026.05.13-10.25.31:590][  0]LogSlate: New Slate User Created.  User Index 0, Is Virtual User: 0
[2026-05-13T03:25:31.5900351-07:00] [pid=3452] [2026.05.13-10.25.31:590][  0]LogSlate: Slate User Registered.  User Index 0, Is Virtual User: 0
[2026-05-13T03:25:31.5995606-07:00] [pid=3452] [2026.05.13-10.25.31:599][  0]LogD3D11RHI: Loaded GFSDK_Aftermath_Lib.x64.dll
[2026-05-13T03:25:31.6427406-07:00] [pid=3452] [2026.05.13-10.25.31:641][  0]LogHMD: Failed to initialize OpenVR with code 110
[2026-05-13T03:25:31.6427406-07:00] [pid=3452] [2026.05.13-10.25.31:642][  0]LogD3D11RHI: D3D11 min allowed feature level: 11_0
[2026-05-13T03:25:31.6427406-07:00] [pid=3452] [2026.05.13-10.25.31:642][  0]LogD3D11RHI: D3D11 max allowed feature level: 11_0
[2026-05-13T03:25:31.6427406-07:00] [pid=3452] [2026.05.13-10.25.31:642][  0]LogD3D11RHI: D3D11 adapters:
[2026-05-13T03:25:31.7988604-07:00] [pid=3452] [2026.05.13-10.25.31:797][  0]LogD3D11RHI:    0. 'NVIDIA GeForce RTX 4060 Laptop GPU' (Feature Level 11_0)
[2026-05-13T03:25:31.7988604-07:00] [pid=3452] [2026.05.13-10.25.31:797][  0]LogD3D11RHI:       7957/0/8034 MB DedicatedVideo/DedicatedSystem/SharedSystem, Outputs:1, VendorId:0x10de
[2026-05-13T03:25:31.8309544-07:00] [pid=3452] [2026.05.13-10.25.31:830][  0]LogD3D11RHI:    1. 'Intel(R) UHD Graphics' (Feature Level 11_0)
[2026-05-13T03:25:31.8309544-07:00] [pid=3452] [2026.05.13-10.25.31:830][  0]LogD3D11RHI:       128/0/8034 MB DedicatedVideo/DedicatedSystem/SharedSystem, Outputs:0, VendorId:0x8086
[2026-05-13T03:25:31.8339585-07:00] [pid=3452] [2026.05.13-10.25.31:833][  0]LogD3D11RHI:    2. 'Microsoft Basic Render Driver' (Feature Level 11_0)
[2026-05-13T03:25:31.8339585-07:00] [pid=3452] [2026.05.13-10.25.31:833][  0]LogD3D11RHI:       0/0/8034 MB DedicatedVideo/DedicatedSystem/SharedSystem, Outputs:0, VendorId:0x1414
[2026-05-13T03:25:31.8339585-07:00] [pid=3452] [2026.05.13-10.25.31:833][  0]LogD3D11RHI: Chosen D3D11 Adapter:
[2026-05-13T03:25:31.8349580-07:00] [pid=3452] [2026.05.13-10.25.31:833][  0]LogD3D11RHI:     Description : NVIDIA GeForce RTX 4060 Laptop GPU
[2026-05-13T03:25:31.8349580-07:00] [pid=3452] [2026.05.13-10.25.31:833][  0]LogD3D11RHI:     VendorId    : 10de
[2026-05-13T03:25:31.8349580-07:00] [pid=3452] [2026.05.13-10.25.31:834][  0]LogD3D11RHI:     DeviceId    : 28e0
[2026-05-13T03:25:31.8349580-07:00] [pid=3452] [2026.05.13-10.25.31:834][  0]LogD3D11RHI:     SubSysId    : bf81028
[2026-05-13T03:25:31.8349580-07:00] [pid=3452] [2026.05.13-10.25.31:834][  0]LogD3D11RHI:     Revision    : 00a1
[2026-05-13T03:25:31.8349580-07:00] [pid=3452] [2026.05.13-10.25.31:834][  0]LogD3D11RHI:     DedicatedVideoMemory : 8343519232 bytes
[2026-05-13T03:25:31.8349580-07:00] [pid=3452] [2026.05.13-10.25.31:834][  0]LogD3D11RHI:     DedicatedSystemMemory : 0 bytes
[2026-05-13T03:25:31.8349580-07:00] [pid=3452] [2026.05.13-10.25.31:834][  0]LogD3D11RHI:     SharedSystemMemory : 8424628224 bytes
[2026-05-13T03:25:31.8349580-07:00] [pid=3452] [2026.05.13-10.25.31:834][  0]LogD3D11RHI:     AdapterLuid : 0 72942
[2026-05-13T03:25:31.8399715-07:00] [pid=3452] [2026.05.13-10.25.31:839][  0]LogD3D11RHI: Creating new Direct3DDevice
[2026-05-13T03:25:31.8409747-07:00] [pid=3452] [2026.05.13-10.25.31:839][  0]LogD3D11RHI:     GPU DeviceId: 0x28e0 (for the marketing name, search the web for "GPU Device Id")
[2026-05-13T03:25:31.8409747-07:00] [pid=3452] [2026.05.13-10.25.31:840][  0]LogWindows: EnumDisplayDevices:
[2026-05-13T03:25:31.8409747-07:00] [pid=3452] [2026.05.13-10.25.31:840][  0]LogWindows:    0. 'Intel(R) UHD Graphics' (P:1 D:1)
[2026-05-13T03:25:31.8409747-07:00] [pid=3452] [2026.05.13-10.25.31:840][  0]LogWindows:    1. 'Intel(R) UHD Graphics' (P:0 D:0)
[2026-05-13T03:25:31.8409747-07:00] [pid=3452] [2026.05.13-10.25.31:840][  0]LogWindows:    2. 'Intel(R) UHD Graphics' (P:0 D:0)
[2026-05-13T03:25:31.8409747-07:00] [pid=3452] [2026.05.13-10.25.31:840][  0]LogWindows:    3. 'Intel(R) UHD Graphics' (P:0 D:0)
[2026-05-13T03:25:31.8409747-07:00] [pid=3452] [2026.05.13-10.25.31:840][  0]LogWindows:    4. 'NVIDIA GeForce RTX 4060 Laptop GPU' (P:0 D:0)
[2026-05-13T03:25:31.8409747-07:00] [pid=3452] [2026.05.13-10.25.31:840][  0]LogWindows: DebugString: PrimaryIsNotTheChoosenAdapter PrimaryIsNotTheChoosenAdapter PrimaryIsNotTheChoosenAdapter PrimaryIsNotTheChoosenAdapter 
[2026-05-13T03:25:31.8409747-07:00] [pid=3452] [2026.05.13-10.25.31:840][  0]LogD3D11RHI:     Adapter Name: NVIDIA GeForce RTX 4060 Laptop GPU
[2026-05-13T03:25:31.8409747-07:00] [pid=3452] [2026.05.13-10.25.31:840][  0]LogD3D11RHI:   Driver Version: 581.95 (internal:32.0.15.8195, unified:581.95)
[2026-05-13T03:25:31.8419779-07:00] [pid=3452] [2026.05.13-10.25.31:840][  0]LogD3D11RHI:      Driver Date: 11-18-2025
[2026-05-13T03:25:31.8419779-07:00] [pid=3452] [2026.05.13-10.25.31:840][  0]LogRHI: Texture pool is 5569 MB (70% of 7957 MB)
[2026-05-13T03:25:31.8419779-07:00] [pid=3452] [2026.05.13-10.25.31:841][  0]LogD3D11RHI: Creating D3DDevice using adapter:
[2026-05-13T03:25:31.8419779-07:00] [pid=3452] [2026.05.13-10.25.31:841][  0]LogD3D11RHI:     Description : NVIDIA GeForce RTX 4060 Laptop GPU
[2026-05-13T03:25:31.8419779-07:00] [pid=3452] [2026.05.13-10.25.31:841][  0]LogD3D11RHI:     VendorId    : 10de
[2026-05-13T03:25:31.8419779-07:00] [pid=3452] [2026.05.13-10.25.31:841][  0]LogD3D11RHI:     DeviceId    : 28e0
[2026-05-13T03:25:31.8419779-07:00] [pid=3452] [2026.05.13-10.25.31:841][  0]LogD3D11RHI:     SubSysId    : bf81028
[2026-05-13T03:25:31.8419779-07:00] [pid=3452] [2026.05.13-10.25.31:841][  0]LogD3D11RHI:     Revision    : 00a1
[2026-05-13T03:25:31.8419779-07:00] [pid=3452] [2026.05.13-10.25.31:841][  0]LogD3D11RHI:     DedicatedVideoMemory : 8343519232 bytes
[2026-05-13T03:25:31.8419779-07:00] [pid=3452] [2026.05.13-10.25.31:841][  0]LogD3D11RHI:     DedicatedSystemMemory : 0 bytes
[2026-05-13T03:25:31.8419779-07:00] [pid=3452] [2026.05.13-10.25.31:841][  0]LogD3D11RHI:     SharedSystemMemory : 8424628224 bytes
[2026-05-13T03:25:31.8419779-07:00] [pid=3452] [2026.05.13-10.25.31:841][  0]LogD3D11RHI:     AdapterLuid : 0 72942
[2026-05-13T03:25:31.9531899-07:00] [pid=3452] [2026.05.13-10.25.31:953][  0]LogD3D11RHI: RHI has support for 64 bit atomics
[2026-05-13T03:25:31.9541898-07:00] [pid=3452] [2026.05.13-10.25.31:954][  0]LogD3D11RHI: Async texture creation enabled
[2026-05-13T03:25:31.9541898-07:00] [pid=3452] [2026.05.13-10.25.31:954][  0]LogD3D11RHI: Array index from any shader is supported
[2026-05-13T03:25:31.9752357-07:00] [pid=3452] [2026.05.13-10.25.31:975][  0]LogD3D11RHI: GPU Timing Frequency: 1000.000000 (Debug: 2 1)
[2026-05-13T03:25:32.0023798-07:00] [pid=3452] [2026.05.13-10.25.32:002][  0]LogRHI: GeForceNow SDK initialized: 1
[2026-05-13T03:25:32.1341661-07:00] [pid=24380] [2026.05.13-10.25.32:134][144]LogRunningAppService: Display: New foreground process [3452] C:/Program Files/Epic Games/UE_4.27/Engine/Binaries/Win64/UE4Editor.exe for app C:/Program Files/Epic Games/UE_4.27/
[2026-05-13T03:25:32.1351654-07:00] [pid=24380] [2026.05.13-10.25.32:134][144]LogRunningAppService: Display: New foreground process [25260] C:/Program Files/Epic Games/UE_4.27/Engine/Binaries/Win64/CrashReportClientEditor.exe for app C:/Program Files/Epic Games/UE_4.27/
[2026-05-13T03:25:32.1351654-07:00] [pid=24380] [2026.05.13-10.25.32:135][144]LogRunningAppService: Display: New foreground process [28056] C:/Program Files/Epic Games/UE_4.27/Engine/Binaries/DotNET/UnrealBuildTool.exe for app C:/Program Files/Epic Games/UE_4.27/
[2026-05-13T03:25:32.1351654-07:00] [pid=24380] [2026.05.13-10.25.32:135][144]LogRunningAppService: Display: New foreground app C:/Program Files/Epic Games/UE_4.27/
[2026-05-13T03:25:32.1351654-07:00] [pid=24380] [2026.05.13-10.25.32:135][144]LogRunningAppPresenceHandler: Display: Setting override presence for C:/Program Files/Epic Games/UE_4.27/ (PresenceId=ue)
[2026-05-13T03:25:32.1868226-07:00] [pid=28056] MacPlatformFactory.RegisterBuildPlatforms: UnrealBuildTool.MacPlatformSDK using manually installed SDK
[2026-05-13T03:25:32.1978664-07:00] [pid=28056] TVOSPlatformFactory.RegisterBuildPlatforms: UnrealBuildTool.IOSPlatformSDK has no valid SDK
[2026-05-13T03:25:32.1998667-07:00] [pid=28056] AndroidPlatformFactory.RegisterBuildPlatforms: UnrealBuildTool.AndroidPlatformSDK has no valid SDK
[2026-05-13T03:25:32.2013772-07:00] [pid=28056] HoloLensPlatformFactory.RegisterBuildPlatforms: UnrealBuildTool.HoloLensPlatformSDK using manually installed SDK
[2026-05-13T03:25:32.2033830-07:00] [pid=28056] IOSPlatformFactory.RegisterBuildPlatforms: UnrealBuildTool.IOSPlatformSDK has no valid SDK
[2026-05-13T03:25:32.2053827-07:00] [pid=28056] LinuxPlatformFactory.RegisterBuildPlatforms: UnrealBuildTool.LinuxPlatformSDK has no valid SDK
[2026-05-13T03:25:32.2068889-07:00] [pid=28056] LuminSDKVersionHelper.HasAnySDK: *** Unable to determine MLSDK location ***
[2026-05-13T03:25:32.2068889-07:00] [pid=28056] LuminSDKVersionHelper.HasAnySDK: *** Unable to determine MLSDK location ***
[2026-05-13T03:25:32.2068889-07:00] [pid=28056] LuminPlatformFactory.RegisterBuildPlatforms: UnrealBuildTool.LuminPlatformSDK has no valid SDK
[2026-05-13T03:25:32.2079126-07:00] [pid=28056] WindowsPlatformFactory.RegisterBuildPlatforms: UnrealBuildTool.WindowsPlatformSDK using manually installed SDK
[2026-05-13T03:25:32.2134307-07:00] [pid=28056] ValidatePlatformsMode.Execute: ##PlatformValidate: Win32 VALID
[2026-05-13T03:25:32.2134307-07:00] [pid=28056] ValidatePlatformsMode.Execute: ##PlatformValidate: Win64 VALID
[2026-05-13T03:25:32.2134307-07:00] [pid=28056] ValidatePlatformsMode.Execute: ##PlatformValidate: HoloLens VALID
[2026-05-13T03:25:32.2134307-07:00] [pid=28056] ValidatePlatformsMode.Execute: ##PlatformValidate: Mac VALID
[2026-05-13T03:25:32.2134307-07:00] [pid=28056] ValidatePlatformsMode.Execute: ##PlatformValidate: XboxOne INVALID
[2026-05-13T03:25:32.2134307-07:00] [pid=28056] ValidatePlatformsMode.Execute: ##PlatformValidate: PS4 INVALID
[2026-05-13T03:25:32.2144299-07:00] [pid=28056] ValidatePlatformsMode.Execute: ##PlatformValidate: IOS INVALID
[2026-05-13T03:25:32.2144299-07:00] [pid=28056] ValidatePlatformsMode.Execute: ##PlatformValidate: Android INVALID
[2026-05-13T03:25:32.2144299-07:00] [pid=28056] ValidatePlatformsMode.Execute: ##PlatformValidate: HTML5 INVALID
[2026-05-13T03:25:32.2144299-07:00] [pid=28056] ValidatePlatformsMode.Execute: ##PlatformValidate: Linux INVALID
[2026-05-13T03:25:32.2144299-07:00] [pid=28056] ValidatePlatformsMode.Execute: ##PlatformValidate: LinuxAArch64 INVALID
[2026-05-13T03:25:32.2144299-07:00] [pid=28056] ValidatePlatformsMode.Execute: ##PlatformValidate: AllDesktop INVALID
[2026-05-13T03:25:32.2144299-07:00] [pid=28056] ValidatePlatformsMode.Execute: ##PlatformValidate: TVOS INVALID
[2026-05-13T03:25:32.2144299-07:00] [pid=28056] ValidatePlatformsMode.Execute: ##PlatformValidate: Switch INVALID
[2026-05-13T03:25:32.2144299-07:00] [pid=28056] ValidatePlatformsMode.Execute: ##PlatformValidate: Lumin INVALID
[2026-05-13T03:25:32.2164297-07:00] [pid=28056] Timeline.Print: Timeline:
[2026-05-13T03:25:32.2164297-07:00] [pid=28056] Timeline.Print: 
[2026-05-13T03:25:32.2174321-07:00] [pid=28056] Timeline.Print: [ 0.000]
[2026-05-13T03:25:32.2184322-07:00] [pid=28056] Timeline.Print: [ 0.015](+0.068) XmlConfig.ReadConfigFiles()
[2026-05-13T03:25:32.2184322-07:00] [pid=28056] Timeline.Print: [ 0.083](+0.000) SingleInstanceMutex.Acquire()
[2026-05-13T03:25:32.2184322-07:00] [pid=28056] Timeline.Print: [ 0.083](+0.049) UEBuildPlatform.RegisterPlatforms()
[2026-05-13T03:25:32.2184322-07:00] [pid=28056] Timeline.Print:   0.084          [ 0.000](+0.022) Initializing InstalledPlatformInfo
[2026-05-13T03:25:32.2184322-07:00] [pid=28056] Timeline.Print:   0.106          [ 0.023](+0.000) Querying types
[2026-05-13T03:25:32.2184322-07:00] [pid=28056] Timeline.Print:   0.107          [ 0.024](+0.011) MacPlatformFactory
[2026-05-13T03:25:32.2184322-07:00] [pid=28056] Timeline.Print:   0.120          [ 0.036](+0.003) TVOSPlatformFactory
[2026-05-13T03:25:32.2184322-07:00] [pid=28056] Timeline.Print:   0.123          [ 0.040](+0.002) AndroidPlatformFactory
[2026-05-13T03:25:32.2184322-07:00] [pid=28056] Timeline.Print:   0.125          [ 0.042](+0.001) HoloLensPlatformFactory
[2026-05-13T03:25:32.2194321-07:00] [pid=28056] Timeline.Print:   0.126          [ 0.043](+0.001) IOSPlatformFactory
[2026-05-13T03:25:32.2194321-07:00] [pid=28056] Timeline.Print:   0.128          [ 0.045](+0.002) LinuxPlatformFactory
[2026-05-13T03:25:32.2194321-07:00] [pid=28056] Timeline.Print:   0.131          [ 0.047](+0.001) LuminPlatformFactory
[2026-05-13T03:25:32.2194321-07:00] [pid=28056] Timeline.Print:   0.132          [ 0.049](+0.000) WindowsPlatformFactory
[2026-05-13T03:25:32.2194321-07:00] [pid=28056] Timeline.Print: [ 0.140](+0.000) FileMetadataPrefetch.Stop()
[2026-05-13T03:25:32.2194321-07:00] [pid=28056] Timeline.Print: [ 0.142]
[2026-05-13T03:25:32.2464838-07:00] [pid=3452] [2026.05.13-10.25.32:246][  0]LogTargetPlatformManager: Display: Loaded TargetPlatform 'WindowsNoEditor'
[2026-05-13T03:25:32.2505035-07:00] [pid=3452] [2026.05.13-10.25.32:249][  0]LogTargetPlatformManager: Display: Loaded TargetPlatform 'Windows'
[2026-05-13T03:25:32.2535073-07:00] [pid=3452] [2026.05.13-10.25.32:253][  0]LogTargetPlatformManager: Display: Loaded TargetPlatform 'WindowsClient'
[2026-05-13T03:25:32.2570127-07:00] [pid=3452] [2026.05.13-10.25.32:257][  0]LogTargetPlatformManager: Display: Loaded TargetPlatform 'WindowsServer'
[2026-05-13T03:25:32.2570127-07:00] [pid=3452] [2026.05.13-10.25.32:257][  0]LogTargetPlatformManager: Display: Building Assets For Windows
[2026-05-13T03:25:32.2625285-07:00] [pid=3452] [2026.05.13-10.25.32:262][  0]LogAudioDebug: Display: Lib vorbis DLL was dynamically loaded.
[2026-05-13T03:25:32.2875863-07:00] [pid=3452] [2026.05.13-10.25.32:287][  0]LogTextureFormatOodle: Display: Oodle Texture 2.9.0 init RDO Off
[2026-05-13T03:25:32.3111722-07:00] [pid=3452] [2026.05.13-10.25.32:311][  0]LogRendererCore: Ray tracing is disabled. Reason: r.RayTracing=0.
[2026-05-13T03:25:32.3121774-07:00] [pid=3452] [2026.05.13-10.25.32:311][  0]LogShaderCompilers: Guid format shader working directory is -25 characters bigger than the processId version (../../../../../../Users/kapil/OneDrive/Documents/Unreal Projects/testTP/Intermediate/Shaders/WorkingDirectory/3452/).
[2026-05-13T03:25:32.3121774-07:00] [pid=3452] [2026.05.13-10.25.32:312][  0]LogShaderCompilers: Cleaned the shader compiler working directory 'C:/Users/kapil/AppData/Local/Temp/UnrealShaderWorkingDir/D7F14B8D4A772E030012A4A2180ADE14/'.
[2026-05-13T03:25:32.3121774-07:00] [pid=3452] [2026.05.13-10.25.32:312][  0]LogXGEController: Cannot use XGE Controller as Incredibuild is not installed on this machine.
[2026-05-13T03:25:32.3121774-07:00] [pid=3452] [2026.05.13-10.25.32:312][  0]LogShaderCompilers: Cannot use XGE Shader Compiler as Incredibuild is not installed on this machine.
[2026-05-13T03:25:32.3121774-07:00] [pid=3452] [2026.05.13-10.25.32:312][  0]LogShaderCompilers: Display: Using Local Shader Compiler.
[2026-05-13T03:25:32.4153653-07:00] [pid=24380] [2026.05.13-10.25.32:415][150]LogRunningAppService: Display: Dead foreground process [28056] C:/Program Files/Epic Games/UE_4.27/Engine/Binaries/DotNET/UnrealBuildTool.exe for app C:/Program Files/Epic Games/UE_4.27/
[2026-05-13T03:25:32.8739635-07:00] [pid=3452] [2026.05.13-10.25.32:873][  0]LogDerivedDataCache: Display: Max Cache Size: 512 MB
[2026-05-13T03:25:32.9276834-07:00] [pid=3452] [2026.05.13-10.25.32:927][  0]LogDerivedDataCache: Loaded boot cache 0.05s 78MB C:/Users/kapil/AppData/Local/UnrealEngine/4.27/DerivedDataCache/Boot.ddc.
[2026-05-13T03:25:32.9276834-07:00] [pid=3452] [2026.05.13-10.25.32:927][  0]LogDerivedDataCache: Display: Loaded Boot cache: C:/Users/kapil/AppData/Local/UnrealEngine/4.27/DerivedDataCache/Boot.ddc
[2026-05-13T03:25:32.9276834-07:00] [pid=3452] [2026.05.13-10.25.32:927][  0]LogDerivedDataCache: FDerivedDataBackendGraph:  Pak pak cache file ../../../../../../Users/kapil/OneDrive/Documents/Unreal Projects/testTP/DerivedDataCache/DDC.ddp not found, will not use a pak cache.
[2026-05-13T03:25:32.9276834-07:00] [pid=3452] [2026.05.13-10.25.32:927][  0]LogDerivedDataCache: Unable to find inner node Pak for hierarchical cache Hierarchy.
[2026-05-13T03:25:32.9276834-07:00] [pid=3452] [2026.05.13-10.25.32:927][  0]LogDerivedDataCache: FDerivedDataBackendGraph:  CompressedPak pak cache file ../../../../../../Users/kapil/OneDrive/Documents/Unreal Projects/testTP/DerivedDataCache/Compressed.ddp not found, will not use a pak cache.
[2026-05-13T03:25:32.9276834-07:00] [pid=3452] [2026.05.13-10.25.32:927][  0]LogDerivedDataCache: Unable to find inner node CompressedPak for hierarchical cache Hierarchy.
[2026-05-13T03:25:32.9412232-07:00] [pid=3452] [2026.05.13-10.25.32:941][  0]LogDerivedDataCache: Display: Pak cache opened for reading ../../../Engine/DerivedDataCache/Compressed.ddp.
[2026-05-13T03:25:32.9412232-07:00] [pid=3452] [2026.05.13-10.25.32:941][  0]LogDerivedDataCache: FDerivedDataBackendGraph:  EnterprisePak pak cache file ../../../Enterprise/DerivedDataCache/Compressed.ddp not found, will not use a pak cache.
[2026-05-13T03:25:32.9412232-07:00] [pid=3452] [2026.05.13-10.25.32:941][  0]LogDerivedDataCache: Unable to find inner node EnterprisePak for hierarchical cache Hierarchy.
[2026-05-13T03:25:32.9467340-07:00] [pid=3452] [2026.05.13-10.25.32:946][  0]LogDerivedDataCache: Speed tests for C:/Users/kapil/AppData/Local/UnrealEngine/Common/DerivedDataCache took 0.01 seconds
[2026-05-13T03:25:32.9467340-07:00] [pid=3452] [2026.05.13-10.25.32:946][  0]LogDerivedDataCache: Display: Performance to C:/Users/kapil/AppData/Local/UnrealEngine/Common/DerivedDataCache: Latency=0.02ms. RandomReadSpeed=1429.41MBs, RandomWriteSpeed=200.80MBs. Assigned SpeedClass 'Local'
[2026-05-13T03:25:32.9477435-07:00] [pid=3452] [2026.05.13-10.25.32:947][  0]LogDerivedDataCache: Using Local data cache path C:/Users/kapil/AppData/Local/UnrealEngine/Common/DerivedDataCache: Writable
[2026-05-13T03:25:32.9487419-07:00] [pid=3452] [2026.05.13-10.25.32:947][  0]LogDerivedDataCache: Shared data cache path not found in *engine.ini, will not use an Shared cache.
[2026-05-13T03:25:32.9487419-07:00] [pid=3452] [2026.05.13-10.25.32:947][  0]LogDerivedDataCache: Unable to find inner node Shared for hierarchical cache Hierarchy.
[2026-05-13T03:25:32.9742943-07:00] [pid=3452] [2026.05.13-10.25.32:974][  0]LogSlate: Using FreeType 2.10.0
[2026-05-13T03:25:32.9742943-07:00] [pid=3452] [2026.05.13-10.25.32:974][  0]LogSlate: SlateFontServices - WITH_FREETYPE: 1, WITH_HARFBUZZ: 1
[2026-05-13T03:25:33.0139162-07:00] [pid=3452] [2026.05.13-10.25.33:013][  0]LogInit: Using OS detected language (en-US).
[2026-05-13T03:25:33.0139162-07:00] [pid=3452] [2026.05.13-10.25.33:013][  0]LogInit: Using OS detected locale (en-US).
[2026-05-13T03:25:33.0149235-07:00] [pid=3452] [2026.05.13-10.25.33:013][  0]LogTextLocalizationManager: No localization for 'en-US' exists, so 'en' will be used for the language.
[2026-05-13T03:25:33.0149235-07:00] [pid=3452] [2026.05.13-10.25.33:013][  0]LogTextLocalizationManager: No localization for 'en-US' exists, so 'en' will be used for the locale.
[2026-05-13T03:25:33.0149235-07:00] [pid=3452] [2026.05.13-10.25.33:014][  0]LogSlate: FontCache flush requested. Reason: Culture for localization was changed
[2026-05-13T03:25:33.0149235-07:00] [pid=3452] [2026.05.13-10.25.33:014][  0]LogSlate: FontCache flush requested. Reason: Culture for localization was changed
[2026-05-13T03:25:33.0164287-07:00] [pid=3452] [2026.05.13-10.25.33:016][  0]LogTextLocalizationManager: Compacting localization data took   0.00ms
[2026-05-13T03:25:33.0164287-07:00] [pid=3452] [2026.05.13-10.25.33:016][  0]LogAssetRegistry: FAssetRegistry took 0.0013 seconds to start up
[2026-05-13T03:25:33.1553408-07:00] [pid=3452] [2026.05.13-10.25.33:155][  0]LogPackageLocalizationCache: Processed 28 localized package path(s) for 1 prioritized culture(s) in 0.026906 seconds
[2026-05-13T03:25:33.2019641-07:00] [pid=3452] [2026.05.13-10.25.33:201][  0]LogInit: Selected Device Profile: [Windows]
[2026-05-13T03:25:33.2029640-07:00] [pid=3452] [2026.05.13-10.25.33:201][  0]LogInit: Active device profile: [000001729C37B700][000001728074E200 49] Windows
[2026-05-13T03:25:33.2029640-07:00] [pid=3452] [2026.05.13-10.25.33:202][  0]LogInit: Profiles: [000001729C37B700][000001728074E200 49] Windows, [000001729C330B00][0000017296A46380 49] WindowsNoEditor, [000001729C378B00][0000017296A4A500 49] WindowsServer, [000001729C332E00][0000017296A4E680 49] WindowsClient, [000001729C37AD00][0000017296A52800 49] IOS, [000001729C331500][0000017296A56980 49] iPadAir, [000001729C379400][0000017296A5AB00 49] iPadAir2, [000001729C2DBC00][0000017296A62DC0 49] IPadPro, [000001729C2DBD00][0000017296A5EE00 49] iPadAir3, [000001729C37A600][0000017296A66F80 49] iPadAir4, [000001729C2D9000][0000017296A6B100 49] iPadMini2, [000001729C379900][0000017296A6F280 49] iPadMini3, [000001729C2DA800][0000017296A73400 49] iPadMini4, [000001729C378200][0000017280753540 49] iPadMini5, [000001729C31F500][0000017294B47780 49] iPhone6, [000001729C31F600][0000017294B437C0 49] iPodTouch6, [000001729C2D8100][0000017294B53A40 49] iPhone7, [000001729C2D9100][0000017294B4BA80 49] iPodTouch7, [000001729C31CF00][0000017294B57C00 49] iPhone5S, [000001729C2DA900][0000017294B5A200 49] iPhone6Plus, [000001729C31E900][0000017294B5E380 49] iPhone6S, [000001729C2DBA00][0000017294B62500 49] iPhone6SPlus, [000001729C31D800][0000017294B66680 49] iPhone7Plus, [000001729C2D8900][0000017294B6A800 49] iPhoneSE, [000001729C31C900][0000017294B6E980 49] iPhone8, [000001729C2DB000][0000017294B72B00 49] iPhone8Plus, [000001729C31F100][0000017294B76C80 49] iPhoneX, [000001729C2DA100][0000017294784E00 49] iPhoneXS, [000001729C31C100][0000017294788F80 49] iPhoneXSMax, [000001729C2DB500][000001729478D100 49] iPhoneXR, [000001729C31C700][0000017294791280 49] iPhone11, [000001729C2DB200][0000017294795400 49] iPhone11Pro, [000001729C31CC00][0000017294799580 49] iPhone11ProMax, [000001729C2DAC00][0000017294B4F6C0 49] iPhoneSE2, [000001729C31ED00][000001729479D800 49] iPhone12Mini, [000001729C2DB800][00000172947A1940 49] iPhone12, [000001729C31FD00][00000172947A5A80 49] iPhone12Pro, [000001729C2D8E00][00000172947ADC00 49] iPhone12ProMax, [000001729C31D400][00000172947B0200 49] iPadPro105, [000001729C2D9700][00000172947B4380 49] iPadPro129, [000001729C31EC00][00000172947B8500 49] iPadPro97, [000001729C2D9C00][00000172947BC680 49] iPadPro2_129, [000001729C31D000][00000172947C0800 49] iPad5, [000001729C2DAF00][00000172947C4980 49] iPad6, [000001729C31D700][00000172947C8B00 49] iPad7, [000001729C2DAA00][00000172947CCC80 49] iPad8, [000001729C31E800][000001729CC94E00 49] iPadPro11, [000001729C2D9900][000001729CC98F80 49] iPadPro2_11, [000001729C31F400][000001729CC9D100 49] iPadPro3_129, [000001729C2DA400][000001729CCA1280 49] iPadPro4_129, [000001729C31D200][000001729CCA5400 49] AppleTV, [000001729C2DA000][000001729CCA9580 49] AppleTV4K, [000001729C31D900][000001729CCAD700 49] TVOS, [000001729C2D8300][000001729CCB1880 49] Mac, [000001729C31C500][00000172947A99C0 49] MacClient, [000001729C2D8D00][000001729CCB5B00 49] MacNoEditor, [000001729C31D500][000001729CCB80C0 49] MacServer, [000001729C2DB700][000001729CCC0240 49] Linux, [000001729C31F200][000001729CCC43C0 49] LinuxAArch64, [000001729C2D9B00][000001729CCC8540 49] LinuxNoEditor, [000001729C332800][000001729CCCC6C0 49] LinuxAArch64NoEditor, [000001729C3B0F00][000001729CCD0840 49] LinuxClient, [000001729C333500][000001729CCD49C0 49] LinuxAArch64Client, [000001729C3B1F00][000001729CCD8B40 49] LinuxServer, [000001729C331A00][000001729CCDCCC0 49] LinuxAArch64Server, [000001729C3B0800][000001729CCE0E40 49] Android, [000001729C330800][000001729CCE4FC0 49] Android_Low, [000001729C3B1600][000001729CCE9140 49] Android_Mid, [000001729C333900][000001729CCED2C0 49] Android_High, [000001729C3B1700][000001729CCF1440 49] Android_Default, [000001729C331800][000001729CCF55C0 49] Android_Adreno4xx, [000001729C3B1C00][000001729CCF9740 49] Android_Adreno5xx_Low, [000001729C331400][000001729CCFD8C0 49] Android_Adreno5xx, [000001729C3B0200][000001729CD01A40 49] Android_Adreno6xx, [000001729C330400][000001729CCBDB80 49] Android_Adreno6xx_Vulkan, [000001729C3B2A00][000001729CD04140 49] Android_Mali_T6xx, [000001729C331B00][000001729CD08280 49] Android_Mali_T7xx, [
[2026-05-13T03:25:33.2029640-07:00] [pid=3452] 000001729C3B0900][000001729CD0C3C0 49] Android_Mali_T8xx, [000001729C333600][000001729CD14540 49] Android_Mali_G71, [000001729C3B2500][000001729CD186C0 49] Android_Mali_G72, [000001729C332300][000001729CD1C840 49] Android_Mali_G72_Vulkan, [000001729C3B2900][000001729CD209C0 49] Android_Mali_G76, [000001729C330E00][000001729CD24B40 49] Android_Mali_G76_Vulkan, [000001729C3B1300][000001729CD28CC0 49] Android_Mali_G77, [000001729C2D8500][000001729CD2CE40 49] Android_Mali_G77_Vulkan, [000001729C31FE00][000001729CD30FC0 49] Android_Mali_G78, [000001729C2D8F00][000001729CD35140 49] Android_Mali_G78_Vulkan, [000001729C31E500][000001729CD392C0 49] Android_Mali_G710, [000001729C2D9300][000001729CD3D440 49] Android_Mali_G710_Vulkan, [000001729C3B0700][000001729CD415C0 49] Android_Vulkan_SM5, [000001729C2D9500][000001729CD45740 49] Android_PowerVR_G6xxx, [000001729C3B0300][000001729CD498C0 49] Android_PowerVR_GT7xxx, [000001729C2D9E00][000001729CD4DA40 49] Android_PowerVR_GE8xxx, [000001729C3B1900][000001729CD51BC0 49] Android_PowerVR_GM9xxx, [000001729C2D8200][000001729CD10180 49] Android_PowerVR_GM9xxx_Vulkan, [000001729C3B0500][000001729CD542C0 49] Android_TegraK1, [000001729C2DB100][000001729CD58400 49] Android_Unknown_Vulkan, [000001729C3B1200][000001729CD5C540 49] Lumin, [000001729C2D9600][0000017296C6A6C0 49] Lumin_Desktop, [000001729C3B1100][0000017296C6E840 49] HoloLens, 
[2026-05-13T03:25:33.2365601-07:00] [pid=3452] [2026.05.13-10.25.33:235][  0]LogMeshReduction: Using QuadricMeshReduction for automatic static mesh reduction
[2026-05-13T03:25:33.2365601-07:00] [pid=3452] [2026.05.13-10.25.33:236][  0]LogMeshReduction: Using SimplygonMeshReduction for automatic skeletal mesh reduction
[2026-05-13T03:25:33.2365601-07:00] [pid=3452] [2026.05.13-10.25.33:236][  0]LogMeshReduction: Using ProxyLODMeshReduction for automatic mesh merging
[2026-05-13T03:25:33.2365601-07:00] [pid=3452] [2026.05.13-10.25.33:236][  0]LogMeshReduction: No distributed automatic mesh merging module available
[2026-05-13T03:25:33.2365601-07:00] [pid=3452] [2026.05.13-10.25.33:236][  0]LogMeshMerging: No distributed automatic mesh merging module available
[2026-05-13T03:25:33.3142393-07:00] [pid=3452] [2026.05.13-10.25.33:314][  0]LogNetVersion: testTP 1.0.0, NetCL: 17155196, EngineNetVer: 17, GameNetVer: 0 (Checksum: 3966549976)
[2026-05-13T03:25:33.5824078-07:00] [pid=3452] [2026.05.13-10.25.33:581][  0]LogTexture: Default maximum texture size for cubemaps generated from long-lat sources has been changed from 512 to unlimited. In order to preserve old behaiour for '/Engine/MapTemplates/Sky/DaylightAmbientCubemap.DaylightAmbientCubemap', its maximum texture size has been explicitly set to 512.
[2026-05-13T03:25:33.6553140-07:00] [pid=3452] [2026.05.13-10.25.33:654][  0]LogHMD: PokeAHoleMaterial loaded successfully
[2026-05-13T03:25:33.7749796-07:00] [pid=3452] [2026.05.13-10.25.33:774][  0]LogMoviePlayer: Initializing movie player
[2026-05-13T03:25:33.8378510-07:00] [pid=3452] [2026.05.13-10.25.33:836][  0]LogNiagaraDebuggerClient: Niagara Debugger Client Initialized | Session: 4EDC6B6D461085225D2B78B68C6C3145 | Instance: 345AEC534632456C1E1033B5F07213A7 (IMMERSEDEMOM5-3452).
[2026-05-13T03:25:33.8655204-07:00] [pid=3452] [2026.05.13-10.25.33:865][  0]LogCollectionManager: Loaded 0 collections in 0.002095 seconds
[2026-05-13T03:25:33.8700264-07:00] [pid=3452] [2026.05.13-10.25.33:870][  0]LogFileCache: Scanning file cache for directory 'C:/Users/kapil/OneDrive/Documents/Unreal Projects/testTP/Saved/Collections/' took 0.00s
[2026-05-13T03:25:33.8700264-07:00] [pid=3452] [2026.05.13-10.25.33:870][  0]LogFileCache: Scanning file cache for directory 'C:/Users/kapil/OneDrive/Documents/Unreal Projects/testTP/Content/Developers/kapil/Collections/' took 0.00s
[2026-05-13T03:25:33.8700264-07:00] [pid=3452] [2026.05.13-10.25.33:870][  0]LogFileCache: Scanning file cache for directory 'C:/Users/kapil/OneDrive/Documents/Unreal Projects/testTP/Content/Collections/' took 0.00s
[2026-05-13T03:25:33.8700264-07:00] [pid=3452] [2026.05.13-10.25.33:870][  0]LogCollectionManager: Fixed up redirectors for 0 collections in 0.000003 seconds (updated 0 objects)
[2026-05-13T03:25:33.8941655-07:00] [pid=3452] [2026.05.13-10.25.33:894][  0]LogPython: Using Python 3.7.7
[2026-05-13T03:25:34.6657868-07:00] [pid=3452] [2026.05.13-10.25.34:665][  0]LogAkAudio: Wwise(R) SDK Version 2019.2.15 Build 7667. Copyright (c) 2006-2019 Audiokinetic Inc.
[2026-05-13T03:25:34.6657868-07:00] [pid=3452] [2026.05.13-10.25.34:665][  0]LogAkAudio: Wwise plug-in DLL path: C:/Users/kapil/OneDrive/Documents/Unreal Projects/testTP/Plugins/Wwise/ThirdParty/x64_vc150/Profile/bin/
[2026-05-13T03:25:34.6677917-07:00] [pid=3452] [2026.05.13-10.25.34:666][  0]LogAkAudio: Wwise remote connection application name: testTP
[2026-05-13T03:25:34.6677917-07:00] [pid=3452] [2026.05.13-10.25.34:667][  0]LogAkAudio: Wwise successfully initialized.
[2026-05-13T03:25:34.6713173-07:00] [pid=3452] <<<_____ ImmerseAudioRenderer _____>>> 
[2026-05-13T03:25:34.6713173-07:00] [pid=3452] RegisterImmerseAudioRendererFX()
[2026-05-13T03:25:34.6713173-07:00] [pid=3452] 
[2026-05-13T03:25:34.6713173-07:00] [pid=3452] <<<_____ ImmerseAudioRenderer _____>>> 
[2026-05-13T03:25:34.6713173-07:00] [pid=3452] CreateImmerseManager
[2026-05-13T03:25:34.6713173-07:00] [pid=3452] 
[2026-05-13T03:25:34.6723299-07:00] [pid=3452] <<<_____ ImmerseAudioRenderer _____>>> 
[2026-05-13T03:25:34.6723299-07:00] [pid=3452] loadAndInitializeImmerseEngine
[2026-05-13T03:25:34.6723299-07:00] [pid=3452] 
[2026-05-13T03:25:34.6753359-07:00] [pid=3452] [EmbodyLOG] May_13_2026 03:25:34.675 line: 457. ___IMMERSEENGINE___ Immerse_SetMemoryInterface inMemoryInterface:0000005782DFDF20 
[2026-05-13T03:25:34.6768501-07:00] [pid=3452] [EmbodyLOG] May_13_2026 03:25:34.676 line: 466. ___IMMERSEENGINE___ Immerse_SetThreadInterface inThreadInterface:0000005782DFDF40 
[2026-05-13T03:25:34.6768501-07:00] [pid=3452] [EmbodyLOG] May_13_2026 03:25:34.677 line: 451. ___IMMERSEENGINE___ Immerse_SetStatusCallback inCallback:00007FFFBFA13D00 inUserData:0000000000000000 
[2026-05-13T03:25:34.6778695-07:00] [pid=3452] [EmbodyLOG] May_13_2026 03:25:34.678 line: 495. ___IMMERSEENGINE___ Immerse_Initialize inImmerseInit:00007FFFBFA463C0 
[2026-05-13T03:25:34.6788680-07:00] [pid=3452] <<<_____ ImmerseAudioRenderer _____>>> 
[2026-05-13T03:25:34.6788680-07:00] [pid=3452] CreateImmerseAudioRendererFXParams()
[2026-05-13T03:25:34.6788680-07:00] [pid=3452] 
[2026-05-13T03:25:34.6788680-07:00] [pid=3452] <<<_____ ImmerseAudioRenderer _____>>> 
[2026-05-13T03:25:34.6788680-07:00] [pid=3452] WwiseFxNullParams::Init()
[2026-05-13T03:25:34.6788680-07:00] [pid=3452] 
[2026-05-13T03:25:34.6798681-07:00] [pid=3452] [2026.05.13-10.25.34:679][  0]LogAkAudio: Initialization complete.
[2026-05-13T03:25:34.6798681-07:00] [pid=3452] [2026.05.13-10.25.34:679][  0]LogInit: Audiokinetic Audio Device initialized.
[2026-05-13T03:25:34.6834019-07:00] [pid=3452] [EmbodyLOG] May_13_2026 03:25:34.683 line: 373. setLocalDataStorePath: C:\ProgramData\Embody\Immerse Audio Renderer\Tencent\ 
[2026-05-13T03:25:34.6834019-07:00] [pid=3452] [EmbodyLOG] May_13_2026 03:25:34.683 line: 143. ImmerseApiHelper: Immerse Api data path set: C:\ProgramData\Embody\Immerse Audio Renderer\Tencent\. 
[2026-05-13T03:25:34.6894011-07:00] [pid=3452] [EmbodyLOG] May_13_2026 03:25:34.689 line: 73. HpeqHeadsetInterface::Init() - failed to find hpeqAssetPath on filesystem! 
[2026-05-13T03:25:34.6899071-07:00] [pid=3452] [EmbodyLOG] May_13_2026 03:25:34.690 line: 867. ImmerseAudioApiImplBase::InitHpeqData() - failed to initialize hpeq asset data! 
[2026-05-13T03:25:34.6909141-07:00] [pid=3452] [EmbodyLOG] May_13_2026 03:25:34.691 line: 535. ImmerseManager::Initialize() - Failed to initialize HPEQ asset data! 
[2026-05-13T03:25:34.6919183-07:00] [pid=3452] [EmbodyLOG] May_13_2026 03:25:34.691 line: 544. ImmerseManager::Initialize() - failed to load head tracker library! 
[2026-05-13T03:25:34.8532384-07:00] [pid=3452] [2026.05.13-10.25.34:853][  0]LogOpenImageDenoise: OIDN starting up
[2026-05-13T03:25:34.8999411-07:00] [pid=3452] [2026.05.13-10.25.34:899][  0]LogAndroidPermission: UAndroidPermissionCallbackProxy::GetInstance
[2026-05-13T03:25:34.9240321-07:00] [pid=3452] [2026.05.13-10.25.34:924][  0]LogAudioCaptureCore: Display: No Audio Capture implementations found. Audio input will be silent.
[2026-05-13T03:25:34.9240321-07:00] [pid=3452] [2026.05.13-10.25.34:924][  0]LogAudioCaptureCore: Display: No Audio Capture implementations found. Audio input will be silent.
[2026-05-13T03:25:34.9823213-07:00] [pid=3452] [2026.05.13-10.25.34:982][  0]SourceControl: Source control is disabled
[2026-05-13T03:25:34.9823213-07:00] [pid=3452] [2026.05.13-10.25.34:982][  0]SourceControl: Source control is disabled
[2026-05-13T03:25:34.9853282-07:00] [pid=3452] [2026.05.13-10.25.34:985][  0]SourceControl: Source control is disabled
[2026-05-13T03:25:34.9888403-07:00] [pid=3452] [2026.05.13-10.25.34:988][  0]LogUProjectInfo: Found projects:
[2026-05-13T03:25:35.0230389-07:00] [pid=3452] [2026.05.13-10.25.35:023][  0]LogOcInput: OculusInput pre-init called
[2026-05-13T03:25:35.0341095-07:00] [pid=3452] [2026.05.13-10.25.35:034][  0]LogUObjectArray: 22857 objects as part of root set at end of initial load.
[2026-05-13T03:25:35.0341095-07:00] [pid=3452] [2026.05.13-10.25.35:034][  0]LogUObjectAllocator: 6232704 out of 0 bytes used by permanent object pool.
[2026-05-13T03:25:35.0341095-07:00] [pid=3452] [2026.05.13-10.25.35:034][  0]LogUObjectArray: CloseDisregardForGC: 0/0 objects in disregard for GC pool
[2026-05-13T03:25:35.0932468-07:00] [pid=3452] [2026.05.13-10.25.35:093][  0]LogClass: Display: EnumProperty FAkExternalSourceInfo::CodecID is not initialized properly. Module:AkAudio File:Classes/AkGameplayTypes.h
[2026-05-13T03:25:35.0942508-07:00] [pid=3452] [2026.05.13-10.25.35:093][  0]LogClass: Warning: ObjectProperty FAkExternalSourceInfo::ExternalSourceAsset is not initialized properly. Module:AkAudio File:Classes/AkGameplayTypes.h
[2026-05-13T03:25:35.0942508-07:00] [pid=3452] [2026.05.13-10.25.35:094][  0]LogClass: Display: IntProperty FAkChannelMask::ChannelMask is not initialized properly. Module:AkAudio File:Classes/AkGameplayTypes.h
[2026-05-13T03:25:35.0942508-07:00] [pid=3452] [2026.05.13-10.25.35:094][  0]LogClass: Display: BoolProperty FAkPS5AdvancedInitializationSettings::bVorbisHwAcceleration is not initialized properly. Module:AkAudio File:Classes/Platforms/AkPlatform_Pellegrino/AkPS5InitializationSettings.h
[2026-05-13T03:25:35.0942508-07:00] [pid=3452] [2026.05.13-10.25.35:094][  0]LogClass: Display: 4 Uninitialized script struct members found including 1 object properties
[2026-05-13T03:25:35.0952467-07:00] [pid=3452] [2026.05.13-10.25.35:095][  0]LogAutomationTest: Warning: ObjectProperty FAkExternalSourceInfo::ExternalSourceAsset is not initialized properly. Module:AkAudio File:Classes/AkGameplayTypes.h
[2026-05-13T03:25:35.0952467-07:00] [pid=3452] [2026.05.13-10.25.35:095][  0]LogEngine: Initializing Engine...
[2026-05-13T03:25:35.1002844-07:00] [pid=3452] Error [GENERAL |  | OpenXR-Loader] : RuntimeManifestFile::FindManifestFiles - failed to find active runtime file in registry
[2026-05-13T03:25:35.1002844-07:00] [pid=3452] Error [GENERAL | xrEnumerateInstanceExtensionProperties | OpenXR-Loader] : RuntimeInterface::LoadRuntimes - unknown error
[2026-05-13T03:25:35.1002844-07:00] [pid=3452] Error [GENERAL | xrEnumerateInstanceExtensionProperties | OpenXR-Loader] : RuntimeInterface::LoadRuntimes - failed to load a runtime
[2026-05-13T03:25:35.1002844-07:00] [pid=3452] Error [GENERAL | xrEnumerateInstanceExtensionProperties | OpenXR-Loader] : Failed to find default runtime with RuntimeInterface::LoadRuntime()
[2026-05-13T03:25:35.1002844-07:00] [pid=3452] Error [GENERAL | xrEnumerateInstanceExtensionProperties | OpenXR-Loader] : Failed querying extension properties
[2026-05-13T03:25:35.1012929-07:00] [pid=3452] [2026.05.13-10.25.35:100][  0]LogHMD: Failed to enumerate extensions. Please check that you have a valid OpenXR runtime installed.
[2026-05-13T03:25:35.1012929-07:00] [pid=3452] [2026.05.13-10.25.35:101][  0]LogHMD: Failed to initialize OpenVR with code 110
[2026-05-13T03:25:35.1012929-07:00] [pid=3452] [2026.05.13-10.25.35:101][  0]LogMagicLeap: Warning: VR disabled because ZI is not enabled.  To enable, in the editor, Edit -> Project Settings -> Plugins -> Magic Leap Plugin -> Enable Zero Iteration
[2026-05-13T03:25:35.1043030-07:00] [pid=3452] [2026.05.13-10.25.35:103][  0]LogStats: UGameplayTagsManager::InitializeManager -  0.000 s
[2026-05-13T03:25:35.2164470-07:00] [pid=3452] [2026.05.13-10.25.35:216][  0]LogInit: Initializing FReadOnlyCVARCache
[2026-05-13T03:25:35.2164470-07:00] [pid=3452] [2026.05.13-10.25.35:216][  0]LogAudio: Display: Initializing Audio Device Manager...
[2026-05-13T03:25:35.2199582-07:00] [pid=3452] [2026.05.13-10.25.35:219][  0]LogAudio: Display: Loading Default Audio Settings Objects...
[2026-05-13T03:25:35.2209806-07:00] [pid=3452] [2026.05.13-10.25.35:220][  0]LogAudio: Display: No default SoundConcurrencyObject specified (or failed to load).
[2026-05-13T03:25:35.2219626-07:00] [pid=3452] [2026.05.13-10.25.35:221][  0]LogAudio: Display: Audio Device Manager Initialized
[2026-05-13T03:25:35.2219626-07:00] [pid=3452] [2026.05.13-10.25.35:221][  0]LogAudio: Display: Creating Audio Device:                 Id: 1, Scope: Shared, Realtime: True
[2026-05-13T03:25:35.2219626-07:00] [pid=3452] [2026.05.13-10.25.35:221][  0]LogAudioMixer: Display: Audio Mixer Platform Settings:
[2026-05-13T03:25:35.2219626-07:00] [pid=3452] [2026.05.13-10.25.35:221][  0]LogAudioMixer: Display: 	Sample Rate:						  48000
[2026-05-13T03:25:35.2219626-07:00] [pid=3452] [2026.05.13-10.25.35:221][  0]LogAudioMixer: Display: 	Callback Buffer Frame Size Requested: 1024
[2026-05-13T03:25:35.2219626-07:00] [pid=3452] [2026.05.13-10.25.35:221][  0]LogAudioMixer: Display: 	Callback Buffer Frame Size To Use:	  1024
[2026-05-13T03:25:35.2219626-07:00] [pid=3452] [2026.05.13-10.25.35:221][  0]LogAudioMixer: Display: 	Number of buffers to queue:			  2
[2026-05-13T03:25:35.2219626-07:00] [pid=3452] [2026.05.13-10.25.35:221][  0]LogAudioMixer: Display: 	Max Channels (voices):				  32
[2026-05-13T03:25:35.2219626-07:00] [pid=3452] [2026.05.13-10.25.35:221][  0]LogAudioMixer: Display: 	Number of Async Source Workers:		  0
[2026-05-13T03:25:35.2229817-07:00] [pid=3452] [2026.05.13-10.25.35:221][  0]LogAudio: Display: AudioDevice MaxSources: 32
[2026-05-13T03:25:35.2229817-07:00] [pid=3452] [2026.05.13-10.25.35:222][  0]LogAudio: Display: Audio Spatialization Plugin: None (built-in).
[2026-05-13T03:25:35.2229817-07:00] [pid=3452] [2026.05.13-10.25.35:222][  0]LogAudio: Display: Audio Reverb Plugin: None (built-in).
[2026-05-13T03:25:35.2229817-07:00] [pid=3452] [2026.05.13-10.25.35:222][  0]LogAudio: Display: Audio Occlusion Plugin: None (built-in).
[2026-05-13T03:25:35.2229817-07:00] [pid=3452] [2026.05.13-10.25.35:222][  0]LogAudioMixer: Display: Initializing audio mixer.
[2026-05-13T03:25:35.2385398-07:00] [pid=3452] [2026.05.13-10.25.35:238][  0]LogAudioMixer: Display: 0: FrontLeft
[2026-05-13T03:25:35.2395333-07:00] [pid=3452] [2026.05.13-10.25.35:238][  0]LogAudioMixer: Display: 1: FrontRight
[2026-05-13T03:25:35.2687408-07:00] [pid=3452] [2026.05.13-10.25.35:268][  0]LogAudioMixer: Display: Using Audio Device Speakers (2- Realtek(R) Audio)
[2026-05-13T03:25:35.2722494-07:00] [pid=3452] [2026.05.13-10.25.35:272][  0]LogAudioMixer: Display: Initializing Sound Submixes...
[2026-05-13T03:25:35.2752520-07:00] [pid=3452] [2026.05.13-10.25.35:275][  0]LogAudioMixer: Display: Creating Master Submix 'MasterSubmixDefault'
[2026-05-13T03:25:35.2752520-07:00] [pid=3452] [2026.05.13-10.25.35:275][  0]LogAudioMixer: Display: Creating Master Submix 'MasterReverbSubmixDefault'
[2026-05-13T03:25:35.2767580-07:00] [pid=3452] [2026.05.13-10.25.35:276][  0]LogAudioMixer: Display: Creating Master Submix 'MasterEQSubmixDefault'
[2026-05-13T03:25:35.2767580-07:00] [pid=3452] [2026.05.13-10.25.35:276][  0]LogAudioMixer: FMixerPlatformXAudio2::StartAudioStream() called
[2026-05-13T03:25:35.2767580-07:00] [pid=3452] [2026.05.13-10.25.35:276][  0]LogAudioMixer: Display: Output buffers initialized: Frames=1024, Channels=2, Samples=2048
[2026-05-13T03:25:35.2787685-07:00] [pid=3452] [2026.05.13-10.25.35:277][  0]LogAudioMixer: Display: Starting AudioMixerPlatformInterface::RunInternal()
[2026-05-13T03:25:35.2787685-07:00] [pid=3452] [2026.05.13-10.25.35:277][  0]LogAudioMixer: Display: FMixerPlatformXAudio2::SubmitBuffer() called for the first time
[2026-05-13T03:25:35.2787685-07:00] [pid=3452] [2026.05.13-10.25.35:278][  0]LogInit: FAudioDevice initialized.
[2026-05-13T03:25:35.2797739-07:00] [pid=3452] [2026.05.13-10.25.35:279][  0]LogNetVersion: Set ProjectVersion to 1.0.0.0. Version Checksum will be recalculated on next use.
[2026-05-13T03:25:35.3376753-07:00] [pid=3452] [2026.05.13-10.25.35:337][  0]LogDerivedDataCache: Saved boot cache 0.06s 78MB C:/Users/kapil/AppData/Local/UnrealEngine/4.27/DerivedDataCache/Boot.ddc.
[2026-05-13T03:25:35.3421799-07:00] [pid=3452] [2026.05.13-10.25.35:342][  0]LogInit: Texture streaming: Enabled
[2026-05-13T03:25:35.3878244-07:00] [pid=3452] [2026.05.13-10.25.35:387][  0]LogAudio: Display: Audio Device (ID: 1) registered with world 'Untitled'.
[2026-05-13T03:25:35.3888241-07:00] [pid=3452] [2026.05.13-10.25.35:387][  0]LogSlate: Updating window title bar state: overlay mode, drag disabled, window buttons hidden, title bar hidden
[2026-05-13T03:25:35.3888241-07:00] [pid=3452] [2026.05.13-10.25.35:388][  0]LogInit: Display: Game Engine Initialized.
[2026-05-13T03:25:35.3888241-07:00] [pid=3452] [2026.05.13-10.25.35:388][  0]LogNiagaraEditor: GEditor isn't valid! Particle reset commands will not work for Niagara components!
[2026-05-13T03:25:35.4711072-07:00] [pid=3452] [2026.05.13-10.25.35:471][  0]LogInit: Display: Starting Game.
[2026-05-13T03:25:35.4711072-07:00] [pid=3452] [2026.05.13-10.25.35:471][  0]LogNet: Browse: /Game/ThirdPersonBP/Maps/ThirdPersonExampleMap?Name=Player
[2026-05-13T03:25:35.4711072-07:00] [pid=3452] [2026.05.13-10.25.35:471][  0]LogLoad: LoadMap: /Game/ThirdPersonBP/Maps/ThirdPersonExampleMap?Name=Player
[2026-05-13T03:25:35.4711072-07:00] [pid=3452] [2026.05.13-10.25.35:471][  0]LogWorld: BeginTearingDown for /Temp/Untitled_0
[2026-05-13T03:25:35.4721136-07:00] [pid=3452] [2026.05.13-10.25.35:472][  0]LogWorld: UWorld::CleanupWorld for Untitled, bSessionEnded=true, bCleanupResources=true
[2026-05-13T03:25:35.4721136-07:00] [pid=3452] [2026.05.13-10.25.35:472][  0]LogSlate: InvalidateAllWidgets triggered.  All widgets were invalidated
[2026-05-13T03:25:35.4786215-07:00] [pid=3452] [2026.05.13-10.25.35:478][  0]LogAudio: Display: Audio Device unregistered from world 'None'.
[2026-05-13T03:25:35.4901669-07:00] [pid=3452] [2026.05.13-10.25.35:490][  0]LogUObjectHash: Compacting FUObjectHashTables data took   0.53ms
[2026-05-13T03:25:35.6665100-07:00] [pid=3452] [2026.05.13-10.25.35:666][  0]LogAudio: Display: Audio Device (ID: 1) registered with world 'ThirdPersonExampleMap'.
[2026-05-13T03:25:35.6720276-07:00] [pid=3452] [2026.05.13-10.25.35:672][  0]LogAIModule: Creating AISystem for world ThirdPersonExampleMap
[2026-05-13T03:25:35.6740269-07:00] [pid=3452] [2026.05.13-10.25.35:674][  0]LogLoad: Game class is 'ThirdPersonGameMode_C'
[2026-05-13T03:25:35.6775560-07:00] [pid=3452] [2026.05.13-10.25.35:677][  0]LogWorld: Bringing World /Game/ThirdPersonBP/Maps/ThirdPersonExampleMap.ThirdPersonExampleMap up for play (max tick rate 0) at 2026.05.13-03.25.35
[2026-05-13T03:25:35.6785563-07:00] [pid=3452] [2026.05.13-10.25.35:677][  0]LogWorld: Bringing up level for play took: 0.003122
[2026-05-13T03:25:35.6800618-07:00] [pid=3452] [2026.05.13-10.25.35:680][  0]LogTemp: Display: [ImmerseStress] Ready. Defaults: event=SwordHits bus=7p1p4 shareset=Immerse_Audio_Renderer_(Custom)
[2026-05-13T03:25:35.6800618-07:00] [pid=3452] [2026.05.13-10.25.35:680][  0]LogTemp: Display: [ImmerseStress] IMMERSE_USER_ID env=kevin_tencenttest1_emb | IMMERSE_USERID= | IMMERSE_USER=
[2026-05-13T03:25:35.6800618-07:00] [pid=3452] [2026.05.13-10.25.35:680][  0]LogTemp: Display: [testTP] Auto-spawned ImmerseStressTestActor into ThirdPersonExampleMap (type=1)
[2026-05-13T03:25:35.6800618-07:00] [pid=3452] [2026.05.13-10.25.35:680][  0]LogLoad: Took 0.209087 seconds to LoadMap(/Game/ThirdPersonBP/Maps/ThirdPersonExampleMap)
[2026-05-13T03:25:35.7077295-07:00] [pid=3452] [2026.05.13-10.25.35:707][  0]LogSlate: Took 0.000171 seconds to synchronously load lazily loaded font '../../../Engine/Content/Slate/Fonts/Roboto-Regular.ttf' (155K)
[2026-05-13T03:25:35.7267709-07:00] [pid=3452] [2026.05.13-10.25.35:726][  0]LogRenderer: Reallocating scene render targets to support 1536x864 Format 10 NumSamples 1 (Frame:1).
[2026-05-13T03:25:35.7267709-07:00] [pid=3452] [2026.05.13-10.25.35:726][  0]LogInit: Display: Engine is initialized. Leaving FEngineLoop::Init()
[2026-05-13T03:25:35.7267709-07:00] [pid=3452] [2026.05.13-10.25.35:726][  0]LogLoad: (Engine Initialization) Total time: 5.22 seconds
[2026-05-13T03:25:35.7267709-07:00] [pid=3452] [2026.05.13-10.25.35:726][  0]LogLoad: (Engine Initialization) Total Blueprint compile time: 0.00 seconds
[2026-05-13T03:25:35.7277778-07:00] [pid=3452] Resizing viewport due to setres change, 1536 x 864
[2026-05-13T03:25:35.7750156-07:00] [pid=3452] [2026.05.13-10.25.35:775][  0]LogContentStreaming: Texture pool size now 1000 MB
[2026-05-13T03:25:35.7785329-07:00] [pid=3452] [2026.05.13-10.25.35:778][  0]LogSlate: InvalidateAllWidgets triggered.  All widgets were invalidated
[2026-05-13T03:25:35.8496978-07:00] [pid=3452] [2026.05.13-10.25.35:849][  0]LogRenderer: Reallocating scene render targets to support 128x128 Format 10 NumSamples 1 (Frame:1).
[2026-05-13T03:25:35.8722683-07:00] [pid=3452] [2026.05.13-10.25.35:872][  0]LogRenderer: Reallocating scene render targets to support 1536x864 Format 10 NumSamples 1 (Frame:2).
[2026-05-13T03:25:35.8878342-07:00] [pid=3452] [2026.05.13-10.25.35:887][  1]LogSlate: Took 0.000157 seconds to synchronously load lazily loaded font '../../../Engine/Content/Slate/Fonts/Roboto-Regular.ttf' (155K)
[2026-05-13T03:25:35.9050822-07:00] [pid=3452] <<<_____ ImmerseAudioRenderer _____>>> 
[2026-05-13T03:25:35.9050822-07:00] [pid=3452] CreateImmerseAudioRendererFX()
[2026-05-13T03:25:35.9050822-07:00] [pid=3452] 
[2026-05-13T03:25:35.9050822-07:00] [pid=3452] <<<_____ ImmerseAudioRenderer _____>>> 
[2026-05-13T03:25:35.9050822-07:00] [pid=3452] Init: this=0000017293530080
[2026-05-13T03:25:35.9050822-07:00] [pid=3452] 
[2026-05-13T03:25:35.9050822-07:00] [pid=3452] <<<_____ ImmerseAudioRenderer _____>>> 
[2026-05-13T03:25:35.9065870-07:00] [pid=3452] Init: success this=0000017293530080 numChannels=36
[2026-05-13T03:25:35.9065870-07:00] [pid=3452] 
[2026-05-13T03:25:35.9065870-07:00] [pid=3452] [EmbodyLOG] May_13_2026 03:25:35.907 line: 738. ___IMMERSEENGINE___ Immerse_CreateAudioProcessor inChannelConfiguration:5 inInitHrirTuning:0 inInitSpeakerPlacement:0 outAudioProcessor:000000578F3DFA30 
[2026-05-13T03:25:35.9075953-07:00] [pid=3452] [EmbodyLOG] May_13_2026 03:25:35.907 line: 251. ImmerseAudioApiImplBase::CreateAudioProcessor: failed to obtain personalized shared decoder kernel - expected behaviour if user is not set! 
[2026-05-13T03:25:35.9276788-07:00] [pid=3452] [EmbodyLOG] May_13_2026 03:25:35.928 line: 376. AudioConfig::GetSHIndices() - invalid channelConfig: 6 
[2026-05-13T03:25:35.9542698-07:00] [pid=3452] [EmbodyLOG] May_13_2026 03:25:35.954 line: 281. AudioConfig::InitializeDecoders: Successfully created shared ambisonic decoder kernel 
[2026-05-13T03:25:35.9567747-07:00] [pid=3452] [EmbodyLOG] May_13_2026 03:25:35.956 line: 269. ImmerseAudioApiImplBase::CreateAudioProcessor: failed to init personalized decoder - expected behaviour if user is not set! 
[2026-05-13T03:25:38.2732541-07:00] [pid=3452] [2026.05.13-10.25.38:273][114]LogTemp: Display: [ImmerseStress] REMOTE_HOLD_v1: waiting for go.flag (../../../../../../Users/kapil/OneDrive/Documents/Unreal Projects/testTP/Saved/ImmerseStress/go.flag) retry=1
[2026-05-13T03:25:39.3747084-07:00] [pid=20000] <<<_____ ImmerseAudioRenderer _____>>> 
[2026-05-13T03:25:39.3747084-07:00] [pid=20000] WwiseFxNullParams::Term()
[2026-05-13T03:25:39.3747084-07:00] [pid=20000] 
[2026-05-13T03:25:39.3836881-07:00] [pid=20000] <<<_____ ImmerseAudioRenderer _____>>> 
[2026-05-13T03:25:39.3836881-07:00] [pid=20000] CreateDestroyImmerseManager
[2026-05-13T03:25:39.3836881-07:00] [pid=20000] 
[2026-05-13T03:25:39.3836881-07:00] [pid=20000] <<<_____ ImmerseAudioRenderer _____>>> 
[2026-05-13T03:25:39.3836881-07:00] [pid=20000] DestroyImmerseManager
[2026-05-13T03:25:39.3836881-07:00] [pid=20000] 
[2026-05-13T03:25:39.4227105-07:00] [pid=3452] <<<_____ ImmerseAudioRenderer _____>>> 
[2026-05-13T03:25:39.4237094-07:00] [pid=3452] RegisterImmerseAudioRendererFX()
[2026-05-13T03:25:39.4237094-07:00] [pid=3452] 
[2026-05-13T03:25:39.4237094-07:00] [pid=3452] <<<_____ ImmerseAudioRenderer _____>>> 
[2026-05-13T03:25:39.4237094-07:00] [pid=3452] CreateImmerseManager
[2026-05-13T03:25:39.4237094-07:00] [pid=3452] 
[2026-05-13T03:25:39.4506993-07:00] [pid=3452] <<<_____ ImmerseAudioRenderer _____>>> 
[2026-05-13T03:25:39.4506993-07:00] [pid=3452] CreateImmerseAudioRendererFXParams()
[2026-05-13T03:25:39.4506993-07:00] [pid=3452] 
[2026-05-13T03:25:39.4506993-07:00] [pid=3452] <<<_____ ImmerseAudioRenderer _____>>> 
[2026-05-13T03:25:39.4506993-07:00] [pid=3452] WwiseFxNullParams::Init()
[2026-05-13T03:25:39.4506993-07:00] [pid=3452] 
[2026-05-13T03:25:39.4506993-07:00] [pid=3452] <<<_____ ImmerseAudioRenderer _____>>> 
[2026-05-13T03:25:39.4517032-07:00] [pid=3452] WwiseFxNullParams::SetParam()
[2026-05-13T03:25:39.4517032-07:00] [pid=3452] 
[2026-05-13T03:25:39.4517032-07:00] [pid=3452] <<<_____ ImmerseAudioRenderer _____>>> 
[2026-05-13T03:25:39.4517032-07:00] [pid=3452] WwiseFxNullParams::SetParam()
[2026-05-13T03:25:39.4517032-07:00] [pid=3452] 
[2026-05-13T03:25:39.4517032-07:00] [pid=3452] <<<_____ ImmerseAudioRenderer _____>>> 
[2026-05-13T03:25:39.4517032-07:00] [pid=3452] WwiseFxNullParams::SetParam()
[2026-05-13T03:25:39.4517032-07:00] [pid=3452] 
[2026-05-13T03:25:39.4517032-07:00] [pid=3452] <<<_____ ImmerseAudioRenderer _____>>> 
[2026-05-13T03:25:39.4517032-07:00] [pid=3452] WwiseFxNullParams::SetParam()
[2026-05-13T03:25:39.4517032-07:00] [pid=3452] 
[2026-05-13T03:25:39.4527081-07:00] [pid=3452] <<<_____ ImmerseAudioRenderer _____>>> 
[2026-05-13T03:25:39.4527081-07:00] [pid=3452] WwiseFxNullParams::SetParam()
[2026-05-13T03:25:39.4527081-07:00] [pid=3452] 
[2026-05-13T03:25:39.4527081-07:00] [pid=3452] <<<_____ ImmerseAudioRenderer _____>>> 
[2026-05-13T03:25:39.4527081-07:00] [pid=3452] WwiseFxNullParams::SetParam()
[2026-05-13T03:25:39.4527081-07:00] [pid=3452] 
[2026-05-13T03:25:39.4537100-07:00] [pid=3452] <<<_____ ImmerseAudioRenderer _____>>> 
[2026-05-13T03:25:39.4537100-07:00] [pid=3452] WwiseFxNullParams::SetParam()
[2026-05-13T03:25:39.4537100-07:00] [pid=3452] 
[2026-05-13T03:25:39.4547080-07:00] [pid=3452] <<<_____ ImmerseAudioRenderer _____>>> 
[2026-05-13T03:25:39.4547080-07:00] [pid=3452] WwiseFxNullParams::SetParam()
[2026-05-13T03:25:39.4547080-07:00] [pid=3452] 
[2026-05-13T03:25:39.4547080-07:00] [pid=3452] <<<_____ ImmerseAudioRenderer _____>>> 
[2026-05-13T03:25:39.4547080-07:00] [pid=3452] WwiseFxNullParams::SetParam()
[2026-05-13T03:25:39.4547080-07:00] [pid=3452] 
[2026-05-13T03:25:39.4547080-07:00] [pid=3452] <<<_____ ImmerseAudioRenderer _____>>> 
[2026-05-13T03:25:39.4547080-07:00] [pid=3452] WwiseFxNullParams::ApplyParam()
[2026-05-13T03:25:39.4547080-07:00] [pid=3452] 
[2026-05-13T03:25:39.4547080-07:00] [pid=3452] [EmbodyLOG] May_13_2026 03:25:39.455 line: 649. ___IMMERSEENGINE___ Immerse_SetUserId inUserId:00000057844FF050 
[2026-05-13T03:25:39.4557100-07:00] [pid=3452] <<<_____ ImmerseAudioRenderer _____>>> 
[2026-05-13T03:25:39.4557100-07:00] [pid=3452] WwiseFxNullParams::ApplyParam()
[2026-05-13T03:25:39.4557100-07:00] [pid=3452] 
[2026-05-13T03:25:39.4557100-07:00] [pid=3452] [EmbodyLOG] May_13_2026 03:25:39.456 line: 673. ___IMMERSEENGINE___ Immerse_EnableImmerse inMode: 0 
[2026-05-13T03:25:39.4567087-07:00] [pid=3452] <<<_____ ImmerseAudioRenderer _____>>> 
[2026-05-13T03:25:39.4567087-07:00] [pid=3452] WwiseFxNullParams::ApplyParam()
[2026-05-13T03:25:39.4567087-07:00] [pid=3452] 
[2026-05-13T03:25:39.4567087-07:00] [pid=3452] [EmbodyLOG] May_13_2026 03:25:39.456 line: 673. ___IMMERSEENGINE___ Immerse_EnableImmerse inMode: 1 
[2026-05-13T03:25:39.4572150-07:00] [pid=3452] [EmbodyLOG] May_13_2026 03:25:39.457 line: 3460. generateWebAppUrl(): userId: kevin_tencenttest1_emb 
[2026-05-13T03:25:39.4572150-07:00] [pid=3452] <<<_____ ImmerseAudioRenderer _____>>> 
[2026-05-13T03:25:39.4572150-07:00] [pid=3452] WwiseFxNullParams::ApplyParam()
[2026-05-13T03:25:39.4572150-07:00] [pid=3452] 
[2026-05-13T03:25:39.4572150-07:00] [pid=3452] [EmbodyLOG] May_13_2026 03:25:39.457 line: 710. ___IMMERSEENGINE___ Immerse_EnableHPEQ inHeadset: 0 
[2026-05-13T03:25:39.4572150-07:00] [pid=3452] <<<_____ ImmerseAudioRenderer _____>>> 
[2026-05-13T03:25:39.4572150-07:00] [pid=3452] WwiseFxNullParams::ApplyParam()
[2026-05-13T03:25:39.4572150-07:00] [pid=3452] 
[2026-05-13T03:25:39.4572150-07:00] [pid=3452] <<<_____ ImmerseAudioRenderer _____>>> 
[2026-05-13T03:25:39.4572150-07:00] [pid=3452] WwiseFxNullParams::ApplyParam()
[2026-05-13T03:25:39.4582205-07:00] [pid=3452] 
[2026-05-13T03:25:39.4582205-07:00] [pid=3452] <<<_____ ImmerseAudioRenderer _____>>> 
[2026-05-13T03:25:39.4582205-07:00] [pid=3452] [EmbodyLOG] May_13_2026 03:25:39.458 line: 759. ___IMMERSEENGINE___ Immerse_SetSpeakerPlacement inSpeakerPlacement:1 
[2026-05-13T03:25:39.4582205-07:00] [pid=3452] WwiseFxNullParams::ApplyParam()
[2026-05-13T03:25:39.4582205-07:00] [pid=3452] 
[2026-05-13T03:25:39.4582205-07:00] [pid=3452] <<<_____ ImmerseAudioRenderer _____>>> 
[2026-05-13T03:25:39.4582205-07:00] [pid=3452] WwiseFxNullParams::ApplyParam()
[2026-05-13T03:25:39.4582205-07:00] [pid=3452] 
[2026-05-13T03:25:39.4582205-07:00] [pid=3452] <<<_____ ImmerseAudioRenderer _____>>> 
[2026-05-13T03:25:39.4582205-07:00] [pid=3452] WwiseFxNullParams::ApplyParam()
[2026-05-13T03:25:39.4582205-07:00] [pid=3452] 
[2026-05-13T03:25:39.4592208-07:00] [pid=3452] [EmbodyLOG] May_13_2026 03:25:39.459 line: 1316. getLocalSessionID for user: kevin_tencenttest1_emb 06756e30dc6941e7b44b3ad365984a2f 
[2026-05-13T03:25:39.4602206-07:00] [pid=3452] [EmbodyLOG] May_13_2026 03:25:39.460 line: 3468. generateWebAppUrl(): Query context user id = kevin_tencenttest1_emb 
[2026-05-13T03:25:39.4607831-07:00] [pid=3452] [EmbodyLOG] May_13_2026 03:25:39.460 line: 1377. constructWebAppUrl: https://u.embodyvr.io/i/9QyEAZ8RZYLJ5XmdoMGdA5rK0_p9qNOQ862wB8Bof0Hilk9Ys96FLw**?q=2h04:en 
[2026-05-13T03:25:39.4607831-07:00] [pid=3452] <<<_____ ImmerseAudioRenderer _____>>> 
[2026-05-13T03:25:39.4607831-07:00] [pid=3452] Term: this=0000017293530080
[2026-05-13T03:25:39.4607831-07:00] [pid=3452] [EmbodyLOG] May_13_2026 03:25:39.461 line: 3483. generateWebAppUrl(): session url is : https://u.embodyvr.io/i/9QyEAZ8RZYLJ5XmdoMGdA5rK0_p9qNOQ862wB8Bof0Hilk9Ys96FLw**?q=2h04:en 
[2026-05-13T03:25:39.4607831-07:00] [pid=3452] 
[2026-05-13T03:25:39.4607831-07:00] [pid=3452] [EmbodyLOG] May_13_2026 03:25:39.461 line: 752. ___IMMERSEENGINE___ Immerse_DestroyAudioProcessor inAudioProcessor:1 
[2026-05-13T03:25:39.4617873-07:00] [pid=3452] <<<_____ ImmerseAudioRenderer _____>>> 
[2026-05-13T03:25:39.4617873-07:00] [pid=3452] WwiseFxNullParams::Term()
[2026-05-13T03:25:39.4617873-07:00] [pid=3452] 
[2026-05-13T03:25:39.4617873-07:00] [pid=3452] <<<_____ ImmerseAudioRenderer _____>>> 
[2026-05-13T03:25:39.4617873-07:00] [pid=3452] CreateImmerseAudioRendererFX()
[2026-05-13T03:25:39.4617873-07:00] [pid=3452] 
[2026-05-13T03:25:39.4617873-07:00] [pid=3452] <<<_____ ImmerseAudioRenderer _____>>> 
[2026-05-13T03:25:39.4617873-07:00] [pid=3452] Init: this=00000172935301C0
[2026-05-13T03:25:39.4617873-07:00] [pid=3452] 
[2026-05-13T03:25:39.4617873-07:00] [pid=3452] <<<_____ ImmerseAudioRenderer _____>>> 
[2026-05-13T03:25:39.4617873-07:00] [pid=3452] Init: success this=00000172935301C0 numChannels=36
[2026-05-13T03:25:39.4617873-07:00] [pid=3452] 
[2026-05-13T03:25:39.4637939-07:00] [pid=3452] <<<_____ ImmerseAudioRenderer _____>>> 
[2026-05-13T03:25:39.4637939-07:00] [pid=3452] Term: this=00000172935301C0
[2026-05-13T03:25:39.4637939-07:00] [pid=3452] 
[2026-05-13T03:25:39.4637939-07:00] [pid=3452] <<<_____ ImmerseAudioRenderer _____>>> 
[2026-05-13T03:25:39.4637939-07:00] [pid=3452] WwiseFxNullParams::Term()
[2026-05-13T03:25:39.4637939-07:00] [pid=3452] 
[2026-05-13T03:25:39.4726990-07:00] [pid=3452] <<<_____ ImmerseAudioRenderer _____>>> 
[2026-05-13T03:25:39.4726990-07:00] [pid=3452] CreateImmerseAudioRendererFX()
[2026-05-13T03:25:39.4726990-07:00] [pid=3452] 
[2026-05-13T03:25:39.4726990-07:00] [pid=3452] <<<_____ ImmerseAudioRenderer _____>>> 
[2026-05-13T03:25:39.4726990-07:00] [pid=3452] Init: this=0000017293530300
[2026-05-13T03:25:39.4726990-07:00] [pid=3452] 
[2026-05-13T03:25:39.4726990-07:00] [pid=3452] <<<_____ ImmerseAudioRenderer _____>>> 
[2026-05-13T03:25:39.4736962-07:00] [pid=3452] Init: success this=0000017293530300 numChannels=36
[2026-05-13T03:25:39.4736962-07:00] [pid=3452] 
[2026-05-13T03:25:39.4746958-07:00] [pid=3452] [EmbodyLOG] May_13_2026 03:25:39.474 line: 738. ___IMMERSEENGINE___ Immerse_CreateAudioProcessor inChannelConfiguration:5 inInitHrirTuning:0 inInitSpeakerPlacement:0 outAudioProcessor:000000578FF5F9A0 
[2026-05-13T03:25:39.4746958-07:00] [pid=3452] [EmbodyLOG] May_13_2026 03:25:39.475 line: 1419. calculateLicenseDaysRemaining(): cached=358, elapsed=0, remaining=358 
[2026-05-13T03:25:39.4756965-07:00] [pid=3452] [EmbodyLOG] May_13_2026 03:25:39.475 line: 251. ImmerseAudioApiImplBase::CreateAudioProcessor: failed to obtain personalized shared decoder kernel - expected behaviour if user is not set! 
[2026-05-13T03:25:39.4772003-07:00] [pid=3452] [EmbodyLOG] May_13_2026 03:25:39.477 line: 269. ImmerseAudioApiImplBase::CreateAudioProcessor: failed to init personalized decoder - expected behaviour if user is not set! 
[2026-05-13T03:25:39.7783328-07:00] [pid=3452] [EmbodyLOG] May_13_2026 03:25:39.778 line: 2042. updateUserData onSetUserId: update user data on set user id 
[2026-05-13T03:25:39.7798374-07:00] [pid=3452] [EmbodyLOG] May_13_2026 03:25:39.779 line: 1316. getLocalSessionID for user: kevin_tencenttest1_emb 06756e30dc6941e7b44b3ad365984a2f 
[2026-05-13T03:25:39.7798374-07:00] [pid=3452] [EmbodyLOG] May_13_2026 03:25:39.780 line: 2060. ImmerseAPI_updateUserData onSetUserId: syncing with server 
[2026-05-13T03:25:39.7818440-07:00] [pid=3452] [EmbodyLOG] May_13_2026 03:25:39.782 line: 1316. getLocalSessionID for user: kevin_tencenttest1_emb 06756e30dc6941e7b44b3ad365984a2f 
[2026-05-13T03:25:39.7833540-07:00] [pid=3452] [EmbodyLOG] May_13_2026 03:25:39.783 line: 3274. getEmbodyData: STATUS_AUTHORIZING StatusCheck session_id: 06756e30dc6941e7b44b3ad365984a2f, immerse_id: v2.2.447, hrtf_id: 1408e0d2eca549feaf2d5631a49ca7d2, img_id: img_1 
[2026-05-13T03:25:39.7833540-07:00] [pid=3452] [EmbodyLOG] May_13_2026 03:25:39.783 line: 3213. usingLocalUserCache: Using local cache for user: SCR license_type: trial, license_days_left: 358, license_expired: 0, isUniversalUser: 0 
[2026-05-13T03:25:39.7833540-07:00] [pid=3452] [EmbodyLOG] May_13_2026 03:25:39.784 line: 3232. updateUMWHPEQSelection() - updated headsetId: 18446744073709551615 
[2026-05-13T03:25:39.7843545-07:00] [pid=3452] [EmbodyLOG] May_13_2026 03:25:39.784 line: 2669. updateUserHRTFData ProfileName set to : Profile_1 
[2026-05-13T03:25:39.7843545-07:00] [pid=3452] [EmbodyLOG] May_13_2026 03:25:39.784 line: 2724. updateUserHRTFData: inside hrtfCallback invocation 
[2026-05-13T03:25:39.7843545-07:00] [pid=3452] [EmbodyLOG] May_13_2026 03:25:39.785 line: 270. LoadHrtfCallback: HRTF loaded 
[2026-05-13T03:25:39.7853534-07:00] [pid=3452] [EmbodyLOG] May_13_2026 03:25:39.785 line: 3354. getEmbodyData: IMMERSE_STATUS::DATA_FINISHED 
[2026-05-13T03:25:40.0864928-07:00] [pid=3452] [EmbodyLOG] May_13_2026 03:25:40.086 line: 416. DecryptMultiSofaData() - v2 numSections=3 hrtfFlags=1 hrtfSectionOffset=971 hrtfSectionSize=1758624 numEntries=4 dataOffset=1039 dataLength=439639 bmapSize=518 fovdSize=361 
[2026-05-13T03:25:40.1410431-07:00] [pid=3452] [EmbodyLOG] May_13_2026 03:25:40.141 line: 447. DecryptMultiSofaData() - decrypt result: Success 
[2026-05-13T03:25:40.1420477-07:00] [pid=3452] [EmbodyLOG] May_13_2026 03:25:40.142 line: 533. AssetManager - BMAP data (518 bytes): {"buses":[{"label":"Extraction","tunings":[{"id":"extraction_tuning_1","label":"Extraction Tuning 1","hrtf_index":0}],"id":"extraction"},{"label":"Warfare","tunings":[{"id":"warfare_tuning_1","label":"Warfare Tuning 1","hrtf_index":1}],"id":"warfare"},{"label":"Campaign","tunings":[{"id":"campaign_tuning_1","label":"Campaign Tuning 1","hrtf_index":2}],"id":"campaign"},{"label":"Voice Chat","tunings":[{"id":"voice_chat_tuning_1","label":"Voice Chat Tuning 1","hrtf_index":3}],"id":"voice_chat"}],"schema_version":1} 
[2026-05-13T03:25:40.1420477-07:00] [pid=3452] [EmbodyLOG] May_13_2026 03:25:40.142 line: 537. AssetManager - FOVD data (361 bytes): {"schema_version":1,"fov_groups":["l/r"],"fov_presets":[{"studio_speaker_angles_idx":[0,1,6,7,8,9,10,11,12,13,14,15,16,17,18],"label":"Narrow","id":"narrow"},{"studio_speaker_angles_idx":[2,3,6,7,8,9,10,11,12,13,14,15,16,17,18],"label":"Default","id":"default"},{"studio_speaker_angles_idx":[4,5,6,7,8,9,10,11,12,13,14,15,16,17,18],"label":"Wide","id":"wide"}]} 
[2026-05-13T03:25:40.1490504-07:00] [pid=3452] [EmbodyLOG] May_13_2026 03:25:40.149 line: 376. AudioConfig::GetSHIndices() - invalid channelConfig: 6 
[2026-05-13T03:25:40.2001085-07:00] [pid=3452] [EmbodyLOG] May_13_2026 03:25:40.200 line: 281. AudioConfig::InitializeDecoders: Successfully created shared ambisonic decoder kernel 
[2026-05-13T03:25:40.2031195-07:00] [pid=3452] [EmbodyLOG] May_13_2026 03:25:40.203 line: 1419. calculateLicenseDaysRemaining(): cached=358, elapsed=0, remaining=358 
[2026-05-13T03:25:40.2041187-07:00] [pid=3452] [EmbodyLOG] May_13_2026 03:25:40.204 line: 1419. calculateLicenseDaysRemaining(): cached=358, elapsed=0, remaining=358 
[2026-05-13T03:25:40.2051190-07:00] [pid=3452] [EmbodyLOG] May_13_2026 03:25:40.205 line: 1316. getLocalSessionID for user: kevin_tencenttest1_emb 06756e30dc6941e7b44b3ad365984a2f 
[2026-05-13T03:25:40.2066246-07:00] [pid=3452] [EmbodyLOG] May_13_2026 03:25:40.206 line: 2576. ImmerseAPI: Too many status checks within the period allowed, returning early 
[2026-05-13T03:25:40.2066246-07:00] [pid=3452] [EmbodyLOG] May_13_2026 03:25:40.207 line: 3232. updateUMWHPEQSelection() - updated headsetId: 18446744073709551615 
[2026-05-13T03:25:40.2076336-07:00] [pid=3452] [EmbodyLOG] May_13_2026 03:25:40.207 line: 1419. calculateLicenseDaysRemaining(): cached=358, elapsed=0, remaining=358 
[2026-05-13T03:25:40.2076336-07:00] [pid=3452] [EmbodyLOG] May_13_2026 03:25:40.208 line: 1304. ImmerseManager::UpdateHpeqHeadset() - HPEQ disabled 
[2026-05-13T03:25:40.2086334-07:00] [pid=3452] [EmbodyLOG] May_13_2026 03:25:40.209 line: 1419. calculateLicenseDaysRemaining(): cached=358, elapsed=0, remaining=358 
[2026-05-13T03:25:45.5587463-07:00] [pid=3452] <<<_____ ImmerseAudioRenderer _____>>> 
[2026-05-13T03:25:45.5587463-07:00] [pid=3452] WwiseFxNullParams::SetParam()
[2026-05-13T03:25:45.5587463-07:00] [pid=3452] 
[2026-05-13T03:25:45.5587463-07:00] [pid=3452] <<<_____ ImmerseAudioRenderer _____>>> 
[2026-05-13T03:25:45.5587463-07:00] [pid=3452] WwiseFxNullParams::ApplyParam()
[2026-05-13T03:25:45.5587463-07:00] [pid=3452] 
[2026-05-13T03:25:45.5587463-07:00] [pid=3452] [EmbodyLOG] May_13_2026 03:25:45.559 line: 673. ___IMMERSEENGINE___ Immerse_EnableImmerse inMode: 1 
[2026-05-13T03:25:45.5597477-07:00] [pid=3452] <<<_____ ImmerseAudioRenderer _____>>> 
[2026-05-13T03:25:45.5597477-07:00] [pid=3452] WwiseFxNullParams::SetParam()
[2026-05-13T03:25:45.5597477-07:00] [pid=3452] 
[2026-05-13T03:25:45.5597477-07:00] [pid=3452] <<<_____ ImmerseAudioRenderer _____>>> 
[2026-05-13T03:25:45.5597477-07:00] [pid=3452] WwiseFxNullParams::ApplyParam()
[2026-05-13T03:25:45.5597477-07:00] [pid=3452] 
[2026-05-13T03:25:45.5597477-07:00] [pid=3452] [EmbodyLOG] May_13_2026 03:25:45.560 line: 673. ___IMMERSEENGINE___ Immerse_EnableImmerse inMode: 1 
[2026-05-13T03:25:45.5612585-07:00] [pid=3452] [EmbodyLOG] May_13_2026 03:25:45.561 line: 1316. getLocalSessionID for user: kevin_tencenttest1_emb 06756e30dc6941e7b44b3ad365984a2f 
[2026-05-13T03:25:45.5612585-07:00] [pid=3452] [EmbodyLOG] May_13_2026 03:25:45.562 line: 3274. getEmbodyData: STATUS_AUTHORIZING StatusCheck session_id: 06756e30dc6941e7b44b3ad365984a2f, immerse_id: v2.2.447, hrtf_id: 1408e0d2eca549feaf2d5631a49ca7d2, img_id: img_1 
[2026-05-13T03:25:45.5622637-07:00] [pid=3452] [EmbodyLOG] May_13_2026 03:25:45.562 line: 3213. usingLocalUserCache: Using local cache for user: SCR license_type: trial, license_days_left: 358, license_expired: 0, isUniversalUser: 0 
[2026-05-13T03:25:45.5622637-07:00] [pid=3452] [EmbodyLOG] May_13_2026 03:25:45.562 line: 3232. updateUMWHPEQSelection() - updated headsetId: 18446744073709551615 
[2026-05-13T03:25:45.5622637-07:00] [pid=3452] [EmbodyLOG] May_13_2026 03:25:45.562 line: 2669. updateUserHRTFData ProfileName set to : Profile_1 
[2026-05-13T03:25:45.5632629-07:00] [pid=3452] [EmbodyLOG] May_13_2026 03:25:45.563 line: 2724. updateUserHRTFData: inside hrtfCallback invocation 
[2026-05-13T03:25:45.5632629-07:00] [pid=3452] [EmbodyLOG] May_13_2026 03:25:45.563 line: 277. LoadHrtfCallback: HRTF already loaded 
[2026-05-13T03:25:45.5632629-07:00] [pid=3452] [EmbodyLOG] May_13_2026 03:25:45.563 line: 3354. getEmbodyData: IMMERSE_STATUS::DATA_FINISHED 
[2026-05-13T03:25:45.5642639-07:00] [pid=3452] [EmbodyLOG] May_13_2026 03:25:45.564 line: 1419. calculateLicenseDaysRemaining(): cached=358, elapsed=0, remaining=358 
[2026-05-13T03:25:45.5652646-07:00] [pid=3452] [EmbodyLOG] May_13_2026 03:25:45.566 line: 1316. getLocalSessionID for user: kevin_tencenttest1_emb 06756e30dc6941e7b44b3ad365984a2f 
[2026-05-13T03:25:45.5675223-07:00] [pid=3452] [EmbodyLOG] May_13_2026 03:25:45.567 line: 2576. ImmerseAPI: Too many status checks within the period allowed, returning early 
[2026-05-13T03:25:45.5675223-07:00] [pid=3452] [EmbodyLOG] May_13_2026 03:25:45.567 line: 3232. updateUMWHPEQSelection() - updated headsetId: 18446744073709551615 
[2026-05-13T03:25:45.5685221-07:00] [pid=3452] [EmbodyLOG] May_13_2026 03:25:45.569 line: 1419. calculateLicenseDaysRemaining(): cached=358, elapsed=0, remaining=358 
[2026-05-13T03:25:45.6888191-07:00] [pid=3452] <<<_____ ImmerseAudioRenderer _____>>> 
[2026-05-13T03:25:45.6888191-07:00] [pid=3452] WwiseFxNullParams::SetParam()
[2026-05-13T03:25:45.6888191-07:00] [pid=3452] 
[2026-05-13T03:25:45.6898197-07:00] [pid=3452] <<<_____ ImmerseAudioRenderer _____>>> 
[2026-05-13T03:25:45.6898197-07:00] [pid=3452] WwiseFxNullParams::ApplyParam()
[2026-05-13T03:25:45.6898197-07:00] [pid=3452] 
[2026-05-13T03:25:45.6898197-07:00] [pid=3452] [EmbodyLOG] May_13_2026 03:25:45.690 line: 673. ___IMMERSEENGINE___ Immerse_EnableImmerse inMode: 0 
[2026-05-13T03:25:45.6903237-07:00] [pid=3452] <<<_____ ImmerseAudioRenderer _____>>> 
[2026-05-13T03:25:45.6903237-07:00] [pid=3452] WwiseFxNullParams::SetParam()
[2026-05-13T03:25:45.6903237-07:00] [pid=3452] 
[2026-05-13T03:25:45.6913306-07:00] [pid=3452] <<<_____ ImmerseAudioRenderer _____>>> 
[2026-05-13T03:25:45.6913306-07:00] [pid=3452] WwiseFxNullParams::ApplyParam()
[2026-05-13T03:25:45.6913306-07:00] [pid=3452] 
[2026-05-13T03:25:45.6913306-07:00] [pid=3452] [EmbodyLOG] May_13_2026 03:25:45.691 line: 673. ___IMMERSEENGINE___ Immerse_EnableImmerse inMode: 0 
[2026-05-13T03:25:45.6913306-07:00] [pid=3452] [EmbodyLOG] May_13_2026 03:25:45.691 line: 1419. calculateLicenseDaysRemaining(): cached=358, elapsed=0, remaining=358 
[2026-05-13T03:25:45.6933374-07:00] [pid=3452] [EmbodyLOG] May_13_2026 03:25:45.693 line: 1419. calculateLicenseDaysRemaining(): cached=358, elapsed=0, remaining=358 
[2026-05-13T03:25:45.7950608-07:00] [pid=3452] <<<_____ ImmerseAudioRenderer _____>>> 
[2026-05-13T03:25:45.7950608-07:00] [pid=3452] WwiseFxNullParams::SetParam()
[2026-05-13T03:25:45.7950608-07:00] [pid=3452] 
[2026-05-13T03:25:45.7950608-07:00] [pid=3452] <<<_____ ImmerseAudioRenderer _____>>> 
[2026-05-13T03:25:45.7965642-07:00] [pid=3452] WwiseFxNullParams::ApplyParam()
[2026-05-13T03:25:45.7965642-07:00] [pid=3452] 
[2026-05-13T03:25:45.7965642-07:00] [pid=3452] [EmbodyLOG] May_13_2026 03:25:45.796 line: 673. ___IMMERSEENGINE___ Immerse_EnableImmerse inMode: 1 
[2026-05-13T03:25:45.7965642-07:00] [pid=3452] <<<_____ ImmerseAudioRenderer _____>>> 
[2026-05-13T03:25:45.7965642-07:00] [pid=3452] WwiseFxNullParams::SetParam()
[2026-05-13T03:25:45.7965642-07:00] [pid=3452] 
[2026-05-13T03:25:45.7965642-07:00] [pid=3452] <<<_____ ImmerseAudioRenderer _____>>> 
[2026-05-13T03:25:45.7965642-07:00] [pid=3452] WwiseFxNullParams::ApplyParam()
[2026-05-13T03:25:45.7965642-07:00] [pid=3452] 
[2026-05-13T03:25:45.7965642-07:00] [pid=3452] [EmbodyLOG] May_13_2026 03:25:45.797 line: 673. ___IMMERSEENGINE___ Immerse_EnableImmerse inMode: 1 
[2026-05-13T03:25:45.7975716-07:00] [pid=3452] [EmbodyLOG] May_13_2026 03:25:45.798 line: 1316. getLocalSessionID for user: kevin_tencenttest1_emb 06756e30dc6941e7b44b3ad365984a2f 
[2026-05-13T03:25:45.7985710-07:00] [pid=3452] [EmbodyLOG] May_13_2026 03:25:45.799 line: 2576. ImmerseAPI: Too many status checks within the period allowed, returning early 
[2026-05-13T03:25:45.7995711-07:00] [pid=3452] [EmbodyLOG] May_13_2026 03:25:45.799 line: 3232. updateUMWHPEQSelection() - updated headsetId: 18446744073709551615 
[2026-05-13T03:25:45.8000753-07:00] [pid=3452] [EmbodyLOG] May_13_2026 03:25:45.800 line: 1419. calculateLicenseDaysRemaining(): cached=358, elapsed=0, remaining=358 
[2026-05-13T03:25:45.8010803-07:00] [pid=3452] [EmbodyLOG] May_13_2026 03:25:45.801 line: 1316. getLocalSessionID for user: kevin_tencenttest1_emb 06756e30dc6941e7b44b3ad365984a2f 
[2026-05-13T03:25:45.8030855-07:00] [pid=3452] [EmbodyLOG] May_13_2026 03:25:45.802 line: 2576. ImmerseAPI: Too many status checks within the period allowed, returning early 
[2026-05-13T03:25:45.8030855-07:00] [pid=3452] [EmbodyLOG] May_13_2026 03:25:45.803 line: 3232. updateUMWHPEQSelection() - updated headsetId: 18446744073709551615 
[2026-05-13T03:25:45.8040847-07:00] [pid=3452] [EmbodyLOG] May_13_2026 03:25:45.804 line: 1419. calculateLicenseDaysRemaining(): cached=358, elapsed=0, remaining=358 
[2026-05-13T03:25:45.9465427-07:00] [pid=3452] <<<_____ ImmerseAudioRenderer _____>>> 
[2026-05-13T03:25:45.9465427-07:00] [pid=3452] WwiseFxNullParams::SetParam()
[2026-05-13T03:25:45.9465427-07:00] [pid=3452] 
[2026-05-13T03:25:45.9465427-07:00] [pid=3452] <<<_____ ImmerseAudioRenderer _____>>> 
[2026-05-13T03:25:45.9465427-07:00] [pid=3452] WwiseFxNullParams::ApplyParam()
[2026-05-13T03:25:45.9475521-07:00] [pid=3452] 
[2026-05-13T03:25:45.9475521-07:00] [pid=3452] [EmbodyLOG] May_13_2026 03:25:45.947 line: 673. ___IMMERSEENGINE___ Immerse_EnableImmerse inMode: 2 
[2026-05-13T03:25:45.9475521-07:00] [pid=3452] <<<_____ ImmerseAudioRenderer _____>>> 
[2026-05-13T03:25:45.9475521-07:00] [pid=3452] WwiseFxNullParams::SetParam()
[2026-05-13T03:25:45.9475521-07:00] [pid=3452] 
[2026-05-13T03:25:45.9475521-07:00] [pid=3452] <<<_____ ImmerseAudioRenderer _____>>> 
[2026-05-13T03:25:45.9475521-07:00] [pid=3452] WwiseFxNullParams::ApplyParam()
[2026-05-13T03:25:45.9475521-07:00] [pid=3452] 
[2026-05-13T03:25:45.9475521-07:00] [pid=3452] [EmbodyLOG] May_13_2026 03:25:45.948 line: 673. ___IMMERSEENGINE___ Immerse_EnableImmerse inMode: 2 
[2026-05-13T03:25:45.9485570-07:00] [pid=3452] [EmbodyLOG] May_13_2026 03:25:45.948 line: 1419. calculateLicenseDaysRemaining(): cached=358, elapsed=0, remaining=358 
[2026-05-13T03:25:45.9495525-07:00] [pid=3452] [EmbodyLOG] May_13_2026 03:25:45.949 line: 1419. calculateLicenseDaysRemaining(): cached=358, elapsed=0, remaining=358 
[2026-05-13T03:25:46.1020164-07:00] [pid=3452] [2026.05.13-10.25.46:102][639]LogAkAudio: Error: Voice Starvation
[2026-05-13T03:25:46.9753047-07:00] [pid=3452] <<<_____ ImmerseAudioRenderer _____>>> 
[2026-05-13T03:25:46.9753047-07:00] [pid=3452] WwiseFxNullParams::SetParam()
[2026-05-13T03:25:46.9753047-07:00] [pid=3452] 
[2026-05-13T03:25:46.9753047-07:00] [pid=3452] <<<_____ ImmerseAudioRenderer _____>>> 
[2026-05-13T03:25:46.9753047-07:00] [pid=3452] WwiseFxNullParams::ApplyParam()
[2026-05-13T03:25:46.9753047-07:00] [pid=3452] 
[2026-05-13T03:25:46.9753047-07:00] [pid=3452] [EmbodyLOG] May_13_2026 03:25:46.976 line: 673. ___IMMERSEENGINE___ Immerse_EnableImmerse inMode: 1 
[2026-05-13T03:25:46.9768091-07:00] [pid=3452] <<<_____ ImmerseAudioRenderer _____>>> 
[2026-05-13T03:25:46.9768091-07:00] [pid=3452] WwiseFxNullParams::SetParam()
[2026-05-13T03:25:46.9768091-07:00] [pid=3452] 
[2026-05-13T03:25:46.9768091-07:00] [pid=3452] <<<_____ ImmerseAudioRenderer _____>>> 
[2026-05-13T03:25:46.9768091-07:00] [pid=3452] WwiseFxNullParams::ApplyParam()
[2026-05-13T03:25:46.9768091-07:00] [pid=3452] 
[2026-05-13T03:25:46.9768091-07:00] [pid=3452] [EmbodyLOG] May_13_2026 03:25:46.977 line: 673. ___IMMERSEENGINE___ Immerse_EnableImmerse inMode: 1 
[2026-05-13T03:25:46.9778181-07:00] [pid=3452] [EmbodyLOG] May_13_2026 03:25:46.978 line: 1316. getLocalSessionID for user: kevin_tencenttest1_emb 06756e30dc6941e7b44b3ad365984a2f 
[2026-05-13T03:25:46.9788242-07:00] [pid=3452] [EmbodyLOG] May_13_2026 03:25:46.979 line: 2576. ImmerseAPI: Too many status checks within the period allowed, returning early 
[2026-05-13T03:25:46.9798172-07:00] [pid=3452] [EmbodyLOG] May_13_2026 03:25:46.979 line: 3232. updateUMWHPEQSelection() - updated headsetId: 18446744073709551615 
[2026-05-13T03:25:46.9803236-07:00] [pid=3452] [EmbodyLOG] May_13_2026 03:25:46.980 line: 1419. calculateLicenseDaysRemaining(): cached=358, elapsed=0, remaining=358 
[2026-05-13T03:25:46.9823365-07:00] [pid=3452] [EmbodyLOG] May_13_2026 03:25:46.982 line: 1316. getLocalSessionID for user: kevin_tencenttest1_emb 06756e30dc6941e7b44b3ad365984a2f 
[2026-05-13T03:25:46.9833372-07:00] [pid=3452] [EmbodyLOG] May_13_2026 03:25:46.984 line: 2576. ImmerseAPI: Too many status checks within the period allowed, returning early 
[2026-05-13T03:25:46.9843352-07:00] [pid=3452] [EmbodyLOG] May_13_2026 03:25:46.984 line: 3232. updateUMWHPEQSelection() - updated headsetId: 18446744073709551615 
[2026-05-13T03:25:46.9853353-07:00] [pid=3452] [EmbodyLOG] May_13_2026 03:25:46.985 line: 1419. calculateLicenseDaysRemaining(): cached=358, elapsed=0, remaining=358 
[2026-05-13T03:25:47.1101073-07:00] [pid=3452] <<<_____ ImmerseAudioRenderer _____>>> 
[2026-05-13T03:25:47.1101073-07:00] [pid=3452] WwiseFxNullParams::SetParam()
[2026-05-13T03:25:47.1101073-07:00] [pid=3452] 
[2026-05-13T03:25:47.1101073-07:00] [pid=3452] <<<_____ ImmerseAudioRenderer _____>>> 
[2026-05-13T03:25:47.1101073-07:00] [pid=3452] WwiseFxNullParams::ApplyParam()
[2026-05-13T03:25:47.1101073-07:00] [pid=3452] 
[2026-05-13T03:25:47.1101073-07:00] [pid=3452] [EmbodyLOG] May_13_2026 03:25:47.110 line: 673. ___IMMERSEENGINE___ Immerse_EnableImmerse inMode: 2 
[2026-05-13T03:25:47.1111130-07:00] [pid=3452] <<<_____ ImmerseAudioRenderer _____>>> 
[2026-05-13T03:25:47.1111130-07:00] [pid=3452] WwiseFxNullParams::SetParam()
[2026-05-13T03:25:47.1111130-07:00] [pid=3452] 
[2026-05-13T03:25:47.1111130-07:00] [pid=3452] <<<_____ ImmerseAudioRenderer _____>>> 
[2026-05-13T03:25:47.1111130-07:00] [pid=3452] WwiseFxNullParams::ApplyParam()
[2026-05-13T03:25:47.1111130-07:00] [pid=3452] 
[2026-05-13T03:25:47.1111130-07:00] [pid=3452] [EmbodyLOG] May_13_2026 03:25:47.111 line: 673. ___IMMERSEENGINE___ Immerse_EnableImmerse inMode: 2 
[2026-05-13T03:25:47.1111130-07:00] [pid=3452] [EmbodyLOG] May_13_2026 03:25:47.111 line: 1419. calculateLicenseDaysRemaining(): cached=358, elapsed=0, remaining=358 
[2026-05-13T03:25:47.1121177-07:00] [pid=3452] [EmbodyLOG] May_13_2026 03:25:47.112 line: 1419. calculateLicenseDaysRemaining(): cached=358, elapsed=0, remaining=358 
[2026-05-13T03:25:47.1466775-07:00] [pid=3452] [2026.05.13-10.25.47:146][117]LogAkAudio: Error: Voice Starvation
[2026-05-13T03:25:47.4949456-07:00] [pid=20000] <<<_____ ImmerseAudioRenderer _____>>> 
[2026-05-13T03:25:47.4949456-07:00] [pid=20000] RegisterImmerseAudioRendererFX()
[2026-05-13T03:25:47.4949456-07:00] [pid=20000] 
[2026-05-13T03:25:47.4949456-07:00] [pid=20000] <<<_____ ImmerseAudioRenderer _____>>> 
[2026-05-13T03:25:47.4949456-07:00] [pid=20000] CreateImmerseManager
[2026-05-13T03:25:47.4949456-07:00] [pid=20000] 
[2026-05-13T03:25:47.4949456-07:00] [pid=20000] <<<_____ ImmerseAudioRenderer _____>>> 
[2026-05-13T03:25:47.4949456-07:00] [pid=20000] loadAndInitializeImmerseEngine
[2026-05-13T03:25:47.4949456-07:00] [pid=20000] 
[2026-05-13T03:25:47.5084709-07:00] [pid=20000] <<<_____ ImmerseAudioRenderer _____>>> 
[2026-05-13T03:25:47.5084709-07:00] [pid=20000] CreateDestroyImmerseManager
[2026-05-13T03:25:47.5084709-07:00] [pid=20000] 
[2026-05-13T03:25:47.5084709-07:00] [pid=20000] <<<_____ ImmerseAudioRenderer _____>>> 
[2026-05-13T03:25:47.5084709-07:00] [pid=20000] CreateImmerseManager
[2026-05-13T03:25:47.5084709-07:00] [pid=20000] 
[2026-05-13T03:25:47.5330267-07:00] [pid=20000] <<<_____ ImmerseAudioRenderer _____>>> 
[2026-05-13T03:25:47.5330267-07:00] [pid=20000] CreateImmerseAudioRendererFXParams()
[2026-05-13T03:25:47.5330267-07:00] [pid=20000] 
[2026-05-13T03:25:47.5330267-07:00] [pid=20000] <<<_____ ImmerseAudioRenderer _____>>> 
[2026-05-13T03:25:47.5330267-07:00] [pid=20000] WwiseFxNullParams::Init()
[2026-05-13T03:25:47.5330267-07:00] [pid=20000] 
[2026-05-13T03:25:47.5341252-07:00] [pid=20000] <<<_____ ImmerseAudioRenderer _____>>> 
[2026-05-13T03:25:47.5341252-07:00] [pid=20000] WwiseFxNullParams::SetParam()
[2026-05-13T03:25:47.5341252-07:00] [pid=20000] 
[2026-05-13T03:25:47.5341252-07:00] [pid=20000] <<<_____ ImmerseAudioRenderer _____>>> 
[2026-05-13T03:25:47.5341252-07:00] [pid=20000] WwiseFxNullParams::SetParam()
[2026-05-13T03:25:47.5341252-07:00] [pid=20000] 
[2026-05-13T03:25:47.5341252-07:00] [pid=20000] <<<_____ ImmerseAudioRenderer _____>>> 
[2026-05-13T03:25:47.5341252-07:00] [pid=20000] WwiseFxNullParams::SetParam()
[2026-05-13T03:25:47.5341252-07:00] [pid=20000] 
[2026-05-13T03:25:47.5341252-07:00] [pid=20000] <<<_____ ImmerseAudioRenderer _____>>> 
[2026-05-13T03:25:47.5341252-07:00] [pid=20000] WwiseFxNullParams::SetParam()
[2026-05-13T03:25:47.5341252-07:00] [pid=20000] 
[2026-05-13T03:25:47.5341252-07:00] [pid=20000] <<<_____ ImmerseAudioRenderer _____>>> 
[2026-05-13T03:25:47.5341252-07:00] [pid=20000] WwiseFxNullParams::SetParam()
[2026-05-13T03:25:47.5341252-07:00] [pid=20000] 
[2026-05-13T03:25:47.5341252-07:00] [pid=20000] <<<_____ ImmerseAudioRenderer _____>>> 
[2026-05-13T03:25:47.5351291-07:00] [pid=20000] WwiseFxNullParams::SetParam()
[2026-05-13T03:25:47.5351291-07:00] [pid=20000] 
[2026-05-13T03:25:47.5351291-07:00] [pid=20000] <<<_____ ImmerseAudioRenderer _____>>> 
[2026-05-13T03:25:47.5351291-07:00] [pid=20000] WwiseFxNullParams::SetParam()
[2026-05-13T03:25:47.5351291-07:00] [pid=20000] 
[2026-05-13T03:25:47.5351291-07:00] [pid=20000] <<<_____ ImmerseAudioRenderer _____>>> 
[2026-05-13T03:25:47.5351291-07:00] [pid=20000] WwiseFxNullParams::SetParam()
[2026-05-13T03:25:47.5351291-07:00] [pid=20000] 
[2026-05-13T03:25:47.5351291-07:00] [pid=20000] <<<_____ ImmerseAudioRenderer _____>>> 
[2026-05-13T03:25:47.5351291-07:00] [pid=20000] WwiseFxNullParams::SetParam()
[2026-05-13T03:25:47.5351291-07:00] [pid=20000] 
[2026-05-13T03:25:47.5351291-07:00] [pid=20000] <<<_____ ImmerseAudioRenderer _____>>> 
[2026-05-13T03:25:47.5351291-07:00] [pid=20000] WwiseFxNullParams::ApplyParam()
[2026-05-13T03:25:47.5351291-07:00] [pid=20000] 
[2026-05-13T03:25:47.5351291-07:00] [pid=20000] <<<_____ ImmerseAudioRenderer _____>>> 
[2026-05-13T03:25:47.5351291-07:00] [pid=20000] WwiseFxNullParams::ApplyParam()
[2026-05-13T03:25:47.5351291-07:00] [pid=20000] 
[2026-05-13T03:25:47.5351291-07:00] [pid=20000] <<<_____ ImmerseAudioRenderer _____>>> 
[2026-05-13T03:25:47.5351291-07:00] [pid=20000] WwiseFxNullParams::ApplyParam()
[2026-05-13T03:25:47.5351291-07:00] [pid=20000] 
[2026-05-13T03:25:47.5351291-07:00] [pid=20000] <<<_____ ImmerseAudioRenderer _____>>> 
[2026-05-13T03:25:47.5351291-07:00] [pid=20000] WwiseFxNullParams::ApplyParam()
[2026-05-13T03:25:47.5351291-07:00] [pid=20000] 
[2026-05-13T03:25:47.5351291-07:00] [pid=20000] <<<_____ ImmerseAudioRenderer _____>>> 
[2026-05-13T03:25:47.5351291-07:00] [pid=20000] WwiseFxNullParams::ApplyParam()
[2026-05-13T03:25:47.5351291-07:00] [pid=20000] 
[2026-05-13T03:25:47.5351291-07:00] [pid=20000] <<<_____ ImmerseAudioRenderer _____>>> 
[2026-05-13T03:25:47.5351291-07:00] [pid=20000] WwiseFxNullParams::ApplyParam()
[2026-05-13T03:25:47.5351291-07:00] [pid=20000] 
[2026-05-13T03:25:47.5366321-07:00] [pid=20000] <<<_____ ImmerseAudioRenderer _____>>> 
[2026-05-13T03:25:47.5366321-07:00] [pid=20000] WwiseFxNullParams::ApplyParam()
[2026-05-13T03:25:47.5366321-07:00] [pid=20000] 
[2026-05-13T03:25:47.5366321-07:00] [pid=20000] <<<_____ ImmerseAudioRenderer _____>>> 
[2026-05-13T03:25:47.5366321-07:00] [pid=20000] WwiseFxNullParams::ApplyParam()
[2026-05-13T03:25:47.5366321-07:00] [pid=20000] 
[2026-05-13T03:25:47.5366321-07:00] [pid=20000] <<<_____ ImmerseAudioRenderer _____>>> 
[2026-05-13T03:25:47.5366321-07:00] [pid=20000] WwiseFxNullParams::ApplyParam()
[2026-05-13T03:25:47.5366321-07:00] [pid=20000] 
[2026-05-13T03:25:47.6412260-07:00] [pid=25260] [2026.05.13-10.25.47:641][  0]CrashReportClientDiagnosticLog: Editor/ExitCode:-1
[2026-05-13T03:25:47.6422302-07:00] [pid=25260] [2026.05.13-10.25.47:642][  0]CrashReportClientDiagnosticLog: MTBF/Start:2026.05.13-10.25.47
[2026-05-13T03:25:47.6432301-07:00] [pid=25260] [2026.05.13-10.25.47:643][  0]CrashReportClientDiagnosticLog: MTBF/LoadSession
[2026-05-13T03:25:47.6452402-07:00] [pid=25260] [2026.05.13-10.25.47:645][  0]CrashReportClientDiagnosticLog: MTBF/NoSessionFound
[2026-05-13T03:25:47.6698592-07:00] [pid=25260] [2026.05.13-10.25.47:669][  0]LogInit: Using libcurl 7.55.1-DEV
[2026-05-13T03:25:47.6698592-07:00] [pid=25260] [2026.05.13-10.25.47:669][  0]LogInit:  - built for x86_64-pc-win32
[2026-05-13T03:25:47.6704087-07:00] [pid=25260] [2026.05.13-10.25.47:669][  0]LogInit:  - supports SSL with OpenSSL/1.1.1
[2026-05-13T03:25:47.6704087-07:00] [pid=25260] [2026.05.13-10.25.47:670][  0]LogInit:  - supports HTTP deflate (compression) using libz 1.2.8
[2026-05-13T03:25:47.6704087-07:00] [pid=25260] [2026.05.13-10.25.47:670][  0]LogInit:  - other features:
[2026-05-13T03:25:47.6704087-07:00] [pid=25260] [2026.05.13-10.25.47:670][  0]LogInit:      CURL_VERSION_SSL
[2026-05-13T03:25:47.6704087-07:00] [pid=25260] [2026.05.13-10.25.47:670][  0]LogInit:      CURL_VERSION_LIBZ
[2026-05-13T03:25:47.6704087-07:00] [pid=25260] [2026.05.13-10.25.47:670][  0]LogInit:      CURL_VERSION_IPV6
[2026-05-13T03:25:47.6704087-07:00] [pid=25260] [2026.05.13-10.25.47:670][  0]LogInit:      CURL_VERSION_ASYNCHDNS
[2026-05-13T03:25:47.6704087-07:00] [pid=25260] [2026.05.13-10.25.47:670][  0]LogInit:      CURL_VERSION_LARGEFILE
[2026-05-13T03:25:47.6704087-07:00] [pid=25260] [2026.05.13-10.25.47:670][  0]LogInit:      CURL_VERSION_IDN
[2026-05-13T03:25:47.6704087-07:00] [pid=25260] [2026.05.13-10.25.47:670][  0]LogInit:  CurlRequestOptions (configurable via config and command line):
[2026-05-13T03:25:47.6704087-07:00] [pid=25260] [2026.05.13-10.25.47:670][  0]LogInit:  - bVerifyPeer = false  - Libcurl will NOT verify peer certificate
[2026-05-13T03:25:47.6704087-07:00] [pid=25260] [2026.05.13-10.25.47:670][  0]LogInit:  - bUseHttpProxy = false  - Libcurl will NOT use HTTP proxy
[2026-05-13T03:25:47.6714099-07:00] [pid=25260] [2026.05.13-10.25.47:670][  0]LogInit:  - bDontReuseConnections = false  - Libcurl will reuse connections
[2026-05-13T03:25:47.6714099-07:00] [pid=25260] [2026.05.13-10.25.47:671][  0]LogInit:  - MaxHostConnections = 16  - Libcurl will limit the number of connections to a host
[2026-05-13T03:25:47.6714099-07:00] [pid=25260] [2026.05.13-10.25.47:671][  0]LogInit:  - LocalHostAddr = Default
[2026-05-13T03:25:47.6714099-07:00] [pid=25260] [2026.05.13-10.25.47:671][  0]LogInit:  - BufferSize = 65536
[2026-05-13T03:25:47.6714099-07:00] [pid=25260] [2026.05.13-10.25.47:671][  0]LogAnalytics: Display: [CrashReporter.Release] APIServer = https://datarouter.ol.epicgames.com/. AppVersion = ++UE4+Release-4.27-CL-18319896
[2026-05-13T03:25:47.6734244-07:00] [pid=25260] [2026.05.13-10.25.47:673][  0]CrashReportClientDiagnosticLog: MTBF/Done
[2026-05-13T03:25:47.6950243-07:00] [pid=25260] [2026.05.13-10.25.47:695][  0]LogCore: Engine exit requested (reason: CrashReportClientApp RequestExit)
[2026-05-13T03:25:47.6950243-07:00] [pid=25260] [2026.05.13-10.25.47:695][  0]LogExit: Preparing to exit.
[2026-05-13T03:25:47.6965380-07:00] [pid=25260] [2026.05.13-10.25.47:695][  0]LogExit: Object subsystem successfully closed.
[2026-05-13T03:25:47.7000711-07:00] [pid=25260] [2026.05.13-10.25.47:700][  0]LogModuleManager: Shutting down and abandoning module AnalyticsET (14)
[2026-05-13T03:25:47.7000711-07:00] [pid=25260] [2026.05.13-10.25.47:700][  0]LogModuleManager: Shutting down and abandoning module HTTP (13)
[2026-05-13T03:25:47.7000711-07:00] [pid=25260] [2026.05.13-10.25.47:700][  0]LogHttp: Display: Http module shutting down, but needs to wait on 1 outstanding Http requests:
[2026-05-13T03:25:47.7000711-07:00] [pid=25260] [2026.05.13-10.25.47:700][  0]LogHttp: Display: 	verb=[POST] url=[https://datarouter.ol.epicgames.com/datarouter/api/v1/public/data?SessionID=%7B07E9D3B8-497D-6107-481D-DA8879DC9E5F%7D&AppID=CrashReporter.Release&AppVersion=%2B%2BUE4%2BRelease-4.27-CL-18319896&UserID=f8b698bb42db84b438be4e9e5183ed14%7C6da9797861944dd5b2bedb495b874fce%7C2e2120c8-1d81-4764-95c5-a72e8ff85171&AppEnvironment=datacollector-binary&UploadType=eteventstream] refs=[1] status=Processing
[2026-05-13T03:25:47.7000711-07:00] [pid=25260] [2026.05.13-10.25.47:700][  0]LogHttp: Display: cleaning up 1 outstanding Http requests.
[2026-05-13T03:25:47.7010828-07:00] [pid=25260] [2026.05.13-10.25.47:700][  0]LogHttp: Display: Sleeping 0.500s to wait for 1 outstanding Http requests.
[2026-05-13T03:25:47.8087400-07:00] [pid=24380] [2026.05.13-10.25.47:808][478]LogRunningAppService: Display: Dead foreground process [3452] C:/Program Files/Epic Games/UE_4.27/Engine/Binaries/Win64/UE4Editor.exe for app C:/Program Files/Epic Games/UE_4.27/
[2026-05-13T03:25:48.2639830-07:00] [pid=25260] [2026.05.13-10.25.48:263][  0]LogModuleManager: Shutting down and abandoning module SSL (12)
[2026-05-13T03:25:48.2649815-07:00] [pid=25260] [2026.05.13-10.25.48:264][  0]LogModuleManager: Shutting down and abandoning module CrashDebugHelper (8)
[2026-05-13T03:25:48.2649815-07:00] [pid=25260] [2026.05.13-10.25.48:264][  0]LogModuleManager: Shutting down and abandoning module CoreUObject (6)
[2026-05-13T03:25:48.2649815-07:00] [pid=25260] [2026.05.13-10.25.48:264][  0]LogModuleManager: Shutting down and abandoning module PakFile (4)
[2026-05-13T03:25:48.2649815-07:00] [pid=25260] [2026.05.13-10.25.48:264][  0]LogModuleManager: Shutting down and abandoning module RSA (3)
[2026-05-13T03:25:48.2674972-07:00] [pid=25260] [2026.05.13-10.25.48:267][  0]LogExit: Exiting.
[2026-05-13T03:25:48.5601794-07:00] [pid=24380] [2026.05.13-10.25.48:560][494]LogRunningAppService: Display: Dead foreground process [25260] C:/Program Files/Epic Games/UE_4.27/Engine/Binaries/Win64/CrashReportClientEditor.exe for app C:/Program Files/Epic Games/UE_4.27/
