[2026-05-13T03:05:49.0178967-07:00] DebugMonitor start, maxSeconds=1800
[2026-05-13T03:05:49.1051641-07:00] [pid=27484] Focus Exec Name: wwise.exe
[2026-05-13T03:05:49.1051641-07:00] [pid=27484] ---> Focus Exec Name: wwise.exe has WS_OVERLAPPEDWINDOW
[2026-05-13T03:05:49.1121874-07:00] [pid=27484] Focus Exec Name: wwise.exe
[2026-05-13T03:05:49.1121874-07:00] [pid=27484] ---> Focus Exec Name: wwise.exe does not has WS_OVERLAPPEDWINDOW
[2026-05-13T03:05:49.1312241-07:00] [pid=27484] [Maximize Proc] Foreground Title: 
[2026-05-13T03:05:49.1312241-07:00] [pid=27484] ---> Focus Exec Name:  has WS_OVERLAPPEDWINDOW
[2026-05-13T03:05:49.1332279-07:00] [pid=27484] Focus Exec Name: wwise.exe
[2026-05-13T03:05:49.1332279-07:00] [pid=27484] ---> Focus Exec Name: wwise.exe has WS_OVERLAPPEDWINDOW
[2026-05-13T03:05:49.1402433-07:00] [pid=27484] [Maximize Proc] Foreground Title: 
[2026-05-13T03:05:49.1402433-07:00] [pid=27484] ---> Focus Exec Name:  has WS_OVERLAPPEDWINDOW
[2026-05-13T03:05:49.1412472-07:00] [pid=27484] [Maximize Proc] Foreground Title: Wwise
[2026-05-13T03:05:49.1422516-07:00] [pid=27484] ---> Focus Exec Name: Wwise has WS_OVERLAPPEDWINDOW
[2026-05-13T03:05:49.1502699-07:00] [pid=27484] [Maximize Proc] Foreground Title: Wwise
[2026-05-13T03:05:49.1502699-07:00] [pid=27484] ---> Focus Exec Name: Wwise has WS_OVERLAPPEDWINDOW
[2026-05-13T03:05:49.1502699-07:00] [pid=27484] [Maximize Proc] Foreground Title: Wwise
[2026-05-13T03:05:49.1502699-07:00] [pid=27484] ---> Focus Exec Name: Wwise has WS_OVERLAPPEDWINDOW
[2026-05-13T03:05:49.2902083-07:00] [pid=27484] Focus Exec Name: wwise.exe
[2026-05-13T03:05:49.2902083-07:00] [pid=27484] ---> Focus Exec Name: wwise.exe does not has WS_OVERLAPPEDWINDOW
[2026-05-13T03:05:49.2977372-07:00] [pid=27484] [Maximize Proc] Foreground Title: Wwise 2019.2.15 
[2026-05-13T03:05:49.2977372-07:00] [pid=27484] ---> Focus Exec Name: Wwise 2019.2.15  has WS_OVERLAPPEDWINDOW
[2026-05-13T03:05:49.3002399-07:00] [pid=27484] [Maximize Proc] Foreground Title: Wwise 2019.2.15 
[2026-05-13T03:05:49.3002399-07:00] [pid=27484] ---> Focus Exec Name: Wwise 2019.2.15  has WS_OVERLAPPEDWINDOW
[2026-05-13T03:05:49.3805271-07:00] [pid=18448] <<<_____ ImmerseAudioRenderer _____>>> 
[2026-05-13T03:05:49.3805271-07:00] [pid=18448] RegisterImmerseAudioRendererFX()
[2026-05-13T03:05:49.3805271-07:00] [pid=18448] 
[2026-05-13T03:05:49.3805271-07:00] [pid=18448] <<<_____ ImmerseAudioRenderer _____>>> 
[2026-05-13T03:05:49.3805271-07:00] [pid=18448] CreateImmerseManager
[2026-05-13T03:05:49.3805271-07:00] [pid=18448] 
[2026-05-13T03:05:49.3805271-07:00] [pid=18448] <<<_____ ImmerseAudioRenderer _____>>> 
[2026-05-13T03:05:49.3805271-07:00] [pid=18448] loadAndInitializeImmerseEngine
[2026-05-13T03:05:49.3805271-07:00] [pid=18448] 
[2026-05-13T03:05:49.3930459-07:00] [pid=18448] <<<_____ ImmerseAudioRenderer _____>>> 
[2026-05-13T03:05:49.3930459-07:00] [pid=18448] CreateDestroyImmerseManager
[2026-05-13T03:05:49.3930459-07:00] [pid=18448] 
[2026-05-13T03:05:49.3930459-07:00] [pid=18448] <<<_____ ImmerseAudioRenderer _____>>> 
[2026-05-13T03:05:49.3930459-07:00] [pid=18448] CreateImmerseManager
[2026-05-13T03:05:49.3930459-07:00] [pid=18448] 
[2026-05-13T03:05:49.4221309-07:00] [pid=18448] <<<_____ ImmerseAudioRenderer _____>>> 
[2026-05-13T03:05:49.4221309-07:00] [pid=18448] CreateImmerseAudioRendererFXParams()
[2026-05-13T03:05:49.4221309-07:00] [pid=18448] 
[2026-05-13T03:05:49.4231296-07:00] [pid=18448] <<<_____ ImmerseAudioRenderer _____>>> 
[2026-05-13T03:05:49.4231296-07:00] [pid=18448] WwiseFxNullParams::Init()
[2026-05-13T03:05:49.4231296-07:00] [pid=18448] 
[2026-05-13T03:05:49.4231296-07:00] [pid=18448] <<<_____ ImmerseAudioRenderer _____>>> 
[2026-05-13T03:05:49.4231296-07:00] [pid=18448] WwiseFxNullParams::SetParam()
[2026-05-13T03:05:49.4231296-07:00] [pid=18448] 
[2026-05-13T03:05:49.4231296-07:00] [pid=18448] <<<_____ ImmerseAudioRenderer _____>>> 
[2026-05-13T03:05:49.4231296-07:00] [pid=18448] WwiseFxNullParams::SetParam()
[2026-05-13T03:05:49.4231296-07:00] [pid=18448] 
[2026-05-13T03:05:49.4231296-07:00] [pid=18448] <<<_____ ImmerseAudioRenderer _____>>> 
[2026-05-13T03:05:49.4231296-07:00] [pid=18448] WwiseFxNullParams::SetParam()
[2026-05-13T03:05:49.4231296-07:00] [pid=18448] 
[2026-05-13T03:05:49.4231296-07:00] [pid=18448] <<<_____ ImmerseAudioRenderer _____>>> 
[2026-05-13T03:05:49.4231296-07:00] [pid=18448] WwiseFxNullParams::SetParam()
[2026-05-13T03:05:49.4231296-07:00] [pid=18448] 
[2026-05-13T03:05:49.4231296-07:00] [pid=18448] <<<_____ ImmerseAudioRenderer _____>>> 
[2026-05-13T03:05:49.4231296-07:00] [pid=18448] WwiseFxNullParams::SetParam()
[2026-05-13T03:05:49.4231296-07:00] [pid=18448] 
[2026-05-13T03:05:49.4231296-07:00] [pid=18448] <<<_____ ImmerseAudioRenderer _____>>> 
[2026-05-13T03:05:49.4231296-07:00] [pid=18448] WwiseFxNullParams::SetParam()
[2026-05-13T03:05:49.4231296-07:00] [pid=18448] 
[2026-05-13T03:05:49.4231296-07:00] [pid=18448] <<<_____ ImmerseAudioRenderer _____>>> 
[2026-05-13T03:05:49.4231296-07:00] [pid=18448] WwiseFxNullParams::SetParam()
[2026-05-13T03:05:49.4231296-07:00] [pid=18448] 
[2026-05-13T03:05:49.4231296-07:00] [pid=18448] <<<_____ ImmerseAudioRenderer _____>>> 
[2026-05-13T03:05:49.4231296-07:00] [pid=18448] WwiseFxNullParams::SetParam()
[2026-05-13T03:05:49.4231296-07:00] [pid=18448] 
[2026-05-13T03:05:49.4231296-07:00] [pid=18448] <<<_____ ImmerseAudioRenderer _____>>> 
[2026-05-13T03:05:49.4231296-07:00] [pid=18448] WwiseFxNullParams::SetParam()
[2026-05-13T03:05:49.4231296-07:00] [pid=18448] 
[2026-05-13T03:05:49.4231296-07:00] [pid=18448] <<<_____ ImmerseAudioRenderer _____>>> 
[2026-05-13T03:05:49.4241289-07:00] [pid=18448] WwiseFxNullParams::ApplyParam()
[2026-05-13T03:05:49.4241289-07:00] [pid=18448] 
[2026-05-13T03:05:49.4241289-07:00] [pid=18448] <<<_____ ImmerseAudioRenderer _____>>> 
[2026-05-13T03:05:49.4241289-07:00] [pid=18448] WwiseFxNullParams::ApplyParam()
[2026-05-13T03:05:49.4241289-07:00] [pid=18448] 
[2026-05-13T03:05:49.4241289-07:00] [pid=18448] <<<_____ ImmerseAudioRenderer _____>>> 
[2026-05-13T03:05:49.4241289-07:00] [pid=18448] WwiseFxNullParams::ApplyParam()
[2026-05-13T03:05:49.4241289-07:00] [pid=18448] 
[2026-05-13T03:05:49.4241289-07:00] [pid=18448] <<<_____ ImmerseAudioRenderer _____>>> 
[2026-05-13T03:05:49.4241289-07:00] [pid=18448] WwiseFxNullParams::ApplyParam()
[2026-05-13T03:05:49.4241289-07:00] [pid=18448] 
[2026-05-13T03:05:49.4241289-07:00] [pid=18448] <<<_____ ImmerseAudioRenderer _____>>> 
[2026-05-13T03:05:49.4241289-07:00] [pid=18448] WwiseFxNullParams::ApplyParam()
[2026-05-13T03:05:49.4241289-07:00] [pid=18448] 
[2026-05-13T03:05:49.4241289-07:00] [pid=18448] <<<_____ ImmerseAudioRenderer _____>>> 
[2026-05-13T03:05:49.4241289-07:00] [pid=18448] WwiseFxNullParams::ApplyParam()
[2026-05-13T03:05:49.4241289-07:00] [pid=18448] 
[2026-05-13T03:05:49.4241289-07:00] [pid=18448] <<<_____ ImmerseAudioRenderer _____>>> 
[2026-05-13T03:05:49.4241289-07:00] [pid=18448] WwiseFxNullParams::ApplyParam()
[2026-05-13T03:05:49.4241289-07:00] [pid=18448] 
[2026-05-13T03:05:49.4241289-07:00] [pid=18448] <<<_____ ImmerseAudioRenderer _____>>> 
[2026-05-13T03:05:49.4251288-07:00] [pid=18448] WwiseFxNullParams::ApplyParam()
[2026-05-13T03:05:49.4251288-07:00] [pid=18448] 
[2026-05-13T03:05:49.4251288-07:00] [pid=18448] <<<_____ ImmerseAudioRenderer _____>>> 
[2026-05-13T03:05:49.4251288-07:00] [pid=18448] WwiseFxNullParams::ApplyParam()
[2026-05-13T03:05:49.4251288-07:00] [pid=18448] 
[2026-05-13T03:05:49.4522021-07:00] [pid=27484] Focus Exec Name: wwise.exe
[2026-05-13T03:05:49.4522021-07:00] [pid=27484] ---> Focus Exec Name: wwise.exe has WS_OVERLAPPEDWINDOW
[2026-05-13T03:05:49.6878351-07:00] [pid=18712] <1>May13 03:05:49.687 SF_18712[CpBoard] [CB] HandleClipboard S to C
[2026-05-13T03:05:49.6878351-07:00] [pid=18712] <1>May13 03:05:49.688 SF_18712[CpBoard] Send clipboard data to client fmt(13).
[2026-05-13T03:05:49.6878351-07:00] [pid=18712] <1>May13 03:05:49.688 SF_18712[CpBoard] [CB] Data Push start. len:687
[2026-05-13T03:05:49.8366508-07:00] [pid=27484] Focus Exec Name: wwise.exe
[2026-05-13T03:05:49.8366508-07:00] [pid=27484] ---> Focus Exec Name: wwise.exe has WS_OVERLAPPEDWINDOW
[2026-05-13T03:05:49.8396569-07:00] [pid=27484] Focus Exec Name: wwise.exe
[2026-05-13T03:05:49.8396569-07:00] [pid=27484] ---> Focus Exec Name: wwise.exe has WS_OVERLAPPEDWINDOW
[2026-05-13T03:05:50.2502355-07:00] [pid=27484] Focus Exec Name: wwise.exe
[2026-05-13T03:05:50.2512410-07:00] [pid=27484] ---> Focus Exec Name: wwise.exe has WS_OVERLAPPEDWINDOW
[2026-05-13T03:05:50.2552466-07:00] [pid=27484] Focus Exec Name: wwise.exe
[2026-05-13T03:05:50.2552466-07:00] [pid=27484] ---> Focus Exec Name: wwise.exe has WS_OVERLAPPEDWINDOW
[2026-05-13T03:05:53.5874159-07:00] [pid=7700] Looking for binary: ../../../Engine/Programs/CrashReportClient/Config/BinaryConfig.ini
[2026-05-13T03:05:53.5884160-07:00] [pid=7700] CrashReportClientDiagnosticLog: CRC/Init:2026.05.13-10.05.53
[2026-05-13T03:05:53.5884160-07:00] [pid=7700] LogPlatformFile: Not using cached read wrapper
[2026-05-13T03:05:53.5884160-07:00] [pid=7700] LogTaskGraph: Started task graph with 4 named threads and 22 total threads with 1 sets of task threads.
[2026-05-13T03:05:53.5884160-07:00] [pid=7700] LogICUInternationalization: ICU TimeZone Detection - Raw Offset: -8:00, Platform Override: ''
[2026-05-13T03:05:53.5884160-07:00] [pid=7700] LogInit: Display: Loading text-based GConfig....
[2026-05-13T03:05:53.6029510-07:00] [pid=7700] LogInit: Build: ++UE4+Release-4.27-CL-18319896
[2026-05-13T03:05:53.6029510-07:00] [pid=7700] LogInit: Engine Version: 4.27.2-18319896+++UE4+Release-4.27
[2026-05-13T03:05:53.6039515-07:00] [pid=7700] LogInit: Compatible Engine Version: 4.27.0-17155196+++UE4+Release-4.27
[2026-05-13T03:05:53.6039515-07:00] [pid=7700] LogInit: Net CL: 17155196
[2026-05-13T03:05:53.6039515-07:00] [pid=7700] LogInit: OS: Windows 10 (Release 2009) (), CPU: 13th Gen Intel(R) Core(TM) i7-13650HX, GPU: Intel(R) UHD Graphics
[2026-05-13T03:05:53.6039515-07:00] [pid=7700] LogInit: Compiled (64-bit): Nov 30 2021 08:03:32
[2026-05-13T03:05:53.6039515-07:00] [pid=7700] LogInit: Compiled with Visual C++: 19.24.28315.00
[2026-05-13T03:05:53.6039515-07:00] [pid=7700] LogInit: Build Configuration: Shipping
[2026-05-13T03:05:53.6039515-07:00] [pid=7700] LogInit: Branch Name: ++UE4+Release-4.27
[2026-05-13T03:05:53.6039515-07:00] [pid=7700] LogInit: Command Line: "C:\Program Files\Epic Games\UE_4.27\Engine\Binaries\Win64\CrashReportClientEditor.exe" "../../../Engine/Binaries/Win64/CrashReportClientEditor.exe"  -READ=168 -WRITE=264 -MONITOR=4308 -unattended -ConcertServer="1715FD9F498B7126C62FAEB6E430B42B" -RespawnedInstance
[2026-05-13T03:05:53.6039515-07:00] [pid=7700] LogInit: Base Directory: C:/Program Files/Epic Games/UE_4.27/Engine/Binaries/Win64/
[2026-05-13T03:05:53.6039515-07:00] [pid=7700] LogInit: Allocator: TBB
[2026-05-13T03:05:53.6039515-07:00] [pid=7700] LogInit: Installed Engine Build: 1
[2026-05-13T03:05:53.6099620-07:00] [pid=7700] LogInit: Presizing for max 2097152 objects, including 1 objects not considered by GC, pre-allocating 0 bytes for permanent pool.
[2026-05-13T03:05:53.6109659-07:00] [pid=7700] LogConfig: Applying CVar settings from Section [/Script/Engine.StreamingSettings] File [C:/Users/kapil/AppData/Local/CrashReportClient/Saved/Config/WindowsNoEditor/Engine.ini]
[2026-05-13T03:05:53.6109659-07:00] [pid=7700] LogConfig: Setting CVar [[s.MinBulkDataSizeForAsyncLoading:131072]]
[2026-05-13T03:05:53.6109659-07:00] [pid=7700] LogConfig: Setting CVar [[s.AsyncLoadingThreadEnabled:0]]
[2026-05-13T03:05:53.6109659-07:00] [pid=7700] LogConfig: Setting CVar [[s.EventDrivenLoaderEnabled:1]]
[2026-05-13T03:05:53.6109659-07:00] [pid=7700] LogConfig: Setting CVar [[s.WarnIfTimeLimitExceeded:0]]
[2026-05-13T03:05:53.6109659-07:00] [pid=7700] LogConfig: Setting CVar [[s.TimeLimitExceededMultiplier:1.5]]
[2026-05-13T03:05:53.6109659-07:00] [pid=7700] LogConfig: Setting CVar [[s.TimeLimitExceededMinTime:0.005]]
[2026-05-13T03:05:53.6109659-07:00] [pid=7700] LogConfig: Setting CVar [[s.FlushStreamingOnExit:1]]
[2026-05-13T03:05:53.6109659-07:00] [pid=7700] LogInit: Object subsystem initialized
[2026-05-13T03:05:53.6119702-07:00] [pid=7700] LogConfig: Applying CVar settings from Section [ConsoleVariables] File [C:/Users/kapil/AppData/Local/CrashReportClient/Saved/Config/WindowsNoEditor/Engine.ini]
[2026-05-13T03:05:53.6119702-07:00] [pid=7700] [2026.05.13-10.05.53:611][  0]LogInit: Computer: IMMERSEDEMOM5
[2026-05-13T03:05:53.6129700-07:00] [pid=7700] [2026.05.13-10.05.53:612][  0]LogInit: User: kapil
[2026-05-13T03:05:53.6129700-07:00] [pid=7700] [2026.05.13-10.05.53:612][  0]LogInit: CPU Page size=4096, Cores=14
[2026-05-13T03:05:53.6129700-07:00] [pid=7700] [2026.05.13-10.05.53:612][  0]LogInit: High frequency timer resolution =10.000000 MHz
[2026-05-13T03:05:53.6129700-07:00] [pid=7700] [2026.05.13-10.05.53:612][  0]LogMemory: Memory total: Physical=15.7GB (16GB approx)
[2026-05-13T03:05:53.6129700-07:00] [pid=7700] [2026.05.13-10.05.53:612][  0]LogMemory: Platform Memory Stats for WindowsNoEditor
[2026-05-13T03:05:53.6129700-07:00] [pid=7700] [2026.05.13-10.05.53:612][  0]LogMemory: Process Physical Memory: 31.56 MB used, 31.56 MB peak
[2026-05-13T03:05:53.6139699-07:00] [pid=7700] [2026.05.13-10.05.53:612][  0]LogMemory: Process Virtual Memory: 65.90 MB used, 65.90 MB peak
[2026-05-13T03:05:53.6139699-07:00] [pid=7700] [2026.05.13-10.05.53:613][  0]LogMemory: Physical Memory: 13369.85 MB used,  2698.85 MB free, 16068.70 MB total
[2026-05-13T03:05:53.6139699-07:00] [pid=7700] [2026.05.13-10.05.53:613][  0]LogMemory: Virtual Memory: 134207000.00 MB used,  10725.30 MB free, 134217728.00 MB total
[2026-05-13T03:05:53.6184775-07:00] [pid=7700] [2026.05.13-10.05.53:617][  0]LogUObjectArray: 363 objects as part of root set at end of initial load.
[2026-05-13T03:05:53.6184775-07:00] [pid=7700] [2026.05.13-10.05.53:618][  0]LogUObjectArray: 0 objects are not in the root set, but can never be destroyed because they are in the DisregardForGC set.
[2026-05-13T03:05:53.6184775-07:00] [pid=7700] [2026.05.13-10.05.53:618][  0]LogUObjectAllocator: 53496 out of 0 bytes used by permanent object pool.
[2026-05-13T03:05:53.6184775-07:00] [pid=7700] [2026.05.13-10.05.53:618][  0]LogUObjectArray: CloseDisregardForGC: 363/363 objects in disregard for GC pool
[2026-05-13T03:05:53.6184775-07:00] [pid=7700] [2026.05.13-10.05.53:618][  0]LogInit: Using OS detected language (en-US).
[2026-05-13T03:05:53.6184775-07:00] [pid=7700] [2026.05.13-10.05.53:618][  0]LogInit: Using OS detected locale (en-US).
[2026-05-13T03:05:53.6194788-07:00] [pid=7700] [2026.05.13-10.05.53:619][  0]LogTextLocalizationManager: No specific localization for 'en-US' exists, so the 'en' localization will be used.
[2026-05-13T03:05:53.6335120-07:00] [pid=7700] [2026.05.13-10.05.53:633][  0]LogInit: Using OS detected language (en-US).
[2026-05-13T03:05:53.6335120-07:00] [pid=7700] [2026.05.13-10.05.53:633][  0]LogInit: Using OS detected locale (en-US).
[2026-05-13T03:05:53.6335120-07:00] [pid=7700] [2026.05.13-10.05.53:633][  0]LogTextLocalizationManager: No localization for 'en-US' exists, so 'en' will be used for the language.
[2026-05-13T03:05:53.6335120-07:00] [pid=7700] [2026.05.13-10.05.53:633][  0]LogTextLocalizationManager: No localization for 'en-US' exists, so 'en' will be used for the locale.
[2026-05-13T03:05:53.6345163-07:00] [pid=7700] [2026.05.13-10.05.53:634][  0]LogTextLocalizationManager: Compacting localization data took   0.00ms
[2026-05-13T03:05:53.6345163-07:00] [pid=7700] [2026.05.13-10.05.53:634][  0]LogPackageLocalizationCache: Processed 2 localized package path(s) for 1 prioritized culture(s) in 0.000117 seconds
[2026-05-13T03:05:53.6355162-07:00] [pid=7700] [2026.05.13-10.05.53:635][  0]CrashReportClientDiagnosticLog: CRC/Load
[2026-05-13T03:05:53.6355162-07:00] [pid=7700] [2026.05.13-10.05.53:635][  0]CrashReportClientDiagnosticLog: CRC/Config
[2026-05-13T03:05:53.6355162-07:00] [pid=7700] [2026.05.13-10.05.53:635][  0]CrashReportCoreLog: CrashReportClientVersion=1.0
[2026-05-13T03:05:53.6355162-07:00] [pid=7700] [2026.05.13-10.05.53:635][  0]CrashReportCoreLog: CrashReportReceiver disabled
[2026-05-13T03:05:53.6365198-07:00] [pid=7700] [2026.05.13-10.05.53:635][  0]CrashReportCoreLog: DataRouterUrl: https://datarouter.ol.epicgames.com/datarouter/api/v1/public/data
[2026-05-13T03:05:53.6365198-07:00] [pid=7700] [2026.05.13-10.05.53:636][  0]LogCrashDebugHelper: DepotName: //UE4/Release-4.27
[2026-05-13T03:05:53.6365198-07:00] [pid=7700] [2026.05.13-10.05.53:636][  0]LogCrashDebugHelper: BuiltFromCL: 18319896
[2026-05-13T03:05:53.6365198-07:00] [pid=7700] [2026.05.13-10.05.53:636][  0]LogCrashDebugHelper: EngineVersion: 4.27.2-18319896+++UE4+Release-4.27
[2026-05-13T03:05:53.6365198-07:00] [pid=7700] [2026.05.13-10.05.53:636][  0]LogCrashDebugHelper: BuildVersion: ++UE4+Release-4.27-CL-18319896
[2026-05-13T03:05:53.6375240-07:00] [pid=7700] [2026.05.13-10.05.53:636][  0]CrashReportClientDiagnosticLog: Monitor/Start:7700
[2026-05-13T03:05:53.6375240-07:00] [pid=7700] [2026.05.13-10.05.53:637][  0]CrashReportClientDiagnosticLog: OpenProcess/Done
[2026-05-13T03:05:53.8285840-07:00] [pid=27484] Focus Exec Name: windowsterminal.exe
[2026-05-13T03:05:53.8285840-07:00] [pid=27484] ---> Focus Exec Name: windowsterminal.exe has WS_OVERLAPPEDWINDOW
[2026-05-13T03:05:54.0123006-07:00] [pid=4308] Looking for binary: ../../../../../../Users/kapil/OneDrive/Documents/Unreal Projects/testTP/Config/BinaryConfig.ini
[2026-05-13T03:05:54.0133014-07:00] [pid=4308] LogWindows: Failed to load 'aqProf.dll' (GetLastError=126)
[2026-05-13T03:05:54.0133014-07:00] [pid=4308] LogWindows: File 'aqProf.dll' does not exist
[2026-05-13T03:05:54.0133014-07:00] [pid=4308] LogWindows: Failed to load 'VtuneApi.dll' (GetLastError=126)
[2026-05-13T03:05:54.0133014-07:00] [pid=4308] LogWindows: File 'VtuneApi.dll' does not exist
[2026-05-13T03:05:54.0133014-07:00] [pid=4308] LogWindows: Failed to load 'VtuneApi32e.dll' (GetLastError=126)
[2026-05-13T03:05:54.0133014-07:00] [pid=4308] LogWindows: File 'VtuneApi32e.dll' does not exist
[2026-05-13T03:05:54.0133014-07:00] [pid=4308] LogConsoleResponse: Display: Failed to find resolution value strings in scalability ini. Falling back to default.
[2026-05-13T03:05:54.0133014-07:00] [pid=4308] LogConsoleResponse: Display: Failed to find resolution value strings in scalability ini. Falling back to default.
[2026-05-13T03:05:54.0133014-07:00] [pid=4308] LogInit: Display: Running engine for game: testTP
[2026-05-13T03:05:54.0133014-07:00] [pid=4308] LogPlatformFile: Not using cached read wrapper
[2026-05-13T03:05:54.0133014-07:00] [pid=4308] LogTaskGraph: Started task graph with 5 named threads and 59 total threads with 3 sets of task threads.
[2026-05-13T03:05:54.0133014-07:00] [pid=4308] LogStats: Stats thread started at 0.232175
[2026-05-13T03:05:54.0133014-07:00] [pid=4308] LogICUInternationalization: ICU TimeZone Detection - Raw Offset: -8:00, Platform Override: ''
[2026-05-13T03:05:54.0133014-07:00] [pid=4308] LogInit: Display: Loading text-based GConfig....
[2026-05-13T03:05:54.0609598-07:00] [pid=4308] LogPluginManager: Mounting plugin MeshPainting
[2026-05-13T03:05:54.0609598-07:00] [pid=4308] LogPluginManager: Mounting plugin XGEController
[2026-05-13T03:05:54.0619624-07:00] [pid=4308] LogPluginManager: Mounting plugin Paper2D
[2026-05-13T03:05:54.0629624-07:00] [pid=4308] LogPluginManager: Mounting plugin EnvironmentQueryEditor
[2026-05-13T03:05:54.0639687-07:00] [pid=4308] LogPluginManager: Mounting plugin AISupport
[2026-05-13T03:05:54.0639687-07:00] [pid=4308] LogPluginManager: Mounting plugin LightPropagationVolume
[2026-05-13T03:05:54.0649635-07:00] [pid=4308] LogPluginManager: Mounting plugin LiveLink
[2026-05-13T03:05:54.0664666-07:00] [pid=4308] LogPluginManager: Mounting plugin CameraShakePreviewer
[2026-05-13T03:05:54.0664666-07:00] [pid=4308] LogPluginManager: Mounting plugin GameplayCameras
[2026-05-13T03:05:54.0674747-07:00] [pid=4308] LogPluginManager: Mounting plugin CurveEditorTools
[2026-05-13T03:05:54.0674747-07:00] [pid=4308] LogPluginManager: Mounting plugin DataValidation
[2026-05-13T03:05:54.0684723-07:00] [pid=4308] LogPluginManager: Mounting plugin CryptoKeys
[2026-05-13T03:05:54.0694791-07:00] [pid=4308] LogPluginManager: Mounting plugin GameplayTagsEditor
[2026-05-13T03:05:54.0699845-07:00] [pid=4308] LogPluginManager: Mounting plugin SpeedTreeImporter
[2026-05-13T03:05:54.0699845-07:00] [pid=4308] LogPluginManager: Mounting plugin GeometryMode
[2026-05-13T03:05:54.0709875-07:00] [pid=4308] LogPluginManager: Mounting plugin MaterialAnalyzer
[2026-05-13T03:05:54.0709875-07:00] [pid=4308] LogPluginManager: Mounting plugin OodleData
[2026-05-13T03:05:54.0719896-07:00] [pid=4308] LogPluginManager: Mounting plugin MacGraphicsSwitching
[2026-05-13T03:05:54.0729902-07:00] [pid=4308] LogPluginManager: Mounting plugin FacialAnimation
[2026-05-13T03:05:54.0729902-07:00] [pid=4308] LogPluginManager: Mounting plugin AssetManagerEditor
[2026-05-13T03:05:54.0739900-07:00] [pid=4308] LogPluginManager: Mounting plugin PluginBrowser
[2026-05-13T03:05:54.0739900-07:00] [pid=4308] LogPluginManager: Mounting plugin AnimationSharing
[2026-05-13T03:05:54.0749916-07:00] [pid=4308] LogPluginManager: Mounting plugin Niagara
[2026-05-13T03:05:54.0765146-07:00] [pid=4308] LogPluginManager: Mounting plugin MobileLauncherProfileWizard
[2026-05-13T03:05:54.0775408-07:00] [pid=4308] LogPluginManager: Mounting plugin OodleNetwork
[2026-05-13T03:05:54.0775408-07:00] [pid=4308] LogPluginManager: Mounting plugin DatasmithContent
[2026-05-13T03:05:54.0785425-07:00] [pid=4308] LogPluginManager: Mounting plugin AlembicImporter
[2026-05-13T03:05:54.0785425-07:00] [pid=4308] LogPluginManager: Mounting plugin MagicLeap
[2026-05-13T03:05:54.0800382-07:00] [pid=4308] LogPluginManager: Mounting plugin LuminPlatformFeatures
[2026-05-13T03:05:54.0800382-07:00] [pid=4308] LogPluginManager: Mounting plugin BackChannel
[2026-05-13T03:05:54.0810416-07:00] [pid=4308] LogPluginManager: Mounting plugin VariantManagerContent
[2026-05-13T03:05:54.0820447-07:00] [pid=4308] LogPluginManager: Mounting plugin AutomationUtils
[2026-05-13T03:05:54.0820447-07:00] [pid=4308] LogPluginManager: Mounting plugin MagicLeapLightEstimation
[2026-05-13T03:05:54.0830446-07:00] [pid=4308] LogPluginManager: Mounting plugin ChaosSolverPlugin
[2026-05-13T03:05:54.0840444-07:00] [pid=4308] LogPluginManager: Mounting plugin ChaosNiagara
[2026-05-13T03:05:54.0850447-07:00] [pid=4308] LogPluginManager: Mounting plugin MagicLeapMedia
[2026-05-13T03:05:54.0850447-07:00] [pid=4308] LogPluginManager: Mounting plugin CharacterAI
[2026-05-13T03:05:54.0850447-07:00] [pid=4308] LogPluginManager: Mounting plugin ChaosEditor
[2026-05-13T03:05:54.0865477-07:00] [pid=4308] LogPluginManager: Mounting plugin ChaosClothEditor
[2026-05-13T03:05:54.0865477-07:00] [pid=4308] LogPluginManager: Mounting plugin MLSDK
[2026-05-13T03:05:54.0875522-07:00] [pid=4308] LogPluginManager: Mounting plugin GeometryCache
[2026-05-13T03:05:54.0885589-07:00] [pid=4308] LogPluginManager: Mounting plugin MagicLeapPassableWorld
[2026-05-13T03:05:54.0885589-07:00] [pid=4308] LogPluginManager: Mounting plugin ChaosCloth
[2026-05-13T03:05:54.0895601-07:00] [pid=4308] LogPluginManager: Mounting plugin GeometryProcessing
[2026-05-13T03:05:54.0900720-07:00] [pid=4308] LogPluginManager: Mounting plugin OpenImageDenoise
[2026-05-13T03:05:54.0900720-07:00] [pid=4308] LogPluginManager: Mounting plugin GeometryCollectionPlugin
[2026-05-13T03:05:54.0910794-07:00] [pid=4308] LogPluginManager: Mounting plugin MotoSynth
[2026-05-13T03:05:54.0920839-07:00] [pid=4308] LogPluginManager: Mounting plugin PlatformCrypto
[2026-05-13T03:05:54.0930829-07:00] [pid=4308] LogPluginManager: Mounting plugin PythonScriptPlugin
[2026-05-13T03:05:54.0930829-07:00] [pid=4308] LogPluginManager: Mounting plugin PlanarCut
[2026-05-13T03:05:54.0940823-07:00] [pid=4308] LogPluginManager: Mounting plugin SkeletalReduction
[2026-05-13T03:05:54.0940823-07:00] [pid=4308] LogPluginManager: Mounting plugin ProxyLODPlugin
[2026-05-13T03:05:54.0950824-07:00] [pid=4308] LogPluginManager: Mounting plugin ActorSequence
[2026-05-13T03:05:54.0950824-07:00] [pid=4308] LogPluginManager: Mounting plugin MatineeToLevelSequence
[2026-05-13T03:05:54.0965959-07:00] [pid=4308] LogPluginManager: Mounting plugin UdpMessaging
[2026-05-13T03:05:54.0965959-07:00] [pid=4308] LogPluginManager: Mounting plugin LevelSequenceEditor
[2026-05-13T03:05:54.0976141-07:00] [pid=4308] LogPluginManager: Mounting plugin TemplateSequence
[2026-05-13T03:05:54.0986211-07:00] [pid=4308] LogPluginManager: Mounting plugin OnlineSubsystem
[2026-05-13T03:05:54.0986211-07:00] [pid=4308] LogPluginManager: Mounting plugin OnlineSubsystemNull
[2026-05-13T03:05:54.0996136-07:00] [pid=4308] LogPluginManager: Mounting plugin OnlineSubsystemUtils
[2026-05-13T03:05:54.1001160-07:00] [pid=4308] LogPluginManager: Mounting plugin LauncherChunkInstaller
[2026-05-13T03:05:54.1011219-07:00] [pid=4308] LogPluginManager: Mounting plugin TcpMessaging
[2026-05-13T03:05:54.1011219-07:00] [pid=4308] LogPluginManager: Mounting plugin ActorLayerUtilities
[2026-05-13T03:05:54.1021332-07:00] [pid=4308] LogPluginManager: Mounting plugin AndroidPermission
[2026-05-13T03:05:54.1021332-07:00] [pid=4308] LogPluginManager: Mounting plugin AppleMoviePlayer
[2026-05-13T03:05:54.1031253-07:00] [pid=4308] LogPluginManager: Mounting plugin ArchVisCharacter
[2026-05-13T03:05:54.1031253-07:00] [pid=4308] LogPluginManager: Mounting plugin AndroidDeviceProfileSelector
[2026-05-13T03:05:54.1041246-07:00] [pid=4308] LogPluginManager: Mounting plugin AudioCapture
[2026-05-13T03:05:54.1051323-07:00] [pid=4308] LogPluginManager: Mounting plugin AppleImageUtils
[2026-05-13T03:05:54.1051323-07:00] [pid=4308] LogPluginManager: Mounting plugin AudioSynesthesia
[2026-05-13T03:05:54.1051323-07:00] [pid=4308] LogPluginManager: Mounting plugin ChunkDownloader
[2026-05-13T03:05:54.1066364-07:00] [pid=4308] LogPluginManager: Mounting plugin CustomMeshComponent
[2026-05-13T03:05:54.1066364-07:00] [pid=4308] LogPluginManager: Mounting plugin AndroidMoviePlayer
[2026-05-13T03:05:54.1076407-07:00] [pid=4308] LogPluginManager: Mounting plugin ExampleDeviceProfileSelector
[2026-05-13T03:05:54.1086436-07:00] [pid=4308] LogPluginManager: Mounting plugin CableComponent
[2026-05-13T03:05:54.1086436-07:00] [pid=4308] LogPluginManager: Mounting plugin GooglePAD
[2026-05-13T03:05:54.1096429-07:00] [pid=4308] LogPluginManager: Mounting plugin AssetTags
[2026-05-13T03:05:54.1101457-07:00] [pid=4308] LogPluginManager: Mounting plugin LinuxDeviceProfileSelector
[2026-05-13T03:05:54.1101457-07:00] [pid=4308] LogPluginManager: Mounting plugin LocationServicesBPLibrary
[2026-05-13T03:05:54.1111501-07:00] [pid=4308] LogPluginManager: Mounting plugin IOSDeviceProfileSelector
[2026-05-13T03:05:54.1121630-07:00] [pid=4308] LogPluginManager: Mounting plugin MobilePatchingUtils
[2026-05-13T03:05:54.1121630-07:00] [pid=4308] LogPluginManager: Mounting plugin OpenXREyeTracker
[2026-05-13T03:05:54.1131541-07:00] [pid=4308] LogPluginManager: Mounting plugin OpenXRHandTracking
[2026-05-13T03:05:54.1131541-07:00] [pid=4308] LogPluginManager: Mounting plugin EditableMesh
[2026-05-13T03:05:54.1141532-07:00] [pid=4308] LogPluginManager: Mounting plugin PhysXVehicles
[2026-05-13T03:05:54.1151534-07:00] [pid=4308] LogPluginManager: Mounting plugin PostSplashScreen
[2026-05-13T03:05:54.1166578-07:00] [pid=4308] LogPluginManager: Mounting plugin ScreenshotTools
[2026-05-13T03:05:54.1166578-07:00] [pid=4308] LogPluginManager: Mounting plugin PropertyAccessEditor
[2026-05-13T03:05:54.1176654-07:00] [pid=4308] LogPluginManager: Mounting plugin OpenXR
[2026-05-13T03:05:54.1186647-07:00] [pid=4308] LogPluginManager: Mounting plugin RuntimePhysXCooking
[2026-05-13T03:05:54.1186647-07:00] [pid=4308] LogPluginManager: Mounting plugin SoundFields
[2026-05-13T03:05:54.1196656-07:00] [pid=4308] LogPluginManager: Mounting plugin SignificanceManager
[2026-05-13T03:05:54.1201691-07:00] [pid=4308] LogPluginManager: Mounting plugin Synthesis
[2026-05-13T03:05:54.1211810-07:00] [pid=4308] LogPluginManager: Mounting plugin WebMMoviePlayer
[2026-05-13T03:05:54.1211810-07:00] [pid=4308] LogPluginManager: Mounting plugin ProceduralMeshComponent
[2026-05-13T03:05:54.1221865-07:00] [pid=4308] LogPluginManager: Mounting plugin GoogleCloudMessaging
[2026-05-13T03:05:54.1231935-07:00] [pid=4308] LogPluginManager: Mounting plugin WindowsMoviePlayer
[2026-05-13T03:05:54.1231935-07:00] [pid=4308] LogPluginManager: Mounting plugin Takes
[2026-05-13T03:05:54.1241888-07:00] [pid=4308] LogPluginManager: Mounting plugin CLionSourceCodeAccess
[2026-05-13T03:05:54.1241888-07:00] [pid=4308] LogPluginManager: Mounting plugin CodeLiteSourceCodeAccess
[2026-05-13T03:05:54.1251930-07:00] [pid=4308] LogPluginManager: Mounting plugin KDevelopSourceCodeAccess
[2026-05-13T03:05:54.1251930-07:00] [pid=4308] LogPluginManager: Mounting plugin GitSourceControl
[2026-05-13T03:05:54.1266984-07:00] [pid=4308] LogPluginManager: Mounting plugin NullSourceCodeAccess
[2026-05-13T03:05:54.1266984-07:00] [pid=4308] LogPluginManager: Mounting plugin PerforceSourceControl
[2026-05-13T03:05:54.1277053-07:00] [pid=4308] LogPluginManager: Mounting plugin PlasticSourceControl
[2026-05-13T03:05:54.1287051-07:00] [pid=4308] LogPluginManager: Mounting plugin PropertyAccessNode
[2026-05-13T03:05:54.1287051-07:00] [pid=4308] LogPluginManager: Mounting plugin RiderSourceCodeAccess
[2026-05-13T03:05:54.1297052-07:00] [pid=4308] LogPluginManager: Mounting plugin TextureFormatOodle
[2026-05-13T03:05:54.1302121-07:00] [pid=4308] LogPluginManager: Mounting plugin UObjectPlugin
[2026-05-13T03:05:54.1312167-07:00] [pid=4308] LogPluginManager: Mounting plugin VisualStudioCodeSourceCodeAccess
[2026-05-13T03:05:54.1312167-07:00] [pid=4308] LogPluginManager: Mounting plugin VisualStudioSourceCodeAccess
[2026-05-13T03:05:54.1312167-07:00] [pid=4308] LogPluginManager: Mounting plugin AndroidMedia
[2026-05-13T03:05:54.1327211-07:00] [pid=4308] LogPluginManager: Mounting plugin PluginUtils
[2026-05-13T03:05:54.1337258-07:00] [pid=4308] LogPluginManager: Mounting plugin SubversionSourceControl
[2026-05-13T03:05:54.1337258-07:00] [pid=4308] LogPluginManager: Mounting plugin XCodeSourceCodeAccess
[2026-05-13T03:05:54.1347264-07:00] [pid=4308] LogPluginManager: Mounting plugin AvfMedia
[2026-05-13T03:05:54.1357262-07:00] [pid=4308] LogPluginManager: Mounting plugin ImgMedia
[2026-05-13T03:05:54.1357262-07:00] [pid=4308] LogPluginManager: Mounting plugin PixWinPlugin
[2026-05-13T03:05:54.1367274-07:00] [pid=4308] LogPluginManager: Mounting plugin MediaCompositing
[2026-05-13T03:05:54.1377326-07:00] [pid=4308] LogPluginManager: Mounting plugin MediaPlayerEditor
[2026-05-13T03:05:54.1377326-07:00] [pid=4308] LogPluginManager: Mounting plugin WebMMedia
[2026-05-13T03:05:54.1387329-07:00] [pid=4308] LogPluginManager: Mounting plugin WmfMedia
[2026-05-13T03:05:54.1387329-07:00] [pid=4308] LogPluginManager: Mounting plugin ContentBrowserAssetDataSource
[2026-05-13T03:05:54.1402366-07:00] [pid=4308] LogPluginManager: Mounting plugin ContentBrowserFileDataSource
[2026-05-13T03:05:54.1402366-07:00] [pid=4308] LogPluginManager: Mounting plugin ContentBrowserClassDataSource
[2026-05-13T03:05:54.1412413-07:00] [pid=4308] LogPluginManager: Mounting plugin OnlineSubsystemGooglePlay
[2026-05-13T03:05:54.1422450-07:00] [pid=4308] LogPluginManager: Mounting plugin OnlineSubsystemIOS
[2026-05-13T03:05:54.1432455-07:00] [pid=4308] LogPluginManager: Mounting plugin OculusVR
[2026-05-13T03:05:54.1432455-07:00] [pid=4308] LogPluginManager: Mounting plugin SteamVR
[2026-05-13T03:05:54.1442450-07:00] [pid=4308] LogPluginManager: Mounting plugin Wwise
[2026-05-13T03:05:54.2500117-07:00] [pid=4308] LogInit: Using libcurl 7.55.1-DEV
[2026-05-13T03:05:54.2500117-07:00] [pid=4308] LogInit:  - built for x86_64-pc-win32
[2026-05-13T03:05:54.2500117-07:00] [pid=4308] LogInit:  - supports SSL with OpenSSL/1.1.1
[2026-05-13T03:05:54.2500117-07:00] [pid=4308] LogInit:  - supports HTTP deflate (compression) using libz 1.2.8
[2026-05-13T03:05:54.2500117-07:00] [pid=4308] LogInit:  - other features:
[2026-05-13T03:05:54.2500117-07:00] [pid=4308] LogInit:      CURL_VERSION_SSL
[2026-05-13T03:05:54.2510172-07:00] [pid=4308] LogInit:      CURL_VERSION_LIBZ
[2026-05-13T03:05:54.2510172-07:00] [pid=4308] LogInit:      CURL_VERSION_IPV6
[2026-05-13T03:05:54.2510172-07:00] [pid=4308] LogInit:      CURL_VERSION_ASYNCHDNS
[2026-05-13T03:05:54.2510172-07:00] [pid=4308] LogInit:      CURL_VERSION_LARGEFILE
[2026-05-13T03:05:54.2510172-07:00] [pid=4308] LogInit:      CURL_VERSION_IDN
[2026-05-13T03:05:54.2510172-07:00] [pid=4308] LogInit:  CurlRequestOptions (configurable via config and command line):
[2026-05-13T03:05:54.2510172-07:00] [pid=4308] LogInit:  - bVerifyPeer = true  - Libcurl will verify peer certificate
[2026-05-13T03:05:54.2510172-07:00] [pid=4308] LogInit:  - bUseHttpProxy = false  - Libcurl will NOT use HTTP proxy
[2026-05-13T03:05:54.2510172-07:00] [pid=4308] LogInit:  - bDontReuseConnections = false  - Libcurl will reuse connections
[2026-05-13T03:05:54.2510172-07:00] [pid=4308] LogInit:  - MaxHostConnections = 16  - Libcurl will limit the number of connections to a host
[2026-05-13T03:05:54.2510172-07:00] [pid=4308] LogInit:  - LocalHostAddr = Default
[2026-05-13T03:05:54.2510172-07:00] [pid=4308] LogInit:  - BufferSize = 65536
[2026-05-13T03:05:54.2776125-07:00] [pid=4308] LogOnline: OSS: Creating online subsystem instance for: NULL
[2026-05-13T03:05:54.2786132-07:00] [pid=4308] LogInit: WinSock: version 1.1 (2.2), MaxSocks=32767, MaxUdp=65467
[2026-05-13T03:05:54.2796260-07:00] [pid=4308] LogOnline: OSS: TryLoadSubsystemAndSetDefault: Loaded subsystem for module [NULL]
[2026-05-13T03:05:54.3277946-07:00] [pid=4308] PixWinPlugin: PIX capture plugin failed to initialize! Check that the process is launched from PIX.
[2026-05-13T03:05:54.3634025-07:00] [pid=4308] LogOculusPluginWrapper: OculusPlugin initialized successfully
[2026-05-13T03:05:54.3644034-07:00] [pid=4308] [OVRPlugin][ERROR] 
[2026-05-13T03:05:54.3644034-07:00] [pid=4308] ovr_Initialize failed: Unable to load LibOVRRT DLL
 (software\oculussdk\integrations\ovrplugin\main\src\util\compositorcapi.cpp:78)
[2026-05-13T03:05:54.3644034-07:00] [pid=4308] 
[2026-05-13T03:05:54.3644034-07:00] [pid=4308] LogHMD: Failed initializing OVRPlugin 1.59.0
[2026-05-13T03:05:54.3644034-07:00] [pid=4308] LogInit: Build: ++UE4+Release-4.27-CL-18319896
[2026-05-13T03:05:54.3644034-07:00] [pid=4308] LogInit: Engine Version: 4.27.2-18319896+++UE4+Release-4.27
[2026-05-13T03:05:54.3644034-07:00] [pid=4308] LogInit: Compatible Engine Version: 4.27.0-17155196+++UE4+Release-4.27
[2026-05-13T03:05:54.3644034-07:00] [pid=4308] LogInit: Net CL: 17155196
[2026-05-13T03:05:54.3644034-07:00] [pid=4308] LogInit: OS: Windows 10 (Release 2009) (), CPU: 13th Gen Intel(R) Core(TM) i7-13650HX, GPU: Intel(R) UHD Graphics
[2026-05-13T03:05:54.3644034-07:00] [pid=4308] LogInit: Compiled (64-bit): Nov 30 2021 07:12:08
[2026-05-13T03:05:54.3644034-07:00] [pid=4308] LogInit: Compiled with Visual C++: 19.24.28315.00
[2026-05-13T03:05:54.3644034-07:00] [pid=4308] LogInit: Build Configuration: Development
[2026-05-13T03:05:54.3644034-07:00] [pid=4308] LogInit: Branch Name: ++UE4+Release-4.27
[2026-05-13T03:05:54.3644034-07:00] [pid=4308] LogInit: Command Line:  /Game/ThirdPersonBP/Maps/ThirdPersonExampleMap -game -RenderOffscreen -unattended -nopause -NoSplash -abslog=C:\Users\kapil\AppData\Local\Temp\immerse_editor_20260513-030543.log
[2026-05-13T03:05:54.3644034-07:00] [pid=4308] LogInit: Base Directory: C:/Program Files/Epic Games/UE_4.27/Engine/Binaries/Win64/
[2026-05-13T03:05:54.3644034-07:00] [pid=4308] LogInit: Allocator: TBB
[2026-05-13T03:05:54.3654029-07:00] [pid=4308] LogInit: Installed Engine Build: 1
[2026-05-13T03:05:54.3654029-07:00] [pid=4308] LogDevObjectVersion: Number of dev versions registered: 29
[2026-05-13T03:05:54.3654029-07:00] [pid=4308] LogDevObjectVersion:   Dev-Blueprints (B0D832E4-1F89-4F0D-ACCF-7EB736FD4AA2): 10
[2026-05-13T03:05:54.3654029-07:00] [pid=4308] LogDevObjectVersion:   Dev-Build (E1C64328-A22C-4D53-A36C-8E866417BD8C): 0
[2026-05-13T03:05:54.3654029-07:00] [pid=4308] LogDevObjectVersion:   Dev-Core (375EC13C-06E4-48FB-B500-84F0262A717E): 4
[2026-05-13T03:05:54.3654029-07:00] [pid=4308] LogDevObjectVersion:   Dev-Editor (E4B068ED-F494-42E9-A231-DA0B2E46BB41): 40
[2026-05-13T03:05:54.3654029-07:00] [pid=4308] LogDevObjectVersion:   Dev-Framework (CFFC743F-43B0-4480-9391-14DF171D2073): 37
[2026-05-13T03:05:54.3654029-07:00] [pid=4308] LogDevObjectVersion:   Dev-Mobile (B02B49B5-BB20-44E9-A304-32B752E40360): 3
[2026-05-13T03:05:54.3654029-07:00] [pid=4308] LogDevObjectVersion:   Dev-Networking (A4E4105C-59A1-49B5-A7C5-40C4547EDFEE): 0
[2026-05-13T03:05:54.3654029-07:00] [pid=4308] LogDevObjectVersion:   Dev-Online (39C831C9-5AE6-47DC-9A44-9C173E1C8E7C): 0
[2026-05-13T03:05:54.3654029-07:00] [pid=4308] LogDevObjectVersion:   Dev-Physics (78F01B33-EBEA-4F98-B9B4-84EACCB95AA2): 14
[2026-05-13T03:05:54.3654029-07:00] [pid=4308] LogDevObjectVersion:   Dev-Platform (6631380F-2D4D-43E0-8009-CF276956A95A): 0
[2026-05-13T03:05:54.3654029-07:00] [pid=4308] LogDevObjectVersion:   Dev-Rendering (12F88B9F-8875-4AFC-A67C-D90C383ABD29): 45
[2026-05-13T03:05:54.3654029-07:00] [pid=4308] LogDevObjectVersion:   Dev-Sequencer (7B5AE74C-D270-4C10-A958-57980B212A5A): 13
[2026-05-13T03:05:54.3654029-07:00] [pid=4308] LogDevObjectVersion:   Dev-VR (D7296918-1DD6-4BDD-9DE2-64A83CC13884): 3
[2026-05-13T03:05:54.3654029-07:00] [pid=4308] LogDevObjectVersion:   Dev-LoadTimes (C2A15278-BFE7-4AFE-6C17-90FF531DF755): 1
[2026-05-13T03:05:54.3654029-07:00] [pid=4308] LogDevObjectVersion:   Private-Geometry (6EACA3D4-40EC-4CC1-B786-8BED09428FC5): 3
[2026-05-13T03:05:54.3654029-07:00] [pid=4308] LogDevObjectVersion:   Dev-AnimPhys (29E575DD-E0A3-4627-9D10-D276232CDCEA): 17
[2026-05-13T03:05:54.3654029-07:00] [pid=4308] LogDevObjectVersion:   Dev-Anim (AF43A65D-7FD3-4947-9873-3E8ED9C1BB05): 15
[2026-05-13T03:05:54.3654029-07:00] [pid=4308] LogDevObjectVersion:   Dev-ReflectionCapture (6B266CEC-1EC7-4B8F-A30B-E4D90942FC07): 1
[2026-05-13T03:05:54.3654029-07:00] [pid=4308] LogDevObjectVersion:   Dev-Automation (0DF73D61-A23F-47EA-B727-89E90C41499A): 1
[2026-05-13T03:05:54.3654029-07:00] [pid=4308] LogDevObjectVersion:   FortniteMain (601D1886-AC64-4F84-AA16-D3DE0DEAC7D6): 47
[2026-05-13T03:05:54.3654029-07:00] [pid=4308] LogDevObjectVersion:   FortniteRelease (E7086368-6B23-4C58-8439-1B7016265E91): 1
[2026-05-13T03:05:54.3654029-07:00] [pid=4308] LogDevObjectVersion:   Dev-Enterprise (9DFFBCD6-494F-0158-E221-12823C92A888): 10
[2026-05-13T03:05:54.3654029-07:00] [pid=4308] LogDevObjectVersion:   Dev-Niagara (F2AED0AC-9AFE-416F-8664-AA7FFA26D6FC): 1
[2026-05-13T03:05:54.3654029-07:00] [pid=4308] LogDevObjectVersion:   Dev-Destruction (174F1F0B-B4C6-45A5-B13F-2EE8D0FB917D): 10
[2026-05-13T03:05:54.3654029-07:00] [pid=4308] LogDevObjectVersion:   Dev-Physics-Ext (35F94A83-E258-406C-A318-09F59610247C): 41
[2026-05-13T03:05:54.3654029-07:00] [pid=4308] LogDevObjectVersion:   Dev-PhysicsMaterial-Chaos (B68FC16E-8B1B-42E2-B453-215C058844FE): 1
[2026-05-13T03:05:54.3664023-07:00] [pid=4308] LogDevObjectVersion:   Dev-CineCamera (B2E18506-4273-CFC2-A54E-F4BB758BBA07): 1
[2026-05-13T03:05:54.3664023-07:00] [pid=4308] LogDevObjectVersion:   Dev-VirtualProduction (64F58936-FD1B-42BA-BA96-7289D5D0FA4E): 1
[2026-05-13T03:05:54.3664023-07:00] [pid=4308] LogDevObjectVersion:   Dev-MediaFramework (6F0ED827-A609-4895-9C91-998D90180EA4): 2
[2026-05-13T03:05:54.3719178-07:00] [pid=4308] LogInit: Presizing for max 25165824 objects, including 0 objects not considered by GC, pre-allocating 0 bytes for permanent pool.
[2026-05-13T03:05:54.3719178-07:00] [pid=4308] LogConfig: Applying CVar settings from Section [/Script/Engine.StreamingSettings] File [C:/Users/kapil/OneDrive/Documents/Unreal Projects/testTP/Saved/Config/Windows/Engine.ini]
[2026-05-13T03:05:54.3719178-07:00] [pid=4308] LogConfig: Setting CVar [[s.MinBulkDataSizeForAsyncLoading:131072]]
[2026-05-13T03:05:54.3719178-07:00] [pid=4308] LogConfig: Setting CVar [[s.AsyncLoadingThreadEnabled:0]]
[2026-05-13T03:05:54.3719178-07:00] [pid=4308] LogConfig: Setting CVar [[s.EventDrivenLoaderEnabled:1]]
[2026-05-13T03:05:54.3719178-07:00] [pid=4308] LogConfig: Setting CVar [[s.WarnIfTimeLimitExceeded:0]]
[2026-05-13T03:05:54.3719178-07:00] [pid=4308] LogConfig: Setting CVar [[s.TimeLimitExceededMultiplier:1.5]]
[2026-05-13T03:05:54.3719178-07:00] [pid=4308] LogConfig: Setting CVar [[s.TimeLimitExceededMinTime:0.005]]
[2026-05-13T03:05:54.3719178-07:00] [pid=4308] LogConfig: Setting CVar [[s.UseBackgroundLevelStreaming:1]]
[2026-05-13T03:05:54.3719178-07:00] [pid=4308] LogConfig: Setting CVar [[s.PriorityAsyncLoadingExtraTime:15.0]]
[2026-05-13T03:05:54.3719178-07:00] [pid=4308] LogConfig: Setting CVar [[s.LevelStreamingActorsUpdateTimeLimit:5.0]]
[2026-05-13T03:05:54.3719178-07:00] [pid=4308] LogConfig: Setting CVar [[s.PriorityLevelStreamingActorsUpdateExtraTime:5.0]]
[2026-05-13T03:05:54.3719178-07:00] [pid=4308] LogConfig: Setting CVar [[s.LevelStreamingComponentsRegistrationGranularity:10]]
[2026-05-13T03:05:54.3719178-07:00] [pid=4308] LogConfig: Setting CVar [[s.UnregisterComponentsTimeLimit:1.0]]
[2026-05-13T03:05:54.3719178-07:00] [pid=4308] LogConfig: Setting CVar [[s.LevelStreamingComponentsUnregistrationGranularity:5]]
[2026-05-13T03:05:54.3719178-07:00] [pid=4308] LogConfig: Setting CVar [[s.FlushStreamingOnExit:1]]
[2026-05-13T03:05:54.3764324-07:00] [pid=4308] LogInit: Object subsystem initialized
[2026-05-13T03:05:54.3784396-07:00] [pid=4308] LogConfig: Setting CVar [[con.DebugEarlyDefault:1]]
[2026-05-13T03:05:54.3784396-07:00] [pid=4308] LogConfig: Setting CVar [[r.setres:1280x720]]
[2026-05-13T03:05:54.3784396-07:00] [pid=4308] [2026.05.13-10.05.54:378][  0]LogConfig: Setting CVar [[con.DebugEarlyDefault:1]]
[2026-05-13T03:05:54.3784396-07:00] [pid=4308] [2026.05.13-10.05.54:378][  0]LogConfig: Setting CVar [[r.setres:1280x720]]
[2026-05-13T03:05:54.3784396-07:00] [pid=4308] [2026.05.13-10.05.54:378][  0]LogConfig: Applying CVar settings from Section [/Script/Engine.RendererSettings] File [C:/Users/kapil/OneDrive/Documents/Unreal Projects/testTP/Saved/Config/Windows/Engine.ini]
[2026-05-13T03:05:54.3784396-07:00] [pid=4308] [2026.05.13-10.05.54:378][  0]LogConfig: Setting CVar [[r.GPUCrashDebugging:0]]
[2026-05-13T03:05:54.3784396-07:00] [pid=4308] [2026.05.13-10.05.54:378][  0]LogConfig: Applying CVar settings from Section [/Script/Engine.RendererOverrideSettings] File [C:/Users/kapil/OneDrive/Documents/Unreal Projects/testTP/Saved/Config/Windows/Engine.ini]
[2026-05-13T03:05:54.3784396-07:00] [pid=4308] [2026.05.13-10.05.54:378][  0]LogConfig: Applying CVar settings from Section [/Script/Engine.StreamingSettings] File [C:/Users/kapil/OneDrive/Documents/Unreal Projects/testTP/Saved/Config/Windows/Engine.ini]
[2026-05-13T03:05:54.3784396-07:00] [pid=4308] [2026.05.13-10.05.54:378][  0]LogConfig: Setting CVar [[s.MinBulkDataSizeForAsyncLoading:131072]]
[2026-05-13T03:05:54.3784396-07:00] [pid=4308] [2026.05.13-10.05.54:378][  0]LogConfig: Setting CVar [[s.AsyncLoadingThreadEnabled:0]]
[2026-05-13T03:05:54.3784396-07:00] [pid=4308] [2026.05.13-10.05.54:378][  0]LogConfig: Setting CVar [[s.EventDrivenLoaderEnabled:1]]
[2026-05-13T03:05:54.3784396-07:00] [pid=4308] [2026.05.13-10.05.54:378][  0]LogConfig: Setting CVar [[s.WarnIfTimeLimitExceeded:0]]
[2026-05-13T03:05:54.3784396-07:00] [pid=4308] [2026.05.13-10.05.54:378][  0]LogConfig: Setting CVar [[s.TimeLimitExceededMultiplier:1.5]]
[2026-05-13T03:05:54.3784396-07:00] [pid=4308] [2026.05.13-10.05.54:378][  0]LogConfig: Setting CVar [[s.TimeLimitExceededMinTime:0.005]]
[2026-05-13T03:05:54.3784396-07:00] [pid=4308] [2026.05.13-10.05.54:378][  0]LogConfig: Setting CVar [[s.UseBackgroundLevelStreaming:1]]
[2026-05-13T03:05:54.3784396-07:00] [pid=4308] [2026.05.13-10.05.54:378][  0]LogConfig: Setting CVar [[s.PriorityAsyncLoadingExtraTime:15.0]]
[2026-05-13T03:05:54.3784396-07:00] [pid=4308] [2026.05.13-10.05.54:378][  0]LogConfig: Setting CVar [[s.LevelStreamingActorsUpdateTimeLimit:5.0]]
[2026-05-13T03:05:54.3784396-07:00] [pid=4308] [2026.05.13-10.05.54:378][  0]LogConfig: Setting CVar [[s.PriorityLevelStreamingActorsUpdateExtraTime:5.0]]
[2026-05-13T03:05:54.3784396-07:00] [pid=4308] [2026.05.13-10.05.54:378][  0]LogConfig: Setting CVar [[s.LevelStreamingComponentsRegistrationGranularity:10]]
[2026-05-13T03:05:54.3784396-07:00] [pid=4308] [2026.05.13-10.05.54:378][  0]LogConfig: Setting CVar [[s.UnregisterComponentsTimeLimit:1.0]]
[2026-05-13T03:05:54.3784396-07:00] [pid=4308] [2026.05.13-10.05.54:378][  0]LogConfig: Setting CVar [[s.LevelStreamingComponentsUnregistrationGranularity:5]]
[2026-05-13T03:05:54.3784396-07:00] [pid=4308] [2026.05.13-10.05.54:378][  0]LogConfig: Setting CVar [[s.FlushStreamingOnExit:1]]
[2026-05-13T03:05:54.3784396-07:00] [pid=4308] [2026.05.13-10.05.54:378][  0]LogConfig: Applying CVar settings from Section [/Script/Engine.GarbageCollectionSettings] File [C:/Users/kapil/OneDrive/Documents/Unreal Projects/testTP/Saved/Config/Windows/Engine.ini]
[2026-05-13T03:05:54.3784396-07:00] [pid=4308] [2026.05.13-10.05.54:378][  0]LogConfig: Setting CVar [[gc.MaxObjectsNotConsideredByGC:1]]
[2026-05-13T03:05:54.3784396-07:00] [pid=4308] [2026.05.13-10.05.54:378][  0]LogConfig: Setting CVar [[gc.SizeOfPermanentObjectPool:0]]
[2026-05-13T03:05:54.3794401-07:00] [pid=4308] [2026.05.13-10.05.54:378][  0]LogConfig: Setting CVar [[gc.FlushStreamingOnGC:0]]
[2026-05-13T03:05:54.3794401-07:00] [pid=4308] [2026.05.13-10.05.54:379][  0]LogConfig: Setting CVar [[gc.NumRetriesBeforeForcingGC:10]]
[2026-05-13T03:05:54.3794401-07:00] [pid=4308] [2026.05.13-10.05.54:379][  0]LogConfig: Setting CVar [[gc.AllowParallelGC:1]]
[2026-05-13T03:05:54.3794401-07:00] [pid=4308] [2026.05.13-10.05.54:379][  0]LogConfig: Setting CVar [[gc.TimeBetweenPurgingPendingKillObjects:61.1]]
[2026-05-13T03:05:54.3794401-07:00] [pid=4308] [2026.05.13-10.05.54:379][  0]LogConfig: Setting CVar [[gc.MaxObjectsInEditor:25165824]]
[2026-05-13T03:05:54.3794401-07:00] [pid=4308] [2026.05.13-10.05.54:379][  0]LogConfig: Setting CVar [[gc.IncrementalBeginDestroyEnabled:1]]
[2026-05-13T03:05:54.3794401-07:00] [pid=4308] [2026.05.13-10.05.54:379][  0]LogConfig: Setting CVar [[gc.CreateGCClusters:1]]
[2026-05-13T03:05:54.3794401-07:00] [pid=4308] [2026.05.13-10.05.54:379][  0]LogConfig: Setting CVar [[gc.MinGCClusterSize:5]]
[2026-05-13T03:05:54.3794401-07:00] [pid=4308] [2026.05.13-10.05.54:379][  0]LogConfig: Setting CVar [[gc.ActorClusteringEnabled:0]]
[2026-05-13T03:05:54.3794401-07:00] [pid=4308] [2026.05.13-10.05.54:379][  0]LogConfig: Setting CVar [[gc.BlueprintClusteringEnabled:0]]
[2026-05-13T03:05:54.3794401-07:00] [pid=4308] [2026.05.13-10.05.54:379][  0]LogConfig: Setting CVar [[gc.UseDisregardForGCOnDedicatedServers:0]]
[2026-05-13T03:05:54.3794401-07:00] [pid=4308] [2026.05.13-10.05.54:379][  0]LogConfig: Setting CVar [[gc.MultithreadedDestructionEnabled:1]]
[2026-05-13T03:05:54.3794401-07:00] [pid=4308] [2026.05.13-10.05.54:379][  0]LogConfig: Applying CVar settings from Section [/Script/Engine.NetworkSettings] File [C:/Users/kapil/OneDrive/Documents/Unreal Projects/testTP/Saved/Config/Windows/Engine.ini]
[2026-05-13T03:05:54.3794401-07:00] [pid=4308] [2026.05.13-10.05.54:379][  0]LogConfig: Applying CVar settings from Section [/Script/UnrealEd.CookerSettings] File [C:/Users/kapil/OneDrive/Documents/Unreal Projects/testTP/Saved/Config/Windows/Engine.ini]
[2026-05-13T03:05:54.3839537-07:00] [pid=4308] [2026.05.13-10.05.54:383][  0]LogConfig: Applying CVar settings from Section [ViewDistanceQuality@3] File [C:/Users/kapil/OneDrive/Documents/Unreal Projects/testTP/Saved/Config/Windows/Scalability.ini]
[2026-05-13T03:05:54.3839537-07:00] [pid=4308] [2026.05.13-10.05.54:383][  0]LogConfig: Setting CVar [[r.SkeletalMeshLODBias:0]]
[2026-05-13T03:05:54.3839537-07:00] [pid=4308] [2026.05.13-10.05.54:383][  0]LogConfig: Setting CVar [[r.ViewDistanceScale:1.0]]
[2026-05-13T03:05:54.3839537-07:00] [pid=4308] [2026.05.13-10.05.54:383][  0]LogConfig: Applying CVar settings from Section [AntiAliasingQuality@3] File [C:/Users/kapil/OneDrive/Documents/Unreal Projects/testTP/Saved/Config/Windows/Scalability.ini]
[2026-05-13T03:05:54.3839537-07:00] [pid=4308] [2026.05.13-10.05.54:383][  0]LogConfig: Setting CVar [[r.PostProcessAAQuality:4]]
[2026-05-13T03:05:54.3839537-07:00] [pid=4308] [2026.05.13-10.05.54:383][  0]LogConfig: Applying CVar settings from Section [ShadowQuality@3] File [C:/Users/kapil/OneDrive/Documents/Unreal Projects/testTP/Saved/Config/Windows/Scalability.ini]
[2026-05-13T03:05:54.3839537-07:00] [pid=4308] [2026.05.13-10.05.54:383][  0]LogConfig: Setting CVar [[r.LightFunctionQuality:1]]
[2026-05-13T03:05:54.3839537-07:00] [pid=4308] [2026.05.13-10.05.54:383][  0]LogConfig: Setting CVar [[r.ShadowQuality:5]]
[2026-05-13T03:05:54.3839537-07:00] [pid=4308] [2026.05.13-10.05.54:383][  0]LogConfig: Setting CVar [[r.Shadow.CSM.MaxCascades:10]]
[2026-05-13T03:05:54.3839537-07:00] [pid=4308] [2026.05.13-10.05.54:383][  0]LogConfig: Setting CVar [[r.Shadow.MaxResolution:2048]]
[2026-05-13T03:05:54.3839537-07:00] [pid=4308] [2026.05.13-10.05.54:383][  0]LogConfig: Setting CVar [[r.Shadow.MaxCSMResolution:2048]]
[2026-05-13T03:05:54.3839537-07:00] [pid=4308] [2026.05.13-10.05.54:383][  0]LogConfig: Setting CVar [[r.Shadow.RadiusThreshold:0.01]]
[2026-05-13T03:05:54.3839537-07:00] [pid=4308] [2026.05.13-10.05.54:383][  0]LogConfig: Setting CVar [[r.Shadow.DistanceScale:1.0]]
[2026-05-13T03:05:54.3839537-07:00] [pid=4308] [2026.05.13-10.05.54:383][  0]LogConfig: Setting CVar [[r.Shadow.CSM.TransitionScale:1.0]]
[2026-05-13T03:05:54.3839537-07:00] [pid=4308] [2026.05.13-10.05.54:383][  0]LogConfig: Setting CVar [[r.Shadow.PreShadowResolutionFactor:1.0]]
[2026-05-13T03:05:54.3839537-07:00] [pid=4308] [2026.05.13-10.05.54:383][  0]LogConfig: Setting CVar [[r.DistanceFieldShadowing:1]]
[2026-05-13T03:05:54.3839537-07:00] [pid=4308] [2026.05.13-10.05.54:383][  0]LogConfig: Setting CVar [[r.DistanceFieldAO:1]]
[2026-05-13T03:05:54.3839537-07:00] [pid=4308] [2026.05.13-10.05.54:383][  0]LogConfig: Setting CVar [[r.AOQuality:2]]
[2026-05-13T03:05:54.3849549-07:00] [pid=4308] [2026.05.13-10.05.54:383][  0]LogConfig: Setting CVar [[r.VolumetricFog:1]]
[2026-05-13T03:05:54.3849549-07:00] [pid=4308] [2026.05.13-10.05.54:384][  0]LogConfig: Setting CVar [[r.VolumetricFog.GridPixelSize:8]]
[2026-05-13T03:05:54.3849549-07:00] [pid=4308] [2026.05.13-10.05.54:384][  0]LogConfig: Setting CVar [[r.VolumetricFog.GridSizeZ:128]]
[2026-05-13T03:05:54.3849549-07:00] [pid=4308] [2026.05.13-10.05.54:384][  0]LogConfig: Setting CVar [[r.VolumetricFog.HistoryMissSupersampleCount:4]]
[2026-05-13T03:05:54.3849549-07:00] [pid=4308] [2026.05.13-10.05.54:384][  0]LogConfig: Setting CVar [[r.LightMaxDrawDistanceScale:1]]
[2026-05-13T03:05:54.3849549-07:00] [pid=4308] [2026.05.13-10.05.54:384][  0]LogConfig: Setting CVar [[r.CapsuleShadows:1]]
[2026-05-13T03:05:54.3849549-07:00] [pid=4308] [2026.05.13-10.05.54:384][  0]LogConfig: Applying CVar settings from Section [PostProcessQuality@3] File [C:/Users/kapil/OneDrive/Documents/Unreal Projects/testTP/Saved/Config/Windows/Scalability.ini]
[2026-05-13T03:05:54.3849549-07:00] [pid=4308] [2026.05.13-10.05.54:384][  0]LogConfig: Setting CVar [[r.MotionBlurQuality:4]]
[2026-05-13T03:05:54.3849549-07:00] [pid=4308] [2026.05.13-10.05.54:384][  0]LogConfig: Setting CVar [[r.AmbientOcclusionMipLevelFactor:0.4]]
[2026-05-13T03:05:54.3849549-07:00] [pid=4308] [2026.05.13-10.05.54:384][  0]LogConfig: Setting CVar [[r.AmbientOcclusionMaxQuality:100]]
[2026-05-13T03:05:54.3849549-07:00] [pid=4308] [2026.05.13-10.05.54:384][  0]LogConfig: Setting CVar [[r.AmbientOcclusionLevels:-1]]
[2026-05-13T03:05:54.3849549-07:00] [pid=4308] [2026.05.13-10.05.54:384][  0]LogConfig: Setting CVar [[r.AmbientOcclusionRadiusScale:1.0]]
[2026-05-13T03:05:54.3849549-07:00] [pid=4308] [2026.05.13-10.05.54:384][  0]LogConfig: Setting CVar [[r.DepthOfFieldQuality:2]]
[2026-05-13T03:05:54.3849549-07:00] [pid=4308] [2026.05.13-10.05.54:384][  0]LogConfig: Setting CVar [[r.RenderTargetPoolMin:400]]
[2026-05-13T03:05:54.3849549-07:00] [pid=4308] [2026.05.13-10.05.54:384][  0]LogConfig: Setting CVar [[r.LensFlareQuality:2]]
[2026-05-13T03:05:54.3849549-07:00] [pid=4308] [2026.05.13-10.05.54:384][  0]LogConfig: Setting CVar [[r.SceneColorFringeQuality:1]]
[2026-05-13T03:05:54.3849549-07:00] [pid=4308] [2026.05.13-10.05.54:384][  0]LogConfig: Setting CVar [[r.EyeAdaptationQuality:2]]
[2026-05-13T03:05:54.3849549-07:00] [pid=4308] [2026.05.13-10.05.54:384][  0]LogConfig: Setting CVar [[r.BloomQuality:5]]
[2026-05-13T03:05:54.3849549-07:00] [pid=4308] [2026.05.13-10.05.54:384][  0]LogConfig: Setting CVar [[r.FastBlurThreshold:100]]
[2026-05-13T03:05:54.3849549-07:00] [pid=4308] [2026.05.13-10.05.54:384][  0]LogConfig: Setting CVar [[r.Upscale.Quality:3]]
[2026-05-13T03:05:54.3849549-07:00] [pid=4308] [2026.05.13-10.05.54:384][  0]LogConfig: Setting CVar [[r.Tonemapper.GrainQuantization:1]]
[2026-05-13T03:05:54.3849549-07:00] [pid=4308] [2026.05.13-10.05.54:384][  0]LogConfig: Setting CVar [[r.LightShaftQuality:1]]
[2026-05-13T03:05:54.3849549-07:00] [pid=4308] [2026.05.13-10.05.54:384][  0]LogConfig: Setting CVar [[r.Filter.SizeScale:1]]
[2026-05-13T03:05:54.3849549-07:00] [pid=4308] [2026.05.13-10.05.54:384][  0]LogConfig: Setting CVar [[r.Tonemapper.Quality:5]]
[2026-05-13T03:05:54.3849549-07:00] [pid=4308] [2026.05.13-10.05.54:384][  0]LogConfig: Setting CVar [[r.DOF.Gather.AccumulatorQuality:1        ; higher gathering accumulator quality]]
[2026-05-13T03:05:54.3849549-07:00] [pid=4308] [2026.05.13-10.05.54:384][  0]LogConfig: Setting CVar [[r.DOF.Gather.PostfilterMethod:1          ; Median3x3 postfilering method]]
[2026-05-13T03:05:54.3849549-07:00] [pid=4308] [2026.05.13-10.05.54:384][  0]LogConfig: Setting CVar [[r.DOF.Gather.EnableBokehSettings:0       ; no bokeh simulation when gathering]]
[2026-05-13T03:05:54.3849549-07:00] [pid=4308] [2026.05.13-10.05.54:384][  0]LogConfig: Setting CVar [[r.DOF.Gather.RingCount:4                 ; medium number of samples when gathering]]
[2026-05-13T03:05:54.3849549-07:00] [pid=4308] [2026.05.13-10.05.54:384][  0]LogConfig: Setting CVar [[r.DOF.Scatter.ForegroundCompositing:1    ; additive foreground scattering]]
[2026-05-13T03:05:54.3849549-07:00] [pid=4308] [2026.05.13-10.05.54:384][  0]LogConfig: Setting CVar [[r.DOF.Scatter.BackgroundCompositing:2    ; additive background scattering]]
[2026-05-13T03:05:54.3849549-07:00] [pid=4308] [2026.05.13-10.05.54:384][  0]LogConfig: Setting CVar [[r.DOF.Scatter.EnableBokehSettings:1      ; bokeh simulation when scattering]]
[2026-05-13T03:05:54.3849549-07:00] [pid=4308] [2026.05.13-10.05.54:384][  0]LogConfig: Setting CVar [[r.DOF.Scatter.MaxSpriteRatio:0.1         ; only a maximum of 10% of scattered bokeh]]
[2026-05-13T03:05:54.3849549-07:00] [pid=4308] [2026.05.13-10.05.54:384][  0]LogConfig: Setting CVar [[r.DOF.Recombine.Quality:1                ; cheap slight out of focus]]
[2026-05-13T03:05:54.3849549-07:00] [pid=4308] [2026.05.13-10.05.54:384][  0]LogConfig: Setting CVar [[r.DOF.Recombine.EnableBokehSettings:0    ; no bokeh simulation on slight out of focus]]
[2026-05-13T03:05:54.3849549-07:00] [pid=4308] [2026.05.13-10.05.54:384][  0]LogConfig: Setting CVar [[r.DOF.TemporalAAQuality:1                ; more stable temporal accumulation]]
[2026-05-13T03:05:54.3849549-07:00] [pid=4308] [2026.05.13-10.05.54:384][  0]LogConfig: Setting CVar [[r.DOF.Kernel.MaxForegroundRadius:0.025]]
[2026-05-13T03:05:54.3849549-07:00] [pid=4308] [2026.05.13-10.05.54:384][  0]LogConfig: Setting CVar [[r.DOF.Kernel.MaxBackgroundRadius:0.025]]
[2026-05-13T03:05:54.3849549-07:00] [pid=4308] [2026.05.13-10.05.54:384][  0]LogConfig: Applying CVar settings from Section [TextureQuality@3] File [C:/Users/kapil/OneDrive/Documents/Unreal Projects/testTP/Saved/Config/Windows/Scalability.ini]
[2026-05-13T03:05:54.3849549-07:00] [pid=4308] [2026.05.13-10.05.54:384][  0]LogConfig: Setting CVar [[r.Streaming.MipBias:0]]
[2026-05-13T03:05:54.3849549-07:00] [pid=4308] [2026.05.13-10.05.54:384][  0]LogConfig: Setting CVar [[r.Streaming.AmortizeCPUToGPUCopy:0]]
[2026-05-13T03:05:54.3849549-07:00] [pid=4308] [2026.05.13-10.05.54:384][  0]LogConfig: Setting CVar [[r.Streaming.MaxNumTexturesToStreamPerFrame:0]]
[2026-05-13T03:05:54.3849549-07:00] [pid=4308] [2026.05.13-10.05.54:384][  0]LogConfig: Setting CVar [[r.Streaming.Boost:1]]
[2026-05-13T03:05:54.3849549-07:00] [pid=4308] [2026.05.13-10.05.54:384][  0]LogConfig: Setting CVar [[r.MaxAnisotropy:8]]
[2026-05-13T03:05:54.3849549-07:00] [pid=4308] [2026.05.13-10.05.54:384][  0]LogConfig: Setting CVar [[r.VT.MaxAnisotropy:8]]
[2026-05-13T03:05:54.3849549-07:00] [pid=4308] [2026.05.13-10.05.54:384][  0]LogConfig: Setting CVar [[r.Streaming.LimitPoolSizeToVRAM:0]]
[2026-05-13T03:05:54.3849549-07:00] [pid=4308] [2026.05.13-10.05.54:384][  0]LogConfig: Setting CVar [[r.Streaming.PoolSize:1000]]
[2026-05-13T03:05:54.3849549-07:00] [pid=4308] [2026.05.13-10.05.54:384][  0]LogConfig: Setting CVar [[r.Streaming.MaxEffectiveScreenSize:0]]
[2026-05-13T03:05:54.3864588-07:00] [pid=4308] [2026.05.13-10.05.54:384][  0]LogConfig: Applying CVar settings from Section [EffectsQuality@3] File [C:/Users/kapil/OneDrive/Documents/Unreal Projects/testTP/Saved/Config/Windows/Scalability.ini]
[2026-05-13T03:05:54.3864588-07:00] [pid=4308] [2026.05.13-10.05.54:386][  0]LogConfig: Setting CVar [[r.TranslucencyLightingVolumeDim:64]]
[2026-05-13T03:05:54.3864588-07:00] [pid=4308] [2026.05.13-10.05.54:386][  0]LogConfig: Setting CVar [[r.RefractionQuality:2]]
[2026-05-13T03:05:54.3864588-07:00] [pid=4308] [2026.05.13-10.05.54:386][  0]LogConfig: Setting CVar [[r.SSR.Quality:3]]
[2026-05-13T03:05:54.3864588-07:00] [pid=4308] [2026.05.13-10.05.54:386][  0]LogConfig: Setting CVar [[r.SSR.HalfResSceneColor:0]]
[2026-05-13T03:05:54.3864588-07:00] [pid=4308] [2026.05.13-10.05.54:386][  0]LogConfig: Setting CVar [[r.SceneColorFormat:4]]
[2026-05-13T03:05:54.3864588-07:00] [pid=4308] [2026.05.13-10.05.54:386][  0]LogConfig: Setting CVar [[r.DetailMode:2]]
[2026-05-13T03:05:54.3864588-07:00] [pid=4308] [2026.05.13-10.05.54:386][  0]LogConfig: Setting CVar [[r.TranslucencyVolumeBlur:1]]
[2026-05-13T03:05:54.3864588-07:00] [pid=4308] [2026.05.13-10.05.54:386][  0]LogConfig: Setting CVar [[r.MaterialQualityLevel:1 ; High quality]]
[2026-05-13T03:05:54.3864588-07:00] [pid=4308] [2026.05.13-10.05.54:386][  0]LogConfig: Setting CVar [[r.AnisotropicMaterials:1]]
[2026-05-13T03:05:54.3864588-07:00] [pid=4308] [2026.05.13-10.05.54:386][  0]LogConfig: Setting CVar [[r.SSS.Scale:1]]
[2026-05-13T03:05:54.3864588-07:00] [pid=4308] [2026.05.13-10.05.54:386][  0]LogConfig: Setting CVar [[r.SSS.SampleSet:2]]
[2026-05-13T03:05:54.3864588-07:00] [pid=4308] [2026.05.13-10.05.54:386][  0]LogConfig: Setting CVar [[r.SSS.Quality:1]]
[2026-05-13T03:05:54.3864588-07:00] [pid=4308] [2026.05.13-10.05.54:386][  0]LogConfig: Setting CVar [[r.SSS.HalfRes:0]]
[2026-05-13T03:05:54.3864588-07:00] [pid=4308] [2026.05.13-10.05.54:386][  0]LogConfig: Setting CVar [[r.SSGI.Quality:3]]
[2026-05-13T03:05:54.3864588-07:00] [pid=4308] [2026.05.13-10.05.54:386][  0]LogConfig: Setting CVar [[r.EmitterSpawnRateScale:1.0]]
[2026-05-13T03:05:54.3864588-07:00] [pid=4308] [2026.05.13-10.05.54:386][  0]LogConfig: Setting CVar [[r.ParticleLightQuality:2]]
[2026-05-13T03:05:54.3864588-07:00] [pid=4308] [2026.05.13-10.05.54:386][  0]LogConfig: Setting CVar [[r.SkyAtmosphere.AerialPerspectiveLUT.FastApplyOnOpaque:1 ; Always have FastSkyLUT 1 in this case to avoid wrong sky]]
[2026-05-13T03:05:54.3864588-07:00] [pid=4308] [2026.05.13-10.05.54:386][  0]LogConfig: Setting CVar [[r.SkyAtmosphere.AerialPerspectiveLUT.SampleCountMaxPerSlice:4]]
[2026-05-13T03:05:54.3864588-07:00] [pid=4308] [2026.05.13-10.05.54:386][  0]LogConfig: Setting CVar [[r.SkyAtmosphere.AerialPerspectiveLUT.DepthResolution:16.0]]
[2026-05-13T03:05:54.3864588-07:00] [pid=4308] [2026.05.13-10.05.54:386][  0]LogConfig: Setting CVar [[r.SkyAtmosphere.FastSkyLUT:1]]
[2026-05-13T03:05:54.3864588-07:00] [pid=4308] [2026.05.13-10.05.54:386][  0]LogConfig: Setting CVar [[r.SkyAtmosphere.FastSkyLUT.SampleCountMin:4.0]]
[2026-05-13T03:05:54.3864588-07:00] [pid=4308] [2026.05.13-10.05.54:386][  0]LogConfig: Setting CVar [[r.SkyAtmosphere.FastSkyLUT.SampleCountMax:128.0]]
[2026-05-13T03:05:54.3864588-07:00] [pid=4308] [2026.05.13-10.05.54:386][  0]LogConfig: Setting CVar [[r.SkyAtmosphere.SampleCountMin:4.0]]
[2026-05-13T03:05:54.3864588-07:00] [pid=4308] [2026.05.13-10.05.54:386][  0]LogConfig: Setting CVar [[r.SkyAtmosphere.SampleCountMax:128.0]]
[2026-05-13T03:05:54.3864588-07:00] [pid=4308] [2026.05.13-10.05.54:386][  0]LogConfig: Setting CVar [[r.SkyAtmosphere.TransmittanceLUT.UseSmallFormat:0]]
[2026-05-13T03:05:54.3864588-07:00] [pid=4308] [2026.05.13-10.05.54:386][  0]LogConfig: Setting CVar [[r.SkyAtmosphere.TransmittanceLUT.SampleCount:10.0]]
[2026-05-13T03:05:54.3864588-07:00] [pid=4308] [2026.05.13-10.05.54:386][  0]LogConfig: Setting CVar [[r.SkyAtmosphere.MultiScatteringLUT.SampleCount:15.0]]
[2026-05-13T03:05:54.3874653-07:00] [pid=4308] [2026.05.13-10.05.54:386][  0]LogConfig: Setting CVar [[r.SkyLight.RealTimeReflectionCapture:1]]
[2026-05-13T03:05:54.3874653-07:00] [pid=4308] [2026.05.13-10.05.54:387][  0]LogConfig: Applying CVar settings from Section [FoliageQuality@3] File [C:/Users/kapil/OneDrive/Documents/Unreal Projects/testTP/Saved/Config/Windows/Scalability.ini]
[2026-05-13T03:05:54.3874653-07:00] [pid=4308] [2026.05.13-10.05.54:387][  0]LogConfig: Setting CVar [[foliage.DensityScale:1.0]]
[2026-05-13T03:05:54.3874653-07:00] [pid=4308] [2026.05.13-10.05.54:387][  0]LogConfig: Setting CVar [[grass.DensityScale:1.0]]
[2026-05-13T03:05:54.3874653-07:00] [pid=4308] [2026.05.13-10.05.54:387][  0]LogConfig: Applying CVar settings from Section [ShadingQuality@3] File [C:/Users/kapil/OneDrive/Documents/Unreal Projects/testTP/Saved/Config/Windows/Scalability.ini]
[2026-05-13T03:05:54.3874653-07:00] [pid=4308] [2026.05.13-10.05.54:387][  0]LogConfig: Setting CVar [[r.HairStrands.SkyLighting.IntegrationType:2]]
[2026-05-13T03:05:54.3874653-07:00] [pid=4308] [2026.05.13-10.05.54:387][  0]LogConfig: Setting CVar [[r.HairStrands.SkyAO.SampleCount:4]]
[2026-05-13T03:05:54.3874653-07:00] [pid=4308] [2026.05.13-10.05.54:387][  0]LogConfig: Setting CVar [[r.HairStrands.Visibility.MSAA.SamplePerPixel:4]]
[2026-05-13T03:05:54.3874653-07:00] [pid=4308] [2026.05.13-10.05.54:387][  0]LogInit: Selected Device Profile: [Windows]
[2026-05-13T03:05:54.3874653-07:00] [pid=4308] [2026.05.13-10.05.54:387][  0]LogInit: Applying CVar settings loaded from the selected device profile: [Windows]
[2026-05-13T03:05:54.3874653-07:00] [pid=4308] [2026.05.13-10.05.54:387][  0]LogHAL: Display: Platform has ~ 16 GB [16849256448 / 17179869184 / 16], which maps to Larger [LargestMinGB=32, LargerMinGB=12, DefaultMinGB=8, SmallerMinGB=6, SmallestMinGB=0)
[2026-05-13T03:05:54.3874653-07:00] [pid=4308] [2026.05.13-10.05.54:387][  0]LogInit: Going up to parent DeviceProfile []
[2026-05-13T03:05:54.3874653-07:00] [pid=4308] [2026.05.13-10.05.54:387][  0]LogConfig: Applying CVar settings from Section [ViewDistanceQuality@3] File [C:/Users/kapil/OneDrive/Documents/Unreal Projects/testTP/Saved/Config/Windows/Scalability.ini]
[2026-05-13T03:05:54.3874653-07:00] [pid=4308] [2026.05.13-10.05.54:387][  0]LogConfig: Setting CVar [[r.SkeletalMeshLODBias:0]]
[2026-05-13T03:05:54.3874653-07:00] [pid=4308] [2026.05.13-10.05.54:387][  0]LogConfig: Setting CVar [[r.ViewDistanceScale:1.0]]
[2026-05-13T03:05:54.3874653-07:00] [pid=4308] [2026.05.13-10.05.54:387][  0]LogConfig: Applying CVar settings from Section [AntiAliasingQuality@3] File [C:/Users/kapil/OneDrive/Documents/Unreal Projects/testTP/Saved/Config/Windows/Scalability.ini]
[2026-05-13T03:05:54.3874653-07:00] [pid=4308] [2026.05.13-10.05.54:387][  0]LogConfig: Setting CVar [[r.PostProcessAAQuality:4]]
[2026-05-13T03:05:54.3874653-07:00] [pid=4308] [2026.05.13-10.05.54:387][  0]LogConfig: Applying CVar settings from Section [ShadowQuality@3] File [C:/Users/kapil/OneDrive/Documents/Unreal Projects/testTP/Saved/Config/Windows/Scalability.ini]
[2026-05-13T03:05:54.3874653-07:00] [pid=4308] [2026.05.13-10.05.54:387][  0]LogConfig: Setting CVar [[r.LightFunctionQuality:1]]
[2026-05-13T03:05:54.3874653-07:00] [pid=4308] [2026.05.13-10.05.54:387][  0]LogConfig: Setting CVar [[r.ShadowQuality:5]]
[2026-05-13T03:05:54.3874653-07:00] [pid=4308] [2026.05.13-10.05.54:387][  0]LogConfig: Setting CVar [[r.Shadow.CSM.MaxCascades:10]]
[2026-05-13T03:05:54.3874653-07:00] [pid=4308] [2026.05.13-10.05.54:387][  0]LogConfig: Setting CVar [[r.Shadow.MaxResolution:2048]]
[2026-05-13T03:05:54.3874653-07:00] [pid=4308] [2026.05.13-10.05.54:387][  0]LogConfig: Setting CVar [[r.Shadow.MaxCSMResolution:2048]]
[2026-05-13T03:05:54.3874653-07:00] [pid=4308] [2026.05.13-10.05.54:387][  0]LogConfig: Setting CVar [[r.Shadow.RadiusThreshold:0.01]]
[2026-05-13T03:05:54.3874653-07:00] [pid=4308] [2026.05.13-10.05.54:387][  0]LogConfig: Setting CVar [[r.Shadow.DistanceScale:1.0]]
[2026-05-13T03:05:54.3874653-07:00] [pid=4308] [2026.05.13-10.05.54:387][  0]LogConfig: Setting CVar [[r.Shadow.CSM.TransitionScale:1.0]]
[2026-05-13T03:05:54.3874653-07:00] [pid=4308] [2026.05.13-10.05.54:387][  0]LogConfig: Setting CVar [[r.Shadow.PreShadowResolutionFactor:1.0]]
[2026-05-13T03:05:54.3874653-07:00] [pid=4308] [2026.05.13-10.05.54:387][  0]LogConfig: Setting CVar [[r.DistanceFieldShadowing:1]]
[2026-05-13T03:05:54.3884653-07:00] [pid=4308] [2026.05.13-10.05.54:387][  0]LogConfig: Setting CVar [[r.DistanceFieldAO:1]]
[2026-05-13T03:05:54.3884653-07:00] [pid=4308] [2026.05.13-10.05.54:388][  0]LogConfig: Setting CVar [[r.AOQuality:2]]
[2026-05-13T03:05:54.3884653-07:00] [pid=4308] [2026.05.13-10.05.54:388][  0]LogConfig: Setting CVar [[r.VolumetricFog:1]]
[2026-05-13T03:05:54.3884653-07:00] [pid=4308] [2026.05.13-10.05.54:388][  0]LogConfig: Setting CVar [[r.VolumetricFog.GridPixelSize:8]]
[2026-05-13T03:05:54.3884653-07:00] [pid=4308] [2026.05.13-10.05.54:388][  0]LogConfig: Setting CVar [[r.VolumetricFog.GridSizeZ:128]]
[2026-05-13T03:05:54.3884653-07:00] [pid=4308] [2026.05.13-10.05.54:388][  0]LogConfig: Setting CVar [[r.VolumetricFog.HistoryMissSupersampleCount:4]]
[2026-05-13T03:05:54.3884653-07:00] [pid=4308] [2026.05.13-10.05.54:388][  0]LogConfig: Setting CVar [[r.LightMaxDrawDistanceScale:1]]
[2026-05-13T03:05:54.3884653-07:00] [pid=4308] [2026.05.13-10.05.54:388][  0]LogConfig: Setting CVar [[r.CapsuleShadows:1]]
[2026-05-13T03:05:54.3884653-07:00] [pid=4308] [2026.05.13-10.05.54:388][  0]LogConfig: Applying CVar settings from Section [PostProcessQuality@3] File [C:/Users/kapil/OneDrive/Documents/Unreal Projects/testTP/Saved/Config/Windows/Scalability.ini]
[2026-05-13T03:05:54.3884653-07:00] [pid=4308] [2026.05.13-10.05.54:388][  0]LogConfig: Setting CVar [[r.MotionBlurQuality:4]]
[2026-05-13T03:05:54.3884653-07:00] [pid=4308] [2026.05.13-10.05.54:388][  0]LogConfig: Setting CVar [[r.AmbientOcclusionMipLevelFactor:0.4]]
[2026-05-13T03:05:54.3884653-07:00] [pid=4308] [2026.05.13-10.05.54:388][  0]LogConfig: Setting CVar [[r.AmbientOcclusionMaxQuality:100]]
[2026-05-13T03:05:54.3884653-07:00] [pid=4308] [2026.05.13-10.05.54:388][  0]LogConfig: Setting CVar [[r.AmbientOcclusionLevels:-1]]
[2026-05-13T03:05:54.3884653-07:00] [pid=4308] [2026.05.13-10.05.54:388][  0]LogConfig: Setting CVar [[r.AmbientOcclusionRadiusScale:1.0]]
[2026-05-13T03:05:54.3884653-07:00] [pid=4308] [2026.05.13-10.05.54:388][  0]LogConfig: Setting CVar [[r.DepthOfFieldQuality:2]]
[2026-05-13T03:05:54.3884653-07:00] [pid=4308] [2026.05.13-10.05.54:388][  0]LogConfig: Setting CVar [[r.RenderTargetPoolMin:400]]
[2026-05-13T03:05:54.3884653-07:00] [pid=4308] [2026.05.13-10.05.54:388][  0]LogConfig: Setting CVar [[r.LensFlareQuality:2]]
[2026-05-13T03:05:54.3884653-07:00] [pid=4308] [2026.05.13-10.05.54:388][  0]LogConfig: Setting CVar [[r.SceneColorFringeQuality:1]]
[2026-05-13T03:05:54.3884653-07:00] [pid=4308] [2026.05.13-10.05.54:388][  0]LogConfig: Setting CVar [[r.EyeAdaptationQuality:2]]
[2026-05-13T03:05:54.3884653-07:00] [pid=4308] [2026.05.13-10.05.54:388][  0]LogConfig: Setting CVar [[r.BloomQuality:5]]
[2026-05-13T03:05:54.3884653-07:00] [pid=4308] [2026.05.13-10.05.54:388][  0]LogConfig: Setting CVar [[r.FastBlurThreshold:100]]
[2026-05-13T03:05:54.3884653-07:00] [pid=4308] [2026.05.13-10.05.54:388][  0]LogConfig: Setting CVar [[r.Upscale.Quality:3]]
[2026-05-13T03:05:54.3884653-07:00] [pid=4308] [2026.05.13-10.05.54:388][  0]LogConfig: Setting CVar [[r.Tonemapper.GrainQuantization:1]]
[2026-05-13T03:05:54.3884653-07:00] [pid=4308] [2026.05.13-10.05.54:388][  0]LogConfig: Setting CVar [[r.LightShaftQuality:1]]
[2026-05-13T03:05:54.3884653-07:00] [pid=4308] [2026.05.13-10.05.54:388][  0]LogConfig: Setting CVar [[r.Filter.SizeScale:1]]
[2026-05-13T03:05:54.3884653-07:00] [pid=4308] [2026.05.13-10.05.54:388][  0]LogConfig: Setting CVar [[r.Tonemapper.Quality:5]]
[2026-05-13T03:05:54.3884653-07:00] [pid=4308] [2026.05.13-10.05.54:388][  0]LogConfig: Setting CVar [[r.DOF.Gather.AccumulatorQuality:1        ; higher gathering accumulator quality]]
[2026-05-13T03:05:54.3884653-07:00] [pid=4308] [2026.05.13-10.05.54:388][  0]LogConfig: Setting CVar [[r.DOF.Gather.PostfilterMethod:1          ; Median3x3 postfilering method]]
[2026-05-13T03:05:54.3884653-07:00] [pid=4308] [2026.05.13-10.05.54:388][  0]LogConfig: Setting CVar [[r.DOF.Gather.EnableBokehSettings:0       ; no bokeh simulation when gathering]]
[2026-05-13T03:05:54.3884653-07:00] [pid=4308] [2026.05.13-10.05.54:388][  0]LogConfig: Setting CVar [[r.DOF.Gather.RingCount:4                 ; medium number of samples when gathering]]
[2026-05-13T03:05:54.3884653-07:00] [pid=4308] [2026.05.13-10.05.54:388][  0]LogConfig: Setting CVar [[r.DOF.Scatter.ForegroundCompositing:1    ; additive foreground scattering]]
[2026-05-13T03:05:54.3884653-07:00] [pid=4308] [2026.05.13-10.05.54:388][  0]LogConfig: Setting CVar [[r.DOF.Scatter.BackgroundCompositing:2    ; additive background scattering]]
[2026-05-13T03:05:54.3884653-07:00] [pid=4308] [2026.05.13-10.05.54:388][  0]LogConfig: Setting CVar [[r.DOF.Scatter.EnableBokehSettings:1      ; bokeh simulation when scattering]]
[2026-05-13T03:05:54.3884653-07:00] [pid=4308] [2026.05.13-10.05.54:388][  0]LogConfig: Setting CVar [[r.DOF.Scatter.MaxSpriteRatio:0.1         ; only a maximum of 10% of scattered bokeh]]
[2026-05-13T03:05:54.3884653-07:00] [pid=4308] [2026.05.13-10.05.54:388][  0]LogConfig: Setting CVar [[r.DOF.Recombine.Quality:1                ; cheap slight out of focus]]
[2026-05-13T03:05:54.3894654-07:00] [pid=4308] [2026.05.13-10.05.54:388][  0]LogConfig: Setting CVar [[r.DOF.Recombine.EnableBokehSettings:0    ; no bokeh simulation on slight out of focus]]
[2026-05-13T03:05:54.3894654-07:00] [pid=4308] [2026.05.13-10.05.54:388][  0]LogConfig: Setting CVar [[r.DOF.TemporalAAQuality:1                ; more stable temporal accumulation]]
[2026-05-13T03:05:54.3894654-07:00] [pid=4308] [2026.05.13-10.05.54:389][  0]LogConfig: Setting CVar [[r.DOF.Kernel.MaxForegroundRadius:0.025]]
[2026-05-13T03:05:54.3894654-07:00] [pid=4308] [2026.05.13-10.05.54:389][  0]LogConfig: Setting CVar [[r.DOF.Kernel.MaxBackgroundRadius:0.025]]
[2026-05-13T03:05:54.3894654-07:00] [pid=4308] [2026.05.13-10.05.54:389][  0]LogConfig: Applying CVar settings from Section [TextureQuality@3] File [C:/Users/kapil/OneDrive/Documents/Unreal Projects/testTP/Saved/Config/Windows/Scalability.ini]
[2026-05-13T03:05:54.3894654-07:00] [pid=4308] [2026.05.13-10.05.54:389][  0]LogConfig: Setting CVar [[r.Streaming.MipBias:0]]
[2026-05-13T03:05:54.3894654-07:00] [pid=4308] [2026.05.13-10.05.54:389][  0]LogConfig: Setting CVar [[r.Streaming.AmortizeCPUToGPUCopy:0]]
[2026-05-13T03:05:54.3894654-07:00] [pid=4308] [2026.05.13-10.05.54:389][  0]LogConfig: Setting CVar [[r.Streaming.MaxNumTexturesToStreamPerFrame:0]]
[2026-05-13T03:05:54.3894654-07:00] [pid=4308] [2026.05.13-10.05.54:389][  0]LogConfig: Setting CVar [[r.Streaming.Boost:1]]
[2026-05-13T03:05:54.3894654-07:00] [pid=4308] [2026.05.13-10.05.54:389][  0]LogConfig: Setting CVar [[r.MaxAnisotropy:8]]
[2026-05-13T03:05:54.3894654-07:00] [pid=4308] [2026.05.13-10.05.54:389][  0]LogConfig: Setting CVar [[r.VT.MaxAnisotropy:8]]
[2026-05-13T03:05:54.3894654-07:00] [pid=4308] [2026.05.13-10.05.54:389][  0]LogConfig: Setting CVar [[r.Streaming.LimitPoolSizeToVRAM:0]]
[2026-05-13T03:05:54.3894654-07:00] [pid=4308] [2026.05.13-10.05.54:389][  0]LogConfig: Setting CVar [[r.Streaming.PoolSize:1000]]
[2026-05-13T03:05:54.3894654-07:00] [pid=4308] [2026.05.13-10.05.54:389][  0]LogConfig: Setting CVar [[r.Streaming.MaxEffectiveScreenSize:0]]
[2026-05-13T03:05:54.3894654-07:00] [pid=4308] [2026.05.13-10.05.54:389][  0]LogConfig: Applying CVar settings from Section [EffectsQuality@3] File [C:/Users/kapil/OneDrive/Documents/Unreal Projects/testTP/Saved/Config/Windows/Scalability.ini]
[2026-05-13T03:05:54.3894654-07:00] [pid=4308] [2026.05.13-10.05.54:389][  0]LogConfig: Setting CVar [[r.TranslucencyLightingVolumeDim:64]]
[2026-05-13T03:05:54.3894654-07:00] [pid=4308] [2026.05.13-10.05.54:389][  0]LogConfig: Setting CVar [[r.RefractionQuality:2]]
[2026-05-13T03:05:54.3899686-07:00] [pid=4308] [2026.05.13-10.05.54:389][  0]LogConfig: Setting CVar [[r.SSR.Quality:3]]
[2026-05-13T03:05:54.3899686-07:00] [pid=4308] [2026.05.13-10.05.54:389][  0]LogConfig: Setting CVar [[r.SSR.HalfResSceneColor:0]]
[2026-05-13T03:05:54.3899686-07:00] [pid=4308] [2026.05.13-10.05.54:389][  0]LogConfig: Setting CVar [[r.SceneColorFormat:4]]
[2026-05-13T03:05:54.3899686-07:00] [pid=4308] [2026.05.13-10.05.54:389][  0]LogConfig: Setting CVar [[r.DetailMode:2]]
[2026-05-13T03:05:54.3899686-07:00] [pid=4308] [2026.05.13-10.05.54:389][  0]LogConfig: Setting CVar [[r.TranslucencyVolumeBlur:1]]
[2026-05-13T03:05:54.3899686-07:00] [pid=4308] [2026.05.13-10.05.54:389][  0]LogConfig: Setting CVar [[r.MaterialQualityLevel:1 ; High quality]]
[2026-05-13T03:05:54.3899686-07:00] [pid=4308] [2026.05.13-10.05.54:389][  0]LogConfig: Setting CVar [[r.AnisotropicMaterials:1]]
[2026-05-13T03:05:54.3899686-07:00] [pid=4308] [2026.05.13-10.05.54:389][  0]LogConfig: Setting CVar [[r.SSS.Scale:1]]
[2026-05-13T03:05:54.3899686-07:00] [pid=4308] [2026.05.13-10.05.54:389][  0]LogConfig: Setting CVar [[r.SSS.SampleSet:2]]
[2026-05-13T03:05:54.3899686-07:00] [pid=4308] [2026.05.13-10.05.54:389][  0]LogConfig: Setting CVar [[r.SSS.Quality:1]]
[2026-05-13T03:05:54.3899686-07:00] [pid=4308] [2026.05.13-10.05.54:389][  0]LogConfig: Setting CVar [[r.SSS.HalfRes:0]]
[2026-05-13T03:05:54.3899686-07:00] [pid=4308] [2026.05.13-10.05.54:389][  0]LogConfig: Setting CVar [[r.SSGI.Quality:3]]
[2026-05-13T03:05:54.3899686-07:00] [pid=4308] [2026.05.13-10.05.54:389][  0]LogConfig: Setting CVar [[r.EmitterSpawnRateScale:1.0]]
[2026-05-13T03:05:54.3899686-07:00] [pid=4308] [2026.05.13-10.05.54:389][  0]LogConfig: Setting CVar [[r.ParticleLightQuality:2]]
[2026-05-13T03:05:54.3899686-07:00] [pid=4308] [2026.05.13-10.05.54:389][  0]LogConfig: Setting CVar [[r.SkyAtmosphere.AerialPerspectiveLUT.FastApplyOnOpaque:1 ; Always have FastSkyLUT 1 in this case to avoid wrong sky]]
[2026-05-13T03:05:54.3899686-07:00] [pid=4308] [2026.05.13-10.05.54:389][  0]LogConfig: Setting CVar [[r.SkyAtmosphere.AerialPerspectiveLUT.SampleCountMaxPerSlice:4]]
[2026-05-13T03:05:54.3899686-07:00] [pid=4308] [2026.05.13-10.05.54:389][  0]LogConfig: Setting CVar [[r.SkyAtmosphere.AerialPerspectiveLUT.DepthResolution:16.0]]
[2026-05-13T03:05:54.3899686-07:00] [pid=4308] [2026.05.13-10.05.54:389][  0]LogConfig: Setting CVar [[r.SkyAtmosphere.FastSkyLUT:1]]
[2026-05-13T03:05:54.3899686-07:00] [pid=4308] [2026.05.13-10.05.54:389][  0]LogConfig: Setting CVar [[r.SkyAtmosphere.FastSkyLUT.SampleCountMin:4.0]]
[2026-05-13T03:05:54.3899686-07:00] [pid=4308] [2026.05.13-10.05.54:389][  0]LogConfig: Setting CVar [[r.SkyAtmosphere.FastSkyLUT.SampleCountMax:128.0]]
[2026-05-13T03:05:54.3899686-07:00] [pid=4308] [2026.05.13-10.05.54:389][  0]LogConfig: Setting CVar [[r.SkyAtmosphere.SampleCountMin:4.0]]
[2026-05-13T03:05:54.3899686-07:00] [pid=4308] [2026.05.13-10.05.54:389][  0]LogConfig: Setting CVar [[r.SkyAtmosphere.SampleCountMax:128.0]]
[2026-05-13T03:05:54.3899686-07:00] [pid=4308] [2026.05.13-10.05.54:389][  0]LogConfig: Setting CVar [[r.SkyAtmosphere.TransmittanceLUT.UseSmallFormat:0]]
[2026-05-13T03:05:54.3899686-07:00] [pid=4308] [2026.05.13-10.05.54:389][  0]LogConfig: Setting CVar [[r.SkyAtmosphere.TransmittanceLUT.SampleCount:10.0]]
[2026-05-13T03:05:54.3899686-07:00] [pid=4308] [2026.05.13-10.05.54:389][  0]LogConfig: Setting CVar [[r.SkyAtmosphere.MultiScatteringLUT.SampleCount:15.0]]
[2026-05-13T03:05:54.3899686-07:00] [pid=4308] [2026.05.13-10.05.54:389][  0]LogConfig: Setting CVar [[r.SkyLight.RealTimeReflectionCapture:1]]
[2026-05-13T03:05:54.3899686-07:00] [pid=4308] [2026.05.13-10.05.54:389][  0]LogConfig: Applying CVar settings from Section [FoliageQuality@3] File [C:/Users/kapil/OneDrive/Documents/Unreal Projects/testTP/Saved/Config/Windows/Scalability.ini]
[2026-05-13T03:05:54.3899686-07:00] [pid=4308] [2026.05.13-10.05.54:389][  0]LogConfig: Setting CVar [[foliage.DensityScale:1.0]]
[2026-05-13T03:05:54.3899686-07:00] [pid=4308] [2026.05.13-10.05.54:389][  0]LogConfig: Setting CVar [[grass.DensityScale:1.0]]
[2026-05-13T03:05:54.3899686-07:00] [pid=4308] [2026.05.13-10.05.54:389][  0]LogConfig: Applying CVar settings from Section [ShadingQuality@3] File [C:/Users/kapil/OneDrive/Documents/Unreal Projects/testTP/Saved/Config/Windows/Scalability.ini]
[2026-05-13T03:05:54.3899686-07:00] [pid=4308] [2026.05.13-10.05.54:389][  0]LogConfig: Setting CVar [[r.HairStrands.SkyLighting.IntegrationType:2]]
[2026-05-13T03:05:54.3899686-07:00] [pid=4308] [2026.05.13-10.05.54:389][  0]LogConfig: Setting CVar [[r.HairStrands.SkyAO.SampleCount:4]]
[2026-05-13T03:05:54.3899686-07:00] [pid=4308] [2026.05.13-10.05.54:389][  0]LogConfig: Setting CVar [[r.HairStrands.Visibility.MSAA.SamplePerPixel:4]]
[2026-05-13T03:05:54.3909721-07:00] [pid=4308] [2026.05.13-10.05.54:389][  0]LogConfig: Applying CVar settings from Section [Startup] File [../../../Engine/Config/ConsoleVariables.ini]
[2026-05-13T03:05:54.3909721-07:00] [pid=4308] [2026.05.13-10.05.54:390][  0]LogConfig: Setting CVar [[net.UseAdaptiveNetUpdateFrequency:0]]
[2026-05-13T03:05:54.3909721-07:00] [pid=4308] [2026.05.13-10.05.54:390][  0]LogConfig: Setting CVar [[p.chaos.AllowCreatePhysxBodies:1]]
[2026-05-13T03:05:54.3909721-07:00] [pid=4308] [2026.05.13-10.05.54:390][  0]LogConfig: Setting CVar [[fx.SkipVectorVMBackendOptimizations:1]]
[2026-05-13T03:05:54.3909721-07:00] [pid=4308] [2026.05.13-10.05.54:390][  0]LogConfig: Applying CVar settings from Section [ConsoleVariables] File [C:/Users/kapil/OneDrive/Documents/Unreal Projects/testTP/Saved/Config/Windows/Engine.ini]
[2026-05-13T03:05:54.3909721-07:00] [pid=4308] [2026.05.13-10.05.54:390][  0]LogConfig: Applying CVar settings from Section [ConsoleVariables] File [C:/Users/kapil/OneDrive/Documents/Unreal Projects/testTP/Saved/Config/Windows/Editor.ini]
[2026-05-13T03:05:54.3909721-07:00] [pid=4308] [2026.05.13-10.05.54:390][  0]LogInit: Computer: IMMERSEDEMOM5
[2026-05-13T03:05:54.3909721-07:00] [pid=4308] [2026.05.13-10.05.54:390][  0]LogInit: User: kapil
[2026-05-13T03:05:54.3909721-07:00] [pid=4308] [2026.05.13-10.05.54:390][  0]LogInit: CPU Page size=4096, Cores=14
[2026-05-13T03:05:54.3909721-07:00] [pid=4308] [2026.05.13-10.05.54:390][  0]LogInit: High frequency timer resolution =10.000000 MHz
[2026-05-13T03:05:54.3909721-07:00] [pid=4308] [2026.05.13-10.05.54:390][  0]LogMemory: Memory total: Physical=15.7GB (16GB approx)
[2026-05-13T03:05:54.3909721-07:00] [pid=4308] [2026.05.13-10.05.54:390][  0]LogMemory: Platform Memory Stats for Windows
[2026-05-13T03:05:54.3909721-07:00] [pid=4308] [2026.05.13-10.05.54:390][  0]LogMemory: Process Physical Memory: 155.55 MB used, 155.55 MB peak
[2026-05-13T03:05:54.3909721-07:00] [pid=4308] [2026.05.13-10.05.54:390][  0]LogMemory: Process Virtual Memory: 128.85 MB used, 128.85 MB peak
[2026-05-13T03:05:54.3909721-07:00] [pid=4308] [2026.05.13-10.05.54:390][  0]LogMemory: Physical Memory: 13473.40 MB used,  2595.30 MB free, 16068.70 MB total
[2026-05-13T03:05:54.3909721-07:00] [pid=4308] [2026.05.13-10.05.54:390][  0]LogMemory: Virtual Memory: 134206992.00 MB used,  10733.73 MB free, 134217728.00 MB total
[2026-05-13T03:05:54.3949771-07:00] [pid=4308] [2026.05.13-10.05.54:394][  0]LogWindows: WindowsPlatformFeatures enabled
[2026-05-13T03:05:54.4320942-07:00] [pid=4308] [2026.05.13-10.05.54:432][  0]LogInit: Physics initialised using underlying interface: PhysX
[2026-05-13T03:05:54.4335979-07:00] [pid=4308] [2026.05.13-10.05.54:433][  0]LogInit: Using OS detected language (en-US).
[2026-05-13T03:05:54.4335979-07:00] [pid=4308] [2026.05.13-10.05.54:433][  0]LogInit: Using OS detected locale (en-US).
[2026-05-13T03:05:54.4386071-07:00] [pid=4308] [2026.05.13-10.05.54:437][  0]LogTextLocalizationManager: No specific localization for 'en-US' exists, so the 'en' localization will be used.
[2026-05-13T03:05:54.5974914-07:00] [pid=4308] [2026.05.13-10.05.54:597][  0]LogWindowsTextInputMethodSystem: Display: IME system deactivated.
[2026-05-13T03:05:54.6085200-07:00] [pid=4308] [2026.05.13-10.05.54:607][  0]LogSlate: New Slate User Created.  User Index 0, Is Virtual User: 0
[2026-05-13T03:05:54.6085200-07:00] [pid=4308] [2026.05.13-10.05.54:608][  0]LogSlate: Slate User Registered.  User Index 0, Is Virtual User: 0
[2026-05-13T03:05:54.6175393-07:00] [pid=4308] [2026.05.13-10.05.54:617][  0]LogD3D11RHI: Loaded GFSDK_Aftermath_Lib.x64.dll
[2026-05-13T03:05:54.6631429-07:00] [pid=4308] [2026.05.13-10.05.54:663][  0]LogHMD: Failed to initialize OpenVR with code 110
[2026-05-13T03:05:54.6641421-07:00] [pid=4308] [2026.05.13-10.05.54:663][  0]LogD3D11RHI: D3D11 min allowed feature level: 11_0
[2026-05-13T03:05:54.6641421-07:00] [pid=4308] [2026.05.13-10.05.54:664][  0]LogD3D11RHI: D3D11 max allowed feature level: 11_0
[2026-05-13T03:05:54.6641421-07:00] [pid=4308] [2026.05.13-10.05.54:664][  0]LogD3D11RHI: D3D11 adapters:
[2026-05-13T03:05:54.8386291-07:00] [pid=4308] [2026.05.13-10.05.54:838][  0]LogD3D11RHI:    0. 'NVIDIA GeForce RTX 4060 Laptop GPU' (Feature Level 11_0)
[2026-05-13T03:05:54.8386291-07:00] [pid=4308] [2026.05.13-10.05.54:838][  0]LogD3D11RHI:       7957/0/8034 MB DedicatedVideo/DedicatedSystem/SharedSystem, Outputs:1, VendorId:0x10de
[2026-05-13T03:05:54.8697496-07:00] [pid=4308] [2026.05.13-10.05.54:869][  0]LogD3D11RHI:    1. 'Intel(R) UHD Graphics' (Feature Level 11_0)
[2026-05-13T03:05:54.8697496-07:00] [pid=4308] [2026.05.13-10.05.54:869][  0]LogD3D11RHI:       128/0/8034 MB DedicatedVideo/DedicatedSystem/SharedSystem, Outputs:0, VendorId:0x8086
[2026-05-13T03:05:54.8732606-07:00] [pid=4308] [2026.05.13-10.05.54:873][  0]LogD3D11RHI:    2. 'Microsoft Basic Render Driver' (Feature Level 11_0)
[2026-05-13T03:05:54.8732606-07:00] [pid=4308] [2026.05.13-10.05.54:873][  0]LogD3D11RHI:       0/0/8034 MB DedicatedVideo/DedicatedSystem/SharedSystem, Outputs:0, VendorId:0x1414
[2026-05-13T03:05:54.8732606-07:00] [pid=4308] [2026.05.13-10.05.54:873][  0]LogD3D11RHI: Chosen D3D11 Adapter:
[2026-05-13T03:05:54.8732606-07:00] [pid=4308] [2026.05.13-10.05.54:873][  0]LogD3D11RHI:     Description : NVIDIA GeForce RTX 4060 Laptop GPU
[2026-05-13T03:05:54.8732606-07:00] [pid=4308] [2026.05.13-10.05.54:873][  0]LogD3D11RHI:     VendorId    : 10de
[2026-05-13T03:05:54.8732606-07:00] [pid=4308] [2026.05.13-10.05.54:873][  0]LogD3D11RHI:     DeviceId    : 28e0
[2026-05-13T03:05:54.8732606-07:00] [pid=4308] [2026.05.13-10.05.54:873][  0]LogD3D11RHI:     SubSysId    : bf81028
[2026-05-13T03:05:54.8732606-07:00] [pid=4308] [2026.05.13-10.05.54:873][  0]LogD3D11RHI:     Revision    : 00a1
[2026-05-13T03:05:54.8732606-07:00] [pid=4308] [2026.05.13-10.05.54:873][  0]LogD3D11RHI:     DedicatedVideoMemory : 8343519232 bytes
[2026-05-13T03:05:54.8732606-07:00] [pid=4308] [2026.05.13-10.05.54:873][  0]LogD3D11RHI:     DedicatedSystemMemory : 0 bytes
[2026-05-13T03:05:54.8732606-07:00] [pid=4308] [2026.05.13-10.05.54:873][  0]LogD3D11RHI:     SharedSystemMemory : 8424628224 bytes
[2026-05-13T03:05:54.8732606-07:00] [pid=4308] [2026.05.13-10.05.54:873][  0]LogD3D11RHI:     AdapterLuid : 0 72942
[2026-05-13T03:05:54.8797700-07:00] [pid=4308] [2026.05.13-10.05.54:879][  0]LogD3D11RHI: Creating new Direct3DDevice
[2026-05-13T03:05:54.8797700-07:00] [pid=4308] [2026.05.13-10.05.54:879][  0]LogD3D11RHI:     GPU DeviceId: 0x28e0 (for the marketing name, search the web for "GPU Device Id")
[2026-05-13T03:05:54.8797700-07:00] [pid=4308] [2026.05.13-10.05.54:879][  0]LogWindows: EnumDisplayDevices:
[2026-05-13T03:05:54.8797700-07:00] [pid=4308] [2026.05.13-10.05.54:879][  0]LogWindows:    0. 'Intel(R) UHD Graphics' (P:1 D:1)
[2026-05-13T03:05:54.8802730-07:00] [pid=4308] [2026.05.13-10.05.54:880][  0]LogWindows:    1. 'Intel(R) UHD Graphics' (P:0 D:0)
[2026-05-13T03:05:54.8802730-07:00] [pid=4308] [2026.05.13-10.05.54:880][  0]LogWindows:    2. 'Intel(R) UHD Graphics' (P:0 D:0)
[2026-05-13T03:05:54.8802730-07:00] [pid=4308] [2026.05.13-10.05.54:880][  0]LogWindows:    3. 'Intel(R) UHD Graphics' (P:0 D:0)
[2026-05-13T03:05:54.8802730-07:00] [pid=4308] [2026.05.13-10.05.54:880][  0]LogWindows:    4. 'NVIDIA GeForce RTX 4060 Laptop GPU' (P:0 D:0)
[2026-05-13T03:05:54.8802730-07:00] [pid=4308] [2026.05.13-10.05.54:880][  0]LogWindows: DebugString: PrimaryIsNotTheChoosenAdapter PrimaryIsNotTheChoosenAdapter PrimaryIsNotTheChoosenAdapter PrimaryIsNotTheChoosenAdapter 
[2026-05-13T03:05:54.8802730-07:00] [pid=4308] [2026.05.13-10.05.54:880][  0]LogD3D11RHI:     Adapter Name: NVIDIA GeForce RTX 4060 Laptop GPU
[2026-05-13T03:05:54.8802730-07:00] [pid=4308] [2026.05.13-10.05.54:880][  0]LogD3D11RHI:   Driver Version: 581.95 (internal:32.0.15.8195, unified:581.95)
[2026-05-13T03:05:54.8802730-07:00] [pid=4308] [2026.05.13-10.05.54:880][  0]LogD3D11RHI:      Driver Date: 11-18-2025
[2026-05-13T03:05:54.8802730-07:00] [pid=4308] [2026.05.13-10.05.54:880][  0]LogRHI: Texture pool is 5569 MB (70% of 7957 MB)
[2026-05-13T03:05:54.8802730-07:00] [pid=4308] [2026.05.13-10.05.54:880][  0]LogD3D11RHI: Creating D3DDevice using adapter:
[2026-05-13T03:05:54.8802730-07:00] [pid=4308] [2026.05.13-10.05.54:880][  0]LogD3D11RHI:     Description : NVIDIA GeForce RTX 4060 Laptop GPU
[2026-05-13T03:05:54.8802730-07:00] [pid=4308] [2026.05.13-10.05.54:880][  0]LogD3D11RHI:     VendorId    : 10de
[2026-05-13T03:05:54.8802730-07:00] [pid=4308] [2026.05.13-10.05.54:880][  0]LogD3D11RHI:     DeviceId    : 28e0
[2026-05-13T03:05:54.8802730-07:00] [pid=4308] [2026.05.13-10.05.54:880][  0]LogD3D11RHI:     SubSysId    : bf81028
[2026-05-13T03:05:54.8802730-07:00] [pid=4308] [2026.05.13-10.05.54:880][  0]LogD3D11RHI:     Revision    : 00a1
[2026-05-13T03:05:54.8802730-07:00] [pid=4308] [2026.05.13-10.05.54:880][  0]LogD3D11RHI:     DedicatedVideoMemory : 8343519232 bytes
[2026-05-13T03:05:54.8802730-07:00] [pid=4308] [2026.05.13-10.05.54:880][  0]LogD3D11RHI:     DedicatedSystemMemory : 0 bytes
[2026-05-13T03:05:54.8802730-07:00] [pid=4308] [2026.05.13-10.05.54:880][  0]LogD3D11RHI:     SharedSystemMemory : 8424628224 bytes
[2026-05-13T03:05:54.8802730-07:00] [pid=4308] [2026.05.13-10.05.54:880][  0]LogD3D11RHI:     AdapterLuid : 0 72942
[2026-05-13T03:05:55.0040750-07:00] [pid=4308] [2026.05.13-10.05.55:004][  0]LogD3D11RHI: RHI has support for 64 bit atomics
[2026-05-13T03:05:55.0040750-07:00] [pid=4308] [2026.05.13-10.05.55:004][  0]LogD3D11RHI: Async texture creation enabled
[2026-05-13T03:05:55.0040750-07:00] [pid=4308] [2026.05.13-10.05.55:004][  0]LogD3D11RHI: Array index from any shader is supported
[2026-05-13T03:05:55.0166142-07:00] [pid=4308] [2026.05.13-10.05.55:016][  0]LogD3D11RHI: GPU Timing Frequency: 1000.000000 (Debug: 2 1)
[2026-05-13T03:05:55.0443082-07:00] [pid=4308] [2026.05.13-10.05.55:044][  0]LogRHI: GeForceNow SDK initialized: 1
[2026-05-13T03:05:55.2453970-07:00] [pid=12868] MacPlatformFactory.RegisterBuildPlatforms: UnrealBuildTool.MacPlatformSDK using manually installed SDK
[2026-05-13T03:05:55.2564201-07:00] [pid=12868] TVOSPlatformFactory.RegisterBuildPlatforms: UnrealBuildTool.IOSPlatformSDK has no valid SDK
[2026-05-13T03:05:55.2584295-07:00] [pid=12868] AndroidPlatformFactory.RegisterBuildPlatforms: UnrealBuildTool.AndroidPlatformSDK has no valid SDK
[2026-05-13T03:05:55.2599354-07:00] [pid=12868] HoloLensPlatformFactory.RegisterBuildPlatforms: UnrealBuildTool.HoloLensPlatformSDK using manually installed SDK
[2026-05-13T03:05:55.2619462-07:00] [pid=12868] IOSPlatformFactory.RegisterBuildPlatforms: UnrealBuildTool.IOSPlatformSDK has no valid SDK
[2026-05-13T03:05:55.2649598-07:00] [pid=12868] LinuxPlatformFactory.RegisterBuildPlatforms: UnrealBuildTool.LinuxPlatformSDK has no valid SDK
[2026-05-13T03:05:55.2649598-07:00] [pid=12868] LuminSDKVersionHelper.HasAnySDK: *** Unable to determine MLSDK location ***
[2026-05-13T03:05:55.2649598-07:00] [pid=12868] LuminSDKVersionHelper.HasAnySDK: *** Unable to determine MLSDK location ***
[2026-05-13T03:05:55.2649598-07:00] [pid=12868] LuminPlatformFactory.RegisterBuildPlatforms: UnrealBuildTool.LuminPlatformSDK has no valid SDK
[2026-05-13T03:05:55.2664667-07:00] [pid=12868] WindowsPlatformFactory.RegisterBuildPlatforms: UnrealBuildTool.WindowsPlatformSDK using manually installed SDK
[2026-05-13T03:05:55.2719937-07:00] [pid=12868] ValidatePlatformsMode.Execute: ##PlatformValidate: Win32 VALID
[2026-05-13T03:05:55.2719937-07:00] [pid=12868] ValidatePlatformsMode.Execute: ##PlatformValidate: Win64 VALID
[2026-05-13T03:05:55.2719937-07:00] [pid=12868] ValidatePlatformsMode.Execute: ##PlatformValidate: HoloLens VALID
[2026-05-13T03:05:55.2719937-07:00] [pid=12868] ValidatePlatformsMode.Execute: ##PlatformValidate: Mac VALID
[2026-05-13T03:05:55.2719937-07:00] [pid=12868] ValidatePlatformsMode.Execute: ##PlatformValidate: XboxOne INVALID
[2026-05-13T03:05:55.2719937-07:00] [pid=12868] ValidatePlatformsMode.Execute: ##PlatformValidate: PS4 INVALID
[2026-05-13T03:05:55.2719937-07:00] [pid=12868] ValidatePlatformsMode.Execute: ##PlatformValidate: IOS INVALID
[2026-05-13T03:05:55.2719937-07:00] [pid=12868] ValidatePlatformsMode.Execute: ##PlatformValidate: Android INVALID
[2026-05-13T03:05:55.2719937-07:00] [pid=12868] ValidatePlatformsMode.Execute: ##PlatformValidate: HTML5 INVALID
[2026-05-13T03:05:55.2719937-07:00] [pid=12868] ValidatePlatformsMode.Execute: ##PlatformValidate: Linux INVALID
[2026-05-13T03:05:55.2719937-07:00] [pid=12868] ValidatePlatformsMode.Execute: ##PlatformValidate: LinuxAArch64 INVALID
[2026-05-13T03:05:55.2719937-07:00] [pid=12868] ValidatePlatformsMode.Execute: ##PlatformValidate: AllDesktop INVALID
[2026-05-13T03:05:55.2719937-07:00] [pid=12868] ValidatePlatformsMode.Execute: ##PlatformValidate: TVOS INVALID
[2026-05-13T03:05:55.2719937-07:00] [pid=12868] ValidatePlatformsMode.Execute: ##PlatformValidate: Switch INVALID
[2026-05-13T03:05:55.2729919-07:00] [pid=12868] ValidatePlatformsMode.Execute: ##PlatformValidate: Lumin INVALID
[2026-05-13T03:05:55.2739936-07:00] [pid=12868] Timeline.Print: Timeline:
[2026-05-13T03:05:55.2749918-07:00] [pid=12868] Timeline.Print: 
[2026-05-13T03:05:55.2749918-07:00] [pid=12868] Timeline.Print: [ 0.000]
[2026-05-13T03:05:55.2749918-07:00] [pid=12868] Timeline.Print: [ 0.017](+0.072) XmlConfig.ReadConfigFiles()
[2026-05-13T03:05:55.2749918-07:00] [pid=12868] Timeline.Print: [ 0.090](+0.000) SingleInstanceMutex.Acquire()
[2026-05-13T03:05:55.2764958-07:00] [pid=12868] Timeline.Print: [ 0.090](+0.052) UEBuildPlatform.RegisterPlatforms()
[2026-05-13T03:05:55.2764958-07:00] [pid=12868] Timeline.Print:   0.091          [ 0.000](+0.023) Initializing InstalledPlatformInfo
[2026-05-13T03:05:55.2764958-07:00] [pid=12868] Timeline.Print:   0.115          [ 0.024](+0.000) Querying types
[2026-05-13T03:05:55.2764958-07:00] [pid=12868] Timeline.Print:   0.116          [ 0.025](+0.013) MacPlatformFactory
[2026-05-13T03:05:55.2764958-07:00] [pid=12868] Timeline.Print:   0.130          [ 0.039](+0.003) TVOSPlatformFactory
[2026-05-13T03:05:55.2764958-07:00] [pid=12868] Timeline.Print:   0.133          [ 0.042](+0.002) AndroidPlatformFactory
[2026-05-13T03:05:55.2764958-07:00] [pid=12868] Timeline.Print:   0.136          [ 0.045](+0.001) HoloLensPlatformFactory
[2026-05-13T03:05:55.2764958-07:00] [pid=12868] Timeline.Print:   0.137          [ 0.046](+0.001) IOSPlatformFactory
[2026-05-13T03:05:55.2764958-07:00] [pid=12868] Timeline.Print:   0.139          [ 0.048](+0.002) LinuxPlatformFactory
[2026-05-13T03:05:55.2764958-07:00] [pid=12868] Timeline.Print:   0.141          [ 0.050](+0.001) LuminPlatformFactory
[2026-05-13T03:05:55.2764958-07:00] [pid=12868] Timeline.Print:   0.142          [ 0.052](+0.000) WindowsPlatformFactory
[2026-05-13T03:05:55.2764958-07:00] [pid=12868] Timeline.Print: [ 0.149](+0.000) FileMetadataPrefetch.Stop()
[2026-05-13T03:05:55.2764958-07:00] [pid=12868] Timeline.Print: [ 0.151]
[2026-05-13T03:05:55.3020715-07:00] [pid=4308] [2026.05.13-10.05.55:302][  0]LogTargetPlatformManager: Display: Loaded TargetPlatform 'WindowsNoEditor'
[2026-05-13T03:05:55.3050706-07:00] [pid=4308] [2026.05.13-10.05.55:305][  0]LogTargetPlatformManager: Display: Loaded TargetPlatform 'Windows'
[2026-05-13T03:05:55.3085862-07:00] [pid=4308] [2026.05.13-10.05.55:308][  0]LogTargetPlatformManager: Display: Loaded TargetPlatform 'WindowsClient'
[2026-05-13T03:05:55.3120911-07:00] [pid=4308] [2026.05.13-10.05.55:312][  0]LogTargetPlatformManager: Display: Loaded TargetPlatform 'WindowsServer'
[2026-05-13T03:05:55.3120911-07:00] [pid=4308] [2026.05.13-10.05.55:312][  0]LogTargetPlatformManager: Display: Building Assets For Windows
[2026-05-13T03:05:55.3175981-07:00] [pid=4308] [2026.05.13-10.05.55:317][  0]LogAudioDebug: Display: Lib vorbis DLL was dynamically loaded.
[2026-05-13T03:05:55.3441885-07:00] [pid=4308] [2026.05.13-10.05.55:344][  0]LogTextureFormatOodle: Display: Oodle Texture 2.9.0 init RDO Off
[2026-05-13T03:05:55.3742830-07:00] [pid=4308] [2026.05.13-10.05.55:373][  0]LogRendererCore: Ray tracing is disabled. Reason: r.RayTracing=0.
[2026-05-13T03:05:55.3742830-07:00] [pid=4308] [2026.05.13-10.05.55:374][  0]LogShaderCompilers: Guid format shader working directory is -25 characters bigger than the processId version (../../../../../../Users/kapil/OneDrive/Documents/Unreal Projects/testTP/Intermediate/Shaders/WorkingDirectory/4308/).
[2026-05-13T03:05:55.3742830-07:00] [pid=4308] [2026.05.13-10.05.55:374][  0]LogShaderCompilers: Cleaned the shader compiler working directory 'C:/Users/kapil/AppData/Local/Temp/UnrealShaderWorkingDir/3D11DD7B4223EDC866D1D7B1229A7A9F/'.
[2026-05-13T03:05:55.3742830-07:00] [pid=4308] [2026.05.13-10.05.55:374][  0]LogXGEController: Cannot use XGE Controller as Incredibuild is not installed on this machine.
[2026-05-13T03:05:55.3742830-07:00] [pid=4308] [2026.05.13-10.05.55:374][  0]LogShaderCompilers: Cannot use XGE Shader Compiler as Incredibuild is not installed on this machine.
[2026-05-13T03:05:55.3742830-07:00] [pid=4308] [2026.05.13-10.05.55:374][  0]LogShaderCompilers: Display: Using Local Shader Compiler.
[2026-05-13T03:05:55.5441661-07:00] [pid=24380] [2026.05.13-10.05.55:544][ 86]LogRunningAppService: Display: New foreground process [4308] C:/Program Files/Epic Games/UE_4.27/Engine/Binaries/Win64/UE4Editor.exe for app C:/Program Files/Epic Games/UE_4.27/
[2026-05-13T03:05:55.5441661-07:00] [pid=24380] [2026.05.13-10.05.55:544][ 86]LogRunningAppService: Display: New foreground process [7700] C:/Program Files/Epic Games/UE_4.27/Engine/Binaries/Win64/CrashReportClientEditor.exe for app C:/Program Files/Epic Games/UE_4.27/
[2026-05-13T03:05:55.5441661-07:00] [pid=24380] [2026.05.13-10.05.55:544][ 86]LogRunningAppService: Display: New foreground app C:/Program Files/Epic Games/UE_4.27/
[2026-05-13T03:05:55.5451670-07:00] [pid=24380] [2026.05.13-10.05.55:545][ 86]LogRunningAppPresenceHandler: Display: Setting override presence for C:/Program Files/Epic Games/UE_4.27/ (PresenceId=ue)
[2026-05-13T03:05:55.9608816-07:00] [pid=4308] [2026.05.13-10.05.55:960][  0]LogDerivedDataCache: Display: Max Cache Size: 512 MB
[2026-05-13T03:05:56.0240331-07:00] [pid=4308] [2026.05.13-10.05.56:023][  0]LogDerivedDataCache: Loaded boot cache 0.06s 78MB C:/Users/kapil/AppData/Local/UnrealEngine/4.27/DerivedDataCache/Boot.ddc.
[2026-05-13T03:05:56.0240331-07:00] [pid=4308] [2026.05.13-10.05.56:024][  0]LogDerivedDataCache: Display: Loaded Boot cache: C:/Users/kapil/AppData/Local/UnrealEngine/4.27/DerivedDataCache/Boot.ddc
[2026-05-13T03:05:56.0240331-07:00] [pid=4308] [2026.05.13-10.05.56:024][  0]LogDerivedDataCache: FDerivedDataBackendGraph:  Pak pak cache file ../../../../../../Users/kapil/OneDrive/Documents/Unreal Projects/testTP/DerivedDataCache/DDC.ddp not found, will not use a pak cache.
[2026-05-13T03:05:56.0240331-07:00] [pid=4308] [2026.05.13-10.05.56:024][  0]LogDerivedDataCache: Unable to find inner node Pak for hierarchical cache Hierarchy.
[2026-05-13T03:05:56.0240331-07:00] [pid=4308] [2026.05.13-10.05.56:024][  0]LogDerivedDataCache: FDerivedDataBackendGraph:  CompressedPak pak cache file ../../../../../../Users/kapil/OneDrive/Documents/Unreal Projects/testTP/DerivedDataCache/Compressed.ddp not found, will not use a pak cache.
[2026-05-13T03:05:56.0240331-07:00] [pid=4308] [2026.05.13-10.05.56:024][  0]LogDerivedDataCache: Unable to find inner node CompressedPak for hierarchical cache Hierarchy.
[2026-05-13T03:05:56.0400692-07:00] [pid=4308] [2026.05.13-10.05.56:040][  0]LogDerivedDataCache: Display: Pak cache opened for reading ../../../Engine/DerivedDataCache/Compressed.ddp.
[2026-05-13T03:05:56.0400692-07:00] [pid=4308] [2026.05.13-10.05.56:040][  0]LogDerivedDataCache: FDerivedDataBackendGraph:  EnterprisePak pak cache file ../../../Enterprise/DerivedDataCache/Compressed.ddp not found, will not use a pak cache.
[2026-05-13T03:05:56.0400692-07:00] [pid=4308] [2026.05.13-10.05.56:040][  0]LogDerivedDataCache: Unable to find inner node EnterprisePak for hierarchical cache Hierarchy.
[2026-05-13T03:05:56.0485989-07:00] [pid=4308] [2026.05.13-10.05.56:048][  0]LogDerivedDataCache: Speed tests for C:/Users/kapil/AppData/Local/UnrealEngine/Common/DerivedDataCache took 0.01 seconds
[2026-05-13T03:05:56.0485989-07:00] [pid=4308] [2026.05.13-10.05.56:048][  0]LogDerivedDataCache: Display: Performance to C:/Users/kapil/AppData/Local/UnrealEngine/Common/DerivedDataCache: Latency=0.03ms. RandomReadSpeed=1284.63MBs, RandomWriteSpeed=128.90MBs. Assigned SpeedClass 'Local'
[2026-05-13T03:05:56.0501031-07:00] [pid=4308] [2026.05.13-10.05.56:050][  0]LogDerivedDataCache: Using Local data cache path C:/Users/kapil/AppData/Local/UnrealEngine/Common/DerivedDataCache: Writable
[2026-05-13T03:05:56.0511102-07:00] [pid=4308] [2026.05.13-10.05.56:050][  0]LogDerivedDataCache: Shared data cache path not found in *engine.ini, will not use an Shared cache.
[2026-05-13T03:05:56.0511102-07:00] [pid=4308] [2026.05.13-10.05.56:051][  0]LogDerivedDataCache: Unable to find inner node Shared for hierarchical cache Hierarchy.
[2026-05-13T03:05:56.0867109-07:00] [pid=4308] [2026.05.13-10.05.56:086][  0]LogSlate: Using FreeType 2.10.0
[2026-05-13T03:05:56.0867109-07:00] [pid=4308] [2026.05.13-10.05.56:086][  0]LogSlate: SlateFontServices - WITH_FREETYPE: 1, WITH_HARFBUZZ: 1
[2026-05-13T03:05:56.1333270-07:00] [pid=4308] [2026.05.13-10.05.56:133][  0]LogInit: Using OS detected language (en-US).
[2026-05-13T03:05:56.1333270-07:00] [pid=4308] [2026.05.13-10.05.56:133][  0]LogInit: Using OS detected locale (en-US).
[2026-05-13T03:05:56.1333270-07:00] [pid=4308] [2026.05.13-10.05.56:133][  0]LogTextLocalizationManager: No localization for 'en-US' exists, so 'en' will be used for the language.
[2026-05-13T03:05:56.1333270-07:00] [pid=4308] [2026.05.13-10.05.56:133][  0]LogTextLocalizationManager: No localization for 'en-US' exists, so 'en' will be used for the locale.
[2026-05-13T03:05:56.1333270-07:00] [pid=4308] [2026.05.13-10.05.56:133][  0]LogSlate: FontCache flush requested. Reason: Culture for localization was changed
[2026-05-13T03:05:56.1333270-07:00] [pid=4308] [2026.05.13-10.05.56:133][  0]LogSlate: FontCache flush requested. Reason: Culture for localization was changed
[2026-05-13T03:05:56.1353198-07:00] [pid=4308] [2026.05.13-10.05.56:135][  0]LogTextLocalizationManager: Compacting localization data took   0.00ms
[2026-05-13T03:05:56.1368234-07:00] [pid=4308] [2026.05.13-10.05.56:135][  0]LogAssetRegistry: FAssetRegistry took 0.0016 seconds to start up
[2026-05-13T03:05:56.2912581-07:00] [pid=4308] [2026.05.13-10.05.56:291][  0]LogPackageLocalizationCache: Processed 28 localized package path(s) for 1 prioritized culture(s) in 0.031811 seconds
[2026-05-13T03:05:56.3439192-07:00] [pid=4308] [2026.05.13-10.05.56:343][  0]LogInit: Selected Device Profile: [Windows]
[2026-05-13T03:05:56.3439192-07:00] [pid=4308] [2026.05.13-10.05.56:343][  0]LogInit: Active device profile: [00000142691F3700][0000014264C391C0 49] Windows
[2026-05-13T03:05:56.3439192-07:00] [pid=4308] [2026.05.13-10.05.56:343][  0]LogInit: Profiles: [00000142691F3700][0000014264C391C0 49] Windows, [000001426919CB00][0000014264C3D300 49] WindowsNoEditor, [00000142691F0B00][000001424D973440 49] WindowsServer, [000001426919EE00][000001424D977580 49] WindowsClient, [00000142691F2D00][000001424D97B6C0 49] IOS, [000001426919D500][000001424D983840 49] iPadAir, [00000142691F1400][000001424D9879C0 49] iPadAir2, [0000014269147C00][0000014263D60100 49] IPadPro, [0000014269147D00][000001424D98A140 49] iPadAir3, [00000142691F2600][0000014263D642C0 49] iPadAir4, [0000014269145000][0000014263D68440 49] iPadMini2, [00000142691F1900][0000014263D6C5C0 49] iPadMini3, [0000014269146800][0000014263D70740 49] iPadMini4, [00000142691F0200][0000014263D748C0 49] iPadMini5, [000001426918F500][0000014263D7CB80 49] iPhone6, [000001426918F600][0000014263D78BC0 49] iPodTouch6, [0000014269144100][000001426430CE80 49] iPhone7, [0000014269145100][0000014263D80EC0 49] iPodTouch7, [000001426918CF00][0000014264311040 49] iPhone5S, [0000014269146900][00000142643151C0 49] iPhone6Plus, [000001426918E900][0000014264319340 49] iPhone6S, [0000014269147A00][000001426431D4C0 49] iPhone6SPlus, [000001426918D800][000001424D97F600 49] iPhone7Plus, [0000014269144900][0000014264321740 49] iPhoneSE, [000001426918C900][0000014264325880 49] iPhone8, [0000014269147000][000001426432DA00 49] iPhone8Plus, [000001426918F100][0000014264331B80 49] iPhoneX, [0000014269146100][0000014264334180 49] iPhoneXS, [000001426918C100][0000014264338300 49] iPhoneXSMax, [0000014269147500][000001426433C480 49] iPhoneXR, [000001426918C700][0000014264340600 49] iPhone11, [0000014269147200][0000014263E24780 49] iPhone11Pro, [000001426918CC00][0000014263E28900 49] iPhone11ProMax, [0000014269146C00][0000014263E2CA80 49] iPhoneSE2, [000001426918ED00][0000014263E30C00 49] iPhone12Mini, [0000014269147800][0000014263E34D80 49] iPhone12, [000001426918FD00][0000014263E38F00 49] iPhone12Pro, [0000014269144E00][0000014263E3D080 49] iPhone12ProMax, [000001426918D400][0000014263E41200 49] iPadPro105, [0000014269145700][0000014263E45380 49] iPadPro129, [000001426918EC00][0000014263E49500 49] iPadPro97, [0000014269145C00][0000014263E4D680 49] iPadPro2_129, [000001426918D000][00000142643297C0 49] iPad5, [0000014269146F00][0000014263E51900 49] iPad6, [000001426918D700][0000014263E55A40 49] iPad7, [0000014269146A00][0000014263E5DBC0 49] iPad8, [000001426918E800][0000014263E601C0 49] iPadPro11, [0000014269145900][0000014263E64340 49] iPadPro2_11, [000001426918F400][0000014263E684C0 49] iPadPro3_129, [0000014269146400][0000014263E6C640 49] iPadPro4_129, [000001426918D200][000001426001C7C0 49] AppleTV, [0000014269146000][0000014260020940 49] AppleTV4K, [000001426918D900][0000014260024AC0 49] TVOS, [0000014269144300][0000014260028C40 49] Mac, [000001426918C500][000001426002CDC0 49] MacClient, [0000014269144D00][0000014260030F40 49] MacNoEditor, [000001426918D500][00000142600350C0 49] MacServer, [0000014269147700][0000014260039240 49] Linux, [000001426918F200][000001426003D3C0 49] LinuxAArch64, [0000014269145B00][0000014260041540 49] LinuxNoEditor, [000001426919E800][00000142600456C0 49] LinuxAArch64NoEditor, [0000014269228F00][0000014264169840 49] LinuxClient, [000001426919F500][0000014263E59980 49] LinuxAArch64Client, [0000014269229F00][000001426416DAC0 49] LinuxServer, [000001426919DA00][0000014264171C00 49] LinuxAArch64Server, [0000014269228800][00000142641741C0 49] Android, [000001426919C800][000001426417C340 49] Android_Low, [0000014269229600][00000142641804C0 49] Android_Mid, [000001426919F900][0000014264184640 49] Android_High, [0000014269229700][00000142641887C0 49] Android_Default, [000001426919D800][000001426418C940 49] Android_Adreno4xx, [0000014269229C00][0000014264190AC0 49] Android_Adreno5xx_Low, [000001426919D400][0000014264194C40 49] Android_Adreno5xx, [0000014269228200][0000014264198DC0 49] Android_Adreno6xx, [000001426919C400][000001426419CF40 49] Android_Adreno6xx_Vulkan, [000001426922AA00][00000142641A10C0 49] Android_Mali_T6xx, [000001426919DB00][00000142641A5240 49] Android_Mali_T7xx, [
[2026-05-13T03:05:56.3439192-07:00] [pid=4308] 0000014269228900][00000142641A93C0 49] Android_Mali_T8xx, [000001426919F600][00000142641AD540 49] Android_Mali_G71, [000001426922A500][00000142641B16C0 49] Android_Mali_G72, [000001426919E300][00000142641B5840 49] Android_Mali_G72_Vulkan, [000001426922A900][00000142641B99C0 49] Android_Mali_G76, [000001426919CE00][0000014264179B00 49] Android_Mali_G76_Vulkan, [0000014269229300][00000142641BC0C0 49] Android_Mali_G77, [0000014269144500][00000142641C0200 49] Android_Mali_G77_Vulkan, [000001426918FE00][00000142641C4340 49] Android_Mali_G78, [0000014269144F00][00000142641CC4C0 49] Android_Mali_G78_Vulkan, [000001426918E500][00000142641D0640 49] Android_Mali_G710, [0000014269145300][00000142641D47C0 49] Android_Mali_G710_Vulkan, [0000014269228700][00000142641D8940 49] Android_Vulkan_SM5, [0000014269145500][00000142641DCAC0 49] Android_PowerVR_G6xxx, [0000014269228300][00000142641E0C40 49] Android_PowerVR_GT7xxx, [0000014269145E00][00000142641E4DC0 49] Android_PowerVR_GE8xxx, [0000014269229900][00000142641E8F40 49] Android_PowerVR_GM9xxx, [0000014269144200][00000142641ED0C0 49] Android_PowerVR_GM9xxx_Vulkan, [0000014269228500][00000142641F1240 49] Android_TegraK1, [0000014269147100][00000142641F53C0 49] Android_Unknown_Vulkan, [0000014269229200][00000142641F9540 49] Lumin, [0000014269145600][00000142641FD6C0 49] Lumin_Desktop, [0000014269229100][0000014264201840 49] HoloLens, 
[2026-05-13T03:05:56.3785415-07:00] [pid=4308] [2026.05.13-10.05.56:378][  0]LogMeshReduction: Using QuadricMeshReduction for automatic static mesh reduction
[2026-05-13T03:05:56.3785415-07:00] [pid=4308] [2026.05.13-10.05.56:378][  0]LogMeshReduction: Using SimplygonMeshReduction for automatic skeletal mesh reduction
[2026-05-13T03:05:56.3785415-07:00] [pid=4308] [2026.05.13-10.05.56:378][  0]LogMeshReduction: Using ProxyLODMeshReduction for automatic mesh merging
[2026-05-13T03:05:56.3785415-07:00] [pid=4308] [2026.05.13-10.05.56:378][  0]LogMeshReduction: No distributed automatic mesh merging module available
[2026-05-13T03:05:56.3785415-07:00] [pid=4308] [2026.05.13-10.05.56:378][  0]LogMeshMerging: No distributed automatic mesh merging module available
[2026-05-13T03:05:56.4483342-07:00] [pid=4308] [2026.05.13-10.05.56:448][  0]LogNetVersion: testTP 1.0.0, NetCL: 17155196, EngineNetVer: 17, GameNetVer: 0 (Checksum: 3966549976)
[2026-05-13T03:05:56.6328538-07:00] [pid=4308] [2026.05.13-10.05.56:632][  0]LogTexture: Default maximum texture size for cubemaps generated from long-lat sources has been changed from 512 to unlimited. In order to preserve old behaiour for '/Engine/MapTemplates/Sky/DaylightAmbientCubemap.DaylightAmbientCubemap', its maximum texture size has been explicitly set to 512.
[2026-05-13T03:05:56.6773669-07:00] [pid=4308] [2026.05.13-10.05.56:677][  0]LogHMD: PokeAHoleMaterial loaded successfully
[2026-05-13T03:05:56.7651372-07:00] [pid=4308] [2026.05.13-10.05.56:765][  0]LogMoviePlayer: Initializing movie player
[2026-05-13T03:05:56.8208779-07:00] [pid=4308] [2026.05.13-10.05.56:820][  0]LogNiagaraDebuggerClient: Niagara Debugger Client Initialized | Session: 8127E9304E973AF29C31F38D169A473D | Instance: FD428E0B49F18FAAFEBDE0BBCE952204 (IMMERSEDEMOM5-4308).
[2026-05-13T03:05:56.8379168-07:00] [pid=4308] [2026.05.13-10.05.56:837][  0]LogCollectionManager: Loaded 0 collections in 0.001167 seconds
[2026-05-13T03:05:56.8404563-07:00] [pid=4308] [2026.05.13-10.05.56:840][  0]LogFileCache: Scanning file cache for directory 'C:/Users/kapil/OneDrive/Documents/Unreal Projects/testTP/Saved/Collections/' took 0.00s
[2026-05-13T03:05:56.8404563-07:00] [pid=4308] [2026.05.13-10.05.56:840][  0]LogFileCache: Scanning file cache for directory 'C:/Users/kapil/OneDrive/Documents/Unreal Projects/testTP/Content/Developers/kapil/Collections/' took 0.00s
[2026-05-13T03:05:56.8404563-07:00] [pid=4308] [2026.05.13-10.05.56:840][  0]LogFileCache: Scanning file cache for directory 'C:/Users/kapil/OneDrive/Documents/Unreal Projects/testTP/Content/Collections/' took 0.00s
[2026-05-13T03:05:56.8404563-07:00] [pid=4308] [2026.05.13-10.05.56:840][  0]LogCollectionManager: Fixed up redirectors for 0 collections in 0.000002 seconds (updated 0 objects)
[2026-05-13T03:05:56.9267600-07:00] [pid=4308] [2026.05.13-10.05.56:926][  0]LogPython: Using Python 3.7.7
[2026-05-13T03:05:57.3252519-07:00] [pid=4308] [2026.05.13-10.05.57:325][  0]LogAkAudio: Wwise(R) SDK Version 2019.2.15 Build 7667. Copyright (c) 2006-2019 Audiokinetic Inc.
[2026-05-13T03:05:57.3267577-07:00] [pid=4308] [2026.05.13-10.05.57:326][  0]LogAkAudio: Wwise plug-in DLL path: C:/Users/kapil/OneDrive/Documents/Unreal Projects/testTP/Plugins/Wwise/ThirdParty/x64_vc150/Profile/bin/
[2026-05-13T03:05:57.3267577-07:00] [pid=4308] [2026.05.13-10.05.57:326][  0]LogAkAudio: Wwise remote connection application name: testTP
[2026-05-13T03:05:57.3267577-07:00] [pid=4308] [2026.05.13-10.05.57:326][  0]LogAkAudio: Wwise successfully initialized.
[2026-05-13T03:05:57.3297772-07:00] [pid=4308] <<<_____ ImmerseAudioRenderer _____>>> 
[2026-05-13T03:05:57.3297772-07:00] [pid=4308] RegisterImmerseAudioRendererFX()
[2026-05-13T03:05:57.3297772-07:00] [pid=4308] 
[2026-05-13T03:05:57.3297772-07:00] [pid=4308] <<<_____ ImmerseAudioRenderer _____>>> 
[2026-05-13T03:05:57.3297772-07:00] [pid=4308] CreateImmerseManager
[2026-05-13T03:05:57.3302820-07:00] [pid=4308] 
[2026-05-13T03:05:57.3302820-07:00] [pid=4308] <<<_____ ImmerseAudioRenderer _____>>> 
[2026-05-13T03:05:57.3302820-07:00] [pid=4308] loadAndInitializeImmerseEngine
[2026-05-13T03:05:57.3302820-07:00] [pid=4308] 
[2026-05-13T03:05:57.3323010-07:00] [pid=4308] [EmbodyLOG] May_13_2026 03:05:57.332 line: 457. ___IMMERSEENGINE___ Immerse_SetMemoryInterface inMemoryInterface:0000000C25D4DDE0 
[2026-05-13T03:05:57.3323010-07:00] [pid=4308] [EmbodyLOG] May_13_2026 03:05:57.332 line: 466. ___IMMERSEENGINE___ Immerse_SetThreadInterface inThreadInterface:0000000C25D4DE00 
[2026-05-13T03:05:57.3323010-07:00] [pid=4308] [EmbodyLOG] May_13_2026 03:05:57.332 line: 451. ___IMMERSEENGINE___ Immerse_SetStatusCallback inCallback:00007FFFC2473D00 inUserData:0000000000000000 
[2026-05-13T03:05:57.3323010-07:00] [pid=4308] [EmbodyLOG] May_13_2026 03:05:57.333 line: 495. ___IMMERSEENGINE___ Immerse_Initialize inImmerseInit:00007FFFC24A63C0 
[2026-05-13T03:05:57.3332903-07:00] [pid=4308] <<<_____ ImmerseAudioRenderer _____>>> 
[2026-05-13T03:05:57.3332903-07:00] [pid=4308] CreateImmerseAudioRendererFXParams()
[2026-05-13T03:05:57.3342908-07:00] [pid=4308] 
[2026-05-13T03:05:57.3342908-07:00] [pid=4308] <<<_____ ImmerseAudioRenderer _____>>> 
[2026-05-13T03:05:57.3342908-07:00] [pid=4308] WwiseFxNullParams::Init()
[2026-05-13T03:05:57.3342908-07:00] [pid=4308] 
[2026-05-13T03:05:57.3342908-07:00] [pid=4308] [2026.05.13-10.05.57:334][  0]LogAkAudio: Initialization complete.
[2026-05-13T03:05:57.3342908-07:00] [pid=4308] [2026.05.13-10.05.57:334][  0]LogInit: Audiokinetic Audio Device initialized.
[2026-05-13T03:05:57.3352898-07:00] [pid=4308] [EmbodyLOG] May_13_2026 03:05:57.336 line: 373. setLocalDataStorePath: C:\ProgramData\Embody\Immerse Audio Renderer\Tencent\ 
[2026-05-13T03:05:57.3367938-07:00] [pid=4308] [EmbodyLOG] May_13_2026 03:05:57.337 line: 143. ImmerseApiHelper: Immerse Api data path set: C:\ProgramData\Embody\Immerse Audio Renderer\Tencent\. 
[2026-05-13T03:05:57.3403070-07:00] [pid=4308] [EmbodyLOG] May_13_2026 03:05:57.340 line: 73. HpeqHeadsetInterface::Init() - failed to find hpeqAssetPath on filesystem! 
[2026-05-13T03:05:57.3403070-07:00] [pid=4308] [EmbodyLOG] May_13_2026 03:05:57.340 line: 867. ImmerseAudioApiImplBase::InitHpeqData() - failed to initialize hpeq asset data! 
[2026-05-13T03:05:57.3413111-07:00] [pid=4308] [EmbodyLOG] May_13_2026 03:05:57.341 line: 535. ImmerseManager::Initialize() - Failed to initialize HPEQ asset data! 
[2026-05-13T03:05:57.3413111-07:00] [pid=4308] [EmbodyLOG] May_13_2026 03:05:57.341 line: 544. ImmerseManager::Initialize() - failed to load head tracker library! 
[2026-05-13T03:05:57.4541552-07:00] [pid=4308] [2026.05.13-10.05.57:454][  0]LogOpenImageDenoise: OIDN starting up
[2026-05-13T03:05:57.4752138-07:00] [pid=4308] [2026.05.13-10.05.57:475][  0]LogAndroidPermission: UAndroidPermissionCallbackProxy::GetInstance
[2026-05-13T03:05:57.4832473-07:00] [pid=4308] [2026.05.13-10.05.57:483][  0]LogAudioCaptureCore: Display: No Audio Capture implementations found. Audio input will be silent.
[2026-05-13T03:05:57.4832473-07:00] [pid=4308] [2026.05.13-10.05.57:483][  0]LogAudioCaptureCore: Display: No Audio Capture implementations found. Audio input will be silent.
[2026-05-13T03:05:57.5414473-07:00] [pid=4308] [2026.05.13-10.05.57:541][  0]SourceControl: Source control is disabled
[2026-05-13T03:05:57.5414473-07:00] [pid=4308] [2026.05.13-10.05.57:541][  0]SourceControl: Source control is disabled
[2026-05-13T03:05:57.5464528-07:00] [pid=4308] [2026.05.13-10.05.57:546][  0]LogUProjectInfo: Found projects:
[2026-05-13T03:05:57.5584900-07:00] [pid=4308] [2026.05.13-10.05.57:558][  0]SourceControl: Source control is disabled
[2026-05-13T03:05:57.5850965-07:00] [pid=4308] [2026.05.13-10.05.57:585][  0]LogOcInput: OculusInput pre-init called
[2026-05-13T03:05:57.5911306-07:00] [pid=4308] [2026.05.13-10.05.57:590][  0]LogUObjectArray: 22857 objects as part of root set at end of initial load.
[2026-05-13T03:05:57.5911306-07:00] [pid=4308] [2026.05.13-10.05.57:591][  0]LogUObjectAllocator: 6232704 out of 0 bytes used by permanent object pool.
[2026-05-13T03:05:57.5911306-07:00] [pid=4308] [2026.05.13-10.05.57:591][  0]LogUObjectArray: CloseDisregardForGC: 0/0 objects in disregard for GC pool
[2026-05-13T03:05:57.6287910-07:00] [pid=4308] [2026.05.13-10.05.57:628][  0]LogClass: Display: EnumProperty FAkExternalSourceInfo::CodecID is not initialized properly. Module:AkAudio File:Classes/AkGameplayTypes.h
[2026-05-13T03:05:57.6287910-07:00] [pid=4308] [2026.05.13-10.05.57:628][  0]LogClass: Warning: ObjectProperty FAkExternalSourceInfo::ExternalSourceAsset is not initialized properly. Module:AkAudio File:Classes/AkGameplayTypes.h
[2026-05-13T03:05:57.6297908-07:00] [pid=4308] [2026.05.13-10.05.57:628][  0]LogClass: Display: IntProperty FAkChannelMask::ChannelMask is not initialized properly. Module:AkAudio File:Classes/AkGameplayTypes.h
[2026-05-13T03:05:57.6297908-07:00] [pid=4308] [2026.05.13-10.05.57:629][  0]LogClass: Display: BoolProperty FAkPS5AdvancedInitializationSettings::bVorbisHwAcceleration is not initialized properly. Module:AkAudio File:Classes/Platforms/AkPlatform_Pellegrino/AkPS5InitializationSettings.h
[2026-05-13T03:05:57.6297908-07:00] [pid=4308] [2026.05.13-10.05.57:629][  0]LogClass: Display: 4 Uninitialized script struct members found including 1 object properties
[2026-05-13T03:05:57.6302940-07:00] [pid=4308] [2026.05.13-10.05.57:630][  0]LogAutomationTest: Warning: ObjectProperty FAkExternalSourceInfo::ExternalSourceAsset is not initialized properly. Module:AkAudio File:Classes/AkGameplayTypes.h
[2026-05-13T03:05:57.6302940-07:00] [pid=4308] [2026.05.13-10.05.57:630][  0]LogEngine: Initializing Engine...
[2026-05-13T03:05:57.6323045-07:00] [pid=4308] Error [GENERAL |  | OpenXR-Loader] : RuntimeManifestFile::FindManifestFiles - failed to find active runtime file in registry
[2026-05-13T03:05:57.6323045-07:00] [pid=4308] Error [GENERAL | xrEnumerateInstanceExtensionProperties | OpenXR-Loader] : RuntimeInterface::LoadRuntimes - unknown error
[2026-05-13T03:05:57.6323045-07:00] [pid=4308] Error [GENERAL | xrEnumerateInstanceExtensionProperties | OpenXR-Loader] : RuntimeInterface::LoadRuntimes - failed to load a runtime
[2026-05-13T03:05:57.6323045-07:00] [pid=4308] Error [GENERAL | xrEnumerateInstanceExtensionProperties | OpenXR-Loader] : Failed to find default runtime with RuntimeInterface::LoadRuntime()
[2026-05-13T03:05:57.6333037-07:00] [pid=4308] Error [GENERAL | xrEnumerateInstanceExtensionProperties | OpenXR-Loader] : Failed querying extension properties
[2026-05-13T03:05:57.6333037-07:00] [pid=4308] [2026.05.13-10.05.57:633][  0]LogHMD: Failed to enumerate extensions. Please check that you have a valid OpenXR runtime installed.
[2026-05-13T03:05:57.6333037-07:00] [pid=4308] [2026.05.13-10.05.57:633][  0]LogHMD: Failed to initialize OpenVR with code 110
[2026-05-13T03:05:57.6333037-07:00] [pid=4308] [2026.05.13-10.05.57:633][  0]LogMagicLeap: Warning: VR disabled because ZI is not enabled.  To enable, in the editor, Edit -> Project Settings -> Plugins -> Magic Leap Plugin -> Enable Zero Iteration
[2026-05-13T03:05:57.6343041-07:00] [pid=4308] [2026.05.13-10.05.57:634][  0]LogStats: UGameplayTagsManager::InitializeManager -  0.000 s
[2026-05-13T03:05:57.7140371-07:00] [pid=4308] [2026.05.13-10.05.57:714][  0]LogInit: Initializing FReadOnlyCVARCache
[2026-05-13T03:05:57.7140371-07:00] [pid=4308] [2026.05.13-10.05.57:714][  0]LogAudio: Display: Initializing Audio Device Manager...
[2026-05-13T03:05:57.7185456-07:00] [pid=4308] [2026.05.13-10.05.57:717][  0]LogAudio: Display: Loading Default Audio Settings Objects...
[2026-05-13T03:05:57.7185456-07:00] [pid=4308] [2026.05.13-10.05.57:718][  0]LogAudio: Display: No default SoundConcurrencyObject specified (or failed to load).
[2026-05-13T03:05:57.7195445-07:00] [pid=4308] [2026.05.13-10.05.57:719][  0]LogAudio: Display: Audio Device Manager Initialized
[2026-05-13T03:05:57.7195445-07:00] [pid=4308] [2026.05.13-10.05.57:719][  0]LogAudio: Display: Creating Audio Device:                 Id: 1, Scope: Shared, Realtime: True
[2026-05-13T03:05:57.7195445-07:00] [pid=4308] [2026.05.13-10.05.57:719][  0]LogAudioMixer: Display: Audio Mixer Platform Settings:
[2026-05-13T03:05:57.7195445-07:00] [pid=4308] [2026.05.13-10.05.57:719][  0]LogAudioMixer: Display: 	Sample Rate:						  48000
[2026-05-13T03:05:57.7195445-07:00] [pid=4308] [2026.05.13-10.05.57:719][  0]LogAudioMixer: Display: 	Callback Buffer Frame Size Requested: 1024
[2026-05-13T03:05:57.7195445-07:00] [pid=4308] [2026.05.13-10.05.57:719][  0]LogAudioMixer: Display: 	Callback Buffer Frame Size To Use:	  1024
[2026-05-13T03:05:57.7195445-07:00] [pid=4308] [2026.05.13-10.05.57:719][  0]LogAudioMixer: Display: 	Number of buffers to queue:			  2
[2026-05-13T03:05:57.7195445-07:00] [pid=4308] [2026.05.13-10.05.57:719][  0]LogAudioMixer: Display: 	Max Channels (voices):				  32
[2026-05-13T03:05:57.7195445-07:00] [pid=4308] [2026.05.13-10.05.57:719][  0]LogAudioMixer: Display: 	Number of Async Source Workers:		  0
[2026-05-13T03:05:57.7200496-07:00] [pid=4308] [2026.05.13-10.05.57:719][  0]LogAudio: Display: AudioDevice MaxSources: 32
[2026-05-13T03:05:57.7200496-07:00] [pid=4308] [2026.05.13-10.05.57:720][  0]LogAudio: Display: Audio Spatialization Plugin: None (built-in).
[2026-05-13T03:05:57.7200496-07:00] [pid=4308] [2026.05.13-10.05.57:720][  0]LogAudio: Display: Audio Reverb Plugin: None (built-in).
[2026-05-13T03:05:57.7200496-07:00] [pid=4308] [2026.05.13-10.05.57:720][  0]LogAudio: Display: Audio Occlusion Plugin: None (built-in).
[2026-05-13T03:05:57.7200496-07:00] [pid=4308] [2026.05.13-10.05.57:720][  0]LogAudioMixer: Display: Initializing audio mixer.
[2026-05-13T03:05:57.7310733-07:00] [pid=4308] [2026.05.13-10.05.57:731][  0]LogAudioMixer: Display: 0: FrontLeft
[2026-05-13T03:05:57.7310733-07:00] [pid=4308] [2026.05.13-10.05.57:731][  0]LogAudioMixer: Display: 1: FrontRight
[2026-05-13T03:05:57.7477090-07:00] [pid=4308] [2026.05.13-10.05.57:747][  0]LogAudioMixer: Display: Using Audio Device Speakers (2- Realtek(R) Audio)
[2026-05-13T03:05:57.7522171-07:00] [pid=4308] [2026.05.13-10.05.57:752][  0]LogAudioMixer: Display: Initializing Sound Submixes...
[2026-05-13T03:05:57.7542179-07:00] [pid=4308] [2026.05.13-10.05.57:754][  0]LogAudioMixer: Display: Creating Master Submix 'MasterSubmixDefault'
[2026-05-13T03:05:57.7542179-07:00] [pid=4308] [2026.05.13-10.05.57:754][  0]LogAudioMixer: Display: Creating Master Submix 'MasterReverbSubmixDefault'
[2026-05-13T03:05:57.7552278-07:00] [pid=4308] [2026.05.13-10.05.57:755][  0]LogAudioMixer: Display: Creating Master Submix 'MasterEQSubmixDefault'
[2026-05-13T03:05:57.7552278-07:00] [pid=4308] [2026.05.13-10.05.57:755][  0]LogAudioMixer: FMixerPlatformXAudio2::StartAudioStream() called
[2026-05-13T03:05:57.7552278-07:00] [pid=4308] [2026.05.13-10.05.57:755][  0]LogAudioMixer: Display: Output buffers initialized: Frames=1024, Channels=2, Samples=2048
[2026-05-13T03:05:57.7567327-07:00] [pid=4308] [2026.05.13-10.05.57:755][  0]LogAudioMixer: Display: Starting AudioMixerPlatformInterface::RunInternal()
[2026-05-13T03:05:57.7567327-07:00] [pid=4308] [2026.05.13-10.05.57:755][  0]LogAudioMixer: Display: FMixerPlatformXAudio2::SubmitBuffer() called for the first time
[2026-05-13T03:05:57.7567327-07:00] [pid=4308] [2026.05.13-10.05.57:756][  0]LogInit: FAudioDevice initialized.
[2026-05-13T03:05:57.7577391-07:00] [pid=4308] [2026.05.13-10.05.57:757][  0]LogNetVersion: Set ProjectVersion to 1.0.0.0. Version Checksum will be recalculated on next use.
[2026-05-13T03:05:57.7974096-07:00] [pid=4308] [2026.05.13-10.05.57:797][  0]LogDerivedDataCache: Saved boot cache 0.04s 78MB C:/Users/kapil/AppData/Local/UnrealEngine/4.27/DerivedDataCache/Boot.ddc.
[2026-05-13T03:05:57.7984105-07:00] [pid=4308] [2026.05.13-10.05.57:798][  0]LogInit: Texture streaming: Enabled
[2026-05-13T03:05:57.8550613-07:00] [pid=4308] [2026.05.13-10.05.57:855][  0]LogAudio: Display: Audio Device (ID: 1) registered with world 'Untitled'.
[2026-05-13T03:05:57.8550613-07:00] [pid=4308] [2026.05.13-10.05.57:855][  0]LogSlate: Updating window title bar state: overlay mode, drag disabled, window buttons hidden, title bar hidden
[2026-05-13T03:05:57.8565661-07:00] [pid=4308] [2026.05.13-10.05.57:856][  0]LogInit: Display: Game Engine Initialized.
[2026-05-13T03:05:57.8565661-07:00] [pid=4308] [2026.05.13-10.05.57:856][  0]LogNiagaraEditor: GEditor isn't valid! Particle reset commands will not work for Niagara components!
[2026-05-13T03:05:57.9512285-07:00] [pid=4308] [2026.05.13-10.05.57:951][  0]LogInit: Display: Starting Game.
[2026-05-13T03:05:57.9512285-07:00] [pid=4308] [2026.05.13-10.05.57:951][  0]LogNet: Browse: /Game/ThirdPersonBP/Maps/ThirdPersonExampleMap?Name=Player
[2026-05-13T03:05:57.9512285-07:00] [pid=4308] [2026.05.13-10.05.57:951][  0]LogLoad: LoadMap: /Game/ThirdPersonBP/Maps/ThirdPersonExampleMap?Name=Player
[2026-05-13T03:05:57.9512285-07:00] [pid=4308] [2026.05.13-10.05.57:951][  0]LogWorld: BeginTearingDown for /Temp/Untitled_0
[2026-05-13T03:05:57.9522330-07:00] [pid=4308] [2026.05.13-10.05.57:952][  0]LogWorld: UWorld::CleanupWorld for Untitled, bSessionEnded=true, bCleanupResources=true
[2026-05-13T03:05:57.9522330-07:00] [pid=4308] [2026.05.13-10.05.57:952][  0]LogSlate: InvalidateAllWidgets triggered.  All widgets were invalidated
[2026-05-13T03:05:57.9552333-07:00] [pid=4308] [2026.05.13-10.05.57:955][  0]LogAudio: Display: Audio Device unregistered from world 'None'.
[2026-05-13T03:05:57.9567365-07:00] [pid=4308] [2026.05.13-10.05.57:956][  0]LogUObjectHash: Compacting FUObjectHashTables data took   0.49ms
[2026-05-13T03:05:58.1436756-07:00] [pid=4308] [2026.05.13-10.05.58:143][  0]LogAudio: Display: Audio Device (ID: 1) registered with world 'ThirdPersonExampleMap'.
[2026-05-13T03:05:58.1501884-07:00] [pid=4308] [2026.05.13-10.05.58:149][  0]LogAIModule: Creating AISystem for world ThirdPersonExampleMap
[2026-05-13T03:05:58.1511935-07:00] [pid=4308] [2026.05.13-10.05.58:151][  0]LogLoad: Game class is 'ThirdPersonGameMode_C'
[2026-05-13T03:05:58.1541978-07:00] [pid=4308] [2026.05.13-10.05.58:154][  0]LogWorld: Bringing World /Game/ThirdPersonBP/Maps/ThirdPersonExampleMap.ThirdPersonExampleMap up for play (max tick rate 0) at 2026.05.13-03.05.58
[2026-05-13T03:05:58.1541978-07:00] [pid=4308] [2026.05.13-10.05.58:154][  0]LogWorld: Bringing up level for play took: 0.002520
[2026-05-13T03:05:58.1567068-07:00] [pid=4308] [2026.05.13-10.05.58:156][  0]LogTemp: Display: [ImmerseStress] Ready. Defaults: event=SwordHits bus=7p1p4 shareset=Immerse_Audio_Renderer_(Custom)
[2026-05-13T03:05:58.1567068-07:00] [pid=4308] [2026.05.13-10.05.58:156][  0]LogTemp: Display: [ImmerseStress] IMMERSE_USER_ID env=kevin_tencenttest1_emb | IMMERSE_USERID= | IMMERSE_USER=
[2026-05-13T03:05:58.1567068-07:00] [pid=4308] [2026.05.13-10.05.58:156][  0]LogTemp: Display: [testTP] Auto-spawned ImmerseStressTestActor into ThirdPersonExampleMap (type=1)
[2026-05-13T03:05:58.1567068-07:00] [pid=4308] [2026.05.13-10.05.58:156][  0]LogLoad: Took 0.205500 seconds to LoadMap(/Game/ThirdPersonBP/Maps/ThirdPersonExampleMap)
[2026-05-13T03:05:58.1797520-07:00] [pid=4308] [2026.05.13-10.05.58:179][  0]LogSlate: Took 0.000301 seconds to synchronously load lazily loaded font '../../../Engine/Content/Slate/Fonts/Roboto-Regular.ttf' (155K)
[2026-05-13T03:05:58.2033072-07:00] [pid=4308] [2026.05.13-10.05.58:203][  0]LogRenderer: Reallocating scene render targets to support 1536x864 Format 10 NumSamples 1 (Frame:1).
[2026-05-13T03:05:58.2033072-07:00] [pid=4308] [2026.05.13-10.05.58:203][  0]LogInit: Display: Engine is initialized. Leaving FEngineLoop::Init()
[2026-05-13T03:05:58.2033072-07:00] [pid=4308] [2026.05.13-10.05.58:203][  0]LogLoad: (Engine Initialization) Total time: 4.71 seconds
[2026-05-13T03:05:58.2033072-07:00] [pid=4308] [2026.05.13-10.05.58:203][  0]LogLoad: (Engine Initialization) Total Blueprint compile time: 0.00 seconds
[2026-05-13T03:05:58.2043072-07:00] [pid=4308] Resizing viewport due to setres change, 1536 x 864
[2026-05-13T03:05:58.2143297-07:00] [pid=4308] [2026.05.13-10.05.58:214][  0]LogContentStreaming: Texture pool size now 1000 MB
[2026-05-13T03:05:58.2153292-07:00] [pid=4308] [2026.05.13-10.05.58:215][  0]LogSlate: InvalidateAllWidgets triggered.  All widgets were invalidated
[2026-05-13T03:05:58.2685060-07:00] [pid=4308] [2026.05.13-10.05.58:268][  0]LogRenderer: Reallocating scene render targets to support 128x128 Format 10 NumSamples 1 (Frame:1).
[2026-05-13T03:05:58.3011415-07:00] [pid=4308] [2026.05.13-10.05.58:301][  0]LogRenderer: Reallocating scene render targets to support 1536x864 Format 10 NumSamples 1 (Frame:2).
[2026-05-13T03:05:58.3112527-07:00] [pid=4308] [2026.05.13-10.05.58:311][  1]LogSlate: Took 0.000223 seconds to synchronously load lazily loaded font '../../../Engine/Content/Slate/Fonts/Roboto-Regular.ttf' (155K)
[2026-05-13T03:05:58.3307101-07:00] [pid=4308] <<<_____ ImmerseAudioRenderer _____>>> 
[2026-05-13T03:05:58.3307101-07:00] [pid=4308] CreateImmerseAudioRendererFX()
[2026-05-13T03:05:58.3307101-07:00] [pid=4308] 
[2026-05-13T03:05:58.3307101-07:00] [pid=4308] <<<_____ ImmerseAudioRenderer _____>>> 
[2026-05-13T03:05:58.3307101-07:00] [pid=4308] Init: this=0000014260230080
[2026-05-13T03:05:58.3307101-07:00] [pid=4308] 
[2026-05-13T03:05:58.3307101-07:00] [pid=4308] <<<_____ ImmerseAudioRenderer _____>>> 
[2026-05-13T03:05:58.3307101-07:00] [pid=4308] Init: success this=0000014260230080 numChannels=36
[2026-05-13T03:05:58.3307101-07:00] [pid=4308] 
[2026-05-13T03:05:58.3317104-07:00] [pid=4308] [EmbodyLOG] May_13_2026 03:05:58.331 line: 738. ___IMMERSEENGINE___ Immerse_CreateAudioProcessor inChannelConfiguration:5 inInitHrirTuning:0 inInitSpeakerPlacement:0 outAudioProcessor:0000000C3179FEB0 
[2026-05-13T03:05:58.3317104-07:00] [pid=4308] [EmbodyLOG] May_13_2026 03:05:58.332 line: 251. ImmerseAudioApiImplBase::CreateAudioProcessor: failed to obtain personalized shared decoder kernel - expected behaviour if user is not set! 
[2026-05-13T03:05:58.3542624-07:00] [pid=4308] [EmbodyLOG] May_13_2026 03:05:58.354 line: 376. AudioConfig::GetSHIndices() - invalid channelConfig: 6 
[2026-05-13T03:05:58.3788227-07:00] [pid=4308] [EmbodyLOG] May_13_2026 03:05:58.379 line: 281. AudioConfig::InitializeDecoders: Successfully created shared ambisonic decoder kernel 
[2026-05-13T03:05:58.3803268-07:00] [pid=4308] [EmbodyLOG] May_13_2026 03:05:58.380 line: 269. ImmerseAudioApiImplBase::CreateAudioProcessor: failed to init personalized decoder - expected behaviour if user is not set! 
[2026-05-13T03:06:00.7128378-07:00] [pid=4308] [2026.05.13-10.06.00:712][113]LogTemp: Display: [ImmerseStress] REMOTE_HOLD_v1: waiting for go.flag (../../../../../../Users/kapil/OneDrive/Documents/Unreal Projects/testTP/Saved/ImmerseStress/go.flag) retry=1
[2026-05-13T03:06:02.4333578-07:00] [pid=18448] <<<_____ ImmerseAudioRenderer _____>>> 
[2026-05-13T03:06:02.4333578-07:00] [pid=18448] WwiseFxNullParams::Term()
[2026-05-13T03:06:02.4333578-07:00] [pid=18448] 
[2026-05-13T03:06:02.4428735-07:00] [pid=18448] <<<_____ ImmerseAudioRenderer _____>>> 
[2026-05-13T03:06:02.4428735-07:00] [pid=18448] CreateDestroyImmerseManager
[2026-05-13T03:06:02.4428735-07:00] [pid=18448] 
[2026-05-13T03:06:02.4428735-07:00] [pid=18448] <<<_____ ImmerseAudioRenderer _____>>> 
[2026-05-13T03:06:02.4428735-07:00] [pid=18448] DestroyImmerseManager
[2026-05-13T03:06:02.4428735-07:00] [pid=18448] 
[2026-05-13T03:06:02.4809773-07:00] [pid=27484] Focus Exec Name: wwise.exe
[2026-05-13T03:06:02.4809773-07:00] [pid=27484] ---> Focus Exec Name: wwise.exe has WS_OVERLAPPEDWINDOW
[2026-05-13T03:06:02.4940042-07:00] [pid=4308] <<<_____ ImmerseAudioRenderer _____>>> 
[2026-05-13T03:06:02.4940042-07:00] [pid=4308] RegisterImmerseAudioRendererFX()
[2026-05-13T03:06:02.4940042-07:00] [pid=4308] 
[2026-05-13T03:06:02.4940042-07:00] [pid=4308] <<<_____ ImmerseAudioRenderer _____>>> 
[2026-05-13T03:06:02.4940042-07:00] [pid=4308] CreateImmerseManager
[2026-05-13T03:06:02.4940042-07:00] [pid=4308] 
[2026-05-13T03:06:02.5185790-07:00] [pid=4308] <<<_____ ImmerseAudioRenderer _____>>> 
[2026-05-13T03:06:02.5185790-07:00] [pid=4308] CreateImmerseAudioRendererFXParams()
[2026-05-13T03:06:02.5185790-07:00] [pid=4308] 
[2026-05-13T03:06:02.5185790-07:00] [pid=4308] <<<_____ ImmerseAudioRenderer _____>>> 
[2026-05-13T03:06:02.5185790-07:00] [pid=4308] WwiseFxNullParams::Init()
[2026-05-13T03:06:02.5185790-07:00] [pid=4308] 
[2026-05-13T03:06:02.5185790-07:00] [pid=4308] <<<_____ ImmerseAudioRenderer _____>>> 
[2026-05-13T03:06:02.5185790-07:00] [pid=4308] WwiseFxNullParams::SetParam()
[2026-05-13T03:06:02.5185790-07:00] [pid=4308] 
[2026-05-13T03:06:02.5185790-07:00] [pid=4308] <<<_____ ImmerseAudioRenderer _____>>> 
[2026-05-13T03:06:02.5185790-07:00] [pid=4308] WwiseFxNullParams::SetParam()
[2026-05-13T03:06:02.5195784-07:00] [pid=4308] 
[2026-05-13T03:06:02.5195784-07:00] [pid=4308] <<<_____ ImmerseAudioRenderer _____>>> 
[2026-05-13T03:06:02.5195784-07:00] [pid=4308] WwiseFxNullParams::SetParam()
[2026-05-13T03:06:02.5195784-07:00] [pid=4308] 
[2026-05-13T03:06:02.5195784-07:00] [pid=4308] <<<_____ ImmerseAudioRenderer _____>>> 
[2026-05-13T03:06:02.5195784-07:00] [pid=4308] WwiseFxNullParams::SetParam()
[2026-05-13T03:06:02.5195784-07:00] [pid=4308] 
[2026-05-13T03:06:02.5195784-07:00] [pid=4308] <<<_____ ImmerseAudioRenderer _____>>> 
[2026-05-13T03:06:02.5195784-07:00] [pid=4308] WwiseFxNullParams::SetParam()
[2026-05-13T03:06:02.5200835-07:00] [pid=4308] 
[2026-05-13T03:06:02.5200835-07:00] [pid=4308] <<<_____ ImmerseAudioRenderer _____>>> 
[2026-05-13T03:06:02.5200835-07:00] [pid=4308] WwiseFxNullParams::SetParam()
[2026-05-13T03:06:02.5200835-07:00] [pid=4308] 
[2026-05-13T03:06:02.5200835-07:00] [pid=4308] <<<_____ ImmerseAudioRenderer _____>>> 
[2026-05-13T03:06:02.5200835-07:00] [pid=4308] WwiseFxNullParams::SetParam()
[2026-05-13T03:06:02.5200835-07:00] [pid=4308] 
[2026-05-13T03:06:02.5200835-07:00] [pid=4308] <<<_____ ImmerseAudioRenderer _____>>> 
[2026-05-13T03:06:02.5200835-07:00] [pid=4308] WwiseFxNullParams::SetParam()
[2026-05-13T03:06:02.5200835-07:00] [pid=4308] 
[2026-05-13T03:06:02.5200835-07:00] [pid=4308] <<<_____ ImmerseAudioRenderer _____>>> 
[2026-05-13T03:06:02.5200835-07:00] [pid=4308] WwiseFxNullParams::SetParam()
[2026-05-13T03:06:02.5200835-07:00] [pid=4308] 
[2026-05-13T03:06:02.5200835-07:00] [pid=4308] <<<_____ ImmerseAudioRenderer _____>>> 
[2026-05-13T03:06:02.5200835-07:00] [pid=4308] WwiseFxNullParams::ApplyParam()
[2026-05-13T03:06:02.5210880-07:00] [pid=4308] 
[2026-05-13T03:06:02.5210880-07:00] [pid=4308] [EmbodyLOG] May_13_2026 03:06:02.521 line: 649. ___IMMERSEENGINE___ Immerse_SetUserId inUserId:0000000C2744F230 
[2026-05-13T03:06:02.5210880-07:00] [pid=4308] <<<_____ ImmerseAudioRenderer _____>>> 
[2026-05-13T03:06:02.5210880-07:00] [pid=4308] WwiseFxNullParams::ApplyParam()
[2026-05-13T03:06:02.5210880-07:00] [pid=4308] 
[2026-05-13T03:06:02.5210880-07:00] [pid=4308] [EmbodyLOG] May_13_2026 03:06:02.521 line: 673. ___IMMERSEENGINE___ Immerse_EnableImmerse inMode: 2 
[2026-05-13T03:06:02.5210880-07:00] [pid=4308] <<<_____ ImmerseAudioRenderer _____>>> 
[2026-05-13T03:06:02.5210880-07:00] [pid=4308] WwiseFxNullParams::ApplyParam()
[2026-05-13T03:06:02.5210880-07:00] [pid=4308] 
[2026-05-13T03:06:02.5210880-07:00] [pid=4308] [EmbodyLOG] May_13_2026 03:06:02.522 line: 673. ___IMMERSEENGINE___ Immerse_EnableImmerse inMode: 1 
[2026-05-13T03:06:02.5220926-07:00] [pid=4308] <<<_____ ImmerseAudioRenderer _____>>> 
[2026-05-13T03:06:02.5220926-07:00] [pid=4308] WwiseFxNullParams::ApplyParam()
[2026-05-13T03:06:02.5220926-07:00] [pid=4308] 
[2026-05-13T03:06:02.5220926-07:00] [pid=4308] [EmbodyLOG] May_13_2026 03:06:02.522 line: 3460. generateWebAppUrl(): userId: kevin_tencenttest1_emb 
[2026-05-13T03:06:02.5220926-07:00] [pid=4308] [EmbodyLOG] May_13_2026 03:06:02.522 line: 710. ___IMMERSEENGINE___ Immerse_EnableHPEQ inHeadset: 0 
[2026-05-13T03:06:02.5230935-07:00] [pid=4308] <<<_____ ImmerseAudioRenderer _____>>> 
[2026-05-13T03:06:02.5230935-07:00] [pid=4308] WwiseFxNullParams::ApplyParam()
[2026-05-13T03:06:02.5230935-07:00] [pid=4308] 
[2026-05-13T03:06:02.5230935-07:00] [pid=4308] <<<_____ ImmerseAudioRenderer _____>>> 
[2026-05-13T03:06:02.5230935-07:00] [pid=4308] WwiseFxNullParams::ApplyParam()
[2026-05-13T03:06:02.5230935-07:00] [pid=4308] 
[2026-05-13T03:06:02.5230935-07:00] [pid=4308] <<<_____ ImmerseAudioRenderer _____>>> 
[2026-05-13T03:06:02.5230935-07:00] [pid=4308] [EmbodyLOG] May_13_2026 03:06:02.523 line: 759. ___IMMERSEENGINE___ Immerse_SetSpeakerPlacement inSpeakerPlacement:2 
[2026-05-13T03:06:02.5230935-07:00] [pid=4308] WwiseFxNullParams::ApplyParam()
[2026-05-13T03:06:02.5230935-07:00] [pid=4308] 
[2026-05-13T03:06:02.5230935-07:00] [pid=4308] <<<_____ ImmerseAudioRenderer _____>>> 
[2026-05-13T03:06:02.5240927-07:00] [pid=4308] WwiseFxNullParams::ApplyParam()
[2026-05-13T03:06:02.5240927-07:00] [pid=4308] 
[2026-05-13T03:06:02.5240927-07:00] [pid=4308] <<<_____ ImmerseAudioRenderer _____>>> 
[2026-05-13T03:06:02.5240927-07:00] [pid=4308] WwiseFxNullParams::ApplyParam()
[2026-05-13T03:06:02.5240927-07:00] [pid=4308] 
[2026-05-13T03:06:02.5240927-07:00] [pid=4308] [EmbodyLOG] May_13_2026 03:06:02.524 line: 1316. getLocalSessionID for user: kevin_tencenttest1_emb 06756e30dc6941e7b44b3ad365984a2f 
[2026-05-13T03:06:02.5240927-07:00] [pid=4308] [EmbodyLOG] May_13_2026 03:06:02.524 line: 3468. generateWebAppUrl(): Query context user id = kevin_tencenttest1_emb 
[2026-05-13T03:06:02.5250932-07:00] [pid=4308] [EmbodyLOG] May_13_2026 03:06:02.525 line: 1377. constructWebAppUrl: https://u.embodyvr.io/i/szuMghP-YvwHGjmZ5v3GG-Cj3ObaWDeWfJGdGvmJ5Up0GFKwPycKzA**?q=2h04:en 
[2026-05-13T03:06:02.5250932-07:00] [pid=4308] <<<_____ ImmerseAudioRenderer _____>>> 
[2026-05-13T03:06:02.5250932-07:00] [pid=4308] Term: this=0000014260230080
[2026-05-13T03:06:02.5250932-07:00] [pid=4308] [EmbodyLOG] May_13_2026 03:06:02.525 line: 3483. generateWebAppUrl(): session url is : https://u.embodyvr.io/i/szuMghP-YvwHGjmZ5v3GG-Cj3ObaWDeWfJGdGvmJ5Up0GFKwPycKzA**?q=2h04:en 
[2026-05-13T03:06:02.5250932-07:00] [pid=4308] 
[2026-05-13T03:06:02.5250932-07:00] [pid=4308] [EmbodyLOG] May_13_2026 03:06:02.525 line: 752. ___IMMERSEENGINE___ Immerse_DestroyAudioProcessor inAudioProcessor:1 
[2026-05-13T03:06:02.5250932-07:00] [pid=4308] <<<_____ ImmerseAudioRenderer _____>>> 
[2026-05-13T03:06:02.5250932-07:00] [pid=4308] WwiseFxNullParams::Term()
[2026-05-13T03:06:02.5250932-07:00] [pid=4308] 
[2026-05-13T03:06:02.5250932-07:00] [pid=4308] <<<_____ ImmerseAudioRenderer _____>>> 
[2026-05-13T03:06:02.5250932-07:00] [pid=4308] CreateImmerseAudioRendererFX()
[2026-05-13T03:06:02.5250932-07:00] [pid=4308] 
[2026-05-13T03:06:02.5265990-07:00] [pid=4308] <<<_____ ImmerseAudioRenderer _____>>> 
[2026-05-13T03:06:02.5265990-07:00] [pid=4308] Init: this=00000142602301C0
[2026-05-13T03:06:02.5265990-07:00] [pid=4308] 
[2026-05-13T03:06:02.5265990-07:00] [pid=4308] <<<_____ ImmerseAudioRenderer _____>>> 
[2026-05-13T03:06:02.5265990-07:00] [pid=4308] Init: success this=00000142602301C0 numChannels=36
[2026-05-13T03:06:02.5265990-07:00] [pid=4308] 
[2026-05-13T03:06:02.5286084-07:00] [pid=4308] <<<_____ ImmerseAudioRenderer _____>>> 
[2026-05-13T03:06:02.5286084-07:00] [pid=4308] Term: this=00000142602301C0
[2026-05-13T03:06:02.5286084-07:00] [pid=4308] 
[2026-05-13T03:06:02.5286084-07:00] [pid=4308] <<<_____ ImmerseAudioRenderer _____>>> 
[2026-05-13T03:06:02.5286084-07:00] [pid=4308] WwiseFxNullParams::Term()
[2026-05-13T03:06:02.5286084-07:00] [pid=4308] 
[2026-05-13T03:06:02.5366281-07:00] [pid=4308] <<<_____ ImmerseAudioRenderer _____>>> 
[2026-05-13T03:06:02.5366281-07:00] [pid=4308] CreateImmerseAudioRendererFX()
[2026-05-13T03:06:02.5366281-07:00] [pid=4308] 
[2026-05-13T03:06:02.5366281-07:00] [pid=4308] <<<_____ ImmerseAudioRenderer _____>>> 
[2026-05-13T03:06:02.5366281-07:00] [pid=4308] Init: this=0000014260230300
[2026-05-13T03:06:02.5366281-07:00] [pid=4308] 
[2026-05-13T03:06:02.5366281-07:00] [pid=4308] <<<_____ ImmerseAudioRenderer _____>>> 
[2026-05-13T03:06:02.5366281-07:00] [pid=4308] Init: success this=0000014260230300 numChannels=36
[2026-05-13T03:06:02.5366281-07:00] [pid=4308] 
[2026-05-13T03:06:02.5376364-07:00] [pid=4308] [EmbodyLOG] May_13_2026 03:06:02.538 line: 738. ___IMMERSEENGINE___ Immerse_CreateAudioProcessor inChannelConfiguration:5 inInitHrirTuning:0 inInitSpeakerPlacement:0 outAudioProcessor:0000000C3231F850 
[2026-05-13T03:06:02.5386360-07:00] [pid=4308] [EmbodyLOG] May_13_2026 03:06:02.539 line: 251. ImmerseAudioApiImplBase::CreateAudioProcessor: failed to obtain personalized shared decoder kernel - expected behaviour if user is not set! 
[2026-05-13T03:06:02.5401402-07:00] [pid=4308] [EmbodyLOG] May_13_2026 03:06:02.540 line: 1419. calculateLicenseDaysRemaining(): cached=358, elapsed=0, remaining=358 
[2026-05-13T03:06:02.5401402-07:00] [pid=4308] [EmbodyLOG] May_13_2026 03:06:02.540 line: 269. ImmerseAudioApiImplBase::CreateAudioProcessor: failed to init personalized decoder - expected behaviour if user is not set! 
[2026-05-13T03:06:02.8646517-07:00] [pid=4308] [EmbodyLOG] May_13_2026 03:06:02.864 line: 2042. updateUserData onSetUserId: update user data on set user id 
[2026-05-13T03:06:02.8656510-07:00] [pid=4308] [EmbodyLOG] May_13_2026 03:06:02.865 line: 1316. getLocalSessionID for user: kevin_tencenttest1_emb 06756e30dc6941e7b44b3ad365984a2f 
[2026-05-13T03:06:02.8656510-07:00] [pid=4308] [EmbodyLOG] May_13_2026 03:06:02.866 line: 2060. ImmerseAPI_updateUserData onSetUserId: syncing with server 
[2026-05-13T03:06:02.8671556-07:00] [pid=4308] [EmbodyLOG] May_13_2026 03:06:02.867 line: 1316. getLocalSessionID for user: kevin_tencenttest1_emb 06756e30dc6941e7b44b3ad365984a2f 
[2026-05-13T03:06:02.8681609-07:00] [pid=4308] [EmbodyLOG] May_13_2026 03:06:02.868 line: 3274. getEmbodyData: STATUS_AUTHORIZING StatusCheck session_id: 06756e30dc6941e7b44b3ad365984a2f, immerse_id: v2.2.447, hrtf_id: 1408e0d2eca549feaf2d5631a49ca7d2, img_id: img_1 
[2026-05-13T03:06:02.8681609-07:00] [pid=4308] [EmbodyLOG] May_13_2026 03:06:02.868 line: 3213. usingLocalUserCache: Using local cache for user: SCR license_type: trial, license_days_left: 358, license_expired: 0, isUniversalUser: 0 
[2026-05-13T03:06:02.8691619-07:00] [pid=4308] [EmbodyLOG] May_13_2026 03:06:02.869 line: 3232. updateUMWHPEQSelection() - updated headsetId: 18446744073709551615 
[2026-05-13T03:06:02.8691619-07:00] [pid=4308] [EmbodyLOG] May_13_2026 03:06:02.869 line: 2669. updateUserHRTFData ProfileName set to : Profile_1 
[2026-05-13T03:06:02.8691619-07:00] [pid=4308] [EmbodyLOG] May_13_2026 03:06:02.869 line: 2724. updateUserHRTFData: inside hrtfCallback invocation 
[2026-05-13T03:06:02.8701613-07:00] [pid=4308] [EmbodyLOG] May_13_2026 03:06:02.870 line: 270. LoadHrtfCallback: HRTF loaded 
[2026-05-13T03:06:02.8701613-07:00] [pid=4308] [EmbodyLOG] May_13_2026 03:06:02.870 line: 3354. getEmbodyData: IMMERSE_STATUS::DATA_FINISHED 
[2026-05-13T03:06:03.1727350-07:00] [pid=4308] [EmbodyLOG] May_13_2026 03:06:03.173 line: 416. DecryptMultiSofaData() - v2 numSections=3 hrtfFlags=1 hrtfSectionOffset=971 hrtfSectionSize=1758624 numEntries=4 dataOffset=1039 dataLength=439639 bmapSize=518 fovdSize=361 
[2026-05-13T03:06:03.2256707-07:00] [pid=4308] [EmbodyLOG] May_13_2026 03:06:03.225 line: 447. DecryptMultiSofaData() - decrypt result: Success 
[2026-05-13T03:06:03.2266702-07:00] [pid=4308] [EmbodyLOG] May_13_2026 03:06:03.226 line: 533. AssetManager - BMAP data (518 bytes): {"buses":[{"label":"Extraction","tunings":[{"id":"extraction_tuning_1","label":"Extraction Tuning 1","hrtf_index":0}],"id":"extraction"},{"label":"Warfare","tunings":[{"id":"warfare_tuning_1","label":"Warfare Tuning 1","hrtf_index":1}],"id":"warfare"},{"label":"Campaign","tunings":[{"id":"campaign_tuning_1","label":"Campaign Tuning 1","hrtf_index":2}],"id":"campaign"},{"label":"Voice Chat","tunings":[{"id":"voice_chat_tuning_1","label":"Voice Chat Tuning 1","hrtf_index":3}],"id":"voice_chat"}],"schema_version":1} 
[2026-05-13T03:06:03.2266702-07:00] [pid=4308] [EmbodyLOG] May_13_2026 03:06:03.227 line: 537. AssetManager - FOVD data (361 bytes): {"schema_version":1,"fov_groups":["l/r"],"fov_presets":[{"studio_speaker_angles_idx":[0,1,6,7,8,9,10,11,12,13,14,15,16,17,18],"label":"Narrow","id":"narrow"},{"studio_speaker_angles_idx":[2,3,6,7,8,9,10,11,12,13,14,15,16,17,18],"label":"Default","id":"default"},{"studio_speaker_angles_idx":[4,5,6,7,8,9,10,11,12,13,14,15,16,17,18],"label":"Wide","id":"wide"}]} 
[2026-05-13T03:06:03.2337216-07:00] [pid=4308] [EmbodyLOG] May_13_2026 03:06:03.233 line: 376. AudioConfig::GetSHIndices() - invalid channelConfig: 6 
[2026-05-13T03:06:03.2806585-07:00] [pid=4308] [EmbodyLOG] May_13_2026 03:06:03.281 line: 281. AudioConfig::InitializeDecoders: Successfully created shared ambisonic decoder kernel 
[2026-05-13T03:06:03.2836710-07:00] [pid=4308] [EmbodyLOG] May_13_2026 03:06:03.283 line: 1419. calculateLicenseDaysRemaining(): cached=358, elapsed=0, remaining=358 
[2026-05-13T03:06:03.2846703-07:00] [pid=4308] [EmbodyLOG] May_13_2026 03:06:03.284 line: 1419. calculateLicenseDaysRemaining(): cached=358, elapsed=0, remaining=358 
[2026-05-13T03:06:03.2856722-07:00] [pid=4308] [EmbodyLOG] May_13_2026 03:06:03.286 line: 1316. getLocalSessionID for user: kevin_tencenttest1_emb 06756e30dc6941e7b44b3ad365984a2f 
[2026-05-13T03:06:03.2871794-07:00] [pid=4308] [EmbodyLOG] May_13_2026 03:06:03.287 line: 2576. ImmerseAPI: Too many status checks within the period allowed, returning early 
[2026-05-13T03:06:03.2871794-07:00] [pid=4308] [EmbodyLOG] May_13_2026 03:06:03.287 line: 3232. updateUMWHPEQSelection() - updated headsetId: 18446744073709551615 
[2026-05-13T03:06:03.2881871-07:00] [pid=4308] [EmbodyLOG] May_13_2026 03:06:03.288 line: 1419. calculateLicenseDaysRemaining(): cached=358, elapsed=0, remaining=358 
[2026-05-13T03:06:03.2891854-07:00] [pid=4308] [EmbodyLOG] May_13_2026 03:06:03.289 line: 1304. ImmerseManager::UpdateHpeqHeadset() - HPEQ disabled 
[2026-05-13T03:06:03.2891854-07:00] [pid=4308] [EmbodyLOG] May_13_2026 03:06:03.290 line: 1419. calculateLicenseDaysRemaining(): cached=358, elapsed=0, remaining=358 
[2026-05-13T03:06:08.7311723-07:00] [pid=4308] <<<_____ ImmerseAudioRenderer _____>>> 
[2026-05-13T03:06:08.7311723-07:00] [pid=4308] WwiseFxNullParams::SetParam()
[2026-05-13T03:06:08.7311723-07:00] [pid=4308] 
[2026-05-13T03:06:08.7311723-07:00] [pid=4308] <<<_____ ImmerseAudioRenderer _____>>> 
[2026-05-13T03:06:08.7311723-07:00] [pid=4308] WwiseFxNullParams::ApplyParam()
[2026-05-13T03:06:08.7311723-07:00] [pid=4308] 
[2026-05-13T03:06:08.7321779-07:00] [pid=4308] [EmbodyLOG] May_13_2026 03:06:08.732 line: 673. ___IMMERSEENGINE___ Immerse_EnableImmerse inMode: 0 
[2026-05-13T03:06:08.7321779-07:00] [pid=4308] <<<_____ ImmerseAudioRenderer _____>>> 
[2026-05-13T03:06:08.7321779-07:00] [pid=4308] WwiseFxNullParams::SetParam()
[2026-05-13T03:06:08.7321779-07:00] [pid=4308] 
[2026-05-13T03:06:08.7321779-07:00] [pid=4308] <<<_____ ImmerseAudioRenderer _____>>> 
[2026-05-13T03:06:08.7321779-07:00] [pid=4308] WwiseFxNullParams::ApplyParam()
[2026-05-13T03:06:08.7331794-07:00] [pid=4308] 
[2026-05-13T03:06:08.7331794-07:00] [pid=4308] [EmbodyLOG] May_13_2026 03:06:08.733 line: 673. ___IMMERSEENGINE___ Immerse_EnableImmerse inMode: 0 
[2026-05-13T03:06:08.7331794-07:00] [pid=4308] [EmbodyLOG] May_13_2026 03:06:08.733 line: 1419. calculateLicenseDaysRemaining(): cached=358, elapsed=0, remaining=358 
[2026-05-13T03:06:08.7366845-07:00] [pid=4308] [EmbodyLOG] May_13_2026 03:06:08.737 line: 1419. calculateLicenseDaysRemaining(): cached=358, elapsed=0, remaining=358 
[2026-05-13T03:06:09.8611817-07:00] [pid=4308] <<<_____ ImmerseAudioRenderer _____>>> 
[2026-05-13T03:06:09.8611817-07:00] [pid=4308] WwiseFxNullParams::SetParam()
[2026-05-13T03:06:09.8611817-07:00] [pid=4308] 
[2026-05-13T03:06:09.8611817-07:00] [pid=4308] <<<_____ ImmerseAudioRenderer _____>>> 
[2026-05-13T03:06:09.8611817-07:00] [pid=4308] WwiseFxNullParams::ApplyParam()
[2026-05-13T03:06:09.8611817-07:00] [pid=4308] 
[2026-05-13T03:06:09.8611817-07:00] [pid=4308] [EmbodyLOG] May_13_2026 03:06:09.861 line: 673. ___IMMERSEENGINE___ Immerse_EnableImmerse inMode: 1 
[2026-05-13T03:06:09.8621824-07:00] [pid=4308] <<<_____ ImmerseAudioRenderer _____>>> 
[2026-05-13T03:06:09.8621824-07:00] [pid=4308] WwiseFxNullParams::SetParam()
[2026-05-13T03:06:09.8621824-07:00] [pid=4308] 
[2026-05-13T03:06:09.8621824-07:00] [pid=4308] <<<_____ ImmerseAudioRenderer _____>>> 
[2026-05-13T03:06:09.8621824-07:00] [pid=4308] WwiseFxNullParams::ApplyParam()
[2026-05-13T03:06:09.8621824-07:00] [pid=4308] 
[2026-05-13T03:06:09.8621824-07:00] [pid=4308] [EmbodyLOG] May_13_2026 03:06:09.862 line: 673. ___IMMERSEENGINE___ Immerse_EnableImmerse inMode: 1 
[2026-05-13T03:06:09.8631825-07:00] [pid=4308] [EmbodyLOG] May_13_2026 03:06:09.863 line: 1316. getLocalSessionID for user: kevin_tencenttest1_emb 06756e30dc6941e7b44b3ad365984a2f 
[2026-05-13T03:06:09.8636866-07:00] [pid=4308] [EmbodyLOG] May_13_2026 03:06:09.864 line: 3274. getEmbodyData: STATUS_AUTHORIZING StatusCheck session_id: 06756e30dc6941e7b44b3ad365984a2f, immerse_id: v2.2.447, hrtf_id: 1408e0d2eca549feaf2d5631a49ca7d2, img_id: img_1 
[2026-05-13T03:06:09.8646921-07:00] [pid=4308] [EmbodyLOG] May_13_2026 03:06:09.864 line: 3213. usingLocalUserCache: Using local cache for user: SCR license_type: trial, license_days_left: 358, license_expired: 0, isUniversalUser: 0 
[2026-05-13T03:06:09.8646921-07:00] [pid=4308] [EmbodyLOG] May_13_2026 03:06:09.865 line: 3232. updateUMWHPEQSelection() - updated headsetId: 18446744073709551615 
[2026-05-13T03:06:09.8652805-07:00] [pid=4308] [EmbodyLOG] May_13_2026 03:06:09.865 line: 2669. updateUserHRTFData ProfileName set to : Profile_1 
[2026-05-13T03:06:09.8652805-07:00] [pid=4308] [EmbodyLOG] May_13_2026 03:06:09.865 line: 2724. updateUserHRTFData: inside hrtfCallback invocation 
[2026-05-13T03:06:09.8652805-07:00] [pid=4308] [EmbodyLOG] May_13_2026 03:06:09.865 line: 277. LoadHrtfCallback: HRTF already loaded 
[2026-05-13T03:06:09.8652805-07:00] [pid=4308] [EmbodyLOG] May_13_2026 03:06:09.866 line: 3354. getEmbodyData: IMMERSE_STATUS::DATA_FINISHED 
[2026-05-13T03:06:09.8668051-07:00] [pid=4308] [EmbodyLOG] May_13_2026 03:06:09.866 line: 1419. calculateLicenseDaysRemaining(): cached=358, elapsed=0, remaining=358 
[2026-05-13T03:06:09.8698131-07:00] [pid=4308] [EmbodyLOG] May_13_2026 03:06:09.870 line: 1316. getLocalSessionID for user: kevin_tencenttest1_emb 06756e30dc6941e7b44b3ad365984a2f 
[2026-05-13T03:06:09.8713237-07:00] [pid=4308] [EmbodyLOG] May_13_2026 03:06:09.871 line: 2576. ImmerseAPI: Too many status checks within the period allowed, returning early 
[2026-05-13T03:06:09.8713237-07:00] [pid=4308] [EmbodyLOG] May_13_2026 03:06:09.871 line: 3232. updateUMWHPEQSelection() - updated headsetId: 18446744073709551615 
[2026-05-13T03:06:09.8723309-07:00] [pid=4308] [EmbodyLOG] May_13_2026 03:06:09.872 line: 1419. calculateLicenseDaysRemaining(): cached=358, elapsed=0, remaining=358 
[2026-05-13T03:06:10.0076595-07:00] [pid=4308] <<<_____ ImmerseAudioRenderer _____>>> 
[2026-05-13T03:06:10.0076595-07:00] [pid=4308] WwiseFxNullParams::SetParam()
[2026-05-13T03:06:10.0076595-07:00] [pid=4308] 
[2026-05-13T03:06:10.0076595-07:00] [pid=4308] <<<_____ ImmerseAudioRenderer _____>>> 
[2026-05-13T03:06:10.0076595-07:00] [pid=4308] WwiseFxNullParams::ApplyParam()
[2026-05-13T03:06:10.0076595-07:00] [pid=4308] 
[2026-05-13T03:06:10.0076595-07:00] [pid=4308] [EmbodyLOG] May_13_2026 03:06:10.008 line: 673. ___IMMERSEENGINE___ Immerse_EnableImmerse inMode: 0 
[2026-05-13T03:06:10.0086581-07:00] [pid=4308] <<<_____ ImmerseAudioRenderer _____>>> 
[2026-05-13T03:06:10.0086581-07:00] [pid=4308] WwiseFxNullParams::SetParam()
[2026-05-13T03:06:10.0086581-07:00] [pid=4308] 
[2026-05-13T03:06:10.0086581-07:00] [pid=4308] <<<_____ ImmerseAudioRenderer _____>>> 
[2026-05-13T03:06:10.0086581-07:00] [pid=4308] WwiseFxNullParams::ApplyParam()
[2026-05-13T03:06:10.0086581-07:00] [pid=4308] 
[2026-05-13T03:06:10.0086581-07:00] [pid=4308] [EmbodyLOG] May_13_2026 03:06:10.009 line: 673. ___IMMERSEENGINE___ Immerse_EnableImmerse inMode: 0 
[2026-05-13T03:06:10.0086581-07:00] [pid=4308] [EmbodyLOG] May_13_2026 03:06:10.009 line: 1419. calculateLicenseDaysRemaining(): cached=358, elapsed=0, remaining=358 
[2026-05-13T03:06:10.0101643-07:00] [pid=4308] [EmbodyLOG] May_13_2026 03:06:10.010 line: 1419. calculateLicenseDaysRemaining(): cached=358, elapsed=0, remaining=358 
[2026-05-13T03:06:10.1399837-07:00] [pid=4308] <<<_____ ImmerseAudioRenderer _____>>> 
[2026-05-13T03:06:10.1399837-07:00] [pid=4308] WwiseFxNullParams::SetParam()
[2026-05-13T03:06:10.1409918-07:00] [pid=4308] 
[2026-05-13T03:06:10.1409918-07:00] [pid=4308] <<<_____ ImmerseAudioRenderer _____>>> 
[2026-05-13T03:06:10.1409918-07:00] [pid=4308] WwiseFxNullParams::ApplyParam()
[2026-05-13T03:06:10.1409918-07:00] [pid=4308] 
[2026-05-13T03:06:10.1409918-07:00] [pid=4308] [EmbodyLOG] May_13_2026 03:06:10.141 line: 673. ___IMMERSEENGINE___ Immerse_EnableImmerse inMode: 1 
[2026-05-13T03:06:10.1409918-07:00] [pid=4308] <<<_____ ImmerseAudioRenderer _____>>> 
[2026-05-13T03:06:10.1409918-07:00] [pid=4308] WwiseFxNullParams::SetParam()
[2026-05-13T03:06:10.1409918-07:00] [pid=4308] 
[2026-05-13T03:06:10.1409918-07:00] [pid=4308] <<<_____ ImmerseAudioRenderer _____>>> 
[2026-05-13T03:06:10.1409918-07:00] [pid=4308] WwiseFxNullParams::ApplyParam()
[2026-05-13T03:06:10.1420043-07:00] [pid=4308] 
[2026-05-13T03:06:10.1420043-07:00] [pid=4308] [EmbodyLOG] May_13_2026 03:06:10.142 line: 673. ___IMMERSEENGINE___ Immerse_EnableImmerse inMode: 1 
[2026-05-13T03:06:10.1430046-07:00] [pid=4308] [EmbodyLOG] May_13_2026 03:06:10.143 line: 1316. getLocalSessionID for user: kevin_tencenttest1_emb 06756e30dc6941e7b44b3ad365984a2f 
[2026-05-13T03:06:10.1440039-07:00] [pid=4308] [EmbodyLOG] May_13_2026 03:06:10.144 line: 2576. ImmerseAPI: Too many status checks within the period allowed, returning early 
[2026-05-13T03:06:10.1450045-07:00] [pid=4308] [EmbodyLOG] May_13_2026 03:06:10.145 line: 3232. updateUMWHPEQSelection() - updated headsetId: 18446744073709551615 
[2026-05-13T03:06:10.1465155-07:00] [pid=4308] [EmbodyLOG] May_13_2026 03:06:10.146 line: 1419. calculateLicenseDaysRemaining(): cached=358, elapsed=0, remaining=358 
[2026-05-13T03:06:10.1485274-07:00] [pid=4308] [EmbodyLOG] May_13_2026 03:06:10.148 line: 1316. getLocalSessionID for user: kevin_tencenttest1_emb 06756e30dc6941e7b44b3ad365984a2f 
[2026-05-13T03:06:10.1495315-07:00] [pid=4308] [EmbodyLOG] May_13_2026 03:06:10.149 line: 2576. ImmerseAPI: Too many status checks within the period allowed, returning early 
[2026-05-13T03:06:10.1500386-07:00] [pid=4308] [EmbodyLOG] May_13_2026 03:06:10.150 line: 3232. updateUMWHPEQSelection() - updated headsetId: 18446744073709551615 
[2026-05-13T03:06:10.1510503-07:00] [pid=4308] [EmbodyLOG] May_13_2026 03:06:10.151 line: 1419. calculateLicenseDaysRemaining(): cached=358, elapsed=0, remaining=358 
[2026-05-13T03:06:10.2352608-07:00] [pid=4308] [2026.05.13-10.06.10:235][453]LogTemp: Display: [ImmerseStress] REMOTE_HOLD_v1: waiting for go.flag (../../../../../../Users/kapil/OneDrive/Documents/Unreal Projects/testTP/Saved/ImmerseStress/go.flag) retry=20
[2026-05-13T03:06:10.3099621-07:00] [pid=4308] <<<_____ ImmerseAudioRenderer _____>>> 
[2026-05-13T03:06:10.3099621-07:00] [pid=4308] WwiseFxNullParams::SetParam()
[2026-05-13T03:06:10.3099621-07:00] [pid=4308] 
[2026-05-13T03:06:10.3099621-07:00] [pid=4308] <<<_____ ImmerseAudioRenderer _____>>> 
[2026-05-13T03:06:10.3099621-07:00] [pid=4308] WwiseFxNullParams::ApplyParam()
[2026-05-13T03:06:10.3099621-07:00] [pid=4308] 
[2026-05-13T03:06:10.3099621-07:00] [pid=4308] [EmbodyLOG] May_13_2026 03:06:10.310 line: 673. ___IMMERSEENGINE___ Immerse_EnableImmerse inMode: 2 
[2026-05-13T03:06:10.3109685-07:00] [pid=4308] <<<_____ ImmerseAudioRenderer _____>>> 
[2026-05-13T03:06:10.3109685-07:00] [pid=4308] WwiseFxNullParams::SetParam()
[2026-05-13T03:06:10.3109685-07:00] [pid=4308] 
[2026-05-13T03:06:10.3109685-07:00] [pid=4308] <<<_____ ImmerseAudioRenderer _____>>> 
[2026-05-13T03:06:10.3109685-07:00] [pid=4308] WwiseFxNullParams::ApplyParam()
[2026-05-13T03:06:10.3109685-07:00] [pid=4308] 
[2026-05-13T03:06:10.3109685-07:00] [pid=4308] [EmbodyLOG] May_13_2026 03:06:10.311 line: 673. ___IMMERSEENGINE___ Immerse_EnableImmerse inMode: 2 
[2026-05-13T03:06:10.3119742-07:00] [pid=4308] [EmbodyLOG] May_13_2026 03:06:10.311 line: 1419. calculateLicenseDaysRemaining(): cached=358, elapsed=0, remaining=358 
[2026-05-13T03:06:10.3129726-07:00] [pid=4308] [EmbodyLOG] May_13_2026 03:06:10.313 line: 1419. calculateLicenseDaysRemaining(): cached=358, elapsed=0, remaining=358 
[2026-05-13T03:06:10.4674100-07:00] [pid=4308] [2026.05.13-10.06.10:467][559]LogAkAudio: Error: Voice Starvation
[2026-05-13T03:06:13.3249358-07:00] [pid=4308] <<<_____ ImmerseAudioRenderer _____>>> 
[2026-05-13T03:06:13.3249358-07:00] [pid=4308] WwiseFxNullParams::SetParam()
[2026-05-13T03:06:13.3249358-07:00] [pid=4308] 
[2026-05-13T03:06:13.3249358-07:00] [pid=4308] <<<_____ ImmerseAudioRenderer _____>>> 
[2026-05-13T03:06:13.3249358-07:00] [pid=4308] WwiseFxNullParams::ApplyParam()
[2026-05-13T03:06:13.3249358-07:00] [pid=4308] 
[2026-05-13T03:06:13.3264395-07:00] [pid=4308] [EmbodyLOG] May_13_2026 03:06:13.326 line: 673. ___IMMERSEENGINE___ Immerse_EnableImmerse inMode: 1 
[2026-05-13T03:06:13.3264395-07:00] [pid=4308] <<<_____ ImmerseAudioRenderer _____>>> 
[2026-05-13T03:06:13.3264395-07:00] [pid=4308] WwiseFxNullParams::SetParam()
[2026-05-13T03:06:13.3264395-07:00] [pid=4308] 
[2026-05-13T03:06:13.3264395-07:00] [pid=4308] <<<_____ ImmerseAudioRenderer _____>>> 
[2026-05-13T03:06:13.3264395-07:00] [pid=4308] WwiseFxNullParams::ApplyParam()
[2026-05-13T03:06:13.3264395-07:00] [pid=4308] 
[2026-05-13T03:06:13.3264395-07:00] [pid=4308] [EmbodyLOG] May_13_2026 03:06:13.327 line: 673. ___IMMERSEENGINE___ Immerse_EnableImmerse inMode: 1 
[2026-05-13T03:06:13.3284477-07:00] [pid=4308] [EmbodyLOG] May_13_2026 03:06:13.328 line: 1316. getLocalSessionID for user: kevin_tencenttest1_emb 06756e30dc6941e7b44b3ad365984a2f 
[2026-05-13T03:06:13.3294483-07:00] [pid=4308] [EmbodyLOG] May_13_2026 03:06:13.329 line: 2576. ImmerseAPI: Too many status checks within the period allowed, returning early 
[2026-05-13T03:06:13.3294483-07:00] [pid=4308] [EmbodyLOG] May_13_2026 03:06:13.329 line: 3232. updateUMWHPEQSelection() - updated headsetId: 18446744073709551615 
[2026-05-13T03:06:13.3299534-07:00] [pid=4308] [EmbodyLOG] May_13_2026 03:06:13.330 line: 1419. calculateLicenseDaysRemaining(): cached=358, elapsed=0, remaining=358 
[2026-05-13T03:06:13.3319657-07:00] [pid=4308] [EmbodyLOG] May_13_2026 03:06:13.332 line: 1316. getLocalSessionID for user: kevin_tencenttest1_emb 06756e30dc6941e7b44b3ad365984a2f 
[2026-05-13T03:06:13.3329657-07:00] [pid=4308] [EmbodyLOG] May_13_2026 03:06:13.333 line: 2576. ImmerseAPI: Too many status checks within the period allowed, returning early 
[2026-05-13T03:06:13.3329657-07:00] [pid=4308] [EmbodyLOG] May_13_2026 03:06:13.333 line: 3232. updateUMWHPEQSelection() - updated headsetId: 18446744073709551615 
[2026-05-13T03:06:13.3339662-07:00] [pid=4308] [EmbodyLOG] May_13_2026 03:06:13.334 line: 1419. calculateLicenseDaysRemaining(): cached=358, elapsed=0, remaining=358 
[2026-05-13T03:06:13.5109687-07:00] [pid=4308] [2026.05.13-10.06.13:510][996]LogAkAudio: Error: Voice Starvation
[2026-05-13T03:06:18.4264019-07:00] [pid=4308] <<<_____ ImmerseAudioRenderer _____>>> 
[2026-05-13T03:06:18.4264019-07:00] [pid=4308] WwiseFxNullParams::SetParam()
[2026-05-13T03:06:18.4264019-07:00] [pid=4308] 
[2026-05-13T03:06:18.4264019-07:00] [pid=4308] <<<_____ ImmerseAudioRenderer _____>>> 
[2026-05-13T03:06:18.4264019-07:00] [pid=4308] WwiseFxNullParams::ApplyParam()
[2026-05-13T03:06:18.4274105-07:00] [pid=4308] 
[2026-05-13T03:06:18.4274105-07:00] [pid=4308] [EmbodyLOG] May_13_2026 03:06:18.427 line: 628. ___IMMERSEENGINE___ Immerse_ResetUser 
[2026-05-13T03:06:18.4284114-07:00] [pid=4308] [EmbodyLOG] May_13_2026 03:06:18.428 line: 649. ___IMMERSEENGINE___ Immerse_SetUserId inUserId:0000000C2744F230 
[2026-05-13T03:06:18.4299162-07:00] [pid=4308] <<<_____ ImmerseAudioRenderer _____>>> 
[2026-05-13T03:06:18.4299162-07:00] [pid=4308] WwiseFxNullParams::SetParam()
[2026-05-13T03:06:18.4299162-07:00] [pid=4308] 
[2026-05-13T03:06:18.4309233-07:00] [pid=4308] <<<_____ ImmerseAudioRenderer _____>>> 
[2026-05-13T03:06:18.4309233-07:00] [pid=4308] WwiseFxNullParams::ApplyParam()
[2026-05-13T03:06:18.4309233-07:00] [pid=4308] 
[2026-05-13T03:06:18.6565969-07:00] [pid=4308] [EmbodyLOG] May_13_2026 03:06:18.656 line: 1004. API::CallEndpoint(): overwriting status code 
[2026-05-13T03:06:18.6576043-07:00] [pid=4308] [EmbodyLOG] May_13_2026 03:06:18.657 line: 225. AsyncTaskManager::WaitForTaskExecution() - synchronous network call success. 
[2026-05-13T03:06:18.6586059-07:00] [pid=4308] [EmbodyLOG] May_13_2026 03:06:18.658 line: 1419. calculateLicenseDaysRemaining(): cached=358, elapsed=0, remaining=358 
[2026-05-13T03:06:18.6596053-07:00] [pid=4308] [EmbodyLOG] May_13_2026 03:06:18.659 line: 1135. migrateUserDataIfNeeeded(): Migrating user data 
[2026-05-13T03:06:18.6596053-07:00] [pid=4308] [EmbodyLOG] May_13_2026 03:06:18.659 line: 1045. eraseUserProperty(): failed to erase key - webAppUrl 
[2026-05-13T03:06:18.6601093-07:00] [pid=4308] [EmbodyLOG] May_13_2026 03:06:18.660 line: 1045. eraseUserProperty(): failed to erase key - lastURLRefreshTimestamp 
[2026-05-13T03:06:18.6601093-07:00] [pid=4308] [EmbodyLOG] May_13_2026 03:06:18.660 line: 1045. eraseUserProperty(): failed to erase key - lastStatusCheckRefreshTimestamp 
[2026-05-13T03:06:18.6601093-07:00] [pid=4308] [EmbodyLOG] May_13_2026 03:06:18.660 line: 1116. migrateUserDataToV1: migration failed, reverting to existing dat file 
[2026-05-13T03:06:18.6601093-07:00] [pid=4308] [EmbodyLOG] May_13_2026 03:06:18.660 line: 3460. generateWebAppUrl(): userId: dummy_setup_user_for_transition 
[2026-05-13T03:06:18.6621186-07:00] [pid=4308] [EmbodyLOG] May_13_2026 03:06:18.662 line: 1269. getLocalSessionIDFromDataStore(): userID not found in datastore, new user! 
[2026-05-13T03:06:18.6631200-07:00] [pid=4308] [EmbodyLOG] May_13_2026 03:06:18.663 line: 1314. getLocalSessionID result is null 
[2026-05-13T03:06:18.6631200-07:00] [pid=4308] [EmbodyLOG] May_13_2026 03:06:18.663 line: 1316. getLocalSessionID for user: dummy_setup_user_for_transition  
[2026-05-13T03:06:18.6631200-07:00] [pid=4308] [EmbodyLOG] May_13_2026 03:06:18.663 line: 3468. generateWebAppUrl(): Query context user id = dummy_setup_user_for_transition 
[2026-05-13T03:06:18.6631200-07:00] [pid=4308] [EmbodyLOG] May_13_2026 03:06:18.663 line: 1377. constructWebAppUrl: https://u.embodyvr.io/i/VvngGY_rNnG-obpfi30_eLBfhRuFgyWWhqtuYW98IW41qv7NjemmbuW5QEAvfCOYRQ**?q=2h04:en 
[2026-05-13T03:06:18.6641206-07:00] [pid=4308] [EmbodyLOG] May_13_2026 03:06:18.664 line: 3483. generateWebAppUrl(): session url is : https://u.embodyvr.io/i/VvngGY_rNnG-obpfi30_eLBfhRuFgyWWhqtuYW98IW41qv7NjemmbuW5QEAvfCOYRQ**?q=2h04:en 
[2026-05-13T03:06:18.8221804-07:00] [pid=4308] [2026.05.13-10.06.18:821][440]LogAkAudio: Error: Voice Starvation
[2026-05-13T03:06:18.9865963-07:00] [pid=4308] [EmbodyLOG] May_13_2026 03:06:18.986 line: 2042. updateUserData onSetUserId: update user data on set user id 
[2026-05-13T03:06:18.9875994-07:00] [pid=4308] [EmbodyLOG] May_13_2026 03:06:18.988 line: 1284. getLocalSessionIDFromDataStore(): failed to retrieve session id! 
[2026-05-13T03:06:18.9875994-07:00] [pid=4308] [EmbodyLOG] May_13_2026 03:06:18.988 line: 1314. getLocalSessionID result is null 
[2026-05-13T03:06:18.9885990-07:00] [pid=4308] [EmbodyLOG] May_13_2026 03:06:18.988 line: 1316. getLocalSessionID for user: dummy_setup_user_for_transition  
[2026-05-13T03:06:18.9885990-07:00] [pid=4308] [EmbodyLOG] May_13_2026 03:06:18.989 line: 2054. ImmerseAPI_updateUserData onSetUserId: Session id is empty, no purchase detected, and user is not underage. returning early 
[2026-05-13T03:06:19.4748786-07:00] [pid=4308] <<<_____ ImmerseAudioRenderer _____>>> 
[2026-05-13T03:06:19.4748786-07:00] [pid=4308] WwiseFxNullParams::SetParam()
[2026-05-13T03:06:19.4763817-07:00] [pid=4308] 
[2026-05-13T03:06:19.4763817-07:00] [pid=4308] <<<_____ ImmerseAudioRenderer _____>>> 
[2026-05-13T03:06:19.4763817-07:00] [pid=4308] WwiseFxNullParams::ApplyParam()
[2026-05-13T03:06:19.4763817-07:00] [pid=4308] 
[2026-05-13T03:06:19.4763817-07:00] [pid=4308] [EmbodyLOG] May_13_2026 03:06:19.476 line: 628. ___IMMERSEENGINE___ Immerse_ResetUser 
[2026-05-13T03:06:19.4773892-07:00] [pid=4308] [EmbodyLOG] May_13_2026 03:06:19.477 line: 649. ___IMMERSEENGINE___ Immerse_SetUserId inUserId:0000000C2744F230 
[2026-05-13T03:06:19.4773892-07:00] [pid=4308] <<<_____ ImmerseAudioRenderer _____>>> 
[2026-05-13T03:06:19.4773892-07:00] [pid=4308] WwiseFxNullParams::SetParam()
[2026-05-13T03:06:19.4773892-07:00] [pid=4308] 
[2026-05-13T03:06:19.4773892-07:00] [pid=4308] <<<_____ ImmerseAudioRenderer _____>>> 
[2026-05-13T03:06:19.4773892-07:00] [pid=4308] WwiseFxNullParams::ApplyParam()
[2026-05-13T03:06:19.4773892-07:00] [pid=4308] 
[2026-05-13T03:06:19.7786652-07:00] [pid=4308] [EmbodyLOG] May_13_2026 03:06:19.778 line: 3460. generateWebAppUrl(): userId: kevin_tencenttest1_emb 
[2026-05-13T03:06:19.7801693-07:00] [pid=4308] [EmbodyLOG] May_13_2026 03:06:19.780 line: 1316. getLocalSessionID for user: kevin_tencenttest1_emb 06756e30dc6941e7b44b3ad365984a2f 
[2026-05-13T03:06:19.7811743-07:00] [pid=4308] [EmbodyLOG] May_13_2026 03:06:19.781 line: 3468. generateWebAppUrl(): Query context user id = kevin_tencenttest1_emb 
[2026-05-13T03:06:19.7811743-07:00] [pid=4308] [EmbodyLOG] May_13_2026 03:06:19.781 line: 1377. constructWebAppUrl: https://u.embodyvr.io/i/622GiPjEdve8oMWERQA8ZN9aHwalS72AAGITdvjAzFqLInRYJMkqzg**?q=2h04:en 
[2026-05-13T03:06:19.7811743-07:00] [pid=4308] [EmbodyLOG] May_13_2026 03:06:19.781 line: 3483. generateWebAppUrl(): session url is : https://u.embodyvr.io/i/622GiPjEdve8oMWERQA8ZN9aHwalS72AAGITdvjAzFqLInRYJMkqzg**?q=2h04:en 
[2026-05-13T03:06:19.8022237-07:00] [pid=4308] [EmbodyLOG] May_13_2026 03:06:19.802 line: 1419. calculateLicenseDaysRemaining(): cached=358, elapsed=0, remaining=358 
[2026-05-13T03:06:19.9887082-07:00] [pid=18448] <<<_____ ImmerseAudioRenderer _____>>> 
[2026-05-13T03:06:19.9887082-07:00] [pid=18448] RegisterImmerseAudioRendererFX()
[2026-05-13T03:06:19.9887082-07:00] [pid=18448] 
[2026-05-13T03:06:19.9887082-07:00] [pid=18448] <<<_____ ImmerseAudioRenderer _____>>> 
[2026-05-13T03:06:19.9887082-07:00] [pid=18448] CreateImmerseManager
[2026-05-13T03:06:19.9887082-07:00] [pid=18448] 
[2026-05-13T03:06:19.9887082-07:00] [pid=18448] <<<_____ ImmerseAudioRenderer _____>>> 
[2026-05-13T03:06:19.9887082-07:00] [pid=18448] loadAndInitializeImmerseEngine
[2026-05-13T03:06:19.9887082-07:00] [pid=18448] 
[2026-05-13T03:06:19.9997299-07:00] [pid=18448] <<<_____ ImmerseAudioRenderer _____>>> 
[2026-05-13T03:06:19.9997299-07:00] [pid=18448] CreateDestroyImmerseManager
[2026-05-13T03:06:19.9997299-07:00] [pid=18448] 
[2026-05-13T03:06:19.9997299-07:00] [pid=18448] <<<_____ ImmerseAudioRenderer _____>>> 
[2026-05-13T03:06:19.9997299-07:00] [pid=18448] CreateImmerseManager
[2026-05-13T03:06:19.9997299-07:00] [pid=18448] 
[2026-05-13T03:06:20.0260485-07:00] [pid=18448] <<<_____ ImmerseAudioRenderer _____>>> 
[2026-05-13T03:06:20.0260485-07:00] [pid=18448] CreateImmerseAudioRendererFXParams()
[2026-05-13T03:06:20.0260485-07:00] [pid=18448] 
[2026-05-13T03:06:20.0260485-07:00] [pid=18448] <<<_____ ImmerseAudioRenderer _____>>> 
[2026-05-13T03:06:20.0260485-07:00] [pid=18448] WwiseFxNullParams::Init()
[2026-05-13T03:06:20.0260485-07:00] [pid=18448] 
[2026-05-13T03:06:20.0260485-07:00] [pid=18448] <<<_____ ImmerseAudioRenderer _____>>> 
[2026-05-13T03:06:20.0260485-07:00] [pid=18448] WwiseFxNullParams::SetParam()
[2026-05-13T03:06:20.0260485-07:00] [pid=18448] 
[2026-05-13T03:06:20.0260485-07:00] [pid=18448] <<<_____ ImmerseAudioRenderer _____>>> 
[2026-05-13T03:06:20.0260485-07:00] [pid=18448] WwiseFxNullParams::SetParam()
[2026-05-13T03:06:20.0260485-07:00] [pid=18448] 
[2026-05-13T03:06:20.0260485-07:00] [pid=18448] <<<_____ ImmerseAudioRenderer _____>>> 
[2026-05-13T03:06:20.0260485-07:00] [pid=18448] WwiseFxNullParams::SetParam()
[2026-05-13T03:06:20.0260485-07:00] [pid=18448] 
[2026-05-13T03:06:20.0260485-07:00] [pid=18448] <<<_____ ImmerseAudioRenderer _____>>> 
[2026-05-13T03:06:20.0260485-07:00] [pid=18448] WwiseFxNullParams::SetParam()
[2026-05-13T03:06:20.0260485-07:00] [pid=18448] 
[2026-05-13T03:06:20.0260485-07:00] [pid=18448] <<<_____ ImmerseAudioRenderer _____>>> 
[2026-05-13T03:06:20.0260485-07:00] [pid=18448] WwiseFxNullParams::SetParam()
[2026-05-13T03:06:20.0260485-07:00] [pid=18448] 
[2026-05-13T03:06:20.0260485-07:00] [pid=18448] <<<_____ ImmerseAudioRenderer _____>>> 
[2026-05-13T03:06:20.0260485-07:00] [pid=18448] WwiseFxNullParams::SetParam()
[2026-05-13T03:06:20.0260485-07:00] [pid=18448] 
[2026-05-13T03:06:20.0260485-07:00] [pid=18448] <<<_____ ImmerseAudioRenderer _____>>> 
[2026-05-13T03:06:20.0260485-07:00] [pid=18448] WwiseFxNullParams::SetParam()
[2026-05-13T03:06:20.0260485-07:00] [pid=18448] 
[2026-05-13T03:06:20.0260485-07:00] [pid=18448] <<<_____ ImmerseAudioRenderer _____>>> 
[2026-05-13T03:06:20.0260485-07:00] [pid=18448] WwiseFxNullParams::SetParam()
[2026-05-13T03:06:20.0270521-07:00] [pid=18448] 
[2026-05-13T03:06:20.0270521-07:00] [pid=18448] <<<_____ ImmerseAudioRenderer _____>>> 
[2026-05-13T03:06:20.0270521-07:00] [pid=18448] WwiseFxNullParams::SetParam()
[2026-05-13T03:06:20.0270521-07:00] [pid=18448] 
[2026-05-13T03:06:20.0270521-07:00] [pid=18448] <<<_____ ImmerseAudioRenderer _____>>> 
[2026-05-13T03:06:20.0270521-07:00] [pid=18448] WwiseFxNullParams::ApplyParam()
[2026-05-13T03:06:20.0270521-07:00] [pid=18448] 
[2026-05-13T03:06:20.0270521-07:00] [pid=18448] <<<_____ ImmerseAudioRenderer _____>>> 
[2026-05-13T03:06:20.0270521-07:00] [pid=18448] WwiseFxNullParams::ApplyParam()
[2026-05-13T03:06:20.0270521-07:00] [pid=18448] 
[2026-05-13T03:06:20.0270521-07:00] [pid=18448] <<<_____ ImmerseAudioRenderer _____>>> 
[2026-05-13T03:06:20.0270521-07:00] [pid=18448] WwiseFxNullParams::ApplyParam()
[2026-05-13T03:06:20.0270521-07:00] [pid=18448] 
[2026-05-13T03:06:20.0270521-07:00] [pid=18448] <<<_____ ImmerseAudioRenderer _____>>> 
[2026-05-13T03:06:20.0270521-07:00] [pid=18448] WwiseFxNullParams::ApplyParam()
[2026-05-13T03:06:20.0270521-07:00] [pid=18448] 
[2026-05-13T03:06:20.0270521-07:00] [pid=18448] <<<_____ ImmerseAudioRenderer _____>>> 
[2026-05-13T03:06:20.0270521-07:00] [pid=18448] WwiseFxNullParams::ApplyParam()
[2026-05-13T03:06:20.0270521-07:00] [pid=18448] 
[2026-05-13T03:06:20.0270521-07:00] [pid=18448] <<<_____ ImmerseAudioRenderer _____>>> 
[2026-05-13T03:06:20.0270521-07:00] [pid=18448] WwiseFxNullParams::ApplyParam()
[2026-05-13T03:06:20.0270521-07:00] [pid=18448] 
[2026-05-13T03:06:20.0270521-07:00] [pid=18448] <<<_____ ImmerseAudioRenderer _____>>> 
[2026-05-13T03:06:20.0270521-07:00] [pid=18448] WwiseFxNullParams::ApplyParam()
[2026-05-13T03:06:20.0270521-07:00] [pid=18448] 
[2026-05-13T03:06:20.0270521-07:00] [pid=18448] <<<_____ ImmerseAudioRenderer _____>>> 
[2026-05-13T03:06:20.0270521-07:00] [pid=18448] WwiseFxNullParams::ApplyParam()
[2026-05-13T03:06:20.0270521-07:00] [pid=18448] 
[2026-05-13T03:06:20.0270521-07:00] [pid=18448] <<<_____ ImmerseAudioRenderer _____>>> 
[2026-05-13T03:06:20.0270521-07:00] [pid=18448] WwiseFxNullParams::ApplyParam()
[2026-05-13T03:06:20.0270521-07:00] [pid=18448] 
[2026-05-13T03:06:20.1285656-07:00] [pid=7700] [2026.05.13-10.06.20:128][  0]CrashReportClientDiagnosticLog: Editor/ExitCode:-1
[2026-05-13T03:06:20.1295660-07:00] [pid=7700] [2026.05.13-10.06.20:129][  0]CrashReportClientDiagnosticLog: MTBF/Start:2026.05.13-10.06.20
[2026-05-13T03:06:20.1300689-07:00] [pid=7700] [2026.05.13-10.06.20:130][  0]CrashReportClientDiagnosticLog: MTBF/LoadSession
[2026-05-13T03:06:20.1310727-07:00] [pid=7700] [2026.05.13-10.06.20:131][  0]CrashReportClientDiagnosticLog: MTBF/NoSessionFound
[2026-05-13T03:06:20.1431017-07:00] [pid=7700] [2026.05.13-10.06.20:143][  0]LogInit: Using libcurl 7.55.1-DEV
[2026-05-13T03:06:20.1431017-07:00] [pid=7700] [2026.05.13-10.06.20:143][  0]LogInit:  - built for x86_64-pc-win32
[2026-05-13T03:06:20.1431017-07:00] [pid=7700] [2026.05.13-10.06.20:143][  0]LogInit:  - supports SSL with OpenSSL/1.1.1
[2026-05-13T03:06:20.1431017-07:00] [pid=7700] [2026.05.13-10.06.20:143][  0]LogInit:  - supports HTTP deflate (compression) using libz 1.2.8
[2026-05-13T03:06:20.1431017-07:00] [pid=7700] [2026.05.13-10.06.20:143][  0]LogInit:  - other features:
[2026-05-13T03:06:20.1431017-07:00] [pid=7700] [2026.05.13-10.06.20:143][  0]LogInit:      CURL_VERSION_SSL
[2026-05-13T03:06:20.1431017-07:00] [pid=7700] [2026.05.13-10.06.20:143][  0]LogInit:      CURL_VERSION_LIBZ
[2026-05-13T03:06:20.1431017-07:00] [pid=7700] [2026.05.13-10.06.20:143][  0]LogInit:      CURL_VERSION_IPV6
[2026-05-13T03:06:20.1431017-07:00] [pid=7700] [2026.05.13-10.06.20:143][  0]LogInit:      CURL_VERSION_ASYNCHDNS
[2026-05-13T03:06:20.1431017-07:00] [pid=7700] [2026.05.13-10.06.20:143][  0]LogInit:      CURL_VERSION_LARGEFILE
[2026-05-13T03:06:20.1431017-07:00] [pid=7700] [2026.05.13-10.06.20:143][  0]LogInit:      CURL_VERSION_IDN
[2026-05-13T03:06:20.1431017-07:00] [pid=7700] [2026.05.13-10.06.20:143][  0]LogInit:  CurlRequestOptions (configurable via config and command line):
[2026-05-13T03:06:20.1431017-07:00] [pid=7700] [2026.05.13-10.06.20:143][  0]LogInit:  - bVerifyPeer = false  - Libcurl will NOT verify peer certificate
[2026-05-13T03:06:20.1431017-07:00] [pid=7700] [2026.05.13-10.06.20:143][  0]LogInit:  - bUseHttpProxy = false  - Libcurl will NOT use HTTP proxy
[2026-05-13T03:06:20.1431017-07:00] [pid=7700] [2026.05.13-10.06.20:143][  0]LogInit:  - bDontReuseConnections = false  - Libcurl will reuse connections
[2026-05-13T03:06:20.1431017-07:00] [pid=7700] [2026.05.13-10.06.20:143][  0]LogInit:  - MaxHostConnections = 16  - Libcurl will limit the number of connections to a host
[2026-05-13T03:06:20.1431017-07:00] [pid=7700] [2026.05.13-10.06.20:143][  0]LogInit:  - LocalHostAddr = Default
[2026-05-13T03:06:20.1431017-07:00] [pid=7700] [2026.05.13-10.06.20:143][  0]LogInit:  - BufferSize = 65536
[2026-05-13T03:06:20.1441000-07:00] [pid=7700] [2026.05.13-10.06.20:144][  0]LogAnalytics: Display: [CrashReporter.Release] APIServer = https://datarouter.ol.epicgames.com/. AppVersion = ++UE4+Release-4.27-CL-18319896
[2026-05-13T03:06:20.1441000-07:00] [pid=7700] [2026.05.13-10.06.20:144][  0]CrashReportClientDiagnosticLog: MTBF/Done
[2026-05-13T03:06:20.1541319-07:00] [pid=7700] [2026.05.13-10.06.20:154][  0]LogCore: Engine exit requested (reason: CrashReportClientApp RequestExit)
[2026-05-13T03:06:20.1551315-07:00] [pid=7700] [2026.05.13-10.06.20:154][  0]LogExit: Preparing to exit.
[2026-05-13T03:06:20.1551315-07:00] [pid=7700] [2026.05.13-10.06.20:155][  0]LogExit: Object subsystem successfully closed.
[2026-05-13T03:06:20.1551315-07:00] [pid=7700] [2026.05.13-10.06.20:155][  0]LogModuleManager: Shutting down and abandoning module AnalyticsET (14)
[2026-05-13T03:06:20.1551315-07:00] [pid=7700] [2026.05.13-10.06.20:155][  0]LogModuleManager: Shutting down and abandoning module HTTP (13)
[2026-05-13T03:06:20.1551315-07:00] [pid=7700] [2026.05.13-10.06.20:155][  0]LogHttp: Display: Http module shutting down, but needs to wait on 1 outstanding Http requests:
[2026-05-13T03:06:20.1551315-07:00] [pid=7700] [2026.05.13-10.06.20:155][  0]LogHttp: Display: 	verb=[POST] url=[https://datarouter.ol.epicgames.com/datarouter/api/v1/public/data?SessionID=%7BD92D3F81-415E-AC1F-04EC-DE80D90F967C%7D&AppID=CrashReporter.Release&AppVersion=%2B%2BUE4%2BRelease-4.27-CL-18319896&UserID=f8b698bb42db84b438be4e9e5183ed14%7C6da9797861944dd5b2bedb495b874fce%7C2e2120c8-1d81-4764-95c5-a72e8ff85171&AppEnvironment=datacollector-binary&UploadType=eteventstream] refs=[1] status=Processing
[2026-05-13T03:06:20.1566346-07:00] [pid=7700] [2026.05.13-10.06.20:155][  0]LogHttp: Display: cleaning up 1 outstanding Http requests.
[2026-05-13T03:06:20.1566346-07:00] [pid=7700] [2026.05.13-10.06.20:156][  0]LogHttp: Display: Sleeping 0.500s to wait for 1 outstanding Http requests.
[2026-05-13T03:06:20.2852559-07:00] [pid=24380] [2026.05.13-10.06.20:285][614]LogRunningAppService: Display: Dead foreground process [4308] C:/Program Files/Epic Games/UE_4.27/Engine/Binaries/Win64/UE4Editor.exe for app C:/Program Files/Epic Games/UE_4.27/
[2026-05-13T03:06:20.6738485-07:00] [pid=7700] [2026.05.13-10.06.20:673][  0]LogModuleManager: Shutting down and abandoning module SSL (12)
[2026-05-13T03:06:20.6748503-07:00] [pid=7700] [2026.05.13-10.06.20:674][  0]LogModuleManager: Shutting down and abandoning module CrashDebugHelper (8)
[2026-05-13T03:06:20.6748503-07:00] [pid=7700] [2026.05.13-10.06.20:674][  0]LogModuleManager: Shutting down and abandoning module CoreUObject (6)
[2026-05-13T03:06:20.6748503-07:00] [pid=7700] [2026.05.13-10.06.20:674][  0]LogModuleManager: Shutting down and abandoning module PakFile (4)
[2026-05-13T03:06:20.6748503-07:00] [pid=7700] [2026.05.13-10.06.20:674][  0]LogModuleManager: Shutting down and abandoning module RSA (3)
[2026-05-13T03:06:20.6748503-07:00] [pid=7700] [2026.05.13-10.06.20:674][  0]LogExit: Exiting.
[2026-05-13T03:06:20.9911471-07:00] [pid=24380] [2026.05.13-10.06.20:991][629]LogRunningAppService: Display: Dead foreground process [7700] C:/Program Files/Epic Games/UE_4.27/Engine/Binaries/Win64/CrashReportClientEditor.exe for app C:/Program Files/Epic Games/UE_4.27/
