Log file open, 05/12/26 03:44:01
LogWindows: Failed to load 'aqProf.dll' (GetLastError=126)
LogWindows: File 'aqProf.dll' does not exist
LogWindows: Failed to load 'VtuneApi.dll' (GetLastError=126)
LogWindows: File 'VtuneApi.dll' does not exist
LogWindows: Failed to load 'VtuneApi32e.dll' (GetLastError=126)
LogWindows: File 'VtuneApi32e.dll' does not exist
LogConsoleResponse: Display: Failed to find resolution value strings in scalability ini. Falling back to default.
LogConsoleResponse: Display: Failed to find resolution value strings in scalability ini. Falling back to default.
LogInit: Display: Running engine for game: testTP
LogPlatformFile: Not using cached read wrapper
LogTaskGraph: Started task graph with 5 named threads and 59 total threads with 3 sets of task threads.
LogStats: Stats thread started at 0.205488
LogICUInternationalization: ICU TimeZone Detection - Raw Offset: -8:00, Platform Override: ''
LogInit: Display: Loading text-based GConfig....
LogPluginManager: Mounting plugin MeshPainting
LogPluginManager: Mounting plugin XGEController
LogPluginManager: Mounting plugin AISupport
LogPluginManager: Mounting plugin Paper2D
LogPluginManager: Mounting plugin LiveLink
LogPluginManager: Mounting plugin EnvironmentQueryEditor
LogPluginManager: Mounting plugin CameraShakePreviewer
LogPluginManager: Mounting plugin AnimationSharing
LogPluginManager: Mounting plugin CLionSourceCodeAccess
LogPluginManager: Mounting plugin GitSourceControl
LogPluginManager: Mounting plugin NullSourceCodeAccess
LogPluginManager: Mounting plugin LightPropagationVolume
LogPluginManager: Mounting plugin PluginUtils
LogPluginManager: Mounting plugin PropertyAccessNode
LogPluginManager: Mounting plugin KDevelopSourceCodeAccess
LogPluginManager: Mounting plugin RiderSourceCodeAccess
LogPluginManager: Mounting plugin PerforceSourceControl
LogPluginManager: Mounting plugin TextureFormatOodle
LogPluginManager: Mounting plugin SubversionSourceControl
LogPluginManager: Mounting plugin VisualStudioSourceCodeAccess
LogPluginManager: Mounting plugin UObjectPlugin
LogPluginManager: Mounting plugin PlasticSourceControl
LogPluginManager: Mounting plugin VisualStudioCodeSourceCodeAccess
LogPluginManager: Mounting plugin OodleNetwork
LogPluginManager: Mounting plugin PixWinPlugin
LogPluginManager: Mounting plugin CodeLiteSourceCodeAccess
LogPluginManager: Mounting plugin AssetManagerEditor
LogPluginManager: Mounting plugin XCodeSourceCodeAccess
LogPluginManager: Mounting plugin OodleData
LogPluginManager: Mounting plugin CryptoKeys
LogPluginManager: Mounting plugin FacialAnimation
LogPluginManager: Mounting plugin CurveEditorTools
LogPluginManager: Mounting plugin GameplayTagsEditor
LogPluginManager: Mounting plugin PluginBrowser
LogPluginManager: Mounting plugin DataValidation
LogPluginManager: Mounting plugin SpeedTreeImporter
LogPluginManager: Mounting plugin MaterialAnalyzer
LogPluginManager: Mounting plugin MacGraphicsSwitching
LogPluginManager: Mounting plugin MobileLauncherProfileWizard
LogPluginManager: Mounting plugin GeometryMode
LogPluginManager: Mounting plugin DatasmithContent
LogPluginManager: Mounting plugin VariantManagerContent
LogPluginManager: Mounting plugin LuminPlatformFeatures
LogPluginManager: Mounting plugin MagicLeap
LogPluginManager: Mounting plugin Niagara
LogPluginManager: Mounting plugin MagicLeapLightEstimation
LogPluginManager: Mounting plugin MagicLeapMedia
LogPluginManager: Mounting plugin MagicLeapPassableWorld
LogPluginManager: Mounting plugin BackChannel
LogPluginManager: Mounting plugin AutomationUtils
LogPluginManager: Mounting plugin ChaosCloth
LogPluginManager: Mounting plugin AlembicImporter
LogPluginManager: Mounting plugin MLSDK
LogPluginManager: Mounting plugin ChaosEditor
LogPluginManager: Mounting plugin ChaosClothEditor
LogPluginManager: Mounting plugin ChaosSolverPlugin
LogPluginManager: Mounting plugin AndroidMedia
LogPluginManager: Mounting plugin ChaosNiagara
LogPluginManager: Mounting plugin AvfMedia
LogPluginManager: Mounting plugin ImgMedia
LogPluginManager: Mounting plugin MediaCompositing
LogPluginManager: Mounting plugin CharacterAI
LogPluginManager: Mounting plugin WebMMedia
LogPluginManager: Mounting plugin GeometryCache
LogPluginManager: Mounting plugin GeometryProcessing
LogPluginManager: Mounting plugin GeometryCollectionPlugin
LogPluginManager: Mounting plugin WmfMedia
LogPluginManager: Mounting plugin MotoSynth
LogPluginManager: Mounting plugin MediaPlayerEditor
LogPluginManager: Mounting plugin PlatformCrypto
LogPluginManager: Mounting plugin OpenImageDenoise
LogPluginManager: Mounting plugin SkeletalReduction
LogPluginManager: Mounting plugin PlanarCut
LogPluginManager: Mounting plugin PythonScriptPlugin
LogPluginManager: Mounting plugin ProxyLODPlugin
LogPluginManager: Mounting plugin OnlineSubsystem
LogPluginManager: Mounting plugin LauncherChunkInstaller
LogPluginManager: Mounting plugin OnlineSubsystemNull
LogPluginManager: Mounting plugin LevelSequenceEditor
LogPluginManager: Mounting plugin MatineeToLevelSequence
LogPluginManager: Mounting plugin OnlineSubsystemUtils
LogPluginManager: Mounting plugin ActorSequence
LogPluginManager: Mounting plugin TemplateSequence
LogPluginManager: Mounting plugin ScreenshotTools
LogPluginManager: Mounting plugin Takes
LogPluginManager: Mounting plugin TcpMessaging
LogPluginManager: Mounting plugin ActorLayerUtilities
LogPluginManager: Mounting plugin UdpMessaging
LogPluginManager: Mounting plugin AndroidMoviePlayer
LogPluginManager: Mounting plugin AndroidPermission
LogPluginManager: Mounting plugin AndroidDeviceProfileSelector
LogPluginManager: Mounting plugin AppleMoviePlayer
LogPluginManager: Mounting plugin AppleImageUtils
LogPluginManager: Mounting plugin AssetTags
LogPluginManager: Mounting plugin ArchVisCharacter
LogPluginManager: Mounting plugin CableComponent
LogPluginManager: Mounting plugin CustomMeshComponent
LogPluginManager: Mounting plugin AudioCapture
LogPluginManager: Mounting plugin AudioSynesthesia
LogPluginManager: Mounting plugin GooglePAD
LogPluginManager: Mounting plugin EditableMesh
LogPluginManager: Mounting plugin ExampleDeviceProfileSelector
LogPluginManager: Mounting plugin ChunkDownloader
LogPluginManager: Mounting plugin IOSDeviceProfileSelector
LogPluginManager: Mounting plugin GoogleCloudMessaging
LogPluginManager: Mounting plugin LinuxDeviceProfileSelector
LogPluginManager: Mounting plugin LocationServicesBPLibrary
LogPluginManager: Mounting plugin OpenXRHandTracking
LogPluginManager: Mounting plugin OpenXR
LogPluginManager: Mounting plugin OpenXREyeTracker
LogPluginManager: Mounting plugin PropertyAccessEditor
LogPluginManager: Mounting plugin PhysXVehicles
LogPluginManager: Mounting plugin ProceduralMeshComponent
LogPluginManager: Mounting plugin RuntimePhysXCooking
LogPluginManager: Mounting plugin SoundFields
LogPluginManager: Mounting plugin PostSplashScreen
LogPluginManager: Mounting plugin SignificanceManager
LogPluginManager: Mounting plugin Synthesis
LogPluginManager: Mounting plugin MobilePatchingUtils
LogPluginManager: Mounting plugin WindowsMoviePlayer
LogPluginManager: Mounting plugin GameplayCameras
LogPluginManager: Mounting plugin WebMMoviePlayer
LogPluginManager: Mounting plugin ContentBrowserClassDataSource
LogPluginManager: Mounting plugin ContentBrowserAssetDataSource
LogPluginManager: Mounting plugin ContentBrowserFileDataSource
LogPluginManager: Mounting plugin OnlineSubsystemIOS
LogPluginManager: Mounting plugin OnlineSubsystemGooglePlay
LogPluginManager: Mounting plugin OculusVR
LogPluginManager: Mounting plugin SteamVR
LogPluginManager: Mounting plugin Wwise
PixWinPlugin: PIX capture plugin failed to initialize! Check that the process is launched from PIX.
LogInit: Using libcurl 7.55.1-DEV
LogInit:  - built for x86_64-pc-win32
LogInit:  - supports SSL with OpenSSL/1.1.1
LogInit:  - supports HTTP deflate (compression) using libz 1.2.8
LogInit:  - other features:
LogInit:      CURL_VERSION_SSL
LogInit:      CURL_VERSION_LIBZ
LogInit:      CURL_VERSION_IPV6
LogInit:      CURL_VERSION_ASYNCHDNS
LogInit:      CURL_VERSION_LARGEFILE
LogInit:      CURL_VERSION_IDN
LogInit:  CurlRequestOptions (configurable via config and command line):
LogInit:  - bVerifyPeer = true  - Libcurl will verify peer certificate
LogInit:  - bUseHttpProxy = false  - Libcurl will NOT use HTTP proxy
LogInit:  - bDontReuseConnections = false  - Libcurl will reuse connections
LogInit:  - MaxHostConnections = 16  - Libcurl will limit the number of connections to a host
LogInit:  - LocalHostAddr = Default
LogInit:  - BufferSize = 65536
LogOnline: OSS: Creating online subsystem instance for: NULL
LogInit: WinSock: version 1.1 (2.2), MaxSocks=32767, MaxUdp=65467
LogOnline: OSS: TryLoadSubsystemAndSetDefault: Loaded subsystem for module [NULL]
LogOculusPluginWrapper: OculusPlugin initialized successfully
LogHMD: Failed initializing OVRPlugin 1.59.0
LogInit: Build: ++UE4+Release-4.27-CL-18319896
LogInit: Engine Version: 4.27.2-18319896+++UE4+Release-4.27
LogInit: Compatible Engine Version: 4.27.0-17155196+++UE4+Release-4.27
LogInit: Net CL: 17155196
LogInit: OS: Windows 10 (Release 2009) (), CPU: 13th Gen Intel(R) Core(TM) i7-13650HX, GPU: Intel(R) UHD Graphics
LogInit: Compiled (64-bit): Nov 30 2021 07:12:08
LogInit: Compiled with Visual C++: 19.24.28315.00
LogInit: Build Configuration: Development
LogInit: Branch Name: ++UE4+Release-4.27
LogInit: Command Line:  /Game/ThirdPersonBP/Maps/ThirdPersonExampleMap -game -RenderOffscreen -unattended -nopause -NoSplash -abslog=C:\Users\kapil\AppData\Local\Temp\immerse_editor_20260512-034233.log
LogInit: Base Directory: C:/Program Files/Epic Games/UE_4.27/Engine/Binaries/Win64/
LogInit: Allocator: TBB
LogInit: Installed Engine Build: 1
LogDevObjectVersion: Number of dev versions registered: 29
LogDevObjectVersion:   Dev-Blueprints (B0D832E4-1F89-4F0D-ACCF-7EB736FD4AA2): 10
LogDevObjectVersion:   Dev-Build (E1C64328-A22C-4D53-A36C-8E866417BD8C): 0
LogDevObjectVersion:   Dev-Core (375EC13C-06E4-48FB-B500-84F0262A717E): 4
LogDevObjectVersion:   Dev-Editor (E4B068ED-F494-42E9-A231-DA0B2E46BB41): 40
LogDevObjectVersion:   Dev-Framework (CFFC743F-43B0-4480-9391-14DF171D2073): 37
LogDevObjectVersion:   Dev-Mobile (B02B49B5-BB20-44E9-A304-32B752E40360): 3
LogDevObjectVersion:   Dev-Networking (A4E4105C-59A1-49B5-A7C5-40C4547EDFEE): 0
LogDevObjectVersion:   Dev-Online (39C831C9-5AE6-47DC-9A44-9C173E1C8E7C): 0
LogDevObjectVersion:   Dev-Physics (78F01B33-EBEA-4F98-B9B4-84EACCB95AA2): 14
LogDevObjectVersion:   Dev-Platform (6631380F-2D4D-43E0-8009-CF276956A95A): 0
LogDevObjectVersion:   Dev-Rendering (12F88B9F-8875-4AFC-A67C-D90C383ABD29): 45
LogDevObjectVersion:   Dev-Sequencer (7B5AE74C-D270-4C10-A958-57980B212A5A): 13
LogDevObjectVersion:   Dev-VR (D7296918-1DD6-4BDD-9DE2-64A83CC13884): 3
LogDevObjectVersion:   Dev-LoadTimes (C2A15278-BFE7-4AFE-6C17-90FF531DF755): 1
LogDevObjectVersion:   Private-Geometry (6EACA3D4-40EC-4CC1-B786-8BED09428FC5): 3
LogDevObjectVersion:   Dev-AnimPhys (29E575DD-E0A3-4627-9D10-D276232CDCEA): 17
LogDevObjectVersion:   Dev-Anim (AF43A65D-7FD3-4947-9873-3E8ED9C1BB05): 15
LogDevObjectVersion:   Dev-ReflectionCapture (6B266CEC-1EC7-4B8F-A30B-E4D90942FC07): 1
LogDevObjectVersion:   Dev-Automation (0DF73D61-A23F-47EA-B727-89E90C41499A): 1
LogDevObjectVersion:   FortniteMain (601D1886-AC64-4F84-AA16-D3DE0DEAC7D6): 47
LogDevObjectVersion:   FortniteRelease (E7086368-6B23-4C58-8439-1B7016265E91): 1
LogDevObjectVersion:   Dev-Enterprise (9DFFBCD6-494F-0158-E221-12823C92A888): 10
LogDevObjectVersion:   Dev-Niagara (F2AED0AC-9AFE-416F-8664-AA7FFA26D6FC): 1
LogDevObjectVersion:   Dev-Destruction (174F1F0B-B4C6-45A5-B13F-2EE8D0FB917D): 10
LogDevObjectVersion:   Dev-Physics-Ext (35F94A83-E258-406C-A318-09F59610247C): 41
LogDevObjectVersion:   Dev-PhysicsMaterial-Chaos (B68FC16E-8B1B-42E2-B453-215C058844FE): 1
LogDevObjectVersion:   Dev-CineCamera (B2E18506-4273-CFC2-A54E-F4BB758BBA07): 1
LogDevObjectVersion:   Dev-VirtualProduction (64F58936-FD1B-42BA-BA96-7289D5D0FA4E): 1
LogDevObjectVersion:   Dev-MediaFramework (6F0ED827-A609-4895-9C91-998D90180EA4): 2
LogInit: Presizing for max 25165824 objects, including 0 objects not considered by GC, pre-allocating 0 bytes for permanent pool.
LogConfig: Applying CVar settings from Section [/Script/Engine.StreamingSettings] File [C:/Users/kapil/OneDrive/Documents/Unreal Projects/testTP/Saved/Config/Windows/Engine.ini]
LogConfig: Setting CVar [[s.MinBulkDataSizeForAsyncLoading:131072]]
LogConfig: Setting CVar [[s.AsyncLoadingThreadEnabled:0]]
LogConfig: Setting CVar [[s.EventDrivenLoaderEnabled:1]]
LogConfig: Setting CVar [[s.WarnIfTimeLimitExceeded:0]]
LogConfig: Setting CVar [[s.TimeLimitExceededMultiplier:1.5]]
LogConfig: Setting CVar [[s.TimeLimitExceededMinTime:0.005]]
LogConfig: Setting CVar [[s.UseBackgroundLevelStreaming:1]]
LogConfig: Setting CVar [[s.PriorityAsyncLoadingExtraTime:15.0]]
LogConfig: Setting CVar [[s.LevelStreamingActorsUpdateTimeLimit:5.0]]
LogConfig: Setting CVar [[s.PriorityLevelStreamingActorsUpdateExtraTime:5.0]]
LogConfig: Setting CVar [[s.LevelStreamingComponentsRegistrationGranularity:10]]
LogConfig: Setting CVar [[s.UnregisterComponentsTimeLimit:1.0]]
LogConfig: Setting CVar [[s.LevelStreamingComponentsUnregistrationGranularity:5]]
LogConfig: Setting CVar [[s.FlushStreamingOnExit:1]]
LogInit: Object subsystem initialized
LogConfig: Setting CVar [[con.DebugEarlyDefault:1]]
LogConfig: Setting CVar [[r.setres:1280x720]]
[2026.05.12-10.44.01:631][  0]LogConfig: Setting CVar [[con.DebugEarlyDefault:1]]
[2026.05.12-10.44.01:631][  0]LogConfig: Setting CVar [[r.setres:1280x720]]
[2026.05.12-10.44.01:631][  0]LogConfig: Applying CVar settings from Section [/Script/Engine.RendererSettings] File [C:/Users/kapil/OneDrive/Documents/Unreal Projects/testTP/Saved/Config/Windows/Engine.ini]
[2026.05.12-10.44.01:631][  0]LogConfig: Setting CVar [[r.GPUCrashDebugging:0]]
[2026.05.12-10.44.01:631][  0]LogConfig: Applying CVar settings from Section [/Script/Engine.RendererOverrideSettings] File [C:/Users/kapil/OneDrive/Documents/Unreal Projects/testTP/Saved/Config/Windows/Engine.ini]
[2026.05.12-10.44.01:631][  0]LogConfig: Applying CVar settings from Section [/Script/Engine.StreamingSettings] File [C:/Users/kapil/OneDrive/Documents/Unreal Projects/testTP/Saved/Config/Windows/Engine.ini]
[2026.05.12-10.44.01:631][  0]LogConfig: Setting CVar [[s.MinBulkDataSizeForAsyncLoading:131072]]
[2026.05.12-10.44.01:631][  0]LogConfig: Setting CVar [[s.AsyncLoadingThreadEnabled:0]]
[2026.05.12-10.44.01:631][  0]LogConfig: Setting CVar [[s.EventDrivenLoaderEnabled:1]]
[2026.05.12-10.44.01:631][  0]LogConfig: Setting CVar [[s.WarnIfTimeLimitExceeded:0]]
[2026.05.12-10.44.01:631][  0]LogConfig: Setting CVar [[s.TimeLimitExceededMultiplier:1.5]]
[2026.05.12-10.44.01:631][  0]LogConfig: Setting CVar [[s.TimeLimitExceededMinTime:0.005]]
[2026.05.12-10.44.01:631][  0]LogConfig: Setting CVar [[s.UseBackgroundLevelStreaming:1]]
[2026.05.12-10.44.01:631][  0]LogConfig: Setting CVar [[s.PriorityAsyncLoadingExtraTime:15.0]]
[2026.05.12-10.44.01:631][  0]LogConfig: Setting CVar [[s.LevelStreamingActorsUpdateTimeLimit:5.0]]
[2026.05.12-10.44.01:631][  0]LogConfig: Setting CVar [[s.PriorityLevelStreamingActorsUpdateExtraTime:5.0]]
[2026.05.12-10.44.01:631][  0]LogConfig: Setting CVar [[s.LevelStreamingComponentsRegistrationGranularity:10]]
[2026.05.12-10.44.01:631][  0]LogConfig: Setting CVar [[s.UnregisterComponentsTimeLimit:1.0]]
[2026.05.12-10.44.01:631][  0]LogConfig: Setting CVar [[s.LevelStreamingComponentsUnregistrationGranularity:5]]
[2026.05.12-10.44.01:631][  0]LogConfig: Setting CVar [[s.FlushStreamingOnExit:1]]
[2026.05.12-10.44.01:631][  0]LogConfig: Applying CVar settings from Section [/Script/Engine.GarbageCollectionSettings] File [C:/Users/kapil/OneDrive/Documents/Unreal Projects/testTP/Saved/Config/Windows/Engine.ini]
[2026.05.12-10.44.01:631][  0]LogConfig: Setting CVar [[gc.MaxObjectsNotConsideredByGC:1]]
[2026.05.12-10.44.01:631][  0]LogConfig: Setting CVar [[gc.SizeOfPermanentObjectPool:0]]
[2026.05.12-10.44.01:631][  0]LogConfig: Setting CVar [[gc.FlushStreamingOnGC:0]]
[2026.05.12-10.44.01:631][  0]LogConfig: Setting CVar [[gc.NumRetriesBeforeForcingGC:10]]
[2026.05.12-10.44.01:631][  0]LogConfig: Setting CVar [[gc.AllowParallelGC:1]]
[2026.05.12-10.44.01:631][  0]LogConfig: Setting CVar [[gc.TimeBetweenPurgingPendingKillObjects:61.1]]
[2026.05.12-10.44.01:631][  0]LogConfig: Setting CVar [[gc.MaxObjectsInEditor:25165824]]
[2026.05.12-10.44.01:631][  0]LogConfig: Setting CVar [[gc.IncrementalBeginDestroyEnabled:1]]
[2026.05.12-10.44.01:631][  0]LogConfig: Setting CVar [[gc.CreateGCClusters:1]]
[2026.05.12-10.44.01:631][  0]LogConfig: Setting CVar [[gc.MinGCClusterSize:5]]
[2026.05.12-10.44.01:631][  0]LogConfig: Setting CVar [[gc.ActorClusteringEnabled:0]]
[2026.05.12-10.44.01:632][  0]LogConfig: Setting CVar [[gc.BlueprintClusteringEnabled:0]]
[2026.05.12-10.44.01:632][  0]LogConfig: Setting CVar [[gc.UseDisregardForGCOnDedicatedServers:0]]
[2026.05.12-10.44.01:632][  0]LogConfig: Setting CVar [[gc.MultithreadedDestructionEnabled:1]]
[2026.05.12-10.44.01:632][  0]LogConfig: Applying CVar settings from Section [/Script/Engine.NetworkSettings] File [C:/Users/kapil/OneDrive/Documents/Unreal Projects/testTP/Saved/Config/Windows/Engine.ini]
[2026.05.12-10.44.01:632][  0]LogConfig: Applying CVar settings from Section [/Script/UnrealEd.CookerSettings] File [C:/Users/kapil/OneDrive/Documents/Unreal Projects/testTP/Saved/Config/Windows/Engine.ini]
[2026.05.12-10.44.01:637][  0]LogConfig: Applying CVar settings from Section [ViewDistanceQuality@3] File [C:/Users/kapil/OneDrive/Documents/Unreal Projects/testTP/Saved/Config/Windows/Scalability.ini]
[2026.05.12-10.44.01:637][  0]LogConfig: Setting CVar [[r.SkeletalMeshLODBias:0]]
[2026.05.12-10.44.01:637][  0]LogConfig: Setting CVar [[r.ViewDistanceScale:1.0]]
[2026.05.12-10.44.01:637][  0]LogConfig: Applying CVar settings from Section [AntiAliasingQuality@3] File [C:/Users/kapil/OneDrive/Documents/Unreal Projects/testTP/Saved/Config/Windows/Scalability.ini]
[2026.05.12-10.44.01:637][  0]LogConfig: Setting CVar [[r.PostProcessAAQuality:4]]
[2026.05.12-10.44.01:637][  0]LogConfig: Applying CVar settings from Section [ShadowQuality@3] File [C:/Users/kapil/OneDrive/Documents/Unreal Projects/testTP/Saved/Config/Windows/Scalability.ini]
[2026.05.12-10.44.01:637][  0]LogConfig: Setting CVar [[r.LightFunctionQuality:1]]
[2026.05.12-10.44.01:637][  0]LogConfig: Setting CVar [[r.ShadowQuality:5]]
[2026.05.12-10.44.01:637][  0]LogConfig: Setting CVar [[r.Shadow.CSM.MaxCascades:10]]
[2026.05.12-10.44.01:637][  0]LogConfig: Setting CVar [[r.Shadow.MaxResolution:2048]]
[2026.05.12-10.44.01:637][  0]LogConfig: Setting CVar [[r.Shadow.MaxCSMResolution:2048]]
[2026.05.12-10.44.01:637][  0]LogConfig: Setting CVar [[r.Shadow.RadiusThreshold:0.01]]
[2026.05.12-10.44.01:637][  0]LogConfig: Setting CVar [[r.Shadow.DistanceScale:1.0]]
[2026.05.12-10.44.01:637][  0]LogConfig: Setting CVar [[r.Shadow.CSM.TransitionScale:1.0]]
[2026.05.12-10.44.01:637][  0]LogConfig: Setting CVar [[r.Shadow.PreShadowResolutionFactor:1.0]]
[2026.05.12-10.44.01:637][  0]LogConfig: Setting CVar [[r.DistanceFieldShadowing:1]]
[2026.05.12-10.44.01:637][  0]LogConfig: Setting CVar [[r.DistanceFieldAO:1]]
[2026.05.12-10.44.01:637][  0]LogConfig: Setting CVar [[r.AOQuality:2]]
[2026.05.12-10.44.01:637][  0]LogConfig: Setting CVar [[r.VolumetricFog:1]]
[2026.05.12-10.44.01:637][  0]LogConfig: Setting CVar [[r.VolumetricFog.GridPixelSize:8]]
[2026.05.12-10.44.01:637][  0]LogConfig: Setting CVar [[r.VolumetricFog.GridSizeZ:128]]
[2026.05.12-10.44.01:637][  0]LogConfig: Setting CVar [[r.VolumetricFog.HistoryMissSupersampleCount:4]]
[2026.05.12-10.44.01:637][  0]LogConfig: Setting CVar [[r.LightMaxDrawDistanceScale:1]]
[2026.05.12-10.44.01:637][  0]LogConfig: Setting CVar [[r.CapsuleShadows:1]]
[2026.05.12-10.44.01:637][  0]LogConfig: Applying CVar settings from Section [PostProcessQuality@3] File [C:/Users/kapil/OneDrive/Documents/Unreal Projects/testTP/Saved/Config/Windows/Scalability.ini]
[2026.05.12-10.44.01:637][  0]LogConfig: Setting CVar [[r.MotionBlurQuality:4]]
[2026.05.12-10.44.01:637][  0]LogConfig: Setting CVar [[r.AmbientOcclusionMipLevelFactor:0.4]]
[2026.05.12-10.44.01:637][  0]LogConfig: Setting CVar [[r.AmbientOcclusionMaxQuality:100]]
[2026.05.12-10.44.01:637][  0]LogConfig: Setting CVar [[r.AmbientOcclusionLevels:-1]]
[2026.05.12-10.44.01:637][  0]LogConfig: Setting CVar [[r.AmbientOcclusionRadiusScale:1.0]]
[2026.05.12-10.44.01:637][  0]LogConfig: Setting CVar [[r.DepthOfFieldQuality:2]]
[2026.05.12-10.44.01:637][  0]LogConfig: Setting CVar [[r.RenderTargetPoolMin:400]]
[2026.05.12-10.44.01:637][  0]LogConfig: Setting CVar [[r.LensFlareQuality:2]]
[2026.05.12-10.44.01:637][  0]LogConfig: Setting CVar [[r.SceneColorFringeQuality:1]]
[2026.05.12-10.44.01:637][  0]LogConfig: Setting CVar [[r.EyeAdaptationQuality:2]]
[2026.05.12-10.44.01:637][  0]LogConfig: Setting CVar [[r.BloomQuality:5]]
[2026.05.12-10.44.01:637][  0]LogConfig: Setting CVar [[r.FastBlurThreshold:100]]
[2026.05.12-10.44.01:637][  0]LogConfig: Setting CVar [[r.Upscale.Quality:3]]
[2026.05.12-10.44.01:637][  0]LogConfig: Setting CVar [[r.Tonemapper.GrainQuantization:1]]
[2026.05.12-10.44.01:637][  0]LogConfig: Setting CVar [[r.LightShaftQuality:1]]
[2026.05.12-10.44.01:637][  0]LogConfig: Setting CVar [[r.Filter.SizeScale:1]]
[2026.05.12-10.44.01:637][  0]LogConfig: Setting CVar [[r.Tonemapper.Quality:5]]
[2026.05.12-10.44.01:637][  0]LogConfig: Setting CVar [[r.DOF.Gather.AccumulatorQuality:1        ; higher gathering accumulator quality]]
[2026.05.12-10.44.01:637][  0]LogConfig: Setting CVar [[r.DOF.Gather.PostfilterMethod:1          ; Median3x3 postfilering method]]
[2026.05.12-10.44.01:637][  0]LogConfig: Setting CVar [[r.DOF.Gather.EnableBokehSettings:0       ; no bokeh simulation when gathering]]
[2026.05.12-10.44.01:637][  0]LogConfig: Setting CVar [[r.DOF.Gather.RingCount:4                 ; medium number of samples when gathering]]
[2026.05.12-10.44.01:637][  0]LogConfig: Setting CVar [[r.DOF.Scatter.ForegroundCompositing:1    ; additive foreground scattering]]
[2026.05.12-10.44.01:637][  0]LogConfig: Setting CVar [[r.DOF.Scatter.BackgroundCompositing:2    ; additive background scattering]]
[2026.05.12-10.44.01:637][  0]LogConfig: Setting CVar [[r.DOF.Scatter.EnableBokehSettings:1      ; bokeh simulation when scattering]]
[2026.05.12-10.44.01:637][  0]LogConfig: Setting CVar [[r.DOF.Scatter.MaxSpriteRatio:0.1         ; only a maximum of 10% of scattered bokeh]]
[2026.05.12-10.44.01:637][  0]LogConfig: Setting CVar [[r.DOF.Recombine.Quality:1                ; cheap slight out of focus]]
[2026.05.12-10.44.01:637][  0]LogConfig: Setting CVar [[r.DOF.Recombine.EnableBokehSettings:0    ; no bokeh simulation on slight out of focus]]
[2026.05.12-10.44.01:637][  0]LogConfig: Setting CVar [[r.DOF.TemporalAAQuality:1                ; more stable temporal accumulation]]
[2026.05.12-10.44.01:637][  0]LogConfig: Setting CVar [[r.DOF.Kernel.MaxForegroundRadius:0.025]]
[2026.05.12-10.44.01:637][  0]LogConfig: Setting CVar [[r.DOF.Kernel.MaxBackgroundRadius:0.025]]
[2026.05.12-10.44.01:637][  0]LogConfig: Applying CVar settings from Section [TextureQuality@3] File [C:/Users/kapil/OneDrive/Documents/Unreal Projects/testTP/Saved/Config/Windows/Scalability.ini]
[2026.05.12-10.44.01:637][  0]LogConfig: Setting CVar [[r.Streaming.MipBias:0]]
[2026.05.12-10.44.01:637][  0]LogConfig: Setting CVar [[r.Streaming.AmortizeCPUToGPUCopy:0]]
[2026.05.12-10.44.01:637][  0]LogConfig: Setting CVar [[r.Streaming.MaxNumTexturesToStreamPerFrame:0]]
[2026.05.12-10.44.01:637][  0]LogConfig: Setting CVar [[r.Streaming.Boost:1]]
[2026.05.12-10.44.01:637][  0]LogConfig: Setting CVar [[r.MaxAnisotropy:8]]
[2026.05.12-10.44.01:637][  0]LogConfig: Setting CVar [[r.VT.MaxAnisotropy:8]]
[2026.05.12-10.44.01:637][  0]LogConfig: Setting CVar [[r.Streaming.LimitPoolSizeToVRAM:0]]
[2026.05.12-10.44.01:637][  0]LogConfig: Setting CVar [[r.Streaming.PoolSize:1000]]
[2026.05.12-10.44.01:637][  0]LogConfig: Setting CVar [[r.Streaming.MaxEffectiveScreenSize:0]]
[2026.05.12-10.44.01:637][  0]LogConfig: Applying CVar settings from Section [EffectsQuality@3] File [C:/Users/kapil/OneDrive/Documents/Unreal Projects/testTP/Saved/Config/Windows/Scalability.ini]
[2026.05.12-10.44.01:637][  0]LogConfig: Setting CVar [[r.TranslucencyLightingVolumeDim:64]]
[2026.05.12-10.44.01:637][  0]LogConfig: Setting CVar [[r.RefractionQuality:2]]
[2026.05.12-10.44.01:637][  0]LogConfig: Setting CVar [[r.SSR.Quality:3]]
[2026.05.12-10.44.01:637][  0]LogConfig: Setting CVar [[r.SSR.HalfResSceneColor:0]]
[2026.05.12-10.44.01:637][  0]LogConfig: Setting CVar [[r.SceneColorFormat:4]]
[2026.05.12-10.44.01:637][  0]LogConfig: Setting CVar [[r.DetailMode:2]]
[2026.05.12-10.44.01:637][  0]LogConfig: Setting CVar [[r.TranslucencyVolumeBlur:1]]
[2026.05.12-10.44.01:637][  0]LogConfig: Setting CVar [[r.MaterialQualityLevel:1 ; High quality]]
[2026.05.12-10.44.01:637][  0]LogConfig: Setting CVar [[r.AnisotropicMaterials:1]]
[2026.05.12-10.44.01:637][  0]LogConfig: Setting CVar [[r.SSS.Scale:1]]
[2026.05.12-10.44.01:637][  0]LogConfig: Setting CVar [[r.SSS.SampleSet:2]]
[2026.05.12-10.44.01:637][  0]LogConfig: Setting CVar [[r.SSS.Quality:1]]
[2026.05.12-10.44.01:637][  0]LogConfig: Setting CVar [[r.SSS.HalfRes:0]]
[2026.05.12-10.44.01:637][  0]LogConfig: Setting CVar [[r.SSGI.Quality:3]]
[2026.05.12-10.44.01:637][  0]LogConfig: Setting CVar [[r.EmitterSpawnRateScale:1.0]]
[2026.05.12-10.44.01:637][  0]LogConfig: Setting CVar [[r.ParticleLightQuality:2]]
[2026.05.12-10.44.01:637][  0]LogConfig: Setting CVar [[r.SkyAtmosphere.AerialPerspectiveLUT.FastApplyOnOpaque:1 ; Always have FastSkyLUT 1 in this case to avoid wrong sky]]
[2026.05.12-10.44.01:637][  0]LogConfig: Setting CVar [[r.SkyAtmosphere.AerialPerspectiveLUT.SampleCountMaxPerSlice:4]]
[2026.05.12-10.44.01:637][  0]LogConfig: Setting CVar [[r.SkyAtmosphere.AerialPerspectiveLUT.DepthResolution:16.0]]
[2026.05.12-10.44.01:637][  0]LogConfig: Setting CVar [[r.SkyAtmosphere.FastSkyLUT:1]]
[2026.05.12-10.44.01:637][  0]LogConfig: Setting CVar [[r.SkyAtmosphere.FastSkyLUT.SampleCountMin:4.0]]
[2026.05.12-10.44.01:637][  0]LogConfig: Setting CVar [[r.SkyAtmosphere.FastSkyLUT.SampleCountMax:128.0]]
[2026.05.12-10.44.01:637][  0]LogConfig: Setting CVar [[r.SkyAtmosphere.SampleCountMin:4.0]]
[2026.05.12-10.44.01:637][  0]LogConfig: Setting CVar [[r.SkyAtmosphere.SampleCountMax:128.0]]
[2026.05.12-10.44.01:637][  0]LogConfig: Setting CVar [[r.SkyAtmosphere.TransmittanceLUT.UseSmallFormat:0]]
[2026.05.12-10.44.01:637][  0]LogConfig: Setting CVar [[r.SkyAtmosphere.TransmittanceLUT.SampleCount:10.0]]
[2026.05.12-10.44.01:637][  0]LogConfig: Setting CVar [[r.SkyAtmosphere.MultiScatteringLUT.SampleCount:15.0]]
[2026.05.12-10.44.01:637][  0]LogConfig: Setting CVar [[r.SkyLight.RealTimeReflectionCapture:1]]
[2026.05.12-10.44.01:637][  0]LogConfig: Applying CVar settings from Section [FoliageQuality@3] File [C:/Users/kapil/OneDrive/Documents/Unreal Projects/testTP/Saved/Config/Windows/Scalability.ini]
[2026.05.12-10.44.01:637][  0]LogConfig: Setting CVar [[foliage.DensityScale:1.0]]
[2026.05.12-10.44.01:637][  0]LogConfig: Setting CVar [[grass.DensityScale:1.0]]
[2026.05.12-10.44.01:637][  0]LogConfig: Applying CVar settings from Section [ShadingQuality@3] File [C:/Users/kapil/OneDrive/Documents/Unreal Projects/testTP/Saved/Config/Windows/Scalability.ini]
[2026.05.12-10.44.01:637][  0]LogConfig: Setting CVar [[r.HairStrands.SkyLighting.IntegrationType:2]]
[2026.05.12-10.44.01:637][  0]LogConfig: Setting CVar [[r.HairStrands.SkyAO.SampleCount:4]]
[2026.05.12-10.44.01:637][  0]LogConfig: Setting CVar [[r.HairStrands.Visibility.MSAA.SamplePerPixel:4]]
[2026.05.12-10.44.01:637][  0]LogInit: Selected Device Profile: [Windows]
[2026.05.12-10.44.01:637][  0]LogInit: Applying CVar settings loaded from the selected device profile: [Windows]
[2026.05.12-10.44.01:637][  0]LogHAL: Display: Platform has ~ 16 GB [16849256448 / 17179869184 / 16], which maps to Larger [LargestMinGB=32, LargerMinGB=12, DefaultMinGB=8, SmallerMinGB=6, SmallestMinGB=0)
[2026.05.12-10.44.01:637][  0]LogInit: Going up to parent DeviceProfile []
[2026.05.12-10.44.01:637][  0]LogConfig: Applying CVar settings from Section [ViewDistanceQuality@3] File [C:/Users/kapil/OneDrive/Documents/Unreal Projects/testTP/Saved/Config/Windows/Scalability.ini]
[2026.05.12-10.44.01:637][  0]LogConfig: Setting CVar [[r.SkeletalMeshLODBias:0]]
[2026.05.12-10.44.01:637][  0]LogConfig: Setting CVar [[r.ViewDistanceScale:1.0]]
[2026.05.12-10.44.01:637][  0]LogConfig: Applying CVar settings from Section [AntiAliasingQuality@3] File [C:/Users/kapil/OneDrive/Documents/Unreal Projects/testTP/Saved/Config/Windows/Scalability.ini]
[2026.05.12-10.44.01:637][  0]LogConfig: Setting CVar [[r.PostProcessAAQuality:4]]
[2026.05.12-10.44.01:637][  0]LogConfig: Applying CVar settings from Section [ShadowQuality@3] File [C:/Users/kapil/OneDrive/Documents/Unreal Projects/testTP/Saved/Config/Windows/Scalability.ini]
[2026.05.12-10.44.01:637][  0]LogConfig: Setting CVar [[r.LightFunctionQuality:1]]
[2026.05.12-10.44.01:637][  0]LogConfig: Setting CVar [[r.ShadowQuality:5]]
[2026.05.12-10.44.01:637][  0]LogConfig: Setting CVar [[r.Shadow.CSM.MaxCascades:10]]
[2026.05.12-10.44.01:637][  0]LogConfig: Setting CVar [[r.Shadow.MaxResolution:2048]]
[2026.05.12-10.44.01:637][  0]LogConfig: Setting CVar [[r.Shadow.MaxCSMResolution:2048]]
[2026.05.12-10.44.01:637][  0]LogConfig: Setting CVar [[r.Shadow.RadiusThreshold:0.01]]
[2026.05.12-10.44.01:637][  0]LogConfig: Setting CVar [[r.Shadow.DistanceScale:1.0]]
[2026.05.12-10.44.01:637][  0]LogConfig: Setting CVar [[r.Shadow.CSM.TransitionScale:1.0]]
[2026.05.12-10.44.01:637][  0]LogConfig: Setting CVar [[r.Shadow.PreShadowResolutionFactor:1.0]]
[2026.05.12-10.44.01:637][  0]LogConfig: Setting CVar [[r.DistanceFieldShadowing:1]]
[2026.05.12-10.44.01:637][  0]LogConfig: Setting CVar [[r.DistanceFieldAO:1]]
[2026.05.12-10.44.01:637][  0]LogConfig: Setting CVar [[r.AOQuality:2]]
[2026.05.12-10.44.01:637][  0]LogConfig: Setting CVar [[r.VolumetricFog:1]]
[2026.05.12-10.44.01:637][  0]LogConfig: Setting CVar [[r.VolumetricFog.GridPixelSize:8]]
[2026.05.12-10.44.01:637][  0]LogConfig: Setting CVar [[r.VolumetricFog.GridSizeZ:128]]
[2026.05.12-10.44.01:637][  0]LogConfig: Setting CVar [[r.VolumetricFog.HistoryMissSupersampleCount:4]]
[2026.05.12-10.44.01:637][  0]LogConfig: Setting CVar [[r.LightMaxDrawDistanceScale:1]]
[2026.05.12-10.44.01:637][  0]LogConfig: Setting CVar [[r.CapsuleShadows:1]]
[2026.05.12-10.44.01:637][  0]LogConfig: Applying CVar settings from Section [PostProcessQuality@3] File [C:/Users/kapil/OneDrive/Documents/Unreal Projects/testTP/Saved/Config/Windows/Scalability.ini]
[2026.05.12-10.44.01:637][  0]LogConfig: Setting CVar [[r.MotionBlurQuality:4]]
[2026.05.12-10.44.01:637][  0]LogConfig: Setting CVar [[r.AmbientOcclusionMipLevelFactor:0.4]]
[2026.05.12-10.44.01:637][  0]LogConfig: Setting CVar [[r.AmbientOcclusionMaxQuality:100]]
[2026.05.12-10.44.01:637][  0]LogConfig: Setting CVar [[r.AmbientOcclusionLevels:-1]]
[2026.05.12-10.44.01:637][  0]LogConfig: Setting CVar [[r.AmbientOcclusionRadiusScale:1.0]]
[2026.05.12-10.44.01:637][  0]LogConfig: Setting CVar [[r.DepthOfFieldQuality:2]]
[2026.05.12-10.44.01:637][  0]LogConfig: Setting CVar [[r.RenderTargetPoolMin:400]]
[2026.05.12-10.44.01:637][  0]LogConfig: Setting CVar [[r.LensFlareQuality:2]]
[2026.05.12-10.44.01:637][  0]LogConfig: Setting CVar [[r.SceneColorFringeQuality:1]]
[2026.05.12-10.44.01:637][  0]LogConfig: Setting CVar [[r.EyeAdaptationQuality:2]]
[2026.05.12-10.44.01:637][  0]LogConfig: Setting CVar [[r.BloomQuality:5]]
[2026.05.12-10.44.01:637][  0]LogConfig: Setting CVar [[r.FastBlurThreshold:100]]
[2026.05.12-10.44.01:637][  0]LogConfig: Setting CVar [[r.Upscale.Quality:3]]
[2026.05.12-10.44.01:637][  0]LogConfig: Setting CVar [[r.Tonemapper.GrainQuantization:1]]
[2026.05.12-10.44.01:637][  0]LogConfig: Setting CVar [[r.LightShaftQuality:1]]
[2026.05.12-10.44.01:637][  0]LogConfig: Setting CVar [[r.Filter.SizeScale:1]]
[2026.05.12-10.44.01:637][  0]LogConfig: Setting CVar [[r.Tonemapper.Quality:5]]
[2026.05.12-10.44.01:637][  0]LogConfig: Setting CVar [[r.DOF.Gather.AccumulatorQuality:1        ; higher gathering accumulator quality]]
[2026.05.12-10.44.01:637][  0]LogConfig: Setting CVar [[r.DOF.Gather.PostfilterMethod:1          ; Median3x3 postfilering method]]
[2026.05.12-10.44.01:637][  0]LogConfig: Setting CVar [[r.DOF.Gather.EnableBokehSettings:0       ; no bokeh simulation when gathering]]
[2026.05.12-10.44.01:637][  0]LogConfig: Setting CVar [[r.DOF.Gather.RingCount:4                 ; medium number of samples when gathering]]
[2026.05.12-10.44.01:637][  0]LogConfig: Setting CVar [[r.DOF.Scatter.ForegroundCompositing:1    ; additive foreground scattering]]
[2026.05.12-10.44.01:637][  0]LogConfig: Setting CVar [[r.DOF.Scatter.BackgroundCompositing:2    ; additive background scattering]]
[2026.05.12-10.44.01:637][  0]LogConfig: Setting CVar [[r.DOF.Scatter.EnableBokehSettings:1      ; bokeh simulation when scattering]]
[2026.05.12-10.44.01:637][  0]LogConfig: Setting CVar [[r.DOF.Scatter.MaxSpriteRatio:0.1         ; only a maximum of 10% of scattered bokeh]]
[2026.05.12-10.44.01:637][  0]LogConfig: Setting CVar [[r.DOF.Recombine.Quality:1                ; cheap slight out of focus]]
[2026.05.12-10.44.01:637][  0]LogConfig: Setting CVar [[r.DOF.Recombine.EnableBokehSettings:0    ; no bokeh simulation on slight out of focus]]
[2026.05.12-10.44.01:637][  0]LogConfig: Setting CVar [[r.DOF.TemporalAAQuality:1                ; more stable temporal accumulation]]
[2026.05.12-10.44.01:637][  0]LogConfig: Setting CVar [[r.DOF.Kernel.MaxForegroundRadius:0.025]]
[2026.05.12-10.44.01:637][  0]LogConfig: Setting CVar [[r.DOF.Kernel.MaxBackgroundRadius:0.025]]
[2026.05.12-10.44.01:638][  0]LogConfig: Applying CVar settings from Section [TextureQuality@3] File [C:/Users/kapil/OneDrive/Documents/Unreal Projects/testTP/Saved/Config/Windows/Scalability.ini]
[2026.05.12-10.44.01:638][  0]LogConfig: Setting CVar [[r.Streaming.MipBias:0]]
[2026.05.12-10.44.01:638][  0]LogConfig: Setting CVar [[r.Streaming.AmortizeCPUToGPUCopy:0]]
[2026.05.12-10.44.01:638][  0]LogConfig: Setting CVar [[r.Streaming.MaxNumTexturesToStreamPerFrame:0]]
[2026.05.12-10.44.01:638][  0]LogConfig: Setting CVar [[r.Streaming.Boost:1]]
[2026.05.12-10.44.01:638][  0]LogConfig: Setting CVar [[r.MaxAnisotropy:8]]
[2026.05.12-10.44.01:638][  0]LogConfig: Setting CVar [[r.VT.MaxAnisotropy:8]]
[2026.05.12-10.44.01:638][  0]LogConfig: Setting CVar [[r.Streaming.LimitPoolSizeToVRAM:0]]
[2026.05.12-10.44.01:638][  0]LogConfig: Setting CVar [[r.Streaming.PoolSize:1000]]
[2026.05.12-10.44.01:638][  0]LogConfig: Setting CVar [[r.Streaming.MaxEffectiveScreenSize:0]]
[2026.05.12-10.44.01:638][  0]LogConfig: Applying CVar settings from Section [EffectsQuality@3] File [C:/Users/kapil/OneDrive/Documents/Unreal Projects/testTP/Saved/Config/Windows/Scalability.ini]
[2026.05.12-10.44.01:638][  0]LogConfig: Setting CVar [[r.TranslucencyLightingVolumeDim:64]]
[2026.05.12-10.44.01:638][  0]LogConfig: Setting CVar [[r.RefractionQuality:2]]
[2026.05.12-10.44.01:638][  0]LogConfig: Setting CVar [[r.SSR.Quality:3]]
[2026.05.12-10.44.01:638][  0]LogConfig: Setting CVar [[r.SSR.HalfResSceneColor:0]]
[2026.05.12-10.44.01:638][  0]LogConfig: Setting CVar [[r.SceneColorFormat:4]]
[2026.05.12-10.44.01:638][  0]LogConfig: Setting CVar [[r.DetailMode:2]]
[2026.05.12-10.44.01:638][  0]LogConfig: Setting CVar [[r.TranslucencyVolumeBlur:1]]
[2026.05.12-10.44.01:638][  0]LogConfig: Setting CVar [[r.MaterialQualityLevel:1 ; High quality]]
[2026.05.12-10.44.01:638][  0]LogConfig: Setting CVar [[r.AnisotropicMaterials:1]]
[2026.05.12-10.44.01:638][  0]LogConfig: Setting CVar [[r.SSS.Scale:1]]
[2026.05.12-10.44.01:638][  0]LogConfig: Setting CVar [[r.SSS.SampleSet:2]]
[2026.05.12-10.44.01:638][  0]LogConfig: Setting CVar [[r.SSS.Quality:1]]
[2026.05.12-10.44.01:638][  0]LogConfig: Setting CVar [[r.SSS.HalfRes:0]]
[2026.05.12-10.44.01:638][  0]LogConfig: Setting CVar [[r.SSGI.Quality:3]]
[2026.05.12-10.44.01:638][  0]LogConfig: Setting CVar [[r.EmitterSpawnRateScale:1.0]]
[2026.05.12-10.44.01:638][  0]LogConfig: Setting CVar [[r.ParticleLightQuality:2]]
[2026.05.12-10.44.01:638][  0]LogConfig: Setting CVar [[r.SkyAtmosphere.AerialPerspectiveLUT.FastApplyOnOpaque:1 ; Always have FastSkyLUT 1 in this case to avoid wrong sky]]
[2026.05.12-10.44.01:638][  0]LogConfig: Setting CVar [[r.SkyAtmosphere.AerialPerspectiveLUT.SampleCountMaxPerSlice:4]]
[2026.05.12-10.44.01:638][  0]LogConfig: Setting CVar [[r.SkyAtmosphere.AerialPerspectiveLUT.DepthResolution:16.0]]
[2026.05.12-10.44.01:638][  0]LogConfig: Setting CVar [[r.SkyAtmosphere.FastSkyLUT:1]]
[2026.05.12-10.44.01:638][  0]LogConfig: Setting CVar [[r.SkyAtmosphere.FastSkyLUT.SampleCountMin:4.0]]
[2026.05.12-10.44.01:638][  0]LogConfig: Setting CVar [[r.SkyAtmosphere.FastSkyLUT.SampleCountMax:128.0]]
[2026.05.12-10.44.01:638][  0]LogConfig: Setting CVar [[r.SkyAtmosphere.SampleCountMin:4.0]]
[2026.05.12-10.44.01:638][  0]LogConfig: Setting CVar [[r.SkyAtmosphere.SampleCountMax:128.0]]
[2026.05.12-10.44.01:638][  0]LogConfig: Setting CVar [[r.SkyAtmosphere.TransmittanceLUT.UseSmallFormat:0]]
[2026.05.12-10.44.01:638][  0]LogConfig: Setting CVar [[r.SkyAtmosphere.TransmittanceLUT.SampleCount:10.0]]
[2026.05.12-10.44.01:638][  0]LogConfig: Setting CVar [[r.SkyAtmosphere.MultiScatteringLUT.SampleCount:15.0]]
[2026.05.12-10.44.01:638][  0]LogConfig: Setting CVar [[r.SkyLight.RealTimeReflectionCapture:1]]
[2026.05.12-10.44.01:638][  0]LogConfig: Applying CVar settings from Section [FoliageQuality@3] File [C:/Users/kapil/OneDrive/Documents/Unreal Projects/testTP/Saved/Config/Windows/Scalability.ini]
[2026.05.12-10.44.01:638][  0]LogConfig: Setting CVar [[foliage.DensityScale:1.0]]
[2026.05.12-10.44.01:638][  0]LogConfig: Setting CVar [[grass.DensityScale:1.0]]
[2026.05.12-10.44.01:638][  0]LogConfig: Applying CVar settings from Section [ShadingQuality@3] File [C:/Users/kapil/OneDrive/Documents/Unreal Projects/testTP/Saved/Config/Windows/Scalability.ini]
[2026.05.12-10.44.01:638][  0]LogConfig: Setting CVar [[r.HairStrands.SkyLighting.IntegrationType:2]]
[2026.05.12-10.44.01:638][  0]LogConfig: Setting CVar [[r.HairStrands.SkyAO.SampleCount:4]]
[2026.05.12-10.44.01:638][  0]LogConfig: Setting CVar [[r.HairStrands.Visibility.MSAA.SamplePerPixel:4]]
[2026.05.12-10.44.01:638][  0]LogConfig: Applying CVar settings from Section [Startup] File [../../../Engine/Config/ConsoleVariables.ini]
[2026.05.12-10.44.01:638][  0]LogConfig: Setting CVar [[net.UseAdaptiveNetUpdateFrequency:0]]
[2026.05.12-10.44.01:638][  0]LogConfig: Setting CVar [[p.chaos.AllowCreatePhysxBodies:1]]
[2026.05.12-10.44.01:638][  0]LogConfig: Setting CVar [[fx.SkipVectorVMBackendOptimizations:1]]
[2026.05.12-10.44.01:638][  0]LogConfig: Applying CVar settings from Section [ConsoleVariables] File [C:/Users/kapil/OneDrive/Documents/Unreal Projects/testTP/Saved/Config/Windows/Engine.ini]
[2026.05.12-10.44.01:638][  0]LogConfig: Applying CVar settings from Section [ConsoleVariables] File [C:/Users/kapil/OneDrive/Documents/Unreal Projects/testTP/Saved/Config/Windows/Editor.ini]
[2026.05.12-10.44.01:638][  0]LogInit: Computer: IMMERSEDEMOM5
[2026.05.12-10.44.01:638][  0]LogInit: User: kapil
[2026.05.12-10.44.01:638][  0]LogInit: CPU Page size=4096, Cores=14
[2026.05.12-10.44.01:638][  0]LogInit: High frequency timer resolution =10.000000 MHz
[2026.05.12-10.44.01:638][  0]LogMemory: Memory total: Physical=15.7GB (16GB approx)
[2026.05.12-10.44.01:638][  0]LogMemory: Platform Memory Stats for Windows
[2026.05.12-10.44.01:638][  0]LogMemory: Process Physical Memory: 151.00 MB used, 151.00 MB peak
[2026.05.12-10.44.01:638][  0]LogMemory: Process Virtual Memory: 129.03 MB used, 129.03 MB peak
[2026.05.12-10.44.01:638][  0]LogMemory: Physical Memory: 11901.85 MB used,  4166.86 MB free, 16068.70 MB total
[2026.05.12-10.44.01:638][  0]LogMemory: Virtual Memory: 134210424.00 MB used,  7305.96 MB free, 134217728.00 MB total
[2026.05.12-10.44.01:643][  0]LogWindows: WindowsPlatformFeatures enabled
[2026.05.12-10.44.01:678][  0]LogInit: Physics initialised using underlying interface: PhysX
[2026.05.12-10.44.01:678][  0]LogInit: Using OS detected language (en-US).
[2026.05.12-10.44.01:678][  0]LogInit: Using OS detected locale (en-US).
[2026.05.12-10.44.01:682][  0]LogTextLocalizationManager: No specific localization for 'en-US' exists, so the 'en' localization will be used.
[2026.05.12-10.44.01:826][  0]LogWindowsTextInputMethodSystem: Display: IME system deactivated.
[2026.05.12-10.44.01:837][  0]LogSlate: New Slate User Created.  User Index 0, Is Virtual User: 0
[2026.05.12-10.44.01:837][  0]LogSlate: Slate User Registered.  User Index 0, Is Virtual User: 0
[2026.05.12-10.44.01:845][  0]LogD3D11RHI: Loaded GFSDK_Aftermath_Lib.x64.dll
[2026.05.12-10.44.01:886][  0]LogHMD: Failed to initialize OpenVR with code 110
[2026.05.12-10.44.01:886][  0]LogD3D11RHI: D3D11 min allowed feature level: 11_0
[2026.05.12-10.44.01:886][  0]LogD3D11RHI: D3D11 max allowed feature level: 11_0
[2026.05.12-10.44.01:886][  0]LogD3D11RHI: D3D11 adapters:
[2026.05.12-10.44.02:045][  0]LogD3D11RHI:    0. 'NVIDIA GeForce RTX 4060 Laptop GPU' (Feature Level 11_0)
[2026.05.12-10.44.02:045][  0]LogD3D11RHI:       7957/0/8034 MB DedicatedVideo/DedicatedSystem/SharedSystem, Outputs:1, VendorId:0x10de
[2026.05.12-10.44.02:071][  0]LogD3D11RHI:    1. 'Intel(R) UHD Graphics' (Feature Level 11_0)
[2026.05.12-10.44.02:071][  0]LogD3D11RHI:       128/0/8034 MB DedicatedVideo/DedicatedSystem/SharedSystem, Outputs:0, VendorId:0x8086
[2026.05.12-10.44.02:074][  0]LogD3D11RHI:    2. 'Microsoft Basic Render Driver' (Feature Level 11_0)
[2026.05.12-10.44.02:074][  0]LogD3D11RHI:       0/0/8034 MB DedicatedVideo/DedicatedSystem/SharedSystem, Outputs:0, VendorId:0x1414
[2026.05.12-10.44.02:074][  0]LogD3D11RHI: Chosen D3D11 Adapter:
[2026.05.12-10.44.02:074][  0]LogD3D11RHI:     Description : NVIDIA GeForce RTX 4060 Laptop GPU
[2026.05.12-10.44.02:074][  0]LogD3D11RHI:     VendorId    : 10de
[2026.05.12-10.44.02:074][  0]LogD3D11RHI:     DeviceId    : 28e0
[2026.05.12-10.44.02:074][  0]LogD3D11RHI:     SubSysId    : bf81028
[2026.05.12-10.44.02:074][  0]LogD3D11RHI:     Revision    : 00a1
[2026.05.12-10.44.02:074][  0]LogD3D11RHI:     DedicatedVideoMemory : 8343519232 bytes
[2026.05.12-10.44.02:074][  0]LogD3D11RHI:     DedicatedSystemMemory : 0 bytes
[2026.05.12-10.44.02:074][  0]LogD3D11RHI:     SharedSystemMemory : 8424628224 bytes
[2026.05.12-10.44.02:074][  0]LogD3D11RHI:     AdapterLuid : 0 75339
[2026.05.12-10.44.02:081][  0]LogD3D11RHI: Creating new Direct3DDevice
[2026.05.12-10.44.02:081][  0]LogD3D11RHI:     GPU DeviceId: 0x28e0 (for the marketing name, search the web for "GPU Device Id")
[2026.05.12-10.44.02:081][  0]LogWindows: EnumDisplayDevices:
[2026.05.12-10.44.02:081][  0]LogWindows:    0. 'Intel(R) UHD Graphics' (P:1 D:1)
[2026.05.12-10.44.02:081][  0]LogWindows:    1. 'Intel(R) UHD Graphics' (P:0 D:0)
[2026.05.12-10.44.02:081][  0]LogWindows:    2. 'Intel(R) UHD Graphics' (P:0 D:0)
[2026.05.12-10.44.02:081][  0]LogWindows:    3. 'Intel(R) UHD Graphics' (P:0 D:0)
[2026.05.12-10.44.02:081][  0]LogWindows:    4. 'NVIDIA GeForce RTX 4060 Laptop GPU' (P:0 D:0)
[2026.05.12-10.44.02:081][  0]LogWindows: DebugString: PrimaryIsNotTheChoosenAdapter PrimaryIsNotTheChoosenAdapter PrimaryIsNotTheChoosenAdapter PrimaryIsNotTheChoosenAdapter 
[2026.05.12-10.44.02:081][  0]LogD3D11RHI:     Adapter Name: NVIDIA GeForce RTX 4060 Laptop GPU
[2026.05.12-10.44.02:081][  0]LogD3D11RHI:   Driver Version: 581.95 (internal:32.0.15.8195, unified:581.95)
[2026.05.12-10.44.02:081][  0]LogD3D11RHI:      Driver Date: 11-18-2025
[2026.05.12-10.44.02:081][  0]LogRHI: Texture pool is 5569 MB (70% of 7957 MB)
[2026.05.12-10.44.02:081][  0]LogD3D11RHI: Creating D3DDevice using adapter:
[2026.05.12-10.44.02:081][  0]LogD3D11RHI:     Description : NVIDIA GeForce RTX 4060 Laptop GPU
[2026.05.12-10.44.02:081][  0]LogD3D11RHI:     VendorId    : 10de
[2026.05.12-10.44.02:081][  0]LogD3D11RHI:     DeviceId    : 28e0
[2026.05.12-10.44.02:081][  0]LogD3D11RHI:     SubSysId    : bf81028
[2026.05.12-10.44.02:081][  0]LogD3D11RHI:     Revision    : 00a1
[2026.05.12-10.44.02:081][  0]LogD3D11RHI:     DedicatedVideoMemory : 8343519232 bytes
[2026.05.12-10.44.02:081][  0]LogD3D11RHI:     DedicatedSystemMemory : 0 bytes
[2026.05.12-10.44.02:081][  0]LogD3D11RHI:     SharedSystemMemory : 8424628224 bytes
[2026.05.12-10.44.02:081][  0]LogD3D11RHI:     AdapterLuid : 0 75339
[2026.05.12-10.44.02:183][  0]LogD3D11RHI: RHI has support for 64 bit atomics
[2026.05.12-10.44.02:184][  0]LogD3D11RHI: Async texture creation enabled
[2026.05.12-10.44.02:184][  0]LogD3D11RHI: Array index from any shader is supported
[2026.05.12-10.44.02:195][  0]LogD3D11RHI: GPU Timing Frequency: 1000.000000 (Debug: 2 1)
[2026.05.12-10.44.02:222][  0]LogRHI: GeForceNow SDK initialized: 1
[2026.05.12-10.44.02:446][  0]LogTargetPlatformManager: Display: Loaded TargetPlatform 'WindowsNoEditor'
[2026.05.12-10.44.02:451][  0]LogTargetPlatformManager: Display: Loaded TargetPlatform 'Windows'
[2026.05.12-10.44.02:454][  0]LogTargetPlatformManager: Display: Loaded TargetPlatform 'WindowsClient'
[2026.05.12-10.44.02:458][  0]LogTargetPlatformManager: Display: Loaded TargetPlatform 'WindowsServer'
[2026.05.12-10.44.02:458][  0]LogTargetPlatformManager: Display: Building Assets For Windows
[2026.05.12-10.44.02:464][  0]LogAudioDebug: Display: Lib vorbis DLL was dynamically loaded.
[2026.05.12-10.44.02:486][  0]LogTextureFormatOodle: Display: Oodle Texture 2.9.0 init RDO Off
[2026.05.12-10.44.02:511][  0]LogRendererCore: Ray tracing is disabled. Reason: r.RayTracing=0.
[2026.05.12-10.44.02:511][  0]LogShaderCompilers: Guid format shader working directory is -26 characters bigger than the processId version (../../../../../../Users/kapil/OneDrive/Documents/Unreal Projects/testTP/Intermediate/Shaders/WorkingDirectory/32656/).
[2026.05.12-10.44.02:511][  0]LogShaderCompilers: Cleaned the shader compiler working directory 'C:/Users/kapil/AppData/Local/Temp/UnrealShaderWorkingDir/DBBB58C64E6D40058E20EEA61F6E816A/'.
[2026.05.12-10.44.02:511][  0]LogXGEController: Cannot use XGE Controller as Incredibuild is not installed on this machine.
[2026.05.12-10.44.02:511][  0]LogShaderCompilers: Cannot use XGE Shader Compiler as Incredibuild is not installed on this machine.
[2026.05.12-10.44.02:511][  0]LogShaderCompilers: Display: Using Local Shader Compiler.
[2026.05.12-10.44.03:059][  0]LogDerivedDataCache: Display: Max Cache Size: 512 MB
[2026.05.12-10.44.03:100][  0]LogDerivedDataCache: Loaded boot cache 0.04s 78MB C:/Users/kapil/AppData/Local/UnrealEngine/4.27/DerivedDataCache/Boot.ddc.
[2026.05.12-10.44.03:100][  0]LogDerivedDataCache: Display: Loaded Boot cache: C:/Users/kapil/AppData/Local/UnrealEngine/4.27/DerivedDataCache/Boot.ddc
[2026.05.12-10.44.03:101][  0]LogDerivedDataCache: FDerivedDataBackendGraph:  Pak pak cache file ../../../../../../Users/kapil/OneDrive/Documents/Unreal Projects/testTP/DerivedDataCache/DDC.ddp not found, will not use a pak cache.
[2026.05.12-10.44.03:101][  0]LogDerivedDataCache: Unable to find inner node Pak for hierarchical cache Hierarchy.
[2026.05.12-10.44.03:101][  0]LogDerivedDataCache: FDerivedDataBackendGraph:  CompressedPak pak cache file ../../../../../../Users/kapil/OneDrive/Documents/Unreal Projects/testTP/DerivedDataCache/Compressed.ddp not found, will not use a pak cache.
[2026.05.12-10.44.03:101][  0]LogDerivedDataCache: Unable to find inner node CompressedPak for hierarchical cache Hierarchy.
[2026.05.12-10.44.03:112][  0]LogDerivedDataCache: Display: Pak cache opened for reading ../../../Engine/DerivedDataCache/Compressed.ddp.
[2026.05.12-10.44.03:112][  0]LogDerivedDataCache: FDerivedDataBackendGraph:  EnterprisePak pak cache file ../../../Enterprise/DerivedDataCache/Compressed.ddp not found, will not use a pak cache.
[2026.05.12-10.44.03:112][  0]LogDerivedDataCache: Unable to find inner node EnterprisePak for hierarchical cache Hierarchy.
[2026.05.12-10.44.03:120][  0]LogDerivedDataCache: Speed tests for C:/Users/kapil/AppData/Local/UnrealEngine/Common/DerivedDataCache took 0.01 seconds
[2026.05.12-10.44.03:120][  0]LogDerivedDataCache: Display: Performance to C:/Users/kapil/AppData/Local/UnrealEngine/Common/DerivedDataCache: Latency=0.03ms. RandomReadSpeed=1143.25MBs, RandomWriteSpeed=165.19MBs. Assigned SpeedClass 'Local'
[2026.05.12-10.44.03:121][  0]LogDerivedDataCache: Using Local data cache path C:/Users/kapil/AppData/Local/UnrealEngine/Common/DerivedDataCache: Writable
[2026.05.12-10.44.03:121][  0]LogDerivedDataCache: Shared data cache path not found in *engine.ini, will not use an Shared cache.
[2026.05.12-10.44.03:121][  0]LogDerivedDataCache: Unable to find inner node Shared for hierarchical cache Hierarchy.
[2026.05.12-10.44.03:149][  0]LogSlate: Using FreeType 2.10.0
[2026.05.12-10.44.03:149][  0]LogSlate: SlateFontServices - WITH_FREETYPE: 1, WITH_HARFBUZZ: 1
[2026.05.12-10.44.03:185][  0]LogInit: Using OS detected language (en-US).
[2026.05.12-10.44.03:185][  0]LogInit: Using OS detected locale (en-US).
[2026.05.12-10.44.03:185][  0]LogTextLocalizationManager: No localization for 'en-US' exists, so 'en' will be used for the language.
[2026.05.12-10.44.03:185][  0]LogTextLocalizationManager: No localization for 'en-US' exists, so 'en' will be used for the locale.
[2026.05.12-10.44.03:185][  0]LogSlate: FontCache flush requested. Reason: Culture for localization was changed
[2026.05.12-10.44.03:185][  0]LogSlate: FontCache flush requested. Reason: Culture for localization was changed
[2026.05.12-10.44.03:186][  0]LogTextLocalizationManager: Compacting localization data took   0.00ms
[2026.05.12-10.44.03:186][  0]LogAssetRegistry: FAssetRegistry took 0.0011 seconds to start up
[2026.05.12-10.44.03:320][  0]LogPackageLocalizationCache: Processed 28 localized package path(s) for 1 prioritized culture(s) in 0.032466 seconds
[2026.05.12-10.44.03:367][  0]LogInit: Selected Device Profile: [Windows]
[2026.05.12-10.44.03:367][  0]LogInit: Active device profile: [00000294E00DF700][00000294C3014700 49] Windows
[2026.05.12-10.44.03:367][  0]LogInit: Profiles: [00000294E00DF700][00000294C3014700 49] Windows, [00000294E0094B00][00000294DB110880 49] WindowsNoEditor, [00000294E00DCB00][00000294DB114A00 49] WindowsServer, [00000294E0096E00][00000294DB118B80 49] WindowsClient, [00000294E00DED00][00000294DB11CD00 49] IOS, [00000294E0095500][00000294DB120E80 49] iPadAir, [00000294E00DD400][00000294DB125000 49] iPadAir2, [00000294E0043C00][00000294DB9FB2C0 49] IPadPro, [00000294E0043D00][00000294DB9F7300 49] iPadAir3, [00000294E00DE600][00000294DB9FF480 49] iPadAir4, [00000294E0041000][00000294C30195C0 49] iPadMini2, [00000294E00DD900][00000294DBA03700 49] iPadMini3, [00000294E0042800][00000294DBA07840 49] iPadMini4, [00000294E00DC200][00000294DBA0F9C0 49] iPadMini5, [00000294E008B500][00000294DBA16100 49] iPhone6, [00000294E008B600][00000294DBA12140 49] iPodTouch6, [00000294E0040100][00000294DBA1E400 49] iPhone7, [00000294E0041100][00000294DBA1A440 49] iPodTouch7, [00000294E0088F00][00000294DBA225C0 49] iPhone5S, [00000294E0042900][00000294DBA26740 49] iPhone6Plus, [00000294E008A900][00000294DBA2A8C0 49] iPhone6S, [00000294E0043A00][00000294DBA2EA40 49] iPhone6SPlus, [00000294E0089800][00000294DBA32BC0 49] iPhone7Plus, [00000294E0040900][00000294DBA36D40 49] iPhoneSE, [00000294E0088900][00000294DBA3AEC0 49] iPhone8, [00000294E0043000][00000294DABC7040 49] iPhone8Plus, [00000294E008B100][00000294DABCB1C0 49] iPhoneX, [00000294E0042100][00000294DABCF340 49] iPhoneXS, [00000294E0088100][00000294DABD34C0 49] iPhoneXSMax, [00000294E0043500][00000294DABD7640 49] iPhoneXR, [00000294E0088700][00000294DBA0B780 49] iPhone11, [00000294E0043200][00000294DABDB8C0 49] iPhone11Pro, [00000294E0088C00][00000294DABDFA00 49] iPhone11ProMax, [00000294E0042C00][00000294DABE3B40 49] iPhoneSE2, [00000294E008AD00][00000294DABEA140 49] iPhone12Mini, [00000294E0043800][00000294DABEE2C0 49] iPhone12, [00000294E008BD00][00000294DABF2440 49] iPhone12Pro, [00000294E0040E00][00000294DABF65C0 49] iPhone12ProMax, [00000294E0089400][00000294DABFA740 49] iPadPro105, [00000294E0041700][00000294DABFE8C0 49] iPadPro129, [00000294E008AC00][00000294DAC02A40 49] iPadPro97, [00000294E0041C00][00000294DAC06BC0 49] iPadPro2_129, [00000294E0089000][00000294DAC0AD40 49] iPad5, [00000294E0042F00][00000294DAC0EEC0 49] iPad6, [00000294E0089700][00000294DAF47040 49] iPad7, [00000294E0042A00][00000294DAF4B1C0 49] iPad8, [00000294E008A800][00000294DAF4F340 49] iPadPro11, [00000294E0041900][00000294DAF534C0 49] iPadPro2_11, [00000294E008B400][00000294DAF57640 49] iPadPro3_129, [00000294E0042400][00000294DAF5B7C0 49] iPadPro4_129, [00000294E0089200][00000294DABE7900 49] AppleTV, [00000294E0042000][00000294DAF5FA40 49] AppleTV4K, [00000294E0089900][00000294DAF63B80 49] TVOS, [00000294E0040300][00000294DAF66140 49] Mac, [00000294E0088500][00000294DAF6E2C0 49] MacClient, [00000294E0040D00][00000294DAF72440 49] MacNoEditor, [00000294E0089500][00000294DAF765C0 49] MacServer, [00000294E0043700][00000294DAF7A740 49] Linux, [00000294E008B200][00000294DAF7E8C0 49] LinuxAArch64, [00000294E0041B00][00000294DAF82A40 49] LinuxNoEditor, [00000294E0096800][00000294DAF86BC0 49] LinuxAArch64NoEditor, [00000294E0120F00][00000294DAF8AD40 49] LinuxClient, [00000294E0097500][00000294DAF8EEC0 49] LinuxAArch64Client, [00000294E0121F00][00000294DAF93040 49] LinuxServer, [00000294E0095A00][00000294DAF971C0 49] LinuxAArch64Server, [00000294E0120800][00000294DAF9B340 49] Android, [00000294E0094800][00000294DAF9F4C0 49] Android_Low, [00000294E0121600][00000294DAFA3640 49] Android_Mid, [00000294E0097900][00000294DAFA77C0 49] Android_High, [00000294E0121700][00000294DAFAB940 49] Android_Default, [00000294E0095800][00000294DAFAFAC0 49] Android_Adreno4xx, [00000294E0121C00][00000294DAF6BC00 49] Android_Adreno5xx_Low, [00000294E0095400][00000294DAFB21C0 49] Android_Adreno5xx, [00000294E0120200][00000294DAFB6300 49] Android_Adreno6xx, [00000294E0094400][00000294DAFBE480 49] Android_Adreno6xx_Vulkan, [00000294E0122A00][00000294DAFC2600 49] Android_Mali_T6xx, [00000294E0095B00][00000294DAFC6780 49] Android_Mali_T7xx, [00000294E0120900][00000294DAFCA900 49] Android_Mali_T8xx, [00000294E0097600][00000294DAFCEA80 49] Android_Mali_G71, [00000294E0122500][00000294DAFD2C00 49] Android_Mali_G72, [00000294E0096300][00000294DAFD6D80 49] Android_Mali_G72_Vulkan, [00000294E0122900][00000294DAFDAF00 49] Android_Mali_G76, [00000294E0094E00][00000294DAFDF080 49] Android_Mali_G76_Vulkan, [00000294E0121300][00000294DAFE3200 49] Android_Mali_G77, [00000294E0040500][00000294DAFE7380 49] Android_Mali_G77_Vulkan, [00000294E008BE00][00000294DAFEB500 49] Android_Mali_G78, [00000294E0040F00][00000294DAFEF680 49] Android_Mali_G78_Vulkan, [00000294E008A500][00000294DAFF3800 49] Android_Mali_G710, [00000294E0041300][00000294DAFF7980 49] Android_Mali_G710_Vulkan, [00000294E0120700][00000294DAFFBB00 49] Android_Vulkan_SM5, [00000294E0041500][00000294DAFFE100 49] Android_PowerVR_G6xxx, [00000294E0120300][00000294DAFBA240 49] Android_PowerVR_GT7xxx, [00000294E0041E00][00000294DB002380 49] Android_PowerVR_GE8xxx, [00000294E0121900][00000294DB0064C0 49] Android_PowerVR_GM9xxx, [00000294E0040200][00000294DB00E640 49] Android_PowerVR_GM9xxx_Vulkan, [00000294E0120500][00000294DB0127C0 49] Android_TegraK1, [00000294E0043100][00000294DB016940 49] Android_Unknown_Vulkan, [00000294E0121200][00000294DB01AAC0 49] Lumin, [00000294E0041600][00000294DB01EC40 49] Lumin_Desktop, [00000294E0121100][00000294DB022DC0 49] HoloLens, 
[2026.05.12-10.44.03:396][  0]LogMeshReduction: Using QuadricMeshReduction for automatic static mesh reduction
[2026.05.12-10.44.03:396][  0]LogMeshReduction: Using SimplygonMeshReduction for automatic skeletal mesh reduction
[2026.05.12-10.44.03:396][  0]LogMeshReduction: Using ProxyLODMeshReduction for automatic mesh merging
[2026.05.12-10.44.03:396][  0]LogMeshReduction: No distributed automatic mesh merging module available
[2026.05.12-10.44.03:396][  0]LogMeshMerging: No distributed automatic mesh merging module available
[2026.05.12-10.44.03:470][  0]LogNetVersion: testTP 1.0.0, NetCL: 17155196, EngineNetVer: 17, GameNetVer: 0 (Checksum: 3966549976)
[2026.05.12-10.44.03:647][  0]LogTexture: Default maximum texture size for cubemaps generated from long-lat sources has been changed from 512 to unlimited. In order to preserve old behaiour for '/Engine/MapTemplates/Sky/DaylightAmbientCubemap.DaylightAmbientCubemap', its maximum texture size has been explicitly set to 512.
[2026.05.12-10.44.03:684][  0]LogHMD: PokeAHoleMaterial loaded successfully
[2026.05.12-10.44.03:766][  0]LogMoviePlayer: Initializing movie player
[2026.05.12-10.44.03:866][  0]LogNiagaraDebuggerClient: Niagara Debugger Client Initialized | Session: 23ECB6DE4429E3C474F6339F5656428C | Instance: 61A7B5F84B0E16AFAEBE978D74DE8CD1 (IMMERSEDEMOM5-32656).
[2026.05.12-10.44.03:881][  0]LogCollectionManager: Loaded 0 collections in 0.001067 seconds
[2026.05.12-10.44.03:883][  0]LogFileCache: Scanning file cache for directory 'C:/Users/kapil/OneDrive/Documents/Unreal Projects/testTP/Saved/Collections/' took 0.00s
[2026.05.12-10.44.03:883][  0]LogFileCache: Scanning file cache for directory 'C:/Users/kapil/OneDrive/Documents/Unreal Projects/testTP/Content/Developers/kapil/Collections/' took 0.00s
[2026.05.12-10.44.03:883][  0]LogFileCache: Scanning file cache for directory 'C:/Users/kapil/OneDrive/Documents/Unreal Projects/testTP/Content/Collections/' took 0.00s
[2026.05.12-10.44.03:883][  0]LogCollectionManager: Fixed up redirectors for 0 collections in 0.000002 seconds (updated 0 objects)
[2026.05.12-10.44.03:899][  0]LogPython: Using Python 3.7.7
[2026.05.12-10.44.04:259][  0]LogAkAudio: Wwise(R) SDK Version 2019.2.15 Build 7667. Copyright (c) 2006-2019 Audiokinetic Inc.
[2026.05.12-10.44.04:260][  0]LogAkAudio: Wwise plug-in DLL path: C:/Users/kapil/OneDrive/Documents/Unreal Projects/testTP/Plugins/Wwise/ThirdParty/x64_vc150/Profile/bin/
[2026.05.12-10.44.04:260][  0]LogAkAudio: Wwise remote connection application name: testTP
[2026.05.12-10.44.04:260][  0]LogAkAudio: Wwise successfully initialized.
[2026.05.12-10.44.04:264][  0]LogAkAudio: Initialization complete.
[2026.05.12-10.44.04:264][  0]LogInit: Audiokinetic Audio Device initialized.
[2026.05.12-10.44.04:464][  0]SourceControl: Source control is disabled
[2026.05.12-10.44.04:464][  0]SourceControl: Source control is disabled
[2026.05.12-10.44.04:466][  0]SourceControl: Source control is disabled
[2026.05.12-10.44.04:471][  0]LogUProjectInfo: Found projects:
[2026.05.12-10.44.04:556][  0]LogOpenImageDenoise: OIDN starting up
[2026.05.12-10.44.04:562][  0]LogAndroidPermission: UAndroidPermissionCallbackProxy::GetInstance
[2026.05.12-10.44.04:583][  0]LogAudioCaptureCore: Display: No Audio Capture implementations found. Audio input will be silent.
[2026.05.12-10.44.04:583][  0]LogAudioCaptureCore: Display: No Audio Capture implementations found. Audio input will be silent.
[2026.05.12-10.44.04:623][  0]LogOcInput: OculusInput pre-init called
[2026.05.12-10.44.04:629][  0]LogUObjectArray: 22811 objects as part of root set at end of initial load.
[2026.05.12-10.44.04:629][  0]LogUObjectAllocator: 6215680 out of 0 bytes used by permanent object pool.
[2026.05.12-10.44.04:629][  0]LogUObjectArray: CloseDisregardForGC: 0/0 objects in disregard for GC pool
[2026.05.12-10.44.04:666][  0]LogClass: Display: EnumProperty FAkExternalSourceInfo::CodecID is not initialized properly. Module:AkAudio File:Classes/AkGameplayTypes.h
[2026.05.12-10.44.04:666][  0]LogClass: Warning: ObjectProperty FAkExternalSourceInfo::ExternalSourceAsset is not initialized properly. Module:AkAudio File:Classes/AkGameplayTypes.h
[2026.05.12-10.44.04:666][  0]LogClass: Display: IntProperty FAkChannelMask::ChannelMask is not initialized properly. Module:AkAudio File:Classes/AkGameplayTypes.h
[2026.05.12-10.44.04:666][  0]LogClass: Display: 3 Uninitialized script struct members found including 1 object properties
[2026.05.12-10.44.04:666][  0]LogAutomationTest: Warning: ObjectProperty FAkExternalSourceInfo::ExternalSourceAsset is not initialized properly. Module:AkAudio File:Classes/AkGameplayTypes.h
[2026.05.12-10.44.04:668][  0]LogEngine: Initializing Engine...
[2026.05.12-10.44.04:670][  0]LogHMD: Failed to enumerate extensions. Please check that you have a valid OpenXR runtime installed.
[2026.05.12-10.44.04:670][  0]LogHMD: Failed to initialize OpenVR with code 110
[2026.05.12-10.44.04:670][  0]LogMagicLeap: Warning: VR disabled because ZI is not enabled.  To enable, in the editor, Edit -> Project Settings -> Plugins -> Magic Leap Plugin -> Enable Zero Iteration
[2026.05.12-10.44.04:671][  0]LogStats: UGameplayTagsManager::InitializeManager -  0.000 s
[2026.05.12-10.44.04:743][  0]LogInit: Initializing FReadOnlyCVARCache
[2026.05.12-10.44.04:743][  0]LogAudio: Display: Initializing Audio Device Manager...
[2026.05.12-10.44.04:746][  0]LogAudio: Display: Loading Default Audio Settings Objects...
[2026.05.12-10.44.04:747][  0]LogAudio: Display: No default SoundConcurrencyObject specified (or failed to load).
[2026.05.12-10.44.04:747][  0]LogAudio: Display: Audio Device Manager Initialized
[2026.05.12-10.44.04:747][  0]LogAudio: Display: Creating Audio Device:                 Id: 1, Scope: Shared, Realtime: True
[2026.05.12-10.44.04:747][  0]LogAudioMixer: Display: Audio Mixer Platform Settings:
[2026.05.12-10.44.04:747][  0]LogAudioMixer: Display: 	Sample Rate:						  48000
[2026.05.12-10.44.04:747][  0]LogAudioMixer: Display: 	Callback Buffer Frame Size Requested: 1024
[2026.05.12-10.44.04:747][  0]LogAudioMixer: Display: 	Callback Buffer Frame Size To Use:	  1024
[2026.05.12-10.44.04:747][  0]LogAudioMixer: Display: 	Number of buffers to queue:			  2
[2026.05.12-10.44.04:747][  0]LogAudioMixer: Display: 	Max Channels (voices):				  32
[2026.05.12-10.44.04:747][  0]LogAudioMixer: Display: 	Number of Async Source Workers:		  0
[2026.05.12-10.44.04:747][  0]LogAudio: Display: AudioDevice MaxSources: 32
[2026.05.12-10.44.04:747][  0]LogAudio: Display: Audio Spatialization Plugin: None (built-in).
[2026.05.12-10.44.04:747][  0]LogAudio: Display: Audio Reverb Plugin: None (built-in).
[2026.05.12-10.44.04:747][  0]LogAudio: Display: Audio Occlusion Plugin: None (built-in).
[2026.05.12-10.44.04:747][  0]LogAudioMixer: Display: Initializing audio mixer.
[2026.05.12-10.44.04:755][  0]LogAudioMixer: Display: 0: FrontLeft
[2026.05.12-10.44.04:755][  0]LogAudioMixer: Display: 1: FrontRight
[2026.05.12-10.44.04:768][  0]LogAudioMixer: Display: Using Audio Device Speakers (2- Realtek(R) Audio)
[2026.05.12-10.44.04:773][  0]LogAudioMixer: Display: Initializing Sound Submixes...
[2026.05.12-10.44.04:774][  0]LogAudioMixer: Display: Creating Master Submix 'MasterSubmixDefault'
[2026.05.12-10.44.04:774][  0]LogAudioMixer: Display: Creating Master Submix 'MasterReverbSubmixDefault'
[2026.05.12-10.44.04:775][  0]LogAudioMixer: Display: Creating Master Submix 'MasterEQSubmixDefault'
[2026.05.12-10.44.04:775][  0]LogAudioMixer: FMixerPlatformXAudio2::StartAudioStream() called
[2026.05.12-10.44.04:775][  0]LogAudioMixer: Display: Output buffers initialized: Frames=1024, Channels=2, Samples=2048
[2026.05.12-10.44.04:776][  0]LogAudioMixer: Display: Starting AudioMixerPlatformInterface::RunInternal()
[2026.05.12-10.44.04:776][  0]LogAudioMixer: Display: FMixerPlatformXAudio2::SubmitBuffer() called for the first time
[2026.05.12-10.44.04:776][  0]LogInit: FAudioDevice initialized.
[2026.05.12-10.44.04:776][  0]LogNetVersion: Set ProjectVersion to 1.0.0.0. Version Checksum will be recalculated on next use.
[2026.05.12-10.44.04:816][  0]LogDerivedDataCache: Saved boot cache 0.04s 78MB C:/Users/kapil/AppData/Local/UnrealEngine/4.27/DerivedDataCache/Boot.ddc.
[2026.05.12-10.44.04:816][  0]LogInit: Texture streaming: Enabled
[2026.05.12-10.44.04:866][  0]LogAudio: Display: Audio Device (ID: 1) registered with world 'Untitled'.
[2026.05.12-10.44.04:866][  0]LogSlate: Updating window title bar state: overlay mode, drag disabled, window buttons hidden, title bar hidden
[2026.05.12-10.44.04:866][  0]LogInit: Display: Game Engine Initialized.
[2026.05.12-10.44.04:868][  0]LogNiagaraEditor: GEditor isn't valid! Particle reset commands will not work for Niagara components!
[2026.05.12-10.44.04:946][  0]LogInit: Display: Starting Game.
[2026.05.12-10.44.04:946][  0]LogNet: Browse: /Game/ThirdPersonBP/Maps/ThirdPersonExampleMap?Name=Player
[2026.05.12-10.44.04:946][  0]LogLoad: LoadMap: /Game/ThirdPersonBP/Maps/ThirdPersonExampleMap?Name=Player
[2026.05.12-10.44.04:946][  0]LogWorld: BeginTearingDown for /Temp/Untitled_0
[2026.05.12-10.44.04:946][  0]LogWorld: UWorld::CleanupWorld for Untitled, bSessionEnded=true, bCleanupResources=true
[2026.05.12-10.44.04:947][  0]LogSlate: InvalidateAllWidgets triggered.  All widgets were invalidated
[2026.05.12-10.44.04:951][  0]LogAudio: Display: Audio Device unregistered from world 'None'.
[2026.05.12-10.44.04:953][  0]LogUObjectHash: Compacting FUObjectHashTables data took   0.50ms
[2026.05.12-10.44.05:130][  0]LogAudio: Display: Audio Device (ID: 1) registered with world 'ThirdPersonExampleMap'.
[2026.05.12-10.44.05:136][  0]LogAIModule: Creating AISystem for world ThirdPersonExampleMap
[2026.05.12-10.44.05:138][  0]LogLoad: Game class is 'ThirdPersonGameMode_C'
[2026.05.12-10.44.05:141][  0]LogWorld: Bringing World /Game/ThirdPersonBP/Maps/ThirdPersonExampleMap.ThirdPersonExampleMap up for play (max tick rate 0) at 2026.05.12-03.44.05
[2026.05.12-10.44.05:141][  0]LogWorld: Bringing up level for play took: 0.002383
[2026.05.12-10.44.05:142][  0]LogTemp: Display: [ImmerseStress] Ready. Defaults: event=SwordHits bus=7p1p4 shareset=Immerse_Audio_Renderer_(Custom)
[2026.05.12-10.44.05:142][  0]LogTemp: Display: [ImmerseStress] IMMERSE_USER_ID env=kevin_tencenttest1_emb | IMMERSE_USERID=kevin_tencenttest1_emb | IMMERSE_USER=kevin_tencenttest1_emb
[2026.05.12-10.44.05:142][  0]LogTemp: Display: [testTP] Auto-spawned ImmerseStressTestActor into ThirdPersonExampleMap (type=1)
[2026.05.12-10.44.05:142][  0]LogLoad: Took 0.197394 seconds to LoadMap(/Game/ThirdPersonBP/Maps/ThirdPersonExampleMap)
[2026.05.12-10.44.05:168][  0]LogSlate: Took 0.000193 seconds to synchronously load lazily loaded font '../../../Engine/Content/Slate/Fonts/Roboto-Regular.ttf' (155K)
[2026.05.12-10.44.05:192][  0]LogRenderer: Reallocating scene render targets to support 1536x864 Format 10 NumSamples 1 (Frame:1).
[2026.05.12-10.44.05:192][  0]LogInit: Display: Engine is initialized. Leaving FEngineLoop::Init()
[2026.05.12-10.44.05:192][  0]LogLoad: (Engine Initialization) Total time: 4.34 seconds
[2026.05.12-10.44.05:192][  0]LogLoad: (Engine Initialization) Total Blueprint compile time: 0.00 seconds
[2026.05.12-10.44.05:201][  0]LogContentStreaming: Texture pool size now 1000 MB
[2026.05.12-10.44.05:202][  0]LogSlate: InvalidateAllWidgets triggered.  All widgets were invalidated
[2026.05.12-10.44.05:309][  0]LogRenderer: Reallocating scene render targets to support 128x128 Format 10 NumSamples 1 (Frame:1).
[2026.05.12-10.44.05:332][  0]LogRenderer: Reallocating scene render targets to support 1536x864 Format 10 NumSamples 1 (Frame:2).
[2026.05.12-10.44.05:339][  1]LogSlate: Took 0.000188 seconds to synchronously load lazily loaded font '../../../Engine/Content/Slate/Fonts/Roboto-Regular.ttf' (155K)
[2026.05.12-10.44.07:701][180]LogTemp: Display: [ImmerseStress] REMOTE_HOLD_v1: waiting for go.flag (../../../../../../Users/kapil/OneDrive/Documents/Unreal Projects/testTP/Saved/ImmerseStress/go.flag) retry=1
[2026.05.12-10.44.17:221][931]LogTemp: Display: [ImmerseStress] REMOTE_HOLD_v1: waiting for go.flag (../../../../../../Users/kapil/OneDrive/Documents/Unreal Projects/testTP/Saved/ImmerseStress/go.flag) retry=20
[2026.05.12-10.44.27:245][880]LogTemp: Display: [ImmerseStress] REMOTE_HOLD_v1: waiting for go.flag (../../../../../../Users/kapil/OneDrive/Documents/Unreal Projects/testTP/Saved/ImmerseStress/go.flag) retry=40
[2026.05.12-10.44.37:266][945]LogTemp: Display: [ImmerseStress] REMOTE_HOLD_v1: waiting for go.flag (../../../../../../Users/kapil/OneDrive/Documents/Unreal Projects/testTP/Saved/ImmerseStress/go.flag) retry=60
[2026.05.12-10.44.47:288][990]LogTemp: Display: [ImmerseStress] REMOTE_HOLD_v1: waiting for go.flag (../../../../../../Users/kapil/OneDrive/Documents/Unreal Projects/testTP/Saved/ImmerseStress/go.flag) retry=80
[2026.05.12-10.44.57:305][ 36]LogTemp: Display: [ImmerseStress] REMOTE_HOLD_v1: waiting for go.flag (../../../../../../Users/kapil/OneDrive/Documents/Unreal Projects/testTP/Saved/ImmerseStress/go.flag) retry=100
[2026.05.12-10.45.07:323][ 57]LogTemp: Display: [ImmerseStress] REMOTE_HOLD_v1: waiting for go.flag (../../../../../../Users/kapil/OneDrive/Documents/Unreal Projects/testTP/Saved/ImmerseStress/go.flag) retry=120
[2026.05.12-10.45.17:339][ 89]LogTemp: Display: [ImmerseStress] REMOTE_HOLD_v1: waiting for go.flag (../../../../../../Users/kapil/OneDrive/Documents/Unreal Projects/testTP/Saved/ImmerseStress/go.flag) retry=140
[2026.05.12-10.45.27:361][134]LogTemp: Display: [ImmerseStress] REMOTE_HOLD_v1: waiting for go.flag (../../../../../../Users/kapil/OneDrive/Documents/Unreal Projects/testTP/Saved/ImmerseStress/go.flag) retry=160
[2026.05.12-10.45.37:381][188]LogTemp: Display: [ImmerseStress] REMOTE_HOLD_v1: waiting for go.flag (../../../../../../Users/kapil/OneDrive/Documents/Unreal Projects/testTP/Saved/ImmerseStress/go.flag) retry=180
[2026.05.12-10.45.47:399][184]LogTemp: Display: [ImmerseStress] REMOTE_HOLD_v1: waiting for go.flag (../../../../../../Users/kapil/OneDrive/Documents/Unreal Projects/testTP/Saved/ImmerseStress/go.flag) retry=200
[2026.05.12-10.45.47:901][436]LogTemp: Display: [ImmerseStress] REMOTE_HOLD_v1: go.flag detected after 200 retries
[2026.05.12-10.45.47:901][436]LogTemp: Display: [ImmerseStress] PLAN START  steps=2 (concurrency=1 Ã— immerse{off,on}) rate=300.0Hz life=500ms warmup=2.0s phase=5.0s cooldown=2.0s CSV=../../../../../../Users/kapil/OneDrive/Documents/Unreal Projects/testTP/Saved/ImmerseStress/run_20260512_034547.csv
[2026.05.12-10.45.47:901][436]LogTemp: Display: [ImmerseStress] BypassImmerse(bus=7p1p4) -> OK
[2026.05.12-10.45.47:901][436]LogTemp: Display: [ImmerseStress] >>> WARMUP step=0/2 immerse=off conc=32 (align Wwise profiler capture here)
[2026.05.12-10.45.47:901][436]LogTemp: Display: [ImmerseStress] Churn START  event=SwordHits rate=300.0Hz life=500ms cap=32 immerse=BYPASSED
[2026.05.12-10.45.47:958][461]LogStats: Display: There is no thread with id: 23656. Please add thread metadata for this thread.
[2026.05.12-10.45.49:901][319]LogTemp: Display: [ImmerseStress] >>> RUNNING step=0/2 immerse=off conc=32 (align Wwise profiler capture here)
[2026.05.12-10.45.49:901][319]LogTemp: Display: [ImmerseStress] CAPTURE_WAV_v2 START ../../../../../../Users/kapil/OneDrive/Documents/Unreal Projects/testTP/Saved/ImmerseStress/phase_0_off.wav
[2026.05.12-10.45.49:905][321]LogAkAudio: Error: Cannot open file ../../../../../../Users/kapil/OneDrive/Documents/Unreal Projects/testTP/Saved/Wwise/../../../../../../Users/kapil/OneDrive/Documents/Unreal Projects/testTP/Saved/ImmerseStress/phase_0_off.wav for write.
[2026.05.12-10.45.49:905][321]LogAkAudio: Error: Cannot open file: ../../../../../../Users/kapil/OneDrive/Documents/Unreal Projects/testTP/Saved/ImmerseStress/phase_0_off.wav
[2026.05.12-10.45.54:902][546]LogTemp: Display: [ImmerseStress] PHASE 0 done immerse=off conc=32 posted=320 stopped=320 dropped=1181 frames=2227 avg=2.25ms p50=2.18 p95=2.74 max=5.00
[2026.05.12-10.45.54:903][546]LogTemp: Display: [ImmerseStress] CAPTURE_WAV_v2 STOP
[2026.05.12-10.45.54:903][546]LogTemp: Display: [ImmerseStress] >>> COOLDOWN step=0/2 immerse=off conc=32 (align Wwise profiler capture here)
[2026.05.12-10.45.54:903][546]LogTemp: Display: [ImmerseStress] Churn STOP   posted=448 stopped=448 dropped=1652
[2026.05.12-10.45.56:904][439]LogTemp: Display: [ImmerseStress] EnableImmerse(bus=7p1p4, shareset=Immerse_Audio_Renderer_(Custom)) -> OK
[2026.05.12-10.45.56:904][439]LogTemp: Display: [ImmerseStress] >>> WARMUP step=1/2 immerse=ON conc=32 (align Wwise profiler capture here)
[2026.05.12-10.45.56:904][439]LogTemp: Display: [ImmerseStress] Churn START  event=SwordHits rate=300.0Hz life=500ms cap=32 immerse=enabled
[2026.05.12-10.45.58:905][333]LogTemp: Display: [ImmerseStress] >>> RUNNING step=1/2 immerse=ON conc=32 (align Wwise profiler capture here)
[2026.05.12-10.45.58:905][333]LogTemp: Display: [ImmerseStress] CAPTURE_WAV_v2 START ../../../../../../Users/kapil/OneDrive/Documents/Unreal Projects/testTP/Saved/ImmerseStress/phase_1_on.wav
[2026.05.12-10.45.58:907][335]LogAkAudio: Error: Cannot open file ../../../../../../Users/kapil/OneDrive/Documents/Unreal Projects/testTP/Saved/Wwise/../../../../../../Users/kapil/OneDrive/Documents/Unreal Projects/testTP/Saved/ImmerseStress/phase_1_on.wav for write.
[2026.05.12-10.45.58:907][335]LogAkAudio: Error: Cannot open file: ../../../../../../Users/kapil/OneDrive/Documents/Unreal Projects/testTP/Saved/ImmerseStress/phase_1_on.wav
[2026.05.12-10.45.58:915][338]LogStats: Display: There is no thread with id: 32420. Please add thread metadata for this thread.
[2026.05.12-10.46.03:905][581]LogTemp: Display: [ImmerseStress] PHASE 1 done immerse=ON conc=32 posted=320 stopped=320 dropped=1180 frames=2248 avg=2.22ms p50=2.17 p95=2.70 max=5.67
[2026.05.12-10.46.03:905][581]LogTemp: Display: [ImmerseStress] CAPTURE_WAV_v2 STOP
[2026.05.12-10.46.03:905][581]LogTemp: Display: [ImmerseStress] >>> COOLDOWN step=1/2 immerse=ON conc=32 (align Wwise profiler capture here)
[2026.05.12-10.46.03:905][581]LogTemp: Display: [ImmerseStress] Churn STOP   posted=896 stopped=896 dropped=3304
[2026.05.12-10.46.05:905][471]LogTemp: Display: [ImmerseStress] >>> Toggle storm: 10 iterations
[2026.05.12-10.46.05:905][471]LogTemp: Display: [ImmerseStress] BypassImmerse(bus=7p1p4) -> OK
[2026.05.12-10.46.05:905][471]LogTemp: Display: [ImmerseStress] EnableImmerse(bus=7p1p4, shareset=Immerse_Audio_Renderer_(Custom)) -> OK
[2026.05.12-10.46.05:905][471]LogTemp: Display: [ImmerseStress] BypassImmerse(bus=7p1p4) -> OK
[2026.05.12-10.46.05:905][471]LogTemp: Display: [ImmerseStress] EnableImmerse(bus=7p1p4, shareset=Immerse_Audio_Renderer_(Custom)) -> OK
[2026.05.12-10.46.05:905][471]LogTemp: Display: [ImmerseStress] BypassImmerse(bus=7p1p4) -> OK
[2026.05.12-10.46.05:905][471]LogTemp: Display: [ImmerseStress] EnableImmerse(bus=7p1p4, shareset=Immerse_Audio_Renderer_(Custom)) -> OK
[2026.05.12-10.46.05:905][471]LogTemp: Display: [ImmerseStress] BypassImmerse(bus=7p1p4) -> OK
[2026.05.12-10.46.05:905][471]LogTemp: Display: [ImmerseStress] EnableImmerse(bus=7p1p4, shareset=Immerse_Audio_Renderer_(Custom)) -> OK
[2026.05.12-10.46.05:905][471]LogTemp: Display: [ImmerseStress] BypassImmerse(bus=7p1p4) -> OK
[2026.05.12-10.46.05:905][471]LogTemp: Display: [ImmerseStress] EnableImmerse(bus=7p1p4, shareset=Immerse_Audio_Renderer_(Custom)) -> OK
[2026.05.12-10.46.05:905][471]LogTemp: Display: [ImmerseStress] Toggle storm DONE: 10/10 state-flips in 0.000s (avg 0.0105ms/op, worst 0.011ms, throughput 95329 ops/s)
[2026.05.12-10.46.05:905][471]LogTemp: Display: [ImmerseStress] PLAN COMPLETE â€” 2 phases recorded. CSV: ../../../../../../Users/kapil/OneDrive/Documents/Unreal Projects/testTP/Saved/ImmerseStress/run_20260512_034547.csv
[2026.05.12-10.46.05:905][471]LogTemp: Display: [ImmerseStress] Requesting engine exit in 1.50s (reason=ImmerseStressComplete)
[2026.05.12-10.46.07:407][134]LogWindows: FPlatformMisc::RequestExit(0)
[2026.05.12-10.46.07:407][134]LogWindows: FPlatformMisc::RequestExitWithStatus(0, 0)
[2026.05.12-10.46.07:407][134]LogCore: Engine exit requested (reason: Win RequestExit)
[2026.05.12-10.46.07:408][135]LogCore: Engine exit requested (reason: EngineExit() was called; note: exit was already requested)
[2026.05.12-10.46.07:409][135]LogInit: Display: PreExit Game.
[2026.05.12-10.46.07:417][135]LogWorld: BeginTearingDown for /Game/ThirdPersonBP/Maps/ThirdPersonExampleMap
[2026.05.12-10.46.07:418][135]LogWorld: UWorld::CleanupWorld for ThirdPersonExampleMap, bSessionEnded=true, bCleanupResources=true
[2026.05.12-10.46.07:419][135]LogSlate: InvalidateAllWidgets triggered.  All widgets were invalidated
[2026.05.12-10.46.07:739][135]LogAudio: Display: Beginning Audio Device Manager Shutdown (Module: AudioMixerXAudio2)...
[2026.05.12-10.46.07:739][135]LogAudio: Display: Destroying 1 Remaining Audio Device(s)...
[2026.05.12-10.46.07:739][135]LogAudio: Display: Audio Device unregistered from world 'ThirdPersonExampleMap'.
[2026.05.12-10.46.07:772][135]LogAudioMixer: FMixerPlatformXAudio2::StopAudioStream() called
[2026.05.12-10.46.07:773][135]LogAudioMixer: FMixerPlatformXAudio2::StopAudioStream() called
[2026.05.12-10.46.07:775][135]LogAudio: Display: Audio Device Manager Shutdown
[2026.05.12-10.46.07:780][135]LogSlate: Window 'testTP (64-bit Development PCD3D_SM5) ' being destroyed
[2026.05.12-10.46.07:783][135]LogExit: Preparing to exit.
[2026.05.12-10.46.07:789][135]LogUObjectHash: Compacting FUObjectHashTables data took   0.69ms
[2026.05.12-10.46.07:817][135]LogMoviePlayer: Shutting down movie player
[2026.05.12-10.46.07:826][135]LogSlate: Updating window title bar state: overlay mode, drag disabled, window buttons hidden, title bar hidden
[2026.05.12-10.46.07:836][135]LogDemo: Cleaned up 0 splitscreen connections with owner deletion
[2026.05.12-10.46.07:838][135]LogExit: Game engine shut down
[2026.05.12-10.46.07:876][135]LogExit: Object subsystem successfully closed.
[2026.05.12-10.46.07:889][135]LogShaderCompilers: Display: === FShaderJobCache stats ===
[2026.05.12-10.46.07:889][135]LogShaderCompilers: Display: Total job queries 0, among them cache hits 0 (0.00%)
[2026.05.12-10.46.07:889][135]LogShaderCompilers: Display: Tracking 0 distinct input hashes that result in 0 distinct outputs (0.00%)
[2026.05.12-10.46.07:889][135]LogShaderCompilers: Display: RAM used: 0.00 MB (0.00 GB) of 819.20 MB (0.80 GB) budget. Usage: 0.00%
[2026.05.12-10.46.07:889][135]LogShaderCompilers: Display: ================================================
[2026.05.12-10.46.07:902][135]LogShaderCompilers: Display: Shaders left to compile 0
[2026.05.12-10.46.07:916][135]LogModuleManager: Shutting down and abandoning module SequenceRecorderSections (562)
[2026.05.12-10.46.07:916][135]LogModuleManager: Shutting down and abandoning module SequenceRecorder (560)
[2026.05.12-10.46.07:917][135]LogModuleManager: Shutting down and abandoning module AutomationController (558)
[2026.05.12-10.46.07:917][135]LogModuleManager: Shutting down and abandoning module AutomationWorker (556)
[2026.05.12-10.46.07:917][135]LogModuleManager: Shutting down and abandoning module Voice (554)
[2026.05.12-10.46.07:917][135]LogModuleManager: Shutting down and abandoning module AIModule (552)
[2026.05.12-10.46.07:917][135]LogModuleManager: Shutting down and abandoning module GameplayDebugger (551)
[2026.05.12-10.46.07:917][135]LogModuleManager: Shutting down and abandoning module AITestSuite (549)
[2026.05.12-10.46.07:917][135]LogModuleManager: Shutting down and abandoning module NavigationSystem (547)
[2026.05.12-10.46.07:917][135]LogModuleManager: Shutting down and abandoning module AnimGraph (544)
[2026.05.12-10.46.07:917][135]LogModuleManager: Shutting down and abandoning module SteamVREditor (542)
[2026.05.12-10.46.07:917][135]LogModuleManager: Shutting down and abandoning module ToolMenus (541)
[2026.05.12-10.46.07:917][135]LogModuleManager: Shutting down and abandoning module OculusMR (538)
[2026.05.12-10.46.07:917][135]LogModuleManager: Shutting down and abandoning module OpenXRInput (536)
[2026.05.12-10.46.07:917][135]LogModuleManager: Shutting down and abandoning module TakeRecorderSources (534)
[2026.05.12-10.46.07:917][135]LogModuleManager: Shutting down and abandoning module TakeRecorder (533)
[2026.05.12-10.46.07:917][135]LogModuleManager: Shutting down and abandoning module TakeTrackRecorders (530)
[2026.05.12-10.46.07:917][135]LogModuleManager: Shutting down and abandoning module TakesCore (528)
[2026.05.12-10.46.07:917][135]LogModuleManager: Shutting down and abandoning module PlanarCut (526)
[2026.05.12-10.46.07:917][135]LogModuleManager: Shutting down and abandoning module WmfMediaFactory (524)
[2026.05.12-10.46.07:917][135]LogModuleManager: Shutting down and abandoning module WebMMediaFactory (522)
[2026.05.12-10.46.07:917][135]LogModuleManager: Shutting down and abandoning module WebMMedia (520)
[2026.05.12-10.46.07:917][135]LogModuleManager: Shutting down and abandoning module CharacterAI (518)
[2026.05.12-10.46.07:917][135]LogModuleManager: Shutting down and abandoning module OpenExrWrapper (516)
[2026.05.12-10.46.07:917][135]LogModuleManager: Shutting down and abandoning module ImgMediaFactory (514)
[2026.05.12-10.46.07:917][135]LogModuleManager: Shutting down and abandoning module AvfMediaFactory (512)
[2026.05.12-10.46.07:917][135]LogModuleManager: Shutting down and abandoning module MagicLeapMediaCodecFactory (510)
[2026.05.12-10.46.07:917][135]LogModuleManager: Shutting down and abandoning module MagicLeapMediaFactory (508)
[2026.05.12-10.46.07:917][135]LogModuleManager: Shutting down and abandoning module SessionServices (506)
[2026.05.12-10.46.07:917][135]LogModuleManager: Shutting down and abandoning module MovieSceneCapture (504)
[2026.05.12-10.46.07:917][135]LogModuleManager: Shutting down and abandoning module LiveCoding (502)
[2026.05.12-10.46.07:917][135]LogModuleManager: Shutting down and abandoning module LevelSequence (500)
[2026.05.12-10.46.07:917][135]LogModuleManager: Shutting down and abandoning module MovieSceneTracks (498)
[2026.05.12-10.46.07:917][135]LogModuleManager: Shutting down and abandoning module MovieScene (496)
[2026.05.12-10.46.07:917][135]LogModuleManager: Shutting down and abandoning module StreamingPauseRendering (494)
[2026.05.12-10.46.07:917][135]LogModuleManager: Shutting down and abandoning module PortalServices (492)
[2026.05.12-10.46.07:917][135]LogModuleManager: Shutting down and abandoning module PortalRpc (490)
[2026.05.12-10.46.07:917][135]LogModuleManager: Shutting down and abandoning module MessagingRpc (488)
[2026.05.12-10.46.07:917][135]LogModuleManager: Shutting down and abandoning module AudioMixerXAudio2 (486)
[2026.05.12-10.46.07:917][135]LogModuleManager: Shutting down and abandoning module AudioMixerCore (485)
[2026.05.12-10.46.07:917][135]LogModuleManager: Shutting down and abandoning module ImageWriteQueue (482)
[2026.05.12-10.46.07:922][135]LogModuleManager: Shutting down and abandoning module ProfilerService (480)
[2026.05.12-10.46.07:977][135]LogModuleManager: Shutting down and abandoning module TaskGraph (478)
[2026.05.12-10.46.07:977][135]LogModuleManager: Shutting down and abandoning module OculusInput (476)
[2026.05.12-10.46.07:977][135]LogModuleManager: Shutting down and abandoning module MobilePatchingUtils (474)
[2026.05.12-10.46.07:977][135]LogModuleManager: Shutting down and abandoning module Synthesis (472)
[2026.05.12-10.46.07:977][135]LogModuleManager: Shutting down and abandoning module ProceduralMeshComponent (470)
[2026.05.12-10.46.07:977][135]LogModuleManager: Shutting down and abandoning module EditableMesh (468)
[2026.05.12-10.46.07:977][135]LogModuleManager: Shutting down and abandoning module GooglePAD (466)
[2026.05.12-10.46.07:977][135]LogModuleManager: Shutting down and abandoning module AudioCapture (464)
[2026.05.12-10.46.07:977][135]LogModuleManager: Shutting down and abandoning module AudioCaptureRtAudio (463)
[2026.05.12-10.46.07:977][135]LogModuleManager: Shutting down and abandoning module CustomMeshComponent (460)
[2026.05.12-10.46.07:977][135]LogModuleManager: Shutting down and abandoning module CableComponent (458)
[2026.05.12-10.46.07:977][135]LogModuleManager: Shutting down and abandoning module ArchVisCharacter (456)
[2026.05.12-10.46.07:977][135]LogModuleManager: Shutting down and abandoning module AssetTags (454)
[2026.05.12-10.46.07:977][135]LogModuleManager: Shutting down and abandoning module AppleImageUtilsBlueprintSupport (452)
[2026.05.12-10.46.07:977][135]LogModuleManager: Shutting down and abandoning module AppleImageUtils (450)
[2026.05.12-10.46.07:977][135]LogModuleManager: Shutting down and abandoning module AndroidPermission (448)
[2026.05.12-10.46.07:977][135]LogModuleManager: Shutting down and abandoning module ActorLayerUtilities (446)
[2026.05.12-10.46.07:977][135]LogModuleManager: Shutting down and abandoning module TakeMovieScene (444)
[2026.05.12-10.46.07:977][135]LogModuleManager: Shutting down and abandoning module TemplateSequence (442)
[2026.05.12-10.46.07:977][135]LogModuleManager: Shutting down and abandoning module OpenImageDenoise (440)
[2026.05.12-10.46.07:977][135]LogOpenImageDenoise: OIDN shutting down
[2026.05.12-10.46.07:977][135]LogModuleManager: Shutting down and abandoning module MotoSynth (438)
[2026.05.12-10.46.07:977][135]LogModuleManager: Shutting down and abandoning module GeometryCollectionTracks (436)
[2026.05.12-10.46.07:977][135]LogModuleManager: Shutting down and abandoning module GeometryCollectionSequencer (435)
[2026.05.12-10.46.07:978][135]LogModuleManager: Shutting down and abandoning module MeshConversion (432)
[2026.05.12-10.46.07:978][135]LogModuleManager: Shutting down and abandoning module DynamicMesh (430)
[2026.05.12-10.46.07:978][135]LogModuleManager: Shutting down and abandoning module GeometryAlgorithms (428)
[2026.05.12-10.46.07:978][135]LogModuleManager: Shutting down and abandoning module GeometricObjects (426)
[2026.05.12-10.46.07:978][135]LogModuleManager: Shutting down and abandoning module GeometryCacheTracks (424)
[2026.05.12-10.46.07:978][135]LogModuleManager: Shutting down and abandoning module GeometryCacheSequencer (423)
[2026.05.12-10.46.07:978][135]LogModuleManager: Shutting down and abandoning module GeometryCache (420)
[2026.05.12-10.46.07:978][135]LogModuleManager: Shutting down and abandoning module GeometryCacheEd (419)
[2026.05.12-10.46.07:978][135]LogModuleManager: Shutting down and abandoning module MediaCompositing (416)
[2026.05.12-10.46.07:978][135]LogModuleManager: Shutting down and abandoning module ImgMedia (414)
[2026.05.12-10.46.07:978][135]LogModuleManager: Shutting down and abandoning module ChaosNiagara (412)
[2026.05.12-10.46.07:978][135]LogModuleManager: Shutting down and abandoning module FieldSystemEngine (411)
[2026.05.12-10.46.07:978][135]LogModuleManager: Shutting down and abandoning module AutomationUtils (408)
[2026.05.12-10.46.07:978][135]LogModuleManager: Shutting down and abandoning module BackChannel (406)
[2026.05.12-10.46.07:978][135]LogModuleManager: Shutting down and abandoning module MagicLeapSharedWorld (404)
[2026.05.12-10.46.07:978][135]LogModuleManager: Shutting down and abandoning module MagicLeapLightEstimation (402)
[2026.05.12-10.46.07:978][135]LogModuleManager: Shutting down and abandoning module MagicLeapHelperVulkan (400)
[2026.05.12-10.46.07:978][135]LogModuleManager: Shutting down and abandoning module MagicLeapHelperOpenGL (398)
[2026.05.12-10.46.07:978][135]LogModuleManager: Shutting down and abandoning module MagicLeapAudio (396)
[2026.05.12-10.46.07:978][135]LogModuleManager: Shutting down and abandoning module OodleNetworkHandlerComponent (394)
[2026.05.12-10.46.07:978][135]LogModuleManager: Shutting down and abandoning module VisualStudioCodeSourceCodeAccess (392)
[2026.05.12-10.46.07:978][135]LogModuleManager: Shutting down and abandoning module UObjectPlugin (390)
[2026.05.12-10.46.07:978][135]LogModuleManager: Shutting down and abandoning module VisualStudioSourceCodeAccess (388)
[2026.05.12-10.46.07:978][135]LogModuleManager: Shutting down and abandoning module HotReload (387)
[2026.05.12-10.46.07:979][135]LogModuleManager: Shutting down and abandoning module SubversionSourceControl (384)
[2026.05.12-10.46.07:979][135]LogModuleManager: Shutting down and abandoning module PerforceSourceControl (382)
[2026.05.12-10.46.07:979][135]LogModuleManager: Shutting down and abandoning module SourceControl (381)
[2026.05.12-10.46.07:979][135]LogModuleManager: Shutting down and abandoning module CLionSourceCodeAccess (378)
[2026.05.12-10.46.07:979][135]LogModuleManager: Shutting down and abandoning module LiveLinkSequencer (376)
[2026.05.12-10.46.07:979][135]LogModuleManager: Shutting down and abandoning module LiveLinkMovieScene (374)
[2026.05.12-10.46.07:979][135]LogModuleManager: Shutting down and abandoning module LiveLinkGraphNode (372)
[2026.05.12-10.46.07:979][135]LogModuleManager: Shutting down and abandoning module LiveLinkComponents (370)
[2026.05.12-10.46.07:979][135]LogModuleManager: Shutting down and abandoning module LiveLink (368)
[2026.05.12-10.46.08:492][135]LogModuleManager: Shutting down and abandoning module testTP (366)
[2026.05.12-10.46.08:492][135]LogModuleManager: Shutting down and abandoning module AkAudio (364)
[2026.05.12-10.46.08:510][135]LogInit: Audiokinetic Audio Device terminated.
[2026.05.12-10.46.08:510][135]LogModuleManager: Shutting down and abandoning module GameplayCameras (362)
[2026.05.12-10.46.08:510][135]LogModuleManager: Shutting down and abandoning module SignificanceManager (360)
[2026.05.12-10.46.08:510][135]LogModuleManager: Shutting down and abandoning module SoundFields (358)
[2026.05.12-10.46.08:510][135]LogModuleManager: Shutting down and abandoning module RuntimePhysXCooking (356)
[2026.05.12-10.46.08:510][135]LogModuleManager: Shutting down and abandoning module PhysXVehiclesEditor (354)
[2026.05.12-10.46.08:510][135]LogModuleManager: Shutting down and abandoning module PropertyAccessEditor (350)
[2026.05.12-10.46.08:510][135]LogModuleManager: Shutting down and abandoning module LocationServicesBPLibrary (348)
[2026.05.12-10.46.08:510][135]LogModuleManager: Shutting down and abandoning module AudioSynesthesia (346)
[2026.05.12-10.46.08:510][135]LogModuleManager: Shutting down and abandoning module AudioSynesthesiaCore (344)
[2026.05.12-10.46.08:510][135]LogModuleManager: Shutting down and abandoning module UdpMessaging (342)
[2026.05.12-10.46.08:510][135]LogModuleManager: Shutting down and abandoning module TcpMessaging (340)
[2026.05.12-10.46.08:510][135]LogModuleManager: Shutting down and abandoning module ActorSequence (338)
[2026.05.12-10.46.08:510][135]LogModuleManager: Shutting down and abandoning module PythonScriptPlugin (336)
[2026.05.12-10.46.08:510][135]LogModuleManager: Shutting down and abandoning module ImgMediaEngine (334)
[2026.05.12-10.46.08:510][135]LogModuleManager: Shutting down and abandoning module MagicLeapARPin (332)
[2026.05.12-10.46.08:510][135]LogModuleManager: Shutting down and abandoning module NiagaraAnimNotifies (330)
[2026.05.12-10.46.08:510][135]LogModuleManager: Shutting down and abandoning module Niagara (328)
[2026.05.12-10.46.08:510][135]LogModuleManager: Shutting down and abandoning module SignalProcessing (327)
[2026.05.12-10.46.08:510][135]LogModuleManager: Shutting down and abandoning module NiagaraEditor (325)
[2026.05.12-10.46.08:510][135]LogModuleManager: Shutting down and abandoning module ContentBrowser (324)
[2026.05.12-10.46.08:510][135]LogModuleManager: Shutting down and abandoning module CollectionManager (323)
[2026.05.12-10.46.08:510][135]LogModuleManager: Shutting down and abandoning module DirectoryWatcher (322)
[2026.05.12-10.46.08:511][135]LogModuleManager: Shutting down and abandoning module ContentBrowserData (319)
[2026.05.12-10.46.08:511][135]LogModuleManager: Shutting down and abandoning module NiagaraCore (314)
[2026.05.12-10.46.08:511][135]LogModuleManager: Shutting down and abandoning module MagicLeapHandMeshing (312)
[2026.05.12-10.46.08:511][135]LogModuleManager: Shutting down and abandoning module MagicLeapSecureStorage (310)
[2026.05.12-10.46.08:511][135]LogModuleManager: Shutting down and abandoning module MagicLeapPrivileges (308)
[2026.05.12-10.46.08:511][135]LogModuleManager: Shutting down and abandoning module MagicLeapPlanes (306)
[2026.05.12-10.46.08:511][135]LogMagicLeapPlanes: Planes tracker already destroyed.
[2026.05.12-10.46.08:511][135]LogModuleManager: Shutting down and abandoning module MagicLeapImageTracker (304)
[2026.05.12-10.46.08:511][135]LogModuleManager: Shutting down and abandoning module MagicLeapIdentity (302)
[2026.05.12-10.46.08:511][135]LogModuleManager: Shutting down and abandoning module MagicLeapHandTracking (300)
[2026.05.12-10.46.08:511][135]LogModuleManager: Shutting down and abandoning module MagicLeapEyeTracker (298)
[2026.05.12-10.46.08:511][135]LogModuleManager: Shutting down and abandoning module MagicLeapController (296)
[2026.05.12-10.46.08:511][135]LogModuleManager: Shutting down and abandoning module MagicLeapARPinImpl (294)
[2026.05.12-10.46.08:511][135]LogModuleManager: Shutting down and abandoning module MagicLeapAR (292)
[2026.05.12-10.46.08:511][135]LogModuleManager: Shutting down and abandoning module GameplayTagsEditor (290)
[2026.05.12-10.46.08:511][135]LogModuleManager: Shutting down and abandoning module FacialAnimation (288)
[2026.05.12-10.46.08:511][135]LogModuleManager: Shutting down and abandoning module AssetManagerEditor (286)
[2026.05.12-10.46.08:511][135]LogModuleManager: Shutting down and abandoning module TreeMap (285)
[2026.05.12-10.46.08:511][135]LogModuleManager: Shutting down and abandoning module PropertyAccessNode (282)
[2026.05.12-10.46.08:511][135]LogModuleManager: Shutting down and abandoning module LightPropagationVolumeRuntime (280)
[2026.05.12-10.46.08:511][135]LogModuleManager: Shutting down and abandoning module AnimationSharing (278)
[2026.05.12-10.46.08:511][135]LogModuleManager: Shutting down and abandoning module EnvironmentQueryEditor (276)
[2026.05.12-10.46.08:511][135]LogModuleManager: Shutting down and abandoning module Paper2D (274)
[2026.05.12-10.46.08:511][135]LogModuleManager: Shutting down and abandoning module WebMMoviePlayer (272)
[2026.05.12-10.46.08:511][135]LogModuleManager: Shutting down and abandoning module WindowsMoviePlayer (270)
[2026.05.12-10.46.08:511][135]LogModuleManager: Shutting down and abandoning module NetworkReplayStreaming (268)
[2026.05.12-10.46.08:511][135]LogModuleManager: Shutting down and abandoning module PacketHandler (266)
[2026.05.12-10.46.08:511][135]LogModuleManager: Shutting down and abandoning module ClothingSystemEditor (264)
[2026.05.12-10.46.08:511][135]LogModuleManager: Shutting down and abandoning module ClothingSystemRuntimeNv (262)
[2026.05.12-10.46.08:511][135]LogModuleManager: Shutting down and abandoning module MediaAssets (260)
[2026.05.12-10.46.08:511][135]LogModuleManager: Shutting down and abandoning module Overlay (258)
[2026.05.12-10.46.08:511][135]LogModuleManager: Shutting down and abandoning module OverlayEditor (257)
[2026.05.12-10.46.08:511][135]LogModuleManager: Shutting down and abandoning module VREditor (254)
[2026.05.12-10.46.08:511][135]LogModuleManager: Shutting down and abandoning module StringTableEditor (252)
[2026.05.12-10.46.08:511][135]LogModuleManager: Shutting down and abandoning module GameplayTasksEditor (250)
[2026.05.12-10.46.08:511][135]LogModuleManager: Shutting down and abandoning module BehaviorTreeEditor (248)
[2026.05.12-10.46.08:511][135]LogModuleManager: Shutting down and abandoning module FunctionalTesting (246)
[2026.05.12-10.46.08:511][135]LogModuleManager: Shutting down and abandoning module CollisionAnalyzer (244)
[2026.05.12-10.46.08:511][135]LogModuleManager: Shutting down and abandoning module WorkspaceMenuStructure (243)
[2026.05.12-10.46.08:511][135]LogModuleManager: Shutting down and abandoning module UMG (240)
[2026.05.12-10.46.08:511][135]LogModuleManager: Shutting down and abandoning module UMGEditor (239)
[2026.05.12-10.46.08:511][135]LogModuleManager: Shutting down and abandoning module Sequencer (238)
[2026.05.12-10.46.08:511][135]LogModuleManager: Shutting down and abandoning module MessageLog (235)
[2026.05.12-10.46.08:511][135]LogModuleManager: Shutting down and abandoning module SlateReflector (230)
[2026.05.12-10.46.08:511][135]LogModuleManager: Shutting down and abandoning module Slate (228)
[2026.05.12-10.46.08:511][135]LogModuleManager: Shutting down and abandoning module SlateCore (226)
[2026.05.12-10.46.08:512][135]LogModuleManager: Shutting down and abandoning module LandscapeEditorUtilities (224)
[2026.05.12-10.46.08:512][135]LogModuleManager: Shutting down and abandoning module UnrealEd (222)
[2026.05.12-10.46.08:512][135]LogModuleManager: Shutting down and abandoning module MRMesh (220)
[2026.05.12-10.46.08:512][135]LogModuleManager: Shutting down and abandoning module Messaging (218)
[2026.05.12-10.46.08:512][135]LogModuleManager: Shutting down and abandoning module SourceCodeAccess (216)
[2026.05.12-10.46.08:512][135]LogModuleManager: Shutting down and abandoning module HeadMountedDisplay (214)
[2026.05.12-10.46.08:512][135]LogModuleManager: Shutting down and abandoning module XAudio2 (212)
[2026.05.12-10.46.08:512][135]LogModuleManager: Shutting down and abandoning module Networking (210)
[2026.05.12-10.46.08:512][135]LogModuleManager: Shutting down and abandoning module Core (208)
[2026.05.12-10.46.08:512][135]LogModuleManager: Shutting down and abandoning module MaterialEditor (206)
[2026.05.12-10.46.08:512][135]LogModuleManager: Shutting down and abandoning module MovieSceneTools (204)
[2026.05.12-10.46.08:512][135]LogModuleManager: Shutting down and abandoning module EditorStyle (203)
[2026.05.12-10.46.08:513][135]LogModuleManager: Shutting down and abandoning module KismetCompiler (200)
[2026.05.12-10.46.08:513][135]LogModuleManager: Shutting down and abandoning module MeshBuilder (198)
[2026.05.12-10.46.08:513][135]LogModuleManager: Shutting down and abandoning module MeshUtilities (196)
[2026.05.12-10.46.08:513][135]LogModuleManager: Shutting down and abandoning module MeshMergeUtilities (195)
[2026.05.12-10.46.08:513][135]LogModuleManager: Shutting down and abandoning module MeshReductionInterface (194)
[2026.05.12-10.46.08:513][135]LogModuleManager: Shutting down and abandoning module MeshBoneReduction (193)
[2026.05.12-10.46.08:513][135]LogModuleManager: Shutting down and abandoning module ProxyLODMeshReduction (191)
[2026.05.12-10.46.08:513][135]LogModuleManager: Shutting down and abandoning module SkeletalMeshReduction (189)
[2026.05.12-10.46.08:513][135]LogModuleManager: Shutting down and abandoning module QuadricMeshReduction (187)
[2026.05.12-10.46.08:513][135]LogModuleManager: Shutting down and abandoning module MaterialBaking (183)
[2026.05.12-10.46.08:513][135]LogModuleManager: Shutting down and abandoning module NullInstallBundleManager (178)
[2026.05.12-10.46.08:513][135]LogModuleManager: Shutting down and abandoning module PIEPreviewDeviceProfileSelector (176)
[2026.05.12-10.46.08:513][135]LogModuleManager: Shutting down and abandoning module DerivedDataCache (174)
[2026.05.12-10.46.08:513][135]LogModuleManager: Shutting down and abandoning module TargetPlatform (172)
[2026.05.12-10.46.08:513][135]LogModuleManager: Shutting down and abandoning module VulkanShaderFormat (171)
[2026.05.12-10.46.08:513][135]LogModuleManager: Shutting down and abandoning module ShaderFormatVectorVM (169)
[2026.05.12-10.46.08:513][135]LogModuleManager: Shutting down and abandoning module ShaderFormatOpenGL (167)
[2026.05.12-10.46.08:513][135]LogModuleManager: Shutting down and abandoning module ShaderFormatD3D (165)
[2026.05.12-10.46.08:513][135]LogModuleManager: Shutting down and abandoning module MetalShaderFormat (163)
[2026.05.12-10.46.08:513][135]LogModuleManager: Shutting down and abandoning module TextureFormatOodle (161)
[2026.05.12-10.46.08:513][135]LogModuleManager: Shutting down and abandoning module TextureFormatUncompressed (159)
[2026.05.12-10.46.08:513][135]LogModuleManager: Shutting down and abandoning module TextureFormatPVR (157)
[2026.05.12-10.46.08:513][135]LogModuleManager: Shutting down and abandoning module TextureFormatETC2 (155)
[2026.05.12-10.46.08:513][135]LogModuleManager: Shutting down and abandoning module TextureFormatDXT (153)
[2026.05.12-10.46.08:513][135]LogModuleManager: Shutting down and abandoning module TextureFormatIntelISPCTexComp (151)
[2026.05.12-10.46.08:513][135]LogModuleManager: Shutting down and abandoning module TextureFormatASTC (149)
[2026.05.12-10.46.08:513][135]LogModuleManager: Shutting down and abandoning module ImageWrapper (148)
[2026.05.12-10.46.08:513][135]LogModuleManager: Shutting down and abandoning module AudioFormatOpus (145)
[2026.05.12-10.46.08:513][135]LogModuleManager: Shutting down and abandoning module AudioFormatOgg (143)
[2026.05.12-10.46.08:513][135]LogModuleManager: Shutting down and abandoning module AudioFormatADPCM (141)
[2026.05.12-10.46.08:513][135]LogModuleManager: Shutting down and abandoning module WindowsServerTargetPlatform (139)
[2026.05.12-10.46.08:513][135]LogModuleManager: Shutting down and abandoning module WindowsClientTargetPlatform (137)
[2026.05.12-10.46.08:513][135]LogModuleManager: Shutting down and abandoning module WindowsTargetPlatform (135)
[2026.05.12-10.46.08:513][135]LogModuleManager: Shutting down and abandoning module WindowsNoEditorTargetPlatform (133)
[2026.05.12-10.46.08:513][135]LogModuleManager: Shutting down and abandoning module D3D11RHI (130)
[2026.05.12-10.46.08:513][135]LogModuleManager: Shutting down and abandoning module InputCore (128)
[2026.05.12-10.46.08:513][135]LogModuleManager: Shutting down and abandoning module Settings (126)
[2026.05.12-10.46.08:513][135]LogModuleManager: Shutting down and abandoning module PhysXCooking (124)
[2026.05.12-10.46.08:513][135]LogModuleManager: Shutting down and abandoning module Chaos (122)
[2026.05.12-10.46.08:513][135]LogModuleManager: Shutting down and abandoning module WindowsPlatformFeatures (120)
[2026.05.12-10.46.08:513][135]LogModuleManager: Shutting down and abandoning module GameplayMediaEncoder (119)
[2026.05.12-10.46.08:513][135]LogModuleManager: Shutting down and abandoning module AVEncoder (118)
[2026.05.12-10.46.08:513][135]LogModuleManager: Shutting down and abandoning module SteamVRInputDevice (114)
[2026.05.12-10.46.08:513][135]LogModuleManager: Shutting down and abandoning module SteamVRInput (112)
[2026.05.12-10.46.08:513][135]LogModuleManager: Shutting down and abandoning module SteamVR (110)
[2026.05.12-10.46.08:513][135]LogHMD: Freeing OpenVRDLLHandle.
[2026.05.12-10.46.08:513][135]LogModuleManager: Shutting down and abandoning module OculusHMD (108)
[2026.05.12-10.46.08:513][135]LogModuleManager: Shutting down and abandoning module OpenXREyeTracker (106)
[2026.05.12-10.46.08:513][135]LogModuleManager: Shutting down and abandoning module OpenXRAR (104)
[2026.05.12-10.46.08:513][135]LogModuleManager: Shutting down and abandoning module AugmentedReality (103)
[2026.05.12-10.46.08:513][135]LogModuleManager: Shutting down and abandoning module OpenXRHandTracking (100)
[2026.05.12-10.46.08:513][135]LogSlate: Slate User Destroyed.  User Index 0, Is Virtual User: 0
[2026.05.12-10.46.08:513][135]LogModuleManager: Shutting down and abandoning module OpenXRHMD (99)
[2026.05.12-10.46.08:514][135]LogModuleManager: Shutting down and abandoning module ChunkDownloader (96)
[2026.05.12-10.46.08:514][135]LogModuleManager: Shutting down and abandoning module ExampleDeviceProfileSelector (94)
[2026.05.12-10.46.08:514][135]LogModuleManager: Shutting down and abandoning module OnlineBlueprintSupport (92)
[2026.05.12-10.46.08:514][135]LogModuleManager: Shutting down and abandoning module LauncherChunkInstaller (88)
[2026.05.12-10.46.08:514][135]LogModuleManager: Shutting down and abandoning module OnlineSubsystem (86)
[2026.05.12-10.46.08:514][135]LogModuleManager: Shutting down and abandoning module XMPP (81)
[2026.05.12-10.46.08:514][135]LogModuleManager: Shutting down and abandoning module WebSockets (80)
[2026.05.12-10.46.08:536][135]LogModuleManager: Shutting down and abandoning module HTTP (77)
[2026.05.12-10.46.08:536][135]LogHttp: Display: cleaning up 0 outstanding Http requests.
[2026.05.12-10.46.08:549][135]LogModuleManager: Shutting down and abandoning module SSL (76)
[2026.05.12-10.46.08:549][135]LogModuleManager: Shutting down and abandoning module WmfMedia (72)
[2026.05.12-10.46.08:550][135]LogModuleManager: Shutting down and abandoning module Media (71)
[2026.05.12-10.46.08:551][135]LogModuleManager: Shutting down and abandoning module MediaInfo (70)
[2026.05.12-10.46.08:551][135]LogModuleManager: Shutting down and abandoning module ExrReaderGpu (66)
[2026.05.12-10.46.08:551][135]LogModuleManager: Shutting down and abandoning module MLSDK (64)
[2026.05.12-10.46.08:551][135]LogModuleManager: Shutting down and abandoning module ChaosCloth (62)
[2026.05.12-10.46.08:551][135]LogModuleManager: Shutting down and abandoning module NiagaraVertexFactories (60)
[2026.05.12-10.46.08:551][135]LogModuleManager: Shutting down and abandoning module NiagaraShader (58)
[2026.05.12-10.46.08:551][135]LogModuleManager: Shutting down and abandoning module MagicLeap (56)
[2026.05.12-10.46.08:551][135]LogModuleManager: Shutting down and abandoning module VariantManagerContent (54)
[2026.05.12-10.46.08:551][135]LogModuleManager: Shutting down and abandoning module DatasmithContent (52)
[2026.05.12-10.46.08:552][135]LogModuleManager: Shutting down and abandoning module PixWinPlugin (50)
[2026.05.12-10.46.08:552][135]LogModuleManager: Shutting down and abandoning module AISupportModule (48)
[2026.05.12-10.46.08:552][135]LogModuleManager: Shutting down and abandoning module PythonScriptPluginPreload (46)
[2026.05.12-10.46.08:552][135]LogModuleManager: Shutting down and abandoning module PlatformCryptoOpenSSL (44)
[2026.05.12-10.46.08:552][135]LogModuleManager: Shutting down and abandoning module PlatformCryptoTypes (42)
[2026.05.12-10.46.08:552][135]LogModuleManager: Shutting down and abandoning module PlatformCrypto (40)
[2026.05.12-10.46.08:552][135]LogModuleManager: Shutting down and abandoning module OodleDataCompressionFormat (38)
[2026.05.12-10.46.08:552][135]LogModuleManager: Shutting down and abandoning module XGEController (36)
[2026.05.12-10.46.08:552][135]LogXGEController: Cleaning working directory: C:/Users/kapil/AppData/Local/Temp/UnrealXGEWorkingDir/
[2026.05.12-10.46.08:552][135]LogModuleManager: Shutting down and abandoning module AnimationModifiers (34)
[2026.05.12-10.46.08:552][135]LogModuleManager: Shutting down and abandoning module AudioEditor (32)
[2026.05.12-10.46.08:552][135]LogModuleManager: Shutting down and abandoning module PropertyEditor (31)
[2026.05.12-10.46.08:552][135]LogModuleManager: Shutting down and abandoning module TextureCompressor (28)
[2026.05.12-10.46.08:552][135]LogModuleManager: Shutting down and abandoning module RenderCore (26)
[2026.05.12-10.46.08:552][135]LogModuleManager: Shutting down and abandoning module Landscape (24)
[2026.05.12-10.46.08:552][135]LogModuleManager: Shutting down and abandoning module SlateRHIRenderer (22)
[2026.05.12-10.46.08:552][135]LogModuleManager: Shutting down and abandoning module AnimGraphRuntime (20)
[2026.05.12-10.46.08:552][135]LogModuleManager: Shutting down and abandoning module Renderer (18)
[2026.05.12-10.46.08:552][135]LogModuleManager: Shutting down and abandoning module Engine (16)
[2026.05.12-10.46.08:552][135]LogModuleManager: Shutting down and abandoning module CoreUObject (14)
[2026.05.12-10.46.08:552][135]LogModuleManager: Shutting down and abandoning module NetworkFile (12)
[2026.05.12-10.46.08:552][135]LogModuleManager: Shutting down and abandoning module CookedIterativeFile (10)
[2026.05.12-10.46.08:552][135]LogModuleManager: Shutting down and abandoning module StreamingFile (8)
[2026.05.12-10.46.08:552][135]LogModuleManager: Shutting down and abandoning module SandboxFile (6)
[2026.05.12-10.46.08:552][135]LogModuleManager: Shutting down and abandoning module PakFile (4)
[2026.05.12-10.46.08:552][135]LogModuleManager: Shutting down and abandoning module RSA (3)
[2026.05.12-10.46.08:553][135]LogContentStreaming: Display: There are 1 unreleased StreamingManagers
[2026.05.12-10.46.08:567][135]LogD3D11RHI: Shutdown
[2026.05.12-10.46.08:567][135]LogD3D11RHI: CleanupD3DDevice
[2026.05.12-10.46.08:634][135]LogExit: Exiting.
[2026.05.12-10.46.08:646][135]Log file closed, 05/12/26 03:46:08
