[2026-05-13T06:29:22.1975418-07:00] DebugMonitor start, maxSeconds=1800
[2026-05-13T06:29:22.1995422-07:00] [pid=27484] [Maximize Proc] Foreground Title: 
[2026-05-13T06:29:22.1995422-07:00] [pid=27484] ---> Focus Exec Name:  has WS_OVERLAPPEDWINDOW
[2026-05-13T06:29:22.1995422-07:00] [pid=27484] Focus Exec Name: wwise.exe
[2026-05-13T06:29:22.2010463-07:00] [pid=27484] ---> Focus Exec Name: wwise.exe has WS_OVERLAPPEDWINDOW
[2026-05-13T06:29:22.2065726-07:00] [pid=27484] [Maximize Proc] Foreground Title: 
[2026-05-13T06:29:22.2065726-07:00] [pid=27484] ---> Focus Exec Name:  has WS_OVERLAPPEDWINDOW
[2026-05-13T06:29:22.2085754-07:00] [pid=27484] [Maximize Proc] Foreground Title: 
[2026-05-13T06:29:22.2095715-07:00] [pid=27484] ---> Focus Exec Name:  has WS_OVERLAPPEDWINDOW
[2026-05-13T06:29:22.2185932-07:00] [pid=27484] [Maximize Proc] Foreground Title: Wwise
[2026-05-13T06:29:22.2195958-07:00] [pid=27484] ---> Focus Exec Name: Wwise has WS_OVERLAPPEDWINDOW
[2026-05-13T06:29:22.2195958-07:00] [pid=27484] [Maximize Proc] Foreground Title: Wwise
[2026-05-13T06:29:22.2195958-07:00] [pid=27484] ---> Focus Exec Name: Wwise has WS_OVERLAPPEDWINDOW
[2026-05-13T06:29:22.3676760-07:00] [pid=27484] Focus Exec Name: wwise.exe
[2026-05-13T06:29:22.3676760-07:00] [pid=27484] ---> Focus Exec Name: wwise.exe does not has WS_OVERLAPPEDWINDOW
[2026-05-13T06:29:22.3731863-07:00] [pid=27484] [Maximize Proc] Foreground Title: Wwise 2019.2.15 
[2026-05-13T06:29:22.3731863-07:00] [pid=27484] ---> Focus Exec Name: Wwise 2019.2.15  has WS_OVERLAPPEDWINDOW
[2026-05-13T06:29:22.3746902-07:00] [pid=27484] [Maximize Proc] Foreground Title: Wwise 2019.2.15 
[2026-05-13T06:29:22.3756954-07:00] [pid=27484] ---> Focus Exec Name: Wwise 2019.2.15  has WS_OVERLAPPEDWINDOW
[2026-05-13T06:29:22.4577594-07:00] [pid=8500] <<<_____ ImmerseAudioRenderer _____>>> 
[2026-05-13T06:29:22.4577594-07:00] [pid=8500] RegisterImmerseAudioRendererFX()
[2026-05-13T06:29:22.4577594-07:00] [pid=8500] 
[2026-05-13T06:29:22.4587596-07:00] [pid=8500] <<<_____ ImmerseAudioRenderer _____>>> 
[2026-05-13T06:29:22.4587596-07:00] [pid=8500] CreateImmerseManager
[2026-05-13T06:29:22.4587596-07:00] [pid=8500] 
[2026-05-13T06:29:22.4587596-07:00] [pid=8500] <<<_____ ImmerseAudioRenderer _____>>> 
[2026-05-13T06:29:22.4587596-07:00] [pid=8500] loadAndInitializeImmerseEngine
[2026-05-13T06:29:22.4587596-07:00] [pid=8500] 
[2026-05-13T06:29:22.4692951-07:00] [pid=8500] <<<_____ ImmerseAudioRenderer _____>>> 
[2026-05-13T06:29:22.4692951-07:00] [pid=8500] CreateDestroyImmerseManager
[2026-05-13T06:29:22.4692951-07:00] [pid=8500] 
[2026-05-13T06:29:22.4692951-07:00] [pid=8500] <<<_____ ImmerseAudioRenderer _____>>> 
[2026-05-13T06:29:22.4692951-07:00] [pid=8500] CreateImmerseManager
[2026-05-13T06:29:22.4692951-07:00] [pid=8500] 
[2026-05-13T06:29:22.4993721-07:00] [pid=8500] <<<_____ ImmerseAudioRenderer _____>>> 
[2026-05-13T06:29:22.4993721-07:00] [pid=8500] CreateImmerseAudioRendererFXParams()
[2026-05-13T06:29:22.4993721-07:00] [pid=8500] 
[2026-05-13T06:29:22.4993721-07:00] [pid=8500] <<<_____ ImmerseAudioRenderer _____>>> 
[2026-05-13T06:29:22.4993721-07:00] [pid=8500] WwiseFxNullParams::Init()
[2026-05-13T06:29:22.4993721-07:00] [pid=8500] 
[2026-05-13T06:29:22.4993721-07:00] [pid=8500] <<<_____ ImmerseAudioRenderer _____>>> 
[2026-05-13T06:29:22.4993721-07:00] [pid=8500] WwiseFxNullParams::SetParam()
[2026-05-13T06:29:22.4993721-07:00] [pid=8500] 
[2026-05-13T06:29:22.4993721-07:00] [pid=8500] <<<_____ ImmerseAudioRenderer _____>>> 
[2026-05-13T06:29:22.4993721-07:00] [pid=8500] WwiseFxNullParams::SetParam()
[2026-05-13T06:29:22.4993721-07:00] [pid=8500] 
[2026-05-13T06:29:22.5008754-07:00] [pid=8500] <<<_____ ImmerseAudioRenderer _____>>> 
[2026-05-13T06:29:22.5008754-07:00] [pid=8500] WwiseFxNullParams::SetParam()
[2026-05-13T06:29:22.5008754-07:00] [pid=8500] 
[2026-05-13T06:29:22.5008754-07:00] [pid=8500] <<<_____ ImmerseAudioRenderer _____>>> 
[2026-05-13T06:29:22.5008754-07:00] [pid=8500] WwiseFxNullParams::SetParam()
[2026-05-13T06:29:22.5008754-07:00] [pid=8500] 
[2026-05-13T06:29:22.5008754-07:00] [pid=8500] <<<_____ ImmerseAudioRenderer _____>>> 
[2026-05-13T06:29:22.5008754-07:00] [pid=8500] WwiseFxNullParams::SetParam()
[2026-05-13T06:29:22.5008754-07:00] [pid=8500] 
[2026-05-13T06:29:22.5008754-07:00] [pid=8500] <<<_____ ImmerseAudioRenderer _____>>> 
[2026-05-13T06:29:22.5008754-07:00] [pid=8500] WwiseFxNullParams::SetParam()
[2026-05-13T06:29:22.5008754-07:00] [pid=8500] 
[2026-05-13T06:29:22.5008754-07:00] [pid=8500] <<<_____ ImmerseAudioRenderer _____>>> 
[2026-05-13T06:29:22.5008754-07:00] [pid=8500] WwiseFxNullParams::SetParam()
[2026-05-13T06:29:22.5008754-07:00] [pid=8500] 
[2026-05-13T06:29:22.5008754-07:00] [pid=8500] <<<_____ ImmerseAudioRenderer _____>>> 
[2026-05-13T06:29:22.5008754-07:00] [pid=8500] WwiseFxNullParams::SetParam()
[2026-05-13T06:29:22.5008754-07:00] [pid=8500] 
[2026-05-13T06:29:22.5008754-07:00] [pid=8500] <<<_____ ImmerseAudioRenderer _____>>> 
[2026-05-13T06:29:22.5008754-07:00] [pid=8500] WwiseFxNullParams::SetParam()
[2026-05-13T06:29:22.5008754-07:00] [pid=8500] 
[2026-05-13T06:29:22.5008754-07:00] [pid=8500] <<<_____ ImmerseAudioRenderer _____>>> 
[2026-05-13T06:29:22.5008754-07:00] [pid=8500] WwiseFxNullParams::ApplyParam()
[2026-05-13T06:29:22.5008754-07:00] [pid=8500] 
[2026-05-13T06:29:22.5008754-07:00] [pid=8500] <<<_____ ImmerseAudioRenderer _____>>> 
[2026-05-13T06:29:22.5008754-07:00] [pid=8500] WwiseFxNullParams::ApplyParam()
[2026-05-13T06:29:22.5008754-07:00] [pid=8500] 
[2026-05-13T06:29:22.5008754-07:00] [pid=8500] <<<_____ ImmerseAudioRenderer _____>>> 
[2026-05-13T06:29:22.5008754-07:00] [pid=8500] WwiseFxNullParams::ApplyParam()
[2026-05-13T06:29:22.5008754-07:00] [pid=8500] 
[2026-05-13T06:29:22.5008754-07:00] [pid=8500] <<<_____ ImmerseAudioRenderer _____>>> 
[2026-05-13T06:29:22.5008754-07:00] [pid=8500] WwiseFxNullParams::ApplyParam()
[2026-05-13T06:29:22.5018812-07:00] [pid=8500] 
[2026-05-13T06:29:22.5018812-07:00] [pid=8500] <<<_____ ImmerseAudioRenderer _____>>> 
[2026-05-13T06:29:22.5018812-07:00] [pid=8500] WwiseFxNullParams::ApplyParam()
[2026-05-13T06:29:22.5018812-07:00] [pid=8500] 
[2026-05-13T06:29:22.5018812-07:00] [pid=8500] <<<_____ ImmerseAudioRenderer _____>>> 
[2026-05-13T06:29:22.5018812-07:00] [pid=8500] WwiseFxNullParams::ApplyParam()
[2026-05-13T06:29:22.5018812-07:00] [pid=8500] 
[2026-05-13T06:29:22.5018812-07:00] [pid=8500] <<<_____ ImmerseAudioRenderer _____>>> 
[2026-05-13T06:29:22.5018812-07:00] [pid=8500] WwiseFxNullParams::ApplyParam()
[2026-05-13T06:29:22.5018812-07:00] [pid=8500] 
[2026-05-13T06:29:22.5018812-07:00] [pid=8500] <<<_____ ImmerseAudioRenderer _____>>> 
[2026-05-13T06:29:22.5018812-07:00] [pid=8500] WwiseFxNullParams::ApplyParam()
[2026-05-13T06:29:22.5018812-07:00] [pid=8500] 
[2026-05-13T06:29:22.5018812-07:00] [pid=8500] <<<_____ ImmerseAudioRenderer _____>>> 
[2026-05-13T06:29:22.5018812-07:00] [pid=8500] WwiseFxNullParams::ApplyParam()
[2026-05-13T06:29:22.5018812-07:00] [pid=8500] 
[2026-05-13T06:29:22.5284526-07:00] [pid=27484] Focus Exec Name: wwise.exe
[2026-05-13T06:29:22.5284526-07:00] [pid=27484] ---> Focus Exec Name: wwise.exe has WS_OVERLAPPEDWINDOW
[2026-05-13T06:29:22.7874769-07:00] [pid=18712] <1>May13 06:29:22.787 SF_18712[CpBoard] [CB] HandleClipboard S to C
[2026-05-13T06:29:22.7874769-07:00] [pid=18712] <1>May13 06:29:22.787 SF_18712[CpBoard] Send clipboard data to client fmt(13).
[2026-05-13T06:29:22.7874769-07:00] [pid=18712] <1>May13 06:29:22.788 SF_18712[CpBoard] [CB] Data Push start. len:454
[2026-05-13T06:29:22.9356054-07:00] [pid=27484] Focus Exec Name: wwise.exe
[2026-05-13T06:29:22.9356054-07:00] [pid=27484] ---> Focus Exec Name: wwise.exe has WS_OVERLAPPEDWINDOW
[2026-05-13T06:29:22.9376100-07:00] [pid=27484] Focus Exec Name: wwise.exe
[2026-05-13T06:29:22.9376100-07:00] [pid=27484] ---> Focus Exec Name: wwise.exe has WS_OVERLAPPEDWINDOW
[2026-05-13T06:29:23.3422813-07:00] [pid=27484] Focus Exec Name: wwise.exe
[2026-05-13T06:29:23.3422813-07:00] [pid=27484] ---> Focus Exec Name: wwise.exe has WS_OVERLAPPEDWINDOW
[2026-05-13T06:29:23.3482413-07:00] [pid=27484] Focus Exec Name: wwise.exe
[2026-05-13T06:29:23.3482413-07:00] [pid=27484] ---> Focus Exec Name: wwise.exe has WS_OVERLAPPEDWINDOW
[2026-05-13T06:29:26.6810394-07:00] [pid=23228] Looking for binary: ../../../Engine/Programs/CrashReportClient/Config/BinaryConfig.ini
[2026-05-13T06:29:26.6830467-07:00] [pid=23228] CrashReportClientDiagnosticLog: CRC/Init:2026.05.13-13.29.26
[2026-05-13T06:29:26.6830467-07:00] [pid=23228] LogPlatformFile: Not using cached read wrapper
[2026-05-13T06:29:26.6830467-07:00] [pid=23228] LogTaskGraph: Started task graph with 4 named threads and 22 total threads with 1 sets of task threads.
[2026-05-13T06:29:26.6830467-07:00] [pid=23228] LogICUInternationalization: ICU TimeZone Detection - Raw Offset: -8:00, Platform Override: ''
[2026-05-13T06:29:26.6830467-07:00] [pid=23228] LogInit: Display: Loading text-based GConfig....
[2026-05-13T06:29:26.6985833-07:00] [pid=23228] LogInit: Build: ++UE4+Release-4.27-CL-18319896
[2026-05-13T06:29:26.6985833-07:00] [pid=23228] LogInit: Engine Version: 4.27.2-18319896+++UE4+Release-4.27
[2026-05-13T06:29:26.6985833-07:00] [pid=23228] LogInit: Compatible Engine Version: 4.27.0-17155196+++UE4+Release-4.27
[2026-05-13T06:29:26.6985833-07:00] [pid=23228] LogInit: Net CL: 17155196
[2026-05-13T06:29:26.6995833-07:00] [pid=23228] LogInit: OS: Windows 10 (Release 2009) (), CPU: 13th Gen Intel(R) Core(TM) i7-13650HX, GPU: Intel(R) UHD Graphics
[2026-05-13T06:29:26.6995833-07:00] [pid=23228] LogInit: Compiled (64-bit): Nov 30 2021 08:03:32
[2026-05-13T06:29:26.6995833-07:00] [pid=23228] LogInit: Compiled with Visual C++: 19.24.28315.00
[2026-05-13T06:29:26.6995833-07:00] [pid=23228] LogInit: Build Configuration: Shipping
[2026-05-13T06:29:26.6995833-07:00] [pid=23228] LogInit: Branch Name: ++UE4+Release-4.27
[2026-05-13T06:29:26.6995833-07:00] [pid=23228] LogInit: Command Line: "C:\Program Files\Epic Games\UE_4.27\Engine\Binaries\Win64\CrashReportClientEditor.exe" "../../../Engine/Binaries/Win64/CrashReportClientEditor.exe"  -READ=580 -WRITE=592 -MONITOR=2224 -unattended -ConcertServer="2574345A442ABD814E14ABA7845AA892" -RespawnedInstance
[2026-05-13T06:29:26.6995833-07:00] [pid=23228] LogInit: Base Directory: C:/Program Files/Epic Games/UE_4.27/Engine/Binaries/Win64/
[2026-05-13T06:29:26.6995833-07:00] [pid=23228] LogInit: Allocator: TBB
[2026-05-13T06:29:26.6995833-07:00] [pid=23228] LogInit: Installed Engine Build: 1
[2026-05-13T06:29:26.7056043-07:00] [pid=23228] LogInit: Presizing for max 2097152 objects, including 1 objects not considered by GC, pre-allocating 0 bytes for permanent pool.
[2026-05-13T06:29:26.7066035-07:00] [pid=23228] LogConfig: Applying CVar settings from Section [/Script/Engine.StreamingSettings] File [C:/Users/kapil/AppData/Local/CrashReportClient/Saved/Config/WindowsNoEditor/Engine.ini]
[2026-05-13T06:29:26.7066035-07:00] [pid=23228] LogConfig: Setting CVar [[s.MinBulkDataSizeForAsyncLoading:131072]]
[2026-05-13T06:29:26.7066035-07:00] [pid=23228] LogConfig: Setting CVar [[s.AsyncLoadingThreadEnabled:0]]
[2026-05-13T06:29:26.7066035-07:00] [pid=23228] LogConfig: Setting CVar [[s.EventDrivenLoaderEnabled:1]]
[2026-05-13T06:29:26.7066035-07:00] [pid=23228] LogConfig: Setting CVar [[s.WarnIfTimeLimitExceeded:0]]
[2026-05-13T06:29:26.7066035-07:00] [pid=23228] LogConfig: Setting CVar [[s.TimeLimitExceededMultiplier:1.5]]
[2026-05-13T06:29:26.7066035-07:00] [pid=23228] LogConfig: Setting CVar [[s.TimeLimitExceededMinTime:0.005]]
[2026-05-13T06:29:26.7066035-07:00] [pid=23228] LogConfig: Setting CVar [[s.FlushStreamingOnExit:1]]
[2026-05-13T06:29:26.7066035-07:00] [pid=23228] LogInit: Object subsystem initialized
[2026-05-13T06:29:26.7066035-07:00] [pid=23228] LogConfig: Applying CVar settings from Section [ConsoleVariables] File [C:/Users/kapil/AppData/Local/CrashReportClient/Saved/Config/WindowsNoEditor/Engine.ini]
[2026-05-13T06:29:26.7081079-07:00] [pid=23228] [2026.05.13-13.29.26:708][  0]LogInit: Computer: IMMERSEDEMOM5
[2026-05-13T06:29:26.7081079-07:00] [pid=23228] [2026.05.13-13.29.26:708][  0]LogInit: User: kapil
[2026-05-13T06:29:26.7081079-07:00] [pid=23228] [2026.05.13-13.29.26:708][  0]LogInit: CPU Page size=4096, Cores=14
[2026-05-13T06:29:26.7081079-07:00] [pid=23228] [2026.05.13-13.29.26:708][  0]LogInit: High frequency timer resolution =10.000000 MHz
[2026-05-13T06:29:26.7091135-07:00] [pid=23228] [2026.05.13-13.29.26:708][  0]LogMemory: Memory total: Physical=15.7GB (16GB approx)
[2026-05-13T06:29:26.7091135-07:00] [pid=23228] [2026.05.13-13.29.26:708][  0]LogMemory: Platform Memory Stats for WindowsNoEditor
[2026-05-13T06:29:26.7091135-07:00] [pid=23228] [2026.05.13-13.29.26:709][  0]LogMemory: Process Physical Memory: 30.62 MB used, 30.62 MB peak
[2026-05-13T06:29:26.7091135-07:00] [pid=23228] [2026.05.13-13.29.26:709][  0]LogMemory: Process Virtual Memory: 65.84 MB used, 65.84 MB peak
[2026-05-13T06:29:26.7091135-07:00] [pid=23228] [2026.05.13-13.29.26:709][  0]LogMemory: Physical Memory: 13590.81 MB used,  2477.89 MB free, 16068.70 MB total
[2026-05-13T06:29:26.7091135-07:00] [pid=23228] [2026.05.13-13.29.26:709][  0]LogMemory: Virtual Memory: 134208032.00 MB used,  9694.87 MB free, 134217728.00 MB total
[2026-05-13T06:29:26.7121171-07:00] [pid=23228] [2026.05.13-13.29.26:712][  0]LogUObjectArray: 363 objects as part of root set at end of initial load.
[2026-05-13T06:29:26.7121171-07:00] [pid=23228] [2026.05.13-13.29.26:712][  0]LogUObjectArray: 0 objects are not in the root set, but can never be destroyed because they are in the DisregardForGC set.
[2026-05-13T06:29:26.7121171-07:00] [pid=23228] [2026.05.13-13.29.26:712][  0]LogUObjectAllocator: 53496 out of 0 bytes used by permanent object pool.
[2026-05-13T06:29:26.7121171-07:00] [pid=23228] [2026.05.13-13.29.26:712][  0]LogUObjectArray: CloseDisregardForGC: 363/363 objects in disregard for GC pool
[2026-05-13T06:29:26.7131166-07:00] [pid=23228] [2026.05.13-13.29.26:713][  0]LogInit: Using OS detected language (en-US).
[2026-05-13T06:29:26.7131166-07:00] [pid=23228] [2026.05.13-13.29.26:713][  0]LogInit: Using OS detected locale (en-US).
[2026-05-13T06:29:26.7131166-07:00] [pid=23228] [2026.05.13-13.29.26:713][  0]LogTextLocalizationManager: No specific localization for 'en-US' exists, so the 'en' localization will be used.
[2026-05-13T06:29:26.7274034-07:00] [pid=23228] [2026.05.13-13.29.26:727][  0]LogInit: Using OS detected language (en-US).
[2026-05-13T06:29:26.7274034-07:00] [pid=23228] [2026.05.13-13.29.26:727][  0]LogInit: Using OS detected locale (en-US).
[2026-05-13T06:29:26.7274034-07:00] [pid=23228] [2026.05.13-13.29.26:727][  0]LogTextLocalizationManager: No localization for 'en-US' exists, so 'en' will be used for the language.
[2026-05-13T06:29:26.7274034-07:00] [pid=23228] [2026.05.13-13.29.26:727][  0]LogTextLocalizationManager: No localization for 'en-US' exists, so 'en' will be used for the locale.
[2026-05-13T06:29:26.7284032-07:00] [pid=23228] [2026.05.13-13.29.26:728][  0]LogTextLocalizationManager: Compacting localization data took   0.00ms
[2026-05-13T06:29:26.7284032-07:00] [pid=23228] [2026.05.13-13.29.26:728][  0]LogPackageLocalizationCache: Processed 2 localized package path(s) for 1 prioritized culture(s) in 0.000060 seconds
[2026-05-13T06:29:26.7294030-07:00] [pid=23228] [2026.05.13-13.29.26:729][  0]CrashReportClientDiagnosticLog: CRC/Load
[2026-05-13T06:29:26.7294030-07:00] [pid=23228] [2026.05.13-13.29.26:729][  0]CrashReportClientDiagnosticLog: CRC/Config
[2026-05-13T06:29:26.7294030-07:00] [pid=23228] [2026.05.13-13.29.26:729][  0]CrashReportCoreLog: CrashReportClientVersion=1.0
[2026-05-13T06:29:26.7294030-07:00] [pid=23228] [2026.05.13-13.29.26:729][  0]CrashReportCoreLog: CrashReportReceiver disabled
[2026-05-13T06:29:26.7294030-07:00] [pid=23228] [2026.05.13-13.29.26:729][  0]CrashReportCoreLog: DataRouterUrl: https://datarouter.ol.epicgames.com/datarouter/api/v1/public/data
[2026-05-13T06:29:26.7309071-07:00] [pid=23228] [2026.05.13-13.29.26:730][  0]LogCrashDebugHelper: DepotName: //UE4/Release-4.27
[2026-05-13T06:29:26.7309071-07:00] [pid=23228] [2026.05.13-13.29.26:730][  0]LogCrashDebugHelper: BuiltFromCL: 18319896
[2026-05-13T06:29:26.7309071-07:00] [pid=23228] [2026.05.13-13.29.26:730][  0]LogCrashDebugHelper: EngineVersion: 4.27.2-18319896+++UE4+Release-4.27
[2026-05-13T06:29:26.7309071-07:00] [pid=23228] [2026.05.13-13.29.26:730][  0]LogCrashDebugHelper: BuildVersion: ++UE4+Release-4.27-CL-18319896
[2026-05-13T06:29:26.7319148-07:00] [pid=23228] [2026.05.13-13.29.26:731][  0]CrashReportClientDiagnosticLog: Monitor/Start:23228
[2026-05-13T06:29:26.7319148-07:00] [pid=23228] [2026.05.13-13.29.26:731][  0]CrashReportClientDiagnosticLog: OpenProcess/Done
[2026-05-13T06:29:27.4765162-07:00] [pid=2224] Looking for binary: ../../../../../../Users/kapil/OneDrive/Documents/Unreal Projects/testTP/Config/BinaryConfig.ini
[2026-05-13T06:29:27.4775037-07:00] [pid=2224] LogWindows: Failed to load 'aqProf.dll' (GetLastError=126)
[2026-05-13T06:29:27.4775037-07:00] [pid=2224] LogWindows: File 'aqProf.dll' does not exist
[2026-05-13T06:29:27.4775037-07:00] [pid=2224] LogWindows: Failed to load 'VtuneApi.dll' (GetLastError=126)
[2026-05-13T06:29:27.4775037-07:00] [pid=2224] LogWindows: File 'VtuneApi.dll' does not exist
[2026-05-13T06:29:27.4785030-07:00] [pid=2224] LogWindows: Failed to load 'VtuneApi32e.dll' (GetLastError=126)
[2026-05-13T06:29:27.4785030-07:00] [pid=2224] LogWindows: File 'VtuneApi32e.dll' does not exist
[2026-05-13T06:29:27.4785030-07:00] [pid=2224] LogConsoleResponse: Display: Failed to find resolution value strings in scalability ini. Falling back to default.
[2026-05-13T06:29:27.4785030-07:00] [pid=2224] LogConsoleResponse: Display: Failed to find resolution value strings in scalability ini. Falling back to default.
[2026-05-13T06:29:27.4785030-07:00] [pid=2224] LogInit: Display: Running engine for game: testTP
[2026-05-13T06:29:27.4785030-07:00] [pid=2224] LogPlatformFile: Not using cached read wrapper
[2026-05-13T06:29:27.4785030-07:00] [pid=2224] LogTaskGraph: Started task graph with 5 named threads and 59 total threads with 3 sets of task threads.
[2026-05-13T06:29:27.4785030-07:00] [pid=2224] LogStats: Stats thread started at 0.211933
[2026-05-13T06:29:27.4785030-07:00] [pid=2224] LogICUInternationalization: ICU TimeZone Detection - Raw Offset: -8:00, Platform Override: ''
[2026-05-13T06:29:27.4785030-07:00] [pid=2224] LogInit: Display: Loading text-based GConfig....
[2026-05-13T06:29:27.5346551-07:00] [pid=2224] LogPluginManager: Mounting plugin MeshPainting
[2026-05-13T06:29:27.5356613-07:00] [pid=2224] LogPluginManager: Mounting plugin XGEController
[2026-05-13T06:29:27.5366671-07:00] [pid=2224] LogPluginManager: Mounting plugin Paper2D
[2026-05-13T06:29:27.5376671-07:00] [pid=2224] LogPluginManager: Mounting plugin LiveLink
[2026-05-13T06:29:27.5386675-07:00] [pid=2224] LogPluginManager: Mounting plugin CameraShakePreviewer
[2026-05-13T06:29:27.5396671-07:00] [pid=2224] LogPluginManager: Mounting plugin GameplayCameras
[2026-05-13T06:29:27.5396671-07:00] [pid=2224] LogPluginManager: Mounting plugin EnvironmentQueryEditor
[2026-05-13T06:29:27.5411713-07:00] [pid=2224] LogPluginManager: Mounting plugin LightPropagationVolume
[2026-05-13T06:29:27.5411713-07:00] [pid=2224] LogPluginManager: Mounting plugin AISupport
[2026-05-13T06:29:27.5421786-07:00] [pid=2224] LogPluginManager: Mounting plugin OodleData
[2026-05-13T06:29:27.5431779-07:00] [pid=2224] LogPluginManager: Mounting plugin OodleNetwork
[2026-05-13T06:29:27.5441785-07:00] [pid=2224] LogPluginManager: Mounting plugin DatasmithContent
[2026-05-13T06:29:27.5446824-07:00] [pid=2224] LogPluginManager: Mounting plugin CLionSourceCodeAccess
[2026-05-13T06:29:27.5456867-07:00] [pid=2224] LogPluginManager: Mounting plugin AnimationSharing
[2026-05-13T06:29:27.5456867-07:00] [pid=2224] LogPluginManager: Mounting plugin NullSourceCodeAccess
[2026-05-13T06:29:27.5466908-07:00] [pid=2224] LogPluginManager: Mounting plugin GitSourceControl
[2026-05-13T06:29:27.5476905-07:00] [pid=2224] LogPluginManager: Mounting plugin CodeLiteSourceCodeAccess
[2026-05-13T06:29:27.5476905-07:00] [pid=2224] LogPluginManager: Mounting plugin VariantManagerContent
[2026-05-13T06:29:27.5496910-07:00] [pid=2224] LogPluginManager: Mounting plugin KDevelopSourceCodeAccess
[2026-05-13T06:29:27.5496910-07:00] [pid=2224] LogPluginManager: Mounting plugin PerforceSourceControl
[2026-05-13T06:29:27.5511950-07:00] [pid=2224] LogPluginManager: Mounting plugin PlasticSourceControl
[2026-05-13T06:29:27.5511950-07:00] [pid=2224] LogPluginManager: Mounting plugin PropertyAccessNode
[2026-05-13T06:29:27.5522023-07:00] [pid=2224] LogPluginManager: Mounting plugin RiderSourceCodeAccess
[2026-05-13T06:29:27.5532013-07:00] [pid=2224] LogPluginManager: Mounting plugin AssetManagerEditor
[2026-05-13T06:29:27.5532013-07:00] [pid=2224] LogPluginManager: Mounting plugin PixWinPlugin
[2026-05-13T06:29:27.5547052-07:00] [pid=2224] LogPluginManager: Mounting plugin PluginUtils
[2026-05-13T06:29:27.5547052-07:00] [pid=2224] LogPluginManager: Mounting plugin UObjectPlugin
[2026-05-13T06:29:27.5557106-07:00] [pid=2224] LogPluginManager: Mounting plugin TextureFormatOodle
[2026-05-13T06:29:27.5567161-07:00] [pid=2224] LogPluginManager: Mounting plugin SubversionSourceControl
[2026-05-13T06:29:27.5577155-07:00] [pid=2224] LogPluginManager: Mounting plugin FacialAnimation
[2026-05-13T06:29:27.5577155-07:00] [pid=2224] LogPluginManager: Mounting plugin DataValidation
[2026-05-13T06:29:27.5587156-07:00] [pid=2224] LogPluginManager: Mounting plugin CurveEditorTools
[2026-05-13T06:29:27.5597151-07:00] [pid=2224] LogPluginManager: Mounting plugin GameplayTagsEditor
[2026-05-13T06:29:27.5597151-07:00] [pid=2224] LogPluginManager: Mounting plugin MacGraphicsSwitching
[2026-05-13T06:29:27.5597151-07:00] [pid=2224] LogPluginManager: Mounting plugin CryptoKeys
[2026-05-13T06:29:27.5612186-07:00] [pid=2224] LogPluginManager: Mounting plugin MaterialAnalyzer
[2026-05-13T06:29:27.5622261-07:00] [pid=2224] LogPluginManager: Mounting plugin VisualStudioSourceCodeAccess
[2026-05-13T06:29:27.5632250-07:00] [pid=2224] LogPluginManager: Mounting plugin PluginBrowser
[2026-05-13T06:29:27.5632250-07:00] [pid=2224] LogPluginManager: Mounting plugin VisualStudioCodeSourceCodeAccess
[2026-05-13T06:29:27.5642252-07:00] [pid=2224] LogPluginManager: Mounting plugin MobileLauncherProfileWizard
[2026-05-13T06:29:27.5647289-07:00] [pid=2224] LogPluginManager: Mounting plugin SpeedTreeImporter
[2026-05-13T06:29:27.5657340-07:00] [pid=2224] LogPluginManager: Mounting plugin XCodeSourceCodeAccess
[2026-05-13T06:29:27.5667384-07:00] [pid=2224] LogPluginManager: Mounting plugin Niagara
[2026-05-13T06:29:27.5677391-07:00] [pid=2224] LogPluginManager: Mounting plugin GeometryMode
[2026-05-13T06:29:27.5687395-07:00] [pid=2224] LogPluginManager: Mounting plugin ChaosSolverPlugin
[2026-05-13T06:29:27.5687395-07:00] [pid=2224] LogPluginManager: Mounting plugin ChaosNiagara
[2026-05-13T06:29:27.5697388-07:00] [pid=2224] LogPluginManager: Mounting plugin ChaosClothEditor
[2026-05-13T06:29:27.5697388-07:00] [pid=2224] LogPluginManager: Mounting plugin AutomationUtils
[2026-05-13T06:29:27.5712432-07:00] [pid=2224] LogPluginManager: Mounting plugin ChaosEditor
[2026-05-13T06:29:27.5712432-07:00] [pid=2224] LogPluginManager: Mounting plugin ChaosCloth
[2026-05-13T06:29:27.5722498-07:00] [pid=2224] LogPluginManager: Mounting plugin CharacterAI
[2026-05-13T06:29:27.5732496-07:00] [pid=2224] LogPluginManager: Mounting plugin BackChannel
[2026-05-13T06:29:27.5742518-07:00] [pid=2224] LogPluginManager: Mounting plugin AlembicImporter
[2026-05-13T06:29:27.5747564-07:00] [pid=2224] LogPluginManager: Mounting plugin LuminPlatformFeatures
[2026-05-13T06:29:27.5757614-07:00] [pid=2224] LogPluginManager: Mounting plugin MagicLeap
[2026-05-13T06:29:27.5767664-07:00] [pid=2224] LogPluginManager: Mounting plugin MagicLeapMedia
[2026-05-13T06:29:27.5767664-07:00] [pid=2224] LogPluginManager: Mounting plugin MagicLeapLightEstimation
[2026-05-13T06:29:27.5777663-07:00] [pid=2224] LogPluginManager: Mounting plugin GeometryCache
[2026-05-13T06:29:27.5787663-07:00] [pid=2224] LogPluginManager: Mounting plugin MagicLeapPassableWorld
[2026-05-13T06:29:27.5797664-07:00] [pid=2224] LogPluginManager: Mounting plugin GeometryCollectionPlugin
[2026-05-13T06:29:27.5797664-07:00] [pid=2224] LogPluginManager: Mounting plugin MLSDK
[2026-05-13T06:29:27.5812703-07:00] [pid=2224] LogPluginManager: Mounting plugin GeometryProcessing
[2026-05-13T06:29:27.5812703-07:00] [pid=2224] LogPluginManager: Mounting plugin PlanarCut
[2026-05-13T06:29:27.5822772-07:00] [pid=2224] LogPluginManager: Mounting plugin PlatformCrypto
[2026-05-13T06:29:27.5822772-07:00] [pid=2224] LogPluginManager: Mounting plugin ProxyLODPlugin
[2026-05-13T06:29:27.5837812-07:00] [pid=2224] LogPluginManager: Mounting plugin PythonScriptPlugin
[2026-05-13T06:29:27.5837812-07:00] [pid=2224] LogPluginManager: Mounting plugin OpenImageDenoise
[2026-05-13T06:29:27.5847859-07:00] [pid=2224] LogPluginManager: Mounting plugin AndroidMedia
[2026-05-13T06:29:27.5857857-07:00] [pid=2224] LogPluginManager: Mounting plugin MotoSynth
[2026-05-13T06:29:27.5867946-07:00] [pid=2224] LogPluginManager: Mounting plugin AvfMedia
[2026-05-13T06:29:27.5867946-07:00] [pid=2224] LogPluginManager: Mounting plugin ImgMedia
[2026-05-13T06:29:27.5877906-07:00] [pid=2224] LogPluginManager: Mounting plugin MediaCompositing
[2026-05-13T06:29:27.5887903-07:00] [pid=2224] LogPluginManager: Mounting plugin WmfMedia
[2026-05-13T06:29:27.5897902-07:00] [pid=2224] LogPluginManager: Mounting plugin MediaPlayerEditor
[2026-05-13T06:29:27.5897902-07:00] [pid=2224] LogPluginManager: Mounting plugin WebMMedia
[2026-05-13T06:29:27.5907901-07:00] [pid=2224] LogPluginManager: Mounting plugin SkeletalReduction
[2026-05-13T06:29:27.5907901-07:00] [pid=2224] LogPluginManager: Mounting plugin UdpMessaging
[2026-05-13T06:29:27.5917944-07:00] [pid=2224] LogPluginManager: Mounting plugin TcpMessaging
[2026-05-13T06:29:27.5927943-07:00] [pid=2224] LogPluginManager: Mounting plugin ActorSequence
[2026-05-13T06:29:27.5937945-07:00] [pid=2224] LogPluginManager: Mounting plugin LevelSequenceEditor
[2026-05-13T06:29:27.5942984-07:00] [pid=2224] LogPluginManager: Mounting plugin MatineeToLevelSequence
[2026-05-13T06:29:27.5942984-07:00] [pid=2224] LogPluginManager: Mounting plugin TemplateSequence
[2026-05-13T06:29:27.5953027-07:00] [pid=2224] LogPluginManager: Mounting plugin OnlineSubsystemNull
[2026-05-13T06:29:27.5963070-07:00] [pid=2224] LogPluginManager: Mounting plugin OnlineSubsystem
[2026-05-13T06:29:27.5963070-07:00] [pid=2224] LogPluginManager: Mounting plugin ActorLayerUtilities
[2026-05-13T06:29:27.5973073-07:00] [pid=2224] LogPluginManager: Mounting plugin LauncherChunkInstaller
[2026-05-13T06:29:27.5983073-07:00] [pid=2224] LogPluginManager: Mounting plugin OnlineSubsystemUtils
[2026-05-13T06:29:27.5993068-07:00] [pid=2224] LogPluginManager: Mounting plugin AndroidDeviceProfileSelector
[2026-05-13T06:29:27.5993068-07:00] [pid=2224] LogPluginManager: Mounting plugin AppleMoviePlayer
[2026-05-13T06:29:27.5993068-07:00] [pid=2224] LogPluginManager: Mounting plugin AndroidMoviePlayer
[2026-05-13T06:29:27.6008112-07:00] [pid=2224] LogPluginManager: Mounting plugin ArchVisCharacter
[2026-05-13T06:29:27.6018190-07:00] [pid=2224] LogPluginManager: Mounting plugin AndroidPermission
[2026-05-13T06:29:27.6028185-07:00] [pid=2224] LogPluginManager: Mounting plugin AppleImageUtils
[2026-05-13T06:29:27.6028185-07:00] [pid=2224] LogPluginManager: Mounting plugin AudioCapture
[2026-05-13T06:29:27.6038188-07:00] [pid=2224] LogPluginManager: Mounting plugin AudioSynesthesia
[2026-05-13T06:29:27.6043225-07:00] [pid=2224] LogPluginManager: Mounting plugin AssetTags
[2026-05-13T06:29:27.6053266-07:00] [pid=2224] LogPluginManager: Mounting plugin CableComponent
[2026-05-13T06:29:27.6053266-07:00] [pid=2224] LogPluginManager: Mounting plugin ChunkDownloader
[2026-05-13T06:29:27.6063274-07:00] [pid=2224] LogPluginManager: Mounting plugin CustomMeshComponent
[2026-05-13T06:29:27.6073268-07:00] [pid=2224] LogPluginManager: Mounting plugin ExampleDeviceProfileSelector
[2026-05-13T06:29:27.6083268-07:00] [pid=2224] LogPluginManager: Mounting plugin EditableMesh
[2026-05-13T06:29:27.6088303-07:00] [pid=2224] LogPluginManager: Mounting plugin GooglePAD
[2026-05-13T06:29:27.6088303-07:00] [pid=2224] LogPluginManager: Mounting plugin GoogleCloudMessaging
[2026-05-13T06:29:27.6098347-07:00] [pid=2224] LogPluginManager: Mounting plugin LocationServicesBPLibrary
[2026-05-13T06:29:27.6108350-07:00] [pid=2224] LogPluginManager: Mounting plugin LinuxDeviceProfileSelector
[2026-05-13T06:29:27.6108350-07:00] [pid=2224] LogPluginManager: Mounting plugin IOSDeviceProfileSelector
[2026-05-13T06:29:27.6118390-07:00] [pid=2224] LogPluginManager: Mounting plugin MobilePatchingUtils
[2026-05-13T06:29:27.6128389-07:00] [pid=2224] LogPluginManager: Mounting plugin OpenXRHandTracking
[2026-05-13T06:29:27.6128389-07:00] [pid=2224] LogPluginManager: Mounting plugin OpenXR
[2026-05-13T06:29:27.6143427-07:00] [pid=2224] LogPluginManager: Mounting plugin OpenXREyeTracker
[2026-05-13T06:29:27.6143427-07:00] [pid=2224] LogPluginManager: Mounting plugin PhysXVehicles
[2026-05-13T06:29:27.6163513-07:00] [pid=2224] LogPluginManager: Mounting plugin ProceduralMeshComponent
[2026-05-13T06:29:27.6163513-07:00] [pid=2224] LogPluginManager: Mounting plugin PostSplashScreen
[2026-05-13T06:29:27.6173514-07:00] [pid=2224] LogPluginManager: Mounting plugin RuntimePhysXCooking
[2026-05-13T06:29:27.6183523-07:00] [pid=2224] LogPluginManager: Mounting plugin SoundFields
[2026-05-13T06:29:27.6193513-07:00] [pid=2224] LogPluginManager: Mounting plugin PropertyAccessEditor
[2026-05-13T06:29:27.6193513-07:00] [pid=2224] LogPluginManager: Mounting plugin SignificanceManager
[2026-05-13T06:29:27.6208557-07:00] [pid=2224] LogPluginManager: Mounting plugin Synthesis
[2026-05-13T06:29:27.6218628-07:00] [pid=2224] LogPluginManager: Mounting plugin WindowsMoviePlayer
[2026-05-13T06:29:27.6228631-07:00] [pid=2224] LogPluginManager: Mounting plugin WebMMoviePlayer
[2026-05-13T06:29:27.6228631-07:00] [pid=2224] LogPluginManager: Mounting plugin ScreenshotTools
[2026-05-13T06:29:27.6238626-07:00] [pid=2224] LogPluginManager: Mounting plugin Takes
[2026-05-13T06:29:27.6243660-07:00] [pid=2224] LogPluginManager: Mounting plugin ContentBrowserAssetDataSource
[2026-05-13T06:29:27.6253712-07:00] [pid=2224] LogPluginManager: Mounting plugin ContentBrowserClassDataSource
[2026-05-13T06:29:27.6263757-07:00] [pid=2224] LogPluginManager: Mounting plugin ContentBrowserFileDataSource
[2026-05-13T06:29:27.6263757-07:00] [pid=2224] LogPluginManager: Mounting plugin OnlineSubsystemGooglePlay
[2026-05-13T06:29:27.6273753-07:00] [pid=2224] LogPluginManager: Mounting plugin OnlineSubsystemIOS
[2026-05-13T06:29:27.6283759-07:00] [pid=2224] LogPluginManager: Mounting plugin OculusVR
[2026-05-13T06:29:27.6293767-07:00] [pid=2224] LogPluginManager: Mounting plugin SteamVR
[2026-05-13T06:29:27.6293767-07:00] [pid=2224] LogPluginManager: Mounting plugin Wwise
[2026-05-13T06:29:27.6895587-07:00] [pid=2224] PixWinPlugin: PIX capture plugin failed to initialize! Check that the process is launched from PIX.
[2026-05-13T06:29:27.7514333-07:00] [pid=2224] LogInit: Using libcurl 7.55.1-DEV
[2026-05-13T06:29:27.7520193-07:00] [pid=2224] LogInit:  - built for x86_64-pc-win32
[2026-05-13T06:29:27.7520193-07:00] [pid=2224] LogInit:  - supports SSL with OpenSSL/1.1.1
[2026-05-13T06:29:27.7520193-07:00] [pid=2224] LogInit:  - supports HTTP deflate (compression) using libz 1.2.8
[2026-05-13T06:29:27.7520193-07:00] [pid=2224] LogInit:  - other features:
[2026-05-13T06:29:27.7520193-07:00] [pid=2224] LogInit:      CURL_VERSION_SSL
[2026-05-13T06:29:27.7520193-07:00] [pid=2224] LogInit:      CURL_VERSION_LIBZ
[2026-05-13T06:29:27.7526771-07:00] [pid=2224] LogInit:      CURL_VERSION_IPV6
[2026-05-13T06:29:27.7526771-07:00] [pid=2224] LogInit:      CURL_VERSION_ASYNCHDNS
[2026-05-13T06:29:27.7526771-07:00] [pid=2224] LogInit:      CURL_VERSION_LARGEFILE
[2026-05-13T06:29:27.7526771-07:00] [pid=2224] LogInit:      CURL_VERSION_IDN
[2026-05-13T06:29:27.7526771-07:00] [pid=2224] LogInit:  CurlRequestOptions (configurable via config and command line):
[2026-05-13T06:29:27.7526771-07:00] [pid=2224] LogInit:  - bVerifyPeer = true  - Libcurl will verify peer certificate
[2026-05-13T06:29:27.7526771-07:00] [pid=2224] LogInit:  - bUseHttpProxy = false  - Libcurl will NOT use HTTP proxy
[2026-05-13T06:29:27.7526771-07:00] [pid=2224] LogInit:  - bDontReuseConnections = false  - Libcurl will reuse connections
[2026-05-13T06:29:27.7532162-07:00] [pid=2224] LogInit:  - MaxHostConnections = 16  - Libcurl will limit the number of connections to a host
[2026-05-13T06:29:27.7532162-07:00] [pid=2224] LogInit:  - LocalHostAddr = Default
[2026-05-13T06:29:27.7532162-07:00] [pid=2224] LogInit:  - BufferSize = 65536
[2026-05-13T06:29:27.7788162-07:00] [pid=2224] LogOnline: OSS: Creating online subsystem instance for: NULL
[2026-05-13T06:29:27.7788162-07:00] [pid=2224] LogInit: WinSock: version 1.1 (2.2), MaxSocks=32767, MaxUdp=65467
[2026-05-13T06:29:27.7798161-07:00] [pid=2224] LogOnline: OSS: TryLoadSubsystemAndSetDefault: Loaded subsystem for module [NULL]
[2026-05-13T06:29:27.8354905-07:00] [pid=2224] LogOculusPluginWrapper: OculusPlugin initialized successfully
[2026-05-13T06:29:27.8365090-07:00] [pid=2224] [OVRPlugin][ERROR] 
[2026-05-13T06:29:27.8365090-07:00] [pid=2224] ovr_Initialize failed: Unable to load LibOVRRT DLL
 (software\oculussdk\integrations\ovrplugin\main\src\util\compositorcapi.cpp:78)
[2026-05-13T06:29:27.8365090-07:00] [pid=2224] 
[2026-05-13T06:29:27.8365090-07:00] [pid=2224] LogHMD: Failed initializing OVRPlugin 1.59.0
[2026-05-13T06:29:27.8365090-07:00] [pid=2224] LogInit: Build: ++UE4+Release-4.27-CL-18319896
[2026-05-13T06:29:27.8365090-07:00] [pid=2224] LogInit: Engine Version: 4.27.2-18319896+++UE4+Release-4.27
[2026-05-13T06:29:27.8365090-07:00] [pid=2224] LogInit: Compatible Engine Version: 4.27.0-17155196+++UE4+Release-4.27
[2026-05-13T06:29:27.8365090-07:00] [pid=2224] LogInit: Net CL: 17155196
[2026-05-13T06:29:27.8374947-07:00] [pid=2224] LogInit: OS: Windows 10 (Release 2009) (), CPU: 13th Gen Intel(R) Core(TM) i7-13650HX, GPU: Intel(R) UHD Graphics
[2026-05-13T06:29:27.8374947-07:00] [pid=2224] LogInit: Compiled (64-bit): Nov 30 2021 07:12:08
[2026-05-13T06:29:27.8374947-07:00] [pid=2224] LogInit: Compiled with Visual C++: 19.24.28315.00
[2026-05-13T06:29:27.8374947-07:00] [pid=2224] LogInit: Build Configuration: Development
[2026-05-13T06:29:27.8374947-07:00] [pid=2224] LogInit: Branch Name: ++UE4+Release-4.27
[2026-05-13T06:29:27.8374947-07:00] [pid=2224] LogInit: Command Line:  /Game/ThirdPersonBP/Maps/ThirdPersonExampleMap -game -RenderOffscreen -unattended -nopause -NoSplash -abslog=C:\Users\kapil\AppData\Local\Temp\immerse_editor_20260513-062916.log
[2026-05-13T06:29:27.8374947-07:00] [pid=2224] LogInit: Base Directory: C:/Program Files/Epic Games/UE_4.27/Engine/Binaries/Win64/
[2026-05-13T06:29:27.8374947-07:00] [pid=2224] LogInit: Allocator: TBB
[2026-05-13T06:29:27.8384954-07:00] [pid=2224] LogInit: Installed Engine Build: 1
[2026-05-13T06:29:27.8384954-07:00] [pid=2224] LogDevObjectVersion: Number of dev versions registered: 29
[2026-05-13T06:29:27.8384954-07:00] [pid=2224] LogDevObjectVersion:   Dev-Blueprints (B0D832E4-1F89-4F0D-ACCF-7EB736FD4AA2): 10
[2026-05-13T06:29:27.8384954-07:00] [pid=2224] LogDevObjectVersion:   Dev-Build (E1C64328-A22C-4D53-A36C-8E866417BD8C): 0
[2026-05-13T06:29:27.8384954-07:00] [pid=2224] LogDevObjectVersion:   Dev-Core (375EC13C-06E4-48FB-B500-84F0262A717E): 4
[2026-05-13T06:29:27.8384954-07:00] [pid=2224] LogDevObjectVersion:   Dev-Editor (E4B068ED-F494-42E9-A231-DA0B2E46BB41): 40
[2026-05-13T06:29:27.8384954-07:00] [pid=2224] LogDevObjectVersion:   Dev-Framework (CFFC743F-43B0-4480-9391-14DF171D2073): 37
[2026-05-13T06:29:27.8384954-07:00] [pid=2224] LogDevObjectVersion:   Dev-Mobile (B02B49B5-BB20-44E9-A304-32B752E40360): 3
[2026-05-13T06:29:27.8394988-07:00] [pid=2224] LogDevObjectVersion:   Dev-Networking (A4E4105C-59A1-49B5-A7C5-40C4547EDFEE): 0
[2026-05-13T06:29:27.8394988-07:00] [pid=2224] LogDevObjectVersion:   Dev-Online (39C831C9-5AE6-47DC-9A44-9C173E1C8E7C): 0
[2026-05-13T06:29:27.8394988-07:00] [pid=2224] LogDevObjectVersion:   Dev-Physics (78F01B33-EBEA-4F98-B9B4-84EACCB95AA2): 14
[2026-05-13T06:29:27.8394988-07:00] [pid=2224] LogDevObjectVersion:   Dev-Platform (6631380F-2D4D-43E0-8009-CF276956A95A): 0
[2026-05-13T06:29:27.8394988-07:00] [pid=2224] LogDevObjectVersion:   Dev-Rendering (12F88B9F-8875-4AFC-A67C-D90C383ABD29): 45
[2026-05-13T06:29:27.8394988-07:00] [pid=2224] LogDevObjectVersion:   Dev-Sequencer (7B5AE74C-D270-4C10-A958-57980B212A5A): 13
[2026-05-13T06:29:27.8394988-07:00] [pid=2224] LogDevObjectVersion:   Dev-VR (D7296918-1DD6-4BDD-9DE2-64A83CC13884): 3
[2026-05-13T06:29:27.8394988-07:00] [pid=2224] LogDevObjectVersion:   Dev-LoadTimes (C2A15278-BFE7-4AFE-6C17-90FF531DF755): 1
[2026-05-13T06:29:27.8394988-07:00] [pid=2224] LogDevObjectVersion:   Private-Geometry (6EACA3D4-40EC-4CC1-B786-8BED09428FC5): 3
[2026-05-13T06:29:27.8394988-07:00] [pid=2224] LogDevObjectVersion:   Dev-AnimPhys (29E575DD-E0A3-4627-9D10-D276232CDCEA): 17
[2026-05-13T06:29:27.8394988-07:00] [pid=2224] LogDevObjectVersion:   Dev-Anim (AF43A65D-7FD3-4947-9873-3E8ED9C1BB05): 15
[2026-05-13T06:29:27.8394988-07:00] [pid=2224] LogDevObjectVersion:   Dev-ReflectionCapture (6B266CEC-1EC7-4B8F-A30B-E4D90942FC07): 1
[2026-05-13T06:29:27.8394988-07:00] [pid=2224] LogDevObjectVersion:   Dev-Automation (0DF73D61-A23F-47EA-B727-89E90C41499A): 1
[2026-05-13T06:29:27.8394988-07:00] [pid=2224] LogDevObjectVersion:   FortniteMain (601D1886-AC64-4F84-AA16-D3DE0DEAC7D6): 47
[2026-05-13T06:29:27.8394988-07:00] [pid=2224] LogDevObjectVersion:   FortniteRelease (E7086368-6B23-4C58-8439-1B7016265E91): 1
[2026-05-13T06:29:27.8394988-07:00] [pid=2224] LogDevObjectVersion:   Dev-Enterprise (9DFFBCD6-494F-0158-E221-12823C92A888): 10
[2026-05-13T06:29:27.8394988-07:00] [pid=2224] LogDevObjectVersion:   Dev-Niagara (F2AED0AC-9AFE-416F-8664-AA7FFA26D6FC): 1
[2026-05-13T06:29:27.8394988-07:00] [pid=2224] LogDevObjectVersion:   Dev-Destruction (174F1F0B-B4C6-45A5-B13F-2EE8D0FB917D): 10
[2026-05-13T06:29:27.8394988-07:00] [pid=2224] LogDevObjectVersion:   Dev-Physics-Ext (35F94A83-E258-406C-A318-09F59610247C): 41
[2026-05-13T06:29:27.8410060-07:00] [pid=2224] LogDevObjectVersion:   Dev-PhysicsMaterial-Chaos (B68FC16E-8B1B-42E2-B453-215C058844FE): 1
[2026-05-13T06:29:27.8410060-07:00] [pid=2224] LogDevObjectVersion:   Dev-CineCamera (B2E18506-4273-CFC2-A54E-F4BB758BBA07): 1
[2026-05-13T06:29:27.8410060-07:00] [pid=2224] LogDevObjectVersion:   Dev-VirtualProduction (64F58936-FD1B-42BA-BA96-7289D5D0FA4E): 1
[2026-05-13T06:29:27.8410060-07:00] [pid=2224] LogDevObjectVersion:   Dev-MediaFramework (6F0ED827-A609-4895-9C91-998D90180EA4): 2
[2026-05-13T06:29:27.8455188-07:00] [pid=2224] LogInit: Presizing for max 25165824 objects, including 0 objects not considered by GC, pre-allocating 0 bytes for permanent pool.
[2026-05-13T06:29:27.8455188-07:00] [pid=2224] LogConfig: Applying CVar settings from Section [/Script/Engine.StreamingSettings] File [C:/Users/kapil/OneDrive/Documents/Unreal Projects/testTP/Saved/Config/Windows/Engine.ini]
[2026-05-13T06:29:27.8465219-07:00] [pid=2224] LogConfig: Setting CVar [[s.MinBulkDataSizeForAsyncLoading:131072]]
[2026-05-13T06:29:27.8465219-07:00] [pid=2224] LogConfig: Setting CVar [[s.AsyncLoadingThreadEnabled:0]]
[2026-05-13T06:29:27.8465219-07:00] [pid=2224] LogConfig: Setting CVar [[s.EventDrivenLoaderEnabled:1]]
[2026-05-13T06:29:27.8465219-07:00] [pid=2224] LogConfig: Setting CVar [[s.WarnIfTimeLimitExceeded:0]]
[2026-05-13T06:29:27.8465219-07:00] [pid=2224] LogConfig: Setting CVar [[s.TimeLimitExceededMultiplier:1.5]]
[2026-05-13T06:29:27.8465219-07:00] [pid=2224] LogConfig: Setting CVar [[s.TimeLimitExceededMinTime:0.005]]
[2026-05-13T06:29:27.8465219-07:00] [pid=2224] LogConfig: Setting CVar [[s.UseBackgroundLevelStreaming:1]]
[2026-05-13T06:29:27.8465219-07:00] [pid=2224] LogConfig: Setting CVar [[s.PriorityAsyncLoadingExtraTime:15.0]]
[2026-05-13T06:29:27.8465219-07:00] [pid=2224] LogConfig: Setting CVar [[s.LevelStreamingActorsUpdateTimeLimit:5.0]]
[2026-05-13T06:29:27.8465219-07:00] [pid=2224] LogConfig: Setting CVar [[s.PriorityLevelStreamingActorsUpdateExtraTime:5.0]]
[2026-05-13T06:29:27.8465219-07:00] [pid=2224] LogConfig: Setting CVar [[s.LevelStreamingComponentsRegistrationGranularity:10]]
[2026-05-13T06:29:27.8465219-07:00] [pid=2224] LogConfig: Setting CVar [[s.UnregisterComponentsTimeLimit:1.0]]
[2026-05-13T06:29:27.8465219-07:00] [pid=2224] LogConfig: Setting CVar [[s.LevelStreamingComponentsUnregistrationGranularity:5]]
[2026-05-13T06:29:27.8475217-07:00] [pid=2224] LogConfig: Setting CVar [[s.FlushStreamingOnExit:1]]
[2026-05-13T06:29:27.8495231-07:00] [pid=2224] LogInit: Object subsystem initialized
[2026-05-13T06:29:27.8520322-07:00] [pid=2224] LogConfig: Setting CVar [[con.DebugEarlyDefault:1]]
[2026-05-13T06:29:27.8520322-07:00] [pid=2224] LogConfig: Setting CVar [[r.setres:1280x720]]
[2026-05-13T06:29:27.8520322-07:00] [pid=2224] [2026.05.13-13.29.27:852][  0]LogConfig: Setting CVar [[con.DebugEarlyDefault:1]]
[2026-05-13T06:29:27.8520322-07:00] [pid=2224] [2026.05.13-13.29.27:852][  0]LogConfig: Setting CVar [[r.setres:1280x720]]
[2026-05-13T06:29:27.8520322-07:00] [pid=2224] [2026.05.13-13.29.27:852][  0]LogConfig: Applying CVar settings from Section [/Script/Engine.RendererSettings] File [C:/Users/kapil/OneDrive/Documents/Unreal Projects/testTP/Saved/Config/Windows/Engine.ini]
[2026-05-13T06:29:27.8520322-07:00] [pid=2224] [2026.05.13-13.29.27:852][  0]LogConfig: Setting CVar [[r.GPUCrashDebugging:0]]
[2026-05-13T06:29:27.8520322-07:00] [pid=2224] [2026.05.13-13.29.27:852][  0]LogConfig: Applying CVar settings from Section [/Script/Engine.RendererOverrideSettings] File [C:/Users/kapil/OneDrive/Documents/Unreal Projects/testTP/Saved/Config/Windows/Engine.ini]
[2026-05-13T06:29:27.8520322-07:00] [pid=2224] [2026.05.13-13.29.27:852][  0]LogConfig: Applying CVar settings from Section [/Script/Engine.StreamingSettings] File [C:/Users/kapil/OneDrive/Documents/Unreal Projects/testTP/Saved/Config/Windows/Engine.ini]
[2026-05-13T06:29:27.8520322-07:00] [pid=2224] [2026.05.13-13.29.27:852][  0]LogConfig: Setting CVar [[s.MinBulkDataSizeForAsyncLoading:131072]]
[2026-05-13T06:29:27.8520322-07:00] [pid=2224] [2026.05.13-13.29.27:852][  0]LogConfig: Setting CVar [[s.AsyncLoadingThreadEnabled:0]]
[2026-05-13T06:29:27.8520322-07:00] [pid=2224] [2026.05.13-13.29.27:852][  0]LogConfig: Setting CVar [[s.EventDrivenLoaderEnabled:1]]
[2026-05-13T06:29:27.8520322-07:00] [pid=2224] [2026.05.13-13.29.27:852][  0]LogConfig: Setting CVar [[s.WarnIfTimeLimitExceeded:0]]
[2026-05-13T06:29:27.8520322-07:00] [pid=2224] [2026.05.13-13.29.27:852][  0]LogConfig: Setting CVar [[s.TimeLimitExceededMultiplier:1.5]]
[2026-05-13T06:29:27.8520322-07:00] [pid=2224] [2026.05.13-13.29.27:852][  0]LogConfig: Setting CVar [[s.TimeLimitExceededMinTime:0.005]]
[2026-05-13T06:29:27.8520322-07:00] [pid=2224] [2026.05.13-13.29.27:852][  0]LogConfig: Setting CVar [[s.UseBackgroundLevelStreaming:1]]
[2026-05-13T06:29:27.8530321-07:00] [pid=2224] [2026.05.13-13.29.27:852][  0]LogConfig: Setting CVar [[s.PriorityAsyncLoadingExtraTime:15.0]]
[2026-05-13T06:29:27.8530321-07:00] [pid=2224] [2026.05.13-13.29.27:853][  0]LogConfig: Setting CVar [[s.LevelStreamingActorsUpdateTimeLimit:5.0]]
[2026-05-13T06:29:27.8530321-07:00] [pid=2224] [2026.05.13-13.29.27:853][  0]LogConfig: Setting CVar [[s.PriorityLevelStreamingActorsUpdateExtraTime:5.0]]
[2026-05-13T06:29:27.8540326-07:00] [pid=2224] [2026.05.13-13.29.27:853][  0]LogConfig: Setting CVar [[s.LevelStreamingComponentsRegistrationGranularity:10]]
[2026-05-13T06:29:27.8540326-07:00] [pid=2224] [2026.05.13-13.29.27:853][  0]LogConfig: Setting CVar [[s.UnregisterComponentsTimeLimit:1.0]]
[2026-05-13T06:29:27.8540326-07:00] [pid=2224] [2026.05.13-13.29.27:854][  0]LogConfig: Setting CVar [[s.LevelStreamingComponentsUnregistrationGranularity:5]]
[2026-05-13T06:29:27.8540326-07:00] [pid=2224] [2026.05.13-13.29.27:854][  0]LogConfig: Setting CVar [[s.FlushStreamingOnExit:1]]
[2026-05-13T06:29:27.8540326-07:00] [pid=2224] [2026.05.13-13.29.27:854][  0]LogConfig: Applying CVar settings from Section [/Script/Engine.GarbageCollectionSettings] File [C:/Users/kapil/OneDrive/Documents/Unreal Projects/testTP/Saved/Config/Windows/Engine.ini]
[2026-05-13T06:29:27.8540326-07:00] [pid=2224] [2026.05.13-13.29.27:854][  0]LogConfig: Setting CVar [[gc.MaxObjectsNotConsideredByGC:1]]
[2026-05-13T06:29:27.8540326-07:00] [pid=2224] [2026.05.13-13.29.27:854][  0]LogConfig: Setting CVar [[gc.SizeOfPermanentObjectPool:0]]
[2026-05-13T06:29:27.8545359-07:00] [pid=2224] [2026.05.13-13.29.27:854][  0]LogConfig: Setting CVar [[gc.FlushStreamingOnGC:0]]
[2026-05-13T06:29:27.8545359-07:00] [pid=2224] [2026.05.13-13.29.27:854][  0]LogConfig: Setting CVar [[gc.NumRetriesBeforeForcingGC:10]]
[2026-05-13T06:29:27.8545359-07:00] [pid=2224] [2026.05.13-13.29.27:854][  0]LogConfig: Setting CVar [[gc.AllowParallelGC:1]]
[2026-05-13T06:29:27.8545359-07:00] [pid=2224] [2026.05.13-13.29.27:854][  0]LogConfig: Setting CVar [[gc.TimeBetweenPurgingPendingKillObjects:61.1]]
[2026-05-13T06:29:27.8545359-07:00] [pid=2224] [2026.05.13-13.29.27:854][  0]LogConfig: Setting CVar [[gc.MaxObjectsInEditor:25165824]]
[2026-05-13T06:29:27.8545359-07:00] [pid=2224] [2026.05.13-13.29.27:854][  0]LogConfig: Setting CVar [[gc.IncrementalBeginDestroyEnabled:1]]
[2026-05-13T06:29:27.8545359-07:00] [pid=2224] [2026.05.13-13.29.27:854][  0]LogConfig: Setting CVar [[gc.CreateGCClusters:1]]
[2026-05-13T06:29:27.8545359-07:00] [pid=2224] [2026.05.13-13.29.27:854][  0]LogConfig: Setting CVar [[gc.MinGCClusterSize:5]]
[2026-05-13T06:29:27.8545359-07:00] [pid=2224] [2026.05.13-13.29.27:854][  0]LogConfig: Setting CVar [[gc.ActorClusteringEnabled:0]]
[2026-05-13T06:29:27.8545359-07:00] [pid=2224] [2026.05.13-13.29.27:854][  0]LogConfig: Setting CVar [[gc.BlueprintClusteringEnabled:0]]
[2026-05-13T06:29:27.8555399-07:00] [pid=2224] [2026.05.13-13.29.27:854][  0]LogConfig: Setting CVar [[gc.UseDisregardForGCOnDedicatedServers:0]]
[2026-05-13T06:29:27.8555399-07:00] [pid=2224] [2026.05.13-13.29.27:855][  0]LogConfig: Setting CVar [[gc.MultithreadedDestructionEnabled:1]]
[2026-05-13T06:29:27.8555399-07:00] [pid=2224] [2026.05.13-13.29.27:855][  0]LogConfig: Applying CVar settings from Section [/Script/Engine.NetworkSettings] File [C:/Users/kapil/OneDrive/Documents/Unreal Projects/testTP/Saved/Config/Windows/Engine.ini]
[2026-05-13T06:29:27.8555399-07:00] [pid=2224] [2026.05.13-13.29.27:855][  0]LogConfig: Applying CVar settings from Section [/Script/UnrealEd.CookerSettings] File [C:/Users/kapil/OneDrive/Documents/Unreal Projects/testTP/Saved/Config/Windows/Engine.ini]
[2026-05-13T06:29:27.8595431-07:00] [pid=2224] [2026.05.13-13.29.27:859][  0]LogConfig: Applying CVar settings from Section [ViewDistanceQuality@3] File [C:/Users/kapil/OneDrive/Documents/Unreal Projects/testTP/Saved/Config/Windows/Scalability.ini]
[2026-05-13T06:29:27.8595431-07:00] [pid=2224] [2026.05.13-13.29.27:859][  0]LogConfig: Setting CVar [[r.SkeletalMeshLODBias:0]]
[2026-05-13T06:29:27.8595431-07:00] [pid=2224] [2026.05.13-13.29.27:859][  0]LogConfig: Setting CVar [[r.ViewDistanceScale:1.0]]
[2026-05-13T06:29:27.8610472-07:00] [pid=2224] [2026.05.13-13.29.27:859][  0]LogConfig: Applying CVar settings from Section [AntiAliasingQuality@3] File [C:/Users/kapil/OneDrive/Documents/Unreal Projects/testTP/Saved/Config/Windows/Scalability.ini]
[2026-05-13T06:29:27.8610472-07:00] [pid=2224] [2026.05.13-13.29.27:861][  0]LogConfig: Setting CVar [[r.PostProcessAAQuality:4]]
[2026-05-13T06:29:27.8610472-07:00] [pid=2224] [2026.05.13-13.29.27:861][  0]LogConfig: Applying CVar settings from Section [ShadowQuality@3] File [C:/Users/kapil/OneDrive/Documents/Unreal Projects/testTP/Saved/Config/Windows/Scalability.ini]
[2026-05-13T06:29:27.8610472-07:00] [pid=2224] [2026.05.13-13.29.27:861][  0]LogConfig: Setting CVar [[r.LightFunctionQuality:1]]
[2026-05-13T06:29:27.8610472-07:00] [pid=2224] [2026.05.13-13.29.27:861][  0]LogConfig: Setting CVar [[r.ShadowQuality:5]]
[2026-05-13T06:29:27.8610472-07:00] [pid=2224] [2026.05.13-13.29.27:861][  0]LogConfig: Setting CVar [[r.Shadow.CSM.MaxCascades:10]]
[2026-05-13T06:29:27.8620534-07:00] [pid=2224] [2026.05.13-13.29.27:861][  0]LogConfig: Setting CVar [[r.Shadow.MaxResolution:2048]]
[2026-05-13T06:29:27.8620534-07:00] [pid=2224] [2026.05.13-13.29.27:861][  0]LogConfig: Setting CVar [[r.Shadow.MaxCSMResolution:2048]]
[2026-05-13T06:29:27.8620534-07:00] [pid=2224] [2026.05.13-13.29.27:862][  0]LogConfig: Setting CVar [[r.Shadow.RadiusThreshold:0.01]]
[2026-05-13T06:29:27.8620534-07:00] [pid=2224] [2026.05.13-13.29.27:862][  0]LogConfig: Setting CVar [[r.Shadow.DistanceScale:1.0]]
[2026-05-13T06:29:27.8620534-07:00] [pid=2224] [2026.05.13-13.29.27:862][  0]LogConfig: Setting CVar [[r.Shadow.CSM.TransitionScale:1.0]]
[2026-05-13T06:29:27.8620534-07:00] [pid=2224] [2026.05.13-13.29.27:862][  0]LogConfig: Setting CVar [[r.Shadow.PreShadowResolutionFactor:1.0]]
[2026-05-13T06:29:27.8620534-07:00] [pid=2224] [2026.05.13-13.29.27:862][  0]LogConfig: Setting CVar [[r.DistanceFieldShadowing:1]]
[2026-05-13T06:29:27.8630530-07:00] [pid=2224] [2026.05.13-13.29.27:862][  0]LogConfig: Setting CVar [[r.DistanceFieldAO:1]]
[2026-05-13T06:29:27.8630530-07:00] [pid=2224] [2026.05.13-13.29.27:863][  0]LogConfig: Setting CVar [[r.AOQuality:2]]
[2026-05-13T06:29:27.8630530-07:00] [pid=2224] [2026.05.13-13.29.27:863][  0]LogConfig: Setting CVar [[r.VolumetricFog:1]]
[2026-05-13T06:29:27.8630530-07:00] [pid=2224] [2026.05.13-13.29.27:863][  0]LogConfig: Setting CVar [[r.VolumetricFog.GridPixelSize:8]]
[2026-05-13T06:29:27.8630530-07:00] [pid=2224] [2026.05.13-13.29.27:863][  0]LogConfig: Setting CVar [[r.VolumetricFog.GridSizeZ:128]]
[2026-05-13T06:29:27.8630530-07:00] [pid=2224] [2026.05.13-13.29.27:863][  0]LogConfig: Setting CVar [[r.VolumetricFog.HistoryMissSupersampleCount:4]]
[2026-05-13T06:29:27.8630530-07:00] [pid=2224] [2026.05.13-13.29.27:863][  0]LogConfig: Setting CVar [[r.LightMaxDrawDistanceScale:1]]
[2026-05-13T06:29:27.8630530-07:00] [pid=2224] [2026.05.13-13.29.27:863][  0]LogConfig: Setting CVar [[r.CapsuleShadows:1]]
[2026-05-13T06:29:27.8630530-07:00] [pid=2224] [2026.05.13-13.29.27:863][  0]LogConfig: Applying CVar settings from Section [PostProcessQuality@3] File [C:/Users/kapil/OneDrive/Documents/Unreal Projects/testTP/Saved/Config/Windows/Scalability.ini]
[2026-05-13T06:29:27.8630530-07:00] [pid=2224] [2026.05.13-13.29.27:863][  0]LogConfig: Setting CVar [[r.MotionBlurQuality:4]]
[2026-05-13T06:29:27.8630530-07:00] [pid=2224] [2026.05.13-13.29.27:863][  0]LogConfig: Setting CVar [[r.AmbientOcclusionMipLevelFactor:0.4]]
[2026-05-13T06:29:27.8630530-07:00] [pid=2224] [2026.05.13-13.29.27:863][  0]LogConfig: Setting CVar [[r.AmbientOcclusionMaxQuality:100]]
[2026-05-13T06:29:27.8630530-07:00] [pid=2224] [2026.05.13-13.29.27:863][  0]LogConfig: Setting CVar [[r.AmbientOcclusionLevels:-1]]
[2026-05-13T06:29:27.8630530-07:00] [pid=2224] [2026.05.13-13.29.27:863][  0]LogConfig: Setting CVar [[r.AmbientOcclusionRadiusScale:1.0]]
[2026-05-13T06:29:27.8630530-07:00] [pid=2224] [2026.05.13-13.29.27:863][  0]LogConfig: Setting CVar [[r.DepthOfFieldQuality:2]]
[2026-05-13T06:29:27.8630530-07:00] [pid=2224] [2026.05.13-13.29.27:863][  0]LogConfig: Setting CVar [[r.RenderTargetPoolMin:400]]
[2026-05-13T06:29:27.8630530-07:00] [pid=2224] [2026.05.13-13.29.27:863][  0]LogConfig: Setting CVar [[r.LensFlareQuality:2]]
[2026-05-13T06:29:27.8630530-07:00] [pid=2224] [2026.05.13-13.29.27:863][  0]LogConfig: Setting CVar [[r.SceneColorFringeQuality:1]]
[2026-05-13T06:29:27.8640525-07:00] [pid=2224] [2026.05.13-13.29.27:863][  0]LogConfig: Setting CVar [[r.EyeAdaptationQuality:2]]
[2026-05-13T06:29:27.8640525-07:00] [pid=2224] [2026.05.13-13.29.27:864][  0]LogConfig: Setting CVar [[r.BloomQuality:5]]
[2026-05-13T06:29:27.8640525-07:00] [pid=2224] [2026.05.13-13.29.27:864][  0]LogConfig: Setting CVar [[r.FastBlurThreshold:100]]
[2026-05-13T06:29:27.8640525-07:00] [pid=2224] [2026.05.13-13.29.27:864][  0]LogConfig: Setting CVar [[r.Upscale.Quality:3]]
[2026-05-13T06:29:27.8640525-07:00] [pid=2224] [2026.05.13-13.29.27:864][  0]LogConfig: Setting CVar [[r.Tonemapper.GrainQuantization:1]]
[2026-05-13T06:29:27.8640525-07:00] [pid=2224] [2026.05.13-13.29.27:864][  0]LogConfig: Setting CVar [[r.LightShaftQuality:1]]
[2026-05-13T06:29:27.8640525-07:00] [pid=2224] [2026.05.13-13.29.27:864][  0]LogConfig: Setting CVar [[r.Filter.SizeScale:1]]
[2026-05-13T06:29:27.8640525-07:00] [pid=2224] [2026.05.13-13.29.27:864][  0]LogConfig: Setting CVar [[r.Tonemapper.Quality:5]]
[2026-05-13T06:29:27.8640525-07:00] [pid=2224] [2026.05.13-13.29.27:864][  0]LogConfig: Setting CVar [[r.DOF.Gather.AccumulatorQuality:1        ; higher gathering accumulator quality]]
[2026-05-13T06:29:27.8645551-07:00] [pid=2224] [2026.05.13-13.29.27:864][  0]LogConfig: Setting CVar [[r.DOF.Gather.PostfilterMethod:1          ; Median3x3 postfilering method]]
[2026-05-13T06:29:27.8645551-07:00] [pid=2224] [2026.05.13-13.29.27:864][  0]LogConfig: Setting CVar [[r.DOF.Gather.EnableBokehSettings:0       ; no bokeh simulation when gathering]]
[2026-05-13T06:29:27.8645551-07:00] [pid=2224] [2026.05.13-13.29.27:864][  0]LogConfig: Setting CVar [[r.DOF.Gather.RingCount:4                 ; medium number of samples when gathering]]
[2026-05-13T06:29:27.8645551-07:00] [pid=2224] [2026.05.13-13.29.27:864][  0]LogConfig: Setting CVar [[r.DOF.Scatter.ForegroundCompositing:1    ; additive foreground scattering]]
[2026-05-13T06:29:27.8645551-07:00] [pid=2224] [2026.05.13-13.29.27:864][  0]LogConfig: Setting CVar [[r.DOF.Scatter.BackgroundCompositing:2    ; additive background scattering]]
[2026-05-13T06:29:27.8645551-07:00] [pid=2224] [2026.05.13-13.29.27:864][  0]LogConfig: Setting CVar [[r.DOF.Scatter.EnableBokehSettings:1      ; bokeh simulation when scattering]]
[2026-05-13T06:29:27.8645551-07:00] [pid=2224] [2026.05.13-13.29.27:864][  0]LogConfig: Setting CVar [[r.DOF.Scatter.MaxSpriteRatio:0.1         ; only a maximum of 10% of scattered bokeh]]
[2026-05-13T06:29:27.8645551-07:00] [pid=2224] [2026.05.13-13.29.27:864][  0]LogConfig: Setting CVar [[r.DOF.Recombine.Quality:1                ; cheap slight out of focus]]
[2026-05-13T06:29:27.8645551-07:00] [pid=2224] [2026.05.13-13.29.27:864][  0]LogConfig: Setting CVar [[r.DOF.Recombine.EnableBokehSettings:0    ; no bokeh simulation on slight out of focus]]
[2026-05-13T06:29:27.8645551-07:00] [pid=2224] [2026.05.13-13.29.27:864][  0]LogConfig: Setting CVar [[r.DOF.TemporalAAQuality:1                ; more stable temporal accumulation]]
[2026-05-13T06:29:27.8655582-07:00] [pid=2224] [2026.05.13-13.29.27:864][  0]LogConfig: Setting CVar [[r.DOF.Kernel.MaxForegroundRadius:0.025]]
[2026-05-13T06:29:27.8655582-07:00] [pid=2224] [2026.05.13-13.29.27:864][  0]LogConfig: Setting CVar [[r.DOF.Kernel.MaxBackgroundRadius:0.025]]
[2026-05-13T06:29:27.8655582-07:00] [pid=2224] [2026.05.13-13.29.27:865][  0]LogConfig: Applying CVar settings from Section [TextureQuality@3] File [C:/Users/kapil/OneDrive/Documents/Unreal Projects/testTP/Saved/Config/Windows/Scalability.ini]
[2026-05-13T06:29:27.8655582-07:00] [pid=2224] [2026.05.13-13.29.27:865][  0]LogConfig: Setting CVar [[r.Streaming.MipBias:0]]
[2026-05-13T06:29:27.8655582-07:00] [pid=2224] [2026.05.13-13.29.27:865][  0]LogConfig: Setting CVar [[r.Streaming.AmortizeCPUToGPUCopy:0]]
[2026-05-13T06:29:27.8655582-07:00] [pid=2224] [2026.05.13-13.29.27:865][  0]LogConfig: Setting CVar [[r.Streaming.MaxNumTexturesToStreamPerFrame:0]]
[2026-05-13T06:29:27.8655582-07:00] [pid=2224] [2026.05.13-13.29.27:865][  0]LogConfig: Setting CVar [[r.Streaming.Boost:1]]
[2026-05-13T06:29:27.8655582-07:00] [pid=2224] [2026.05.13-13.29.27:865][  0]LogConfig: Setting CVar [[r.MaxAnisotropy:8]]
[2026-05-13T06:29:27.8655582-07:00] [pid=2224] [2026.05.13-13.29.27:865][  0]LogConfig: Setting CVar [[r.VT.MaxAnisotropy:8]]
[2026-05-13T06:29:27.8655582-07:00] [pid=2224] [2026.05.13-13.29.27:865][  0]LogConfig: Setting CVar [[r.Streaming.LimitPoolSizeToVRAM:0]]
[2026-05-13T06:29:27.8655582-07:00] [pid=2224] [2026.05.13-13.29.27:865][  0]LogConfig: Setting CVar [[r.Streaming.PoolSize:1000]]
[2026-05-13T06:29:27.8665606-07:00] [pid=2224] [2026.05.13-13.29.27:865][  0]LogConfig: Setting CVar [[r.Streaming.MaxEffectiveScreenSize:0]]
[2026-05-13T06:29:27.8665606-07:00] [pid=2224] [2026.05.13-13.29.27:865][  0]LogConfig: Applying CVar settings from Section [EffectsQuality@3] File [C:/Users/kapil/OneDrive/Documents/Unreal Projects/testTP/Saved/Config/Windows/Scalability.ini]
[2026-05-13T06:29:27.8665606-07:00] [pid=2224] [2026.05.13-13.29.27:866][  0]LogConfig: Setting CVar [[r.TranslucencyLightingVolumeDim:64]]
[2026-05-13T06:29:27.8665606-07:00] [pid=2224] [2026.05.13-13.29.27:866][  0]LogConfig: Setting CVar [[r.RefractionQuality:2]]
[2026-05-13T06:29:27.8665606-07:00] [pid=2224] [2026.05.13-13.29.27:866][  0]LogConfig: Setting CVar [[r.SSR.Quality:3]]
[2026-05-13T06:29:27.8665606-07:00] [pid=2224] [2026.05.13-13.29.27:866][  0]LogConfig: Setting CVar [[r.SSR.HalfResSceneColor:0]]
[2026-05-13T06:29:27.8665606-07:00] [pid=2224] [2026.05.13-13.29.27:866][  0]LogConfig: Setting CVar [[r.SceneColorFormat:4]]
[2026-05-13T06:29:27.8665606-07:00] [pid=2224] [2026.05.13-13.29.27:866][  0]LogConfig: Setting CVar [[r.DetailMode:2]]
[2026-05-13T06:29:27.8665606-07:00] [pid=2224] [2026.05.13-13.29.27:866][  0]LogConfig: Setting CVar [[r.TranslucencyVolumeBlur:1]]
[2026-05-13T06:29:27.8665606-07:00] [pid=2224] [2026.05.13-13.29.27:866][  0]LogConfig: Setting CVar [[r.MaterialQualityLevel:1 ; High quality]]
[2026-05-13T06:29:27.8675605-07:00] [pid=2224] [2026.05.13-13.29.27:866][  0]LogConfig: Setting CVar [[r.AnisotropicMaterials:1]]
[2026-05-13T06:29:27.8675605-07:00] [pid=2224] [2026.05.13-13.29.27:866][  0]LogConfig: Setting CVar [[r.SSS.Scale:1]]
[2026-05-13T06:29:27.8675605-07:00] [pid=2224] [2026.05.13-13.29.27:867][  0]LogConfig: Setting CVar [[r.SSS.SampleSet:2]]
[2026-05-13T06:29:27.8685608-07:00] [pid=2224] [2026.05.13-13.29.27:867][  0]LogConfig: Setting CVar [[r.SSS.Quality:1]]
[2026-05-13T06:29:27.8685608-07:00] [pid=2224] [2026.05.13-13.29.27:867][  0]LogConfig: Setting CVar [[r.SSS.HalfRes:0]]
[2026-05-13T06:29:27.8685608-07:00] [pid=2224] [2026.05.13-13.29.27:868][  0]LogConfig: Setting CVar [[r.SSGI.Quality:3]]
[2026-05-13T06:29:27.8685608-07:00] [pid=2224] [2026.05.13-13.29.27:868][  0]LogConfig: Setting CVar [[r.EmitterSpawnRateScale:1.0]]
[2026-05-13T06:29:27.8685608-07:00] [pid=2224] [2026.05.13-13.29.27:868][  0]LogConfig: Setting CVar [[r.ParticleLightQuality:2]]
[2026-05-13T06:29:27.8685608-07:00] [pid=2224] [2026.05.13-13.29.27:868][  0]LogConfig: Setting CVar [[r.SkyAtmosphere.AerialPerspectiveLUT.FastApplyOnOpaque:1 ; Always have FastSkyLUT 1 in this case to avoid wrong sky]]
[2026-05-13T06:29:27.8685608-07:00] [pid=2224] [2026.05.13-13.29.27:868][  0]LogConfig: Setting CVar [[r.SkyAtmosphere.AerialPerspectiveLUT.SampleCountMaxPerSlice:4]]
[2026-05-13T06:29:27.8685608-07:00] [pid=2224] [2026.05.13-13.29.27:868][  0]LogConfig: Setting CVar [[r.SkyAtmosphere.AerialPerspectiveLUT.DepthResolution:16.0]]
[2026-05-13T06:29:27.8685608-07:00] [pid=2224] [2026.05.13-13.29.27:868][  0]LogConfig: Setting CVar [[r.SkyAtmosphere.FastSkyLUT:1]]
[2026-05-13T06:29:27.8685608-07:00] [pid=2224] [2026.05.13-13.29.27:868][  0]LogConfig: Setting CVar [[r.SkyAtmosphere.FastSkyLUT.SampleCountMin:4.0]]
[2026-05-13T06:29:27.8685608-07:00] [pid=2224] [2026.05.13-13.29.27:868][  0]LogConfig: Setting CVar [[r.SkyAtmosphere.FastSkyLUT.SampleCountMax:128.0]]
[2026-05-13T06:29:27.8685608-07:00] [pid=2224] [2026.05.13-13.29.27:868][  0]LogConfig: Setting CVar [[r.SkyAtmosphere.SampleCountMin:4.0]]
[2026-05-13T06:29:27.8685608-07:00] [pid=2224] [2026.05.13-13.29.27:868][  0]LogConfig: Setting CVar [[r.SkyAtmosphere.SampleCountMax:128.0]]
[2026-05-13T06:29:27.8695612-07:00] [pid=2224] [2026.05.13-13.29.27:868][  0]LogConfig: Setting CVar [[r.SkyAtmosphere.TransmittanceLUT.UseSmallFormat:0]]
[2026-05-13T06:29:27.8695612-07:00] [pid=2224] [2026.05.13-13.29.27:869][  0]LogConfig: Setting CVar [[r.SkyAtmosphere.TransmittanceLUT.SampleCount:10.0]]
[2026-05-13T06:29:27.8695612-07:00] [pid=2224] [2026.05.13-13.29.27:869][  0]LogConfig: Setting CVar [[r.SkyAtmosphere.MultiScatteringLUT.SampleCount:15.0]]
[2026-05-13T06:29:27.8695612-07:00] [pid=2224] [2026.05.13-13.29.27:869][  0]LogConfig: Setting CVar [[r.SkyLight.RealTimeReflectionCapture:1]]
[2026-05-13T06:29:27.8695612-07:00] [pid=2224] [2026.05.13-13.29.27:869][  0]LogConfig: Applying CVar settings from Section [FoliageQuality@3] File [C:/Users/kapil/OneDrive/Documents/Unreal Projects/testTP/Saved/Config/Windows/Scalability.ini]
[2026-05-13T06:29:27.8695612-07:00] [pid=2224] [2026.05.13-13.29.27:869][  0]LogConfig: Setting CVar [[foliage.DensityScale:1.0]]
[2026-05-13T06:29:27.8695612-07:00] [pid=2224] [2026.05.13-13.29.27:869][  0]LogConfig: Setting CVar [[grass.DensityScale:1.0]]
[2026-05-13T06:29:27.8695612-07:00] [pid=2224] [2026.05.13-13.29.27:869][  0]LogConfig: Applying CVar settings from Section [ShadingQuality@3] File [C:/Users/kapil/OneDrive/Documents/Unreal Projects/testTP/Saved/Config/Windows/Scalability.ini]
[2026-05-13T06:29:27.8695612-07:00] [pid=2224] [2026.05.13-13.29.27:869][  0]LogConfig: Setting CVar [[r.HairStrands.SkyLighting.IntegrationType:2]]
[2026-05-13T06:29:27.8695612-07:00] [pid=2224] [2026.05.13-13.29.27:869][  0]LogConfig: Setting CVar [[r.HairStrands.SkyAO.SampleCount:4]]
[2026-05-13T06:29:27.8710647-07:00] [pid=2224] [2026.05.13-13.29.27:869][  0]LogConfig: Setting CVar [[r.HairStrands.Visibility.MSAA.SamplePerPixel:4]]
[2026-05-13T06:29:27.8710647-07:00] [pid=2224] [2026.05.13-13.29.27:869][  0]LogInit: Selected Device Profile: [Windows]
[2026-05-13T06:29:27.8710647-07:00] [pid=2224] [2026.05.13-13.29.27:871][  0]LogInit: Applying CVar settings loaded from the selected device profile: [Windows]
[2026-05-13T06:29:27.8710647-07:00] [pid=2224] [2026.05.13-13.29.27:871][  0]LogHAL: Display: Platform has ~ 16 GB [16849256448 / 17179869184 / 16], which maps to Larger [LargestMinGB=32, LargerMinGB=12, DefaultMinGB=8, SmallerMinGB=6, SmallestMinGB=0)
[2026-05-13T06:29:27.8710647-07:00] [pid=2224] [2026.05.13-13.29.27:871][  0]LogInit: Going up to parent DeviceProfile []
[2026-05-13T06:29:27.8720789-07:00] [pid=2224] [2026.05.13-13.29.27:871][  0]LogConfig: Applying CVar settings from Section [ViewDistanceQuality@3] File [C:/Users/kapil/OneDrive/Documents/Unreal Projects/testTP/Saved/Config/Windows/Scalability.ini]
[2026-05-13T06:29:27.8720789-07:00] [pid=2224] [2026.05.13-13.29.27:871][  0]LogConfig: Setting CVar [[r.SkeletalMeshLODBias:0]]
[2026-05-13T06:29:27.8720789-07:00] [pid=2224] [2026.05.13-13.29.27:872][  0]LogConfig: Setting CVar [[r.ViewDistanceScale:1.0]]
[2026-05-13T06:29:27.8720789-07:00] [pid=2224] [2026.05.13-13.29.27:872][  0]LogConfig: Applying CVar settings from Section [AntiAliasingQuality@3] File [C:/Users/kapil/OneDrive/Documents/Unreal Projects/testTP/Saved/Config/Windows/Scalability.ini]
[2026-05-13T06:29:27.8720789-07:00] [pid=2224] [2026.05.13-13.29.27:872][  0]LogConfig: Setting CVar [[r.PostProcessAAQuality:4]]
[2026-05-13T06:29:27.8720789-07:00] [pid=2224] [2026.05.13-13.29.27:872][  0]LogConfig: Applying CVar settings from Section [ShadowQuality@3] File [C:/Users/kapil/OneDrive/Documents/Unreal Projects/testTP/Saved/Config/Windows/Scalability.ini]
[2026-05-13T06:29:27.8720789-07:00] [pid=2224] [2026.05.13-13.29.27:872][  0]LogConfig: Setting CVar [[r.LightFunctionQuality:1]]
[2026-05-13T06:29:27.8720789-07:00] [pid=2224] [2026.05.13-13.29.27:872][  0]LogConfig: Setting CVar [[r.ShadowQuality:5]]
[2026-05-13T06:29:27.8720789-07:00] [pid=2224] [2026.05.13-13.29.27:872][  0]LogConfig: Setting CVar [[r.Shadow.CSM.MaxCascades:10]]
[2026-05-13T06:29:27.8720789-07:00] [pid=2224] [2026.05.13-13.29.27:872][  0]LogConfig: Setting CVar [[r.Shadow.MaxResolution:2048]]
[2026-05-13T06:29:27.8720789-07:00] [pid=2224] [2026.05.13-13.29.27:872][  0]LogConfig: Setting CVar [[r.Shadow.MaxCSMResolution:2048]]
[2026-05-13T06:29:27.8720789-07:00] [pid=2224] [2026.05.13-13.29.27:872][  0]LogConfig: Setting CVar [[r.Shadow.RadiusThreshold:0.01]]
[2026-05-13T06:29:27.8720789-07:00] [pid=2224] [2026.05.13-13.29.27:872][  0]LogConfig: Setting CVar [[r.Shadow.DistanceScale:1.0]]
[2026-05-13T06:29:27.8720789-07:00] [pid=2224] [2026.05.13-13.29.27:872][  0]LogConfig: Setting CVar [[r.Shadow.CSM.TransitionScale:1.0]]
[2026-05-13T06:29:27.8720789-07:00] [pid=2224] [2026.05.13-13.29.27:872][  0]LogConfig: Setting CVar [[r.Shadow.PreShadowResolutionFactor:1.0]]
[2026-05-13T06:29:27.8720789-07:00] [pid=2224] [2026.05.13-13.29.27:872][  0]LogConfig: Setting CVar [[r.DistanceFieldShadowing:1]]
[2026-05-13T06:29:27.8720789-07:00] [pid=2224] [2026.05.13-13.29.27:872][  0]LogConfig: Setting CVar [[r.DistanceFieldAO:1]]
[2026-05-13T06:29:27.8730699-07:00] [pid=2224] [2026.05.13-13.29.27:872][  0]LogConfig: Setting CVar [[r.AOQuality:2]]
[2026-05-13T06:29:27.8730699-07:00] [pid=2224] [2026.05.13-13.29.27:873][  0]LogConfig: Setting CVar [[r.VolumetricFog:1]]
[2026-05-13T06:29:27.8730699-07:00] [pid=2224] [2026.05.13-13.29.27:873][  0]LogConfig: Setting CVar [[r.VolumetricFog.GridPixelSize:8]]
[2026-05-13T06:29:27.8730699-07:00] [pid=2224] [2026.05.13-13.29.27:873][  0]LogConfig: Setting CVar [[r.VolumetricFog.GridSizeZ:128]]
[2026-05-13T06:29:27.8730699-07:00] [pid=2224] [2026.05.13-13.29.27:873][  0]LogConfig: Setting CVar [[r.VolumetricFog.HistoryMissSupersampleCount:4]]
[2026-05-13T06:29:27.8730699-07:00] [pid=2224] [2026.05.13-13.29.27:873][  0]LogConfig: Setting CVar [[r.LightMaxDrawDistanceScale:1]]
[2026-05-13T06:29:27.8730699-07:00] [pid=2224] [2026.05.13-13.29.27:873][  0]LogConfig: Setting CVar [[r.CapsuleShadows:1]]
[2026-05-13T06:29:27.8730699-07:00] [pid=2224] [2026.05.13-13.29.27:873][  0]LogConfig: Applying CVar settings from Section [PostProcessQuality@3] File [C:/Users/kapil/OneDrive/Documents/Unreal Projects/testTP/Saved/Config/Windows/Scalability.ini]
[2026-05-13T06:29:27.8730699-07:00] [pid=2224] [2026.05.13-13.29.27:873][  0]LogConfig: Setting CVar [[r.MotionBlurQuality:4]]
[2026-05-13T06:29:27.8730699-07:00] [pid=2224] [2026.05.13-13.29.27:873][  0]LogConfig: Setting CVar [[r.AmbientOcclusionMipLevelFactor:0.4]]
[2026-05-13T06:29:27.8730699-07:00] [pid=2224] [2026.05.13-13.29.27:873][  0]LogConfig: Setting CVar [[r.AmbientOcclusionMaxQuality:100]]
[2026-05-13T06:29:27.8730699-07:00] [pid=2224] [2026.05.13-13.29.27:873][  0]LogConfig: Setting CVar [[r.AmbientOcclusionLevels:-1]]
[2026-05-13T06:29:27.8730699-07:00] [pid=2224] [2026.05.13-13.29.27:873][  0]LogConfig: Setting CVar [[r.AmbientOcclusionRadiusScale:1.0]]
[2026-05-13T06:29:27.8730699-07:00] [pid=2224] [2026.05.13-13.29.27:873][  0]LogConfig: Setting CVar [[r.DepthOfFieldQuality:2]]
[2026-05-13T06:29:27.8730699-07:00] [pid=2224] [2026.05.13-13.29.27:873][  0]LogConfig: Setting CVar [[r.RenderTargetPoolMin:400]]
[2026-05-13T06:29:27.8730699-07:00] [pid=2224] [2026.05.13-13.29.27:873][  0]LogConfig: Setting CVar [[r.LensFlareQuality:2]]
[2026-05-13T06:29:27.8730699-07:00] [pid=2224] [2026.05.13-13.29.27:873][  0]LogConfig: Setting CVar [[r.SceneColorFringeQuality:1]]
[2026-05-13T06:29:27.8740694-07:00] [pid=2224] [2026.05.13-13.29.27:873][  0]LogConfig: Setting CVar [[r.EyeAdaptationQuality:2]]
[2026-05-13T06:29:27.8740694-07:00] [pid=2224] [2026.05.13-13.29.27:874][  0]LogConfig: Setting CVar [[r.BloomQuality:5]]
[2026-05-13T06:29:27.8740694-07:00] [pid=2224] [2026.05.13-13.29.27:874][  0]LogConfig: Setting CVar [[r.FastBlurThreshold:100]]
[2026-05-13T06:29:27.8740694-07:00] [pid=2224] [2026.05.13-13.29.27:874][  0]LogConfig: Setting CVar [[r.Upscale.Quality:3]]
[2026-05-13T06:29:27.8740694-07:00] [pid=2224] [2026.05.13-13.29.27:874][  0]LogConfig: Setting CVar [[r.Tonemapper.GrainQuantization:1]]
[2026-05-13T06:29:27.8740694-07:00] [pid=2224] [2026.05.13-13.29.27:874][  0]LogConfig: Setting CVar [[r.LightShaftQuality:1]]
[2026-05-13T06:29:27.8740694-07:00] [pid=2224] [2026.05.13-13.29.27:874][  0]LogConfig: Setting CVar [[r.Filter.SizeScale:1]]
[2026-05-13T06:29:27.8740694-07:00] [pid=2224] [2026.05.13-13.29.27:874][  0]LogConfig: Setting CVar [[r.Tonemapper.Quality:5]]
[2026-05-13T06:29:27.8740694-07:00] [pid=2224] [2026.05.13-13.29.27:874][  0]LogConfig: Setting CVar [[r.DOF.Gather.AccumulatorQuality:1        ; higher gathering accumulator quality]]
[2026-05-13T06:29:27.8745719-07:00] [pid=2224] [2026.05.13-13.29.27:874][  0]LogConfig: Setting CVar [[r.DOF.Gather.PostfilterMethod:1          ; Median3x3 postfilering method]]
[2026-05-13T06:29:27.8745719-07:00] [pid=2224] [2026.05.13-13.29.27:874][  0]LogConfig: Setting CVar [[r.DOF.Gather.EnableBokehSettings:0       ; no bokeh simulation when gathering]]
[2026-05-13T06:29:27.8745719-07:00] [pid=2224] [2026.05.13-13.29.27:874][  0]LogConfig: Setting CVar [[r.DOF.Gather.RingCount:4                 ; medium number of samples when gathering]]
[2026-05-13T06:29:27.8745719-07:00] [pid=2224] [2026.05.13-13.29.27:874][  0]LogConfig: Setting CVar [[r.DOF.Scatter.ForegroundCompositing:1    ; additive foreground scattering]]
[2026-05-13T06:29:27.8745719-07:00] [pid=2224] [2026.05.13-13.29.27:874][  0]LogConfig: Setting CVar [[r.DOF.Scatter.BackgroundCompositing:2    ; additive background scattering]]
[2026-05-13T06:29:27.8745719-07:00] [pid=2224] [2026.05.13-13.29.27:874][  0]LogConfig: Setting CVar [[r.DOF.Scatter.EnableBokehSettings:1      ; bokeh simulation when scattering]]
[2026-05-13T06:29:27.8745719-07:00] [pid=2224] [2026.05.13-13.29.27:874][  0]LogConfig: Setting CVar [[r.DOF.Scatter.MaxSpriteRatio:0.1         ; only a maximum of 10% of scattered bokeh]]
[2026-05-13T06:29:27.8745719-07:00] [pid=2224] [2026.05.13-13.29.27:874][  0]LogConfig: Setting CVar [[r.DOF.Recombine.Quality:1                ; cheap slight out of focus]]
[2026-05-13T06:29:27.8745719-07:00] [pid=2224] [2026.05.13-13.29.27:874][  0]LogConfig: Setting CVar [[r.DOF.Recombine.EnableBokehSettings:0    ; no bokeh simulation on slight out of focus]]
[2026-05-13T06:29:27.8745719-07:00] [pid=2224] [2026.05.13-13.29.27:874][  0]LogConfig: Setting CVar [[r.DOF.TemporalAAQuality:1                ; more stable temporal accumulation]]
[2026-05-13T06:29:27.8745719-07:00] [pid=2224] [2026.05.13-13.29.27:874][  0]LogConfig: Setting CVar [[r.DOF.Kernel.MaxForegroundRadius:0.025]]
[2026-05-13T06:29:27.8745719-07:00] [pid=2224] [2026.05.13-13.29.27:874][  0]LogConfig: Setting CVar [[r.DOF.Kernel.MaxBackgroundRadius:0.025]]
[2026-05-13T06:29:27.8745719-07:00] [pid=2224] [2026.05.13-13.29.27:874][  0]LogConfig: Applying CVar settings from Section [TextureQuality@3] File [C:/Users/kapil/OneDrive/Documents/Unreal Projects/testTP/Saved/Config/Windows/Scalability.ini]
[2026-05-13T06:29:27.8745719-07:00] [pid=2224] [2026.05.13-13.29.27:874][  0]LogConfig: Setting CVar [[r.Streaming.MipBias:0]]
[2026-05-13T06:29:27.8745719-07:00] [pid=2224] [2026.05.13-13.29.27:874][  0]LogConfig: Setting CVar [[r.Streaming.AmortizeCPUToGPUCopy:0]]
[2026-05-13T06:29:27.8745719-07:00] [pid=2224] [2026.05.13-13.29.27:874][  0]LogConfig: Setting CVar [[r.Streaming.MaxNumTexturesToStreamPerFrame:0]]
[2026-05-13T06:29:27.8745719-07:00] [pid=2224] [2026.05.13-13.29.27:874][  0]LogConfig: Setting CVar [[r.Streaming.Boost:1]]
[2026-05-13T06:29:27.8745719-07:00] [pid=2224] [2026.05.13-13.29.27:874][  0]LogConfig: Setting CVar [[r.MaxAnisotropy:8]]
[2026-05-13T06:29:27.8745719-07:00] [pid=2224] [2026.05.13-13.29.27:874][  0]LogConfig: Setting CVar [[r.VT.MaxAnisotropy:8]]
[2026-05-13T06:29:27.8745719-07:00] [pid=2224] [2026.05.13-13.29.27:874][  0]LogConfig: Setting CVar [[r.Streaming.LimitPoolSizeToVRAM:0]]
[2026-05-13T06:29:27.8755756-07:00] [pid=2224] [2026.05.13-13.29.27:874][  0]LogConfig: Setting CVar [[r.Streaming.PoolSize:1000]]
[2026-05-13T06:29:27.8755756-07:00] [pid=2224] [2026.05.13-13.29.27:874][  0]LogConfig: Setting CVar [[r.Streaming.MaxEffectiveScreenSize:0]]
[2026-05-13T06:29:27.8755756-07:00] [pid=2224] [2026.05.13-13.29.27:875][  0]LogConfig: Applying CVar settings from Section [EffectsQuality@3] File [C:/Users/kapil/OneDrive/Documents/Unreal Projects/testTP/Saved/Config/Windows/Scalability.ini]
[2026-05-13T06:29:27.8755756-07:00] [pid=2224] [2026.05.13-13.29.27:875][  0]LogConfig: Setting CVar [[r.TranslucencyLightingVolumeDim:64]]
[2026-05-13T06:29:27.8755756-07:00] [pid=2224] [2026.05.13-13.29.27:875][  0]LogConfig: Setting CVar [[r.RefractionQuality:2]]
[2026-05-13T06:29:27.8755756-07:00] [pid=2224] [2026.05.13-13.29.27:875][  0]LogConfig: Setting CVar [[r.SSR.Quality:3]]
[2026-05-13T06:29:27.8755756-07:00] [pid=2224] [2026.05.13-13.29.27:875][  0]LogConfig: Setting CVar [[r.SSR.HalfResSceneColor:0]]
[2026-05-13T06:29:27.8755756-07:00] [pid=2224] [2026.05.13-13.29.27:875][  0]LogConfig: Setting CVar [[r.SceneColorFormat:4]]
[2026-05-13T06:29:27.8755756-07:00] [pid=2224] [2026.05.13-13.29.27:875][  0]LogConfig: Setting CVar [[r.DetailMode:2]]
[2026-05-13T06:29:27.8755756-07:00] [pid=2224] [2026.05.13-13.29.27:875][  0]LogConfig: Setting CVar [[r.TranslucencyVolumeBlur:1]]
[2026-05-13T06:29:27.8755756-07:00] [pid=2224] [2026.05.13-13.29.27:875][  0]LogConfig: Setting CVar [[r.MaterialQualityLevel:1 ; High quality]]
[2026-05-13T06:29:27.8755756-07:00] [pid=2224] [2026.05.13-13.29.27:875][  0]LogConfig: Setting CVar [[r.AnisotropicMaterials:1]]
[2026-05-13T06:29:27.8755756-07:00] [pid=2224] [2026.05.13-13.29.27:875][  0]LogConfig: Setting CVar [[r.SSS.Scale:1]]
[2026-05-13T06:29:27.8755756-07:00] [pid=2224] [2026.05.13-13.29.27:875][  0]LogConfig: Setting CVar [[r.SSS.SampleSet:2]]
[2026-05-13T06:29:27.8755756-07:00] [pid=2224] [2026.05.13-13.29.27:875][  0]LogConfig: Setting CVar [[r.SSS.Quality:1]]
[2026-05-13T06:29:27.8755756-07:00] [pid=2224] [2026.05.13-13.29.27:875][  0]LogConfig: Setting CVar [[r.SSS.HalfRes:0]]
[2026-05-13T06:29:27.8755756-07:00] [pid=2224] [2026.05.13-13.29.27:875][  0]LogConfig: Setting CVar [[r.SSGI.Quality:3]]
[2026-05-13T06:29:27.8755756-07:00] [pid=2224] [2026.05.13-13.29.27:875][  0]LogConfig: Setting CVar [[r.EmitterSpawnRateScale:1.0]]
[2026-05-13T06:29:27.8755756-07:00] [pid=2224] [2026.05.13-13.29.27:875][  0]LogConfig: Setting CVar [[r.ParticleLightQuality:2]]
[2026-05-13T06:29:27.8755756-07:00] [pid=2224] [2026.05.13-13.29.27:875][  0]LogConfig: Setting CVar [[r.SkyAtmosphere.AerialPerspectiveLUT.FastApplyOnOpaque:1 ; Always have FastSkyLUT 1 in this case to avoid wrong sky]]
[2026-05-13T06:29:27.8755756-07:00] [pid=2224] [2026.05.13-13.29.27:875][  0]LogConfig: Setting CVar [[r.SkyAtmosphere.AerialPerspectiveLUT.SampleCountMaxPerSlice:4]]
[2026-05-13T06:29:27.8755756-07:00] [pid=2224] [2026.05.13-13.29.27:875][  0]LogConfig: Setting CVar [[r.SkyAtmosphere.AerialPerspectiveLUT.DepthResolution:16.0]]
[2026-05-13T06:29:27.8755756-07:00] [pid=2224] [2026.05.13-13.29.27:875][  0]LogConfig: Setting CVar [[r.SkyAtmosphere.FastSkyLUT:1]]
[2026-05-13T06:29:27.8765783-07:00] [pid=2224] [2026.05.13-13.29.27:875][  0]LogConfig: Setting CVar [[r.SkyAtmosphere.FastSkyLUT.SampleCountMin:4.0]]
[2026-05-13T06:29:27.8765783-07:00] [pid=2224] [2026.05.13-13.29.27:876][  0]LogConfig: Setting CVar [[r.SkyAtmosphere.FastSkyLUT.SampleCountMax:128.0]]
[2026-05-13T06:29:27.8765783-07:00] [pid=2224] [2026.05.13-13.29.27:876][  0]LogConfig: Setting CVar [[r.SkyAtmosphere.SampleCountMin:4.0]]
[2026-05-13T06:29:27.8765783-07:00] [pid=2224] [2026.05.13-13.29.27:876][  0]LogConfig: Setting CVar [[r.SkyAtmosphere.SampleCountMax:128.0]]
[2026-05-13T06:29:27.8765783-07:00] [pid=2224] [2026.05.13-13.29.27:876][  0]LogConfig: Setting CVar [[r.SkyAtmosphere.TransmittanceLUT.UseSmallFormat:0]]
[2026-05-13T06:29:27.8765783-07:00] [pid=2224] [2026.05.13-13.29.27:876][  0]LogConfig: Setting CVar [[r.SkyAtmosphere.TransmittanceLUT.SampleCount:10.0]]
[2026-05-13T06:29:27.8765783-07:00] [pid=2224] [2026.05.13-13.29.27:876][  0]LogConfig: Setting CVar [[r.SkyAtmosphere.MultiScatteringLUT.SampleCount:15.0]]
[2026-05-13T06:29:27.8765783-07:00] [pid=2224] [2026.05.13-13.29.27:876][  0]LogConfig: Setting CVar [[r.SkyLight.RealTimeReflectionCapture:1]]
[2026-05-13T06:29:27.8765783-07:00] [pid=2224] [2026.05.13-13.29.27:876][  0]LogConfig: Applying CVar settings from Section [FoliageQuality@3] File [C:/Users/kapil/OneDrive/Documents/Unreal Projects/testTP/Saved/Config/Windows/Scalability.ini]
[2026-05-13T06:29:27.8765783-07:00] [pid=2224] [2026.05.13-13.29.27:876][  0]LogConfig: Setting CVar [[foliage.DensityScale:1.0]]
[2026-05-13T06:29:27.8765783-07:00] [pid=2224] [2026.05.13-13.29.27:876][  0]LogConfig: Setting CVar [[grass.DensityScale:1.0]]
[2026-05-13T06:29:27.8765783-07:00] [pid=2224] [2026.05.13-13.29.27:876][  0]LogConfig: Applying CVar settings from Section [ShadingQuality@3] File [C:/Users/kapil/OneDrive/Documents/Unreal Projects/testTP/Saved/Config/Windows/Scalability.ini]
[2026-05-13T06:29:27.8765783-07:00] [pid=2224] [2026.05.13-13.29.27:876][  0]LogConfig: Setting CVar [[r.HairStrands.SkyLighting.IntegrationType:2]]
[2026-05-13T06:29:27.8765783-07:00] [pid=2224] [2026.05.13-13.29.27:876][  0]LogConfig: Setting CVar [[r.HairStrands.SkyAO.SampleCount:4]]
[2026-05-13T06:29:27.8765783-07:00] [pid=2224] [2026.05.13-13.29.27:876][  0]LogConfig: Setting CVar [[r.HairStrands.Visibility.MSAA.SamplePerPixel:4]]
[2026-05-13T06:29:27.8765783-07:00] [pid=2224] [2026.05.13-13.29.27:876][  0]LogConfig: Applying CVar settings from Section [Startup] File [../../../Engine/Config/ConsoleVariables.ini]
[2026-05-13T06:29:27.8775797-07:00] [pid=2224] [2026.05.13-13.29.27:877][  0]LogConfig: Setting CVar [[net.UseAdaptiveNetUpdateFrequency:0]]
[2026-05-13T06:29:27.8775797-07:00] [pid=2224] [2026.05.13-13.29.27:877][  0]LogConfig: Setting CVar [[p.chaos.AllowCreatePhysxBodies:1]]
[2026-05-13T06:29:27.8775797-07:00] [pid=2224] [2026.05.13-13.29.27:877][  0]LogConfig: Setting CVar [[fx.SkipVectorVMBackendOptimizations:1]]
[2026-05-13T06:29:27.8775797-07:00] [pid=2224] [2026.05.13-13.29.27:877][  0]LogConfig: Applying CVar settings from Section [ConsoleVariables] File [C:/Users/kapil/OneDrive/Documents/Unreal Projects/testTP/Saved/Config/Windows/Engine.ini]
[2026-05-13T06:29:27.8775797-07:00] [pid=2224] [2026.05.13-13.29.27:877][  0]LogConfig: Applying CVar settings from Section [ConsoleVariables] File [C:/Users/kapil/OneDrive/Documents/Unreal Projects/testTP/Saved/Config/Windows/Editor.ini]
[2026-05-13T06:29:27.8775797-07:00] [pid=2224] [2026.05.13-13.29.27:877][  0]LogInit: Computer: IMMERSEDEMOM5
[2026-05-13T06:29:27.8775797-07:00] [pid=2224] [2026.05.13-13.29.27:877][  0]LogInit: User: kapil
[2026-05-13T06:29:27.8775797-07:00] [pid=2224] [2026.05.13-13.29.27:877][  0]LogInit: CPU Page size=4096, Cores=14
[2026-05-13T06:29:27.8775797-07:00] [pid=2224] [2026.05.13-13.29.27:877][  0]LogInit: High frequency timer resolution =10.000000 MHz
[2026-05-13T06:29:27.8775797-07:00] [pid=2224] [2026.05.13-13.29.27:877][  0]LogMemory: Memory total: Physical=15.7GB (16GB approx)
[2026-05-13T06:29:27.8775797-07:00] [pid=2224] [2026.05.13-13.29.27:877][  0]LogMemory: Platform Memory Stats for Windows
[2026-05-13T06:29:27.8775797-07:00] [pid=2224] [2026.05.13-13.29.27:877][  0]LogMemory: Process Physical Memory: 152.39 MB used, 152.39 MB peak
[2026-05-13T06:29:27.8775797-07:00] [pid=2224] [2026.05.13-13.29.27:877][  0]LogMemory: Process Virtual Memory: 131.14 MB used, 131.14 MB peak
[2026-05-13T06:29:27.8775797-07:00] [pid=2224] [2026.05.13-13.29.27:877][  0]LogMemory: Physical Memory: 13675.95 MB used,  2392.76 MB free, 16068.70 MB total
[2026-05-13T06:29:27.8775797-07:00] [pid=2224] [2026.05.13-13.29.27:877][  0]LogMemory: Virtual Memory: 134208104.00 MB used,  9625.41 MB free, 134217728.00 MB total
[2026-05-13T06:29:27.8820943-07:00] [pid=2224] [2026.05.13-13.29.27:882][  0]LogWindows: WindowsPlatformFeatures enabled
[2026-05-13T06:29:27.9232061-07:00] [pid=2224] [2026.05.13-13.29.27:923][  0]LogInit: Physics initialised using underlying interface: PhysX
[2026-05-13T06:29:27.9242082-07:00] [pid=2224] [2026.05.13-13.29.27:924][  0]LogInit: Using OS detected language (en-US).
[2026-05-13T06:29:27.9242082-07:00] [pid=2224] [2026.05.13-13.29.27:924][  0]LogInit: Using OS detected locale (en-US).
[2026-05-13T06:29:27.9277234-07:00] [pid=2224] [2026.05.13-13.29.27:927][  0]LogTextLocalizationManager: No specific localization for 'en-US' exists, so the 'en' localization will be used.
[2026-05-13T06:29:28.0767043-07:00] [pid=2224] [2026.05.13-13.29.28:076][  0]LogWindowsTextInputMethodSystem: Display: IME system deactivated.
[2026-05-13T06:29:28.0887336-07:00] [pid=2224] [2026.05.13-13.29.28:088][  0]LogSlate: New Slate User Created.  User Index 0, Is Virtual User: 0
[2026-05-13T06:29:28.0887336-07:00] [pid=2224] [2026.05.13-13.29.28:088][  0]LogSlate: Slate User Registered.  User Index 0, Is Virtual User: 0
[2026-05-13T06:29:28.0987528-07:00] [pid=2224] [2026.05.13-13.29.28:098][  0]LogD3D11RHI: Loaded GFSDK_Aftermath_Lib.x64.dll
[2026-05-13T06:29:28.1196123-07:00] [pid=18712] <1>May13 06:29:28.120 SF_18712[Environ] CMD_DESKTOP_TYPE_LBUTTONUP_RTT: l:1
[2026-05-13T06:29:28.1196123-07:00] [pid=18712] <1>May13 06:29:28.120 SF_18712[MediaMgr] Start video performance debug.
[2026-05-13T06:29:28.1221191-07:00] [pid=27484] Focus Exec Name: windowsterminal.exe
[2026-05-13T06:29:28.1231200-07:00] [pid=27484] ---> Focus Exec Name: windowsterminal.exe has WS_OVERLAPPEDWINDOW
[2026-05-13T06:29:28.1431950-07:00] [pid=2224] [2026.05.13-13.29.28:142][  0]LogHMD: Failed to initialize OpenVR with code 110
[2026-05-13T06:29:28.1431950-07:00] [pid=2224] [2026.05.13-13.29.28:143][  0]LogD3D11RHI: D3D11 min allowed feature level: 11_0
[2026-05-13T06:29:28.1431950-07:00] [pid=2224] [2026.05.13-13.29.28:143][  0]LogD3D11RHI: D3D11 max allowed feature level: 11_0
[2026-05-13T06:29:28.1431950-07:00] [pid=2224] [2026.05.13-13.29.28:143][  0]LogD3D11RHI: D3D11 adapters:
[2026-05-13T06:29:28.3085013-07:00] [pid=2224] [2026.05.13-13.29.28:308][  0]LogD3D11RHI:    0. 'NVIDIA GeForce RTX 4060 Laptop GPU' (Feature Level 11_0)
[2026-05-13T06:29:28.3085013-07:00] [pid=2224] [2026.05.13-13.29.28:308][  0]LogD3D11RHI:       7957/0/8034 MB DedicatedVideo/DedicatedSystem/SharedSystem, Outputs:1, VendorId:0x10de
[2026-05-13T06:29:28.3365850-07:00] [pid=2224] [2026.05.13-13.29.28:336][  0]LogD3D11RHI:    1. 'Intel(R) UHD Graphics' (Feature Level 11_0)
[2026-05-13T06:29:28.3365850-07:00] [pid=2224] [2026.05.13-13.29.28:336][  0]LogD3D11RHI:       128/0/8034 MB DedicatedVideo/DedicatedSystem/SharedSystem, Outputs:0, VendorId:0x8086
[2026-05-13T06:29:28.3395836-07:00] [pid=2224] [2026.05.13-13.29.28:339][  0]LogD3D11RHI:    2. 'Microsoft Basic Render Driver' (Feature Level 11_0)
[2026-05-13T06:29:28.3395836-07:00] [pid=2224] [2026.05.13-13.29.28:339][  0]LogD3D11RHI:       0/0/8034 MB DedicatedVideo/DedicatedSystem/SharedSystem, Outputs:0, VendorId:0x1414
[2026-05-13T06:29:28.3395836-07:00] [pid=2224] [2026.05.13-13.29.28:339][  0]LogD3D11RHI: Chosen D3D11 Adapter:
[2026-05-13T06:29:28.3395836-07:00] [pid=2224] [2026.05.13-13.29.28:339][  0]LogD3D11RHI:     Description : NVIDIA GeForce RTX 4060 Laptop GPU
[2026-05-13T06:29:28.3395836-07:00] [pid=2224] [2026.05.13-13.29.28:339][  0]LogD3D11RHI:     VendorId    : 10de
[2026-05-13T06:29:28.3395836-07:00] [pid=2224] [2026.05.13-13.29.28:339][  0]LogD3D11RHI:     DeviceId    : 28e0
[2026-05-13T06:29:28.3395836-07:00] [pid=2224] [2026.05.13-13.29.28:339][  0]LogD3D11RHI:     SubSysId    : bf81028
[2026-05-13T06:29:28.3395836-07:00] [pid=2224] [2026.05.13-13.29.28:339][  0]LogD3D11RHI:     Revision    : 00a1
[2026-05-13T06:29:28.3410888-07:00] [pid=2224] [2026.05.13-13.29.28:339][  0]LogD3D11RHI:     DedicatedVideoMemory : 8343519232 bytes
[2026-05-13T06:29:28.3410888-07:00] [pid=2224] [2026.05.13-13.29.28:341][  0]LogD3D11RHI:     DedicatedSystemMemory : 0 bytes
[2026-05-13T06:29:28.3410888-07:00] [pid=2224] [2026.05.13-13.29.28:341][  0]LogD3D11RHI:     SharedSystemMemory : 8424628224 bytes
[2026-05-13T06:29:28.3410888-07:00] [pid=2224] [2026.05.13-13.29.28:341][  0]LogD3D11RHI:     AdapterLuid : 0 72942
[2026-05-13T06:29:28.3476133-07:00] [pid=2224] [2026.05.13-13.29.28:347][  0]LogD3D11RHI: Creating new Direct3DDevice
[2026-05-13T06:29:28.3476133-07:00] [pid=2224] [2026.05.13-13.29.28:347][  0]LogD3D11RHI:     GPU DeviceId: 0x28e0 (for the marketing name, search the web for "GPU Device Id")
[2026-05-13T06:29:28.3476133-07:00] [pid=2224] [2026.05.13-13.29.28:347][  0]LogWindows: EnumDisplayDevices:
[2026-05-13T06:29:28.3476133-07:00] [pid=2224] [2026.05.13-13.29.28:347][  0]LogWindows:    0. 'Intel(R) UHD Graphics' (P:1 D:1)
[2026-05-13T06:29:28.3476133-07:00] [pid=2224] [2026.05.13-13.29.28:347][  0]LogWindows:    1. 'Intel(R) UHD Graphics' (P:0 D:0)
[2026-05-13T06:29:28.3476133-07:00] [pid=2224] [2026.05.13-13.29.28:347][  0]LogWindows:    2. 'Intel(R) UHD Graphics' (P:0 D:0)
[2026-05-13T06:29:28.3476133-07:00] [pid=2224] [2026.05.13-13.29.28:347][  0]LogWindows:    3. 'Intel(R) UHD Graphics' (P:0 D:0)
[2026-05-13T06:29:28.3476133-07:00] [pid=2224] [2026.05.13-13.29.28:347][  0]LogWindows:    4. 'NVIDIA GeForce RTX 4060 Laptop GPU' (P:0 D:0)
[2026-05-13T06:29:28.3486135-07:00] [pid=2224] [2026.05.13-13.29.28:348][  0]LogWindows: DebugString: PrimaryIsNotTheChoosenAdapter PrimaryIsNotTheChoosenAdapter PrimaryIsNotTheChoosenAdapter PrimaryIsNotTheChoosenAdapter 
[2026-05-13T06:29:28.3486135-07:00] [pid=2224] [2026.05.13-13.29.28:348][  0]LogD3D11RHI:     Adapter Name: NVIDIA GeForce RTX 4060 Laptop GPU
[2026-05-13T06:29:28.3486135-07:00] [pid=2224] [2026.05.13-13.29.28:348][  0]LogD3D11RHI:   Driver Version: 581.95 (internal:32.0.15.8195, unified:581.95)
[2026-05-13T06:29:28.3486135-07:00] [pid=2224] [2026.05.13-13.29.28:348][  0]LogD3D11RHI:      Driver Date: 11-18-2025
[2026-05-13T06:29:28.3486135-07:00] [pid=2224] [2026.05.13-13.29.28:348][  0]LogRHI: Texture pool is 5569 MB (70% of 7957 MB)
[2026-05-13T06:29:28.3486135-07:00] [pid=2224] [2026.05.13-13.29.28:348][  0]LogD3D11RHI: Creating D3DDevice using adapter:
[2026-05-13T06:29:28.3486135-07:00] [pid=2224] [2026.05.13-13.29.28:348][  0]LogD3D11RHI:     Description : NVIDIA GeForce RTX 4060 Laptop GPU
[2026-05-13T06:29:28.3486135-07:00] [pid=2224] [2026.05.13-13.29.28:348][  0]LogD3D11RHI:     VendorId    : 10de
[2026-05-13T06:29:28.3486135-07:00] [pid=2224] [2026.05.13-13.29.28:348][  0]LogD3D11RHI:     DeviceId    : 28e0
[2026-05-13T06:29:28.3486135-07:00] [pid=2224] [2026.05.13-13.29.28:348][  0]LogD3D11RHI:     SubSysId    : bf81028
[2026-05-13T06:29:28.3486135-07:00] [pid=2224] [2026.05.13-13.29.28:348][  0]LogD3D11RHI:     Revision    : 00a1
[2026-05-13T06:29:28.3486135-07:00] [pid=2224] [2026.05.13-13.29.28:348][  0]LogD3D11RHI:     DedicatedVideoMemory : 8343519232 bytes
[2026-05-13T06:29:28.3486135-07:00] [pid=2224] [2026.05.13-13.29.28:348][  0]LogD3D11RHI:     DedicatedSystemMemory : 0 bytes
[2026-05-13T06:29:28.3486135-07:00] [pid=2224] [2026.05.13-13.29.28:348][  0]LogD3D11RHI:     SharedSystemMemory : 8424628224 bytes
[2026-05-13T06:29:28.3486135-07:00] [pid=2224] [2026.05.13-13.29.28:348][  0]LogD3D11RHI:     AdapterLuid : 0 72942
[2026-05-13T06:29:28.4554008-07:00] [pid=2224] [2026.05.13-13.29.28:455][  0]LogD3D11RHI: RHI has support for 64 bit atomics
[2026-05-13T06:29:28.4564056-07:00] [pid=2224] [2026.05.13-13.29.28:455][  0]LogD3D11RHI: Async texture creation enabled
[2026-05-13T06:29:28.4564056-07:00] [pid=2224] [2026.05.13-13.29.28:456][  0]LogD3D11RHI: Array index from any shader is supported
[2026-05-13T06:29:28.4664442-07:00] [pid=2224] [2026.05.13-13.29.28:466][  0]LogD3D11RHI: GPU Timing Frequency: 1000.000000 (Debug: 2 1)
[2026-05-13T06:29:28.4920010-07:00] [pid=2224] [2026.05.13-13.29.28:492][  0]LogRHI: GeForceNow SDK initialized: 1
[2026-05-13T06:29:28.6894692-07:00] [pid=14252] MacPlatformFactory.RegisterBuildPlatforms: UnrealBuildTool.MacPlatformSDK using manually installed SDK
[2026-05-13T06:29:28.6995024-07:00] [pid=14252] TVOSPlatformFactory.RegisterBuildPlatforms: UnrealBuildTool.IOSPlatformSDK has no valid SDK
[2026-05-13T06:29:28.7020184-07:00] [pid=14252] AndroidPlatformFactory.RegisterBuildPlatforms: UnrealBuildTool.AndroidPlatformSDK has no valid SDK
[2026-05-13T06:29:28.7030191-07:00] [pid=14252] HoloLensPlatformFactory.RegisterBuildPlatforms: UnrealBuildTool.HoloLensPlatformSDK using manually installed SDK
[2026-05-13T06:29:28.7045230-07:00] [pid=14252] IOSPlatformFactory.RegisterBuildPlatforms: UnrealBuildTool.IOSPlatformSDK has no valid SDK
[2026-05-13T06:29:28.7075346-07:00] [pid=14252] LinuxPlatformFactory.RegisterBuildPlatforms: UnrealBuildTool.LinuxPlatformSDK has no valid SDK
[2026-05-13T06:29:28.7085346-07:00] [pid=14252] LuminSDKVersionHelper.HasAnySDK: *** Unable to determine MLSDK location ***
[2026-05-13T06:29:28.7085346-07:00] [pid=14252] LuminSDKVersionHelper.HasAnySDK: *** Unable to determine MLSDK location ***
[2026-05-13T06:29:28.7085346-07:00] [pid=14252] LuminPlatformFactory.RegisterBuildPlatforms: UnrealBuildTool.LuminPlatformSDK has no valid SDK
[2026-05-13T06:29:28.7085346-07:00] [pid=14252] WindowsPlatformFactory.RegisterBuildPlatforms: UnrealBuildTool.WindowsPlatformSDK using manually installed SDK
[2026-05-13T06:29:28.7145621-07:00] [pid=14252] ValidatePlatformsMode.Execute: ##PlatformValidate: Win32 VALID
[2026-05-13T06:29:28.7145621-07:00] [pid=14252] ValidatePlatformsMode.Execute: ##PlatformValidate: Win64 VALID
[2026-05-13T06:29:28.7145621-07:00] [pid=14252] ValidatePlatformsMode.Execute: ##PlatformValidate: HoloLens VALID
[2026-05-13T06:29:28.7145621-07:00] [pid=14252] ValidatePlatformsMode.Execute: ##PlatformValidate: Mac VALID
[2026-05-13T06:29:28.7145621-07:00] [pid=14252] ValidatePlatformsMode.Execute: ##PlatformValidate: XboxOne INVALID
[2026-05-13T06:29:28.7145621-07:00] [pid=14252] ValidatePlatformsMode.Execute: ##PlatformValidate: PS4 INVALID
[2026-05-13T06:29:28.7145621-07:00] [pid=14252] ValidatePlatformsMode.Execute: ##PlatformValidate: IOS INVALID
[2026-05-13T06:29:28.7145621-07:00] [pid=14252] ValidatePlatformsMode.Execute: ##PlatformValidate: Android INVALID
[2026-05-13T06:29:28.7145621-07:00] [pid=14252] ValidatePlatformsMode.Execute: ##PlatformValidate: HTML5 INVALID
[2026-05-13T06:29:28.7145621-07:00] [pid=14252] ValidatePlatformsMode.Execute: ##PlatformValidate: Linux INVALID
[2026-05-13T06:29:28.7145621-07:00] [pid=14252] ValidatePlatformsMode.Execute: ##PlatformValidate: LinuxAArch64 INVALID
[2026-05-13T06:29:28.7145621-07:00] [pid=14252] ValidatePlatformsMode.Execute: ##PlatformValidate: AllDesktop INVALID
[2026-05-13T06:29:28.7145621-07:00] [pid=14252] ValidatePlatformsMode.Execute: ##PlatformValidate: TVOS INVALID
[2026-05-13T06:29:28.7145621-07:00] [pid=14252] ValidatePlatformsMode.Execute: ##PlatformValidate: Switch INVALID
[2026-05-13T06:29:28.7145621-07:00] [pid=14252] ValidatePlatformsMode.Execute: ##PlatformValidate: Lumin INVALID
[2026-05-13T06:29:28.7165671-07:00] [pid=14252] Timeline.Print: Timeline:
[2026-05-13T06:29:28.7165671-07:00] [pid=14252] Timeline.Print: 
[2026-05-13T06:29:28.7165671-07:00] [pid=14252] Timeline.Print: [ 0.000]
[2026-05-13T06:29:28.7185669-07:00] [pid=14252] Timeline.Print: [ 0.016](+0.066) XmlConfig.ReadConfigFiles()
[2026-05-13T06:29:28.7185669-07:00] [pid=14252] Timeline.Print: [ 0.083](+0.000) SingleInstanceMutex.Acquire()
[2026-05-13T06:29:28.7185669-07:00] [pid=14252] Timeline.Print: [ 0.083](+0.050) UEBuildPlatform.RegisterPlatforms()
[2026-05-13T06:29:28.7185669-07:00] [pid=14252] Timeline.Print:   0.083          [ 0.000](+0.023) Initializing InstalledPlatformInfo
[2026-05-13T06:29:28.7185669-07:00] [pid=14252] Timeline.Print:   0.107          [ 0.024](+0.000) Querying types
[2026-05-13T06:29:28.7185669-07:00] [pid=14252] Timeline.Print:   0.109          [ 0.025](+0.012) MacPlatformFactory
[2026-05-13T06:29:28.7185669-07:00] [pid=14252] Timeline.Print:   0.121          [ 0.038](+0.003) TVOSPlatformFactory
[2026-05-13T06:29:28.7185669-07:00] [pid=14252] Timeline.Print:   0.125          [ 0.041](+0.002) AndroidPlatformFactory
[2026-05-13T06:29:28.7185669-07:00] [pid=14252] Timeline.Print:   0.127          [ 0.044](+0.001) HoloLensPlatformFactory
[2026-05-13T06:29:28.7185669-07:00] [pid=14252] Timeline.Print:   0.128          [ 0.045](+0.001) IOSPlatformFactory
[2026-05-13T06:29:28.7185669-07:00] [pid=14252] Timeline.Print:   0.130          [ 0.046](+0.002) LinuxPlatformFactory
[2026-05-13T06:29:28.7185669-07:00] [pid=14252] Timeline.Print:   0.132          [ 0.049](+0.001) LuminPlatformFactory
[2026-05-13T06:29:28.7185669-07:00] [pid=14252] Timeline.Print:   0.133          [ 0.050](+0.000) WindowsPlatformFactory
[2026-05-13T06:29:28.7185669-07:00] [pid=14252] Timeline.Print: [ 0.139](+0.000) FileMetadataPrefetch.Stop()
[2026-05-13T06:29:28.7185669-07:00] [pid=14252] Timeline.Print: [ 0.142]
[2026-05-13T06:29:28.7376348-07:00] [pid=2224] [2026.05.13-13.29.28:737][  0]LogTargetPlatformManager: Display: Loaded TargetPlatform 'WindowsNoEditor'
[2026-05-13T06:29:28.7411409-07:00] [pid=2224] [2026.05.13-13.29.28:741][  0]LogTargetPlatformManager: Display: Loaded TargetPlatform 'Windows'
[2026-05-13T06:29:28.7446544-07:00] [pid=2224] [2026.05.13-13.29.28:744][  0]LogTargetPlatformManager: Display: Loaded TargetPlatform 'WindowsClient'
[2026-05-13T06:29:28.7476678-07:00] [pid=2224] [2026.05.13-13.29.28:747][  0]LogTargetPlatformManager: Display: Loaded TargetPlatform 'WindowsServer'
[2026-05-13T06:29:28.7476678-07:00] [pid=2224] [2026.05.13-13.29.28:747][  0]LogTargetPlatformManager: Display: Building Assets For Windows
[2026-05-13T06:29:28.7531823-07:00] [pid=2224] [2026.05.13-13.29.28:753][  0]LogAudioDebug: Display: Lib vorbis DLL was dynamically loaded.
[2026-05-13T06:29:28.7787867-07:00] [pid=2224] [2026.05.13-13.29.28:778][  0]LogTextureFormatOodle: Display: Oodle Texture 2.9.0 init RDO Off
[2026-05-13T06:29:28.8028515-07:00] [pid=2224] [2026.05.13-13.29.28:802][  0]LogRendererCore: Ray tracing is disabled. Reason: r.RayTracing=0.
[2026-05-13T06:29:28.8028515-07:00] [pid=2224] [2026.05.13-13.29.28:802][  0]LogShaderCompilers: Guid format shader working directory is -25 characters bigger than the processId version (../../../../../../Users/kapil/OneDrive/Documents/Unreal Projects/testTP/Intermediate/Shaders/WorkingDirectory/2224/).
[2026-05-13T06:29:28.8038517-07:00] [pid=2224] [2026.05.13-13.29.28:803][  0]LogShaderCompilers: Cleaned the shader compiler working directory 'C:/Users/kapil/AppData/Local/Temp/UnrealShaderWorkingDir/69EA544240E2EB84481329A5D65F0D96/'.
[2026-05-13T06:29:28.8038517-07:00] [pid=2224] [2026.05.13-13.29.28:803][  0]LogXGEController: Cannot use XGE Controller as Incredibuild is not installed on this machine.
[2026-05-13T06:29:28.8038517-07:00] [pid=2224] [2026.05.13-13.29.28:803][  0]LogShaderCompilers: Cannot use XGE Shader Compiler as Incredibuild is not installed on this machine.
[2026-05-13T06:29:28.8038517-07:00] [pid=2224] [2026.05.13-13.29.28:803][  0]LogShaderCompilers: Display: Using Local Shader Compiler.
[2026-05-13T06:29:29.3700995-07:00] [pid=2224] [2026.05.13-13.29.29:370][  0]LogDerivedDataCache: Display: Max Cache Size: 512 MB
[2026-05-13T06:29:29.4247160-07:00] [pid=2224] [2026.05.13-13.29.29:424][  0]LogDerivedDataCache: Loaded boot cache 0.05s 78MB C:/Users/kapil/AppData/Local/UnrealEngine/4.27/DerivedDataCache/Boot.ddc.
[2026-05-13T06:29:29.4247160-07:00] [pid=2224] [2026.05.13-13.29.29:424][  0]LogDerivedDataCache: Display: Loaded Boot cache: C:/Users/kapil/AppData/Local/UnrealEngine/4.27/DerivedDataCache/Boot.ddc
[2026-05-13T06:29:29.4247160-07:00] [pid=2224] [2026.05.13-13.29.29:424][  0]LogDerivedDataCache: FDerivedDataBackendGraph:  Pak pak cache file ../../../../../../Users/kapil/OneDrive/Documents/Unreal Projects/testTP/DerivedDataCache/DDC.ddp not found, will not use a pak cache.
[2026-05-13T06:29:29.4247160-07:00] [pid=2224] [2026.05.13-13.29.29:424][  0]LogDerivedDataCache: Unable to find inner node Pak for hierarchical cache Hierarchy.
[2026-05-13T06:29:29.4247160-07:00] [pid=2224] [2026.05.13-13.29.29:424][  0]LogDerivedDataCache: FDerivedDataBackendGraph:  CompressedPak pak cache file ../../../../../../Users/kapil/OneDrive/Documents/Unreal Projects/testTP/DerivedDataCache/Compressed.ddp not found, will not use a pak cache.
[2026-05-13T06:29:29.4247160-07:00] [pid=2224] [2026.05.13-13.29.29:424][  0]LogDerivedDataCache: Unable to find inner node CompressedPak for hierarchical cache Hierarchy.
[2026-05-13T06:29:29.4377469-07:00] [pid=2224] [2026.05.13-13.29.29:437][  0]LogDerivedDataCache: Display: Pak cache opened for reading ../../../Engine/DerivedDataCache/Compressed.ddp.
[2026-05-13T06:29:29.4387474-07:00] [pid=2224] [2026.05.13-13.29.29:437][  0]LogDerivedDataCache: FDerivedDataBackendGraph:  EnterprisePak pak cache file ../../../Enterprise/DerivedDataCache/Compressed.ddp not found, will not use a pak cache.
[2026-05-13T06:29:29.4387474-07:00] [pid=2224] [2026.05.13-13.29.29:438][  0]LogDerivedDataCache: Unable to find inner node EnterprisePak for hierarchical cache Hierarchy.
[2026-05-13T06:29:29.4447710-07:00] [pid=2224] [2026.05.13-13.29.29:444][  0]LogDerivedDataCache: Speed tests for C:/Users/kapil/AppData/Local/UnrealEngine/Common/DerivedDataCache took 0.01 seconds
[2026-05-13T06:29:29.4447710-07:00] [pid=2224] [2026.05.13-13.29.29:444][  0]LogDerivedDataCache: Display: Performance to C:/Users/kapil/AppData/Local/UnrealEngine/Common/DerivedDataCache: Latency=0.02ms. RandomReadSpeed=1060.20MBs, RandomWriteSpeed=199.01MBs. Assigned SpeedClass 'Local'
[2026-05-13T06:29:29.4457783-07:00] [pid=2224] [2026.05.13-13.29.29:445][  0]LogDerivedDataCache: Using Local data cache path C:/Users/kapil/AppData/Local/UnrealEngine/Common/DerivedDataCache: Writable
[2026-05-13T06:29:29.4457783-07:00] [pid=2224] [2026.05.13-13.29.29:445][  0]LogDerivedDataCache: Shared data cache path not found in *engine.ini, will not use an Shared cache.
[2026-05-13T06:29:29.4457783-07:00] [pid=2224] [2026.05.13-13.29.29:445][  0]LogDerivedDataCache: Unable to find inner node Shared for hierarchical cache Hierarchy.
[2026-05-13T06:29:29.4708693-07:00] [pid=2224] [2026.05.13-13.29.29:470][  0]LogSlate: Using FreeType 2.10.0
[2026-05-13T06:29:29.4708693-07:00] [pid=2224] [2026.05.13-13.29.29:470][  0]LogSlate: SlateFontServices - WITH_FREETYPE: 1, WITH_HARFBUZZ: 1
[2026-05-13T06:29:29.5155205-07:00] [pid=2224] [2026.05.13-13.29.29:515][  0]LogInit: Using OS detected language (en-US).
[2026-05-13T06:29:29.5165237-07:00] [pid=2224] [2026.05.13-13.29.29:515][  0]LogInit: Using OS detected locale (en-US).
[2026-05-13T06:29:29.5165237-07:00] [pid=2224] [2026.05.13-13.29.29:516][  0]LogTextLocalizationManager: No localization for 'en-US' exists, so 'en' will be used for the language.
[2026-05-13T06:29:29.5165237-07:00] [pid=2224] [2026.05.13-13.29.29:516][  0]LogTextLocalizationManager: No localization for 'en-US' exists, so 'en' will be used for the locale.
[2026-05-13T06:29:29.5165237-07:00] [pid=2224] [2026.05.13-13.29.29:516][  0]LogSlate: FontCache flush requested. Reason: Culture for localization was changed
[2026-05-13T06:29:29.5165237-07:00] [pid=2224] [2026.05.13-13.29.29:516][  0]LogSlate: FontCache flush requested. Reason: Culture for localization was changed
[2026-05-13T06:29:29.5185244-07:00] [pid=2224] [2026.05.13-13.29.29:518][  0]LogTextLocalizationManager: Compacting localization data took   0.00ms
[2026-05-13T06:29:29.5185244-07:00] [pid=2224] [2026.05.13-13.29.29:518][  0]LogAssetRegistry: FAssetRegistry took 0.0012 seconds to start up
[2026-05-13T06:29:29.6475155-07:00] [pid=2224] [2026.05.13-13.29.29:647][  0]LogPackageLocalizationCache: Processed 28 localized package path(s) for 1 prioritized culture(s) in 0.027500 seconds
[2026-05-13T06:29:29.6956379-07:00] [pid=2224] [2026.05.13-13.29.29:695][  0]LogInit: Selected Device Profile: [Windows]
[2026-05-13T06:29:29.6956379-07:00] [pid=2224] [2026.05.13-13.29.29:695][  0]LogInit: Active device profile: [00000196D681F300][00000196BA8B3A00 49] Windows
[2026-05-13T06:29:29.6956379-07:00] [pid=2224] [2026.05.13-13.29.29:695][  0]LogInit: Profiles: [00000196D681F300][00000196BA8B3A00 49] Windows, [00000196D67D4F00][00000196BA8BBB80 49] WindowsNoEditor, [00000196D681CF00][00000196BA8BE180 49] WindowsServer, [00000196D67D6A00][00000196CE678300 49] WindowsClient, [00000196D681E900][00000196CE67C480 49] IOS, [00000196D67D5900][00000196CE680600 49] iPadAir, [00000196D681D800][00000196CE684780 49] iPadAir2, [00000196D6783800][00000196CE68CA40 49] IPadPro, [00000196D6783900][00000196CE688A80 49] iPadAir3, [00000196D681E200][00000196CE690C00 49] iPadAir4, [00000196D6781400][00000196CE694D80 49] iPadMini2, [00000196D681FC00][00000196CE698F00 49] iPadMini3, [00000196D6782400][00000196CE69D080 49] iPadMini4, [00000196D681D100][00000196CE6A1200 49] iPadMini5, [00000196D67C7100][00000196CE6A94C0 49] iPhone6, [00000196D67C7200][00000196CE6A5500 49] iPodTouch6, [00000196D6780600][00000196CE6AD740 49] iPhone7, [00000196D6780400][00000196BA8B7780 49] iPodTouch7, [00000196D67C5300][00000196D13ED8C0 49] iPhone5S, [00000196D6780D00][00000196D13F5A40 49] iPhone6Plus, [00000196D67C6500][00000196D13F9BC0 49] iPhone6S, [00000196D6783D00][00000196D13FC1C0 49] iPhone6SPlus, [00000196D67C7A00][00000196D1400340 49] iPhone7Plus, [00000196D6781900][00000196D14044C0 49] iPhoneSE, [00000196D67C4900][00000196D1408640 49] iPhone8, [00000196D6782600][00000196D140C7C0 49] iPhone8Plus, [00000196D67C6300][00000196D1410940 49] iPhoneX, [00000196D6782D00][00000196D1414AC0 49] iPhoneXS, [00000196D67C7B00][00000196D1418C40 49] iPhoneXSMax, [00000196D6782A00][00000196D141CDC0 49] iPhoneXR, [00000196D67C7700][00000196D1420F40 49] iPhone11, [00000196D6783000][00000196D14250C0 49] iPhone11Pro, [00000196D67C5500][00000196D1429240 49] iPhone11ProMax, [00000196D6780200][00000196D142D3C0 49] iPhoneSE2, [00000196D67C4E00][00000196D1431540 49] iPhone12Mini, [00000196D6782100][00000196D14356C0 49] iPhone12, [00000196D67C7600][00000196D13F1800 49] iPhone12Pro, [00000196D6782E00][00000196D1C5B940 49] iPhone12ProMax, [00000196D67C4A00][00000196D1C5FA80 49] iPadPro105, [00000196D6781300][00000196D1C67C00 49] iPadPro129, [00000196D67C5100][00000196D1C6A200 49] iPadPro97, [00000196D6783500][00000196D1C6E380 49] iPadPro2_129, [00000196D67C6C00][00000196D1C72500 49] iPad5, [00000196D6780900][00000196D1C76680 49] iPad6, [00000196D67C5800][00000196D1C7A800 49] iPad7, [00000196D6781C00][00000196D1C7E980 49] iPad8, [00000196D67C5C00][00000196D1C82B00 49] iPadPro11, [00000196D6780B00][00000196D1C86C80 49] iPadPro2_11, [00000196D67C6100][00000196D1C8AE00 49] iPadPro3_129, [00000196D6782000][00000196D1C8EF80 49] iPadPro4_129, [00000196D67C6800][00000196D1C93100 49] AppleTV, [00000196D6780C00][00000196D1C97280 49] AppleTV4K, [00000196D67C6F00][00000196D1C9B400 49] TVOS, [00000196D6780E00][00000196D1C9F580 49] Mac, [00000196D67C7C00][00000196D1CA3700 49] MacClient, [00000196D6783100][00000196D1CA7880 49] MacNoEditor, [00000196D67C7D00][00000196D1C639C0 49] MacServer, [00000196D6780300][00000196D1CABB00 49] Linux, [00000196D67C5600][00000196D1CAE0C0 49] LinuxAArch64, [00000196D6781100][00000196D1CB6240 49] LinuxNoEditor, [00000196D67D6500][00000196D1CBA3C0 49] LinuxAArch64NoEditor, [00000196D6862000][00000196D1CBE540 49] LinuxClient, [00000196D67D5A00][00000196D1CC26C0 49] LinuxAArch64Client, [00000196D6861B00][00000196D1CC6840 49] LinuxServer, [00000196D67D6D00][00000196D1CCA9C0 49] LinuxAArch64Server, [00000196D6860300][00000196D1CCEB40 49] Android, [00000196D67D6300][00000196D1CD2CC0 49] Android_Low, [00000196D6861C00][00000196D1CD6E40 49] Android_Mid, [00000196D67D5700][00000196D1CDAFC0 49] Android_High, [00000196D6860800][00000196D1CDF140 49] Android_Default, [00000196D67D7200][00000196D1CE32C0 49] Android_Adreno4xx, [00000196D6861700][00000196D1CE7440 49] Android_Adreno5xx_Low, [00000196D67D6800][00000196D1CEB5C0 49] Android_Adreno5xx, [00000196D6862100][00000196D1CEF740 49] Android_Adreno6xx, [00000196D67D4D00][00000196D1CF38C0 49] Android_Adreno6xx_Vulkan, [00000196D6862600][00000196D1CF7A40 49] Android_Mali_T6xx, [00000196D67D6C00][00000196D1CB3B80 49] Android_Mali_T7xx, [
[2026-05-13T06:29:29.6956379-07:00] [pid=2224] 00000196D6861D00][00000196D1CFA140 49] Android_Mali_T8xx, [00000196D67D4500][00000196D1CFE280 49] Android_Mali_G71, [00000196D6860100][00000196D1D023C0 49] Android_Mali_G72, [00000196D6781600][00000196D1D0A540 49] Android_Mali_G72_Vulkan, [00000196D67C4F00][00000196D1D0E6C0 49] Android_Mali_G76, [00000196D6781000][00000196D1D12840 49] Android_Mali_G76_Vulkan, [00000196D67C5B00][00000196D1D169C0 49] Android_Mali_G77, [00000196D6783E00][00000196D1D1AB40 49] Android_Mali_G77_Vulkan, [00000196D67C4700][00000196D1D1ECC0 49] Android_Mali_G78, [00000196D6780700][00000196D1D22E40 49] Android_Mali_G78_Vulkan, [00000196D6860F00][00000196D1D26FC0 49] Android_Mali_G710, [00000196D6782200][00000196D1D2B140 49] Android_Mali_G710_Vulkan, [00000196D6860D00][00000196D1D2F2C0 49] Android_Vulkan_SM5, [00000196D6783600][00000196D1D33440 49] Android_PowerVR_G6xxx, [00000196D6862500][00000196D1D375C0 49] Android_PowerVR_GT7xxx, [00000196D6783400][00000196D1D3B740 49] Android_PowerVR_GE8xxx, [00000196D6861300][00000196D1D3F8C0 49] Android_PowerVR_GM9xxx, [00000196D6782700][00000196D1D43A40 49] Android_PowerVR_GM9xxx_Vulkan, [00000196D6861500][00000196D1D47BC0 49] Android_TegraK1, [00000196D6781700][00000196D1D06180 49] Android_Unknown_Vulkan, [00000196D6860600][00000196D1D4A2C0 49] Lumin, [00000196D6781800][00000196D1D4E400 49] Lumin_Desktop, [00000196D6860B00][00000196D1D52540 49] HoloLens, 
[2026-05-13T06:29:29.7287372-07:00] [pid=2224] [2026.05.13-13.29.29:728][  0]LogMeshReduction: Using QuadricMeshReduction for automatic static mesh reduction
[2026-05-13T06:29:29.7287372-07:00] [pid=2224] [2026.05.13-13.29.29:728][  0]LogMeshReduction: Using SimplygonMeshReduction for automatic skeletal mesh reduction
[2026-05-13T06:29:29.7287372-07:00] [pid=2224] [2026.05.13-13.29.29:728][  0]LogMeshReduction: Using ProxyLODMeshReduction for automatic mesh merging
[2026-05-13T06:29:29.7287372-07:00] [pid=2224] [2026.05.13-13.29.29:728][  0]LogMeshReduction: No distributed automatic mesh merging module available
[2026-05-13T06:29:29.7287372-07:00] [pid=2224] [2026.05.13-13.29.29:728][  0]LogMeshMerging: No distributed automatic mesh merging module available
[2026-05-13T06:29:29.8009186-07:00] [pid=2224] [2026.05.13-13.29.29:800][  0]LogNetVersion: testTP 1.0.0, NetCL: 17155196, EngineNetVer: 17, GameNetVer: 0 (Checksum: 3966549976)
[2026-05-13T06:29:29.9921736-07:00] [pid=2224] [2026.05.13-13.29.29:992][  0]LogTexture: Default maximum texture size for cubemaps generated from long-lat sources has been changed from 512 to unlimited. In order to preserve old behaiour for '/Engine/MapTemplates/Sky/DaylightAmbientCubemap.DaylightAmbientCubemap', its maximum texture size has been explicitly set to 512.
[2026-05-13T06:29:30.0422916-07:00] [pid=2224] [2026.05.13-13.29.30:042][  0]LogHMD: PokeAHoleMaterial loaded successfully
[2026-05-13T06:29:30.1240262-07:00] [pid=2224] [2026.05.13-13.29.30:123][  0]LogMoviePlayer: Initializing movie player
[2026-05-13T06:29:30.1756824-07:00] [pid=2224] [2026.05.13-13.29.30:174][  0]LogNiagaraDebuggerClient: Niagara Debugger Client Initialized | Session: 024C0D924CFA9A3C0DCB8C8F4CBBC487 | Instance: 5065C2F24E655293778F74ADCC782AA9 (IMMERSEDEMOM5-2224).
[2026-05-13T06:29:30.1922453-07:00] [pid=2224] [2026.05.13-13.29.30:192][  0]LogCollectionManager: Loaded 0 collections in 0.001291 seconds
[2026-05-13T06:29:30.1947430-07:00] [pid=2224] [2026.05.13-13.29.30:194][  0]LogFileCache: Scanning file cache for directory 'C:/Users/kapil/OneDrive/Documents/Unreal Projects/testTP/Saved/Collections/' took 0.00s
[2026-05-13T06:29:30.1947430-07:00] [pid=2224] [2026.05.13-13.29.30:194][  0]LogFileCache: Scanning file cache for directory 'C:/Users/kapil/OneDrive/Documents/Unreal Projects/testTP/Content/Developers/kapil/Collections/' took 0.00s
[2026-05-13T06:29:30.1947430-07:00] [pid=2224] [2026.05.13-13.29.30:194][  0]LogFileCache: Scanning file cache for directory 'C:/Users/kapil/OneDrive/Documents/Unreal Projects/testTP/Content/Collections/' took 0.00s
[2026-05-13T06:29:30.1947430-07:00] [pid=2224] [2026.05.13-13.29.30:194][  0]LogCollectionManager: Fixed up redirectors for 0 collections in 0.000002 seconds (updated 0 objects)
[2026-05-13T06:29:30.2709857-07:00] [pid=2224] [2026.05.13-13.29.30:270][  0]LogPython: Using Python 3.7.7
[2026-05-13T06:29:30.6309390-07:00] [pid=2224] [2026.05.13-13.29.30:629][  0]LogAkAudio: Wwise(R) SDK Version 2019.2.15 Build 7667. Copyright (c) 2006-2019 Audiokinetic Inc.
[2026-05-13T06:29:30.6309390-07:00] [pid=2224] [2026.05.13-13.29.30:630][  0]LogAkAudio: Wwise plug-in DLL path: C:/Users/kapil/OneDrive/Documents/Unreal Projects/testTP/Plugins/Wwise/ThirdParty/x64_vc150/Profile/bin/
[2026-05-13T06:29:30.6309390-07:00] [pid=2224] [2026.05.13-13.29.30:630][  0]LogAkAudio: Wwise remote connection application name: testTP
[2026-05-13T06:29:30.6309390-07:00] [pid=2224] [2026.05.13-13.29.30:630][  0]LogAkAudio: Wwise successfully initialized.
[2026-05-13T06:29:30.6339659-07:00] [pid=2224] <<<_____ ImmerseAudioRenderer _____>>> 
[2026-05-13T06:29:30.6339659-07:00] [pid=2224] RegisterImmerseAudioRendererFX()
[2026-05-13T06:29:30.6344735-07:00] [pid=2224] 
[2026-05-13T06:29:30.6344735-07:00] [pid=2224] <<<_____ ImmerseAudioRenderer _____>>> 
[2026-05-13T06:29:30.6344735-07:00] [pid=2224] CreateImmerseManager
[2026-05-13T06:29:30.6344735-07:00] [pid=2224] 
[2026-05-13T06:29:30.6344735-07:00] [pid=2224] <<<_____ ImmerseAudioRenderer _____>>> 
[2026-05-13T06:29:30.6344735-07:00] [pid=2224] loadAndInitializeImmerseEngine
[2026-05-13T06:29:30.6344735-07:00] [pid=2224] 
[2026-05-13T06:29:30.6364986-07:00] [pid=2224] [EmbodyLOG] May_13_2026 06:29:30.636 line: 457. ___IMMERSEENGINE___ Immerse_SetMemoryInterface inMemoryInterface:000000234C8EDEC0 
[2026-05-13T06:29:30.6364986-07:00] [pid=2224] [EmbodyLOG] May_13_2026 06:29:30.636 line: 466. ___IMMERSEENGINE___ Immerse_SetThreadInterface inThreadInterface:000000234C8EDEE0 
[2026-05-13T06:29:30.6364986-07:00] [pid=2224] [EmbodyLOG] May_13_2026 06:29:30.637 line: 451. ___IMMERSEENGINE___ Immerse_SetStatusCallback inCallback:00007FFFAD1B3D00 inUserData:0000000000000000 
[2026-05-13T06:29:30.6364986-07:00] [pid=2224] [EmbodyLOG] May_13_2026 06:29:30.637 line: 495. ___IMMERSEENGINE___ Immerse_Initialize inImmerseInit:00007FFFAD1E63C0 
[2026-05-13T06:29:30.6403073-07:00] [pid=2224] <<<_____ ImmerseAudioRenderer _____>>> 
[2026-05-13T06:29:30.6403073-07:00] [pid=2224] CreateImmerseAudioRendererFXParams()
[2026-05-13T06:29:30.6403073-07:00] [pid=2224] 
[2026-05-13T06:29:30.6403073-07:00] [pid=2224] <<<_____ ImmerseAudioRenderer _____>>> 
[2026-05-13T06:29:30.6403073-07:00] [pid=2224] WwiseFxNullParams::Init()
[2026-05-13T06:29:30.6403073-07:00] [pid=2224] 
[2026-05-13T06:29:30.6403073-07:00] [pid=2224] [2026.05.13-13.29.30:640][  0]LogAkAudio: Initialization complete.
[2026-05-13T06:29:30.6403073-07:00] [pid=2224] [2026.05.13-13.29.30:640][  0]LogInit: Audiokinetic Audio Device initialized.
[2026-05-13T06:29:30.6423120-07:00] [pid=2224] [EmbodyLOG] May_13_2026 06:29:30.642 line: 373. setLocalDataStorePath: C:\ProgramData\Embody\Immerse Audio Renderer\Tencent\ 
[2026-05-13T06:29:30.6423120-07:00] [pid=2224] [EmbodyLOG] May_13_2026 06:29:30.642 line: 143. ImmerseApiHelper: Immerse Api data path set: C:\ProgramData\Embody\Immerse Audio Renderer\Tencent\. 
[2026-05-13T06:29:30.6448208-07:00] [pid=2224] [EmbodyLOG] May_13_2026 06:29:30.645 line: 73. HpeqHeadsetInterface::Init() - failed to find hpeqAssetPath on filesystem! 
[2026-05-13T06:29:30.6458212-07:00] [pid=2224] [EmbodyLOG] May_13_2026 06:29:30.645 line: 867. ImmerseAudioApiImplBase::InitHpeqData() - failed to initialize hpeq asset data! 
[2026-05-13T06:29:30.6458212-07:00] [pid=2224] [EmbodyLOG] May_13_2026 06:29:30.646 line: 535. ImmerseManager::Initialize() - Failed to initialize HPEQ asset data! 
[2026-05-13T06:29:30.6458212-07:00] [pid=2224] [EmbodyLOG] May_13_2026 06:29:30.646 line: 544. ImmerseManager::Initialize() - failed to load head tracker library! 
[2026-05-13T06:29:30.7075158-07:00] [pid=2224] [2026.05.13-13.29.30:707][  0]SourceControl: Source control is disabled
[2026-05-13T06:29:30.7075158-07:00] [pid=2224] [2026.05.13-13.29.30:707][  0]SourceControl: Source control is disabled
[2026-05-13T06:29:30.7120266-07:00] [pid=2224] [2026.05.13-13.29.30:712][  0]SourceControl: Source control is disabled
[2026-05-13T06:29:30.7175514-07:00] [pid=2224] [2026.05.13-13.29.30:717][  0]LogUProjectInfo: Found projects:
[2026-05-13T06:29:30.7812489-07:00] [pid=2224] [2026.05.13-13.29.30:781][  0]LogOpenImageDenoise: OIDN starting up
[2026-05-13T06:29:30.8048410-07:00] [pid=2224] [2026.05.13-13.29.30:804][  0]LogAndroidPermission: UAndroidPermissionCallbackProxy::GetInstance
[2026-05-13T06:29:30.8143620-07:00] [pid=2224] [2026.05.13-13.29.30:814][  0]LogAudioCaptureCore: Display: No Audio Capture implementations found. Audio input will be silent.
[2026-05-13T06:29:30.8143620-07:00] [pid=2224] [2026.05.13-13.29.30:814][  0]LogAudioCaptureCore: Display: No Audio Capture implementations found. Audio input will be silent.
[2026-05-13T06:29:30.8685229-07:00] [pid=2224] [2026.05.13-13.29.30:868][  0]LogOcInput: OculusInput pre-init called
[2026-05-13T06:29:30.8745426-07:00] [pid=2224] [2026.05.13-13.29.30:874][  0]LogUObjectArray: 22857 objects as part of root set at end of initial load.
[2026-05-13T06:29:30.8745426-07:00] [pid=2224] [2026.05.13-13.29.30:874][  0]LogUObjectAllocator: 6232704 out of 0 bytes used by permanent object pool.
[2026-05-13T06:29:30.8745426-07:00] [pid=2224] [2026.05.13-13.29.30:874][  0]LogUObjectArray: CloseDisregardForGC: 0/0 objects in disregard for GC pool
[2026-05-13T06:29:30.9146526-07:00] [pid=2224] [2026.05.13-13.29.30:914][  0]LogClass: Display: EnumProperty FAkExternalSourceInfo::CodecID is not initialized properly. Module:AkAudio File:Classes/AkGameplayTypes.h
[2026-05-13T06:29:30.9146526-07:00] [pid=2224] [2026.05.13-13.29.30:914][  0]LogClass: Warning: ObjectProperty FAkExternalSourceInfo::ExternalSourceAsset is not initialized properly. Module:AkAudio File:Classes/AkGameplayTypes.h
[2026-05-13T06:29:30.9146526-07:00] [pid=2224] [2026.05.13-13.29.30:914][  0]LogClass: Display: IntProperty FAkChannelMask::ChannelMask is not initialized properly. Module:AkAudio File:Classes/AkGameplayTypes.h
[2026-05-13T06:29:30.9146526-07:00] [pid=2224] [2026.05.13-13.29.30:914][  0]LogClass: Display: BoolProperty FAkPS5AdvancedInitializationSettings::bVorbisHwAcceleration is not initialized properly. Module:AkAudio File:Classes/Platforms/AkPlatform_Pellegrino/AkPS5InitializationSettings.h
[2026-05-13T06:29:30.9146526-07:00] [pid=2224] [2026.05.13-13.29.30:914][  0]LogClass: Display: 4 Uninitialized script struct members found including 1 object properties
[2026-05-13T06:29:30.9156585-07:00] [pid=2224] [2026.05.13-13.29.30:914][  0]LogAutomationTest: Warning: ObjectProperty FAkExternalSourceInfo::ExternalSourceAsset is not initialized properly. Module:AkAudio File:Classes/AkGameplayTypes.h
[2026-05-13T06:29:30.9156585-07:00] [pid=2224] [2026.05.13-13.29.30:915][  0]LogEngine: Initializing Engine...
[2026-05-13T06:29:30.9176643-07:00] [pid=2224] Error [GENERAL |  | OpenXR-Loader] : RuntimeManifestFile::FindManifestFiles - failed to find active runtime file in registry
[2026-05-13T06:29:30.9176643-07:00] [pid=2224] Error [GENERAL | xrEnumerateInstanceExtensionProperties | OpenXR-Loader] : RuntimeInterface::LoadRuntimes - unknown error
[2026-05-13T06:29:30.9176643-07:00] [pid=2224] Error [GENERAL | xrEnumerateInstanceExtensionProperties | OpenXR-Loader] : RuntimeInterface::LoadRuntimes - failed to load a runtime
[2026-05-13T06:29:30.9176643-07:00] [pid=2224] Error [GENERAL | xrEnumerateInstanceExtensionProperties | OpenXR-Loader] : Failed to find default runtime with RuntimeInterface::LoadRuntime()
[2026-05-13T06:29:30.9176643-07:00] [pid=2224] Error [GENERAL | xrEnumerateInstanceExtensionProperties | OpenXR-Loader] : Failed querying extension properties
[2026-05-13T06:29:30.9176643-07:00] [pid=2224] [2026.05.13-13.29.30:917][  0]LogHMD: Failed to enumerate extensions. Please check that you have a valid OpenXR runtime installed.
[2026-05-13T06:29:30.9186635-07:00] [pid=2224] [2026.05.13-13.29.30:918][  0]LogHMD: Failed to initialize OpenVR with code 110
[2026-05-13T06:29:30.9186635-07:00] [pid=2224] [2026.05.13-13.29.30:918][  0]LogMagicLeap: Warning: VR disabled because ZI is not enabled.  To enable, in the editor, Edit -> Project Settings -> Plugins -> Magic Leap Plugin -> Enable Zero Iteration
[2026-05-13T06:29:30.9196632-07:00] [pid=2224] [2026.05.13-13.29.30:919][  0]LogStats: UGameplayTagsManager::InitializeManager -  0.000 s
[2026-05-13T06:29:30.9994061-07:00] [pid=2224] [2026.05.13-13.29.30:999][  0]LogInit: Initializing FReadOnlyCVARCache
[2026-05-13T06:29:31.0009089-07:00] [pid=2224] [2026.05.13-13.29.30:999][  0]LogAudio: Display: Initializing Audio Device Manager...
[2026-05-13T06:29:31.0029150-07:00] [pid=2224] [2026.05.13-13.29.31:002][  0]LogAudio: Display: Loading Default Audio Settings Objects...
[2026-05-13T06:29:31.0039145-07:00] [pid=2224] [2026.05.13-13.29.31:003][  0]LogAudio: Display: No default SoundConcurrencyObject specified (or failed to load).
[2026-05-13T06:29:31.0044177-07:00] [pid=2224] [2026.05.13-13.29.31:004][  0]LogAudio: Display: Audio Device Manager Initialized
[2026-05-13T06:29:31.0044177-07:00] [pid=2224] [2026.05.13-13.29.31:004][  0]LogAudio: Display: Creating Audio Device:                 Id: 1, Scope: Shared, Realtime: True
[2026-05-13T06:29:31.0044177-07:00] [pid=2224] [2026.05.13-13.29.31:004][  0]LogAudioMixer: Display: Audio Mixer Platform Settings:
[2026-05-13T06:29:31.0044177-07:00] [pid=2224] [2026.05.13-13.29.31:004][  0]LogAudioMixer: Display: 	Sample Rate:						  48000
[2026-05-13T06:29:31.0044177-07:00] [pid=2224] [2026.05.13-13.29.31:004][  0]LogAudioMixer: Display: 	Callback Buffer Frame Size Requested: 1024
[2026-05-13T06:29:31.0044177-07:00] [pid=2224] [2026.05.13-13.29.31:004][  0]LogAudioMixer: Display: 	Callback Buffer Frame Size To Use:	  1024
[2026-05-13T06:29:31.0044177-07:00] [pid=2224] [2026.05.13-13.29.31:004][  0]LogAudioMixer: Display: 	Number of buffers to queue:			  2
[2026-05-13T06:29:31.0044177-07:00] [pid=2224] [2026.05.13-13.29.31:004][  0]LogAudioMixer: Display: 	Max Channels (voices):				  32
[2026-05-13T06:29:31.0044177-07:00] [pid=2224] [2026.05.13-13.29.31:004][  0]LogAudioMixer: Display: 	Number of Async Source Workers:		  0
[2026-05-13T06:29:31.0044177-07:00] [pid=2224] [2026.05.13-13.29.31:004][  0]LogAudio: Display: AudioDevice MaxSources: 32
[2026-05-13T06:29:31.0054237-07:00] [pid=2224] [2026.05.13-13.29.31:005][  0]LogAudio: Display: Audio Spatialization Plugin: None (built-in).
[2026-05-13T06:29:31.0054237-07:00] [pid=2224] [2026.05.13-13.29.31:005][  0]LogAudio: Display: Audio Reverb Plugin: None (built-in).
[2026-05-13T06:29:31.0054237-07:00] [pid=2224] [2026.05.13-13.29.31:005][  0]LogAudio: Display: Audio Occlusion Plugin: None (built-in).
[2026-05-13T06:29:31.0054237-07:00] [pid=2224] [2026.05.13-13.29.31:005][  0]LogAudioMixer: Display: Initializing audio mixer.
[2026-05-13T06:29:31.0124377-07:00] [pid=2224] [2026.05.13-13.29.31:012][  0]LogAudioMixer: Display: 0: FrontLeft
[2026-05-13T06:29:31.0124377-07:00] [pid=2224] [2026.05.13-13.29.31:012][  0]LogAudioMixer: Display: 1: FrontRight
[2026-05-13T06:29:31.0238657-07:00] [pid=2224] [2026.05.13-13.29.31:023][  0]LogAudioMixer: Display: Using Audio Device Speakers (2- Realtek(R) Audio)
[2026-05-13T06:29:31.0302346-07:00] [pid=2224] [2026.05.13-13.29.31:030][  0]LogAudioMixer: Display: Initializing Sound Submixes...
[2026-05-13T06:29:31.0312391-07:00] [pid=2224] [2026.05.13-13.29.31:031][  0]LogAudioMixer: Display: Creating Master Submix 'MasterSubmixDefault'
[2026-05-13T06:29:31.0312391-07:00] [pid=2224] [2026.05.13-13.29.31:031][  0]LogAudioMixer: Display: Creating Master Submix 'MasterReverbSubmixDefault'
[2026-05-13T06:29:31.0322442-07:00] [pid=2224] [2026.05.13-13.29.31:032][  0]LogAudioMixer: Display: Creating Master Submix 'MasterEQSubmixDefault'
[2026-05-13T06:29:31.0322442-07:00] [pid=2224] [2026.05.13-13.29.31:032][  0]LogAudioMixer: FMixerPlatformXAudio2::StartAudioStream() called
[2026-05-13T06:29:31.0322442-07:00] [pid=2224] [2026.05.13-13.29.31:032][  0]LogAudioMixer: Display: Output buffers initialized: Frames=1024, Channels=2, Samples=2048
[2026-05-13T06:29:31.0332379-07:00] [pid=2224] [2026.05.13-13.29.31:033][  0]LogAudioMixer: Display: Starting AudioMixerPlatformInterface::RunInternal()
[2026-05-13T06:29:31.0332379-07:00] [pid=2224] [2026.05.13-13.29.31:033][  0]LogAudioMixer: Display: FMixerPlatformXAudio2::SubmitBuffer() called for the first time
[2026-05-13T06:29:31.0332379-07:00] [pid=2224] [2026.05.13-13.29.31:033][  0]LogInit: FAudioDevice initialized.
[2026-05-13T06:29:31.0347420-07:00] [pid=2224] [2026.05.13-13.29.31:034][  0]LogNetVersion: Set ProjectVersion to 1.0.0.0. Version Checksum will be recalculated on next use.
[2026-05-13T06:29:31.0798336-07:00] [pid=2224] [2026.05.13-13.29.31:079][  0]LogDerivedDataCache: Saved boot cache 0.05s 78MB C:/Users/kapil/AppData/Local/UnrealEngine/4.27/DerivedDataCache/Boot.ddc.
[2026-05-13T06:29:31.0798336-07:00] [pid=2224] [2026.05.13-13.29.31:079][  0]LogInit: Texture streaming: Enabled
[2026-05-13T06:29:31.1285574-07:00] [pid=2224] [2026.05.13-13.29.31:128][  0]LogAudio: Display: Audio Device (ID: 1) registered with world 'Untitled'.
[2026-05-13T06:29:31.1295589-07:00] [pid=2224] [2026.05.13-13.29.31:129][  0]LogSlate: Updating window title bar state: overlay mode, drag disabled, window buttons hidden, title bar hidden
[2026-05-13T06:29:31.1376161-07:00] [pid=2224] [2026.05.13-13.29.31:136][  0]LogInit: Display: Game Engine Initialized.
[2026-05-13T06:29:31.1376161-07:00] [pid=2224] [2026.05.13-13.29.31:137][  0]LogNiagaraEditor: GEditor isn't valid! Particle reset commands will not work for Niagara components!
[2026-05-13T06:29:31.2153324-07:00] [pid=2224] [2026.05.13-13.29.31:215][  0]LogInit: Display: Starting Game.
[2026-05-13T06:29:31.2153324-07:00] [pid=2224] [2026.05.13-13.29.31:215][  0]LogNet: Browse: /Game/ThirdPersonBP/Maps/ThirdPersonExampleMap?Name=Player
[2026-05-13T06:29:31.2163350-07:00] [pid=2224] [2026.05.13-13.29.31:215][  0]LogLoad: LoadMap: /Game/ThirdPersonBP/Maps/ThirdPersonExampleMap?Name=Player
[2026-05-13T06:29:31.2163350-07:00] [pid=2224] [2026.05.13-13.29.31:216][  0]LogWorld: BeginTearingDown for /Temp/Untitled_0
[2026-05-13T06:29:31.2163350-07:00] [pid=2224] [2026.05.13-13.29.31:216][  0]LogWorld: UWorld::CleanupWorld for Untitled, bSessionEnded=true, bCleanupResources=true
[2026-05-13T06:29:31.2173351-07:00] [pid=2224] [2026.05.13-13.29.31:217][  0]LogSlate: InvalidateAllWidgets triggered.  All widgets were invalidated
[2026-05-13T06:29:31.2283938-07:00] [pid=2224] [2026.05.13-13.29.31:228][  0]LogAudio: Display: Audio Device unregistered from world 'None'.
[2026-05-13T06:29:31.2293874-07:00] [pid=2224] [2026.05.13-13.29.31:229][  0]LogUObjectHash: Compacting FUObjectHashTables data took   0.47ms
[2026-05-13T06:29:31.3945839-07:00] [pid=2224] [2026.05.13-13.29.31:394][  0]LogAudio: Display: Audio Device (ID: 1) registered with world 'ThirdPersonExampleMap'.
[2026-05-13T06:29:31.3995909-07:00] [pid=2224] [2026.05.13-13.29.31:399][  0]LogAIModule: Creating AISystem for world ThirdPersonExampleMap
[2026-05-13T06:29:31.4020980-07:00] [pid=2224] [2026.05.13-13.29.31:402][  0]LogLoad: Game class is 'ThirdPersonGameMode_C'
[2026-05-13T06:29:31.4046030-07:00] [pid=2224] [2026.05.13-13.29.31:404][  0]LogWorld: Bringing World /Game/ThirdPersonBP/Maps/ThirdPersonExampleMap.ThirdPersonExampleMap up for play (max tick rate 0) at 2026.05.13-06.29.31
[2026-05-13T06:29:31.4056079-07:00] [pid=2224] [2026.05.13-13.29.31:404][  0]LogWorld: Bringing up level for play took: 0.002317
[2026-05-13T06:29:31.4066118-07:00] [pid=2224] [2026.05.13-13.29.31:406][  0]LogTemp: Display: [ImmerseStress] Ready. Defaults: event=SwordHits bus=7p1p4 shareset=Immerse_Audio_Renderer_(Custom)
[2026-05-13T06:29:31.4066118-07:00] [pid=2224] [2026.05.13-13.29.31:406][  0]LogTemp: Display: [ImmerseStress] IMMERSE_USER_ID env=kevin_tencenttest1_emb | IMMERSE_USERID= | IMMERSE_USER=
[2026-05-13T06:29:31.4066118-07:00] [pid=2224] [2026.05.13-13.29.31:406][  0]LogTemp: Display: [testTP] Auto-spawned ImmerseStressTestActor into ThirdPersonExampleMap (type=1)
[2026-05-13T06:29:31.4066118-07:00] [pid=2224] [2026.05.13-13.29.31:406][  0]LogLoad: Took 0.190900 seconds to LoadMap(/Game/ThirdPersonBP/Maps/ThirdPersonExampleMap)
[2026-05-13T06:29:31.4286970-07:00] [pid=2224] [2026.05.13-13.29.31:428][  0]LogSlate: Took 0.000215 seconds to synchronously load lazily loaded font '../../../Engine/Content/Slate/Fonts/Roboto-Regular.ttf' (155K)
[2026-05-13T06:29:31.4457688-07:00] [pid=2224] [2026.05.13-13.29.31:445][  0]LogRenderer: Reallocating scene render targets to support 1536x864 Format 10 NumSamples 1 (Frame:1).
[2026-05-13T06:29:31.4457688-07:00] [pid=2224] [2026.05.13-13.29.31:445][  0]LogInit: Display: Engine is initialized. Leaving FEngineLoop::Init()
[2026-05-13T06:29:31.4457688-07:00] [pid=2224] [2026.05.13-13.29.31:445][  0]LogLoad: (Engine Initialization) Total time: 4.86 seconds
[2026-05-13T06:29:31.4457688-07:00] [pid=2224] [2026.05.13-13.29.31:445][  0]LogLoad: (Engine Initialization) Total Blueprint compile time: 0.00 seconds
[2026-05-13T06:29:31.4457688-07:00] [pid=2224] Resizing viewport due to setres change, 1536 x 864
[2026-05-13T06:29:31.4557954-07:00] [pid=2224] [2026.05.13-13.29.31:455][  0]LogContentStreaming: Texture pool size now 1000 MB
[2026-05-13T06:29:31.4597999-07:00] [pid=2224] [2026.05.13-13.29.31:459][  0]LogSlate: InvalidateAllWidgets triggered.  All widgets were invalidated
[2026-05-13T06:29:31.5144261-07:00] [pid=2224] [2026.05.13-13.29.31:514][  0]LogRenderer: Reallocating scene render targets to support 128x128 Format 10 NumSamples 1 (Frame:1).
[2026-05-13T06:29:31.5319750-07:00] [pid=2224] [2026.05.13-13.29.31:531][  0]LogRenderer: Reallocating scene render targets to support 1536x864 Format 10 NumSamples 1 (Frame:2).
[2026-05-13T06:29:31.5375193-07:00] [pid=2224] [2026.05.13-13.29.31:537][  1]LogSlate: Took 0.000144 seconds to synchronously load lazily loaded font '../../../Engine/Content/Slate/Fonts/Roboto-Regular.ttf' (155K)
[2026-05-13T06:29:31.5542694-07:00] [pid=2224] <<<_____ ImmerseAudioRenderer _____>>> 
[2026-05-13T06:29:31.5542694-07:00] [pid=2224] CreateImmerseAudioRendererFX()
[2026-05-13T06:29:31.5542694-07:00] [pid=2224] 
[2026-05-13T06:29:31.5542694-07:00] [pid=2224] <<<_____ ImmerseAudioRenderer _____>>> 
[2026-05-13T06:29:31.5542694-07:00] [pid=2224] Init: this=00000196CFD90080
[2026-05-13T06:29:31.5542694-07:00] [pid=2224] 
[2026-05-13T06:29:31.5542694-07:00] [pid=2224] <<<_____ ImmerseAudioRenderer _____>>> 
[2026-05-13T06:29:31.5552756-07:00] [pid=2224] Init: success this=00000196CFD90080 numChannels=36
[2026-05-13T06:29:31.5552756-07:00] [pid=2224] 
[2026-05-13T06:29:31.5552756-07:00] [pid=2224] [EmbodyLOG] May_13_2026 06:29:31.555 line: 738. ___IMMERSEENGINE___ Immerse_CreateAudioProcessor inChannelConfiguration:5 inInitHrirTuning:0 inInitSpeakerPlacement:0 outAudioProcessor:000000235833F8D0 
[2026-05-13T06:29:31.5552756-07:00] [pid=2224] [EmbodyLOG] May_13_2026 06:29:31.556 line: 251. ImmerseAudioApiImplBase::CreateAudioProcessor: failed to obtain personalized shared decoder kernel - expected behaviour if user is not set! 
[2026-05-13T06:29:31.5738670-07:00] [pid=2224] [EmbodyLOG] May_13_2026 06:29:31.574 line: 376. AudioConfig::GetSHIndices() - invalid channelConfig: 6 
[2026-05-13T06:29:31.6009331-07:00] [pid=2224] [EmbodyLOG] May_13_2026 06:29:31.601 line: 281. AudioConfig::InitializeDecoders: Successfully created shared ambisonic decoder kernel 
[2026-05-13T06:29:31.6029441-07:00] [pid=2224] [EmbodyLOG] May_13_2026 06:29:31.602 line: 269. ImmerseAudioApiImplBase::CreateAudioProcessor: failed to init personalized decoder - expected behaviour if user is not set! 
[2026-05-13T06:29:31.7178906-07:00] [pid=18712] <1>May13 06:29:31.718 SF_18712[Environ] CMD_DESKTOP_TYPE_LBUTTONUP_RTT: l:0
[2026-05-13T06:29:31.7178906-07:00] [pid=18712] <1>May13 06:29:31.718 SF_18712[MediaMgr] Stop video performance debug.
[2026-05-13T06:29:33.9546627-07:00] [pid=2224] [2026.05.13-13.29.33:954][194]LogTemp: Display: [ImmerseStress] REMOTE_HOLD_v1: waiting for go.flag (../../../../../../Users/kapil/OneDrive/Documents/Unreal Projects/testTP/Saved/ImmerseStress/go.flag) retry=1
[2026-05-13T06:29:35.5621045-07:00] [pid=8500] <<<_____ ImmerseAudioRenderer _____>>> 
[2026-05-13T06:29:35.5621045-07:00] [pid=8500] WwiseFxNullParams::Term()
[2026-05-13T06:29:35.5621045-07:00] [pid=8500] 
[2026-05-13T06:29:35.5666227-07:00] [pid=8500] <<<_____ ImmerseAudioRenderer _____>>> 
[2026-05-13T06:29:35.5666227-07:00] [pid=8500] CreateDestroyImmerseManager
[2026-05-13T06:29:35.5666227-07:00] [pid=8500] 
[2026-05-13T06:29:35.5666227-07:00] [pid=8500] <<<_____ ImmerseAudioRenderer _____>>> 
[2026-05-13T06:29:35.5666227-07:00] [pid=8500] DestroyImmerseManager
[2026-05-13T06:29:35.5666227-07:00] [pid=8500] 
[2026-05-13T06:29:35.6047337-07:00] [pid=27484] Focus Exec Name: wwise.exe
[2026-05-13T06:29:35.6047337-07:00] [pid=27484] ---> Focus Exec Name: wwise.exe has WS_OVERLAPPEDWINDOW
[2026-05-13T06:29:35.6186572-07:00] [pid=2224] <<<_____ ImmerseAudioRenderer _____>>> 
[2026-05-13T06:29:35.6186572-07:00] [pid=2224] RegisterImmerseAudioRendererFX()
[2026-05-13T06:29:35.6186572-07:00] [pid=2224] 
[2026-05-13T06:29:35.6186572-07:00] [pid=2224] <<<_____ ImmerseAudioRenderer _____>>> 
[2026-05-13T06:29:35.6186572-07:00] [pid=2224] CreateImmerseManager
[2026-05-13T06:29:35.6186572-07:00] [pid=2224] 
[2026-05-13T06:29:35.6447647-07:00] [pid=2224] <<<_____ ImmerseAudioRenderer _____>>> 
[2026-05-13T06:29:35.6447647-07:00] [pid=2224] CreateImmerseAudioRendererFXParams()
[2026-05-13T06:29:35.6447647-07:00] [pid=2224] 
[2026-05-13T06:29:35.6447647-07:00] [pid=2224] <<<_____ ImmerseAudioRenderer _____>>> 
[2026-05-13T06:29:35.6447647-07:00] [pid=2224] WwiseFxNullParams::Init()
[2026-05-13T06:29:35.6447647-07:00] [pid=2224] 
[2026-05-13T06:29:35.6447647-07:00] [pid=2224] <<<_____ ImmerseAudioRenderer _____>>> 
[2026-05-13T06:29:35.6457721-07:00] [pid=2224] WwiseFxNullParams::SetParam()
[2026-05-13T06:29:35.6457721-07:00] [pid=2224] 
[2026-05-13T06:29:35.6457721-07:00] [pid=2224] <<<_____ ImmerseAudioRenderer _____>>> 
[2026-05-13T06:29:35.6457721-07:00] [pid=2224] WwiseFxNullParams::SetParam()
[2026-05-13T06:29:35.6457721-07:00] [pid=2224] 
[2026-05-13T06:29:35.6457721-07:00] [pid=2224] <<<_____ ImmerseAudioRenderer _____>>> 
[2026-05-13T06:29:35.6457721-07:00] [pid=2224] WwiseFxNullParams::SetParam()
[2026-05-13T06:29:35.6457721-07:00] [pid=2224] 
[2026-05-13T06:29:35.6457721-07:00] [pid=2224] <<<_____ ImmerseAudioRenderer _____>>> 
[2026-05-13T06:29:35.6457721-07:00] [pid=2224] WwiseFxNullParams::SetParam()
[2026-05-13T06:29:35.6457721-07:00] [pid=2224] 
[2026-05-13T06:29:35.6457721-07:00] [pid=2224] <<<_____ ImmerseAudioRenderer _____>>> 
[2026-05-13T06:29:35.6457721-07:00] [pid=2224] WwiseFxNullParams::SetParam()
[2026-05-13T06:29:35.6457721-07:00] [pid=2224] 
[2026-05-13T06:29:35.6457721-07:00] [pid=2224] <<<_____ ImmerseAudioRenderer _____>>> 
[2026-05-13T06:29:35.6457721-07:00] [pid=2224] WwiseFxNullParams::SetParam()
[2026-05-13T06:29:35.6457721-07:00] [pid=2224] 
[2026-05-13T06:29:35.6457721-07:00] [pid=2224] <<<_____ ImmerseAudioRenderer _____>>> 
[2026-05-13T06:29:35.6457721-07:00] [pid=2224] WwiseFxNullParams::SetParam()
[2026-05-13T06:29:35.6457721-07:00] [pid=2224] 
[2026-05-13T06:29:35.6467797-07:00] [pid=2224] <<<_____ ImmerseAudioRenderer _____>>> 
[2026-05-13T06:29:35.6467797-07:00] [pid=2224] WwiseFxNullParams::SetParam()
[2026-05-13T06:29:35.6467797-07:00] [pid=2224] 
[2026-05-13T06:29:35.6467797-07:00] [pid=2224] <<<_____ ImmerseAudioRenderer _____>>> 
[2026-05-13T06:29:35.6467797-07:00] [pid=2224] WwiseFxNullParams::SetParam()
[2026-05-13T06:29:35.6467797-07:00] [pid=2224] 
[2026-05-13T06:29:35.6467797-07:00] [pid=2224] <<<_____ ImmerseAudioRenderer _____>>> 
[2026-05-13T06:29:35.6467797-07:00] [pid=2224] WwiseFxNullParams::ApplyParam()
[2026-05-13T06:29:35.6467797-07:00] [pid=2224] 
[2026-05-13T06:29:35.6467797-07:00] [pid=2224] [EmbodyLOG] May_13_2026 06:29:35.647 line: 649. ___IMMERSEENGINE___ Immerse_SetUserId inUserId:000000234DFEF200 
[2026-05-13T06:29:35.6467797-07:00] [pid=2224] <<<_____ ImmerseAudioRenderer _____>>> 
[2026-05-13T06:29:35.6467797-07:00] [pid=2224] WwiseFxNullParams::ApplyParam()
[2026-05-13T06:29:35.6467797-07:00] [pid=2224] 
[2026-05-13T06:29:35.6477803-07:00] [pid=2224] [EmbodyLOG] May_13_2026 06:29:35.647 line: 673. ___IMMERSEENGINE___ Immerse_EnableImmerse inMode: 0 
[2026-05-13T06:29:35.6477803-07:00] [pid=2224] <<<_____ ImmerseAudioRenderer _____>>> 
[2026-05-13T06:29:35.6477803-07:00] [pid=2224] WwiseFxNullParams::ApplyParam()
[2026-05-13T06:29:35.6477803-07:00] [pid=2224] 
[2026-05-13T06:29:35.6477803-07:00] [pid=2224] [EmbodyLOG] May_13_2026 06:29:35.648 line: 673. ___IMMERSEENGINE___ Immerse_EnableImmerse inMode: 1 
[2026-05-13T06:29:35.6477803-07:00] [pid=2224] [EmbodyLOG] May_13_2026 06:29:35.648 line: 3460. generateWebAppUrl(): userId: kevin_tencenttest1_emb 
[2026-05-13T06:29:35.6477803-07:00] [pid=2224] <<<_____ ImmerseAudioRenderer _____>>> 
[2026-05-13T06:29:35.6477803-07:00] [pid=2224] WwiseFxNullParams::ApplyParam()
[2026-05-13T06:29:35.6487795-07:00] [pid=2224] 
[2026-05-13T06:29:35.6487795-07:00] [pid=2224] [EmbodyLOG] May_13_2026 06:29:35.648 line: 710. ___IMMERSEENGINE___ Immerse_EnableHPEQ inHeadset: 0 
[2026-05-13T06:29:35.6487795-07:00] [pid=2224] <<<_____ ImmerseAudioRenderer _____>>> 
[2026-05-13T06:29:35.6487795-07:00] [pid=2224] WwiseFxNullParams::ApplyParam()
[2026-05-13T06:29:35.6487795-07:00] [pid=2224] 
[2026-05-13T06:29:35.6487795-07:00] [pid=2224] <<<_____ ImmerseAudioRenderer _____>>> 
[2026-05-13T06:29:35.6487795-07:00] [pid=2224] WwiseFxNullParams::ApplyParam()
[2026-05-13T06:29:35.6487795-07:00] [pid=2224] 
[2026-05-13T06:29:35.6487795-07:00] [pid=2224] <<<_____ ImmerseAudioRenderer _____>>> 
[2026-05-13T06:29:35.6487795-07:00] [pid=2224] [EmbodyLOG] May_13_2026 06:29:35.649 line: 759. ___IMMERSEENGINE___ Immerse_SetSpeakerPlacement inSpeakerPlacement:1 
[2026-05-13T06:29:35.6487795-07:00] [pid=2224] WwiseFxNullParams::ApplyParam()
[2026-05-13T06:29:35.6487795-07:00] [pid=2224] 
[2026-05-13T06:29:35.6487795-07:00] [pid=2224] <<<_____ ImmerseAudioRenderer _____>>> 
[2026-05-13T06:29:35.6487795-07:00] [pid=2224] WwiseFxNullParams::ApplyParam()
[2026-05-13T06:29:35.6487795-07:00] [pid=2224] 
[2026-05-13T06:29:35.6487795-07:00] [pid=2224] <<<_____ ImmerseAudioRenderer _____>>> 
[2026-05-13T06:29:35.6487795-07:00] [pid=2224] WwiseFxNullParams::ApplyParam()
[2026-05-13T06:29:35.6487795-07:00] [pid=2224] 
[2026-05-13T06:29:35.6497813-07:00] [pid=2224] [EmbodyLOG] May_13_2026 06:29:35.650 line: 1316. getLocalSessionID for user: kevin_tencenttest1_emb 06756e30dc6941e7b44b3ad365984a2f 
[2026-05-13T06:29:35.6497813-07:00] [pid=2224] <<<_____ ImmerseAudioRenderer _____>>> 
[2026-05-13T06:29:35.6497813-07:00] [pid=2224] Term: this=00000196CFD90080
[2026-05-13T06:29:35.6497813-07:00] [pid=2224] 
[2026-05-13T06:29:35.6497813-07:00] [pid=2224] [EmbodyLOG] May_13_2026 06:29:35.651 line: 752. ___IMMERSEENGINE___ Immerse_DestroyAudioProcessor inAudioProcessor:1 
[2026-05-13T06:29:35.6512891-07:00] [pid=2224] [EmbodyLOG] May_13_2026 06:29:35.651 line: 3468. generateWebAppUrl(): Query context user id = kevin_tencenttest1_emb 
[2026-05-13T06:29:35.6512891-07:00] [pid=2224] <<<_____ ImmerseAudioRenderer _____>>> 
[2026-05-13T06:29:35.6512891-07:00] [pid=2224] WwiseFxNullParams::Term()
[2026-05-13T06:29:35.6512891-07:00] [pid=2224] 
[2026-05-13T06:29:35.6512891-07:00] [pid=2224] <<<_____ ImmerseAudioRenderer _____>>> 
[2026-05-13T06:29:35.6512891-07:00] [pid=2224] CreateImmerseAudioRendererFX()
[2026-05-13T06:29:35.6512891-07:00] [pid=2224] 
[2026-05-13T06:29:35.6512891-07:00] [pid=2224] <<<_____ ImmerseAudioRenderer _____>>> 
[2026-05-13T06:29:35.6512891-07:00] [pid=2224] [EmbodyLOG] May_13_2026 06:29:35.651 line: 1377. constructWebAppUrl: https://u.embodyvr.io/i/VQvn0sghVmuWVlqKnUnZ1xrMT-XkTnAF5nFtEP1hSWNds__R0lGziA**?q=2h04:en 
[2026-05-13T06:29:35.6512891-07:00] [pid=2224] Init: this=00000196CFD901C0
[2026-05-13T06:29:35.6512891-07:00] [pid=2224] 
[2026-05-13T06:29:35.6512891-07:00] [pid=2224] <<<_____ ImmerseAudioRenderer _____>>> 
[2026-05-13T06:29:35.6512891-07:00] [pid=2224] Init: success this=00000196CFD901C0 numChannels=36
[2026-05-13T06:29:35.6512891-07:00] [pid=2224] 
[2026-05-13T06:29:35.6512891-07:00] [pid=2224] [EmbodyLOG] May_13_2026 06:29:35.652 line: 3483. generateWebAppUrl(): session url is : https://u.embodyvr.io/i/VQvn0sghVmuWVlqKnUnZ1xrMT-XkTnAF5nFtEP1hSWNds__R0lGziA**?q=2h04:en 
[2026-05-13T06:29:35.6533006-07:00] [pid=2224] <<<_____ ImmerseAudioRenderer _____>>> 
[2026-05-13T06:29:35.6533006-07:00] [pid=2224] Term: this=00000196CFD901C0
[2026-05-13T06:29:35.6533006-07:00] [pid=2224] 
[2026-05-13T06:29:35.6533006-07:00] [pid=2224] <<<_____ ImmerseAudioRenderer _____>>> 
[2026-05-13T06:29:35.6533006-07:00] [pid=2224] WwiseFxNullParams::Term()
[2026-05-13T06:29:35.6533006-07:00] [pid=2224] 
[2026-05-13T06:29:35.6598235-07:00] [pid=2224] <<<_____ ImmerseAudioRenderer _____>>> 
[2026-05-13T06:29:35.6598235-07:00] [pid=2224] CreateImmerseAudioRendererFX()
[2026-05-13T06:29:35.6613296-07:00] [pid=2224] 
[2026-05-13T06:29:35.6613296-07:00] [pid=2224] <<<_____ ImmerseAudioRenderer _____>>> 
[2026-05-13T06:29:35.6613296-07:00] [pid=2224] Init: this=00000196CFD90300
[2026-05-13T06:29:35.6613296-07:00] [pid=2224] 
[2026-05-13T06:29:35.6613296-07:00] [pid=2224] <<<_____ ImmerseAudioRenderer _____>>> 
[2026-05-13T06:29:35.6613296-07:00] [pid=2224] Init: success this=00000196CFD90300 numChannels=36
[2026-05-13T06:29:35.6613296-07:00] [pid=2224] 
[2026-05-13T06:29:35.6623383-07:00] [pid=2224] [EmbodyLOG] May_13_2026 06:29:35.662 line: 738. ___IMMERSEENGINE___ Immerse_CreateAudioProcessor inChannelConfiguration:5 inInitHrirTuning:0 inInitSpeakerPlacement:0 outAudioProcessor:0000002358EBF710 
[2026-05-13T06:29:35.6623383-07:00] [pid=2224] [EmbodyLOG] May_13_2026 06:29:35.663 line: 251. ImmerseAudioApiImplBase::CreateAudioProcessor: failed to obtain personalized shared decoder kernel - expected behaviour if user is not set! 
[2026-05-13T06:29:35.6638436-07:00] [pid=2224] [EmbodyLOG] May_13_2026 06:29:35.664 line: 269. ImmerseAudioApiImplBase::CreateAudioProcessor: failed to init personalized decoder - expected behaviour if user is not set! 
[2026-05-13T06:29:35.6698542-07:00] [pid=2224] [EmbodyLOG] May_13_2026 06:29:35.670 line: 1419. calculateLicenseDaysRemaining(): cached=358, elapsed=0, remaining=358 
[2026-05-13T06:29:35.9711969-07:00] [pid=2224] [EmbodyLOG] May_13_2026 06:29:35.971 line: 2042. updateUserData onSetUserId: update user data on set user id 
[2026-05-13T06:29:35.9722063-07:00] [pid=2224] [EmbodyLOG] May_13_2026 06:29:35.972 line: 1316. getLocalSessionID for user: kevin_tencenttest1_emb 06756e30dc6941e7b44b3ad365984a2f 
[2026-05-13T06:29:35.9722063-07:00] [pid=2224] [EmbodyLOG] May_13_2026 06:29:35.972 line: 2060. ImmerseAPI_updateUserData onSetUserId: syncing with server 
[2026-05-13T06:29:35.9742177-07:00] [pid=2224] [EmbodyLOG] May_13_2026 06:29:35.974 line: 1316. getLocalSessionID for user: kevin_tencenttest1_emb 06756e30dc6941e7b44b3ad365984a2f 
[2026-05-13T06:29:35.9752249-07:00] [pid=2224] [EmbodyLOG] May_13_2026 06:29:35.975 line: 3274. getEmbodyData: STATUS_AUTHORIZING StatusCheck session_id: 06756e30dc6941e7b44b3ad365984a2f, immerse_id: v2.2.447, hrtf_id: 1408e0d2eca549feaf2d5631a49ca7d2, img_id: img_1 
[2026-05-13T06:29:35.9752249-07:00] [pid=2224] [EmbodyLOG] May_13_2026 06:29:35.975 line: 3213. usingLocalUserCache: Using local cache for user: SCR license_type: trial, license_days_left: 358, license_expired: 0, isUniversalUser: 0 
[2026-05-13T06:29:35.9752249-07:00] [pid=2224] [EmbodyLOG] May_13_2026 06:29:35.975 line: 3232. updateUMWHPEQSelection() - updated headsetId: 18446744073709551615 
[2026-05-13T06:29:35.9762308-07:00] [pid=2224] [EmbodyLOG] May_13_2026 06:29:35.976 line: 2669. updateUserHRTFData ProfileName set to : Profile_1 
[2026-05-13T06:29:35.9762308-07:00] [pid=2224] [EmbodyLOG] May_13_2026 06:29:35.976 line: 2724. updateUserHRTFData: inside hrtfCallback invocation 
[2026-05-13T06:29:35.9762308-07:00] [pid=2224] [EmbodyLOG] May_13_2026 06:29:35.976 line: 270. LoadHrtfCallback: HRTF loaded 
[2026-05-13T06:29:35.9762308-07:00] [pid=2224] [EmbodyLOG] May_13_2026 06:29:35.977 line: 3354. getEmbodyData: IMMERSE_STATUS::DATA_FINISHED 
[2026-05-13T06:29:36.2790829-07:00] [pid=2224] [EmbodyLOG] May_13_2026 06:29:36.279 line: 416. DecryptMultiSofaData() - v2 numSections=3 hrtfFlags=1 hrtfSectionOffset=971 hrtfSectionSize=1758624 numEntries=4 dataOffset=1039 dataLength=439639 bmapSize=518 fovdSize=361 
[2026-05-13T06:29:36.3336766-07:00] [pid=2224] [EmbodyLOG] May_13_2026 06:29:36.333 line: 447. DecryptMultiSofaData() - decrypt result: Success 
[2026-05-13T06:29:36.3346777-07:00] [pid=2224] [EmbodyLOG] May_13_2026 06:29:36.334 line: 533. AssetManager - BMAP data (518 bytes): {"buses":[{"label":"Extraction","tunings":[{"id":"extraction_tuning_1","label":"Extraction Tuning 1","hrtf_index":0}],"id":"extraction"},{"label":"Warfare","tunings":[{"id":"warfare_tuning_1","label":"Warfare Tuning 1","hrtf_index":1}],"id":"warfare"},{"label":"Campaign","tunings":[{"id":"campaign_tuning_1","label":"Campaign Tuning 1","hrtf_index":2}],"id":"campaign"},{"label":"Voice Chat","tunings":[{"id":"voice_chat_tuning_1","label":"Voice Chat Tuning 1","hrtf_index":3}],"id":"voice_chat"}],"schema_version":1} 
[2026-05-13T06:29:36.3346777-07:00] [pid=2224] [EmbodyLOG] May_13_2026 06:29:36.334 line: 537. AssetManager - FOVD data (361 bytes): {"schema_version":1,"fov_groups":["l/r"],"fov_presets":[{"studio_speaker_angles_idx":[0,1,6,7,8,9,10,11,12,13,14,15,16,17,18],"label":"Narrow","id":"narrow"},{"studio_speaker_angles_idx":[2,3,6,7,8,9,10,11,12,13,14,15,16,17,18],"label":"Default","id":"default"},{"studio_speaker_angles_idx":[4,5,6,7,8,9,10,11,12,13,14,15,16,17,18],"label":"Wide","id":"wide"}]} 
[2026-05-13T06:29:36.3401310-07:00] [pid=2224] [EmbodyLOG] May_13_2026 06:29:36.340 line: 376. AudioConfig::GetSHIndices() - invalid channelConfig: 6 
[2026-05-13T06:29:36.3861615-07:00] [pid=2224] [EmbodyLOG] May_13_2026 06:29:36.386 line: 281. AudioConfig::InitializeDecoders: Successfully created shared ambisonic decoder kernel 
[2026-05-13T06:29:36.3886801-07:00] [pid=2224] [EmbodyLOG] May_13_2026 06:29:36.389 line: 1419. calculateLicenseDaysRemaining(): cached=358, elapsed=0, remaining=358 
[2026-05-13T06:29:36.3896792-07:00] [pid=2224] [EmbodyLOG] May_13_2026 06:29:36.390 line: 1419. calculateLicenseDaysRemaining(): cached=358, elapsed=0, remaining=358 
[2026-05-13T06:29:36.3912287-07:00] [pid=2224] [EmbodyLOG] May_13_2026 06:29:36.391 line: 1316. getLocalSessionID for user: kevin_tencenttest1_emb 06756e30dc6941e7b44b3ad365984a2f 
[2026-05-13T06:29:36.3922342-07:00] [pid=2224] [EmbodyLOG] May_13_2026 06:29:36.392 line: 2576. ImmerseAPI: Too many status checks within the period allowed, returning early 
[2026-05-13T06:29:36.3922342-07:00] [pid=2224] [EmbodyLOG] May_13_2026 06:29:36.392 line: 3232. updateUMWHPEQSelection() - updated headsetId: 18446744073709551615 
[2026-05-13T06:29:36.3932354-07:00] [pid=2224] [EmbodyLOG] May_13_2026 06:29:36.393 line: 1419. calculateLicenseDaysRemaining(): cached=358, elapsed=0, remaining=358 
[2026-05-13T06:29:36.3932354-07:00] [pid=2224] [EmbodyLOG] May_13_2026 06:29:36.394 line: 1304. ImmerseManager::UpdateHpeqHeadset() - HPEQ disabled 
[2026-05-13T06:29:36.3942348-07:00] [pid=2224] [EmbodyLOG] May_13_2026 06:29:36.394 line: 1419. calculateLicenseDaysRemaining(): cached=358, elapsed=0, remaining=358 
[2026-05-13T06:29:39.3318871-07:00] [pid=2224] <<<_____ ImmerseAudioRenderer _____>>> 
[2026-05-13T06:29:39.3318871-07:00] [pid=2224] WwiseFxNullParams::SetParam()
[2026-05-13T06:29:39.3318871-07:00] [pid=2224] 
[2026-05-13T06:29:39.3318871-07:00] [pid=2224] <<<_____ ImmerseAudioRenderer _____>>> 
[2026-05-13T06:29:39.3318871-07:00] [pid=2224] WwiseFxNullParams::ApplyParam()
[2026-05-13T06:29:39.3328875-07:00] [pid=2224] 
[2026-05-13T06:29:39.3328875-07:00] [pid=2224] [EmbodyLOG] May_13_2026 06:29:39.332 line: 673. ___IMMERSEENGINE___ Immerse_EnableImmerse inMode: 2 
[2026-05-13T06:29:39.3328875-07:00] [pid=2224] <<<_____ ImmerseAudioRenderer _____>>> 
[2026-05-13T06:29:39.3328875-07:00] [pid=2224] WwiseFxNullParams::SetParam()
[2026-05-13T06:29:39.3328875-07:00] [pid=2224] 
[2026-05-13T06:29:39.3328875-07:00] [pid=2224] <<<_____ ImmerseAudioRenderer _____>>> 
[2026-05-13T06:29:39.3328875-07:00] [pid=2224] WwiseFxNullParams::ApplyParam()
[2026-05-13T06:29:39.3328875-07:00] [pid=2224] 
[2026-05-13T06:29:39.3338896-07:00] [pid=2224] [EmbodyLOG] May_13_2026 06:29:39.333 line: 673. ___IMMERSEENGINE___ Immerse_EnableImmerse inMode: 2 
[2026-05-13T06:29:39.3343963-07:00] [pid=2224] [EmbodyLOG] May_13_2026 06:29:39.334 line: 1419. calculateLicenseDaysRemaining(): cached=358, elapsed=0, remaining=358 
[2026-05-13T06:29:39.3354043-07:00] [pid=2224] [EmbodyLOG] May_13_2026 06:29:39.335 line: 1419. calculateLicenseDaysRemaining(): cached=358, elapsed=0, remaining=358 
[2026-05-13T06:29:39.4867588-07:00] [pid=2224] [2026.05.13-13.29.39:486][779]LogAkAudio: Error: Voice Starvation
[2026-05-13T06:29:41.4095364-07:00] [pid=2224] <<<_____ ImmerseAudioRenderer _____>>> 
[2026-05-13T06:29:41.4095364-07:00] [pid=2224] WwiseFxNullParams::SetParam()
[2026-05-13T06:29:41.4095364-07:00] [pid=2224] 
[2026-05-13T06:29:41.4095364-07:00] [pid=2224] <<<_____ ImmerseAudioRenderer _____>>> 
[2026-05-13T06:29:41.4095364-07:00] [pid=2224] WwiseFxNullParams::ApplyParam()
[2026-05-13T06:29:41.4095364-07:00] [pid=2224] 
[2026-05-13T06:29:41.4095364-07:00] [pid=2224] [EmbodyLOG] May_13_2026 06:29:41.409 line: 673. ___IMMERSEENGINE___ Immerse_EnableImmerse inMode: 2 
[2026-05-13T06:29:41.4095364-07:00] [pid=2224] <<<_____ ImmerseAudioRenderer _____>>> 
[2026-05-13T06:29:41.4095364-07:00] [pid=2224] WwiseFxNullParams::SetParam()
[2026-05-13T06:29:41.4095364-07:00] [pid=2224] 
[2026-05-13T06:29:41.4095364-07:00] [pid=2224] <<<_____ ImmerseAudioRenderer _____>>> 
[2026-05-13T06:29:41.4095364-07:00] [pid=2224] WwiseFxNullParams::ApplyParam()
[2026-05-13T06:29:41.4095364-07:00] [pid=2224] 
[2026-05-13T06:29:41.4095364-07:00] [pid=2224] [EmbodyLOG] May_13_2026 06:29:41.410 line: 673. ___IMMERSEENGINE___ Immerse_EnableImmerse inMode: 2 
[2026-05-13T06:29:41.4110417-07:00] [pid=2224] [EmbodyLOG] May_13_2026 06:29:41.411 line: 1419. calculateLicenseDaysRemaining(): cached=358, elapsed=0, remaining=358 
[2026-05-13T06:29:41.4130495-07:00] [pid=2224] [EmbodyLOG] May_13_2026 06:29:41.413 line: 1419. calculateLicenseDaysRemaining(): cached=358, elapsed=0, remaining=358 
[2026-05-13T06:29:41.5398550-07:00] [pid=2224] <<<_____ ImmerseAudioRenderer _____>>> 
[2026-05-13T06:29:41.5398550-07:00] [pid=2224] WwiseFxNullParams::SetParam()
[2026-05-13T06:29:41.5398550-07:00] [pid=2224] 
[2026-05-13T06:29:41.5398550-07:00] [pid=2224] <<<_____ ImmerseAudioRenderer _____>>> 
[2026-05-13T06:29:41.5398550-07:00] [pid=2224] WwiseFxNullParams::ApplyParam()
[2026-05-13T06:29:41.5398550-07:00] [pid=2224] 
[2026-05-13T06:29:41.5398550-07:00] [pid=2224] [EmbodyLOG] May_13_2026 06:29:41.540 line: 673. ___IMMERSEENGINE___ Immerse_EnableImmerse inMode: 0 
[2026-05-13T06:29:41.5398550-07:00] [pid=2224] <<<_____ ImmerseAudioRenderer _____>>> 
[2026-05-13T06:29:41.5413593-07:00] [pid=2224] WwiseFxNullParams::SetParam()
[2026-05-13T06:29:41.5413593-07:00] [pid=2224] 
[2026-05-13T06:29:41.5413593-07:00] [pid=2224] <<<_____ ImmerseAudioRenderer _____>>> 
[2026-05-13T06:29:41.5413593-07:00] [pid=2224] WwiseFxNullParams::ApplyParam()
[2026-05-13T06:29:41.5413593-07:00] [pid=2224] 
[2026-05-13T06:29:41.5413593-07:00] [pid=2224] [EmbodyLOG] May_13_2026 06:29:41.541 line: 673. ___IMMERSEENGINE___ Immerse_EnableImmerse inMode: 0 
[2026-05-13T06:29:41.5413593-07:00] [pid=2224] [EmbodyLOG] May_13_2026 06:29:41.541 line: 1419. calculateLicenseDaysRemaining(): cached=358, elapsed=0, remaining=358 
[2026-05-13T06:29:41.5423698-07:00] [pid=2224] [EmbodyLOG] May_13_2026 06:29:41.542 line: 1419. calculateLicenseDaysRemaining(): cached=358, elapsed=0, remaining=358 
[2026-05-13T06:29:41.6478012-07:00] [pid=2224] <<<_____ ImmerseAudioRenderer _____>>> 
[2026-05-13T06:29:41.6478012-07:00] [pid=2224] WwiseFxNullParams::SetParam()
[2026-05-13T06:29:41.6478012-07:00] [pid=2224] 
[2026-05-13T06:29:41.6478012-07:00] [pid=2224] <<<_____ ImmerseAudioRenderer _____>>> 
[2026-05-13T06:29:41.6478012-07:00] [pid=2224] WwiseFxNullParams::ApplyParam()
[2026-05-13T06:29:41.6478012-07:00] [pid=2224] 
[2026-05-13T06:29:41.6478012-07:00] [pid=2224] [EmbodyLOG] May_13_2026 06:29:41.648 line: 673. ___IMMERSEENGINE___ Immerse_EnableImmerse inMode: 2 
[2026-05-13T06:29:41.6488010-07:00] [pid=2224] <<<_____ ImmerseAudioRenderer _____>>> 
[2026-05-13T06:29:41.6488010-07:00] [pid=2224] WwiseFxNullParams::SetParam()
[2026-05-13T06:29:41.6488010-07:00] [pid=2224] 
[2026-05-13T06:29:41.6488010-07:00] [pid=2224] <<<_____ ImmerseAudioRenderer _____>>> 
[2026-05-13T06:29:41.6488010-07:00] [pid=2224] WwiseFxNullParams::ApplyParam()
[2026-05-13T06:29:41.6488010-07:00] [pid=2224] 
[2026-05-13T06:29:41.6488010-07:00] [pid=2224] [EmbodyLOG] May_13_2026 06:29:41.649 line: 673. ___IMMERSEENGINE___ Immerse_EnableImmerse inMode: 2 
[2026-05-13T06:29:41.6498022-07:00] [pid=2224] [EmbodyLOG] May_13_2026 06:29:41.649 line: 1419. calculateLicenseDaysRemaining(): cached=358, elapsed=0, remaining=358 
[2026-05-13T06:29:41.6498022-07:00] [pid=2224] [EmbodyLOG] May_13_2026 06:29:41.650 line: 1419. calculateLicenseDaysRemaining(): cached=358, elapsed=0, remaining=358 
[2026-05-13T06:29:43.4745922-07:00] [pid=2224] [2026.05.13-13.29.43:474][666]LogTemp: Display: [ImmerseStress] REMOTE_HOLD_v1: waiting for go.flag (../../../../../../Users/kapil/OneDrive/Documents/Unreal Projects/testTP/Saved/ImmerseStress/go.flag) retry=20
[2026-05-13T06:29:43.7797583-07:00] [pid=2224] <<<_____ ImmerseAudioRenderer _____>>> 
[2026-05-13T06:29:43.7797583-07:00] [pid=2224] WwiseFxNullParams::SetParam()
[2026-05-13T06:29:43.7797583-07:00] [pid=2224] 
[2026-05-13T06:29:43.7797583-07:00] [pid=2224] <<<_____ ImmerseAudioRenderer _____>>> 
[2026-05-13T06:29:43.7797583-07:00] [pid=2224] WwiseFxNullParams::ApplyParam()
[2026-05-13T06:29:43.7797583-07:00] [pid=2224] 
[2026-05-13T06:29:43.7797583-07:00] [pid=2224] [EmbodyLOG] May_13_2026 06:29:43.780 line: 673. ___IMMERSEENGINE___ Immerse_EnableImmerse inMode: 1 
[2026-05-13T06:29:43.7797583-07:00] [pid=2224] <<<_____ ImmerseAudioRenderer _____>>> 
[2026-05-13T06:29:43.7797583-07:00] [pid=2224] WwiseFxNullParams::SetParam()
[2026-05-13T06:29:43.7797583-07:00] [pid=2224] 
[2026-05-13T06:29:43.7797583-07:00] [pid=2224] <<<_____ ImmerseAudioRenderer _____>>> 
[2026-05-13T06:29:43.7797583-07:00] [pid=2224] WwiseFxNullParams::ApplyParam()
[2026-05-13T06:29:43.7797583-07:00] [pid=2224] 
[2026-05-13T06:29:43.7797583-07:00] [pid=2224] [EmbodyLOG] May_13_2026 06:29:43.780 line: 673. ___IMMERSEENGINE___ Immerse_EnableImmerse inMode: 1 
[2026-05-13T06:29:43.7812643-07:00] [pid=2224] [EmbodyLOG] May_13_2026 06:29:43.782 line: 1316. getLocalSessionID for user: kevin_tencenttest1_emb 06756e30dc6941e7b44b3ad365984a2f 
[2026-05-13T06:29:43.7832736-07:00] [pid=2224] [EmbodyLOG] May_13_2026 06:29:43.783 line: 3274. getEmbodyData: STATUS_AUTHORIZING StatusCheck session_id: 06756e30dc6941e7b44b3ad365984a2f, immerse_id: v2.2.447, hrtf_id: 1408e0d2eca549feaf2d5631a49ca7d2, img_id: img_1 
[2026-05-13T06:29:43.7832736-07:00] [pid=2224] [EmbodyLOG] May_13_2026 06:29:43.783 line: 3213. usingLocalUserCache: Using local cache for user: SCR license_type: trial, license_days_left: 358, license_expired: 0, isUniversalUser: 0 
[2026-05-13T06:29:43.7832736-07:00] [pid=2224] [EmbodyLOG] May_13_2026 06:29:43.783 line: 3232. updateUMWHPEQSelection() - updated headsetId: 18446744073709551615 
[2026-05-13T06:29:43.7832736-07:00] [pid=2224] [EmbodyLOG] May_13_2026 06:29:43.784 line: 2669. updateUserHRTFData ProfileName set to : Profile_1 
[2026-05-13T06:29:43.7842748-07:00] [pid=2224] [EmbodyLOG] May_13_2026 06:29:43.784 line: 2724. updateUserHRTFData: inside hrtfCallback invocation 
[2026-05-13T06:29:43.7842748-07:00] [pid=2224] [EmbodyLOG] May_13_2026 06:29:43.784 line: 277. LoadHrtfCallback: HRTF already loaded 
[2026-05-13T06:29:43.7847801-07:00] [pid=2224] [EmbodyLOG] May_13_2026 06:29:43.785 line: 3354. getEmbodyData: IMMERSE_STATUS::DATA_FINISHED 
[2026-05-13T06:29:43.7857870-07:00] [pid=2224] [EmbodyLOG] May_13_2026 06:29:43.785 line: 1419. calculateLicenseDaysRemaining(): cached=358, elapsed=0, remaining=358 
[2026-05-13T06:29:43.7867931-07:00] [pid=2224] [EmbodyLOG] May_13_2026 06:29:43.787 line: 1316. getLocalSessionID for user: kevin_tencenttest1_emb 06756e30dc6941e7b44b3ad365984a2f 
[2026-05-13T06:29:43.7877932-07:00] [pid=2224] [EmbodyLOG] May_13_2026 06:29:43.788 line: 2576. ImmerseAPI: Too many status checks within the period allowed, returning early 
[2026-05-13T06:29:43.7887926-07:00] [pid=2224] [EmbodyLOG] May_13_2026 06:29:43.788 line: 3232. updateUMWHPEQSelection() - updated headsetId: 18446744073709551615 
[2026-05-13T06:29:43.7887926-07:00] [pid=2224] [EmbodyLOG] May_13_2026 06:29:43.789 line: 1419. calculateLicenseDaysRemaining(): cached=358, elapsed=0, remaining=358 
[2026-05-13T06:29:43.9155619-07:00] [pid=2224] [2026.05.13-13.29.43:915][876]LogAkAudio: Error: Voice Starvation
[2026-05-13T06:29:43.9466213-07:00] [pid=2224] <<<_____ ImmerseAudioRenderer _____>>> 
[2026-05-13T06:29:43.9476222-07:00] [pid=2224] WwiseFxNullParams::SetParam()
[2026-05-13T06:29:43.9476222-07:00] [pid=2224] 
[2026-05-13T06:29:43.9476222-07:00] [pid=2224] <<<_____ ImmerseAudioRenderer _____>>> 
[2026-05-13T06:29:43.9476222-07:00] [pid=2224] WwiseFxNullParams::ApplyParam()
[2026-05-13T06:29:43.9476222-07:00] [pid=2224] 
[2026-05-13T06:29:43.9476222-07:00] [pid=2224] [EmbodyLOG] May_13_2026 06:29:43.947 line: 673. ___IMMERSEENGINE___ Immerse_EnableImmerse inMode: 2 
[2026-05-13T06:29:43.9476222-07:00] [pid=2224] <<<_____ ImmerseAudioRenderer _____>>> 
[2026-05-13T06:29:43.9476222-07:00] [pid=2224] WwiseFxNullParams::SetParam()
[2026-05-13T06:29:43.9476222-07:00] [pid=2224] 
[2026-05-13T06:29:43.9476222-07:00] [pid=2224] <<<_____ ImmerseAudioRenderer _____>>> 
[2026-05-13T06:29:43.9486232-07:00] [pid=2224] WwiseFxNullParams::ApplyParam()
[2026-05-13T06:29:43.9486232-07:00] [pid=2224] 
[2026-05-13T06:29:43.9486232-07:00] [pid=2224] [EmbodyLOG] May_13_2026 06:29:43.948 line: 673. ___IMMERSEENGINE___ Immerse_EnableImmerse inMode: 2 
[2026-05-13T06:29:43.9486232-07:00] [pid=2224] [EmbodyLOG] May_13_2026 06:29:43.949 line: 1419. calculateLicenseDaysRemaining(): cached=358, elapsed=0, remaining=358 
[2026-05-13T06:29:43.9496248-07:00] [pid=2224] [EmbodyLOG] May_13_2026 06:29:43.950 line: 1419. calculateLicenseDaysRemaining(): cached=358, elapsed=0, remaining=358 
[2026-05-13T06:29:45.0494674-07:00] [pid=2224] <<<_____ ImmerseAudioRenderer _____>>> 
[2026-05-13T06:29:45.0494674-07:00] [pid=2224] WwiseFxNullParams::SetParam()
[2026-05-13T06:29:45.0494674-07:00] [pid=2224] 
[2026-05-13T06:29:45.0494674-07:00] [pid=2224] <<<_____ ImmerseAudioRenderer _____>>> 
[2026-05-13T06:29:45.0494674-07:00] [pid=2224] WwiseFxNullParams::ApplyParam()
[2026-05-13T06:29:45.0494674-07:00] [pid=2224] 
[2026-05-13T06:29:45.0494674-07:00] [pid=2224] [EmbodyLOG] May_13_2026 06:29:45.049 line: 673. ___IMMERSEENGINE___ Immerse_EnableImmerse inMode: 1 
[2026-05-13T06:29:45.0494674-07:00] [pid=2224] <<<_____ ImmerseAudioRenderer _____>>> 
[2026-05-13T06:29:45.0494674-07:00] [pid=2224] WwiseFxNullParams::SetParam()
[2026-05-13T06:29:45.0494674-07:00] [pid=2224] 
[2026-05-13T06:29:45.0494674-07:00] [pid=2224] <<<_____ ImmerseAudioRenderer _____>>> 
[2026-05-13T06:29:45.0494674-07:00] [pid=2224] WwiseFxNullParams::ApplyParam()
[2026-05-13T06:29:45.0494674-07:00] [pid=2224] 
[2026-05-13T06:29:45.0494674-07:00] [pid=2224] [EmbodyLOG] May_13_2026 06:29:45.050 line: 673. ___IMMERSEENGINE___ Immerse_EnableImmerse inMode: 1 
[2026-05-13T06:29:45.0509739-07:00] [pid=2224] [EmbodyLOG] May_13_2026 06:29:45.051 line: 1316. getLocalSessionID for user: kevin_tencenttest1_emb 06756e30dc6941e7b44b3ad365984a2f 
[2026-05-13T06:29:45.0519825-07:00] [pid=2224] [EmbodyLOG] May_13_2026 06:29:45.052 line: 2576. ImmerseAPI: Too many status checks within the period allowed, returning early 
[2026-05-13T06:29:45.0529837-07:00] [pid=2224] [EmbodyLOG] May_13_2026 06:29:45.053 line: 3232. updateUMWHPEQSelection() - updated headsetId: 18446744073709551615 
[2026-05-13T06:29:45.0539837-07:00] [pid=2224] [EmbodyLOG] May_13_2026 06:29:45.054 line: 1419. calculateLicenseDaysRemaining(): cached=358, elapsed=0, remaining=358 
[2026-05-13T06:29:45.0554938-07:00] [pid=2224] [EmbodyLOG] May_13_2026 06:29:45.055 line: 1316. getLocalSessionID for user: kevin_tencenttest1_emb 06756e30dc6941e7b44b3ad365984a2f 
[2026-05-13T06:29:45.0565003-07:00] [pid=2224] [EmbodyLOG] May_13_2026 06:29:45.056 line: 2576. ImmerseAPI: Too many status checks within the period allowed, returning early 
[2026-05-13T06:29:45.0565003-07:00] [pid=2224] [EmbodyLOG] May_13_2026 06:29:45.056 line: 3232. updateUMWHPEQSelection() - updated headsetId: 18446744073709551615 
[2026-05-13T06:29:45.0574993-07:00] [pid=2224] [EmbodyLOG] May_13_2026 06:29:45.057 line: 1419. calculateLicenseDaysRemaining(): cached=358, elapsed=0, remaining=358 
[2026-05-13T06:29:45.2319758-07:00] [pid=2224] [2026.05.13-13.29.45:231][505]LogAkAudio: Error: Voice Starvation
[2026-05-13T06:29:47.1021056-07:00] [pid=2224] <<<_____ ImmerseAudioRenderer _____>>> 
[2026-05-13T06:29:47.1021056-07:00] [pid=2224] WwiseFxNullParams::SetParam()
[2026-05-13T06:29:47.1021056-07:00] [pid=2224] 
[2026-05-13T06:29:47.1021056-07:00] [pid=2224] <<<_____ ImmerseAudioRenderer _____>>> 
[2026-05-13T06:29:47.1021056-07:00] [pid=2224] WwiseFxNullParams::ApplyParam()
[2026-05-13T06:29:47.1021056-07:00] [pid=2224] 
[2026-05-13T06:29:47.1021056-07:00] [pid=2224] [EmbodyLOG] May_13_2026 06:29:47.102 line: 710. ___IMMERSEENGINE___ Immerse_EnableHPEQ inHeadset: 102 
[2026-05-13T06:29:47.1021056-07:00] [pid=2224] <<<_____ ImmerseAudioRenderer _____>>> 
[2026-05-13T06:29:47.1021056-07:00] [pid=2224] WwiseFxNullParams::SetParam()
[2026-05-13T06:29:47.1021056-07:00] [pid=2224] 
[2026-05-13T06:29:47.1021056-07:00] [pid=2224] <<<_____ ImmerseAudioRenderer _____>>> 
[2026-05-13T06:29:47.1021056-07:00] [pid=2224] WwiseFxNullParams::ApplyParam()
[2026-05-13T06:29:47.1036098-07:00] [pid=2224] 
[2026-05-13T06:29:47.1036098-07:00] [pid=2224] [EmbodyLOG] May_13_2026 06:29:47.103 line: 1328. ImmerseManager::UpdateHpeqHeadset() - HPEQ enabled, headsetId 102 
[2026-05-13T06:29:47.1041496-07:00] [pid=2224] [EmbodyLOG] May_13_2026 06:29:47.104 line: 1419. calculateLicenseDaysRemaining(): cached=358, elapsed=0, remaining=358 
[2026-05-13T06:29:50.1898095-07:00] [pid=2224] <<<_____ ImmerseAudioRenderer _____>>> 
[2026-05-13T06:29:50.1898095-07:00] [pid=2224] WwiseFxNullParams::SetParam()
[2026-05-13T06:29:50.1898095-07:00] [pid=2224] 
[2026-05-13T06:29:50.1898095-07:00] [pid=2224] <<<_____ ImmerseAudioRenderer _____>>> 
[2026-05-13T06:29:50.1898095-07:00] [pid=2224] WwiseFxNullParams::ApplyParam()
[2026-05-13T06:29:50.1898095-07:00] [pid=2224] 
[2026-05-13T06:29:50.1898095-07:00] [pid=2224] [EmbodyLOG] May_13_2026 06:29:50.191 line: 710. ___IMMERSEENGINE___ Immerse_EnableHPEQ inHeadset: 104 
[2026-05-13T06:29:50.1913130-07:00] [pid=2224] <<<_____ ImmerseAudioRenderer _____>>> 
[2026-05-13T06:29:50.1913130-07:00] [pid=2224] WwiseFxNullParams::SetParam()
[2026-05-13T06:29:50.1913130-07:00] [pid=2224] 
[2026-05-13T06:29:50.1913130-07:00] [pid=2224] <<<_____ ImmerseAudioRenderer _____>>> 
[2026-05-13T06:29:50.1913130-07:00] [pid=2224] [EmbodyLOG] May_13_2026 06:29:50.191 line: 1328. ImmerseManager::UpdateHpeqHeadset() - HPEQ enabled, headsetId 104 
[2026-05-13T06:29:50.1913130-07:00] [pid=2224] WwiseFxNullParams::ApplyParam()
[2026-05-13T06:29:50.1913130-07:00] [pid=2224] 
[2026-05-13T06:29:50.1923214-07:00] [pid=2224] [EmbodyLOG] May_13_2026 06:29:50.192 line: 1419. calculateLicenseDaysRemaining(): cached=358, elapsed=0, remaining=358 
[2026-05-13T06:29:53.2709613-07:00] [pid=2224] <<<_____ ImmerseAudioRenderer _____>>> 
[2026-05-13T06:29:53.2709613-07:00] [pid=2224] WwiseFxNullParams::SetParam()
[2026-05-13T06:29:53.2709613-07:00] [pid=2224] 
[2026-05-13T06:29:53.2709613-07:00] [pid=2224] <<<_____ ImmerseAudioRenderer _____>>> 
[2026-05-13T06:29:53.2709613-07:00] [pid=2224] WwiseFxNullParams::ApplyParam()
[2026-05-13T06:29:53.2709613-07:00] [pid=2224] 
[2026-05-13T06:29:53.2709613-07:00] [pid=2224] [EmbodyLOG] May_13_2026 06:29:53.271 line: 710. ___IMMERSEENGINE___ Immerse_EnableHPEQ inHeadset: 26 
[2026-05-13T06:29:53.2719658-07:00] [pid=2224] <<<_____ ImmerseAudioRenderer _____>>> 
[2026-05-13T06:29:53.2719658-07:00] [pid=2224] WwiseFxNullParams::SetParam()
[2026-05-13T06:29:53.2719658-07:00] [pid=2224] 
[2026-05-13T06:29:53.2719658-07:00] [pid=2224] <<<_____ ImmerseAudioRenderer _____>>> 
[2026-05-13T06:29:53.2719658-07:00] [pid=2224] WwiseFxNullParams::ApplyParam()
[2026-05-13T06:29:53.2719658-07:00] [pid=2224] 
[2026-05-13T06:29:53.2719658-07:00] [pid=2224] [EmbodyLOG] May_13_2026 06:29:53.272 line: 1328. ImmerseManager::UpdateHpeqHeadset() - HPEQ enabled, headsetId 26 
[2026-05-13T06:29:53.2729668-07:00] [pid=2224] [EmbodyLOG] May_13_2026 06:29:53.273 line: 1419. calculateLicenseDaysRemaining(): cached=358, elapsed=0, remaining=358 
[2026-05-13T06:29:53.4975021-07:00] [pid=2224] [2026.05.13-13.29.53:497][519]LogTemp: Display: [ImmerseStress] REMOTE_HOLD_v1: waiting for go.flag (../../../../../../Users/kapil/OneDrive/Documents/Unreal Projects/testTP/Saved/ImmerseStress/go.flag) retry=40
[2026-05-13T06:29:56.3020747-07:00] [pid=2224] <<<_____ ImmerseAudioRenderer _____>>> 
[2026-05-13T06:29:56.3020747-07:00] [pid=2224] WwiseFxNullParams::SetParam()
[2026-05-13T06:29:56.3020747-07:00] [pid=2224] 
[2026-05-13T06:29:56.3020747-07:00] [pid=2224] <<<_____ ImmerseAudioRenderer _____>>> 
[2026-05-13T06:29:56.3030757-07:00] [pid=2224] WwiseFxNullParams::ApplyParam()
[2026-05-13T06:29:56.3030757-07:00] [pid=2224] 
[2026-05-13T06:29:56.3030757-07:00] [pid=2224] [EmbodyLOG] May_13_2026 06:29:56.303 line: 710. ___IMMERSEENGINE___ Immerse_EnableHPEQ inHeadset: 16 
[2026-05-13T06:29:56.3030757-07:00] [pid=2224] <<<_____ ImmerseAudioRenderer _____>>> 
[2026-05-13T06:29:56.3030757-07:00] [pid=2224] WwiseFxNullParams::SetParam()
[2026-05-13T06:29:56.3030757-07:00] [pid=2224] 
[2026-05-13T06:29:56.3030757-07:00] [pid=2224] <<<_____ ImmerseAudioRenderer _____>>> 
[2026-05-13T06:29:56.3030757-07:00] [pid=2224] WwiseFxNullParams::ApplyParam()
[2026-05-13T06:29:56.3030757-07:00] [pid=2224] 
[2026-05-13T06:29:56.3030757-07:00] [pid=2224] [EmbodyLOG] May_13_2026 06:29:56.303 line: 1328. ImmerseManager::UpdateHpeqHeadset() - HPEQ enabled, headsetId 16 
[2026-05-13T06:29:56.3045836-07:00] [pid=2224] [EmbodyLOG] May_13_2026 06:29:56.304 line: 1419. calculateLicenseDaysRemaining(): cached=358, elapsed=0, remaining=358 
[2026-05-13T06:29:59.3221821-07:00] [pid=2224] <<<_____ ImmerseAudioRenderer _____>>> 
[2026-05-13T06:29:59.3221821-07:00] [pid=2224] WwiseFxNullParams::SetParam()
[2026-05-13T06:29:59.3221821-07:00] [pid=2224] 
[2026-05-13T06:29:59.3221821-07:00] [pid=2224] <<<_____ ImmerseAudioRenderer _____>>> 
[2026-05-13T06:29:59.3221821-07:00] [pid=2224] WwiseFxNullParams::ApplyParam()
[2026-05-13T06:29:59.3221821-07:00] [pid=2224] 
[2026-05-13T06:29:59.3221821-07:00] [pid=2224] [EmbodyLOG] May_13_2026 06:29:59.322 line: 710. ___IMMERSEENGINE___ Immerse_EnableHPEQ inHeadset: 38 
[2026-05-13T06:29:59.3221821-07:00] [pid=2224] <<<_____ ImmerseAudioRenderer _____>>> 
[2026-05-13T06:29:59.3221821-07:00] [pid=2224] WwiseFxNullParams::SetParam()
[2026-05-13T06:29:59.3231820-07:00] [pid=2224] 
[2026-05-13T06:29:59.3231820-07:00] [pid=2224] <<<_____ ImmerseAudioRenderer _____>>> 
[2026-05-13T06:29:59.3231820-07:00] [pid=2224] WwiseFxNullParams::ApplyParam()
[2026-05-13T06:29:59.3231820-07:00] [pid=2224] 
[2026-05-13T06:29:59.3231820-07:00] [pid=2224] [EmbodyLOG] May_13_2026 06:29:59.323 line: 1328. ImmerseManager::UpdateHpeqHeadset() - HPEQ enabled, headsetId 38 
[2026-05-13T06:29:59.3246871-07:00] [pid=2224] [EmbodyLOG] May_13_2026 06:29:59.325 line: 1419. calculateLicenseDaysRemaining(): cached=358, elapsed=0, remaining=358 
[2026-05-13T06:30:01.4277190-07:00] [pid=24380] [2026.05.13-13.30.01:427][ 35]LogRunningAppService: Display: New foreground process [2224] C:/Program Files/Epic Games/UE_4.27/Engine/Binaries/Win64/UE4Editor.exe for app C:/Program Files/Epic Games/UE_4.27/
[2026-05-13T06:30:01.4277190-07:00] [pid=24380] [2026.05.13-13.30.01:427][ 35]LogRunningAppService: Display: New foreground process [23228] C:/Program Files/Epic Games/UE_4.27/Engine/Binaries/Win64/CrashReportClientEditor.exe for app C:/Program Files/Epic Games/UE_4.27/
[2026-05-13T06:30:01.4277190-07:00] [pid=24380] [2026.05.13-13.30.01:427][ 35]LogRunningAppService: Display: New foreground app C:/Program Files/Epic Games/UE_4.27/
[2026-05-13T06:30:01.4287116-07:00] [pid=24380] [2026.05.13-13.30.01:428][ 35]LogRunningAppPresenceHandler: Display: Setting override presence for C:/Program Files/Epic Games/UE_4.27/ (PresenceId=ue)
[2026-05-13T06:30:02.3998712-07:00] [pid=2224] <<<_____ ImmerseAudioRenderer _____>>> 
[2026-05-13T06:30:02.4013756-07:00] [pid=2224] WwiseFxNullParams::SetParam()
[2026-05-13T06:30:02.4013756-07:00] [pid=2224] 
[2026-05-13T06:30:02.4013756-07:00] [pid=2224] <<<_____ ImmerseAudioRenderer _____>>> 
[2026-05-13T06:30:02.4013756-07:00] [pid=2224] WwiseFxNullParams::ApplyParam()
[2026-05-13T06:30:02.4013756-07:00] [pid=2224] 
[2026-05-13T06:30:02.4013756-07:00] [pid=2224] [EmbodyLOG] May_13_2026 06:30:02.401 line: 710. ___IMMERSEENGINE___ Immerse_EnableHPEQ inHeadset: 23 
[2026-05-13T06:30:02.4013756-07:00] [pid=2224] <<<_____ ImmerseAudioRenderer _____>>> 
[2026-05-13T06:30:02.4013756-07:00] [pid=2224] WwiseFxNullParams::SetParam()
[2026-05-13T06:30:02.4013756-07:00] [pid=2224] 
[2026-05-13T06:30:02.4013756-07:00] [pid=2224] <<<_____ ImmerseAudioRenderer _____>>> 
[2026-05-13T06:30:02.4013756-07:00] [pid=2224] WwiseFxNullParams::ApplyParam()
[2026-05-13T06:30:02.4013756-07:00] [pid=2224] 
[2026-05-13T06:30:02.4013756-07:00] [pid=2224] [EmbodyLOG] May_13_2026 06:30:02.402 line: 1328. ImmerseManager::UpdateHpeqHeadset() - HPEQ enabled, headsetId 23 
[2026-05-13T06:30:02.4023830-07:00] [pid=2224] [EmbodyLOG] May_13_2026 06:30:02.403 line: 1419. calculateLicenseDaysRemaining(): cached=358, elapsed=0, remaining=358 
[2026-05-13T06:30:03.5166885-07:00] [pid=2224] [2026.05.13-13.30.03:515][381]LogTemp: Display: [ImmerseStress] REMOTE_HOLD_v1: waiting for go.flag (../../../../../../Users/kapil/OneDrive/Documents/Unreal Projects/testTP/Saved/ImmerseStress/go.flag) retry=60
[2026-05-13T06:30:05.4943648-07:00] [pid=2224] <<<_____ ImmerseAudioRenderer _____>>> 
[2026-05-13T06:30:05.4943648-07:00] [pid=2224] WwiseFxNullParams::SetParam()
[2026-05-13T06:30:05.4943648-07:00] [pid=2224] 
[2026-05-13T06:30:05.4943648-07:00] [pid=2224] <<<_____ ImmerseAudioRenderer _____>>> 
[2026-05-13T06:30:05.4943648-07:00] [pid=2224] WwiseFxNullParams::ApplyParam()
[2026-05-13T06:30:05.4948696-07:00] [pid=2224] 
[2026-05-13T06:30:05.4948696-07:00] [pid=2224] [EmbodyLOG] May_13_2026 06:30:05.494 line: 710. ___IMMERSEENGINE___ Immerse_EnableHPEQ inHeadset: 21 
[2026-05-13T06:30:05.4948696-07:00] [pid=2224] <<<_____ ImmerseAudioRenderer _____>>> 
[2026-05-13T06:30:05.4948696-07:00] [pid=2224] WwiseFxNullParams::SetParam()
[2026-05-13T06:30:05.4948696-07:00] [pid=2224] 
[2026-05-13T06:30:05.4948696-07:00] [pid=2224] <<<_____ ImmerseAudioRenderer _____>>> 
[2026-05-13T06:30:05.4948696-07:00] [pid=2224] [EmbodyLOG] May_13_2026 06:30:05.495 line: 1328. ImmerseManager::UpdateHpeqHeadset() - HPEQ enabled, headsetId 21 
[2026-05-13T06:30:05.4948696-07:00] [pid=2224] WwiseFxNullParams::ApplyParam()
[2026-05-13T06:30:05.4948696-07:00] [pid=2224] 
[2026-05-13T06:30:05.4968807-07:00] [pid=2224] [EmbodyLOG] May_13_2026 06:30:05.497 line: 1419. calculateLicenseDaysRemaining(): cached=358, elapsed=0, remaining=358 
[2026-05-13T06:30:08.5624083-07:00] [pid=2224] <<<_____ ImmerseAudioRenderer _____>>> 
[2026-05-13T06:30:08.5624083-07:00] [pid=2224] WwiseFxNullParams::SetParam()
[2026-05-13T06:30:08.5624083-07:00] [pid=2224] 
[2026-05-13T06:30:08.5634089-07:00] [pid=2224] <<<_____ ImmerseAudioRenderer _____>>> 
[2026-05-13T06:30:08.5634089-07:00] [pid=2224] WwiseFxNullParams::ApplyParam()
[2026-05-13T06:30:08.5634089-07:00] [pid=2224] 
[2026-05-13T06:30:08.5634089-07:00] [pid=2224] [EmbodyLOG] May_13_2026 06:30:08.563 line: 710. ___IMMERSEENGINE___ Immerse_EnableHPEQ inHeadset: 80 
[2026-05-13T06:30:08.5644108-07:00] [pid=2224] <<<_____ ImmerseAudioRenderer _____>>> 
[2026-05-13T06:30:08.5644108-07:00] [pid=2224] WwiseFxNullParams::SetParam()
[2026-05-13T06:30:08.5644108-07:00] [pid=2224] 
[2026-05-13T06:30:08.5644108-07:00] [pid=2224] <<<_____ ImmerseAudioRenderer _____>>> 
[2026-05-13T06:30:08.5644108-07:00] [pid=2224] [EmbodyLOG] May_13_2026 06:30:08.564 line: 1328. ImmerseManager::UpdateHpeqHeadset() - HPEQ enabled, headsetId 80 
[2026-05-13T06:30:08.5644108-07:00] [pid=2224] WwiseFxNullParams::ApplyParam()
[2026-05-13T06:30:08.5649156-07:00] [pid=2224] 
[2026-05-13T06:30:08.5649156-07:00] [pid=2224] [EmbodyLOG] May_13_2026 06:30:08.565 line: 1419. calculateLicenseDaysRemaining(): cached=358, elapsed=0, remaining=358 
[2026-05-13T06:30:11.6131996-07:00] [pid=2224] <<<_____ ImmerseAudioRenderer _____>>> 
[2026-05-13T06:30:11.6131996-07:00] [pid=2224] WwiseFxNullParams::SetParam()
[2026-05-13T06:30:11.6131996-07:00] [pid=2224] 
[2026-05-13T06:30:11.6131996-07:00] [pid=2224] <<<_____ ImmerseAudioRenderer _____>>> 
[2026-05-13T06:30:11.6131996-07:00] [pid=2224] WwiseFxNullParams::ApplyParam()
[2026-05-13T06:30:11.6131996-07:00] [pid=2224] 
[2026-05-13T06:30:11.6131996-07:00] [pid=2224] [EmbodyLOG] May_13_2026 06:30:11.613 line: 710. ___IMMERSEENGINE___ Immerse_EnableHPEQ inHeadset: 66 
[2026-05-13T06:30:11.6131996-07:00] [pid=2224] <<<_____ ImmerseAudioRenderer _____>>> 
[2026-05-13T06:30:11.6131996-07:00] [pid=2224] WwiseFxNullParams::SetParam()
[2026-05-13T06:30:11.6131996-07:00] [pid=2224] 
[2026-05-13T06:30:11.6131996-07:00] [pid=2224] <<<_____ ImmerseAudioRenderer _____>>> 
[2026-05-13T06:30:11.6142008-07:00] [pid=2224] [EmbodyLOG] May_13_2026 06:30:11.614 line: 1328. ImmerseManager::UpdateHpeqHeadset() - HPEQ enabled, headsetId 66 
[2026-05-13T06:30:11.6142008-07:00] [pid=2224] WwiseFxNullParams::ApplyParam()
[2026-05-13T06:30:11.6142008-07:00] [pid=2224] 
[2026-05-13T06:30:11.6147059-07:00] [pid=2224] [EmbodyLOG] May_13_2026 06:30:11.615 line: 1419. calculateLicenseDaysRemaining(): cached=358, elapsed=0, remaining=358 
[2026-05-13T06:30:12.7653850-07:00] [pid=24380] [2026.05.13-13.30.12:765][277]LogSelfUpdateService: ExecuteEpicGamesUpdater: Executing: "C:/Program Files (x86)/Epic Games/Launcher/Portal/Binaries/Win64/EpicGamesUpdater.exe" queryinstallation
[2026-05-13T06:30:12.7949574-07:00] [pid=24380] [2026.05.13-13.30.12:794][277]LogSelfUpdateService: ExecuteEpicGamesUpdater: "C:/Program Files (x86)/Epic Games/Launcher/Portal/Binaries/Win64/EpicGamesUpdater.exe" queryinstallation - SUCCESS.
[2026-05-13T06:30:13.5331195-07:00] [pid=2224] [2026.05.13-13.30.13:533][181]LogTemp: Display: [ImmerseStress] REMOTE_HOLD_v1: waiting for go.flag (../../../../../../Users/kapil/OneDrive/Documents/Unreal Projects/testTP/Saved/ImmerseStress/go.flag) retry=80
[2026-05-13T06:30:15.6935987-07:00] [pid=2224] <<<_____ ImmerseAudioRenderer _____>>> 
[2026-05-13T06:30:15.6935987-07:00] [pid=2224] WwiseFxNullParams::SetParam()
[2026-05-13T06:30:15.6945990-07:00] [pid=2224] 
[2026-05-13T06:30:15.6945990-07:00] [pid=2224] <<<_____ ImmerseAudioRenderer _____>>> 
[2026-05-13T06:30:15.6945990-07:00] [pid=2224] WwiseFxNullParams::ApplyParam()
[2026-05-13T06:30:15.6945990-07:00] [pid=2224] 
[2026-05-13T06:30:15.6945990-07:00] [pid=2224] <<<_____ ImmerseAudioRenderer _____>>> 
[2026-05-13T06:30:15.6945990-07:00] [pid=2224] WwiseFxNullParams::SetParam()
[2026-05-13T06:30:15.6945990-07:00] [pid=2224] 
[2026-05-13T06:30:15.6945990-07:00] [pid=2224] <<<_____ ImmerseAudioRenderer _____>>> 
[2026-05-13T06:30:15.6945990-07:00] [pid=2224] WwiseFxNullParams::ApplyParam()
[2026-05-13T06:30:15.6945990-07:00] [pid=2224] 
[2026-05-13T06:30:15.6951046-07:00] [pid=2224] [EmbodyLOG] May_13_2026 06:30:15.695 line: 767. ___IMMERSEENGINE___ Immerse_SetTuning inAudioProcessorId:2 inHrirTuning:1 inSpeakerPlacement:0 
[2026-05-13T06:30:15.6961114-07:00] [pid=2224] [EmbodyLOG] May_13_2026 06:30:15.696 line: 416. DecryptMultiSofaData() - v2 numSections=3 hrtfFlags=1 hrtfSectionOffset=971 hrtfSectionSize=1758624 numEntries=4 dataOffset=440678 dataLength=439639 bmapSize=518 fovdSize=361 
[2026-05-13T06:30:15.7512284-07:00] [pid=2224] [EmbodyLOG] May_13_2026 06:30:15.751 line: 447. DecryptMultiSofaData() - decrypt result: Success 
[2026-05-13T06:30:15.7522347-07:00] [pid=2224] [EmbodyLOG] May_13_2026 06:30:15.752 line: 533. AssetManager - BMAP data (518 bytes): {"buses":[{"label":"Extraction","tunings":[{"id":"extraction_tuning_1","label":"Extraction Tuning 1","hrtf_index":0}],"id":"extraction"},{"label":"Warfare","tunings":[{"id":"warfare_tuning_1","label":"Warfare Tuning 1","hrtf_index":1}],"id":"warfare"},{"label":"Campaign","tunings":[{"id":"campaign_tuning_1","label":"Campaign Tuning 1","hrtf_index":2}],"id":"campaign"},{"label":"Voice Chat","tunings":[{"id":"voice_chat_tuning_1","label":"Voice Chat Tuning 1","hrtf_index":3}],"id":"voice_chat"}],"schema_version":1} 
[2026-05-13T06:30:15.7522347-07:00] [pid=2224] [EmbodyLOG] May_13_2026 06:30:15.752 line: 537. AssetManager - FOVD data (361 bytes): {"schema_version":1,"fov_groups":["l/r"],"fov_presets":[{"studio_speaker_angles_idx":[0,1,6,7,8,9,10,11,12,13,14,15,16,17,18],"label":"Narrow","id":"narrow"},{"studio_speaker_angles_idx":[2,3,6,7,8,9,10,11,12,13,14,15,16,17,18],"label":"Default","id":"default"},{"studio_speaker_angles_idx":[4,5,6,7,8,9,10,11,12,13,14,15,16,17,18],"label":"Wide","id":"wide"}]} 
[2026-05-13T06:30:15.7587483-07:00] [pid=2224] [EmbodyLOG] May_13_2026 06:30:15.759 line: 376. AudioConfig::GetSHIndices() - invalid channelConfig: 6 
[2026-05-13T06:30:15.8113935-07:00] [pid=2224] [EmbodyLOG] May_13_2026 06:30:15.811 line: 281. AudioConfig::InitializeDecoders: Successfully created shared ambisonic decoder kernel 
[2026-05-13T06:30:15.9312054-07:00] [pid=2224] [2026.05.13-13.30.15:931][335]LogAkAudio: Error: Voice Starvation
[2026-05-13T06:30:16.2324152-07:00] [pid=2224] [2026.05.13-13.30.16:232][480]LogAkAudio: Error: Voice Starvation
[2026-05-13T06:30:17.7112805-07:00] [pid=2224] <<<_____ ImmerseAudioRenderer _____>>> 
[2026-05-13T06:30:17.7112805-07:00] [pid=2224] WwiseFxNullParams::SetParam()
[2026-05-13T06:30:17.7112805-07:00] [pid=2224] 
[2026-05-13T06:30:17.7112805-07:00] [pid=2224] <<<_____ ImmerseAudioRenderer _____>>> 
[2026-05-13T06:30:17.7112805-07:00] [pid=2224] WwiseFxNullParams::ApplyParam()
[2026-05-13T06:30:17.7112805-07:00] [pid=2224] 
[2026-05-13T06:30:17.7112805-07:00] [pid=2224] <<<_____ ImmerseAudioRenderer _____>>> 
[2026-05-13T06:30:17.7112805-07:00] [pid=2224] WwiseFxNullParams::SetParam()
[2026-05-13T06:30:17.7112805-07:00] [pid=2224] 
[2026-05-13T06:30:17.7112805-07:00] [pid=2224] <<<_____ ImmerseAudioRenderer _____>>> 
[2026-05-13T06:30:17.7112805-07:00] [pid=2224] WwiseFxNullParams::ApplyParam()
[2026-05-13T06:30:17.7112805-07:00] [pid=2224] 
[2026-05-13T06:30:17.7147957-07:00] [pid=2224] [EmbodyLOG] May_13_2026 06:30:17.715 line: 767. ___IMMERSEENGINE___ Immerse_SetTuning inAudioProcessorId:2 inHrirTuning:2 inSpeakerPlacement:0 
[2026-05-13T06:30:17.7158020-07:00] [pid=2224] [EmbodyLOG] May_13_2026 06:30:17.716 line: 416. DecryptMultiSofaData() - v2 numSections=3 hrtfFlags=1 hrtfSectionOffset=971 hrtfSectionSize=1758624 numEntries=4 dataOffset=880317 dataLength=439639 bmapSize=518 fovdSize=361 
[2026-05-13T06:30:17.7676833-07:00] [pid=2224] [EmbodyLOG] May_13_2026 06:30:17.767 line: 447. DecryptMultiSofaData() - decrypt result: Success 
[2026-05-13T06:30:17.7676833-07:00] [pid=2224] [EmbodyLOG] May_13_2026 06:30:17.768 line: 533. AssetManager - BMAP data (518 bytes): {"buses":[{"label":"Extraction","tunings":[{"id":"extraction_tuning_1","label":"Extraction Tuning 1","hrtf_index":0}],"id":"extraction"},{"label":"Warfare","tunings":[{"id":"warfare_tuning_1","label":"Warfare Tuning 1","hrtf_index":1}],"id":"warfare"},{"label":"Campaign","tunings":[{"id":"campaign_tuning_1","label":"Campaign Tuning 1","hrtf_index":2}],"id":"campaign"},{"label":"Voice Chat","tunings":[{"id":"voice_chat_tuning_1","label":"Voice Chat Tuning 1","hrtf_index":3}],"id":"voice_chat"}],"schema_version":1} 
[2026-05-13T06:30:17.7686833-07:00] [pid=2224] [EmbodyLOG] May_13_2026 06:30:17.768 line: 537. AssetManager - FOVD data (361 bytes): {"schema_version":1,"fov_groups":["l/r"],"fov_presets":[{"studio_speaker_angles_idx":[0,1,6,7,8,9,10,11,12,13,14,15,16,17,18],"label":"Narrow","id":"narrow"},{"studio_speaker_angles_idx":[2,3,6,7,8,9,10,11,12,13,14,15,16,17,18],"label":"Default","id":"default"},{"studio_speaker_angles_idx":[4,5,6,7,8,9,10,11,12,13,14,15,16,17,18],"label":"Wide","id":"wide"}]} 
[2026-05-13T06:30:17.7757085-07:00] [pid=2224] [EmbodyLOG] May_13_2026 06:30:17.775 line: 376. AudioConfig::GetSHIndices() - invalid channelConfig: 6 
[2026-05-13T06:30:17.8314224-07:00] [pid=2224] [EmbodyLOG] May_13_2026 06:30:17.831 line: 281. AudioConfig::InitializeDecoders: Successfully created shared ambisonic decoder kernel 
[2026-05-13T06:30:17.9587710-07:00] [pid=2224] [2026.05.13-13.30.17:958][316]LogAkAudio: Error: Voice Starvation
[2026-05-13T06:30:18.2445911-07:00] [pid=2224] [2026.05.13-13.30.18:244][457]LogAkAudio: Error: Voice Starvation
[2026-05-13T06:30:19.7525169-07:00] [pid=2224] <<<_____ ImmerseAudioRenderer _____>>> 
[2026-05-13T06:30:19.7525169-07:00] [pid=2224] WwiseFxNullParams::SetParam()
[2026-05-13T06:30:19.7525169-07:00] [pid=2224] 
[2026-05-13T06:30:19.7525169-07:00] [pid=2224] <<<_____ ImmerseAudioRenderer _____>>> 
[2026-05-13T06:30:19.7525169-07:00] [pid=2224] WwiseFxNullParams::ApplyParam()
[2026-05-13T06:30:19.7525169-07:00] [pid=2224] 
[2026-05-13T06:30:19.7525169-07:00] [pid=2224] <<<_____ ImmerseAudioRenderer _____>>> 
[2026-05-13T06:30:19.7525169-07:00] [pid=2224] WwiseFxNullParams::SetParam()
[2026-05-13T06:30:19.7525169-07:00] [pid=2224] 
[2026-05-13T06:30:19.7525169-07:00] [pid=2224] <<<_____ ImmerseAudioRenderer _____>>> 
[2026-05-13T06:30:19.7535172-07:00] [pid=2224] WwiseFxNullParams::ApplyParam()
[2026-05-13T06:30:19.7535172-07:00] [pid=2224] 
[2026-05-13T06:30:19.7550228-07:00] [pid=2224] [EmbodyLOG] May_13_2026 06:30:19.755 line: 767. ___IMMERSEENGINE___ Immerse_SetTuning inAudioProcessorId:2 inHrirTuning:3 inSpeakerPlacement:0 
[2026-05-13T06:30:19.7560269-07:00] [pid=2224] [EmbodyLOG] May_13_2026 06:30:19.756 line: 416. DecryptMultiSofaData() - v2 numSections=3 hrtfFlags=1 hrtfSectionOffset=971 hrtfSectionSize=1758624 numEntries=4 dataOffset=1319956 dataLength=439639 bmapSize=518 fovdSize=361 
[2026-05-13T06:30:19.8091502-07:00] [pid=2224] [EmbodyLOG] May_13_2026 06:30:19.809 line: 447. DecryptMultiSofaData() - decrypt result: Success 
[2026-05-13T06:30:19.8091502-07:00] [pid=2224] [EmbodyLOG] May_13_2026 06:30:19.810 line: 533. AssetManager - BMAP data (518 bytes): {"buses":[{"label":"Extraction","tunings":[{"id":"extraction_tuning_1","label":"Extraction Tuning 1","hrtf_index":0}],"id":"extraction"},{"label":"Warfare","tunings":[{"id":"warfare_tuning_1","label":"Warfare Tuning 1","hrtf_index":1}],"id":"warfare"},{"label":"Campaign","tunings":[{"id":"campaign_tuning_1","label":"Campaign Tuning 1","hrtf_index":2}],"id":"campaign"},{"label":"Voice Chat","tunings":[{"id":"voice_chat_tuning_1","label":"Voice Chat Tuning 1","hrtf_index":3}],"id":"voice_chat"}],"schema_version":1} 
[2026-05-13T06:30:19.8101511-07:00] [pid=2224] [EmbodyLOG] May_13_2026 06:30:19.810 line: 537. AssetManager - FOVD data (361 bytes): {"schema_version":1,"fov_groups":["l/r"],"fov_presets":[{"studio_speaker_angles_idx":[0,1,6,7,8,9,10,11,12,13,14,15,16,17,18],"label":"Narrow","id":"narrow"},{"studio_speaker_angles_idx":[2,3,6,7,8,9,10,11,12,13,14,15,16,17,18],"label":"Default","id":"default"},{"studio_speaker_angles_idx":[4,5,6,7,8,9,10,11,12,13,14,15,16,17,18],"label":"Wide","id":"wide"}]} 
[2026-05-13T06:30:19.8166660-07:00] [pid=2224] [EmbodyLOG] May_13_2026 06:30:19.816 line: 376. AudioConfig::GetSHIndices() - invalid channelConfig: 6 
[2026-05-13T06:30:19.8622851-07:00] [pid=2224] [EmbodyLOG] May_13_2026 06:30:19.862 line: 281. AudioConfig::InitializeDecoders: Successfully created shared ambisonic decoder kernel 
[2026-05-13T06:30:20.0111637-07:00] [pid=2224] [2026.05.13-13.30.20:011][308]LogAkAudio: Error: Voice Starvation
[2026-05-13T06:30:20.3213955-07:00] [pid=2224] [2026.05.13-13.30.20:321][456]LogAkAudio: Error: Voice Starvation
[2026-05-13T06:30:22.7826196-07:00] [pid=2224] <<<_____ ImmerseAudioRenderer _____>>> 
[2026-05-13T06:30:22.7826196-07:00] [pid=2224] WwiseFxNullParams::SetParam()
[2026-05-13T06:30:22.7826196-07:00] [pid=2224] 
[2026-05-13T06:30:22.7826196-07:00] [pid=2224] <<<_____ ImmerseAudioRenderer _____>>> 
[2026-05-13T06:30:22.7826196-07:00] [pid=2224] WwiseFxNullParams::ApplyParam()
[2026-05-13T06:30:22.7826196-07:00] [pid=2224] 
[2026-05-13T06:30:22.7826196-07:00] [pid=2224] <<<_____ ImmerseAudioRenderer _____>>> 
[2026-05-13T06:30:22.7826196-07:00] [pid=2224] [EmbodyLOG] May_13_2026 06:30:22.783 line: 759. ___IMMERSEENGINE___ Immerse_SetSpeakerPlacement inSpeakerPlacement:2 
[2026-05-13T06:30:22.7826196-07:00] [pid=2224] WwiseFxNullParams::SetParam()
[2026-05-13T06:30:22.7826196-07:00] [pid=2224] 
[2026-05-13T06:30:22.7826196-07:00] [pid=2224] <<<_____ ImmerseAudioRenderer _____>>> 
[2026-05-13T06:30:22.7826196-07:00] [pid=2224] WwiseFxNullParams::ApplyParam()
[2026-05-13T06:30:22.7826196-07:00] [pid=2224] 
[2026-05-13T06:30:22.7836194-07:00] [pid=2224] [EmbodyLOG] May_13_2026 06:30:22.783 line: 416. DecryptMultiSofaData() - v2 numSections=3 hrtfFlags=1 hrtfSectionOffset=971 hrtfSectionSize=1758624 numEntries=4 dataOffset=1319956 dataLength=439639 bmapSize=518 fovdSize=361 
[2026-05-13T06:30:22.8367604-07:00] [pid=2224] [EmbodyLOG] May_13_2026 06:30:22.836 line: 447. DecryptMultiSofaData() - decrypt result: Success 
[2026-05-13T06:30:22.8367604-07:00] [pid=2224] [EmbodyLOG] May_13_2026 06:30:22.837 line: 533. AssetManager - BMAP data (518 bytes): {"buses":[{"label":"Extraction","tunings":[{"id":"extraction_tuning_1","label":"Extraction Tuning 1","hrtf_index":0}],"id":"extraction"},{"label":"Warfare","tunings":[{"id":"warfare_tuning_1","label":"Warfare Tuning 1","hrtf_index":1}],"id":"warfare"},{"label":"Campaign","tunings":[{"id":"campaign_tuning_1","label":"Campaign Tuning 1","hrtf_index":2}],"id":"campaign"},{"label":"Voice Chat","tunings":[{"id":"voice_chat_tuning_1","label":"Voice Chat Tuning 1","hrtf_index":3}],"id":"voice_chat"}],"schema_version":1} 
[2026-05-13T06:30:22.8377618-07:00] [pid=2224] [EmbodyLOG] May_13_2026 06:30:22.837 line: 537. AssetManager - FOVD data (361 bytes): {"schema_version":1,"fov_groups":["l/r"],"fov_presets":[{"studio_speaker_angles_idx":[0,1,6,7,8,9,10,11,12,13,14,15,16,17,18],"label":"Narrow","id":"narrow"},{"studio_speaker_angles_idx":[2,3,6,7,8,9,10,11,12,13,14,15,16,17,18],"label":"Default","id":"default"},{"studio_speaker_angles_idx":[4,5,6,7,8,9,10,11,12,13,14,15,16,17,18],"label":"Wide","id":"wide"}]} 
[2026-05-13T06:30:22.8432682-07:00] [pid=2224] [EmbodyLOG] May_13_2026 06:30:22.843 line: 376. AudioConfig::GetSHIndices() - invalid channelConfig: 6 
[2026-05-13T06:30:22.8913637-07:00] [pid=2224] [EmbodyLOG] May_13_2026 06:30:22.891 line: 281. AudioConfig::InitializeDecoders: Successfully created shared ambisonic decoder kernel 
[2026-05-13T06:30:23.0447757-07:00] [pid=2224] [2026.05.13-13.30.23:044][760]LogAkAudio: Error: Voice Starvation
[2026-05-13T06:30:23.3361180-07:00] [pid=2224] [2026.05.13-13.30.23:336][901]LogAkAudio: Error: Voice Starvation
[2026-05-13T06:30:23.5561805-07:00] [pid=2224] [2026.05.13-13.30.23:556][  7]LogTemp: Display: [ImmerseStress] REMOTE_HOLD_v1: waiting for go.flag (../../../../../../Users/kapil/OneDrive/Documents/Unreal Projects/testTP/Saved/ImmerseStress/go.flag) retry=100
[2026-05-13T06:30:25.8345910-07:00] [pid=2224] <<<_____ ImmerseAudioRenderer _____>>> 
[2026-05-13T06:30:25.8345910-07:00] [pid=2224] WwiseFxNullParams::SetParam()
[2026-05-13T06:30:25.8345910-07:00] [pid=2224] 
[2026-05-13T06:30:25.8345910-07:00] [pid=2224] <<<_____ ImmerseAudioRenderer _____>>> 
[2026-05-13T06:30:25.8345910-07:00] [pid=2224] WwiseFxNullParams::ApplyParam()
[2026-05-13T06:30:25.8345910-07:00] [pid=2224] 
[2026-05-13T06:30:25.8345910-07:00] [pid=2224] <<<_____ ImmerseAudioRenderer _____>>> 
[2026-05-13T06:30:25.8345910-07:00] [pid=2224] WwiseFxNullParams::SetParam()
[2026-05-13T06:30:25.8345910-07:00] [pid=2224] [EmbodyLOG] May_13_2026 06:30:25.834 line: 759. ___IMMERSEENGINE___ Immerse_SetSpeakerPlacement inSpeakerPlacement:3 
[2026-05-13T06:30:25.8350951-07:00] [pid=2224] 
[2026-05-13T06:30:25.8350951-07:00] [pid=2224] <<<_____ ImmerseAudioRenderer _____>>> 
[2026-05-13T06:30:25.8350951-07:00] [pid=2224] WwiseFxNullParams::ApplyParam()
[2026-05-13T06:30:25.8350951-07:00] [pid=2224] 
[2026-05-13T06:30:25.8350951-07:00] [pid=2224] [EmbodyLOG] May_13_2026 06:30:25.835 line: 416. DecryptMultiSofaData() - v2 numSections=3 hrtfFlags=1 hrtfSectionOffset=971 hrtfSectionSize=1758624 numEntries=4 dataOffset=1319956 dataLength=439639 bmapSize=518 fovdSize=361 
[2026-05-13T06:30:25.8861148-07:00] [pid=2224] [EmbodyLOG] May_13_2026 06:30:25.886 line: 447. DecryptMultiSofaData() - decrypt result: Success 
[2026-05-13T06:30:25.8871178-07:00] [pid=2224] [EmbodyLOG] May_13_2026 06:30:25.887 line: 533. AssetManager - BMAP data (518 bytes): {"buses":[{"label":"Extraction","tunings":[{"id":"extraction_tuning_1","label":"Extraction Tuning 1","hrtf_index":0}],"id":"extraction"},{"label":"Warfare","tunings":[{"id":"warfare_tuning_1","label":"Warfare Tuning 1","hrtf_index":1}],"id":"warfare"},{"label":"Campaign","tunings":[{"id":"campaign_tuning_1","label":"Campaign Tuning 1","hrtf_index":2}],"id":"campaign"},{"label":"Voice Chat","tunings":[{"id":"voice_chat_tuning_1","label":"Voice Chat Tuning 1","hrtf_index":3}],"id":"voice_chat"}],"schema_version":1} 
[2026-05-13T06:30:25.8871178-07:00] [pid=2224] [EmbodyLOG] May_13_2026 06:30:25.887 line: 537. AssetManager - FOVD data (361 bytes): {"schema_version":1,"fov_groups":["l/r"],"fov_presets":[{"studio_speaker_angles_idx":[0,1,6,7,8,9,10,11,12,13,14,15,16,17,18],"label":"Narrow","id":"narrow"},{"studio_speaker_angles_idx":[2,3,6,7,8,9,10,11,12,13,14,15,16,17,18],"label":"Default","id":"default"},{"studio_speaker_angles_idx":[4,5,6,7,8,9,10,11,12,13,14,15,16,17,18],"label":"Wide","id":"wide"}]} 
[2026-05-13T06:30:25.8936258-07:00] [pid=2224] [EmbodyLOG] May_13_2026 06:30:25.894 line: 376. AudioConfig::GetSHIndices() - invalid channelConfig: 6 
[2026-05-13T06:30:25.9422197-07:00] [pid=2224] [EmbodyLOG] May_13_2026 06:30:25.942 line: 281. AudioConfig::InitializeDecoders: Successfully created shared ambisonic decoder kernel 
[2026-05-13T06:30:26.0771324-07:00] [pid=2224] [2026.05.13-13.30.26:077][227]LogAkAudio: Error: Voice Starvation
[2026-05-13T06:30:26.3788988-07:00] [pid=2224] [2026.05.13-13.30.26:377][374]LogAkAudio: Error: Voice Starvation
[2026-05-13T06:30:28.3224389-07:00] [pid=24380] [2026.05.13-13.30.28:322][610]LogExternalChatPresentation: HandleLoadUrl POST https://presence-public-service-prod.social.live.on.epicgames.com/presence/api/v1/_/6da9797861944dd5b2bedb495b874fce/presence/1a8fe8fffe0b90c5-00000001-05ce6ddc-82f4fe7856770023-cac8f375
[2026-05-13T06:30:29.9024818-07:00] [pid=2224] <<<_____ ImmerseAudioRenderer _____>>> 
[2026-05-13T06:30:29.9024818-07:00] [pid=2224] WwiseFxNullParams::SetParam()
[2026-05-13T06:30:29.9024818-07:00] [pid=2224] 
[2026-05-13T06:30:29.9024818-07:00] [pid=2224] <<<_____ ImmerseAudioRenderer _____>>> 
[2026-05-13T06:30:29.9024818-07:00] [pid=2224] WwiseFxNullParams::ApplyParam()
[2026-05-13T06:30:29.9024818-07:00] [pid=2224] 
[2026-05-13T06:30:29.9024818-07:00] [pid=2224] <<<_____ ImmerseAudioRenderer _____>>> 
[2026-05-13T06:30:29.9024818-07:00] [pid=2224] WwiseFxNullParams::SetParam()
[2026-05-13T06:30:29.9024818-07:00] [pid=2224] 
[2026-05-13T06:30:29.9024818-07:00] [pid=2224] <<<_____ ImmerseAudioRenderer _____>>> 
[2026-05-13T06:30:29.9034823-07:00] [pid=2224] WwiseFxNullParams::ApplyParam()
[2026-05-13T06:30:29.9034823-07:00] [pid=2224] 
[2026-05-13T06:30:31.9316608-07:00] [pid=2224] <<<_____ ImmerseAudioRenderer _____>>> 
[2026-05-13T06:30:31.9316608-07:00] [pid=2224] WwiseFxNullParams::SetParam()
[2026-05-13T06:30:31.9316608-07:00] [pid=2224] 
[2026-05-13T06:30:31.9316608-07:00] [pid=2224] <<<_____ ImmerseAudioRenderer _____>>> 
[2026-05-13T06:30:31.9316608-07:00] [pid=2224] WwiseFxNullParams::ApplyParam()
[2026-05-13T06:30:31.9316608-07:00] [pid=2224] 
[2026-05-13T06:30:31.9316608-07:00] [pid=2224] <<<_____ ImmerseAudioRenderer _____>>> 
[2026-05-13T06:30:31.9316608-07:00] [pid=2224] WwiseFxNullParams::SetParam()
[2026-05-13T06:30:31.9326745-07:00] [pid=2224] 
[2026-05-13T06:30:31.9326745-07:00] [pid=2224] <<<_____ ImmerseAudioRenderer _____>>> 
[2026-05-13T06:30:31.9326745-07:00] [pid=2224] WwiseFxNullParams::ApplyParam()
[2026-05-13T06:30:31.9326745-07:00] [pid=2224] 
[2026-05-13T06:30:33.5762752-07:00] [pid=2224] [2026.05.13-13.30.33:575][816]LogTemp: Display: [ImmerseStress] REMOTE_HOLD_v1: waiting for go.flag (../../../../../../Users/kapil/OneDrive/Documents/Unreal Projects/testTP/Saved/ImmerseStress/go.flag) retry=120
[2026-05-13T06:30:33.9335909-07:00] [pid=2224] <<<_____ ImmerseAudioRenderer _____>>> 
[2026-05-13T06:30:33.9335909-07:00] [pid=2224] WwiseFxNullParams::SetParam()
[2026-05-13T06:30:33.9335909-07:00] [pid=2224] 
[2026-05-13T06:30:33.9335909-07:00] [pid=2224] <<<_____ ImmerseAudioRenderer _____>>> 
[2026-05-13T06:30:33.9335909-07:00] [pid=2224] WwiseFxNullParams::ApplyParam()
[2026-05-13T06:30:33.9335909-07:00] [pid=2224] 
[2026-05-13T06:30:33.9335909-07:00] [pid=2224] <<<_____ ImmerseAudioRenderer _____>>> 
[2026-05-13T06:30:33.9335909-07:00] [pid=2224] WwiseFxNullParams::SetParam()
[2026-05-13T06:30:33.9335909-07:00] [pid=2224] 
[2026-05-13T06:30:33.9335909-07:00] [pid=2224] <<<_____ ImmerseAudioRenderer _____>>> 
[2026-05-13T06:30:33.9335909-07:00] [pid=2224] WwiseFxNullParams::ApplyParam()
[2026-05-13T06:30:33.9335909-07:00] [pid=2224] 
[2026-05-13T06:30:34.2202313-07:00] [pid=24380] [2026.05.13-13.30.34:220][736]LogExternalChatPresentation: HandleLoadUrl POST https://api.epicgames.dev/overlay-launch-darkly/v1/features
[2026-05-13T06:30:36.0998918-07:00] [pid=8500] <<<_____ ImmerseAudioRenderer _____>>> 
[2026-05-13T06:30:36.0998918-07:00] [pid=8500] RegisterImmerseAudioRendererFX()
[2026-05-13T06:30:36.0998918-07:00] [pid=8500] 
[2026-05-13T06:30:36.0998918-07:00] [pid=8500] <<<_____ ImmerseAudioRenderer _____>>> 
[2026-05-13T06:30:36.0998918-07:00] [pid=8500] CreateImmerseManager
[2026-05-13T06:30:36.0998918-07:00] [pid=8500] 
[2026-05-13T06:30:36.0998918-07:00] [pid=8500] <<<_____ ImmerseAudioRenderer _____>>> 
[2026-05-13T06:30:36.0998918-07:00] [pid=8500] loadAndInitializeImmerseEngine
[2026-05-13T06:30:36.0998918-07:00] [pid=8500] 
[2026-05-13T06:30:36.1099166-07:00] [pid=8500] <<<_____ ImmerseAudioRenderer _____>>> 
[2026-05-13T06:30:36.1099166-07:00] [pid=8500] CreateDestroyImmerseManager
[2026-05-13T06:30:36.1099166-07:00] [pid=8500] 
[2026-05-13T06:30:36.1099166-07:00] [pid=8500] <<<_____ ImmerseAudioRenderer _____>>> 
[2026-05-13T06:30:36.1099166-07:00] [pid=8500] CreateImmerseManager
[2026-05-13T06:30:36.1099166-07:00] [pid=8500] 
[2026-05-13T06:30:36.1470195-07:00] [pid=8500] <<<_____ ImmerseAudioRenderer _____>>> 
[2026-05-13T06:30:36.1470195-07:00] [pid=8500] CreateImmerseAudioRendererFXParams()
[2026-05-13T06:30:36.1470195-07:00] [pid=8500] 
[2026-05-13T06:30:36.1470195-07:00] [pid=8500] <<<_____ ImmerseAudioRenderer _____>>> 
[2026-05-13T06:30:36.1470195-07:00] [pid=8500] WwiseFxNullParams::Init()
[2026-05-13T06:30:36.1470195-07:00] [pid=8500] 
[2026-05-13T06:30:36.1470195-07:00] [pid=8500] <<<_____ ImmerseAudioRenderer _____>>> 
[2026-05-13T06:30:36.1470195-07:00] [pid=8500] WwiseFxNullParams::SetParam()
[2026-05-13T06:30:36.1470195-07:00] [pid=8500] 
[2026-05-13T06:30:36.1470195-07:00] [pid=8500] <<<_____ ImmerseAudioRenderer _____>>> 
[2026-05-13T06:30:36.1470195-07:00] [pid=8500] WwiseFxNullParams::SetParam()
[2026-05-13T06:30:36.1470195-07:00] [pid=8500] 
[2026-05-13T06:30:36.1470195-07:00] [pid=8500] <<<_____ ImmerseAudioRenderer _____>>> 
[2026-05-13T06:30:36.1470195-07:00] [pid=8500] WwiseFxNullParams::SetParam()
[2026-05-13T06:30:36.1470195-07:00] [pid=8500] 
[2026-05-13T06:30:36.1470195-07:00] [pid=8500] <<<_____ ImmerseAudioRenderer _____>>> 
[2026-05-13T06:30:36.1470195-07:00] [pid=8500] WwiseFxNullParams::SetParam()
[2026-05-13T06:30:36.1470195-07:00] [pid=8500] 
[2026-05-13T06:30:36.1470195-07:00] [pid=8500] <<<_____ ImmerseAudioRenderer _____>>> 
[2026-05-13T06:30:36.1470195-07:00] [pid=8500] WwiseFxNullParams::SetParam()
[2026-05-13T06:30:36.1470195-07:00] [pid=8500] 
[2026-05-13T06:30:36.1470195-07:00] [pid=8500] <<<_____ ImmerseAudioRenderer _____>>> 
[2026-05-13T06:30:36.1470195-07:00] [pid=8500] WwiseFxNullParams::SetParam()
[2026-05-13T06:30:36.1470195-07:00] [pid=8500] 
[2026-05-13T06:30:36.1470195-07:00] [pid=8500] <<<_____ ImmerseAudioRenderer _____>>> 
[2026-05-13T06:30:36.1470195-07:00] [pid=8500] WwiseFxNullParams::SetParam()
[2026-05-13T06:30:36.1470195-07:00] [pid=8500] 
[2026-05-13T06:30:36.1470195-07:00] [pid=8500] <<<_____ ImmerseAudioRenderer _____>>> 
[2026-05-13T06:30:36.1480196-07:00] [pid=8500] WwiseFxNullParams::SetParam()
[2026-05-13T06:30:36.1480196-07:00] [pid=8500] 
[2026-05-13T06:30:36.1480196-07:00] [pid=8500] <<<_____ ImmerseAudioRenderer _____>>> 
[2026-05-13T06:30:36.1480196-07:00] [pid=8500] WwiseFxNullParams::SetParam()
[2026-05-13T06:30:36.1480196-07:00] [pid=8500] 
[2026-05-13T06:30:36.1480196-07:00] [pid=8500] <<<_____ ImmerseAudioRenderer _____>>> 
[2026-05-13T06:30:36.1480196-07:00] [pid=8500] WwiseFxNullParams::ApplyParam()
[2026-05-13T06:30:36.1480196-07:00] [pid=8500] 
[2026-05-13T06:30:36.1480196-07:00] [pid=8500] <<<_____ ImmerseAudioRenderer _____>>> 
[2026-05-13T06:30:36.1480196-07:00] [pid=8500] WwiseFxNullParams::ApplyParam()
[2026-05-13T06:30:36.1480196-07:00] [pid=8500] 
[2026-05-13T06:30:36.1480196-07:00] [pid=8500] <<<_____ ImmerseAudioRenderer _____>>> 
[2026-05-13T06:30:36.1480196-07:00] [pid=8500] WwiseFxNullParams::ApplyParam()
[2026-05-13T06:30:36.1480196-07:00] [pid=8500] 
[2026-05-13T06:30:36.1480196-07:00] [pid=8500] <<<_____ ImmerseAudioRenderer _____>>> 
[2026-05-13T06:30:36.1480196-07:00] [pid=8500] WwiseFxNullParams::ApplyParam()
[2026-05-13T06:30:36.1480196-07:00] [pid=8500] 
[2026-05-13T06:30:36.1480196-07:00] [pid=8500] <<<_____ ImmerseAudioRenderer _____>>> 
[2026-05-13T06:30:36.1480196-07:00] [pid=8500] WwiseFxNullParams::ApplyParam()
[2026-05-13T06:30:36.1480196-07:00] [pid=8500] 
[2026-05-13T06:30:36.1480196-07:00] [pid=8500] <<<_____ ImmerseAudioRenderer _____>>> 
[2026-05-13T06:30:36.1480196-07:00] [pid=8500] WwiseFxNullParams::ApplyParam()
[2026-05-13T06:30:36.1480196-07:00] [pid=8500] 
[2026-05-13T06:30:36.1480196-07:00] [pid=8500] <<<_____ ImmerseAudioRenderer _____>>> 
[2026-05-13T06:30:36.1480196-07:00] [pid=8500] WwiseFxNullParams::ApplyParam()
[2026-05-13T06:30:36.1480196-07:00] [pid=8500] 
[2026-05-13T06:30:36.1480196-07:00] [pid=8500] <<<_____ ImmerseAudioRenderer _____>>> 
[2026-05-13T06:30:36.1480196-07:00] [pid=8500] WwiseFxNullParams::ApplyParam()
[2026-05-13T06:30:36.1480196-07:00] [pid=8500] 
[2026-05-13T06:30:36.1480196-07:00] [pid=8500] <<<_____ ImmerseAudioRenderer _____>>> 
[2026-05-13T06:30:36.1480196-07:00] [pid=8500] WwiseFxNullParams::ApplyParam()
[2026-05-13T06:30:36.1490199-07:00] [pid=8500] 
[2026-05-13T06:30:36.2214141-07:00] [pid=23228] [2026.05.13-13.30.36:221][  0]CrashReportClientDiagnosticLog: Editor/ExitCode:-1
[2026-05-13T06:30:36.2224324-07:00] [pid=23228] [2026.05.13-13.30.36:222][  0]CrashReportClientDiagnosticLog: MTBF/Start:2026.05.13-13.30.36
[2026-05-13T06:30:36.2234304-07:00] [pid=23228] [2026.05.13-13.30.36:223][  0]CrashReportClientDiagnosticLog: MTBF/LoadSession
[2026-05-13T06:30:36.2244311-07:00] [pid=23228] [2026.05.13-13.30.36:224][  0]CrashReportClientDiagnosticLog: MTBF/NoSessionFound
[2026-05-13T06:30:36.2480452-07:00] [pid=23228] [2026.05.13-13.30.36:248][  0]LogInit: Using libcurl 7.55.1-DEV
[2026-05-13T06:30:36.2480452-07:00] [pid=23228] [2026.05.13-13.30.36:248][  0]LogInit:  - built for x86_64-pc-win32
[2026-05-13T06:30:36.2480452-07:00] [pid=23228] [2026.05.13-13.30.36:248][  0]LogInit:  - supports SSL with OpenSSL/1.1.1
[2026-05-13T06:30:36.2480452-07:00] [pid=23228] [2026.05.13-13.30.36:248][  0]LogInit:  - supports HTTP deflate (compression) using libz 1.2.8
[2026-05-13T06:30:36.2480452-07:00] [pid=23228] [2026.05.13-13.30.36:248][  0]LogInit:  - other features:
[2026-05-13T06:30:36.2480452-07:00] [pid=23228] [2026.05.13-13.30.36:248][  0]LogInit:      CURL_VERSION_SSL
[2026-05-13T06:30:36.2480452-07:00] [pid=23228] [2026.05.13-13.30.36:248][  0]LogInit:      CURL_VERSION_LIBZ
[2026-05-13T06:30:36.2480452-07:00] [pid=23228] [2026.05.13-13.30.36:248][  0]LogInit:      CURL_VERSION_IPV6
[2026-05-13T06:30:36.2490453-07:00] [pid=23228] [2026.05.13-13.30.36:248][  0]LogInit:      CURL_VERSION_ASYNCHDNS
[2026-05-13T06:30:36.2490453-07:00] [pid=23228] [2026.05.13-13.30.36:248][  0]LogInit:      CURL_VERSION_LARGEFILE
[2026-05-13T06:30:36.2490453-07:00] [pid=23228] [2026.05.13-13.30.36:249][  0]LogInit:      CURL_VERSION_IDN
[2026-05-13T06:30:36.2490453-07:00] [pid=23228] [2026.05.13-13.30.36:249][  0]LogInit:  CurlRequestOptions (configurable via config and command line):
[2026-05-13T06:30:36.2490453-07:00] [pid=23228] [2026.05.13-13.30.36:249][  0]LogInit:  - bVerifyPeer = false  - Libcurl will NOT verify peer certificate
[2026-05-13T06:30:36.2490453-07:00] [pid=23228] [2026.05.13-13.30.36:249][  0]LogInit:  - bUseHttpProxy = false  - Libcurl will NOT use HTTP proxy
[2026-05-13T06:30:36.2490453-07:00] [pid=23228] [2026.05.13-13.30.36:249][  0]LogInit:  - bDontReuseConnections = false  - Libcurl will reuse connections
[2026-05-13T06:30:36.2490453-07:00] [pid=23228] [2026.05.13-13.30.36:249][  0]LogInit:  - MaxHostConnections = 16  - Libcurl will limit the number of connections to a host
[2026-05-13T06:30:36.2490453-07:00] [pid=23228] [2026.05.13-13.30.36:249][  0]LogInit:  - LocalHostAddr = Default
[2026-05-13T06:30:36.2490453-07:00] [pid=23228] [2026.05.13-13.30.36:249][  0]LogInit:  - BufferSize = 65536
[2026-05-13T06:30:36.2490453-07:00] [pid=23228] [2026.05.13-13.30.36:249][  0]LogAnalytics: Display: [CrashReporter.Release] APIServer = https://datarouter.ol.epicgames.com/. AppVersion = ++UE4+Release-4.27-CL-18319896
[2026-05-13T06:30:36.2500449-07:00] [pid=23228] [2026.05.13-13.30.36:250][  0]CrashReportClientDiagnosticLog: MTBF/Done
[2026-05-13T06:30:36.2626307-07:00] [pid=24380] [2026.05.13-13.30.36:262][780]LogRunningAppService: Display: Dead foreground process [2224] C:/Program Files/Epic Games/UE_4.27/Engine/Binaries/Win64/UE4Editor.exe for app C:/Program Files/Epic Games/UE_4.27/
[2026-05-13T06:30:36.2701679-07:00] [pid=23228] [2026.05.13-13.30.36:270][  0]LogCore: Engine exit requested (reason: CrashReportClientApp RequestExit)
[2026-05-13T06:30:36.2701679-07:00] [pid=23228] [2026.05.13-13.30.36:270][  0]LogExit: Preparing to exit.
[2026-05-13T06:30:36.2716732-07:00] [pid=23228] [2026.05.13-13.30.36:271][  0]LogExit: Object subsystem successfully closed.
[2026-05-13T06:30:36.2726815-07:00] [pid=23228] [2026.05.13-13.30.36:272][  0]LogModuleManager: Shutting down and abandoning module AnalyticsET (14)
[2026-05-13T06:30:36.2726815-07:00] [pid=23228] [2026.05.13-13.30.36:272][  0]LogModuleManager: Shutting down and abandoning module HTTP (13)
[2026-05-13T06:30:36.2726815-07:00] [pid=23228] [2026.05.13-13.30.36:272][  0]LogHttp: Display: Http module shutting down, but needs to wait on 1 outstanding Http requests:
[2026-05-13T06:30:36.2726815-07:00] [pid=23228] [2026.05.13-13.30.36:272][  0]LogHttp: Display: 	verb=[POST] url=[https://datarouter.ol.epicgames.com/datarouter/api/v1/public/data?SessionID=%7BD2D72BEE-4F22-A091-8E4C-BBBC7EEC1975%7D&AppID=CrashReporter.Release&AppVersion=%2B%2BUE4%2BRelease-4.27-CL-18319896&UserID=f8b698bb42db84b438be4e9e5183ed14%7C6da9797861944dd5b2bedb495b874fce%7C2e2120c8-1d81-4764-95c5-a72e8ff85171&AppEnvironment=datacollector-binary&UploadType=eteventstream] refs=[1] status=Processing
[2026-05-13T06:30:36.2736808-07:00] [pid=23228] [2026.05.13-13.30.36:272][  0]LogHttp: Display: cleaning up 1 outstanding Http requests.
[2026-05-13T06:30:36.2736808-07:00] [pid=23228] [2026.05.13-13.30.36:273][  0]LogHttp: Display: Sleeping 0.500s to wait for 1 outstanding Http requests.
[2026-05-13T06:30:36.7861403-07:00] [pid=23228] [2026.05.13-13.30.36:786][  0]LogModuleManager: Shutting down and abandoning module SSL (12)
[2026-05-13T06:30:36.7871496-07:00] [pid=23228] [2026.05.13-13.30.36:787][  0]LogModuleManager: Shutting down and abandoning module CrashDebugHelper (8)
[2026-05-13T06:30:36.7871496-07:00] [pid=23228] [2026.05.13-13.30.36:787][  0]LogModuleManager: Shutting down and abandoning module CoreUObject (6)
[2026-05-13T06:30:36.7871496-07:00] [pid=23228] [2026.05.13-13.30.36:787][  0]LogModuleManager: Shutting down and abandoning module PakFile (4)
[2026-05-13T06:30:36.7881560-07:00] [pid=23228] [2026.05.13-13.30.36:788][  0]LogModuleManager: Shutting down and abandoning module RSA (3)
[2026-05-13T06:30:36.7891574-07:00] [pid=23228] [2026.05.13-13.30.36:789][  0]LogExit: Exiting.
[2026-05-13T06:30:36.9715989-07:00] [pid=24380] [2026.05.13-13.30.36:971][795]LogRunningAppService: Display: Dead foreground process [23228] C:/Program Files/Epic Games/UE_4.27/Engine/Binaries/Win64/CrashReportClientEditor.exe for app C:/Program Files/Epic Games/UE_4.27/
