Log file open, 05/12/26 06:39:06
LogWindows: Failed to load 'aqProf.dll' (GetLastError=126)
LogWindows: File 'aqProf.dll' does not exist
LogWindows: Failed to load 'VtuneApi.dll' (GetLastError=126)
LogWindows: File 'VtuneApi.dll' does not exist
LogWindows: Failed to load 'VtuneApi32e.dll' (GetLastError=126)
LogWindows: File 'VtuneApi32e.dll' does not exist
LogConsoleResponse: Display: Failed to find resolution value strings in scalability ini. Falling back to default.
LogConsoleResponse: Display: Failed to find resolution value strings in scalability ini. Falling back to default.
LogInit: Display: Running engine for game: testTP
LogPlatformFile: Not using cached read wrapper
LogTaskGraph: Started task graph with 5 named threads and 59 total threads with 3 sets of task threads.
LogStats: Stats thread started at 0.213573
LogICUInternationalization: ICU TimeZone Detection - Raw Offset: -8:00, Platform Override: ''
LogInit: Display: Loading text-based GConfig....
LogPluginManager: Mounting plugin MeshPainting
LogPluginManager: Mounting plugin XGEController
LogPluginManager: Mounting plugin Paper2D
LogPluginManager: Mounting plugin LiveLink
LogPluginManager: Mounting plugin EnvironmentQueryEditor
LogPluginManager: Mounting plugin LightPropagationVolume
LogPluginManager: Mounting plugin AISupport
LogPluginManager: Mounting plugin GameplayCameras
LogPluginManager: Mounting plugin OodleNetwork
LogPluginManager: Mounting plugin OodleData
LogPluginManager: Mounting plugin CameraShakePreviewer
LogPluginManager: Mounting plugin DatasmithContent
LogPluginManager: Mounting plugin VariantManagerContent
LogPluginManager: Mounting plugin CodeLiteSourceCodeAccess
LogPluginManager: Mounting plugin AnimationSharing
LogPluginManager: Mounting plugin GitSourceControl
LogPluginManager: Mounting plugin KDevelopSourceCodeAccess
LogPluginManager: Mounting plugin CLionSourceCodeAccess
LogPluginManager: Mounting plugin PluginUtils
LogPluginManager: Mounting plugin NullSourceCodeAccess
LogPluginManager: Mounting plugin PlasticSourceControl
LogPluginManager: Mounting plugin PropertyAccessNode
LogPluginManager: Mounting plugin TextureFormatOodle
LogPluginManager: Mounting plugin UObjectPlugin
LogPluginManager: Mounting plugin RiderSourceCodeAccess
LogPluginManager: Mounting plugin VisualStudioCodeSourceCodeAccess
LogPluginManager: Mounting plugin SubversionSourceControl
LogPluginManager: Mounting plugin PerforceSourceControl
LogPluginManager: Mounting plugin VisualStudioSourceCodeAccess
LogPluginManager: Mounting plugin AlembicImporter
LogPluginManager: Mounting plugin PixWinPlugin
LogPluginManager: Mounting plugin ChaosCloth
LogPluginManager: Mounting plugin ChaosClothEditor
LogPluginManager: Mounting plugin AutomationUtils
LogPluginManager: Mounting plugin ChaosEditor
LogPluginManager: Mounting plugin ChaosNiagara
LogPluginManager: Mounting plugin CharacterAI
LogPluginManager: Mounting plugin ChaosSolverPlugin
LogPluginManager: Mounting plugin BackChannel
LogPluginManager: Mounting plugin GeometryCollectionPlugin
LogPluginManager: Mounting plugin GeometryProcessing
LogPluginManager: Mounting plugin Niagara
LogPluginManager: Mounting plugin XCodeSourceCodeAccess
LogPluginManager: Mounting plugin GeometryCache
LogPluginManager: Mounting plugin OpenImageDenoise
LogPluginManager: Mounting plugin PlanarCut
LogPluginManager: Mounting plugin ProxyLODPlugin
LogPluginManager: Mounting plugin MotoSynth
LogPluginManager: Mounting plugin SkeletalReduction
LogPluginManager: Mounting plugin PythonScriptPlugin
LogPluginManager: Mounting plugin PlatformCrypto
LogPluginManager: Mounting plugin CryptoKeys
LogPluginManager: Mounting plugin CurveEditorTools
LogPluginManager: Mounting plugin FacialAnimation
LogPluginManager: Mounting plugin AssetManagerEditor
LogPluginManager: Mounting plugin GameplayTagsEditor
LogPluginManager: Mounting plugin MaterialAnalyzer
LogPluginManager: Mounting plugin DataValidation
LogPluginManager: Mounting plugin MobileLauncherProfileWizard
LogPluginManager: Mounting plugin SpeedTreeImporter
LogPluginManager: Mounting plugin GeometryMode
LogPluginManager: Mounting plugin MacGraphicsSwitching
LogPluginManager: Mounting plugin PluginBrowser
LogPluginManager: Mounting plugin UdpMessaging
LogPluginManager: Mounting plugin TcpMessaging
LogPluginManager: Mounting plugin MatineeToLevelSequence
LogPluginManager: Mounting plugin AndroidMedia
LogPluginManager: Mounting plugin TemplateSequence
LogPluginManager: Mounting plugin ActorSequence
LogPluginManager: Mounting plugin LevelSequenceEditor
LogPluginManager: Mounting plugin AvfMedia
LogPluginManager: Mounting plugin ImgMedia
LogPluginManager: Mounting plugin MediaCompositing
LogPluginManager: Mounting plugin WebMMedia
LogPluginManager: Mounting plugin WmfMedia
LogPluginManager: Mounting plugin MediaPlayerEditor
LogPluginManager: Mounting plugin OnlineSubsystem
LogPluginManager: Mounting plugin OnlineSubsystemNull
LogPluginManager: Mounting plugin MagicLeap
LogPluginManager: Mounting plugin ActorLayerUtilities
LogPluginManager: Mounting plugin OnlineSubsystemUtils
LogPluginManager: Mounting plugin AndroidMoviePlayer
LogPluginManager: Mounting plugin AndroidDeviceProfileSelector
LogPluginManager: Mounting plugin AppleMoviePlayer
LogPluginManager: Mounting plugin LuminPlatformFeatures
LogPluginManager: Mounting plugin AssetTags
LogPluginManager: Mounting plugin LauncherChunkInstaller
LogPluginManager: Mounting plugin ArchVisCharacter
LogPluginManager: Mounting plugin AppleImageUtils
LogPluginManager: Mounting plugin AndroidPermission
LogPluginManager: Mounting plugin AudioSynesthesia
LogPluginManager: Mounting plugin CableComponent
LogPluginManager: Mounting plugin ChunkDownloader
LogPluginManager: Mounting plugin EditableMesh
LogPluginManager: Mounting plugin ExampleDeviceProfileSelector
LogPluginManager: Mounting plugin GoogleCloudMessaging
LogPluginManager: Mounting plugin CustomMeshComponent
LogPluginManager: Mounting plugin MagicLeapLightEstimation
LogPluginManager: Mounting plugin MagicLeapMedia
LogPluginManager: Mounting plugin AudioCapture
LogPluginManager: Mounting plugin MagicLeapPassableWorld
LogPluginManager: Mounting plugin MLSDK
LogPluginManager: Mounting plugin GooglePAD
LogPluginManager: Mounting plugin LocationServicesBPLibrary
LogPluginManager: Mounting plugin LinuxDeviceProfileSelector
LogPluginManager: Mounting plugin MobilePatchingUtils
LogPluginManager: Mounting plugin IOSDeviceProfileSelector
LogPluginManager: Mounting plugin OpenXRHandTracking
LogPluginManager: Mounting plugin OpenXR
LogPluginManager: Mounting plugin OpenXREyeTracker
LogPluginManager: Mounting plugin Takes
LogPluginManager: Mounting plugin PhysXVehicles
LogPluginManager: Mounting plugin PostSplashScreen
LogPluginManager: Mounting plugin ScreenshotTools
LogPluginManager: Mounting plugin RuntimePhysXCooking
LogPluginManager: Mounting plugin ProceduralMeshComponent
LogPluginManager: Mounting plugin SignificanceManager
LogPluginManager: Mounting plugin SoundFields
LogPluginManager: Mounting plugin PropertyAccessEditor
LogPluginManager: Mounting plugin WebMMoviePlayer
LogPluginManager: Mounting plugin Synthesis
LogPluginManager: Mounting plugin WindowsMoviePlayer
LogPluginManager: Mounting plugin ContentBrowserAssetDataSource
LogPluginManager: Mounting plugin ContentBrowserFileDataSource
LogPluginManager: Mounting plugin ContentBrowserClassDataSource
LogPluginManager: Mounting plugin OnlineSubsystemIOS
LogPluginManager: Mounting plugin OnlineSubsystemGooglePlay
LogPluginManager: Mounting plugin OculusVR
LogPluginManager: Mounting plugin SteamVR
LogPluginManager: Mounting plugin Wwise
PixWinPlugin: PIX capture plugin failed to initialize! Check that the process is launched from PIX.
LogInit: Using libcurl 7.55.1-DEV
LogInit:  - built for x86_64-pc-win32
LogInit:  - supports SSL with OpenSSL/1.1.1
LogInit:  - supports HTTP deflate (compression) using libz 1.2.8
LogInit:  - other features:
LogInit:      CURL_VERSION_SSL
LogInit:      CURL_VERSION_LIBZ
LogInit:      CURL_VERSION_IPV6
LogInit:      CURL_VERSION_ASYNCHDNS
LogInit:      CURL_VERSION_LARGEFILE
LogInit:      CURL_VERSION_IDN
LogInit:  CurlRequestOptions (configurable via config and command line):
LogInit:  - bVerifyPeer = true  - Libcurl will verify peer certificate
LogInit:  - bUseHttpProxy = false  - Libcurl will NOT use HTTP proxy
LogInit:  - bDontReuseConnections = false  - Libcurl will reuse connections
LogInit:  - MaxHostConnections = 16  - Libcurl will limit the number of connections to a host
LogInit:  - LocalHostAddr = Default
LogInit:  - BufferSize = 65536
LogOnline: OSS: Creating online subsystem instance for: NULL
LogInit: WinSock: version 1.1 (2.2), MaxSocks=32767, MaxUdp=65467
LogOnline: OSS: TryLoadSubsystemAndSetDefault: Loaded subsystem for module [NULL]
LogOculusPluginWrapper: OculusPlugin initialized successfully
LogHMD: Failed initializing OVRPlugin 1.59.0
LogInit: Build: ++UE4+Release-4.27-CL-18319896
LogInit: Engine Version: 4.27.2-18319896+++UE4+Release-4.27
LogInit: Compatible Engine Version: 4.27.0-17155196+++UE4+Release-4.27
LogInit: Net CL: 17155196
LogInit: OS: Windows 10 (Release 2009) (), CPU: 13th Gen Intel(R) Core(TM) i7-13650HX, GPU: Intel(R) UHD Graphics
LogInit: Compiled (64-bit): Nov 30 2021 07:12:08
LogInit: Compiled with Visual C++: 19.24.28315.00
LogInit: Build Configuration: Development
LogInit: Branch Name: ++UE4+Release-4.27
LogInit: Command Line:  /Game/ThirdPersonBP/Maps/ThirdPersonExampleMap -game -RenderOffscreen -unattended -nopause -NoSplash -abslog=C:\Users\kapil\AppData\Local\Temp\immerse_editor_20260512-063759.log
LogInit: Base Directory: C:/Program Files/Epic Games/UE_4.27/Engine/Binaries/Win64/
LogInit: Allocator: TBB
LogInit: Installed Engine Build: 1
LogDevObjectVersion: Number of dev versions registered: 29
LogDevObjectVersion:   Dev-Blueprints (B0D832E4-1F89-4F0D-ACCF-7EB736FD4AA2): 10
LogDevObjectVersion:   Dev-Build (E1C64328-A22C-4D53-A36C-8E866417BD8C): 0
LogDevObjectVersion:   Dev-Core (375EC13C-06E4-48FB-B500-84F0262A717E): 4
LogDevObjectVersion:   Dev-Editor (E4B068ED-F494-42E9-A231-DA0B2E46BB41): 40
LogDevObjectVersion:   Dev-Framework (CFFC743F-43B0-4480-9391-14DF171D2073): 37
LogDevObjectVersion:   Dev-Mobile (B02B49B5-BB20-44E9-A304-32B752E40360): 3
LogDevObjectVersion:   Dev-Networking (A4E4105C-59A1-49B5-A7C5-40C4547EDFEE): 0
LogDevObjectVersion:   Dev-Online (39C831C9-5AE6-47DC-9A44-9C173E1C8E7C): 0
LogDevObjectVersion:   Dev-Physics (78F01B33-EBEA-4F98-B9B4-84EACCB95AA2): 14
LogDevObjectVersion:   Dev-Platform (6631380F-2D4D-43E0-8009-CF276956A95A): 0
LogDevObjectVersion:   Dev-Rendering (12F88B9F-8875-4AFC-A67C-D90C383ABD29): 45
LogDevObjectVersion:   Dev-Sequencer (7B5AE74C-D270-4C10-A958-57980B212A5A): 13
LogDevObjectVersion:   Dev-VR (D7296918-1DD6-4BDD-9DE2-64A83CC13884): 3
LogDevObjectVersion:   Dev-LoadTimes (C2A15278-BFE7-4AFE-6C17-90FF531DF755): 1
LogDevObjectVersion:   Private-Geometry (6EACA3D4-40EC-4CC1-B786-8BED09428FC5): 3
LogDevObjectVersion:   Dev-AnimPhys (29E575DD-E0A3-4627-9D10-D276232CDCEA): 17
LogDevObjectVersion:   Dev-Anim (AF43A65D-7FD3-4947-9873-3E8ED9C1BB05): 15
LogDevObjectVersion:   Dev-ReflectionCapture (6B266CEC-1EC7-4B8F-A30B-E4D90942FC07): 1
LogDevObjectVersion:   Dev-Automation (0DF73D61-A23F-47EA-B727-89E90C41499A): 1
LogDevObjectVersion:   FortniteMain (601D1886-AC64-4F84-AA16-D3DE0DEAC7D6): 47
LogDevObjectVersion:   FortniteRelease (E7086368-6B23-4C58-8439-1B7016265E91): 1
LogDevObjectVersion:   Dev-Enterprise (9DFFBCD6-494F-0158-E221-12823C92A888): 10
LogDevObjectVersion:   Dev-Niagara (F2AED0AC-9AFE-416F-8664-AA7FFA26D6FC): 1
LogDevObjectVersion:   Dev-Destruction (174F1F0B-B4C6-45A5-B13F-2EE8D0FB917D): 10
LogDevObjectVersion:   Dev-Physics-Ext (35F94A83-E258-406C-A318-09F59610247C): 41
LogDevObjectVersion:   Dev-PhysicsMaterial-Chaos (B68FC16E-8B1B-42E2-B453-215C058844FE): 1
LogDevObjectVersion:   Dev-CineCamera (B2E18506-4273-CFC2-A54E-F4BB758BBA07): 1
LogDevObjectVersion:   Dev-VirtualProduction (64F58936-FD1B-42BA-BA96-7289D5D0FA4E): 1
LogDevObjectVersion:   Dev-MediaFramework (6F0ED827-A609-4895-9C91-998D90180EA4): 2
LogInit: Presizing for max 25165824 objects, including 0 objects not considered by GC, pre-allocating 0 bytes for permanent pool.
LogConfig: Applying CVar settings from Section [/Script/Engine.StreamingSettings] File [C:/Users/kapil/OneDrive/Documents/Unreal Projects/testTP/Saved/Config/Windows/Engine.ini]
LogConfig: Setting CVar [[s.MinBulkDataSizeForAsyncLoading:131072]]
LogConfig: Setting CVar [[s.AsyncLoadingThreadEnabled:0]]
LogConfig: Setting CVar [[s.EventDrivenLoaderEnabled:1]]
LogConfig: Setting CVar [[s.WarnIfTimeLimitExceeded:0]]
LogConfig: Setting CVar [[s.TimeLimitExceededMultiplier:1.5]]
LogConfig: Setting CVar [[s.TimeLimitExceededMinTime:0.005]]
LogConfig: Setting CVar [[s.UseBackgroundLevelStreaming:1]]
LogConfig: Setting CVar [[s.PriorityAsyncLoadingExtraTime:15.0]]
LogConfig: Setting CVar [[s.LevelStreamingActorsUpdateTimeLimit:5.0]]
LogConfig: Setting CVar [[s.PriorityLevelStreamingActorsUpdateExtraTime:5.0]]
LogConfig: Setting CVar [[s.LevelStreamingComponentsRegistrationGranularity:10]]
LogConfig: Setting CVar [[s.UnregisterComponentsTimeLimit:1.0]]
LogConfig: Setting CVar [[s.LevelStreamingComponentsUnregistrationGranularity:5]]
LogConfig: Setting CVar [[s.FlushStreamingOnExit:1]]
LogInit: Object subsystem initialized
LogConfig: Setting CVar [[con.DebugEarlyDefault:1]]
LogConfig: Setting CVar [[r.setres:1280x720]]
[2026.05.12-13.39.06:510][  0]LogConfig: Setting CVar [[con.DebugEarlyDefault:1]]
[2026.05.12-13.39.06:510][  0]LogConfig: Setting CVar [[r.setres:1280x720]]
[2026.05.12-13.39.06:510][  0]LogConfig: Applying CVar settings from Section [/Script/Engine.RendererSettings] File [C:/Users/kapil/OneDrive/Documents/Unreal Projects/testTP/Saved/Config/Windows/Engine.ini]
[2026.05.12-13.39.06:510][  0]LogConfig: Setting CVar [[r.GPUCrashDebugging:0]]
[2026.05.12-13.39.06:510][  0]LogConfig: Applying CVar settings from Section [/Script/Engine.RendererOverrideSettings] File [C:/Users/kapil/OneDrive/Documents/Unreal Projects/testTP/Saved/Config/Windows/Engine.ini]
[2026.05.12-13.39.06:510][  0]LogConfig: Applying CVar settings from Section [/Script/Engine.StreamingSettings] File [C:/Users/kapil/OneDrive/Documents/Unreal Projects/testTP/Saved/Config/Windows/Engine.ini]
[2026.05.12-13.39.06:510][  0]LogConfig: Setting CVar [[s.MinBulkDataSizeForAsyncLoading:131072]]
[2026.05.12-13.39.06:510][  0]LogConfig: Setting CVar [[s.AsyncLoadingThreadEnabled:0]]
[2026.05.12-13.39.06:510][  0]LogConfig: Setting CVar [[s.EventDrivenLoaderEnabled:1]]
[2026.05.12-13.39.06:510][  0]LogConfig: Setting CVar [[s.WarnIfTimeLimitExceeded:0]]
[2026.05.12-13.39.06:510][  0]LogConfig: Setting CVar [[s.TimeLimitExceededMultiplier:1.5]]
[2026.05.12-13.39.06:510][  0]LogConfig: Setting CVar [[s.TimeLimitExceededMinTime:0.005]]
[2026.05.12-13.39.06:510][  0]LogConfig: Setting CVar [[s.UseBackgroundLevelStreaming:1]]
[2026.05.12-13.39.06:510][  0]LogConfig: Setting CVar [[s.PriorityAsyncLoadingExtraTime:15.0]]
[2026.05.12-13.39.06:510][  0]LogConfig: Setting CVar [[s.LevelStreamingActorsUpdateTimeLimit:5.0]]
[2026.05.12-13.39.06:510][  0]LogConfig: Setting CVar [[s.PriorityLevelStreamingActorsUpdateExtraTime:5.0]]
[2026.05.12-13.39.06:510][  0]LogConfig: Setting CVar [[s.LevelStreamingComponentsRegistrationGranularity:10]]
[2026.05.12-13.39.06:510][  0]LogConfig: Setting CVar [[s.UnregisterComponentsTimeLimit:1.0]]
[2026.05.12-13.39.06:510][  0]LogConfig: Setting CVar [[s.LevelStreamingComponentsUnregistrationGranularity:5]]
[2026.05.12-13.39.06:510][  0]LogConfig: Setting CVar [[s.FlushStreamingOnExit:1]]
[2026.05.12-13.39.06:510][  0]LogConfig: Applying CVar settings from Section [/Script/Engine.GarbageCollectionSettings] File [C:/Users/kapil/OneDrive/Documents/Unreal Projects/testTP/Saved/Config/Windows/Engine.ini]
[2026.05.12-13.39.06:510][  0]LogConfig: Setting CVar [[gc.MaxObjectsNotConsideredByGC:1]]
[2026.05.12-13.39.06:510][  0]LogConfig: Setting CVar [[gc.SizeOfPermanentObjectPool:0]]
[2026.05.12-13.39.06:510][  0]LogConfig: Setting CVar [[gc.FlushStreamingOnGC:0]]
[2026.05.12-13.39.06:510][  0]LogConfig: Setting CVar [[gc.NumRetriesBeforeForcingGC:10]]
[2026.05.12-13.39.06:510][  0]LogConfig: Setting CVar [[gc.AllowParallelGC:1]]
[2026.05.12-13.39.06:510][  0]LogConfig: Setting CVar [[gc.TimeBetweenPurgingPendingKillObjects:61.1]]
[2026.05.12-13.39.06:510][  0]LogConfig: Setting CVar [[gc.MaxObjectsInEditor:25165824]]
[2026.05.12-13.39.06:510][  0]LogConfig: Setting CVar [[gc.IncrementalBeginDestroyEnabled:1]]
[2026.05.12-13.39.06:510][  0]LogConfig: Setting CVar [[gc.CreateGCClusters:1]]
[2026.05.12-13.39.06:510][  0]LogConfig: Setting CVar [[gc.MinGCClusterSize:5]]
[2026.05.12-13.39.06:510][  0]LogConfig: Setting CVar [[gc.ActorClusteringEnabled:0]]
[2026.05.12-13.39.06:510][  0]LogConfig: Setting CVar [[gc.BlueprintClusteringEnabled:0]]
[2026.05.12-13.39.06:510][  0]LogConfig: Setting CVar [[gc.UseDisregardForGCOnDedicatedServers:0]]
[2026.05.12-13.39.06:510][  0]LogConfig: Setting CVar [[gc.MultithreadedDestructionEnabled:1]]
[2026.05.12-13.39.06:510][  0]LogConfig: Applying CVar settings from Section [/Script/Engine.NetworkSettings] File [C:/Users/kapil/OneDrive/Documents/Unreal Projects/testTP/Saved/Config/Windows/Engine.ini]
[2026.05.12-13.39.06:510][  0]LogConfig: Applying CVar settings from Section [/Script/UnrealEd.CookerSettings] File [C:/Users/kapil/OneDrive/Documents/Unreal Projects/testTP/Saved/Config/Windows/Engine.ini]
[2026.05.12-13.39.06:515][  0]LogConfig: Applying CVar settings from Section [ViewDistanceQuality@3] File [C:/Users/kapil/OneDrive/Documents/Unreal Projects/testTP/Saved/Config/Windows/Scalability.ini]
[2026.05.12-13.39.06:515][  0]LogConfig: Setting CVar [[r.SkeletalMeshLODBias:0]]
[2026.05.12-13.39.06:515][  0]LogConfig: Setting CVar [[r.ViewDistanceScale:1.0]]
[2026.05.12-13.39.06:515][  0]LogConfig: Applying CVar settings from Section [AntiAliasingQuality@3] File [C:/Users/kapil/OneDrive/Documents/Unreal Projects/testTP/Saved/Config/Windows/Scalability.ini]
[2026.05.12-13.39.06:515][  0]LogConfig: Setting CVar [[r.PostProcessAAQuality:4]]
[2026.05.12-13.39.06:515][  0]LogConfig: Applying CVar settings from Section [ShadowQuality@3] File [C:/Users/kapil/OneDrive/Documents/Unreal Projects/testTP/Saved/Config/Windows/Scalability.ini]
[2026.05.12-13.39.06:515][  0]LogConfig: Setting CVar [[r.LightFunctionQuality:1]]
[2026.05.12-13.39.06:515][  0]LogConfig: Setting CVar [[r.ShadowQuality:5]]
[2026.05.12-13.39.06:515][  0]LogConfig: Setting CVar [[r.Shadow.CSM.MaxCascades:10]]
[2026.05.12-13.39.06:515][  0]LogConfig: Setting CVar [[r.Shadow.MaxResolution:2048]]
[2026.05.12-13.39.06:515][  0]LogConfig: Setting CVar [[r.Shadow.MaxCSMResolution:2048]]
[2026.05.12-13.39.06:515][  0]LogConfig: Setting CVar [[r.Shadow.RadiusThreshold:0.01]]
[2026.05.12-13.39.06:515][  0]LogConfig: Setting CVar [[r.Shadow.DistanceScale:1.0]]
[2026.05.12-13.39.06:515][  0]LogConfig: Setting CVar [[r.Shadow.CSM.TransitionScale:1.0]]
[2026.05.12-13.39.06:515][  0]LogConfig: Setting CVar [[r.Shadow.PreShadowResolutionFactor:1.0]]
[2026.05.12-13.39.06:515][  0]LogConfig: Setting CVar [[r.DistanceFieldShadowing:1]]
[2026.05.12-13.39.06:515][  0]LogConfig: Setting CVar [[r.DistanceFieldAO:1]]
[2026.05.12-13.39.06:515][  0]LogConfig: Setting CVar [[r.AOQuality:2]]
[2026.05.12-13.39.06:515][  0]LogConfig: Setting CVar [[r.VolumetricFog:1]]
[2026.05.12-13.39.06:515][  0]LogConfig: Setting CVar [[r.VolumetricFog.GridPixelSize:8]]
[2026.05.12-13.39.06:515][  0]LogConfig: Setting CVar [[r.VolumetricFog.GridSizeZ:128]]
[2026.05.12-13.39.06:515][  0]LogConfig: Setting CVar [[r.VolumetricFog.HistoryMissSupersampleCount:4]]
[2026.05.12-13.39.06:515][  0]LogConfig: Setting CVar [[r.LightMaxDrawDistanceScale:1]]
[2026.05.12-13.39.06:515][  0]LogConfig: Setting CVar [[r.CapsuleShadows:1]]
[2026.05.12-13.39.06:515][  0]LogConfig: Applying CVar settings from Section [PostProcessQuality@3] File [C:/Users/kapil/OneDrive/Documents/Unreal Projects/testTP/Saved/Config/Windows/Scalability.ini]
[2026.05.12-13.39.06:515][  0]LogConfig: Setting CVar [[r.MotionBlurQuality:4]]
[2026.05.12-13.39.06:515][  0]LogConfig: Setting CVar [[r.AmbientOcclusionMipLevelFactor:0.4]]
[2026.05.12-13.39.06:515][  0]LogConfig: Setting CVar [[r.AmbientOcclusionMaxQuality:100]]
[2026.05.12-13.39.06:515][  0]LogConfig: Setting CVar [[r.AmbientOcclusionLevels:-1]]
[2026.05.12-13.39.06:515][  0]LogConfig: Setting CVar [[r.AmbientOcclusionRadiusScale:1.0]]
[2026.05.12-13.39.06:515][  0]LogConfig: Setting CVar [[r.DepthOfFieldQuality:2]]
[2026.05.12-13.39.06:515][  0]LogConfig: Setting CVar [[r.RenderTargetPoolMin:400]]
[2026.05.12-13.39.06:515][  0]LogConfig: Setting CVar [[r.LensFlareQuality:2]]
[2026.05.12-13.39.06:515][  0]LogConfig: Setting CVar [[r.SceneColorFringeQuality:1]]
[2026.05.12-13.39.06:515][  0]LogConfig: Setting CVar [[r.EyeAdaptationQuality:2]]
[2026.05.12-13.39.06:515][  0]LogConfig: Setting CVar [[r.BloomQuality:5]]
[2026.05.12-13.39.06:515][  0]LogConfig: Setting CVar [[r.FastBlurThreshold:100]]
[2026.05.12-13.39.06:515][  0]LogConfig: Setting CVar [[r.Upscale.Quality:3]]
[2026.05.12-13.39.06:515][  0]LogConfig: Setting CVar [[r.Tonemapper.GrainQuantization:1]]
[2026.05.12-13.39.06:515][  0]LogConfig: Setting CVar [[r.LightShaftQuality:1]]
[2026.05.12-13.39.06:515][  0]LogConfig: Setting CVar [[r.Filter.SizeScale:1]]
[2026.05.12-13.39.06:515][  0]LogConfig: Setting CVar [[r.Tonemapper.Quality:5]]
[2026.05.12-13.39.06:515][  0]LogConfig: Setting CVar [[r.DOF.Gather.AccumulatorQuality:1        ; higher gathering accumulator quality]]
[2026.05.12-13.39.06:515][  0]LogConfig: Setting CVar [[r.DOF.Gather.PostfilterMethod:1          ; Median3x3 postfilering method]]
[2026.05.12-13.39.06:515][  0]LogConfig: Setting CVar [[r.DOF.Gather.EnableBokehSettings:0       ; no bokeh simulation when gathering]]
[2026.05.12-13.39.06:515][  0]LogConfig: Setting CVar [[r.DOF.Gather.RingCount:4                 ; medium number of samples when gathering]]
[2026.05.12-13.39.06:515][  0]LogConfig: Setting CVar [[r.DOF.Scatter.ForegroundCompositing:1    ; additive foreground scattering]]
[2026.05.12-13.39.06:515][  0]LogConfig: Setting CVar [[r.DOF.Scatter.BackgroundCompositing:2    ; additive background scattering]]
[2026.05.12-13.39.06:515][  0]LogConfig: Setting CVar [[r.DOF.Scatter.EnableBokehSettings:1      ; bokeh simulation when scattering]]
[2026.05.12-13.39.06:515][  0]LogConfig: Setting CVar [[r.DOF.Scatter.MaxSpriteRatio:0.1         ; only a maximum of 10% of scattered bokeh]]
[2026.05.12-13.39.06:515][  0]LogConfig: Setting CVar [[r.DOF.Recombine.Quality:1                ; cheap slight out of focus]]
[2026.05.12-13.39.06:515][  0]LogConfig: Setting CVar [[r.DOF.Recombine.EnableBokehSettings:0    ; no bokeh simulation on slight out of focus]]
[2026.05.12-13.39.06:515][  0]LogConfig: Setting CVar [[r.DOF.TemporalAAQuality:1                ; more stable temporal accumulation]]
[2026.05.12-13.39.06:515][  0]LogConfig: Setting CVar [[r.DOF.Kernel.MaxForegroundRadius:0.025]]
[2026.05.12-13.39.06:515][  0]LogConfig: Setting CVar [[r.DOF.Kernel.MaxBackgroundRadius:0.025]]
[2026.05.12-13.39.06:515][  0]LogConfig: Applying CVar settings from Section [TextureQuality@3] File [C:/Users/kapil/OneDrive/Documents/Unreal Projects/testTP/Saved/Config/Windows/Scalability.ini]
[2026.05.12-13.39.06:515][  0]LogConfig: Setting CVar [[r.Streaming.MipBias:0]]
[2026.05.12-13.39.06:515][  0]LogConfig: Setting CVar [[r.Streaming.AmortizeCPUToGPUCopy:0]]
[2026.05.12-13.39.06:515][  0]LogConfig: Setting CVar [[r.Streaming.MaxNumTexturesToStreamPerFrame:0]]
[2026.05.12-13.39.06:515][  0]LogConfig: Setting CVar [[r.Streaming.Boost:1]]
[2026.05.12-13.39.06:515][  0]LogConfig: Setting CVar [[r.MaxAnisotropy:8]]
[2026.05.12-13.39.06:515][  0]LogConfig: Setting CVar [[r.VT.MaxAnisotropy:8]]
[2026.05.12-13.39.06:515][  0]LogConfig: Setting CVar [[r.Streaming.LimitPoolSizeToVRAM:0]]
[2026.05.12-13.39.06:515][  0]LogConfig: Setting CVar [[r.Streaming.PoolSize:1000]]
[2026.05.12-13.39.06:515][  0]LogConfig: Setting CVar [[r.Streaming.MaxEffectiveScreenSize:0]]
[2026.05.12-13.39.06:515][  0]LogConfig: Applying CVar settings from Section [EffectsQuality@3] File [C:/Users/kapil/OneDrive/Documents/Unreal Projects/testTP/Saved/Config/Windows/Scalability.ini]
[2026.05.12-13.39.06:515][  0]LogConfig: Setting CVar [[r.TranslucencyLightingVolumeDim:64]]
[2026.05.12-13.39.06:515][  0]LogConfig: Setting CVar [[r.RefractionQuality:2]]
[2026.05.12-13.39.06:515][  0]LogConfig: Setting CVar [[r.SSR.Quality:3]]
[2026.05.12-13.39.06:515][  0]LogConfig: Setting CVar [[r.SSR.HalfResSceneColor:0]]
[2026.05.12-13.39.06:515][  0]LogConfig: Setting CVar [[r.SceneColorFormat:4]]
[2026.05.12-13.39.06:515][  0]LogConfig: Setting CVar [[r.DetailMode:2]]
[2026.05.12-13.39.06:515][  0]LogConfig: Setting CVar [[r.TranslucencyVolumeBlur:1]]
[2026.05.12-13.39.06:515][  0]LogConfig: Setting CVar [[r.MaterialQualityLevel:1 ; High quality]]
[2026.05.12-13.39.06:515][  0]LogConfig: Setting CVar [[r.AnisotropicMaterials:1]]
[2026.05.12-13.39.06:515][  0]LogConfig: Setting CVar [[r.SSS.Scale:1]]
[2026.05.12-13.39.06:515][  0]LogConfig: Setting CVar [[r.SSS.SampleSet:2]]
[2026.05.12-13.39.06:515][  0]LogConfig: Setting CVar [[r.SSS.Quality:1]]
[2026.05.12-13.39.06:515][  0]LogConfig: Setting CVar [[r.SSS.HalfRes:0]]
[2026.05.12-13.39.06:515][  0]LogConfig: Setting CVar [[r.SSGI.Quality:3]]
[2026.05.12-13.39.06:515][  0]LogConfig: Setting CVar [[r.EmitterSpawnRateScale:1.0]]
[2026.05.12-13.39.06:515][  0]LogConfig: Setting CVar [[r.ParticleLightQuality:2]]
[2026.05.12-13.39.06:515][  0]LogConfig: Setting CVar [[r.SkyAtmosphere.AerialPerspectiveLUT.FastApplyOnOpaque:1 ; Always have FastSkyLUT 1 in this case to avoid wrong sky]]
[2026.05.12-13.39.06:515][  0]LogConfig: Setting CVar [[r.SkyAtmosphere.AerialPerspectiveLUT.SampleCountMaxPerSlice:4]]
[2026.05.12-13.39.06:515][  0]LogConfig: Setting CVar [[r.SkyAtmosphere.AerialPerspectiveLUT.DepthResolution:16.0]]
[2026.05.12-13.39.06:515][  0]LogConfig: Setting CVar [[r.SkyAtmosphere.FastSkyLUT:1]]
[2026.05.12-13.39.06:515][  0]LogConfig: Setting CVar [[r.SkyAtmosphere.FastSkyLUT.SampleCountMin:4.0]]
[2026.05.12-13.39.06:515][  0]LogConfig: Setting CVar [[r.SkyAtmosphere.FastSkyLUT.SampleCountMax:128.0]]
[2026.05.12-13.39.06:515][  0]LogConfig: Setting CVar [[r.SkyAtmosphere.SampleCountMin:4.0]]
[2026.05.12-13.39.06:515][  0]LogConfig: Setting CVar [[r.SkyAtmosphere.SampleCountMax:128.0]]
[2026.05.12-13.39.06:515][  0]LogConfig: Setting CVar [[r.SkyAtmosphere.TransmittanceLUT.UseSmallFormat:0]]
[2026.05.12-13.39.06:515][  0]LogConfig: Setting CVar [[r.SkyAtmosphere.TransmittanceLUT.SampleCount:10.0]]
[2026.05.12-13.39.06:515][  0]LogConfig: Setting CVar [[r.SkyAtmosphere.MultiScatteringLUT.SampleCount:15.0]]
[2026.05.12-13.39.06:515][  0]LogConfig: Setting CVar [[r.SkyLight.RealTimeReflectionCapture:1]]
[2026.05.12-13.39.06:515][  0]LogConfig: Applying CVar settings from Section [FoliageQuality@3] File [C:/Users/kapil/OneDrive/Documents/Unreal Projects/testTP/Saved/Config/Windows/Scalability.ini]
[2026.05.12-13.39.06:515][  0]LogConfig: Setting CVar [[foliage.DensityScale:1.0]]
[2026.05.12-13.39.06:515][  0]LogConfig: Setting CVar [[grass.DensityScale:1.0]]
[2026.05.12-13.39.06:515][  0]LogConfig: Applying CVar settings from Section [ShadingQuality@3] File [C:/Users/kapil/OneDrive/Documents/Unreal Projects/testTP/Saved/Config/Windows/Scalability.ini]
[2026.05.12-13.39.06:515][  0]LogConfig: Setting CVar [[r.HairStrands.SkyLighting.IntegrationType:2]]
[2026.05.12-13.39.06:515][  0]LogConfig: Setting CVar [[r.HairStrands.SkyAO.SampleCount:4]]
[2026.05.12-13.39.06:515][  0]LogConfig: Setting CVar [[r.HairStrands.Visibility.MSAA.SamplePerPixel:4]]
[2026.05.12-13.39.06:515][  0]LogInit: Selected Device Profile: [Windows]
[2026.05.12-13.39.06:515][  0]LogInit: Applying CVar settings loaded from the selected device profile: [Windows]
[2026.05.12-13.39.06:515][  0]LogHAL: Display: Platform has ~ 16 GB [16849256448 / 17179869184 / 16], which maps to Larger [LargestMinGB=32, LargerMinGB=12, DefaultMinGB=8, SmallerMinGB=6, SmallestMinGB=0)
[2026.05.12-13.39.06:515][  0]LogInit: Going up to parent DeviceProfile []
[2026.05.12-13.39.06:515][  0]LogConfig: Applying CVar settings from Section [ViewDistanceQuality@3] File [C:/Users/kapil/OneDrive/Documents/Unreal Projects/testTP/Saved/Config/Windows/Scalability.ini]
[2026.05.12-13.39.06:515][  0]LogConfig: Setting CVar [[r.SkeletalMeshLODBias:0]]
[2026.05.12-13.39.06:515][  0]LogConfig: Setting CVar [[r.ViewDistanceScale:1.0]]
[2026.05.12-13.39.06:515][  0]LogConfig: Applying CVar settings from Section [AntiAliasingQuality@3] File [C:/Users/kapil/OneDrive/Documents/Unreal Projects/testTP/Saved/Config/Windows/Scalability.ini]
[2026.05.12-13.39.06:515][  0]LogConfig: Setting CVar [[r.PostProcessAAQuality:4]]
[2026.05.12-13.39.06:515][  0]LogConfig: Applying CVar settings from Section [ShadowQuality@3] File [C:/Users/kapil/OneDrive/Documents/Unreal Projects/testTP/Saved/Config/Windows/Scalability.ini]
[2026.05.12-13.39.06:515][  0]LogConfig: Setting CVar [[r.LightFunctionQuality:1]]
[2026.05.12-13.39.06:515][  0]LogConfig: Setting CVar [[r.ShadowQuality:5]]
[2026.05.12-13.39.06:515][  0]LogConfig: Setting CVar [[r.Shadow.CSM.MaxCascades:10]]
[2026.05.12-13.39.06:515][  0]LogConfig: Setting CVar [[r.Shadow.MaxResolution:2048]]
[2026.05.12-13.39.06:515][  0]LogConfig: Setting CVar [[r.Shadow.MaxCSMResolution:2048]]
[2026.05.12-13.39.06:515][  0]LogConfig: Setting CVar [[r.Shadow.RadiusThreshold:0.01]]
[2026.05.12-13.39.06:515][  0]LogConfig: Setting CVar [[r.Shadow.DistanceScale:1.0]]
[2026.05.12-13.39.06:515][  0]LogConfig: Setting CVar [[r.Shadow.CSM.TransitionScale:1.0]]
[2026.05.12-13.39.06:515][  0]LogConfig: Setting CVar [[r.Shadow.PreShadowResolutionFactor:1.0]]
[2026.05.12-13.39.06:515][  0]LogConfig: Setting CVar [[r.DistanceFieldShadowing:1]]
[2026.05.12-13.39.06:515][  0]LogConfig: Setting CVar [[r.DistanceFieldAO:1]]
[2026.05.12-13.39.06:515][  0]LogConfig: Setting CVar [[r.AOQuality:2]]
[2026.05.12-13.39.06:515][  0]LogConfig: Setting CVar [[r.VolumetricFog:1]]
[2026.05.12-13.39.06:515][  0]LogConfig: Setting CVar [[r.VolumetricFog.GridPixelSize:8]]
[2026.05.12-13.39.06:515][  0]LogConfig: Setting CVar [[r.VolumetricFog.GridSizeZ:128]]
[2026.05.12-13.39.06:515][  0]LogConfig: Setting CVar [[r.VolumetricFog.HistoryMissSupersampleCount:4]]
[2026.05.12-13.39.06:515][  0]LogConfig: Setting CVar [[r.LightMaxDrawDistanceScale:1]]
[2026.05.12-13.39.06:515][  0]LogConfig: Setting CVar [[r.CapsuleShadows:1]]
[2026.05.12-13.39.06:515][  0]LogConfig: Applying CVar settings from Section [PostProcessQuality@3] File [C:/Users/kapil/OneDrive/Documents/Unreal Projects/testTP/Saved/Config/Windows/Scalability.ini]
[2026.05.12-13.39.06:515][  0]LogConfig: Setting CVar [[r.MotionBlurQuality:4]]
[2026.05.12-13.39.06:515][  0]LogConfig: Setting CVar [[r.AmbientOcclusionMipLevelFactor:0.4]]
[2026.05.12-13.39.06:515][  0]LogConfig: Setting CVar [[r.AmbientOcclusionMaxQuality:100]]
[2026.05.12-13.39.06:515][  0]LogConfig: Setting CVar [[r.AmbientOcclusionLevels:-1]]
[2026.05.12-13.39.06:515][  0]LogConfig: Setting CVar [[r.AmbientOcclusionRadiusScale:1.0]]
[2026.05.12-13.39.06:515][  0]LogConfig: Setting CVar [[r.DepthOfFieldQuality:2]]
[2026.05.12-13.39.06:515][  0]LogConfig: Setting CVar [[r.RenderTargetPoolMin:400]]
[2026.05.12-13.39.06:515][  0]LogConfig: Setting CVar [[r.LensFlareQuality:2]]
[2026.05.12-13.39.06:515][  0]LogConfig: Setting CVar [[r.SceneColorFringeQuality:1]]
[2026.05.12-13.39.06:515][  0]LogConfig: Setting CVar [[r.EyeAdaptationQuality:2]]
[2026.05.12-13.39.06:515][  0]LogConfig: Setting CVar [[r.BloomQuality:5]]
[2026.05.12-13.39.06:515][  0]LogConfig: Setting CVar [[r.FastBlurThreshold:100]]
[2026.05.12-13.39.06:515][  0]LogConfig: Setting CVar [[r.Upscale.Quality:3]]
[2026.05.12-13.39.06:515][  0]LogConfig: Setting CVar [[r.Tonemapper.GrainQuantization:1]]
[2026.05.12-13.39.06:515][  0]LogConfig: Setting CVar [[r.LightShaftQuality:1]]
[2026.05.12-13.39.06:515][  0]LogConfig: Setting CVar [[r.Filter.SizeScale:1]]
[2026.05.12-13.39.06:515][  0]LogConfig: Setting CVar [[r.Tonemapper.Quality:5]]
[2026.05.12-13.39.06:515][  0]LogConfig: Setting CVar [[r.DOF.Gather.AccumulatorQuality:1        ; higher gathering accumulator quality]]
[2026.05.12-13.39.06:515][  0]LogConfig: Setting CVar [[r.DOF.Gather.PostfilterMethod:1          ; Median3x3 postfilering method]]
[2026.05.12-13.39.06:515][  0]LogConfig: Setting CVar [[r.DOF.Gather.EnableBokehSettings:0       ; no bokeh simulation when gathering]]
[2026.05.12-13.39.06:515][  0]LogConfig: Setting CVar [[r.DOF.Gather.RingCount:4                 ; medium number of samples when gathering]]
[2026.05.12-13.39.06:515][  0]LogConfig: Setting CVar [[r.DOF.Scatter.ForegroundCompositing:1    ; additive foreground scattering]]
[2026.05.12-13.39.06:515][  0]LogConfig: Setting CVar [[r.DOF.Scatter.BackgroundCompositing:2    ; additive background scattering]]
[2026.05.12-13.39.06:515][  0]LogConfig: Setting CVar [[r.DOF.Scatter.EnableBokehSettings:1      ; bokeh simulation when scattering]]
[2026.05.12-13.39.06:515][  0]LogConfig: Setting CVar [[r.DOF.Scatter.MaxSpriteRatio:0.1         ; only a maximum of 10% of scattered bokeh]]
[2026.05.12-13.39.06:515][  0]LogConfig: Setting CVar [[r.DOF.Recombine.Quality:1                ; cheap slight out of focus]]
[2026.05.12-13.39.06:515][  0]LogConfig: Setting CVar [[r.DOF.Recombine.EnableBokehSettings:0    ; no bokeh simulation on slight out of focus]]
[2026.05.12-13.39.06:515][  0]LogConfig: Setting CVar [[r.DOF.TemporalAAQuality:1                ; more stable temporal accumulation]]
[2026.05.12-13.39.06:515][  0]LogConfig: Setting CVar [[r.DOF.Kernel.MaxForegroundRadius:0.025]]
[2026.05.12-13.39.06:515][  0]LogConfig: Setting CVar [[r.DOF.Kernel.MaxBackgroundRadius:0.025]]
[2026.05.12-13.39.06:515][  0]LogConfig: Applying CVar settings from Section [TextureQuality@3] File [C:/Users/kapil/OneDrive/Documents/Unreal Projects/testTP/Saved/Config/Windows/Scalability.ini]
[2026.05.12-13.39.06:515][  0]LogConfig: Setting CVar [[r.Streaming.MipBias:0]]
[2026.05.12-13.39.06:515][  0]LogConfig: Setting CVar [[r.Streaming.AmortizeCPUToGPUCopy:0]]
[2026.05.12-13.39.06:515][  0]LogConfig: Setting CVar [[r.Streaming.MaxNumTexturesToStreamPerFrame:0]]
[2026.05.12-13.39.06:515][  0]LogConfig: Setting CVar [[r.Streaming.Boost:1]]
[2026.05.12-13.39.06:515][  0]LogConfig: Setting CVar [[r.MaxAnisotropy:8]]
[2026.05.12-13.39.06:515][  0]LogConfig: Setting CVar [[r.VT.MaxAnisotropy:8]]
[2026.05.12-13.39.06:515][  0]LogConfig: Setting CVar [[r.Streaming.LimitPoolSizeToVRAM:0]]
[2026.05.12-13.39.06:515][  0]LogConfig: Setting CVar [[r.Streaming.PoolSize:1000]]
[2026.05.12-13.39.06:515][  0]LogConfig: Setting CVar [[r.Streaming.MaxEffectiveScreenSize:0]]
[2026.05.12-13.39.06:515][  0]LogConfig: Applying CVar settings from Section [EffectsQuality@3] File [C:/Users/kapil/OneDrive/Documents/Unreal Projects/testTP/Saved/Config/Windows/Scalability.ini]
[2026.05.12-13.39.06:515][  0]LogConfig: Setting CVar [[r.TranslucencyLightingVolumeDim:64]]
[2026.05.12-13.39.06:515][  0]LogConfig: Setting CVar [[r.RefractionQuality:2]]
[2026.05.12-13.39.06:515][  0]LogConfig: Setting CVar [[r.SSR.Quality:3]]
[2026.05.12-13.39.06:515][  0]LogConfig: Setting CVar [[r.SSR.HalfResSceneColor:0]]
[2026.05.12-13.39.06:515][  0]LogConfig: Setting CVar [[r.SceneColorFormat:4]]
[2026.05.12-13.39.06:515][  0]LogConfig: Setting CVar [[r.DetailMode:2]]
[2026.05.12-13.39.06:515][  0]LogConfig: Setting CVar [[r.TranslucencyVolumeBlur:1]]
[2026.05.12-13.39.06:515][  0]LogConfig: Setting CVar [[r.MaterialQualityLevel:1 ; High quality]]
[2026.05.12-13.39.06:515][  0]LogConfig: Setting CVar [[r.AnisotropicMaterials:1]]
[2026.05.12-13.39.06:515][  0]LogConfig: Setting CVar [[r.SSS.Scale:1]]
[2026.05.12-13.39.06:515][  0]LogConfig: Setting CVar [[r.SSS.SampleSet:2]]
[2026.05.12-13.39.06:515][  0]LogConfig: Setting CVar [[r.SSS.Quality:1]]
[2026.05.12-13.39.06:515][  0]LogConfig: Setting CVar [[r.SSS.HalfRes:0]]
[2026.05.12-13.39.06:515][  0]LogConfig: Setting CVar [[r.SSGI.Quality:3]]
[2026.05.12-13.39.06:515][  0]LogConfig: Setting CVar [[r.EmitterSpawnRateScale:1.0]]
[2026.05.12-13.39.06:515][  0]LogConfig: Setting CVar [[r.ParticleLightQuality:2]]
[2026.05.12-13.39.06:515][  0]LogConfig: Setting CVar [[r.SkyAtmosphere.AerialPerspectiveLUT.FastApplyOnOpaque:1 ; Always have FastSkyLUT 1 in this case to avoid wrong sky]]
[2026.05.12-13.39.06:515][  0]LogConfig: Setting CVar [[r.SkyAtmosphere.AerialPerspectiveLUT.SampleCountMaxPerSlice:4]]
[2026.05.12-13.39.06:515][  0]LogConfig: Setting CVar [[r.SkyAtmosphere.AerialPerspectiveLUT.DepthResolution:16.0]]
[2026.05.12-13.39.06:515][  0]LogConfig: Setting CVar [[r.SkyAtmosphere.FastSkyLUT:1]]
[2026.05.12-13.39.06:515][  0]LogConfig: Setting CVar [[r.SkyAtmosphere.FastSkyLUT.SampleCountMin:4.0]]
[2026.05.12-13.39.06:515][  0]LogConfig: Setting CVar [[r.SkyAtmosphere.FastSkyLUT.SampleCountMax:128.0]]
[2026.05.12-13.39.06:516][  0]LogConfig: Setting CVar [[r.SkyAtmosphere.SampleCountMin:4.0]]
[2026.05.12-13.39.06:516][  0]LogConfig: Setting CVar [[r.SkyAtmosphere.SampleCountMax:128.0]]
[2026.05.12-13.39.06:516][  0]LogConfig: Setting CVar [[r.SkyAtmosphere.TransmittanceLUT.UseSmallFormat:0]]
[2026.05.12-13.39.06:516][  0]LogConfig: Setting CVar [[r.SkyAtmosphere.TransmittanceLUT.SampleCount:10.0]]
[2026.05.12-13.39.06:516][  0]LogConfig: Setting CVar [[r.SkyAtmosphere.MultiScatteringLUT.SampleCount:15.0]]
[2026.05.12-13.39.06:516][  0]LogConfig: Setting CVar [[r.SkyLight.RealTimeReflectionCapture:1]]
[2026.05.12-13.39.06:516][  0]LogConfig: Applying CVar settings from Section [FoliageQuality@3] File [C:/Users/kapil/OneDrive/Documents/Unreal Projects/testTP/Saved/Config/Windows/Scalability.ini]
[2026.05.12-13.39.06:516][  0]LogConfig: Setting CVar [[foliage.DensityScale:1.0]]
[2026.05.12-13.39.06:516][  0]LogConfig: Setting CVar [[grass.DensityScale:1.0]]
[2026.05.12-13.39.06:516][  0]LogConfig: Applying CVar settings from Section [ShadingQuality@3] File [C:/Users/kapil/OneDrive/Documents/Unreal Projects/testTP/Saved/Config/Windows/Scalability.ini]
[2026.05.12-13.39.06:516][  0]LogConfig: Setting CVar [[r.HairStrands.SkyLighting.IntegrationType:2]]
[2026.05.12-13.39.06:516][  0]LogConfig: Setting CVar [[r.HairStrands.SkyAO.SampleCount:4]]
[2026.05.12-13.39.06:516][  0]LogConfig: Setting CVar [[r.HairStrands.Visibility.MSAA.SamplePerPixel:4]]
[2026.05.12-13.39.06:516][  0]LogConfig: Applying CVar settings from Section [Startup] File [../../../Engine/Config/ConsoleVariables.ini]
[2026.05.12-13.39.06:516][  0]LogConfig: Setting CVar [[net.UseAdaptiveNetUpdateFrequency:0]]
[2026.05.12-13.39.06:516][  0]LogConfig: Setting CVar [[p.chaos.AllowCreatePhysxBodies:1]]
[2026.05.12-13.39.06:516][  0]LogConfig: Setting CVar [[fx.SkipVectorVMBackendOptimizations:1]]
[2026.05.12-13.39.06:516][  0]LogConfig: Applying CVar settings from Section [ConsoleVariables] File [C:/Users/kapil/OneDrive/Documents/Unreal Projects/testTP/Saved/Config/Windows/Engine.ini]
[2026.05.12-13.39.06:516][  0]LogConfig: Applying CVar settings from Section [ConsoleVariables] File [C:/Users/kapil/OneDrive/Documents/Unreal Projects/testTP/Saved/Config/Windows/Editor.ini]
[2026.05.12-13.39.06:516][  0]LogInit: Computer: IMMERSEDEMOM5
[2026.05.12-13.39.06:516][  0]LogInit: User: kapil
[2026.05.12-13.39.06:516][  0]LogInit: CPU Page size=4096, Cores=14
[2026.05.12-13.39.06:516][  0]LogInit: High frequency timer resolution =10.000000 MHz
[2026.05.12-13.39.06:516][  0]LogMemory: Memory total: Physical=15.7GB (16GB approx)
[2026.05.12-13.39.06:516][  0]LogMemory: Platform Memory Stats for Windows
[2026.05.12-13.39.06:516][  0]LogMemory: Process Physical Memory: 152.24 MB used, 152.24 MB peak
[2026.05.12-13.39.06:516][  0]LogMemory: Process Virtual Memory: 131.29 MB used, 131.29 MB peak
[2026.05.12-13.39.06:516][  0]LogMemory: Physical Memory: 11454.99 MB used,  4613.71 MB free, 16068.70 MB total
[2026.05.12-13.39.06:516][  0]LogMemory: Virtual Memory: 134210296.00 MB used,  7432.59 MB free, 134217728.00 MB total
[2026.05.12-13.39.06:521][  0]LogWindows: WindowsPlatformFeatures enabled
[2026.05.12-13.39.06:555][  0]LogInit: Physics initialised using underlying interface: PhysX
[2026.05.12-13.39.06:556][  0]LogInit: Using OS detected language (en-US).
[2026.05.12-13.39.06:557][  0]LogInit: Using OS detected locale (en-US).
[2026.05.12-13.39.06:562][  0]LogTextLocalizationManager: No specific localization for 'en-US' exists, so the 'en' localization will be used.
[2026.05.12-13.39.06:703][  0]LogWindowsTextInputMethodSystem: Display: IME system deactivated.
[2026.05.12-13.39.06:713][  0]LogSlate: New Slate User Created.  User Index 0, Is Virtual User: 0
[2026.05.12-13.39.06:713][  0]LogSlate: Slate User Registered.  User Index 0, Is Virtual User: 0
[2026.05.12-13.39.06:721][  0]LogD3D11RHI: Loaded GFSDK_Aftermath_Lib.x64.dll
[2026.05.12-13.39.06:763][  0]LogHMD: Failed to initialize OpenVR with code 110
[2026.05.12-13.39.06:763][  0]LogD3D11RHI: D3D11 min allowed feature level: 11_0
[2026.05.12-13.39.06:763][  0]LogD3D11RHI: D3D11 max allowed feature level: 11_0
[2026.05.12-13.39.06:763][  0]LogD3D11RHI: D3D11 adapters:
[2026.05.12-13.39.06:918][  0]LogD3D11RHI:    0. 'NVIDIA GeForce RTX 4060 Laptop GPU' (Feature Level 11_0)
[2026.05.12-13.39.06:918][  0]LogD3D11RHI:       7957/0/8034 MB DedicatedVideo/DedicatedSystem/SharedSystem, Outputs:1, VendorId:0x10de
[2026.05.12-13.39.06:942][  0]LogD3D11RHI:    1. 'Intel(R) UHD Graphics' (Feature Level 11_0)
[2026.05.12-13.39.06:942][  0]LogD3D11RHI:       128/0/8034 MB DedicatedVideo/DedicatedSystem/SharedSystem, Outputs:0, VendorId:0x8086
[2026.05.12-13.39.06:945][  0]LogD3D11RHI:    2. 'Microsoft Basic Render Driver' (Feature Level 11_0)
[2026.05.12-13.39.06:945][  0]LogD3D11RHI:       0/0/8034 MB DedicatedVideo/DedicatedSystem/SharedSystem, Outputs:0, VendorId:0x1414
[2026.05.12-13.39.06:945][  0]LogD3D11RHI: Chosen D3D11 Adapter:
[2026.05.12-13.39.06:945][  0]LogD3D11RHI:     Description : NVIDIA GeForce RTX 4060 Laptop GPU
[2026.05.12-13.39.06:945][  0]LogD3D11RHI:     VendorId    : 10de
[2026.05.12-13.39.06:945][  0]LogD3D11RHI:     DeviceId    : 28e0
[2026.05.12-13.39.06:945][  0]LogD3D11RHI:     SubSysId    : bf81028
[2026.05.12-13.39.06:945][  0]LogD3D11RHI:     Revision    : 00a1
[2026.05.12-13.39.06:945][  0]LogD3D11RHI:     DedicatedVideoMemory : 8343519232 bytes
[2026.05.12-13.39.06:945][  0]LogD3D11RHI:     DedicatedSystemMemory : 0 bytes
[2026.05.12-13.39.06:946][  0]LogD3D11RHI:     SharedSystemMemory : 8424628224 bytes
[2026.05.12-13.39.06:946][  0]LogD3D11RHI:     AdapterLuid : 0 75339
[2026.05.12-13.39.06:953][  0]LogD3D11RHI: Creating new Direct3DDevice
[2026.05.12-13.39.06:953][  0]LogD3D11RHI:     GPU DeviceId: 0x28e0 (for the marketing name, search the web for "GPU Device Id")
[2026.05.12-13.39.06:953][  0]LogWindows: EnumDisplayDevices:
[2026.05.12-13.39.06:953][  0]LogWindows:    0. 'Intel(R) UHD Graphics' (P:1 D:1)
[2026.05.12-13.39.06:953][  0]LogWindows:    1. 'Intel(R) UHD Graphics' (P:0 D:0)
[2026.05.12-13.39.06:953][  0]LogWindows:    2. 'Intel(R) UHD Graphics' (P:0 D:0)
[2026.05.12-13.39.06:953][  0]LogWindows:    3. 'Intel(R) UHD Graphics' (P:0 D:0)
[2026.05.12-13.39.06:954][  0]LogWindows:    4. 'NVIDIA GeForce RTX 4060 Laptop GPU' (P:0 D:0)
[2026.05.12-13.39.06:954][  0]LogWindows: DebugString: PrimaryIsNotTheChoosenAdapter PrimaryIsNotTheChoosenAdapter PrimaryIsNotTheChoosenAdapter PrimaryIsNotTheChoosenAdapter 
[2026.05.12-13.39.06:954][  0]LogD3D11RHI:     Adapter Name: NVIDIA GeForce RTX 4060 Laptop GPU
[2026.05.12-13.39.06:954][  0]LogD3D11RHI:   Driver Version: 581.95 (internal:32.0.15.8195, unified:581.95)
[2026.05.12-13.39.06:954][  0]LogD3D11RHI:      Driver Date: 11-18-2025
[2026.05.12-13.39.06:954][  0]LogRHI: Texture pool is 5569 MB (70% of 7957 MB)
[2026.05.12-13.39.06:954][  0]LogD3D11RHI: Creating D3DDevice using adapter:
[2026.05.12-13.39.06:954][  0]LogD3D11RHI:     Description : NVIDIA GeForce RTX 4060 Laptop GPU
[2026.05.12-13.39.06:954][  0]LogD3D11RHI:     VendorId    : 10de
[2026.05.12-13.39.06:954][  0]LogD3D11RHI:     DeviceId    : 28e0
[2026.05.12-13.39.06:954][  0]LogD3D11RHI:     SubSysId    : bf81028
[2026.05.12-13.39.06:954][  0]LogD3D11RHI:     Revision    : 00a1
[2026.05.12-13.39.06:954][  0]LogD3D11RHI:     DedicatedVideoMemory : 8343519232 bytes
[2026.05.12-13.39.06:954][  0]LogD3D11RHI:     DedicatedSystemMemory : 0 bytes
[2026.05.12-13.39.06:954][  0]LogD3D11RHI:     SharedSystemMemory : 8424628224 bytes
[2026.05.12-13.39.06:954][  0]LogD3D11RHI:     AdapterLuid : 0 75339
[2026.05.12-13.39.07:071][  0]LogD3D11RHI: RHI has support for 64 bit atomics
[2026.05.12-13.39.07:071][  0]LogD3D11RHI: Async texture creation enabled
[2026.05.12-13.39.07:071][  0]LogD3D11RHI: Array index from any shader is supported
[2026.05.12-13.39.07:083][  0]LogD3D11RHI: GPU Timing Frequency: 1000.000000 (Debug: 2 1)
[2026.05.12-13.39.07:113][  0]LogRHI: GeForceNow SDK initialized: 1
[2026.05.12-13.39.07:334][  0]LogTargetPlatformManager: Display: Loaded TargetPlatform 'WindowsNoEditor'
[2026.05.12-13.39.07:337][  0]LogTargetPlatformManager: Display: Loaded TargetPlatform 'Windows'
[2026.05.12-13.39.07:340][  0]LogTargetPlatformManager: Display: Loaded TargetPlatform 'WindowsClient'
[2026.05.12-13.39.07:344][  0]LogTargetPlatformManager: Display: Loaded TargetPlatform 'WindowsServer'
[2026.05.12-13.39.07:344][  0]LogTargetPlatformManager: Display: Building Assets For Windows
[2026.05.12-13.39.07:349][  0]LogAudioDebug: Display: Lib vorbis DLL was dynamically loaded.
[2026.05.12-13.39.07:372][  0]LogTextureFormatOodle: Display: Oodle Texture 2.9.0 init RDO Off
[2026.05.12-13.39.07:395][  0]LogRendererCore: Ray tracing is disabled. Reason: r.RayTracing=0.
[2026.05.12-13.39.07:395][  0]LogShaderCompilers: Guid format shader working directory is -26 characters bigger than the processId version (../../../../../../Users/kapil/OneDrive/Documents/Unreal Projects/testTP/Intermediate/Shaders/WorkingDirectory/37768/).
[2026.05.12-13.39.07:395][  0]LogShaderCompilers: Cleaned the shader compiler working directory 'C:/Users/kapil/AppData/Local/Temp/UnrealShaderWorkingDir/B79BE592468474DD51C3E582B390C3E9/'.
[2026.05.12-13.39.07:395][  0]LogXGEController: Cannot use XGE Controller as Incredibuild is not installed on this machine.
[2026.05.12-13.39.07:396][  0]LogShaderCompilers: Cannot use XGE Shader Compiler as Incredibuild is not installed on this machine.
[2026.05.12-13.39.07:396][  0]LogShaderCompilers: Display: Using Local Shader Compiler.
[2026.05.12-13.39.07:966][  0]LogDerivedDataCache: Display: Max Cache Size: 512 MB
[2026.05.12-13.39.08:011][  0]LogDerivedDataCache: Loaded boot cache 0.04s 94MB C:/Users/kapil/AppData/Local/UnrealEngine/4.27/DerivedDataCache/Boot.ddc.
[2026.05.12-13.39.08:011][  0]LogDerivedDataCache: Display: Loaded Boot cache: C:/Users/kapil/AppData/Local/UnrealEngine/4.27/DerivedDataCache/Boot.ddc
[2026.05.12-13.39.08:012][  0]LogDerivedDataCache: FDerivedDataBackendGraph:  Pak pak cache file ../../../../../../Users/kapil/OneDrive/Documents/Unreal Projects/testTP/DerivedDataCache/DDC.ddp not found, will not use a pak cache.
[2026.05.12-13.39.08:012][  0]LogDerivedDataCache: Unable to find inner node Pak for hierarchical cache Hierarchy.
[2026.05.12-13.39.08:012][  0]LogDerivedDataCache: FDerivedDataBackendGraph:  CompressedPak pak cache file ../../../../../../Users/kapil/OneDrive/Documents/Unreal Projects/testTP/DerivedDataCache/Compressed.ddp not found, will not use a pak cache.
[2026.05.12-13.39.08:012][  0]LogDerivedDataCache: Unable to find inner node CompressedPak for hierarchical cache Hierarchy.
[2026.05.12-13.39.08:024][  0]LogDerivedDataCache: Display: Pak cache opened for reading ../../../Engine/DerivedDataCache/Compressed.ddp.
[2026.05.12-13.39.08:025][  0]LogDerivedDataCache: FDerivedDataBackendGraph:  EnterprisePak pak cache file ../../../Enterprise/DerivedDataCache/Compressed.ddp not found, will not use a pak cache.
[2026.05.12-13.39.08:025][  0]LogDerivedDataCache: Unable to find inner node EnterprisePak for hierarchical cache Hierarchy.
[2026.05.12-13.39.08:031][  0]LogDerivedDataCache: Speed tests for C:/Users/kapil/AppData/Local/UnrealEngine/Common/DerivedDataCache took 0.01 seconds
[2026.05.12-13.39.08:031][  0]LogDerivedDataCache: Display: Performance to C:/Users/kapil/AppData/Local/UnrealEngine/Common/DerivedDataCache: Latency=0.03ms. RandomReadSpeed=1373.04MBs, RandomWriteSpeed=168.50MBs. Assigned SpeedClass 'Local'
[2026.05.12-13.39.08:032][  0]LogDerivedDataCache: Using Local data cache path C:/Users/kapil/AppData/Local/UnrealEngine/Common/DerivedDataCache: Writable
[2026.05.12-13.39.08:032][  0]LogDerivedDataCache: Shared data cache path not found in *engine.ini, will not use an Shared cache.
[2026.05.12-13.39.08:033][  0]LogDerivedDataCache: Unable to find inner node Shared for hierarchical cache Hierarchy.
[2026.05.12-13.39.08:058][  0]LogSlate: Using FreeType 2.10.0
[2026.05.12-13.39.08:058][  0]LogSlate: SlateFontServices - WITH_FREETYPE: 1, WITH_HARFBUZZ: 1
[2026.05.12-13.39.08:094][  0]LogInit: Using OS detected language (en-US).
[2026.05.12-13.39.08:094][  0]LogInit: Using OS detected locale (en-US).
[2026.05.12-13.39.08:094][  0]LogTextLocalizationManager: No localization for 'en-US' exists, so 'en' will be used for the language.
[2026.05.12-13.39.08:094][  0]LogTextLocalizationManager: No localization for 'en-US' exists, so 'en' will be used for the locale.
[2026.05.12-13.39.08:094][  0]LogSlate: FontCache flush requested. Reason: Culture for localization was changed
[2026.05.12-13.39.08:094][  0]LogSlate: FontCache flush requested. Reason: Culture for localization was changed
[2026.05.12-13.39.08:096][  0]LogTextLocalizationManager: Compacting localization data took   0.01ms
[2026.05.12-13.39.08:096][  0]LogAssetRegistry: FAssetRegistry took 0.0012 seconds to start up
[2026.05.12-13.39.08:226][  0]LogPackageLocalizationCache: Processed 28 localized package path(s) for 1 prioritized culture(s) in 0.023782 seconds
[2026.05.12-13.39.08:273][  0]LogInit: Selected Device Profile: [Windows]
[2026.05.12-13.39.08:273][  0]LogInit: Active device profile: [000002A0798DF800][000002A06F831900 49] Windows
[2026.05.12-13.39.08:273][  0]LogInit: Profiles: [000002A0798DF800][000002A06F831900 49] Windows, [000002A0798A0A00][000002A06F839A80 49] WindowsNoEditor, [000002A0798DCA00][000002A06F83DC00 49] WindowsServer, [000002A0798A2F00][000002A05B62A200 49] WindowsClient, [000002A0798DEE00][000002A05B62E380 49] IOS, [000002A0798A1400][000002A05B632500 49] iPadAir, [000002A0798DD300][000002A05B636680 49] iPadAir2, [000002A079837D00][000002A05B63E940 49] IPadPro, [000002A079837E00][000002A05B63A980 49] iPadAir3, [000002A0798DE700][000002A05B642B00 49] iPadAir4, [000002A079834F00][000002A072980C80 49] iPadMini2, [000002A0798DD800][000002A072984E00 49] iPadMini3, [000002A079836900][000002A072988F80 49] iPadMini4, [000002A0798DC200][000002A07298D100 49] iPadMini5, [000002A079893600][000002A0729953C0 49] iPhone6, [000002A079893700][000002A072991400 49] iPodTouch6, [000002A079835000][000002A072999640 49] iPhone7, [000002A079835100][000002A06F835680 49] iPodTouch7, [000002A079890E00][000002A07299D7C0 49] iPhone5S, [000002A079836C00][000002A0729A1900 49] iPhone6Plus, [000002A079892A00][000002A0729A9A80 49] iPhone6S, [000002A079837A00][000002A0729ADC00 49] iPhone6SPlus, [000002A079891700][000002A0729B0200 49] iPhone7Plus, [000002A079834600][000002A0729B4380 49] iPhoneSE, [000002A079892100][000002A0729B8500 49] iPhone8, [000002A079836F00][000002A0729BC680 49] iPhone8Plus, [000002A079893100][000002A0730BA800 49] iPhoneX, [000002A079834900][000002A0730BE980 49] iPhoneXS, [000002A079890F00][000002A0730C2B00 49] iPhoneXSMax, [000002A079837600][000002A0730C6C80 49] iPhoneXR, [000002A079891D00][000002A0730CAE00 49] iPhone11, [000002A079835E00][000002A0730CEF80 49] iPhone11Pro, [000002A079893200][000002A0730D3100 49] iPhone11ProMax, [000002A079836E00][000002A0730D7280 49] iPhoneSE2, [000002A079892D00][000002A0730DB400 49] iPhone12Mini, [000002A079837C00][000002A0730DF580 49] iPhone12, [000002A079890C00][000002A0729A56C0 49] iPhone12Pro, [000002A079834800][000002A0730E3800 49] iPhone12ProMax, [000002A079891500][000002A0730E7940 49] iPadPro105, [000002A079834B00][000002A0730EBA80 49] iPadPro129, [000002A079890700][000002A0730F3C00 49] iPadPro97, [000002A079837B00][000002A0730F6200 49] iPadPro2_129, [000002A079893300][000002A0730FA380 49] iPad5, [000002A079837100][000002A0730FE500 49] iPad6, [000002A079893000][000002A073102680 49] iPad7, [000002A079834400][000002A07252A800 49] iPad8, [000002A079891600][000002A07252E980 49] iPadPro11, [000002A079835200][000002A072532B00 49] iPadPro2_11, [000002A079892E00][000002A072536C80 49] iPadPro3_129, [000002A079834300][000002A07253AE00 49] iPadPro4_129, [000002A079892B00][000002A07253EF80 49] AppleTV, [000002A079836000][000002A072543100 49] AppleTV4K, [000002A079892200][000002A072547280 49] TVOS, [000002A079837900][000002A07254B400 49] Mac, [000002A079890B00][000002A07254F580 49] MacClient, [000002A079836600][000002A072553700 49] MacNoEditor, [000002A079890D00][000002A072557880 49] MacServer, [000002A079836500][000002A0730EF9C0 49] Linux, [000002A079891200][000002A07255BB00 49] LinuxAArch64, [000002A079835C00][000002A07255E0C0 49] LinuxNoEditor, [000002A0798A2800][000002A072566240 49] LinuxAArch64NoEditor, [000002A079920F00][000002A07256A3C0 49] LinuxClient, [000002A0798A2700][000002A07256E540 49] LinuxAArch64Client, [000002A079921700][000002A0725726C0 49] LinuxServer, [000002A0798A3700][000002A072576840 49] LinuxAArch64Server, [000002A079920C00][000002A07257A9C0 49] Android, [000002A0798A0800][000002A07257EB40 49] Android_Low, [000002A079921D00][000002A072582CC0 49] Android_Mid, [000002A0798A3A00][000002A072586E40 49] Android_High, [000002A079921400][000002A07258AFC0 49] Android_Default, [000002A0798A0300][000002A07258F140 49] Android_Adreno4xx, [000002A079920900][000002A0725932C0 49] Android_Adreno5xx_Low, [000002A0798A1000][000002A072597440 49] Android_Adreno5xx, [000002A079921E00][000002A07259B5C0 49] Android_Adreno6xx, [000002A0798A1800][000002A07259F740 49] Android_Adreno6xx_Vulkan, [000002A079920600][000002A0725A38C0 49] Android_Mali_T6xx, [000002A0798A0F00][000002A0725A7A40 49] Android_Mali_T7xx, [000002A079920A00][000002A072563B80 49] Android_Mali_T8xx, [000002A0798A1200][000002A0725AA140 49] Android_Mali_G71, [000002A079921B00][000002A077630280 49] Android_Mali_G72, [000002A0798A3300][000002A0776343C0 49] Android_Mali_G72_Vulkan, [000002A079921900][000002A07763C540 49] Android_Mali_G76, [000002A0798A3800][000002A0776406C0 49] Android_Mali_G76_Vulkan, [000002A079921100][000002A077644840 49] Android_Mali_G77, [000002A079837700][000002A0776489C0 49] Android_Mali_G77_Vulkan, [000002A079892700][000002A07764CB40 49] Android_Mali_G78, [000002A079836B00][000002A077650CC0 49] Android_Mali_G78_Vulkan, [000002A079891400][000002A077654E40 49] Android_Mali_G710, [000002A079834200][000002A077658FC0 49] Android_Mali_G710_Vulkan, [000002A079920800][000002A07765D140 49] Android_Vulkan_SM5, [000002A079837300][000002A0776612C0 49] Android_PowerVR_G6xxx, [000002A079922100][000002A077665440 49] Android_PowerVR_GT7xxx, [000002A079835500][000002A0776695C0 49] Android_PowerVR_GE8xxx, [000002A079922B00][000002A07766D740 49] Android_PowerVR_GM9xxx, [000002A079835B00][000002A0776718C0 49] Android_PowerVR_GM9xxx_Vulkan, [000002A079921000][000002A077675A40 49] Android_TegraK1, [000002A079835700][000002A077679BC0 49] Android_Unknown_Vulkan, [000002A079920200][000002A077638180 49] Lumin, [000002A079836400][000002A07767C2C0 49] Lumin_Desktop, [000002A079920E00][000002A077680400 49] HoloLens, 
[2026.05.12-13.39.08:304][  0]LogMeshReduction: Using QuadricMeshReduction for automatic static mesh reduction
[2026.05.12-13.39.08:304][  0]LogMeshReduction: Using SimplygonMeshReduction for automatic skeletal mesh reduction
[2026.05.12-13.39.08:304][  0]LogMeshReduction: Using ProxyLODMeshReduction for automatic mesh merging
[2026.05.12-13.39.08:304][  0]LogMeshReduction: No distributed automatic mesh merging module available
[2026.05.12-13.39.08:304][  0]LogMeshMerging: No distributed automatic mesh merging module available
[2026.05.12-13.39.08:371][  0]LogNetVersion: testTP 1.0.0, NetCL: 17155196, EngineNetVer: 17, GameNetVer: 0 (Checksum: 3966549976)
[2026.05.12-13.39.08:538][  0]LogTexture: Default maximum texture size for cubemaps generated from long-lat sources has been changed from 512 to unlimited. In order to preserve old behaiour for '/Engine/MapTemplates/Sky/DaylightAmbientCubemap.DaylightAmbientCubemap', its maximum texture size has been explicitly set to 512.
[2026.05.12-13.39.08:576][  0]LogHMD: PokeAHoleMaterial loaded successfully
[2026.05.12-13.39.08:661][  0]LogMoviePlayer: Initializing movie player
[2026.05.12-13.39.08:705][  0]LogNiagaraDebuggerClient: Niagara Debugger Client Initialized | Session: 479BBFF343FFE91673D2CBB70625CAEE | Instance: 150CD06041A3F2795512A59D45A81672 (IMMERSEDEMOM5-37768).
[2026.05.12-13.39.08:720][  0]LogCollectionManager: Loaded 0 collections in 0.001065 seconds
[2026.05.12-13.39.08:723][  0]LogFileCache: Scanning file cache for directory 'C:/Users/kapil/OneDrive/Documents/Unreal Projects/testTP/Saved/Collections/' took 0.00s
[2026.05.12-13.39.08:723][  0]LogFileCache: Scanning file cache for directory 'C:/Users/kapil/OneDrive/Documents/Unreal Projects/testTP/Content/Developers/kapil/Collections/' took 0.00s
[2026.05.12-13.39.08:723][  0]LogFileCache: Scanning file cache for directory 'C:/Users/kapil/OneDrive/Documents/Unreal Projects/testTP/Content/Collections/' took 0.00s
[2026.05.12-13.39.08:723][  0]LogCollectionManager: Fixed up redirectors for 0 collections in 0.000002 seconds (updated 0 objects)
[2026.05.12-13.39.08:736][  0]LogPython: Using Python 3.7.7
[2026.05.12-13.39.09:136][  0]LogAkAudio: Wwise(R) SDK Version 2019.2.15 Build 7667. Copyright (c) 2006-2019 Audiokinetic Inc.
[2026.05.12-13.39.09:137][  0]LogAkAudio: Wwise plug-in DLL path: C:/Users/kapil/OneDrive/Documents/Unreal Projects/testTP/Plugins/Wwise/ThirdParty/x64_vc150/Profile/bin/
[2026.05.12-13.39.09:137][  0]LogAkAudio: Wwise remote connection application name: testTP
[2026.05.12-13.39.09:137][  0]LogAkAudio: Wwise successfully initialized.
[2026.05.12-13.39.09:144][  0]LogAkAudio: Initialization complete.
[2026.05.12-13.39.09:144][  0]LogInit: Audiokinetic Audio Device initialized.
[2026.05.12-13.39.09:335][  0]LogUProjectInfo: Found projects:
[2026.05.12-13.39.09:339][  0]SourceControl: Source control is disabled
[2026.05.12-13.39.09:340][  0]SourceControl: Source control is disabled
[2026.05.12-13.39.09:342][  0]SourceControl: Source control is disabled
[2026.05.12-13.39.09:403][  0]LogOpenImageDenoise: OIDN starting up
[2026.05.12-13.39.09:437][  0]LogAndroidPermission: UAndroidPermissionCallbackProxy::GetInstance
[2026.05.12-13.39.09:455][  0]LogAudioCaptureCore: Display: No Audio Capture implementations found. Audio input will be silent.
[2026.05.12-13.39.09:455][  0]LogAudioCaptureCore: Display: No Audio Capture implementations found. Audio input will be silent.
[2026.05.12-13.39.09:494][  0]LogOcInput: OculusInput pre-init called
[2026.05.12-13.39.09:500][  0]LogUObjectArray: 22857 objects as part of root set at end of initial load.
[2026.05.12-13.39.09:500][  0]LogUObjectAllocator: 6232704 out of 0 bytes used by permanent object pool.
[2026.05.12-13.39.09:500][  0]LogUObjectArray: CloseDisregardForGC: 0/0 objects in disregard for GC pool
[2026.05.12-13.39.09:536][  0]LogClass: Display: EnumProperty FAkExternalSourceInfo::CodecID is not initialized properly. Module:AkAudio File:Classes/AkGameplayTypes.h
[2026.05.12-13.39.09:536][  0]LogClass: Warning: ObjectProperty FAkExternalSourceInfo::ExternalSourceAsset is not initialized properly. Module:AkAudio File:Classes/AkGameplayTypes.h
[2026.05.12-13.39.09:536][  0]LogClass: Display: IntProperty FAkChannelMask::ChannelMask is not initialized properly. Module:AkAudio File:Classes/AkGameplayTypes.h
[2026.05.12-13.39.09:536][  0]LogClass: Display: BoolProperty FAkPS5AdvancedInitializationSettings::bVorbisHwAcceleration is not initialized properly. Module:AkAudio File:Classes/Platforms/AkPlatform_Pellegrino/AkPS5InitializationSettings.h
[2026.05.12-13.39.09:537][  0]LogClass: Display: 4 Uninitialized script struct members found including 1 object properties
[2026.05.12-13.39.09:537][  0]LogAutomationTest: Warning: ObjectProperty FAkExternalSourceInfo::ExternalSourceAsset is not initialized properly. Module:AkAudio File:Classes/AkGameplayTypes.h
[2026.05.12-13.39.09:537][  0]LogEngine: Initializing Engine...
[2026.05.12-13.39.09:540][  0]LogHMD: Failed to enumerate extensions. Please check that you have a valid OpenXR runtime installed.
[2026.05.12-13.39.09:540][  0]LogHMD: Failed to initialize OpenVR with code 110
[2026.05.12-13.39.09:540][  0]LogMagicLeap: Warning: VR disabled because ZI is not enabled.  To enable, in the editor, Edit -> Project Settings -> Plugins -> Magic Leap Plugin -> Enable Zero Iteration
[2026.05.12-13.39.09:542][  0]LogStats: UGameplayTagsManager::InitializeManager -  0.000 s
[2026.05.12-13.39.09:610][  0]LogInit: Initializing FReadOnlyCVARCache
[2026.05.12-13.39.09:610][  0]LogAudio: Display: Initializing Audio Device Manager...
[2026.05.12-13.39.09:614][  0]LogAudio: Display: Loading Default Audio Settings Objects...
[2026.05.12-13.39.09:614][  0]LogAudio: Display: No default SoundConcurrencyObject specified (or failed to load).
[2026.05.12-13.39.09:615][  0]LogAudio: Display: Audio Device Manager Initialized
[2026.05.12-13.39.09:615][  0]LogAudio: Display: Creating Audio Device:                 Id: 1, Scope: Shared, Realtime: True
[2026.05.12-13.39.09:615][  0]LogAudioMixer: Display: Audio Mixer Platform Settings:
[2026.05.12-13.39.09:615][  0]LogAudioMixer: Display: 	Sample Rate:						  48000
[2026.05.12-13.39.09:615][  0]LogAudioMixer: Display: 	Callback Buffer Frame Size Requested: 1024
[2026.05.12-13.39.09:615][  0]LogAudioMixer: Display: 	Callback Buffer Frame Size To Use:	  1024
[2026.05.12-13.39.09:615][  0]LogAudioMixer: Display: 	Number of buffers to queue:			  2
[2026.05.12-13.39.09:615][  0]LogAudioMixer: Display: 	Max Channels (voices):				  32
[2026.05.12-13.39.09:615][  0]LogAudioMixer: Display: 	Number of Async Source Workers:		  0
[2026.05.12-13.39.09:615][  0]LogAudio: Display: AudioDevice MaxSources: 32
[2026.05.12-13.39.09:615][  0]LogAudio: Display: Audio Spatialization Plugin: None (built-in).
[2026.05.12-13.39.09:615][  0]LogAudio: Display: Audio Reverb Plugin: None (built-in).
[2026.05.12-13.39.09:615][  0]LogAudio: Display: Audio Occlusion Plugin: None (built-in).
[2026.05.12-13.39.09:615][  0]LogAudioMixer: Display: Initializing audio mixer.
[2026.05.12-13.39.09:623][  0]LogAudioMixer: Display: 0: FrontLeft
[2026.05.12-13.39.09:624][  0]LogAudioMixer: Display: 1: FrontRight
[2026.05.12-13.39.09:637][  0]LogAudioMixer: Display: Using Audio Device Speakers (2- Realtek(R) Audio)
[2026.05.12-13.39.09:640][  0]LogAudioMixer: Display: Initializing Sound Submixes...
[2026.05.12-13.39.09:642][  0]LogAudioMixer: Display: Creating Master Submix 'MasterSubmixDefault'
[2026.05.12-13.39.09:642][  0]LogAudioMixer: Display: Creating Master Submix 'MasterReverbSubmixDefault'
[2026.05.12-13.39.09:643][  0]LogAudioMixer: Display: Creating Master Submix 'MasterEQSubmixDefault'
[2026.05.12-13.39.09:643][  0]LogAudioMixer: FMixerPlatformXAudio2::StartAudioStream() called
[2026.05.12-13.39.09:643][  0]LogAudioMixer: Display: Output buffers initialized: Frames=1024, Channels=2, Samples=2048
[2026.05.12-13.39.09:644][  0]LogAudioMixer: Display: Starting AudioMixerPlatformInterface::RunInternal()
[2026.05.12-13.39.09:644][  0]LogAudioMixer: Display: FMixerPlatformXAudio2::SubmitBuffer() called for the first time
[2026.05.12-13.39.09:644][  0]LogInit: FAudioDevice initialized.
[2026.05.12-13.39.09:645][  0]LogNetVersion: Set ProjectVersion to 1.0.0.0. Version Checksum will be recalculated on next use.
[2026.05.12-13.39.09:687][  0]LogDerivedDataCache: Saved boot cache 0.04s 78MB C:/Users/kapil/AppData/Local/UnrealEngine/4.27/DerivedDataCache/Boot.ddc.
[2026.05.12-13.39.09:687][  0]LogInit: Texture streaming: Enabled
[2026.05.12-13.39.09:735][  0]LogAudio: Display: Audio Device (ID: 1) registered with world 'Untitled'.
[2026.05.12-13.39.09:735][  0]LogSlate: Updating window title bar state: overlay mode, drag disabled, window buttons hidden, title bar hidden
[2026.05.12-13.39.09:735][  0]LogInit: Display: Game Engine Initialized.
[2026.05.12-13.39.09:736][  0]LogNiagaraEditor: GEditor isn't valid! Particle reset commands will not work for Niagara components!
[2026.05.12-13.39.09:815][  0]LogInit: Display: Starting Game.
[2026.05.12-13.39.09:815][  0]LogNet: Browse: /Game/ThirdPersonBP/Maps/ThirdPersonExampleMap?Name=Player
[2026.05.12-13.39.09:815][  0]LogLoad: LoadMap: /Game/ThirdPersonBP/Maps/ThirdPersonExampleMap?Name=Player
[2026.05.12-13.39.09:815][  0]LogWorld: BeginTearingDown for /Temp/Untitled_0
[2026.05.12-13.39.09:816][  0]LogWorld: UWorld::CleanupWorld for Untitled, bSessionEnded=true, bCleanupResources=true
[2026.05.12-13.39.09:816][  0]LogSlate: InvalidateAllWidgets triggered.  All widgets were invalidated
[2026.05.12-13.39.09:824][  0]LogAudio: Display: Audio Device unregistered from world 'None'.
[2026.05.12-13.39.09:825][  0]LogUObjectHash: Compacting FUObjectHashTables data took   0.49ms
[2026.05.12-13.39.09:989][  0]LogAudio: Display: Audio Device (ID: 1) registered with world 'ThirdPersonExampleMap'.
[2026.05.12-13.39.09:994][  0]LogAIModule: Creating AISystem for world ThirdPersonExampleMap
[2026.05.12-13.39.09:996][  0]LogLoad: Game class is 'ThirdPersonGameMode_C'
[2026.05.12-13.39.09:998][  0]LogWorld: Bringing World /Game/ThirdPersonBP/Maps/ThirdPersonExampleMap.ThirdPersonExampleMap up for play (max tick rate 0) at 2026.05.12-06.39.09
[2026.05.12-13.39.09:998][  0]LogWorld: Bringing up level for play took: 0.002287
[2026.05.12-13.39.10:001][  0]LogTemp: Display: [ImmerseStress] Ready. Defaults: event=SwordHits bus=7p1p4 shareset=Immerse_Audio_Renderer_(Custom)
[2026.05.12-13.39.10:001][  0]LogTemp: Display: [ImmerseStress] IMMERSE_USER_ID env=kevin_tencenttest1_emb | IMMERSE_USERID=kevin_tencenttest1_emb | IMMERSE_USER=kevin_tencenttest1_emb
[2026.05.12-13.39.10:001][  0]LogTemp: Display: [testTP] Auto-spawned ImmerseStressTestActor into ThirdPersonExampleMap (type=1)
[2026.05.12-13.39.10:001][  0]LogLoad: Took 0.185924 seconds to LoadMap(/Game/ThirdPersonBP/Maps/ThirdPersonExampleMap)
[2026.05.12-13.39.10:024][  0]LogSlate: Took 0.000183 seconds to synchronously load lazily loaded font '../../../Engine/Content/Slate/Fonts/Roboto-Regular.ttf' (155K)
[2026.05.12-13.39.10:038][  0]LogRenderer: Reallocating scene render targets to support 1536x864 Format 10 NumSamples 1 (Frame:1).
[2026.05.12-13.39.10:039][  0]LogInit: Display: Engine is initialized. Leaving FEngineLoop::Init()
[2026.05.12-13.39.10:039][  0]LogLoad: (Engine Initialization) Total time: 4.32 seconds
[2026.05.12-13.39.10:039][  0]LogLoad: (Engine Initialization) Total Blueprint compile time: 0.00 seconds
[2026.05.12-13.39.10:048][  0]LogContentStreaming: Texture pool size now 1000 MB
[2026.05.12-13.39.10:050][  0]LogSlate: InvalidateAllWidgets triggered.  All widgets were invalidated
[2026.05.12-13.39.10:129][  0]LogRenderer: Reallocating scene render targets to support 128x128 Format 10 NumSamples 1 (Frame:1).
[2026.05.12-13.39.10:146][  0]LogRenderer: Reallocating scene render targets to support 1536x864 Format 10 NumSamples 1 (Frame:2).
[2026.05.12-13.39.10:153][  1]LogSlate: Took 0.000183 seconds to synchronously load lazily loaded font '../../../Engine/Content/Slate/Fonts/Roboto-Regular.ttf' (155K)
[2026.05.12-13.39.12:548][178]LogTemp: Display: [ImmerseStress] REMOTE_HOLD_v1: waiting for go.flag (../../../../../../Users/kapil/OneDrive/Documents/Unreal Projects/testTP/Saved/ImmerseStress/go.flag) retry=1
[2026.05.12-13.39.22:067][997]LogTemp: Display: [ImmerseStress] REMOTE_HOLD_v1: waiting for go.flag (../../../../../../Users/kapil/OneDrive/Documents/Unreal Projects/testTP/Saved/ImmerseStress/go.flag) retry=20
[2026.05.12-13.39.32:090][927]LogTemp: Display: [ImmerseStress] REMOTE_HOLD_v1: waiting for go.flag (../../../../../../Users/kapil/OneDrive/Documents/Unreal Projects/testTP/Saved/ImmerseStress/go.flag) retry=40
[2026.05.12-13.39.42:143][945]LogTemp: Display: [ImmerseStress] REMOTE_HOLD_v1: waiting for go.flag (../../../../../../Users/kapil/OneDrive/Documents/Unreal Projects/testTP/Saved/ImmerseStress/go.flag) retry=60
[2026.05.12-13.39.52:165][ 74]LogTemp: Display: [ImmerseStress] REMOTE_HOLD_v1: waiting for go.flag (../../../../../../Users/kapil/OneDrive/Documents/Unreal Projects/testTP/Saved/ImmerseStress/go.flag) retry=80
[2026.05.12-13.40.02:184][205]LogTemp: Display: [ImmerseStress] REMOTE_HOLD_v1: waiting for go.flag (../../../../../../Users/kapil/OneDrive/Documents/Unreal Projects/testTP/Saved/ImmerseStress/go.flag) retry=100
[2026.05.12-13.40.12:203][327]LogTemp: Display: [ImmerseStress] REMOTE_HOLD_v1: waiting for go.flag (../../../../../../Users/kapil/OneDrive/Documents/Unreal Projects/testTP/Saved/ImmerseStress/go.flag) retry=120
[2026.05.12-13.40.22:222][470]LogTemp: Display: [ImmerseStress] REMOTE_HOLD_v1: waiting for go.flag (../../../../../../Users/kapil/OneDrive/Documents/Unreal Projects/testTP/Saved/ImmerseStress/go.flag) retry=140
[2026.05.12-13.40.32:244][574]LogTemp: Display: [ImmerseStress] REMOTE_HOLD_v1: waiting for go.flag (../../../../../../Users/kapil/OneDrive/Documents/Unreal Projects/testTP/Saved/ImmerseStress/go.flag) retry=160
[2026.05.12-13.40.42:265][690]LogTemp: Display: [ImmerseStress] REMOTE_HOLD_v1: waiting for go.flag (../../../../../../Users/kapil/OneDrive/Documents/Unreal Projects/testTP/Saved/ImmerseStress/go.flag) retry=180
[2026.05.12-13.40.52:283][628]LogTemp: Display: [ImmerseStress] REMOTE_HOLD_v1: waiting for go.flag (../../../../../../Users/kapil/OneDrive/Documents/Unreal Projects/testTP/Saved/ImmerseStress/go.flag) retry=200
[2026.05.12-13.41.00:803][651]LogTemp: Display: [ImmerseStress] REMOTE_HOLD_v1: go.flag detected after 216 retries
[2026.05.12-13.41.00:804][651]LogTemp: Display: [ImmerseStress] PLAN START  steps=2 (concurrency=1 Ã— immerse{off,on}) rate=300.0Hz life=500ms warmup=2.0s phase=5.0s cooldown=2.0s CSV=../../../../../../Users/kapil/OneDrive/Documents/Unreal Projects/testTP/Saved/ImmerseStress/run_20260512_064100.csv
[2026.05.12-13.41.00:804][651]LogTemp: Display: [ImmerseStress] BypassImmerse(bus=7p1p4) -> OK
[2026.05.12-13.41.00:804][651]LogTemp: Display: [ImmerseStress] >>> WARMUP step=0/2 immerse=off conc=32 (align Wwise profiler capture here)
[2026.05.12-13.41.00:804][651]LogTemp: Display: [ImmerseStress] Churn START  event=SwordHits rate=300.0Hz life=500ms cap=32 immerse=BYPASSED
[2026.05.12-13.41.00:868][675]LogStats: Display: There is no thread with id: 32996. Please add thread metadata for this thread.
[2026.05.12-13.41.02:804][485]LogTemp: Display: [ImmerseStress] >>> RUNNING step=0/2 immerse=off conc=32 (align Wwise profiler capture here)
[2026.05.12-13.41.02:805][485]LogTemp: Display: [ImmerseStress] CAPTURE_WAV_v2 START ../../../../../../Users/kapil/OneDrive/Documents/Unreal Projects/testTP/Saved/ImmerseStress/phase_0_off.wav
[2026.05.12-13.41.02:820][491]LogAkAudio: Error: Cannot open file ../../../../../../Users/kapil/OneDrive/Documents/Unreal Projects/testTP/Saved/Wwise/../../../../../../Users/kapil/OneDrive/Documents/Unreal Projects/testTP/Saved/ImmerseStress/phase_0_off.wav for write.
[2026.05.12-13.41.02:820][491]LogAkAudio: Error: Cannot open file: ../../../../../../Users/kapil/OneDrive/Documents/Unreal Projects/testTP/Saved/ImmerseStress/phase_0_off.wav
[2026.05.12-13.41.07:808][570]LogTemp: Display: [ImmerseStress] PHASE 0 done immerse=off conc=32 posted=320 stopped=320 dropped=1181 frames=2085 avg=2.40ms p50=2.34 p95=2.97 max=8.23
[2026.05.12-13.41.07:808][570]LogTemp: Display: [ImmerseStress] CAPTURE_WAV_v2 STOP
[2026.05.12-13.41.07:808][570]LogTemp: Display: [ImmerseStress] >>> COOLDOWN step=0/2 immerse=off conc=32 (align Wwise profiler capture here)
[2026.05.12-13.41.07:808][570]LogTemp: Display: [ImmerseStress] Churn STOP   posted=448 stopped=448 dropped=1652
[2026.05.12-13.41.09:809][407]LogTemp: Display: [ImmerseStress] EnableImmerse(bus=7p1p4, shareset=Immerse_Audio_Renderer_(Custom)) -> OK
[2026.05.12-13.41.09:809][407]LogTemp: Display: [ImmerseStress] >>> WARMUP step=1/2 immerse=ON conc=32 (align Wwise profiler capture here)
[2026.05.12-13.41.09:809][407]LogTemp: Display: [ImmerseStress] Churn START  event=SwordHits rate=300.0Hz life=500ms cap=32 immerse=enabled
[2026.05.12-13.41.11:810][237]LogTemp: Display: [ImmerseStress] >>> RUNNING step=1/2 immerse=ON conc=32 (align Wwise profiler capture here)
[2026.05.12-13.41.11:810][237]LogTemp: Display: [ImmerseStress] CAPTURE_WAV_v2 START ../../../../../../Users/kapil/OneDrive/Documents/Unreal Projects/testTP/Saved/ImmerseStress/phase_1_on.wav
[2026.05.12-13.41.11:818][241]LogAkAudio: Error: Cannot open file ../../../../../../Users/kapil/OneDrive/Documents/Unreal Projects/testTP/Saved/Wwise/../../../../../../Users/kapil/OneDrive/Documents/Unreal Projects/testTP/Saved/ImmerseStress/phase_1_on.wav for write.
[2026.05.12-13.41.11:819][241]LogAkAudio: Error: Cannot open file: ../../../../../../Users/kapil/OneDrive/Documents/Unreal Projects/testTP/Saved/ImmerseStress/phase_1_on.wav
[2026.05.12-13.41.11:826][244]LogStats: Display: There is no thread with id: 32980. Please add thread metadata for this thread.
[2026.05.12-13.41.16:810][342]LogTemp: Display: [ImmerseStress] PHASE 1 done immerse=ON conc=32 posted=320 stopped=320 dropped=1180 frames=2105 avg=2.38ms p50=2.31 p95=2.93 max=6.27
[2026.05.12-13.41.16:811][342]LogTemp: Display: [ImmerseStress] CAPTURE_WAV_v2 STOP
[2026.05.12-13.41.16:811][342]LogTemp: Display: [ImmerseStress] >>> COOLDOWN step=1/2 immerse=ON conc=32 (align Wwise profiler capture here)
[2026.05.12-13.41.16:811][342]LogTemp: Display: [ImmerseStress] Churn STOP   posted=896 stopped=896 dropped=3304
[2026.05.12-13.41.18:811][188]LogTemp: Display: [ImmerseStress] >>> Toggle storm: 10 iterations
[2026.05.12-13.41.18:812][188]LogTemp: Display: [ImmerseStress] BypassImmerse(bus=7p1p4) -> OK
[2026.05.12-13.41.18:812][188]LogTemp: Display: [ImmerseStress] EnableImmerse(bus=7p1p4, shareset=Immerse_Audio_Renderer_(Custom)) -> OK
[2026.05.12-13.41.18:812][188]LogTemp: Display: [ImmerseStress] BypassImmerse(bus=7p1p4) -> OK
[2026.05.12-13.41.18:812][188]LogTemp: Display: [ImmerseStress] EnableImmerse(bus=7p1p4, shareset=Immerse_Audio_Renderer_(Custom)) -> OK
[2026.05.12-13.41.18:812][188]LogTemp: Display: [ImmerseStress] BypassImmerse(bus=7p1p4) -> OK
[2026.05.12-13.41.18:812][188]LogTemp: Display: [ImmerseStress] EnableImmerse(bus=7p1p4, shareset=Immerse_Audio_Renderer_(Custom)) -> OK
[2026.05.12-13.41.18:812][188]LogTemp: Display: [ImmerseStress] BypassImmerse(bus=7p1p4) -> OK
[2026.05.12-13.41.18:812][188]LogTemp: Display: [ImmerseStress] EnableImmerse(bus=7p1p4, shareset=Immerse_Audio_Renderer_(Custom)) -> OK
[2026.05.12-13.41.18:812][188]LogTemp: Display: [ImmerseStress] BypassImmerse(bus=7p1p4) -> OK
[2026.05.12-13.41.18:812][188]LogTemp: Display: [ImmerseStress] EnableImmerse(bus=7p1p4, shareset=Immerse_Audio_Renderer_(Custom)) -> OK
[2026.05.12-13.41.18:812][188]LogTemp: Display: [ImmerseStress] Toggle storm DONE: 10/10 state-flips in 0.001s (avg 0.0587ms/op, worst 0.180ms, throughput 17021 ops/s)
[2026.05.12-13.41.18:812][188]LogTemp: Display: [ImmerseStress] PLAN COMPLETE â€” 2 phases recorded. CSV: ../../../../../../Users/kapil/OneDrive/Documents/Unreal Projects/testTP/Saved/ImmerseStress/run_20260512_064100.csv
[2026.05.12-13.41.18:812][188]LogTemp: Display: [ImmerseStress] Requesting engine exit in 1.50s (reason=ImmerseStressComplete)
[2026.05.12-13.41.20:314][812]LogWindows: FPlatformMisc::RequestExit(0)
[2026.05.12-13.41.20:314][812]LogWindows: FPlatformMisc::RequestExitWithStatus(0, 0)
[2026.05.12-13.41.20:314][812]LogCore: Engine exit requested (reason: Win RequestExit)
[2026.05.12-13.41.20:317][813]LogCore: Engine exit requested (reason: EngineExit() was called; note: exit was already requested)
[2026.05.12-13.41.20:317][813]LogInit: Display: PreExit Game.
[2026.05.12-13.41.20:327][813]LogWorld: BeginTearingDown for /Game/ThirdPersonBP/Maps/ThirdPersonExampleMap
[2026.05.12-13.41.20:327][813]LogWorld: UWorld::CleanupWorld for ThirdPersonExampleMap, bSessionEnded=true, bCleanupResources=true
[2026.05.12-13.41.20:328][813]LogSlate: InvalidateAllWidgets triggered.  All widgets were invalidated
[2026.05.12-13.41.20:617][813]LogAudio: Display: Beginning Audio Device Manager Shutdown (Module: AudioMixerXAudio2)...
[2026.05.12-13.41.20:617][813]LogAudio: Display: Destroying 1 Remaining Audio Device(s)...
[2026.05.12-13.41.20:617][813]LogAudio: Display: Audio Device unregistered from world 'ThirdPersonExampleMap'.
[2026.05.12-13.41.20:640][813]LogAudioMixer: FMixerPlatformXAudio2::StopAudioStream() called
[2026.05.12-13.41.20:642][813]LogAudioMixer: FMixerPlatformXAudio2::StopAudioStream() called
[2026.05.12-13.41.20:645][813]LogAudio: Display: Audio Device Manager Shutdown
[2026.05.12-13.41.20:655][813]LogSlate: Window 'testTP (64-bit Development PCD3D_SM5) ' being destroyed
[2026.05.12-13.41.20:659][813]LogExit: Preparing to exit.
[2026.05.12-13.41.20:664][813]LogUObjectHash: Compacting FUObjectHashTables data took   0.67ms
[2026.05.12-13.41.20:694][813]LogMoviePlayer: Shutting down movie player
[2026.05.12-13.41.20:710][813]LogSlate: Updating window title bar state: overlay mode, drag disabled, window buttons hidden, title bar hidden
[2026.05.12-13.41.20:727][813]LogDemo: Cleaned up 0 splitscreen connections with owner deletion
[2026.05.12-13.41.20:735][813]LogExit: Game engine shut down
[2026.05.12-13.41.20:774][813]LogExit: Object subsystem successfully closed.
[2026.05.12-13.41.20:791][813]LogShaderCompilers: Display: === FShaderJobCache stats ===
[2026.05.12-13.41.20:791][813]LogShaderCompilers: Display: Total job queries 0, among them cache hits 0 (0.00%)
[2026.05.12-13.41.20:792][813]LogShaderCompilers: Display: Tracking 0 distinct input hashes that result in 0 distinct outputs (0.00%)
[2026.05.12-13.41.20:792][813]LogShaderCompilers: Display: RAM used: 0.00 MB (0.00 GB) of 819.20 MB (0.80 GB) budget. Usage: 0.00%
[2026.05.12-13.41.20:792][813]LogShaderCompilers: Display: ================================================
[2026.05.12-13.41.20:800][813]LogShaderCompilers: Display: Shaders left to compile 0
[2026.05.12-13.41.20:816][813]LogModuleManager: Shutting down and abandoning module SequenceRecorderSections (562)
[2026.05.12-13.41.20:816][813]LogModuleManager: Shutting down and abandoning module SequenceRecorder (560)
[2026.05.12-13.41.20:816][813]LogModuleManager: Shutting down and abandoning module AutomationController (558)
[2026.05.12-13.41.20:816][813]LogModuleManager: Shutting down and abandoning module AutomationWorker (556)
[2026.05.12-13.41.20:816][813]LogModuleManager: Shutting down and abandoning module Voice (554)
[2026.05.12-13.41.20:816][813]LogModuleManager: Shutting down and abandoning module AIModule (552)
[2026.05.12-13.41.20:816][813]LogModuleManager: Shutting down and abandoning module GameplayDebugger (551)
[2026.05.12-13.41.20:817][813]LogModuleManager: Shutting down and abandoning module AITestSuite (549)
[2026.05.12-13.41.20:817][813]LogModuleManager: Shutting down and abandoning module NavigationSystem (547)
[2026.05.12-13.41.20:817][813]LogModuleManager: Shutting down and abandoning module AnimGraph (544)
[2026.05.12-13.41.20:817][813]LogModuleManager: Shutting down and abandoning module SteamVREditor (542)
[2026.05.12-13.41.20:817][813]LogModuleManager: Shutting down and abandoning module ToolMenus (541)
[2026.05.12-13.41.20:817][813]LogModuleManager: Shutting down and abandoning module OculusMR (538)
[2026.05.12-13.41.20:817][813]LogModuleManager: Shutting down and abandoning module TakeRecorderSources (536)
[2026.05.12-13.41.20:817][813]LogModuleManager: Shutting down and abandoning module TakeRecorder (535)
[2026.05.12-13.41.20:817][813]LogModuleManager: Shutting down and abandoning module TakeTrackRecorders (532)
[2026.05.12-13.41.20:817][813]LogModuleManager: Shutting down and abandoning module TakesCore (530)
[2026.05.12-13.41.20:817][813]LogModuleManager: Shutting down and abandoning module OpenXRInput (528)
[2026.05.12-13.41.20:817][813]LogModuleManager: Shutting down and abandoning module MagicLeapMediaCodecFactory (526)
[2026.05.12-13.41.20:817][813]LogModuleManager: Shutting down and abandoning module MagicLeapMediaFactory (524)
[2026.05.12-13.41.20:817][813]LogModuleManager: Shutting down and abandoning module WmfMediaFactory (522)
[2026.05.12-13.41.20:817][813]LogModuleManager: Shutting down and abandoning module WebMMediaFactory (520)
[2026.05.12-13.41.20:817][813]LogModuleManager: Shutting down and abandoning module WebMMedia (518)
[2026.05.12-13.41.20:817][813]LogModuleManager: Shutting down and abandoning module OpenExrWrapper (516)
[2026.05.12-13.41.20:817][813]LogModuleManager: Shutting down and abandoning module ImgMediaFactory (514)
[2026.05.12-13.41.20:817][813]LogModuleManager: Shutting down and abandoning module AvfMediaFactory (512)
[2026.05.12-13.41.20:817][813]LogModuleManager: Shutting down and abandoning module PlanarCut (510)
[2026.05.12-13.41.20:817][813]LogModuleManager: Shutting down and abandoning module CharacterAI (508)
[2026.05.12-13.41.20:817][813]LogModuleManager: Shutting down and abandoning module SessionServices (506)
[2026.05.12-13.41.20:817][813]LogModuleManager: Shutting down and abandoning module MovieSceneCapture (504)
[2026.05.12-13.41.20:817][813]LogModuleManager: Shutting down and abandoning module LiveCoding (502)
[2026.05.12-13.41.20:817][813]LogModuleManager: Shutting down and abandoning module LevelSequence (500)
[2026.05.12-13.41.20:817][813]LogModuleManager: Shutting down and abandoning module MovieSceneTracks (498)
[2026.05.12-13.41.20:817][813]LogModuleManager: Shutting down and abandoning module MovieScene (496)
[2026.05.12-13.41.20:817][813]LogModuleManager: Shutting down and abandoning module StreamingPauseRendering (494)
[2026.05.12-13.41.20:817][813]LogModuleManager: Shutting down and abandoning module PortalServices (492)
[2026.05.12-13.41.20:817][813]LogModuleManager: Shutting down and abandoning module PortalRpc (490)
[2026.05.12-13.41.20:817][813]LogModuleManager: Shutting down and abandoning module MessagingRpc (488)
[2026.05.12-13.41.20:817][813]LogModuleManager: Shutting down and abandoning module AudioMixerXAudio2 (486)
[2026.05.12-13.41.20:817][813]LogModuleManager: Shutting down and abandoning module AudioMixerCore (485)
[2026.05.12-13.41.20:817][813]LogModuleManager: Shutting down and abandoning module ImageWriteQueue (482)
[2026.05.12-13.41.20:823][813]LogModuleManager: Shutting down and abandoning module ProfilerService (480)
[2026.05.12-13.41.21:071][813]LogModuleManager: Shutting down and abandoning module TaskGraph (478)
[2026.05.12-13.41.21:071][813]LogModuleManager: Shutting down and abandoning module OculusInput (476)
[2026.05.12-13.41.21:072][813]LogModuleManager: Shutting down and abandoning module Synthesis (474)
[2026.05.12-13.41.21:072][813]LogModuleManager: Shutting down and abandoning module ProceduralMeshComponent (472)
[2026.05.12-13.41.21:072][813]LogModuleManager: Shutting down and abandoning module TakeMovieScene (470)
[2026.05.12-13.41.21:072][813]LogModuleManager: Shutting down and abandoning module MobilePatchingUtils (468)
[2026.05.12-13.41.21:072][813]LogModuleManager: Shutting down and abandoning module GooglePAD (466)
[2026.05.12-13.41.21:073][813]LogModuleManager: Shutting down and abandoning module MagicLeapSharedWorld (464)
[2026.05.12-13.41.21:073][813]LogModuleManager: Shutting down and abandoning module AudioCapture (462)
[2026.05.12-13.41.21:073][813]LogModuleManager: Shutting down and abandoning module AudioCaptureRtAudio (461)
[2026.05.12-13.41.21:073][813]LogModuleManager: Shutting down and abandoning module MagicLeapLightEstimation (458)
[2026.05.12-13.41.21:073][813]LogModuleManager: Shutting down and abandoning module CustomMeshComponent (456)
[2026.05.12-13.41.21:073][813]LogModuleManager: Shutting down and abandoning module EditableMesh (454)
[2026.05.12-13.41.21:073][813]LogModuleManager: Shutting down and abandoning module CableComponent (452)
[2026.05.12-13.41.21:073][813]LogModuleManager: Shutting down and abandoning module AndroidPermission (450)
[2026.05.12-13.41.21:073][813]LogModuleManager: Shutting down and abandoning module AppleImageUtilsBlueprintSupport (448)
[2026.05.12-13.41.21:074][813]LogModuleManager: Shutting down and abandoning module AppleImageUtils (446)
[2026.05.12-13.41.21:074][813]LogModuleManager: Shutting down and abandoning module ArchVisCharacter (444)
[2026.05.12-13.41.21:074][813]LogModuleManager: Shutting down and abandoning module AssetTags (442)
[2026.05.12-13.41.21:074][813]LogModuleManager: Shutting down and abandoning module ActorLayerUtilities (440)
[2026.05.12-13.41.21:074][813]LogModuleManager: Shutting down and abandoning module MagicLeapHelperVulkan (438)
[2026.05.12-13.41.21:074][813]LogModuleManager: Shutting down and abandoning module MagicLeapHelperOpenGL (436)
[2026.05.12-13.41.21:074][813]LogModuleManager: Shutting down and abandoning module MagicLeapAudio (434)
[2026.05.12-13.41.21:074][813]LogModuleManager: Shutting down and abandoning module MediaCompositing (432)
[2026.05.12-13.41.21:074][813]LogModuleManager: Shutting down and abandoning module ImgMedia (430)
[2026.05.12-13.41.21:075][813]LogModuleManager: Shutting down and abandoning module TemplateSequence (428)
[2026.05.12-13.41.21:075][813]LogModuleManager: Shutting down and abandoning module MotoSynth (426)
[2026.05.12-13.41.21:075][813]LogModuleManager: Shutting down and abandoning module OpenImageDenoise (424)
[2026.05.12-13.41.21:075][813]LogOpenImageDenoise: OIDN shutting down
[2026.05.12-13.41.21:075][813]LogModuleManager: Shutting down and abandoning module GeometryCacheTracks (422)
[2026.05.12-13.41.21:075][813]LogModuleManager: Shutting down and abandoning module GeometryCacheSequencer (421)
[2026.05.12-13.41.21:075][813]LogModuleManager: Shutting down and abandoning module GeometryCache (418)
[2026.05.12-13.41.21:075][813]LogModuleManager: Shutting down and abandoning module GeometryCacheEd (417)
[2026.05.12-13.41.21:075][813]LogModuleManager: Shutting down and abandoning module MeshConversion (414)
[2026.05.12-13.41.21:075][813]LogModuleManager: Shutting down and abandoning module DynamicMesh (412)
[2026.05.12-13.41.21:075][813]LogModuleManager: Shutting down and abandoning module GeometryAlgorithms (410)
[2026.05.12-13.41.21:075][813]LogModuleManager: Shutting down and abandoning module GeometricObjects (408)
[2026.05.12-13.41.21:075][813]LogModuleManager: Shutting down and abandoning module GeometryCollectionTracks (406)
[2026.05.12-13.41.21:075][813]LogModuleManager: Shutting down and abandoning module GeometryCollectionSequencer (405)
[2026.05.12-13.41.21:075][813]LogModuleManager: Shutting down and abandoning module BackChannel (402)
[2026.05.12-13.41.21:077][813]LogModuleManager: Shutting down and abandoning module ChaosNiagara (400)
[2026.05.12-13.41.21:077][813]LogModuleManager: Shutting down and abandoning module FieldSystemEngine (399)
[2026.05.12-13.41.21:077][813]LogModuleManager: Shutting down and abandoning module AutomationUtils (396)
[2026.05.12-13.41.21:077][813]LogModuleManager: Shutting down and abandoning module VisualStudioSourceCodeAccess (394)
[2026.05.12-13.41.21:077][813]LogModuleManager: Shutting down and abandoning module HotReload (393)
[2026.05.12-13.41.21:078][813]LogModuleManager: Shutting down and abandoning module PerforceSourceControl (390)
[2026.05.12-13.41.21:078][813]LogModuleManager: Shutting down and abandoning module SubversionSourceControl (388)
[2026.05.12-13.41.21:078][813]LogModuleManager: Shutting down and abandoning module SourceControl (387)
[2026.05.12-13.41.21:078][813]LogModuleManager: Shutting down and abandoning module VisualStudioCodeSourceCodeAccess (384)
[2026.05.12-13.41.21:078][813]LogModuleManager: Shutting down and abandoning module UObjectPlugin (382)
[2026.05.12-13.41.21:078][813]LogModuleManager: Shutting down and abandoning module CLionSourceCodeAccess (380)
[2026.05.12-13.41.21:078][813]LogModuleManager: Shutting down and abandoning module OodleNetworkHandlerComponent (378)
[2026.05.12-13.41.21:078][813]LogModuleManager: Shutting down and abandoning module LiveLinkSequencer (376)
[2026.05.12-13.41.21:079][813]LogModuleManager: Shutting down and abandoning module LiveLinkMovieScene (374)
[2026.05.12-13.41.21:079][813]LogModuleManager: Shutting down and abandoning module LiveLinkGraphNode (372)
[2026.05.12-13.41.21:079][813]LogModuleManager: Shutting down and abandoning module LiveLinkComponents (370)
[2026.05.12-13.41.21:079][813]LogModuleManager: Shutting down and abandoning module LiveLink (368)
[2026.05.12-13.41.21:364][813]LogModuleManager: Shutting down and abandoning module testTP (366)
[2026.05.12-13.41.21:364][813]LogModuleManager: Shutting down and abandoning module AkAudio (364)
[2026.05.12-13.41.21:384][813]LogInit: Audiokinetic Audio Device terminated.
[2026.05.12-13.41.21:384][813]LogModuleManager: Shutting down and abandoning module PropertyAccessEditor (362)
[2026.05.12-13.41.21:384][813]LogModuleManager: Shutting down and abandoning module SoundFields (360)
[2026.05.12-13.41.21:384][813]LogModuleManager: Shutting down and abandoning module SignificanceManager (358)
[2026.05.12-13.41.21:384][813]LogModuleManager: Shutting down and abandoning module RuntimePhysXCooking (356)
[2026.05.12-13.41.21:384][813]LogModuleManager: Shutting down and abandoning module PhysXVehiclesEditor (354)
[2026.05.12-13.41.21:384][813]LogModuleManager: Shutting down and abandoning module LocationServicesBPLibrary (350)
[2026.05.12-13.41.21:384][813]LogModuleManager: Shutting down and abandoning module MagicLeapARPin (348)
[2026.05.12-13.41.21:384][813]LogModuleManager: Shutting down and abandoning module AudioSynesthesia (346)
[2026.05.12-13.41.21:384][813]LogModuleManager: Shutting down and abandoning module AudioSynesthesiaCore (344)
[2026.05.12-13.41.21:385][813]LogModuleManager: Shutting down and abandoning module MagicLeapHandMeshing (342)
[2026.05.12-13.41.21:385][813]LogModuleManager: Shutting down and abandoning module MagicLeapSecureStorage (340)
[2026.05.12-13.41.21:385][813]LogModuleManager: Shutting down and abandoning module MagicLeapPrivileges (338)
[2026.05.12-13.41.21:385][813]LogModuleManager: Shutting down and abandoning module MagicLeapPlanes (336)
[2026.05.12-13.41.21:385][813]LogMagicLeapPlanes: Planes tracker already destroyed.
[2026.05.12-13.41.21:385][813]LogModuleManager: Shutting down and abandoning module MagicLeapImageTracker (334)
[2026.05.12-13.41.21:385][813]LogModuleManager: Shutting down and abandoning module MagicLeapIdentity (332)
[2026.05.12-13.41.21:385][813]LogModuleManager: Shutting down and abandoning module MagicLeapHandTracking (330)
[2026.05.12-13.41.21:385][813]LogModuleManager: Shutting down and abandoning module MagicLeapEyeTracker (328)
[2026.05.12-13.41.21:385][813]LogModuleManager: Shutting down and abandoning module MagicLeapController (326)
[2026.05.12-13.41.21:385][813]LogModuleManager: Shutting down and abandoning module MagicLeapARPinImpl (324)
[2026.05.12-13.41.21:385][813]LogModuleManager: Shutting down and abandoning module MagicLeapAR (322)
[2026.05.12-13.41.21:385][813]LogModuleManager: Shutting down and abandoning module ImgMediaEngine (320)
[2026.05.12-13.41.21:385][813]LogModuleManager: Shutting down and abandoning module ActorSequence (318)
[2026.05.12-13.41.21:385][813]LogModuleManager: Shutting down and abandoning module TcpMessaging (316)
[2026.05.12-13.41.21:385][813]LogModuleManager: Shutting down and abandoning module UdpMessaging (314)
[2026.05.12-13.41.21:385][813]LogModuleManager: Shutting down and abandoning module GameplayTagsEditor (312)
[2026.05.12-13.41.21:385][813]LogModuleManager: Shutting down and abandoning module AssetManagerEditor (310)
[2026.05.12-13.41.21:385][813]LogModuleManager: Shutting down and abandoning module TreeMap (309)
[2026.05.12-13.41.21:385][813]LogModuleManager: Shutting down and abandoning module FacialAnimation (306)
[2026.05.12-13.41.21:385][813]LogModuleManager: Shutting down and abandoning module PythonScriptPlugin (304)
[2026.05.12-13.41.21:385][813]LogModuleManager: Shutting down and abandoning module NiagaraAnimNotifies (302)
[2026.05.12-13.41.21:385][813]LogModuleManager: Shutting down and abandoning module Niagara (300)
[2026.05.12-13.41.21:385][813]LogModuleManager: Shutting down and abandoning module SignalProcessing (299)
[2026.05.12-13.41.21:385][813]LogModuleManager: Shutting down and abandoning module NiagaraEditor (297)
[2026.05.12-13.41.21:385][813]LogModuleManager: Shutting down and abandoning module ContentBrowser (296)
[2026.05.12-13.41.21:385][813]LogModuleManager: Shutting down and abandoning module CollectionManager (295)
[2026.05.12-13.41.21:385][813]LogModuleManager: Shutting down and abandoning module DirectoryWatcher (294)
[2026.05.12-13.41.21:385][813]LogModuleManager: Shutting down and abandoning module ContentBrowserData (291)
[2026.05.12-13.41.21:385][813]LogModuleManager: Shutting down and abandoning module NiagaraCore (286)
[2026.05.12-13.41.21:385][813]LogModuleManager: Shutting down and abandoning module PropertyAccessNode (284)
[2026.05.12-13.41.21:385][813]LogModuleManager: Shutting down and abandoning module AnimationSharing (282)
[2026.05.12-13.41.21:385][813]LogModuleManager: Shutting down and abandoning module GameplayCameras (280)
[2026.05.12-13.41.21:385][813]LogModuleManager: Shutting down and abandoning module LightPropagationVolumeRuntime (278)
[2026.05.12-13.41.21:385][813]LogModuleManager: Shutting down and abandoning module EnvironmentQueryEditor (276)
[2026.05.12-13.41.21:385][813]LogModuleManager: Shutting down and abandoning module Paper2D (274)
[2026.05.12-13.41.21:385][813]LogModuleManager: Shutting down and abandoning module WindowsMoviePlayer (272)
[2026.05.12-13.41.21:387][813]LogModuleManager: Shutting down and abandoning module WebMMoviePlayer (270)
[2026.05.12-13.41.21:387][813]LogModuleManager: Shutting down and abandoning module NetworkReplayStreaming (268)
[2026.05.12-13.41.21:387][813]LogModuleManager: Shutting down and abandoning module PacketHandler (266)
[2026.05.12-13.41.21:387][813]LogModuleManager: Shutting down and abandoning module ClothingSystemEditor (264)
[2026.05.12-13.41.21:387][813]LogModuleManager: Shutting down and abandoning module ClothingSystemRuntimeNv (262)
[2026.05.12-13.41.21:387][813]LogModuleManager: Shutting down and abandoning module MediaAssets (260)
[2026.05.12-13.41.21:387][813]LogModuleManager: Shutting down and abandoning module Overlay (258)
[2026.05.12-13.41.21:387][813]LogModuleManager: Shutting down and abandoning module OverlayEditor (257)
[2026.05.12-13.41.21:387][813]LogModuleManager: Shutting down and abandoning module VREditor (254)
[2026.05.12-13.41.21:387][813]LogModuleManager: Shutting down and abandoning module StringTableEditor (252)
[2026.05.12-13.41.21:387][813]LogModuleManager: Shutting down and abandoning module GameplayTasksEditor (250)
[2026.05.12-13.41.21:387][813]LogModuleManager: Shutting down and abandoning module BehaviorTreeEditor (248)
[2026.05.12-13.41.21:387][813]LogModuleManager: Shutting down and abandoning module FunctionalTesting (246)
[2026.05.12-13.41.21:387][813]LogModuleManager: Shutting down and abandoning module CollisionAnalyzer (244)
[2026.05.12-13.41.21:387][813]LogModuleManager: Shutting down and abandoning module WorkspaceMenuStructure (243)
[2026.05.12-13.41.21:387][813]LogModuleManager: Shutting down and abandoning module UMG (240)
[2026.05.12-13.41.21:387][813]LogModuleManager: Shutting down and abandoning module UMGEditor (239)
[2026.05.12-13.41.21:387][813]LogModuleManager: Shutting down and abandoning module Sequencer (238)
[2026.05.12-13.41.21:387][813]LogModuleManager: Shutting down and abandoning module MessageLog (235)
[2026.05.12-13.41.21:387][813]LogModuleManager: Shutting down and abandoning module SlateReflector (230)
[2026.05.12-13.41.21:387][813]LogModuleManager: Shutting down and abandoning module Slate (228)
[2026.05.12-13.41.21:387][813]LogModuleManager: Shutting down and abandoning module SlateCore (226)
[2026.05.12-13.41.21:388][813]LogModuleManager: Shutting down and abandoning module LandscapeEditorUtilities (224)
[2026.05.12-13.41.21:388][813]LogModuleManager: Shutting down and abandoning module UnrealEd (222)
[2026.05.12-13.41.21:388][813]LogModuleManager: Shutting down and abandoning module MRMesh (220)
[2026.05.12-13.41.21:388][813]LogModuleManager: Shutting down and abandoning module Messaging (218)
[2026.05.12-13.41.21:388][813]LogModuleManager: Shutting down and abandoning module SourceCodeAccess (216)
[2026.05.12-13.41.21:388][813]LogModuleManager: Shutting down and abandoning module HeadMountedDisplay (214)
[2026.05.12-13.41.21:388][813]LogModuleManager: Shutting down and abandoning module XAudio2 (212)
[2026.05.12-13.41.21:388][813]LogModuleManager: Shutting down and abandoning module Networking (210)
[2026.05.12-13.41.21:388][813]LogModuleManager: Shutting down and abandoning module Core (208)
[2026.05.12-13.41.21:388][813]LogModuleManager: Shutting down and abandoning module MaterialEditor (206)
[2026.05.12-13.41.21:388][813]LogModuleManager: Shutting down and abandoning module MovieSceneTools (204)
[2026.05.12-13.41.21:388][813]LogModuleManager: Shutting down and abandoning module EditorStyle (203)
[2026.05.12-13.41.21:389][813]LogModuleManager: Shutting down and abandoning module KismetCompiler (200)
[2026.05.12-13.41.21:389][813]LogModuleManager: Shutting down and abandoning module MeshBuilder (198)
[2026.05.12-13.41.21:389][813]LogModuleManager: Shutting down and abandoning module MeshUtilities (196)
[2026.05.12-13.41.21:389][813]LogModuleManager: Shutting down and abandoning module MeshMergeUtilities (195)
[2026.05.12-13.41.21:389][813]LogModuleManager: Shutting down and abandoning module MeshReductionInterface (194)
[2026.05.12-13.41.21:389][813]LogModuleManager: Shutting down and abandoning module MeshBoneReduction (193)
[2026.05.12-13.41.21:389][813]LogModuleManager: Shutting down and abandoning module SkeletalMeshReduction (191)
[2026.05.12-13.41.21:389][813]LogModuleManager: Shutting down and abandoning module ProxyLODMeshReduction (189)
[2026.05.12-13.41.21:389][813]LogModuleManager: Shutting down and abandoning module QuadricMeshReduction (187)
[2026.05.12-13.41.21:389][813]LogModuleManager: Shutting down and abandoning module MaterialBaking (183)
[2026.05.12-13.41.21:389][813]LogModuleManager: Shutting down and abandoning module NullInstallBundleManager (178)
[2026.05.12-13.41.21:389][813]LogModuleManager: Shutting down and abandoning module PIEPreviewDeviceProfileSelector (176)
[2026.05.12-13.41.21:389][813]LogModuleManager: Shutting down and abandoning module DerivedDataCache (174)
[2026.05.12-13.41.21:390][813]LogModuleManager: Shutting down and abandoning module TargetPlatform (172)
[2026.05.12-13.41.21:390][813]LogModuleManager: Shutting down and abandoning module VulkanShaderFormat (171)
[2026.05.12-13.41.21:390][813]LogModuleManager: Shutting down and abandoning module ShaderFormatVectorVM (169)
[2026.05.12-13.41.21:390][813]LogModuleManager: Shutting down and abandoning module ShaderFormatOpenGL (167)
[2026.05.12-13.41.21:390][813]LogModuleManager: Shutting down and abandoning module ShaderFormatD3D (165)
[2026.05.12-13.41.21:390][813]LogModuleManager: Shutting down and abandoning module MetalShaderFormat (163)
[2026.05.12-13.41.21:390][813]LogModuleManager: Shutting down and abandoning module TextureFormatOodle (161)
[2026.05.12-13.41.21:390][813]LogModuleManager: Shutting down and abandoning module TextureFormatUncompressed (159)
[2026.05.12-13.41.21:390][813]LogModuleManager: Shutting down and abandoning module TextureFormatPVR (157)
[2026.05.12-13.41.21:390][813]LogModuleManager: Shutting down and abandoning module TextureFormatETC2 (155)
[2026.05.12-13.41.21:390][813]LogModuleManager: Shutting down and abandoning module TextureFormatDXT (153)
[2026.05.12-13.41.21:390][813]LogModuleManager: Shutting down and abandoning module TextureFormatIntelISPCTexComp (151)
[2026.05.12-13.41.21:390][813]LogModuleManager: Shutting down and abandoning module TextureFormatASTC (149)
[2026.05.12-13.41.21:390][813]LogModuleManager: Shutting down and abandoning module ImageWrapper (148)
[2026.05.12-13.41.21:390][813]LogModuleManager: Shutting down and abandoning module AudioFormatOpus (145)
[2026.05.12-13.41.21:391][813]LogModuleManager: Shutting down and abandoning module AudioFormatOgg (143)
[2026.05.12-13.41.21:391][813]LogModuleManager: Shutting down and abandoning module AudioFormatADPCM (141)
[2026.05.12-13.41.21:391][813]LogModuleManager: Shutting down and abandoning module WindowsServerTargetPlatform (139)
[2026.05.12-13.41.21:391][813]LogModuleManager: Shutting down and abandoning module WindowsClientTargetPlatform (137)
[2026.05.12-13.41.21:391][813]LogModuleManager: Shutting down and abandoning module WindowsTargetPlatform (135)
[2026.05.12-13.41.21:391][813]LogModuleManager: Shutting down and abandoning module WindowsNoEditorTargetPlatform (133)
[2026.05.12-13.41.21:391][813]LogModuleManager: Shutting down and abandoning module D3D11RHI (130)
[2026.05.12-13.41.21:391][813]LogModuleManager: Shutting down and abandoning module InputCore (128)
[2026.05.12-13.41.21:391][813]LogModuleManager: Shutting down and abandoning module Settings (126)
[2026.05.12-13.41.21:391][813]LogModuleManager: Shutting down and abandoning module PhysXCooking (124)
[2026.05.12-13.41.21:391][813]LogModuleManager: Shutting down and abandoning module Chaos (122)
[2026.05.12-13.41.21:391][813]LogModuleManager: Shutting down and abandoning module WindowsPlatformFeatures (120)
[2026.05.12-13.41.21:391][813]LogModuleManager: Shutting down and abandoning module GameplayMediaEncoder (119)
[2026.05.12-13.41.21:391][813]LogModuleManager: Shutting down and abandoning module AVEncoder (118)
[2026.05.12-13.41.21:391][813]LogModuleManager: Shutting down and abandoning module SteamVRInputDevice (114)
[2026.05.12-13.41.21:391][813]LogModuleManager: Shutting down and abandoning module SteamVRInput (112)
[2026.05.12-13.41.21:391][813]LogModuleManager: Shutting down and abandoning module SteamVR (110)
[2026.05.12-13.41.21:392][813]LogHMD: Freeing OpenVRDLLHandle.
[2026.05.12-13.41.21:392][813]LogModuleManager: Shutting down and abandoning module OculusHMD (108)
[2026.05.12-13.41.21:392][813]LogModuleManager: Shutting down and abandoning module OpenXREyeTracker (106)
[2026.05.12-13.41.21:392][813]LogModuleManager: Shutting down and abandoning module OpenXRAR (104)
[2026.05.12-13.41.21:392][813]LogModuleManager: Shutting down and abandoning module AugmentedReality (103)
[2026.05.12-13.41.21:392][813]LogModuleManager: Shutting down and abandoning module OpenXRHandTracking (100)
[2026.05.12-13.41.21:392][813]LogSlate: Slate User Destroyed.  User Index 0, Is Virtual User: 0
[2026.05.12-13.41.21:392][813]LogModuleManager: Shutting down and abandoning module OpenXRHMD (99)
[2026.05.12-13.41.21:392][813]LogModuleManager: Shutting down and abandoning module MLSDK (96)
[2026.05.12-13.41.21:392][813]LogModuleManager: Shutting down and abandoning module ExampleDeviceProfileSelector (94)
[2026.05.12-13.41.21:392][813]LogModuleManager: Shutting down and abandoning module ChunkDownloader (92)
[2026.05.12-13.41.21:392][813]LogModuleManager: Shutting down and abandoning module LauncherChunkInstaller (90)
[2026.05.12-13.41.21:392][813]LogModuleManager: Shutting down and abandoning module OnlineBlueprintSupport (88)
[2026.05.12-13.41.21:392][813]LogModuleManager: Shutting down and abandoning module MagicLeap (84)
[2026.05.12-13.41.21:392][813]LogModuleManager: Shutting down and abandoning module OnlineSubsystem (82)
[2026.05.12-13.41.21:393][813]LogModuleManager: Shutting down and abandoning module XMPP (77)
[2026.05.12-13.41.21:393][813]LogModuleManager: Shutting down and abandoning module WebSockets (76)
[2026.05.12-13.41.21:401][813]LogModuleManager: Shutting down and abandoning module HTTP (73)
[2026.05.12-13.41.21:402][813]LogHttp: Display: cleaning up 0 outstanding Http requests.
[2026.05.12-13.41.21:433][813]LogModuleManager: Shutting down and abandoning module SSL (72)
[2026.05.12-13.41.21:434][813]LogModuleManager: Shutting down and abandoning module WmfMedia (68)
[2026.05.12-13.41.21:435][813]LogModuleManager: Shutting down and abandoning module Media (67)
[2026.05.12-13.41.21:435][813]LogModuleManager: Shutting down and abandoning module MediaInfo (66)
[2026.05.12-13.41.21:435][813]LogModuleManager: Shutting down and abandoning module ExrReaderGpu (62)
[2026.05.12-13.41.21:435][813]LogModuleManager: Shutting down and abandoning module NiagaraVertexFactories (60)
[2026.05.12-13.41.21:435][813]LogModuleManager: Shutting down and abandoning module NiagaraShader (58)
[2026.05.12-13.41.21:435][813]LogModuleManager: Shutting down and abandoning module ChaosCloth (56)
[2026.05.12-13.41.21:435][813]LogModuleManager: Shutting down and abandoning module PixWinPlugin (54)
[2026.05.12-13.41.21:435][813]LogModuleManager: Shutting down and abandoning module VariantManagerContent (52)
[2026.05.12-13.41.21:435][813]LogModuleManager: Shutting down and abandoning module DatasmithContent (50)
[2026.05.12-13.41.21:437][813]LogModuleManager: Shutting down and abandoning module AISupportModule (48)
[2026.05.12-13.41.21:437][813]LogModuleManager: Shutting down and abandoning module PlatformCryptoOpenSSL (46)
[2026.05.12-13.41.21:437][813]LogModuleManager: Shutting down and abandoning module PlatformCryptoTypes (44)
[2026.05.12-13.41.21:437][813]LogModuleManager: Shutting down and abandoning module PlatformCrypto (42)
[2026.05.12-13.41.21:437][813]LogModuleManager: Shutting down and abandoning module PythonScriptPluginPreload (40)
[2026.05.12-13.41.21:437][813]LogModuleManager: Shutting down and abandoning module OodleDataCompressionFormat (38)
[2026.05.12-13.41.21:437][813]LogModuleManager: Shutting down and abandoning module XGEController (36)
[2026.05.12-13.41.21:437][813]LogXGEController: Cleaning working directory: C:/Users/kapil/AppData/Local/Temp/UnrealXGEWorkingDir/
[2026.05.12-13.41.21:437][813]LogModuleManager: Shutting down and abandoning module AnimationModifiers (34)
[2026.05.12-13.41.21:437][813]LogModuleManager: Shutting down and abandoning module AudioEditor (32)
[2026.05.12-13.41.21:437][813]LogModuleManager: Shutting down and abandoning module PropertyEditor (31)
[2026.05.12-13.41.21:437][813]LogModuleManager: Shutting down and abandoning module TextureCompressor (28)
[2026.05.12-13.41.21:437][813]LogModuleManager: Shutting down and abandoning module RenderCore (26)
[2026.05.12-13.41.21:437][813]LogModuleManager: Shutting down and abandoning module Landscape (24)
[2026.05.12-13.41.21:437][813]LogModuleManager: Shutting down and abandoning module SlateRHIRenderer (22)
[2026.05.12-13.41.21:438][813]LogModuleManager: Shutting down and abandoning module AnimGraphRuntime (20)
[2026.05.12-13.41.21:438][813]LogModuleManager: Shutting down and abandoning module Renderer (18)
[2026.05.12-13.41.21:438][813]LogModuleManager: Shutting down and abandoning module Engine (16)
[2026.05.12-13.41.21:438][813]LogModuleManager: Shutting down and abandoning module CoreUObject (14)
[2026.05.12-13.41.21:438][813]LogModuleManager: Shutting down and abandoning module NetworkFile (12)
[2026.05.12-13.41.21:438][813]LogModuleManager: Shutting down and abandoning module CookedIterativeFile (10)
[2026.05.12-13.41.21:438][813]LogModuleManager: Shutting down and abandoning module StreamingFile (8)
[2026.05.12-13.41.21:438][813]LogModuleManager: Shutting down and abandoning module SandboxFile (6)
[2026.05.12-13.41.21:438][813]LogModuleManager: Shutting down and abandoning module PakFile (4)
[2026.05.12-13.41.21:438][813]LogModuleManager: Shutting down and abandoning module RSA (3)
[2026.05.12-13.41.21:438][813]LogContentStreaming: Display: There are 1 unreleased StreamingManagers
[2026.05.12-13.41.21:458][813]LogD3D11RHI: Shutdown
[2026.05.12-13.41.21:458][813]LogD3D11RHI: CleanupD3DDevice
[2026.05.12-13.41.21:524][813]LogExit: Exiting.
[2026.05.12-13.41.21:528][813]Log file closed, 05/12/26 06:41:21
