[2026-05-12T06:39:06.5522270-07:00] DebugMonitor start, maxSeconds=1800
[2026-05-12T06:39:06.5577605-07:00] [pid=37768] [2026.05.12-13.39.06:555][  0]LogInit: Physics initialised using underlying interface: PhysX
[2026-05-12T06:39:06.5577605-07:00] [pid=37768] [2026.05.12-13.39.06:556][  0]LogInit: Using OS detected language (en-US).
[2026-05-12T06:39:06.5577605-07:00] [pid=37768] [2026.05.12-13.39.06:557][  0]LogInit: Using OS detected locale (en-US).
[2026-05-12T06:39:06.5628325-07:00] [pid=37768] [2026.05.12-13.39.06:562][  0]LogTextLocalizationManager: No specific localization for 'en-US' exists, so the 'en' localization will be used.
[2026-05-12T06:39:06.7030462-07:00] [pid=37768] [2026.05.12-13.39.06:703][  0]LogWindowsTextInputMethodSystem: Display: IME system deactivated.
[2026-05-12T06:39:06.7130904-07:00] [pid=37768] [2026.05.12-13.39.06:713][  0]LogSlate: New Slate User Created.  User Index 0, Is Virtual User: 0
[2026-05-12T06:39:06.7130904-07:00] [pid=37768] [2026.05.12-13.39.06:713][  0]LogSlate: Slate User Registered.  User Index 0, Is Virtual User: 0
[2026-05-12T06:39:06.7211322-07:00] [pid=37768] [2026.05.12-13.39.06:721][  0]LogD3D11RHI: Loaded GFSDK_Aftermath_Lib.x64.dll
[2026-05-12T06:39:06.7639102-07:00] [pid=37768] [2026.05.12-13.39.06:763][  0]LogHMD: Failed to initialize OpenVR with code 110
[2026-05-12T06:39:06.7639102-07:00] [pid=37768] [2026.05.12-13.39.06:763][  0]LogD3D11RHI: D3D11 min allowed feature level: 11_0
[2026-05-12T06:39:06.7639102-07:00] [pid=37768] [2026.05.12-13.39.06:763][  0]LogD3D11RHI: D3D11 max allowed feature level: 11_0
[2026-05-12T06:39:06.7639102-07:00] [pid=37768] [2026.05.12-13.39.06:763][  0]LogD3D11RHI: D3D11 adapters:
[2026-05-12T06:39:06.9186693-07:00] [pid=37768] [2026.05.12-13.39.06:918][  0]LogD3D11RHI:    0. 'NVIDIA GeForce RTX 4060 Laptop GPU' (Feature Level 11_0)
[2026-05-12T06:39:06.9186693-07:00] [pid=37768] [2026.05.12-13.39.06:918][  0]LogD3D11RHI:       7957/0/8034 MB DedicatedVideo/DedicatedSystem/SharedSystem, Outputs:1, VendorId:0x10de
[2026-05-12T06:39:06.9422911-07:00] [pid=37768] [2026.05.12-13.39.06:942][  0]LogD3D11RHI:    1. 'Intel(R) UHD Graphics' (Feature Level 11_0)
[2026-05-12T06:39:06.9422911-07:00] [pid=37768] [2026.05.12-13.39.06:942][  0]LogD3D11RHI:       128/0/8034 MB DedicatedVideo/DedicatedSystem/SharedSystem, Outputs:0, VendorId:0x8086
[2026-05-12T06:39:06.9452856-07:00] [pid=37768] [2026.05.12-13.39.06:945][  0]LogD3D11RHI:    2. 'Microsoft Basic Render Driver' (Feature Level 11_0)
[2026-05-12T06:39:06.9452856-07:00] [pid=37768] [2026.05.12-13.39.06:945][  0]LogD3D11RHI:       0/0/8034 MB DedicatedVideo/DedicatedSystem/SharedSystem, Outputs:0, VendorId:0x1414
[2026-05-12T06:39:06.9452856-07:00] [pid=37768] [2026.05.12-13.39.06:945][  0]LogD3D11RHI: Chosen D3D11 Adapter:
[2026-05-12T06:39:06.9452856-07:00] [pid=37768] [2026.05.12-13.39.06:945][  0]LogD3D11RHI:     Description : NVIDIA GeForce RTX 4060 Laptop GPU
[2026-05-12T06:39:06.9452856-07:00] [pid=37768] [2026.05.12-13.39.06:945][  0]LogD3D11RHI:     VendorId    : 10de
[2026-05-12T06:39:06.9452856-07:00] [pid=37768] [2026.05.12-13.39.06:945][  0]LogD3D11RHI:     DeviceId    : 28e0
[2026-05-12T06:39:06.9452856-07:00] [pid=37768] [2026.05.12-13.39.06:945][  0]LogD3D11RHI:     SubSysId    : bf81028
[2026-05-12T06:39:06.9452856-07:00] [pid=37768] [2026.05.12-13.39.06:945][  0]LogD3D11RHI:     Revision    : 00a1
[2026-05-12T06:39:06.9452856-07:00] [pid=37768] [2026.05.12-13.39.06:945][  0]LogD3D11RHI:     DedicatedVideoMemory : 8343519232 bytes
[2026-05-12T06:39:06.9467937-07:00] [pid=37768] [2026.05.12-13.39.06:945][  0]LogD3D11RHI:     DedicatedSystemMemory : 0 bytes
[2026-05-12T06:39:06.9467937-07:00] [pid=37768] [2026.05.12-13.39.06:946][  0]LogD3D11RHI:     SharedSystemMemory : 8424628224 bytes
[2026-05-12T06:39:06.9467937-07:00] [pid=37768] [2026.05.12-13.39.06:946][  0]LogD3D11RHI:     AdapterLuid : 0 75339
[2026-05-12T06:39:06.9533404-07:00] [pid=37768] [2026.05.12-13.39.06:953][  0]LogD3D11RHI: Creating new Direct3DDevice
[2026-05-12T06:39:06.9533404-07:00] [pid=37768] [2026.05.12-13.39.06:953][  0]LogD3D11RHI:     GPU DeviceId: 0x28e0 (for the marketing name, search the web for "GPU Device Id")
[2026-05-12T06:39:06.9533404-07:00] [pid=37768] [2026.05.12-13.39.06:953][  0]LogWindows: EnumDisplayDevices:
[2026-05-12T06:39:06.9533404-07:00] [pid=37768] [2026.05.12-13.39.06:953][  0]LogWindows:    0. 'Intel(R) UHD Graphics' (P:1 D:1)
[2026-05-12T06:39:06.9533404-07:00] [pid=37768] [2026.05.12-13.39.06:953][  0]LogWindows:    1. 'Intel(R) UHD Graphics' (P:0 D:0)
[2026-05-12T06:39:06.9533404-07:00] [pid=37768] [2026.05.12-13.39.06:953][  0]LogWindows:    2. 'Intel(R) UHD Graphics' (P:0 D:0)
[2026-05-12T06:39:06.9533404-07:00] [pid=37768] [2026.05.12-13.39.06:953][  0]LogWindows:    3. 'Intel(R) UHD Graphics' (P:0 D:0)
[2026-05-12T06:39:06.9543409-07:00] [pid=37768] [2026.05.12-13.39.06:954][  0]LogWindows:    4. 'NVIDIA GeForce RTX 4060 Laptop GPU' (P:0 D:0)
[2026-05-12T06:39:06.9543409-07:00] [pid=37768] [2026.05.12-13.39.06:954][  0]LogWindows: DebugString: PrimaryIsNotTheChoosenAdapter PrimaryIsNotTheChoosenAdapter PrimaryIsNotTheChoosenAdapter PrimaryIsNotTheChoosenAdapter 
[2026-05-12T06:39:06.9543409-07:00] [pid=37768] [2026.05.12-13.39.06:954][  0]LogD3D11RHI:     Adapter Name: NVIDIA GeForce RTX 4060 Laptop GPU
[2026-05-12T06:39:06.9543409-07:00] [pid=37768] [2026.05.12-13.39.06:954][  0]LogD3D11RHI:   Driver Version: 581.95 (internal:32.0.15.8195, unified:581.95)
[2026-05-12T06:39:06.9543409-07:00] [pid=37768] [2026.05.12-13.39.06:954][  0]LogD3D11RHI:      Driver Date: 11-18-2025
[2026-05-12T06:39:06.9543409-07:00] [pid=37768] [2026.05.12-13.39.06:954][  0]LogRHI: Texture pool is 5569 MB (70% of 7957 MB)
[2026-05-12T06:39:06.9543409-07:00] [pid=37768] [2026.05.12-13.39.06:954][  0]LogD3D11RHI: Creating D3DDevice using adapter:
[2026-05-12T06:39:06.9543409-07:00] [pid=37768] [2026.05.12-13.39.06:954][  0]LogD3D11RHI:     Description : NVIDIA GeForce RTX 4060 Laptop GPU
[2026-05-12T06:39:06.9543409-07:00] [pid=37768] [2026.05.12-13.39.06:954][  0]LogD3D11RHI:     VendorId    : 10de
[2026-05-12T06:39:06.9543409-07:00] [pid=37768] [2026.05.12-13.39.06:954][  0]LogD3D11RHI:     DeviceId    : 28e0
[2026-05-12T06:39:06.9543409-07:00] [pid=37768] [2026.05.12-13.39.06:954][  0]LogD3D11RHI:     SubSysId    : bf81028
[2026-05-12T06:39:06.9543409-07:00] [pid=37768] [2026.05.12-13.39.06:954][  0]LogD3D11RHI:     Revision    : 00a1
[2026-05-12T06:39:06.9543409-07:00] [pid=37768] [2026.05.12-13.39.06:954][  0]LogD3D11RHI:     DedicatedVideoMemory : 8343519232 bytes
[2026-05-12T06:39:06.9543409-07:00] [pid=37768] [2026.05.12-13.39.06:954][  0]LogD3D11RHI:     DedicatedSystemMemory : 0 bytes
[2026-05-12T06:39:06.9543409-07:00] [pid=37768] [2026.05.12-13.39.06:954][  0]LogD3D11RHI:     SharedSystemMemory : 8424628224 bytes
[2026-05-12T06:39:06.9543409-07:00] [pid=37768] [2026.05.12-13.39.06:954][  0]LogD3D11RHI:     AdapterLuid : 0 75339
[2026-05-12T06:39:07.0714807-07:00] [pid=37768] [2026.05.12-13.39.07:071][  0]LogD3D11RHI: RHI has support for 64 bit atomics
[2026-05-12T06:39:07.0714807-07:00] [pid=37768] [2026.05.12-13.39.07:071][  0]LogD3D11RHI: Async texture creation enabled
[2026-05-12T06:39:07.0724844-07:00] [pid=37768] [2026.05.12-13.39.07:071][  0]LogD3D11RHI: Array index from any shader is supported
[2026-05-12T06:39:07.0830336-07:00] [pid=37768] [2026.05.12-13.39.07:083][  0]LogD3D11RHI: GPU Timing Frequency: 1000.000000 (Debug: 2 1)
[2026-05-12T06:39:07.1131600-07:00] [pid=37768] [2026.05.12-13.39.07:113][  0]LogRHI: GeForceNow SDK initialized: 1
[2026-05-12T06:39:07.2785998-07:00] [pid=32092] MacPlatformFactory.RegisterBuildPlatforms: UnrealBuildTool.MacPlatformSDK using manually installed SDK
[2026-05-12T06:39:07.2876759-07:00] [pid=32092] TVOSPlatformFactory.RegisterBuildPlatforms: UnrealBuildTool.IOSPlatformSDK has no valid SDK
[2026-05-12T06:39:07.2901855-07:00] [pid=32092] AndroidPlatformFactory.RegisterBuildPlatforms: UnrealBuildTool.AndroidPlatformSDK has no valid SDK
[2026-05-12T06:39:07.2911921-07:00] [pid=32092] HoloLensPlatformFactory.RegisterBuildPlatforms: UnrealBuildTool.HoloLensPlatformSDK using manually installed SDK
[2026-05-12T06:39:07.2931950-07:00] [pid=32092] IOSPlatformFactory.RegisterBuildPlatforms: UnrealBuildTool.IOSPlatformSDK has no valid SDK
[2026-05-12T06:39:07.2951956-07:00] [pid=32092] LinuxPlatformFactory.RegisterBuildPlatforms: UnrealBuildTool.LinuxPlatformSDK has no valid SDK
[2026-05-12T06:39:07.2951956-07:00] [pid=32092] LuminSDKVersionHelper.HasAnySDK: *** Unable to determine MLSDK location ***
[2026-05-12T06:39:07.2951956-07:00] [pid=32092] LuminSDKVersionHelper.HasAnySDK: *** Unable to determine MLSDK location ***
[2026-05-12T06:39:07.2951956-07:00] [pid=32092] LuminPlatformFactory.RegisterBuildPlatforms: UnrealBuildTool.LuminPlatformSDK has no valid SDK
[2026-05-12T06:39:07.2967091-07:00] [pid=32092] WindowsPlatformFactory.RegisterBuildPlatforms: UnrealBuildTool.WindowsPlatformSDK using manually installed SDK
[2026-05-12T06:39:07.3012466-07:00] [pid=32092] ValidatePlatformsMode.Execute: ##PlatformValidate: Win32 VALID
[2026-05-12T06:39:07.3012466-07:00] [pid=32092] ValidatePlatformsMode.Execute: ##PlatformValidate: Win64 VALID
[2026-05-12T06:39:07.3012466-07:00] [pid=32092] ValidatePlatformsMode.Execute: ##PlatformValidate: HoloLens VALID
[2026-05-12T06:39:07.3022535-07:00] [pid=32092] ValidatePlatformsMode.Execute: ##PlatformValidate: Mac VALID
[2026-05-12T06:39:07.3022535-07:00] [pid=32092] ValidatePlatformsMode.Execute: ##PlatformValidate: XboxOne INVALID
[2026-05-12T06:39:07.3022535-07:00] [pid=32092] ValidatePlatformsMode.Execute: ##PlatformValidate: PS4 INVALID
[2026-05-12T06:39:07.3022535-07:00] [pid=32092] ValidatePlatformsMode.Execute: ##PlatformValidate: IOS INVALID
[2026-05-12T06:39:07.3022535-07:00] [pid=32092] ValidatePlatformsMode.Execute: ##PlatformValidate: Android INVALID
[2026-05-12T06:39:07.3022535-07:00] [pid=32092] ValidatePlatformsMode.Execute: ##PlatformValidate: HTML5 INVALID
[2026-05-12T06:39:07.3022535-07:00] [pid=32092] ValidatePlatformsMode.Execute: ##PlatformValidate: Linux INVALID
[2026-05-12T06:39:07.3022535-07:00] [pid=32092] ValidatePlatformsMode.Execute: ##PlatformValidate: LinuxAArch64 INVALID
[2026-05-12T06:39:07.3022535-07:00] [pid=32092] ValidatePlatformsMode.Execute: ##PlatformValidate: AllDesktop INVALID
[2026-05-12T06:39:07.3022535-07:00] [pid=32092] ValidatePlatformsMode.Execute: ##PlatformValidate: TVOS INVALID
[2026-05-12T06:39:07.3022535-07:00] [pid=32092] ValidatePlatformsMode.Execute: ##PlatformValidate: Switch INVALID
[2026-05-12T06:39:07.3022535-07:00] [pid=32092] ValidatePlatformsMode.Execute: ##PlatformValidate: Lumin INVALID
[2026-05-12T06:39:07.3042586-07:00] [pid=32092] Timeline.Print: Timeline:
[2026-05-12T06:39:07.3042586-07:00] [pid=32092] Timeline.Print: 
[2026-05-12T06:39:07.3042586-07:00] [pid=32092] Timeline.Print: [ 0.000]
[2026-05-12T06:39:07.3052579-07:00] [pid=32092] Timeline.Print: [ 0.014](+0.061) XmlConfig.ReadConfigFiles()
[2026-05-12T06:39:07.3052579-07:00] [pid=32092] Timeline.Print: [ 0.076](+0.000) SingleInstanceMutex.Acquire()
[2026-05-12T06:39:07.3052579-07:00] [pid=32092] Timeline.Print: [ 0.076](+0.044) UEBuildPlatform.RegisterPlatforms()
[2026-05-12T06:39:07.3052579-07:00] [pid=32092] Timeline.Print:   0.077          [ 0.000](+0.020) Initializing InstalledPlatformInfo
[2026-05-12T06:39:07.3052579-07:00] [pid=32092] Timeline.Print:   0.097          [ 0.020](+0.000) Querying types
[2026-05-12T06:39:07.3052579-07:00] [pid=32092] Timeline.Print:   0.098          [ 0.022](+0.010) MacPlatformFactory
[2026-05-12T06:39:07.3052579-07:00] [pid=32092] Timeline.Print:   0.109          [ 0.033](+0.003) TVOSPlatformFactory
[2026-05-12T06:39:07.3052579-07:00] [pid=32092] Timeline.Print:   0.112          [ 0.036](+0.002) AndroidPlatformFactory
[2026-05-12T06:39:07.3052579-07:00] [pid=32092] Timeline.Print:   0.114          [ 0.038](+0.000) HoloLensPlatformFactory
[2026-05-12T06:39:07.3052579-07:00] [pid=32092] Timeline.Print:   0.115          [ 0.039](+0.001) IOSPlatformFactory
[2026-05-12T06:39:07.3052579-07:00] [pid=32092] Timeline.Print:   0.117          [ 0.040](+0.002) LinuxPlatformFactory
[2026-05-12T06:39:07.3052579-07:00] [pid=32092] Timeline.Print:   0.119          [ 0.042](+0.001) LuminPlatformFactory
[2026-05-12T06:39:07.3052579-07:00] [pid=32092] Timeline.Print:   0.120          [ 0.044](+0.000) WindowsPlatformFactory
[2026-05-12T06:39:07.3052579-07:00] [pid=32092] Timeline.Print: [ 0.126](+0.000) FileMetadataPrefetch.Stop()
[2026-05-12T06:39:07.3052579-07:00] [pid=32092] Timeline.Print: [ 0.128]
[2026-05-12T06:39:07.3344100-07:00] [pid=37768] [2026.05.12-13.39.07:334][  0]LogTargetPlatformManager: Display: Loaded TargetPlatform 'WindowsNoEditor'
[2026-05-12T06:39:07.3379335-07:00] [pid=37768] [2026.05.12-13.39.07:337][  0]LogTargetPlatformManager: Display: Loaded TargetPlatform 'Windows'
[2026-05-12T06:39:07.3414397-07:00] [pid=37768] [2026.05.12-13.39.07:340][  0]LogTargetPlatformManager: Display: Loaded TargetPlatform 'WindowsClient'
[2026-05-12T06:39:07.3444549-07:00] [pid=37768] [2026.05.12-13.39.07:344][  0]LogTargetPlatformManager: Display: Loaded TargetPlatform 'WindowsServer'
[2026-05-12T06:39:07.3444549-07:00] [pid=37768] [2026.05.12-13.39.07:344][  0]LogTargetPlatformManager: Display: Building Assets For Windows
[2026-05-12T06:39:07.3494672-07:00] [pid=37768] [2026.05.12-13.39.07:349][  0]LogAudioDebug: Display: Lib vorbis DLL was dynamically loaded.
[2026-05-12T06:39:07.3720489-07:00] [pid=37768] [2026.05.12-13.39.07:372][  0]LogTextureFormatOodle: Display: Oodle Texture 2.9.0 init RDO Off
[2026-05-12T06:39:07.3951664-07:00] [pid=37768] [2026.05.12-13.39.07:395][  0]LogRendererCore: Ray tracing is disabled. Reason: r.RayTracing=0.
[2026-05-12T06:39:07.3951664-07:00] [pid=37768] [2026.05.12-13.39.07:395][  0]LogShaderCompilers: Guid format shader working directory is -26 characters bigger than the processId version (../../../../../../Users/kapil/OneDrive/Documents/Unreal Projects/testTP/Intermediate/Shaders/WorkingDirectory/37768/).
[2026-05-12T06:39:07.3951664-07:00] [pid=37768] [2026.05.12-13.39.07:395][  0]LogShaderCompilers: Cleaned the shader compiler working directory 'C:/Users/kapil/AppData/Local/Temp/UnrealShaderWorkingDir/B79BE592468474DD51C3E582B390C3E9/'.
[2026-05-12T06:39:07.3951664-07:00] [pid=37768] [2026.05.12-13.39.07:395][  0]LogXGEController: Cannot use XGE Controller as Incredibuild is not installed on this machine.
[2026-05-12T06:39:07.3966756-07:00] [pid=37768] [2026.05.12-13.39.07:396][  0]LogShaderCompilers: Cannot use XGE Shader Compiler as Incredibuild is not installed on this machine.
[2026-05-12T06:39:07.3966756-07:00] [pid=37768] [2026.05.12-13.39.07:396][  0]LogShaderCompilers: Display: Using Local Shader Compiler.
[2026-05-12T06:39:07.9669597-07:00] [pid=37768] [2026.05.12-13.39.07:966][  0]LogDerivedDataCache: Display: Max Cache Size: 512 MB
[2026-05-12T06:39:08.0111468-07:00] [pid=37768] [2026.05.12-13.39.08:011][  0]LogDerivedDataCache: Loaded boot cache 0.04s 94MB C:/Users/kapil/AppData/Local/UnrealEngine/4.27/DerivedDataCache/Boot.ddc.
[2026-05-12T06:39:08.0111468-07:00] [pid=37768] [2026.05.12-13.39.08:011][  0]LogDerivedDataCache: Display: Loaded Boot cache: C:/Users/kapil/AppData/Local/UnrealEngine/4.27/DerivedDataCache/Boot.ddc
[2026-05-12T06:39:08.0121573-07:00] [pid=37768] [2026.05.12-13.39.08:012][  0]LogDerivedDataCache: FDerivedDataBackendGraph:  Pak pak cache file ../../../../../../Users/kapil/OneDrive/Documents/Unreal Projects/testTP/DerivedDataCache/DDC.ddp not found, will not use a pak cache.
[2026-05-12T06:39:08.0121573-07:00] [pid=37768] [2026.05.12-13.39.08:012][  0]LogDerivedDataCache: Unable to find inner node Pak for hierarchical cache Hierarchy.
[2026-05-12T06:39:08.0121573-07:00] [pid=37768] [2026.05.12-13.39.08:012][  0]LogDerivedDataCache: FDerivedDataBackendGraph:  CompressedPak pak cache file ../../../../../../Users/kapil/OneDrive/Documents/Unreal Projects/testTP/DerivedDataCache/Compressed.ddp not found, will not use a pak cache.
[2026-05-12T06:39:08.0121573-07:00] [pid=37768] [2026.05.12-13.39.08:012][  0]LogDerivedDataCache: Unable to find inner node CompressedPak for hierarchical cache Hierarchy.
[2026-05-12T06:39:08.0252110-07:00] [pid=37768] [2026.05.12-13.39.08:024][  0]LogDerivedDataCache: Display: Pak cache opened for reading ../../../Engine/DerivedDataCache/Compressed.ddp.
[2026-05-12T06:39:08.0252110-07:00] [pid=37768] [2026.05.12-13.39.08:025][  0]LogDerivedDataCache: FDerivedDataBackendGraph:  EnterprisePak pak cache file ../../../Enterprise/DerivedDataCache/Compressed.ddp not found, will not use a pak cache.
[2026-05-12T06:39:08.0252110-07:00] [pid=37768] [2026.05.12-13.39.08:025][  0]LogDerivedDataCache: Unable to find inner node EnterprisePak for hierarchical cache Hierarchy.
[2026-05-12T06:39:08.0312550-07:00] [pid=37768] [2026.05.12-13.39.08:031][  0]LogDerivedDataCache: Speed tests for C:/Users/kapil/AppData/Local/UnrealEngine/Common/DerivedDataCache took 0.01 seconds
[2026-05-12T06:39:08.0312550-07:00] [pid=37768] [2026.05.12-13.39.08:031][  0]LogDerivedDataCache: Display: Performance to C:/Users/kapil/AppData/Local/UnrealEngine/Common/DerivedDataCache: Latency=0.03ms. RandomReadSpeed=1373.04MBs, RandomWriteSpeed=168.50MBs. Assigned SpeedClass 'Local'
[2026-05-12T06:39:08.0322636-07:00] [pid=37768] [2026.05.12-13.39.08:032][  0]LogDerivedDataCache: Using Local data cache path C:/Users/kapil/AppData/Local/UnrealEngine/Common/DerivedDataCache: Writable
[2026-05-12T06:39:08.0332617-07:00] [pid=37768] [2026.05.12-13.39.08:032][  0]LogDerivedDataCache: Shared data cache path not found in *engine.ini, will not use an Shared cache.
[2026-05-12T06:39:08.0332617-07:00] [pid=37768] [2026.05.12-13.39.08:033][  0]LogDerivedDataCache: Unable to find inner node Shared for hierarchical cache Hierarchy.
[2026-05-12T06:39:08.0588875-07:00] [pid=37768] [2026.05.12-13.39.08:058][  0]LogSlate: Using FreeType 2.10.0
[2026-05-12T06:39:08.0588875-07:00] [pid=37768] [2026.05.12-13.39.08:058][  0]LogSlate: SlateFontServices - WITH_FREETYPE: 1, WITH_HARFBUZZ: 1
[2026-05-12T06:39:08.0940128-07:00] [pid=37768] [2026.05.12-13.39.08:094][  0]LogInit: Using OS detected language (en-US).
[2026-05-12T06:39:08.0940128-07:00] [pid=37768] [2026.05.12-13.39.08:094][  0]LogInit: Using OS detected locale (en-US).
[2026-05-12T06:39:08.0940128-07:00] [pid=37768] [2026.05.12-13.39.08:094][  0]LogTextLocalizationManager: No localization for 'en-US' exists, so 'en' will be used for the language.
[2026-05-12T06:39:08.0940128-07:00] [pid=37768] [2026.05.12-13.39.08:094][  0]LogTextLocalizationManager: No localization for 'en-US' exists, so 'en' will be used for the locale.
[2026-05-12T06:39:08.0940128-07:00] [pid=37768] [2026.05.12-13.39.08:094][  0]LogSlate: FontCache flush requested. Reason: Culture for localization was changed
[2026-05-12T06:39:08.0940128-07:00] [pid=37768] [2026.05.12-13.39.08:094][  0]LogSlate: FontCache flush requested. Reason: Culture for localization was changed
[2026-05-12T06:39:08.0965225-07:00] [pid=37768] [2026.05.12-13.39.08:096][  0]LogTextLocalizationManager: Compacting localization data took   0.01ms
[2026-05-12T06:39:08.0965225-07:00] [pid=37768] [2026.05.12-13.39.08:096][  0]LogAssetRegistry: FAssetRegistry took 0.0012 seconds to start up
[2026-05-12T06:39:08.2267118-07:00] [pid=37768] [2026.05.12-13.39.08:226][  0]LogPackageLocalizationCache: Processed 28 localized package path(s) for 1 prioritized culture(s) in 0.023782 seconds
[2026-05-12T06:39:08.2734591-07:00] [pid=37768] [2026.05.12-13.39.08:273][  0]LogInit: Selected Device Profile: [Windows]
[2026-05-12T06:39:08.2734591-07:00] [pid=37768] [2026.05.12-13.39.08:273][  0]LogInit: Active device profile: [000002A0798DF800][000002A06F831900 49] Windows
[2026-05-12T06:39:08.2734591-07:00] [pid=37768] [2026.05.12-13.39.08:273][  0]LogInit: Profiles: [000002A0798DF800][000002A06F831900 49] Windows, [000002A0798A0A00][000002A06F839A80 49] WindowsNoEditor, [000002A0798DCA00][000002A06F83DC00 49] WindowsServer, [000002A0798A2F00][000002A05B62A200 49] WindowsClient, [000002A0798DEE00][000002A05B62E380 49] IOS, [000002A0798A1400][000002A05B632500 49] iPadAir, [000002A0798DD300][000002A05B636680 49] iPadAir2, [000002A079837D00][000002A05B63E940 49] IPadPro, [000002A079837E00][000002A05B63A980 49] iPadAir3, [000002A0798DE700][000002A05B642B00 49] iPadAir4, [000002A079834F00][000002A072980C80 49] iPadMini2, [000002A0798DD800][000002A072984E00 49] iPadMini3, [000002A079836900][000002A072988F80 49] iPadMini4, [000002A0798DC200][000002A07298D100 49] iPadMini5, [000002A079893600][000002A0729953C0 49] iPhone6, [000002A079893700][000002A072991400 49] iPodTouch6, [000002A079835000][000002A072999640 49] iPhone7, [000002A079835100][000002A06F835680 49] iPodTouch7, [000002A079890E00][000002A07299D7C0 49] iPhone5S, [000002A079836C00][000002A0729A1900 49] iPhone6Plus, [000002A079892A00][000002A0729A9A80 49] iPhone6S, [000002A079837A00][000002A0729ADC00 49] iPhone6SPlus, [000002A079891700][000002A0729B0200 49] iPhone7Plus, [000002A079834600][000002A0729B4380 49] iPhoneSE, [000002A079892100][000002A0729B8500 49] iPhone8, [000002A079836F00][000002A0729BC680 49] iPhone8Plus, [000002A079893100][000002A0730BA800 49] iPhoneX, [000002A079834900][000002A0730BE980 49] iPhoneXS, [000002A079890F00][000002A0730C2B00 49] iPhoneXSMax, [000002A079837600][000002A0730C6C80 49] iPhoneXR, [000002A079891D00][000002A0730CAE00 49] iPhone11, [000002A079835E00][000002A0730CEF80 49] iPhone11Pro, [000002A079893200][000002A0730D3100 49] iPhone11ProMax, [000002A079836E00][000002A0730D7280 49] iPhoneSE2, [000002A079892D00][000002A0730DB400 49] iPhone12Mini, [000002A079837C00][000002A0730DF580 49] iPhone12, [000002A079890C00][000002A0729A56C0 49] iPhone12Pro, [000002A079834800][000002A0730E3800 49] iPhone12ProMax, [000002A079891500][000002A0730E7940 49] iPadPro105, [000002A079834B00][000002A0730EBA80 49] iPadPro129, [000002A079890700][000002A0730F3C00 49] iPadPro97, [000002A079837B00][000002A0730F6200 49] iPadPro2_129, [000002A079893300][000002A0730FA380 49] iPad5, [000002A079837100][000002A0730FE500 49] iPad6, [000002A079893000][000002A073102680 49] iPad7, [000002A079834400][000002A07252A800 49] iPad8, [000002A079891600][000002A07252E980 49] iPadPro11, [000002A079835200][000002A072532B00 49] iPadPro2_11, [000002A079892E00][000002A072536C80 49] iPadPro3_129, [000002A079834300][000002A07253AE00 49] iPadPro4_129, [000002A079892B00][000002A07253EF80 49] AppleTV, [000002A079836000][000002A072543100 49] AppleTV4K, [000002A079892200][000002A072547280 49] TVOS, [000002A079837900][000002A07254B400 49] Mac, [000002A079890B00][000002A07254F580 49] MacClient, [000002A079836600][000002A072553700 49] MacNoEditor, [000002A079890D00][000002A072557880 49] MacServer, [000002A079836500][000002A0730EF9C0 49] Linux, [000002A079891200][000002A07255BB00 49] LinuxAArch64, [000002A079835C00][000002A07255E0C0 49] LinuxNoEditor, [000002A0798A2800][000002A072566240 49] LinuxAArch64NoEditor, [000002A079920F00][000002A07256A3C0 49] LinuxClient, [000002A0798A2700][000002A07256E540 49] LinuxAArch64Client, [000002A079921700][000002A0725726C0 49] LinuxServer, [000002A0798A3700][000002A072576840 49] LinuxAArch64Server, [000002A079920C00][000002A07257A9C0 49] Android, [000002A0798A0800][000002A07257EB40 49] Android_Low, [000002A079921D00][000002A072582CC0 49] Android_Mid, [000002A0798A3A00][000002A072586E40 49] Android_High, [000002A079921400][000002A07258AFC0 49] Android_Default, [000002A0798A0300][000002A07258F140 49] Android_Adreno4xx, [000002A079920900][000002A0725932C0 49] Android_Adreno5xx_Low, [000002A0798A1000][000002A072597440 49] Android_Adreno5xx, [000002A079921E00][000002A07259B5C0 49] Android_Adreno6xx, [000002A0798A1800][000002A07259F740 49] Android_Adreno6xx_Vulkan, [000002A079920600][000002A0725A38C0 49] Android_Mali_T6xx, [000002A0798A0F00][000002A0725A7A40 49] Android_Mali_T7xx, [
[2026-05-12T06:39:08.2734591-07:00] [pid=37768] 000002A079920A00][000002A072563B80 49] Android_Mali_T8xx, [000002A0798A1200][000002A0725AA140 49] Android_Mali_G71, [000002A079921B00][000002A077630280 49] Android_Mali_G72, [000002A0798A3300][000002A0776343C0 49] Android_Mali_G72_Vulkan, [000002A079921900][000002A07763C540 49] Android_Mali_G76, [000002A0798A3800][000002A0776406C0 49] Android_Mali_G76_Vulkan, [000002A079921100][000002A077644840 49] Android_Mali_G77, [000002A079837700][000002A0776489C0 49] Android_Mali_G77_Vulkan, [000002A079892700][000002A07764CB40 49] Android_Mali_G78, [000002A079836B00][000002A077650CC0 49] Android_Mali_G78_Vulkan, [000002A079891400][000002A077654E40 49] Android_Mali_G710, [000002A079834200][000002A077658FC0 49] Android_Mali_G710_Vulkan, [000002A079920800][000002A07765D140 49] Android_Vulkan_SM5, [000002A079837300][000002A0776612C0 49] Android_PowerVR_G6xxx, [000002A079922100][000002A077665440 49] Android_PowerVR_GT7xxx, [000002A079835500][000002A0776695C0 49] Android_PowerVR_GE8xxx, [000002A079922B00][000002A07766D740 49] Android_PowerVR_GM9xxx, [000002A079835B00][000002A0776718C0 49] Android_PowerVR_GM9xxx_Vulkan, [000002A079921000][000002A077675A40 49] Android_TegraK1, [000002A079835700][000002A077679BC0 49] Android_Unknown_Vulkan, [000002A079920200][000002A077638180 49] Lumin, [000002A079836400][000002A07767C2C0 49] Lumin_Desktop, [000002A079920E00][000002A077680400 49] HoloLens, 
[2026-05-12T06:39:08.3040824-07:00] [pid=37768] [2026.05.12-13.39.08:304][  0]LogMeshReduction: Using QuadricMeshReduction for automatic static mesh reduction
[2026-05-12T06:39:08.3040824-07:00] [pid=37768] [2026.05.12-13.39.08:304][  0]LogMeshReduction: Using SimplygonMeshReduction for automatic skeletal mesh reduction
[2026-05-12T06:39:08.3040824-07:00] [pid=37768] [2026.05.12-13.39.08:304][  0]LogMeshReduction: Using ProxyLODMeshReduction for automatic mesh merging
[2026-05-12T06:39:08.3040824-07:00] [pid=37768] [2026.05.12-13.39.08:304][  0]LogMeshReduction: No distributed automatic mesh merging module available
[2026-05-12T06:39:08.3040824-07:00] [pid=37768] [2026.05.12-13.39.08:304][  0]LogMeshMerging: No distributed automatic mesh merging module available
[2026-05-12T06:39:08.3714579-07:00] [pid=37768] [2026.05.12-13.39.08:371][  0]LogNetVersion: testTP 1.0.0, NetCL: 17155196, EngineNetVer: 17, GameNetVer: 0 (Checksum: 3966549976)
[2026-05-12T06:39:08.5387582-07:00] [pid=37768] [2026.05.12-13.39.08:538][  0]LogTexture: Default maximum texture size for cubemaps generated from long-lat sources has been changed from 512 to unlimited. In order to preserve old behaiour for '/Engine/MapTemplates/Sky/DaylightAmbientCubemap.DaylightAmbientCubemap', its maximum texture size has been explicitly set to 512.
[2026-05-12T06:39:08.5779167-07:00] [pid=37768] [2026.05.12-13.39.08:576][  0]LogHMD: PokeAHoleMaterial loaded successfully
[2026-05-12T06:39:08.6613433-07:00] [pid=37768] [2026.05.12-13.39.08:661][  0]LogMoviePlayer: Initializing movie player
[2026-05-12T06:39:08.7050611-07:00] [pid=37768] [2026.05.12-13.39.08:705][  0]LogNiagaraDebuggerClient: Niagara Debugger Client Initialized | Session: 479BBFF343FFE91673D2CBB70625CAEE | Instance: 150CD06041A3F2795512A59D45A81672 (IMMERSEDEMOM5-37768).
[2026-05-12T06:39:08.7201589-07:00] [pid=37768] [2026.05.12-13.39.08:720][  0]LogCollectionManager: Loaded 0 collections in 0.001065 seconds
[2026-05-12T06:39:08.7231838-07:00] [pid=37768] [2026.05.12-13.39.08:723][  0]LogFileCache: Scanning file cache for directory 'C:/Users/kapil/OneDrive/Documents/Unreal Projects/testTP/Saved/Collections/' took 0.00s
[2026-05-12T06:39:08.7231838-07:00] [pid=37768] [2026.05.12-13.39.08:723][  0]LogFileCache: Scanning file cache for directory 'C:/Users/kapil/OneDrive/Documents/Unreal Projects/testTP/Content/Developers/kapil/Collections/' took 0.00s
[2026-05-12T06:39:08.7231838-07:00] [pid=37768] [2026.05.12-13.39.08:723][  0]LogFileCache: Scanning file cache for directory 'C:/Users/kapil/OneDrive/Documents/Unreal Projects/testTP/Content/Collections/' took 0.00s
[2026-05-12T06:39:08.7231838-07:00] [pid=37768] [2026.05.12-13.39.08:723][  0]LogCollectionManager: Fixed up redirectors for 0 collections in 0.000002 seconds (updated 0 objects)
[2026-05-12T06:39:08.7367703-07:00] [pid=37768] [2026.05.12-13.39.08:736][  0]LogPython: Using Python 3.7.7
[2026-05-12T06:39:09.1374997-07:00] [pid=37768] [2026.05.12-13.39.09:136][  0]LogAkAudio: Wwise(R) SDK Version 2019.2.15 Build 7667. Copyright (c) 2006-2019 Audiokinetic Inc.
[2026-05-12T06:39:09.1374997-07:00] [pid=37768] [2026.05.12-13.39.09:137][  0]LogAkAudio: Wwise plug-in DLL path: C:/Users/kapil/OneDrive/Documents/Unreal Projects/testTP/Plugins/Wwise/ThirdParty/x64_vc150/Profile/bin/
[2026-05-12T06:39:09.1374997-07:00] [pid=37768] [2026.05.12-13.39.09:137][  0]LogAkAudio: Wwise remote connection application name: testTP
[2026-05-12T06:39:09.1374997-07:00] [pid=37768] [2026.05.12-13.39.09:137][  0]LogAkAudio: Wwise successfully initialized.
[2026-05-12T06:39:09.1400064-07:00] [pid=37768] <<<_____ ImmerseAudioRenderer _____>>> 
[2026-05-12T06:39:09.1400064-07:00] [pid=37768] RegisterImmerseAudioRendererFX()
[2026-05-12T06:39:09.1400064-07:00] [pid=37768] 
[2026-05-12T06:39:09.1400064-07:00] [pid=37768] <<<_____ ImmerseAudioRenderer _____>>> 
[2026-05-12T06:39:09.1400064-07:00] [pid=37768] CreateImmerseManager
[2026-05-12T06:39:09.1400064-07:00] [pid=37768] 
[2026-05-12T06:39:09.1400064-07:00] [pid=37768] <<<_____ ImmerseAudioRenderer _____>>> 
[2026-05-12T06:39:09.1400064-07:00] [pid=37768] loadAndInitializeImmerseEngine
[2026-05-12T06:39:09.1400064-07:00] [pid=37768] 
[2026-05-12T06:39:09.1420178-07:00] [pid=37768] [EmbodyLOG] May_12_2026 06:39:09.142 line: 457. ___IMMERSEENGINE___ Immerse_SetMemoryInterface inMemoryInterface:000000C15224E030 
[2026-05-12T06:39:09.1420178-07:00] [pid=37768] [EmbodyLOG] May_12_2026 06:39:09.142 line: 466. ___IMMERSEENGINE___ Immerse_SetThreadInterface inThreadInterface:000000C15224E050 
[2026-05-12T06:39:09.1430169-07:00] [pid=37768] [EmbodyLOG] May_12_2026 06:39:09.143 line: 451. ___IMMERSEENGINE___ Immerse_SetStatusCallback inCallback:00007FF831863D00 inUserData:0000000000000000 
[2026-05-12T06:39:09.1430169-07:00] [pid=37768] [EmbodyLOG] May_12_2026 06:39:09.143 line: 495. ___IMMERSEENGINE___ Immerse_Initialize inImmerseInit:00007FF8318963C0 
[2026-05-12T06:39:09.1430169-07:00] [pid=37768] <<<_____ ImmerseAudioRenderer _____>>> 
[2026-05-12T06:39:09.1430169-07:00] [pid=37768] CreateImmerseAudioRendererFXParams()
[2026-05-12T06:39:09.1430169-07:00] [pid=37768] 
[2026-05-12T06:39:09.1430169-07:00] [pid=37768] <<<_____ ImmerseAudioRenderer _____>>> 
[2026-05-12T06:39:09.1430169-07:00] [pid=37768] WwiseFxNullParams::Init()
[2026-05-12T06:39:09.1430169-07:00] [pid=37768] 
[2026-05-12T06:39:09.1440164-07:00] [pid=37768] [2026.05.12-13.39.09:144][  0]LogAkAudio: Initialization complete.
[2026-05-12T06:39:09.1440164-07:00] [pid=37768] [2026.05.12-13.39.09:144][  0]LogInit: Audiokinetic Audio Device initialized.
[2026-05-12T06:39:09.1450194-07:00] [pid=37768] [EmbodyLOG] May_12_2026 06:39:09.145 line: 373. setLocalDataStorePath: C:\ProgramData\Embody\Immerse Audio Renderer\Tencent\ 
[2026-05-12T06:39:09.1450194-07:00] [pid=37768] [EmbodyLOG] May_12_2026 06:39:09.145 line: 143. ImmerseApiHelper: Immerse Api data path set: C:\ProgramData\Embody\Immerse Audio Renderer\Tencent\. 
[2026-05-12T06:39:09.1475347-07:00] [pid=37768] [EmbodyLOG] May_12_2026 06:39:09.148 line: 73. HpeqHeadsetInterface::Init() - failed to find hpeqAssetPath on filesystem! 
[2026-05-12T06:39:09.1485363-07:00] [pid=37768] [EmbodyLOG] May_12_2026 06:39:09.148 line: 867. ImmerseAudioApiImplBase::InitHpeqData() - failed to initialize hpeq asset data! 
[2026-05-12T06:39:09.1485363-07:00] [pid=37768] [EmbodyLOG] May_12_2026 06:39:09.148 line: 535. ImmerseManager::Initialize() - Failed to initialize HPEQ asset data! 
[2026-05-12T06:39:09.1485363-07:00] [pid=37768] [EmbodyLOG] May_12_2026 06:39:09.149 line: 544. ImmerseManager::Initialize() - failed to load head tracker library! 
[2026-05-12T06:39:09.3351278-07:00] [pid=37768] [2026.05.12-13.39.09:335][  0]LogUProjectInfo: Found projects:
[2026-05-12T06:39:09.3396585-07:00] [pid=37768] [2026.05.12-13.39.09:339][  0]SourceControl: Source control is disabled
[2026-05-12T06:39:09.3401689-07:00] [pid=37768] [2026.05.12-13.39.09:340][  0]SourceControl: Source control is disabled
[2026-05-12T06:39:09.3421899-07:00] [pid=37768] [2026.05.12-13.39.09:342][  0]SourceControl: Source control is disabled
[2026-05-12T06:39:09.4030184-07:00] [pid=37768] [2026.05.12-13.39.09:403][  0]LogOpenImageDenoise: OIDN starting up
[2026-05-12T06:39:09.4376885-07:00] [pid=37768] [2026.05.12-13.39.09:437][  0]LogAndroidPermission: UAndroidPermissionCallbackProxy::GetInstance
[2026-05-12T06:39:09.4552812-07:00] [pid=37768] [2026.05.12-13.39.09:455][  0]LogAudioCaptureCore: Display: No Audio Capture implementations found. Audio input will be silent.
[2026-05-12T06:39:09.4552812-07:00] [pid=37768] [2026.05.12-13.39.09:455][  0]LogAudioCaptureCore: Display: No Audio Capture implementations found. Audio input will be silent.
[2026-05-12T06:39:09.4944844-07:00] [pid=37768] [2026.05.12-13.39.09:494][  0]LogOcInput: OculusInput pre-init called
[2026-05-12T06:39:09.5000012-07:00] [pid=37768] [2026.05.12-13.39.09:500][  0]LogUObjectArray: 22857 objects as part of root set at end of initial load.
[2026-05-12T06:39:09.5000012-07:00] [pid=37768] [2026.05.12-13.39.09:500][  0]LogUObjectAllocator: 6232704 out of 0 bytes used by permanent object pool.
[2026-05-12T06:39:09.5000012-07:00] [pid=37768] [2026.05.12-13.39.09:500][  0]LogUObjectArray: CloseDisregardForGC: 0/0 objects in disregard for GC pool
[2026-05-12T06:39:09.5366647-07:00] [pid=37768] [2026.05.12-13.39.09:536][  0]LogClass: Display: EnumProperty FAkExternalSourceInfo::CodecID is not initialized properly. Module:AkAudio File:Classes/AkGameplayTypes.h
[2026-05-12T06:39:09.5366647-07:00] [pid=37768] [2026.05.12-13.39.09:536][  0]LogClass: Warning: ObjectProperty FAkExternalSourceInfo::ExternalSourceAsset is not initialized properly. Module:AkAudio File:Classes/AkGameplayTypes.h
[2026-05-12T06:39:09.5366647-07:00] [pid=37768] [2026.05.12-13.39.09:536][  0]LogClass: Display: IntProperty FAkChannelMask::ChannelMask is not initialized properly. Module:AkAudio File:Classes/AkGameplayTypes.h
[2026-05-12T06:39:09.5366647-07:00] [pid=37768] [2026.05.12-13.39.09:536][  0]LogClass: Display: BoolProperty FAkPS5AdvancedInitializationSettings::bVorbisHwAcceleration is not initialized properly. Module:AkAudio File:Classes/Platforms/AkPlatform_Pellegrino/AkPS5InitializationSettings.h
[2026-05-12T06:39:09.5376836-07:00] [pid=37768] [2026.05.12-13.39.09:537][  0]LogClass: Display: 4 Uninitialized script struct members found including 1 object properties
[2026-05-12T06:39:09.5376836-07:00] [pid=37768] [2026.05.12-13.39.09:537][  0]LogAutomationTest: Warning: ObjectProperty FAkExternalSourceInfo::ExternalSourceAsset is not initialized properly. Module:AkAudio File:Classes/AkGameplayTypes.h
[2026-05-12T06:39:09.5376836-07:00] [pid=37768] [2026.05.12-13.39.09:537][  0]LogEngine: Initializing Engine...
[2026-05-12T06:39:09.5401945-07:00] [pid=37768] Error [GENERAL |  | OpenXR-Loader] : RuntimeManifestFile::FindManifestFiles - failed to find active runtime file in registry
[2026-05-12T06:39:09.5401945-07:00] [pid=37768] Error [GENERAL | xrEnumerateInstanceExtensionProperties | OpenXR-Loader] : RuntimeInterface::LoadRuntimes - unknown error
[2026-05-12T06:39:09.5401945-07:00] [pid=37768] Error [GENERAL | xrEnumerateInstanceExtensionProperties | OpenXR-Loader] : RuntimeInterface::LoadRuntimes - failed to load a runtime
[2026-05-12T06:39:09.5401945-07:00] [pid=37768] Error [GENERAL | xrEnumerateInstanceExtensionProperties | OpenXR-Loader] : Failed to find default runtime with RuntimeInterface::LoadRuntime()
[2026-05-12T06:39:09.5401945-07:00] [pid=37768] Error [GENERAL | xrEnumerateInstanceExtensionProperties | OpenXR-Loader] : Failed querying extension properties
[2026-05-12T06:39:09.5401945-07:00] [pid=37768] [2026.05.12-13.39.09:540][  0]LogHMD: Failed to enumerate extensions. Please check that you have a valid OpenXR runtime installed.
[2026-05-12T06:39:09.5401945-07:00] [pid=37768] [2026.05.12-13.39.09:540][  0]LogHMD: Failed to initialize OpenVR with code 110
[2026-05-12T06:39:09.5401945-07:00] [pid=37768] [2026.05.12-13.39.09:540][  0]LogMagicLeap: Warning: VR disabled because ZI is not enabled.  To enable, in the editor, Edit -> Project Settings -> Plugins -> Magic Leap Plugin -> Enable Zero Iteration
[2026-05-12T06:39:09.5422202-07:00] [pid=37768] [2026.05.12-13.39.09:542][  0]LogStats: UGameplayTagsManager::InitializeManager -  0.000 s
[2026-05-12T06:39:09.6100381-07:00] [pid=37768] [2026.05.12-13.39.09:610][  0]LogInit: Initializing FReadOnlyCVARCache
[2026-05-12T06:39:09.6100381-07:00] [pid=37768] [2026.05.12-13.39.09:610][  0]LogAudio: Display: Initializing Audio Device Manager...
[2026-05-12T06:39:09.6140552-07:00] [pid=37768] [2026.05.12-13.39.09:614][  0]LogAudio: Display: Loading Default Audio Settings Objects...
[2026-05-12T06:39:09.6140552-07:00] [pid=37768] [2026.05.12-13.39.09:614][  0]LogAudio: Display: No default SoundConcurrencyObject specified (or failed to load).
[2026-05-12T06:39:09.6150534-07:00] [pid=37768] [2026.05.12-13.39.09:615][  0]LogAudio: Display: Audio Device Manager Initialized
[2026-05-12T06:39:09.6150534-07:00] [pid=37768] [2026.05.12-13.39.09:615][  0]LogAudio: Display: Creating Audio Device:                 Id: 1, Scope: Shared, Realtime: True
[2026-05-12T06:39:09.6150534-07:00] [pid=37768] [2026.05.12-13.39.09:615][  0]LogAudioMixer: Display: Audio Mixer Platform Settings:
[2026-05-12T06:39:09.6150534-07:00] [pid=37768] [2026.05.12-13.39.09:615][  0]LogAudioMixer: Display: 	Sample Rate:						  48000
[2026-05-12T06:39:09.6150534-07:00] [pid=37768] [2026.05.12-13.39.09:615][  0]LogAudioMixer: Display: 	Callback Buffer Frame Size Requested: 1024
[2026-05-12T06:39:09.6150534-07:00] [pid=37768] [2026.05.12-13.39.09:615][  0]LogAudioMixer: Display: 	Callback Buffer Frame Size To Use:	  1024
[2026-05-12T06:39:09.6150534-07:00] [pid=37768] [2026.05.12-13.39.09:615][  0]LogAudioMixer: Display: 	Number of buffers to queue:			  2
[2026-05-12T06:39:09.6150534-07:00] [pid=37768] [2026.05.12-13.39.09:615][  0]LogAudioMixer: Display: 	Max Channels (voices):				  32
[2026-05-12T06:39:09.6150534-07:00] [pid=37768] [2026.05.12-13.39.09:615][  0]LogAudioMixer: Display: 	Number of Async Source Workers:		  0
[2026-05-12T06:39:09.6150534-07:00] [pid=37768] [2026.05.12-13.39.09:615][  0]LogAudio: Display: AudioDevice MaxSources: 32
[2026-05-12T06:39:09.6150534-07:00] [pid=37768] [2026.05.12-13.39.09:615][  0]LogAudio: Display: Audio Spatialization Plugin: None (built-in).
[2026-05-12T06:39:09.6150534-07:00] [pid=37768] [2026.05.12-13.39.09:615][  0]LogAudio: Display: Audio Reverb Plugin: None (built-in).
[2026-05-12T06:39:09.6150534-07:00] [pid=37768] [2026.05.12-13.39.09:615][  0]LogAudio: Display: Audio Occlusion Plugin: None (built-in).
[2026-05-12T06:39:09.6150534-07:00] [pid=37768] [2026.05.12-13.39.09:615][  0]LogAudioMixer: Display: Initializing audio mixer.
[2026-05-12T06:39:09.6241074-07:00] [pid=37768] [2026.05.12-13.39.09:623][  0]LogAudioMixer: Display: 0: FrontLeft
[2026-05-12T06:39:09.6241074-07:00] [pid=37768] [2026.05.12-13.39.09:624][  0]LogAudioMixer: Display: 1: FrontRight
[2026-05-12T06:39:09.6376586-07:00] [pid=37768] [2026.05.12-13.39.09:637][  0]LogAudioMixer: Display: Using Audio Device Speakers (2- Realtek(R) Audio)
[2026-05-12T06:39:09.6401707-07:00] [pid=37768] [2026.05.12-13.39.09:640][  0]LogAudioMixer: Display: Initializing Sound Submixes...
[2026-05-12T06:39:09.6421858-07:00] [pid=37768] [2026.05.12-13.39.09:642][  0]LogAudioMixer: Display: Creating Master Submix 'MasterSubmixDefault'
[2026-05-12T06:39:09.6421858-07:00] [pid=37768] [2026.05.12-13.39.09:642][  0]LogAudioMixer: Display: Creating Master Submix 'MasterReverbSubmixDefault'
[2026-05-12T06:39:09.6431823-07:00] [pid=37768] [2026.05.12-13.39.09:643][  0]LogAudioMixer: Display: Creating Master Submix 'MasterEQSubmixDefault'
[2026-05-12T06:39:09.6431823-07:00] [pid=37768] [2026.05.12-13.39.09:643][  0]LogAudioMixer: FMixerPlatformXAudio2::StartAudioStream() called
[2026-05-12T06:39:09.6431823-07:00] [pid=37768] [2026.05.12-13.39.09:643][  0]LogAudioMixer: Display: Output buffers initialized: Frames=1024, Channels=2, Samples=2048
[2026-05-12T06:39:09.6441874-07:00] [pid=37768] [2026.05.12-13.39.09:644][  0]LogAudioMixer: Display: Starting AudioMixerPlatformInterface::RunInternal()
[2026-05-12T06:39:09.6441874-07:00] [pid=37768] [2026.05.12-13.39.09:644][  0]LogAudioMixer: Display: FMixerPlatformXAudio2::SubmitBuffer() called for the first time
[2026-05-12T06:39:09.6441874-07:00] [pid=37768] [2026.05.12-13.39.09:644][  0]LogInit: FAudioDevice initialized.
[2026-05-12T06:39:09.6451829-07:00] [pid=37768] [2026.05.12-13.39.09:645][  0]LogNetVersion: Set ProjectVersion to 1.0.0.0. Version Checksum will be recalculated on next use.
[2026-05-12T06:39:09.6879090-07:00] [pid=37768] [2026.05.12-13.39.09:687][  0]LogDerivedDataCache: Saved boot cache 0.04s 78MB C:/Users/kapil/AppData/Local/UnrealEngine/4.27/DerivedDataCache/Boot.ddc.
[2026-05-12T06:39:09.6879090-07:00] [pid=37768] [2026.05.12-13.39.09:687][  0]LogInit: Texture streaming: Enabled
[2026-05-12T06:39:09.7354984-07:00] [pid=37768] [2026.05.12-13.39.09:735][  0]LogAudio: Display: Audio Device (ID: 1) registered with world 'Untitled'.
[2026-05-12T06:39:09.7354984-07:00] [pid=37768] [2026.05.12-13.39.09:735][  0]LogSlate: Updating window title bar state: overlay mode, drag disabled, window buttons hidden, title bar hidden
[2026-05-12T06:39:09.7354984-07:00] [pid=37768] [2026.05.12-13.39.09:735][  0]LogInit: Display: Game Engine Initialized.
[2026-05-12T06:39:09.7364977-07:00] [pid=37768] [2026.05.12-13.39.09:736][  0]LogNiagaraEditor: GEditor isn't valid! Particle reset commands will not work for Niagara components!
[2026-05-12T06:39:09.8153450-07:00] [pid=37768] [2026.05.12-13.39.09:815][  0]LogInit: Display: Starting Game.
[2026-05-12T06:39:09.8153450-07:00] [pid=37768] [2026.05.12-13.39.09:815][  0]LogNet: Browse: /Game/ThirdPersonBP/Maps/ThirdPersonExampleMap?Name=Player
[2026-05-12T06:39:09.8153450-07:00] [pid=37768] [2026.05.12-13.39.09:815][  0]LogLoad: LoadMap: /Game/ThirdPersonBP/Maps/ThirdPersonExampleMap?Name=Player
[2026-05-12T06:39:09.8153450-07:00] [pid=37768] [2026.05.12-13.39.09:815][  0]LogWorld: BeginTearingDown for /Temp/Untitled_0
[2026-05-12T06:39:09.8168586-07:00] [pid=37768] [2026.05.12-13.39.09:816][  0]LogWorld: UWorld::CleanupWorld for Untitled, bSessionEnded=true, bCleanupResources=true
[2026-05-12T06:39:09.8168586-07:00] [pid=37768] [2026.05.12-13.39.09:816][  0]LogSlate: InvalidateAllWidgets triggered.  All widgets were invalidated
[2026-05-12T06:39:09.8244071-07:00] [pid=37768] [2026.05.12-13.39.09:824][  0]LogAudio: Display: Audio Device unregistered from world 'None'.
[2026-05-12T06:39:09.8269183-07:00] [pid=37768] [2026.05.12-13.39.09:825][  0]LogUObjectHash: Compacting FUObjectHashTables data took   0.49ms
[2026-05-12T06:39:09.9898045-07:00] [pid=37768] [2026.05.12-13.39.09:989][  0]LogAudio: Display: Audio Device (ID: 1) registered with world 'ThirdPersonExampleMap'.
[2026-05-12T06:39:09.9953320-07:00] [pid=37768] [2026.05.12-13.39.09:994][  0]LogAIModule: Creating AISystem for world ThirdPersonExampleMap
[2026-05-12T06:39:09.9968450-07:00] [pid=37768] [2026.05.12-13.39.09:996][  0]LogLoad: Game class is 'ThirdPersonGameMode_C'
[2026-05-12T06:39:09.9988665-07:00] [pid=37768] [2026.05.12-13.39.09:998][  0]LogWorld: Bringing World /Game/ThirdPersonBP/Maps/ThirdPersonExampleMap.ThirdPersonExampleMap up for play (max tick rate 0) at 2026.05.12-06.39.09
[2026-05-12T06:39:09.9998588-07:00] [pid=37768] [2026.05.12-13.39.09:999][  0]LogWorld: Bringing up level for play took: 0.002287
[2026-05-12T06:39:10.0013653-07:00] [pid=37768] [2026.05.12-13.39.10:001][  0]LogTemp: Display: [ImmerseStress] Ready. Defaults: event=SwordHits bus=7p1p4 shareset=Immerse_Audio_Renderer_(Custom)
[2026-05-12T06:39:10.0013653-07:00] [pid=37768] [2026.05.12-13.39.10:001][  0]LogTemp: Display: [ImmerseStress] IMMERSE_USER_ID env=kevin_tencenttest1_emb | IMMERSE_USERID=kevin_tencenttest1_emb | IMMERSE_USER=kevin_tencenttest1_emb
[2026-05-12T06:39:10.0013653-07:00] [pid=37768] [2026.05.12-13.39.10:001][  0]LogTemp: Display: [testTP] Auto-spawned ImmerseStressTestActor into ThirdPersonExampleMap (type=1)
[2026-05-12T06:39:10.0013653-07:00] [pid=37768] [2026.05.12-13.39.10:001][  0]LogLoad: Took 0.185924 seconds to LoadMap(/Game/ThirdPersonBP/Maps/ThirdPersonExampleMap)
[2026-05-12T06:39:10.0244657-07:00] [pid=37768] [2026.05.12-13.39.10:024][  0]LogSlate: Took 0.000183 seconds to synchronously load lazily loaded font '../../../Engine/Content/Slate/Fonts/Roboto-Regular.ttf' (155K)
[2026-05-12T06:39:10.0395579-07:00] [pid=37768] [2026.05.12-13.39.10:038][  0]LogRenderer: Reallocating scene render targets to support 1536x864 Format 10 NumSamples 1 (Frame:1).
[2026-05-12T06:39:10.0395579-07:00] [pid=37768] [2026.05.12-13.39.10:039][  0]LogInit: Display: Engine is initialized. Leaving FEngineLoop::Init()
[2026-05-12T06:39:10.0395579-07:00] [pid=37768] [2026.05.12-13.39.10:039][  0]LogLoad: (Engine Initialization) Total time: 4.32 seconds
[2026-05-12T06:39:10.0395579-07:00] [pid=37768] [2026.05.12-13.39.10:039][  0]LogLoad: (Engine Initialization) Total Blueprint compile time: 0.00 seconds
[2026-05-12T06:39:10.0395579-07:00] [pid=37768] Resizing viewport due to setres change, 1536 x 864
[2026-05-12T06:39:10.0486030-07:00] [pid=37768] [2026.05.12-13.39.10:048][  0]LogContentStreaming: Texture pool size now 1000 MB
[2026-05-12T06:39:10.0501066-07:00] [pid=37768] [2026.05.12-13.39.10:050][  0]LogSlate: InvalidateAllWidgets triggered.  All widgets were invalidated
[2026-05-12T06:39:10.1295188-07:00] [pid=37768] [2026.05.12-13.39.10:129][  0]LogRenderer: Reallocating scene render targets to support 128x128 Format 10 NumSamples 1 (Frame:1).
[2026-05-12T06:39:10.1465672-07:00] [pid=37768] [2026.05.12-13.39.10:146][  0]LogRenderer: Reallocating scene render targets to support 1536x864 Format 10 NumSamples 1 (Frame:2).
[2026-05-12T06:39:10.1530855-07:00] [pid=37768] [2026.05.12-13.39.10:153][  1]LogSlate: Took 0.000183 seconds to synchronously load lazily loaded font '../../../Engine/Content/Slate/Fonts/Roboto-Regular.ttf' (155K)
[2026-05-12T06:39:10.1711630-07:00] [pid=37768] <<<_____ ImmerseAudioRenderer _____>>> 
[2026-05-12T06:39:10.1711630-07:00] [pid=37768] CreateImmerseAudioRendererFX()
[2026-05-12T06:39:10.1711630-07:00] [pid=37768] 
[2026-05-12T06:39:10.1711630-07:00] [pid=37768] <<<_____ ImmerseAudioRenderer _____>>> 
[2026-05-12T06:39:10.1711630-07:00] [pid=37768] Init: this=000002A00CD20080
[2026-05-12T06:39:10.1711630-07:00] [pid=37768] 
[2026-05-12T06:39:10.1711630-07:00] [pid=37768] <<<_____ ImmerseAudioRenderer _____>>> 
[2026-05-12T06:39:10.1711630-07:00] [pid=37768] Init: success this=000002A00CD20080 numChannels=36
[2026-05-12T06:39:10.1711630-07:00] [pid=37768] 
[2026-05-12T06:39:10.1721681-07:00] [pid=37768] [EmbodyLOG] May_12_2026 06:39:10.172 line: 738. ___IMMERSEENGINE___ Immerse_CreateAudioProcessor inChannelConfiguration:5 inInitHrirTuning:0 inInitSpeakerPlacement:0 outAudioProcessor:000000C15DC9FE40 
[2026-05-12T06:39:10.1721681-07:00] [pid=37768] [EmbodyLOG] May_12_2026 06:39:10.172 line: 251. ImmerseAudioApiImplBase::CreateAudioProcessor: failed to obtain personalized shared decoder kernel - expected behaviour if user is not set! 
[2026-05-12T06:39:10.1922736-07:00] [pid=37768] [EmbodyLOG] May_12_2026 06:39:10.193 line: 376. AudioConfig::GetSHIndices() - invalid channelConfig: 6 
[2026-05-12T06:39:10.2153657-07:00] [pid=37768] [EmbodyLOG] May_12_2026 06:39:10.215 line: 281. AudioConfig::InitializeDecoders: Successfully created shared ambisonic decoder kernel 
[2026-05-12T06:39:10.2168685-07:00] [pid=37768] [EmbodyLOG] May_12_2026 06:39:10.217 line: 269. ImmerseAudioApiImplBase::CreateAudioProcessor: failed to init personalized decoder - expected behaviour if user is not set! 
[2026-05-12T06:39:12.5488110-07:00] [pid=37768] [2026.05.12-13.39.12:548][178]LogTemp: Display: [ImmerseStress] REMOTE_HOLD_v1: waiting for go.flag (../../../../../../Users/kapil/OneDrive/Documents/Unreal Projects/testTP/Saved/ImmerseStress/go.flag) retry=1
[2026-05-12T06:39:22.0677421-07:00] [pid=37768] [2026.05.12-13.39.22:067][997]LogTemp: Display: [ImmerseStress] REMOTE_HOLD_v1: waiting for go.flag (../../../../../../Users/kapil/OneDrive/Documents/Unreal Projects/testTP/Saved/ImmerseStress/go.flag) retry=20
[2026-05-12T06:39:25.9532080-07:00] [pid=25400] [2026.05.12-13.39.25:953][106]LogRunningAppService: Display: New foreground process [37768] C:/Program Files/Epic Games/UE_4.27/Engine/Binaries/Win64/UE4Editor.exe for app C:/Program Files/Epic Games/UE_4.27/
[2026-05-12T06:39:25.9532080-07:00] [pid=25400] [2026.05.12-13.39.25:953][106]LogRunningAppService: Display: New foreground process [6184] C:/Program Files/Epic Games/UE_4.27/Engine/Binaries/Win64/CrashReportClientEditor.exe for app C:/Program Files/Epic Games/UE_4.27/
[2026-05-12T06:39:25.9532080-07:00] [pid=25400] [2026.05.12-13.39.25:953][106]LogRunningAppService: Display: New foreground app C:/Program Files/Epic Games/UE_4.27/
[2026-05-12T06:39:25.9542018-07:00] [pid=25400] [2026.05.12-13.39.25:954][106]LogRunningAppPresenceHandler: Display: Setting override presence for C:/Program Files/Epic Games/UE_4.27/ (PresenceId=ue)
[2026-05-12T06:39:32.0901148-07:00] [pid=37768] [2026.05.12-13.39.32:090][927]LogTemp: Display: [ImmerseStress] REMOTE_HOLD_v1: waiting for go.flag (../../../../../../Users/kapil/OneDrive/Documents/Unreal Projects/testTP/Saved/ImmerseStress/go.flag) retry=40
[2026-05-12T06:39:42.1432216-07:00] [pid=37768] [2026.05.12-13.39.42:143][945]LogTemp: Display: [ImmerseStress] REMOTE_HOLD_v1: waiting for go.flag (../../../../../../Users/kapil/OneDrive/Documents/Unreal Projects/testTP/Saved/ImmerseStress/go.flag) retry=60
[2026-05-12T06:39:52.1655285-07:00] [pid=37768] [2026.05.12-13.39.52:165][ 74]LogTemp: Display: [ImmerseStress] REMOTE_HOLD_v1: waiting for go.flag (../../../../../../Users/kapil/OneDrive/Documents/Unreal Projects/testTP/Saved/ImmerseStress/go.flag) retry=80
[2026-05-12T06:39:58.3257676-07:00] [pid=25400] [2026.05.12-13.39.58:325][796]LogSelfUpdateService: ExecuteEpicGamesUpdater: Executing: "C:/Program Files (x86)/Epic Games/Launcher/Portal/Binaries/Win64/EpicGamesUpdater.exe" queryinstallation
[2026-05-12T06:39:58.3578899-07:00] [pid=25400] [2026.05.12-13.39.58:357][796]LogSelfUpdateService: ExecuteEpicGamesUpdater: "C:/Program Files (x86)/Epic Games/Launcher/Portal/Binaries/Win64/EpicGamesUpdater.exe" queryinstallation - SUCCESS.
[2026-05-12T06:40:02.1844886-07:00] [pid=37768] [2026.05.12-13.40.02:184][205]LogTemp: Display: [ImmerseStress] REMOTE_HOLD_v1: waiting for go.flag (../../../../../../Users/kapil/OneDrive/Documents/Unreal Projects/testTP/Saved/ImmerseStress/go.flag) retry=100
[2026-05-12T06:40:12.2032551-07:00] [pid=37768] [2026.05.12-13.40.12:203][327]LogTemp: Display: [ImmerseStress] REMOTE_HOLD_v1: waiting for go.flag (../../../../../../Users/kapil/OneDrive/Documents/Unreal Projects/testTP/Saved/ImmerseStress/go.flag) retry=120
[2026-05-12T06:40:22.2220933-07:00] [pid=37768] [2026.05.12-13.40.22:222][470]LogTemp: Display: [ImmerseStress] REMOTE_HOLD_v1: waiting for go.flag (../../../../../../Users/kapil/OneDrive/Documents/Unreal Projects/testTP/Saved/ImmerseStress/go.flag) retry=140
[2026-05-12T06:40:32.2445755-07:00] [pid=37768] [2026.05.12-13.40.32:244][574]LogTemp: Display: [ImmerseStress] REMOTE_HOLD_v1: waiting for go.flag (../../../../../../Users/kapil/OneDrive/Documents/Unreal Projects/testTP/Saved/ImmerseStress/go.flag) retry=160
[2026-05-12T06:40:42.2653671-07:00] [pid=37768] [2026.05.12-13.40.42:265][690]LogTemp: Display: [ImmerseStress] REMOTE_HOLD_v1: waiting for go.flag (../../../../../../Users/kapil/OneDrive/Documents/Unreal Projects/testTP/Saved/ImmerseStress/go.flag) retry=180
[2026-05-12T06:40:44.9490821-07:00] [pid=21620] Focus Exec Name: explorer.exe
[2026-05-12T06:40:44.9490821-07:00] [pid=21620] ---> Focus Exec Name: explorer.exe does not has WS_OVERLAPPEDWINDOW
[2026-05-12T06:40:45.0233513-07:00] [pid=21620] Focus Exec Name: wwise.exe
[2026-05-12T06:40:45.0233513-07:00] [pid=21620] ---> Focus Exec Name: wwise.exe has WS_OVERLAPPEDWINDOW
[2026-05-12T06:40:47.9455108-07:00] [pid=21620] Focus Exec Name: wwise.exe
[2026-05-12T06:40:47.9455108-07:00] [pid=21620] ---> Focus Exec Name: wwise.exe has WS_OVERLAPPEDWINDOW
[2026-05-12T06:40:50.1434755-07:00] [pid=21620] Focus Exec Name: wwise.exe
[2026-05-12T06:40:50.1434755-07:00] [pid=21620] ---> Focus Exec Name: wwise.exe does not has WS_OVERLAPPEDWINDOW
[2026-05-12T06:40:52.2845388-07:00] [pid=37768] [2026.05.12-13.40.52:283][628]LogTemp: Display: [ImmerseStress] REMOTE_HOLD_v1: waiting for go.flag (../../../../../../Users/kapil/OneDrive/Documents/Unreal Projects/testTP/Saved/ImmerseStress/go.flag) retry=200
[2026-05-12T06:40:54.1046872-07:00] [pid=26656] <<<_____ ImmerseAudioRenderer _____>>> 
[2026-05-12T06:40:54.1046872-07:00] [pid=26656] WwiseFxNullParams::Term()
[2026-05-12T06:40:54.1046872-07:00] [pid=26656] 
[2026-05-12T06:40:54.1127120-07:00] [pid=26656] <<<_____ ImmerseAudioRenderer _____>>> 
[2026-05-12T06:40:54.1127120-07:00] [pid=26656] CreateDestroyImmerseManager
[2026-05-12T06:40:54.1127120-07:00] [pid=26656] 
[2026-05-12T06:40:54.1127120-07:00] [pid=26656] <<<_____ ImmerseAudioRenderer _____>>> 
[2026-05-12T06:40:54.1137097-07:00] [pid=26656] DestroyImmerseManager
[2026-05-12T06:40:54.1137097-07:00] [pid=26656] 
[2026-05-12T06:40:54.4836164-07:00] [pid=37768] <<<_____ ImmerseAudioRenderer _____>>> 
[2026-05-12T06:40:54.4836164-07:00] [pid=37768] RegisterImmerseAudioRendererFX()
[2026-05-12T06:40:54.4836164-07:00] [pid=37768] 
[2026-05-12T06:40:54.4836164-07:00] [pid=37768] <<<_____ ImmerseAudioRenderer _____>>> 
[2026-05-12T06:40:54.4836164-07:00] [pid=37768] CreateImmerseManager
[2026-05-12T06:40:54.4836164-07:00] [pid=37768] 
[2026-05-12T06:40:54.4881455-07:00] [pid=21620] Focus Exec Name: wwise.exe
[2026-05-12T06:40:54.4881455-07:00] [pid=21620] ---> Focus Exec Name: wwise.exe has WS_OVERLAPPEDWINDOW
[2026-05-12T06:40:54.5082380-07:00] [pid=37768] <<<_____ ImmerseAudioRenderer _____>>> 
[2026-05-12T06:40:54.5082380-07:00] [pid=37768] CreateImmerseAudioRendererFXParams()
[2026-05-12T06:40:54.5082380-07:00] [pid=37768] 
[2026-05-12T06:40:54.5082380-07:00] [pid=37768] <<<_____ ImmerseAudioRenderer _____>>> 
[2026-05-12T06:40:54.5082380-07:00] [pid=37768] WwiseFxNullParams::Init()
[2026-05-12T06:40:54.5082380-07:00] [pid=37768] 
[2026-05-12T06:40:54.5082380-07:00] [pid=37768] <<<_____ ImmerseAudioRenderer _____>>> 
[2026-05-12T06:40:54.5082380-07:00] [pid=37768] WwiseFxNullParams::SetParam()
[2026-05-12T06:40:54.5082380-07:00] [pid=37768] 
[2026-05-12T06:40:54.5082380-07:00] [pid=37768] <<<_____ ImmerseAudioRenderer _____>>> 
[2026-05-12T06:40:54.5082380-07:00] [pid=37768] WwiseFxNullParams::SetParam()
[2026-05-12T06:40:54.5082380-07:00] [pid=37768] 
[2026-05-12T06:40:54.5082380-07:00] [pid=37768] <<<_____ ImmerseAudioRenderer _____>>> 
[2026-05-12T06:40:54.5082380-07:00] [pid=37768] WwiseFxNullParams::SetParam()
[2026-05-12T06:40:54.5082380-07:00] [pid=37768] 
[2026-05-12T06:40:54.5082380-07:00] [pid=37768] <<<_____ ImmerseAudioRenderer _____>>> 
[2026-05-12T06:40:54.5082380-07:00] [pid=37768] WwiseFxNullParams::SetParam()
[2026-05-12T06:40:54.5082380-07:00] [pid=37768] 
[2026-05-12T06:40:54.5082380-07:00] [pid=37768] <<<_____ ImmerseAudioRenderer _____>>> 
[2026-05-12T06:40:54.5082380-07:00] [pid=37768] WwiseFxNullParams::SetParam()
[2026-05-12T06:40:54.5082380-07:00] [pid=37768] 
[2026-05-12T06:40:54.5082380-07:00] [pid=37768] <<<_____ ImmerseAudioRenderer _____>>> 
[2026-05-12T06:40:54.5097480-07:00] [pid=37768] WwiseFxNullParams::SetParam()
[2026-05-12T06:40:54.5097480-07:00] [pid=37768] 
[2026-05-12T06:40:54.5097480-07:00] [pid=37768] <<<_____ ImmerseAudioRenderer _____>>> 
[2026-05-12T06:40:54.5097480-07:00] [pid=37768] WwiseFxNullParams::SetParam()
[2026-05-12T06:40:54.5097480-07:00] [pid=37768] 
[2026-05-12T06:40:54.5097480-07:00] [pid=37768] <<<_____ ImmerseAudioRenderer _____>>> 
[2026-05-12T06:40:54.5097480-07:00] [pid=37768] WwiseFxNullParams::SetParam()
[2026-05-12T06:40:54.5097480-07:00] [pid=37768] 
[2026-05-12T06:40:54.5097480-07:00] [pid=37768] <<<_____ ImmerseAudioRenderer _____>>> 
[2026-05-12T06:40:54.5097480-07:00] [pid=37768] WwiseFxNullParams::SetParam()
[2026-05-12T06:40:54.5097480-07:00] [pid=37768] 
[2026-05-12T06:40:54.5097480-07:00] [pid=37768] <<<_____ ImmerseAudioRenderer _____>>> 
[2026-05-12T06:40:54.5097480-07:00] [pid=37768] WwiseFxNullParams::ApplyParam()
[2026-05-12T06:40:54.5107561-07:00] [pid=37768] 
[2026-05-12T06:40:54.5107561-07:00] [pid=37768] [EmbodyLOG] May_12_2026 06:40:54.510 line: 649. ___IMMERSEENGINE___ Immerse_SetUserId inUserId:000000C15394F2D0 
[2026-05-12T06:40:54.5107561-07:00] [pid=37768] <<<_____ ImmerseAudioRenderer _____>>> 
[2026-05-12T06:40:54.5107561-07:00] [pid=37768] WwiseFxNullParams::ApplyParam()
[2026-05-12T06:40:54.5107561-07:00] [pid=37768] 
[2026-05-12T06:40:54.5107561-07:00] [pid=37768] [EmbodyLOG] May_12_2026 06:40:54.511 line: 673. ___IMMERSEENGINE___ Immerse_EnableImmerse inMode: 0 
[2026-05-12T06:40:54.5117634-07:00] [pid=37768] <<<_____ ImmerseAudioRenderer _____>>> 
[2026-05-12T06:40:54.5117634-07:00] [pid=37768] WwiseFxNullParams::ApplyParam()
[2026-05-12T06:40:54.5117634-07:00] [pid=37768] 
[2026-05-12T06:40:54.5117634-07:00] [pid=37768] [EmbodyLOG] May_12_2026 06:40:54.512 line: 3460. generateWebAppUrl(): userId: kevin_tencenttest1_emb 
[2026-05-12T06:40:54.5127720-07:00] [pid=37768] [EmbodyLOG] May_12_2026 06:40:54.512 line: 673. ___IMMERSEENGINE___ Immerse_EnableImmerse inMode: 1 
[2026-05-12T06:40:54.5127720-07:00] [pid=37768] <<<_____ ImmerseAudioRenderer _____>>> 
[2026-05-12T06:40:54.5127720-07:00] [pid=37768] WwiseFxNullParams::ApplyParam()
[2026-05-12T06:40:54.5127720-07:00] [pid=37768] 
[2026-05-12T06:40:54.5127720-07:00] [pid=37768] [EmbodyLOG] May_12_2026 06:40:54.513 line: 710. ___IMMERSEENGINE___ Immerse_EnableHPEQ inHeadset: 0 
[2026-05-12T06:40:54.5127720-07:00] [pid=37768] <<<_____ ImmerseAudioRenderer _____>>> 
[2026-05-12T06:40:54.5137736-07:00] [pid=37768] WwiseFxNullParams::ApplyParam()
[2026-05-12T06:40:54.5137736-07:00] [pid=37768] 
[2026-05-12T06:40:54.5137736-07:00] [pid=37768] <<<_____ ImmerseAudioRenderer _____>>> 
[2026-05-12T06:40:54.5137736-07:00] [pid=37768] WwiseFxNullParams::ApplyParam()
[2026-05-12T06:40:54.5137736-07:00] [pid=37768] 
[2026-05-12T06:40:54.5137736-07:00] [pid=37768] <<<_____ ImmerseAudioRenderer _____>>> 
[2026-05-12T06:40:54.5137736-07:00] [pid=37768] [EmbodyLOG] May_12_2026 06:40:54.514 line: 759. ___IMMERSEENGINE___ Immerse_SetSpeakerPlacement inSpeakerPlacement:2 
[2026-05-12T06:40:54.5137736-07:00] [pid=37768] WwiseFxNullParams::ApplyParam()
[2026-05-12T06:40:54.5137736-07:00] [pid=37768] 
[2026-05-12T06:40:54.5137736-07:00] [pid=37768] <<<_____ ImmerseAudioRenderer _____>>> 
[2026-05-12T06:40:54.5147745-07:00] [pid=37768] WwiseFxNullParams::ApplyParam()
[2026-05-12T06:40:54.5147745-07:00] [pid=37768] [EmbodyLOG] May_12_2026 06:40:54.514 line: 1316. getLocalSessionID for user: kevin_tencenttest1_emb 06756e30dc6941e7b44b3ad365984a2f 
[2026-05-12T06:40:54.5147745-07:00] [pid=37768] 
[2026-05-12T06:40:54.5147745-07:00] [pid=37768] <<<_____ ImmerseAudioRenderer _____>>> 
[2026-05-12T06:40:54.5147745-07:00] [pid=37768] WwiseFxNullParams::ApplyParam()
[2026-05-12T06:40:54.5147745-07:00] [pid=37768] 
[2026-05-12T06:40:54.5147745-07:00] [pid=37768] [EmbodyLOG] May_12_2026 06:40:54.515 line: 3468. generateWebAppUrl(): Query context user id = kevin_tencenttest1_emb 
[2026-05-12T06:40:54.5157731-07:00] [pid=37768] [EmbodyLOG] May_12_2026 06:40:54.515 line: 1377. constructWebAppUrl: https://u.embodyvr.io/i/tWITIHmmNx0o9vxU-HnogfFp6Zmr3rrmJ4thrbAfkQM_GZmycUVyWg**?q=2h04:en 
[2026-05-12T06:40:54.5157731-07:00] [pid=37768] <<<_____ ImmerseAudioRenderer _____>>> 
[2026-05-12T06:40:54.5157731-07:00] [pid=37768] Term: this=000002A00CD20080
[2026-05-12T06:40:54.5157731-07:00] [pid=37768] [EmbodyLOG] May_12_2026 06:40:54.516 line: 3483. generateWebAppUrl(): session url is : https://u.embodyvr.io/i/tWITIHmmNx0o9vxU-HnogfFp6Zmr3rrmJ4thrbAfkQM_GZmycUVyWg**?q=2h04:en 
[2026-05-12T06:40:54.5157731-07:00] [pid=37768] 
[2026-05-12T06:40:54.5157731-07:00] [pid=37768] [EmbodyLOG] May_12_2026 06:40:54.516 line: 752. ___IMMERSEENGINE___ Immerse_DestroyAudioProcessor inAudioProcessor:1 
[2026-05-12T06:40:54.5167760-07:00] [pid=37768] <<<_____ ImmerseAudioRenderer _____>>> 
[2026-05-12T06:40:54.5167760-07:00] [pid=37768] WwiseFxNullParams::Term()
[2026-05-12T06:40:54.5167760-07:00] [pid=37768] 
[2026-05-12T06:40:54.5167760-07:00] [pid=37768] <<<_____ ImmerseAudioRenderer _____>>> 
[2026-05-12T06:40:54.5167760-07:00] [pid=37768] CreateImmerseAudioRendererFX()
[2026-05-12T06:40:54.5167760-07:00] [pid=37768] 
[2026-05-12T06:40:54.5167760-07:00] [pid=37768] <<<_____ ImmerseAudioRenderer _____>>> 
[2026-05-12T06:40:54.5177890-07:00] [pid=37768] Init: this=000002A00CD201C0
[2026-05-12T06:40:54.5177890-07:00] [pid=37768] 
[2026-05-12T06:40:54.5177890-07:00] [pid=37768] <<<_____ ImmerseAudioRenderer _____>>> 
[2026-05-12T06:40:54.5177890-07:00] [pid=37768] Init: success this=000002A00CD201C0 numChannels=36
[2026-05-12T06:40:54.5177890-07:00] [pid=37768] 
[2026-05-12T06:40:54.5197862-07:00] [pid=37768] <<<_____ ImmerseAudioRenderer _____>>> 
[2026-05-12T06:40:54.5197862-07:00] [pid=37768] Term: this=000002A00CD201C0
[2026-05-12T06:40:54.5197862-07:00] [pid=37768] 
[2026-05-12T06:40:54.5197862-07:00] [pid=37768] <<<_____ ImmerseAudioRenderer _____>>> 
[2026-05-12T06:40:54.5197862-07:00] [pid=37768] WwiseFxNullParams::Term()
[2026-05-12T06:40:54.5197862-07:00] [pid=37768] 
[2026-05-12T06:40:54.5288280-07:00] [pid=37768] <<<_____ ImmerseAudioRenderer _____>>> 
[2026-05-12T06:40:54.5288280-07:00] [pid=37768] CreateImmerseAudioRendererFX()
[2026-05-12T06:40:54.5288280-07:00] [pid=37768] 
[2026-05-12T06:40:54.5288280-07:00] [pid=37768] <<<_____ ImmerseAudioRenderer _____>>> 
[2026-05-12T06:40:54.5288280-07:00] [pid=37768] Init: this=000002A00CD20300
[2026-05-12T06:40:54.5288280-07:00] [pid=37768] 
[2026-05-12T06:40:54.5288280-07:00] [pid=37768] <<<_____ ImmerseAudioRenderer _____>>> 
[2026-05-12T06:40:54.5288280-07:00] [pid=37768] Init: success this=000002A00CD20300 numChannels=36
[2026-05-12T06:40:54.5288280-07:00] [pid=37768] 
[2026-05-12T06:40:54.5303333-07:00] [pid=37768] [EmbodyLOG] May_12_2026 06:40:54.530 line: 738. ___IMMERSEENGINE___ Immerse_CreateAudioProcessor inChannelConfiguration:5 inInitHrirTuning:0 inInitSpeakerPlacement:0 outAudioProcessor:000000C13C87F7D0 
[2026-05-12T06:40:54.5303333-07:00] [pid=37768] [EmbodyLOG] May_12_2026 06:40:54.531 line: 251. ImmerseAudioApiImplBase::CreateAudioProcessor: failed to obtain personalized shared decoder kernel - expected behaviour if user is not set! 
[2026-05-12T06:40:54.5313404-07:00] [pid=37768] [EmbodyLOG] May_12_2026 06:40:54.531 line: 1419. calculateLicenseDaysRemaining(): cached=359, elapsed=0, remaining=359 
[2026-05-12T06:40:54.5323587-07:00] [pid=37768] [EmbodyLOG] May_12_2026 06:40:54.532 line: 269. ImmerseAudioApiImplBase::CreateAudioProcessor: failed to init personalized decoder - expected behaviour if user is not set! 
[2026-05-12T06:40:54.8333727-07:00] [pid=37768] [EmbodyLOG] May_12_2026 06:40:54.833 line: 2042. updateUserData onSetUserId: update user data on set user id 
[2026-05-12T06:40:54.8343732-07:00] [pid=37768] [EmbodyLOG] May_12_2026 06:40:54.834 line: 1316. getLocalSessionID for user: kevin_tencenttest1_emb 06756e30dc6941e7b44b3ad365984a2f 
[2026-05-12T06:40:54.8343732-07:00] [pid=37768] [EmbodyLOG] May_12_2026 06:40:54.834 line: 2060. ImmerseAPI_updateUserData onSetUserId: syncing with server 
[2026-05-12T06:40:54.8353729-07:00] [pid=37768] [EmbodyLOG] May_12_2026 06:40:54.836 line: 1316. getLocalSessionID for user: kevin_tencenttest1_emb 06756e30dc6941e7b44b3ad365984a2f 
[2026-05-12T06:40:54.8368794-07:00] [pid=37768] [EmbodyLOG] May_12_2026 06:40:54.837 line: 3274. getEmbodyData: STATUS_AUTHORIZING StatusCheck session_id: 06756e30dc6941e7b44b3ad365984a2f, immerse_id: v2.2.447, hrtf_id: 1408e0d2eca549feaf2d5631a49ca7d2, img_id: img_1 
[2026-05-12T06:40:54.8368794-07:00] [pid=37768] [EmbodyLOG] May_12_2026 06:40:54.837 line: 3213. usingLocalUserCache: Using local cache for user: SCR license_type: trial, license_days_left: 359, license_expired: 0, isUniversalUser: 0 
[2026-05-12T06:40:54.8368794-07:00] [pid=37768] [EmbodyLOG] May_12_2026 06:40:54.837 line: 3232. updateUMWHPEQSelection() - updated headsetId: 18446744073709551615 
[2026-05-12T06:40:54.8378922-07:00] [pid=37768] [EmbodyLOG] May_12_2026 06:40:54.837 line: 2669. updateUserHRTFData ProfileName set to : Profile_1 
[2026-05-12T06:40:54.8378922-07:00] [pid=37768] [EmbodyLOG] May_12_2026 06:40:54.838 line: 2724. updateUserHRTFData: inside hrtfCallback invocation 
[2026-05-12T06:40:54.8378922-07:00] [pid=37768] [EmbodyLOG] May_12_2026 06:40:54.838 line: 270. LoadHrtfCallback: HRTF loaded 
[2026-05-12T06:40:54.8388904-07:00] [pid=37768] [EmbodyLOG] May_12_2026 06:40:54.838 line: 3354. getEmbodyData: IMMERSE_STATUS::DATA_FINISHED 
[2026-05-12T06:40:55.1403742-07:00] [pid=37768] [EmbodyLOG] May_12_2026 06:40:55.140 line: 416. DecryptMultiSofaData() - v2 numSections=3 hrtfFlags=1 hrtfSectionOffset=971 hrtfSectionSize=1758624 numEntries=4 dataOffset=1039 dataLength=439639 bmapSize=518 fovdSize=361 
[2026-05-12T06:40:55.1945242-07:00] [pid=37768] [EmbodyLOG] May_12_2026 06:40:55.194 line: 447. DecryptMultiSofaData() - decrypt result: Success 
[2026-05-12T06:40:55.1955261-07:00] [pid=37768] [EmbodyLOG] May_12_2026 06:40:55.195 line: 533. AssetManager - BMAP data (518 bytes): {"buses":[{"label":"Extraction","tunings":[{"id":"extraction_tuning_1","label":"Extraction Tuning 1","hrtf_index":0}],"id":"extraction"},{"label":"Warfare","tunings":[{"id":"warfare_tuning_1","label":"Warfare Tuning 1","hrtf_index":1}],"id":"warfare"},{"label":"Campaign","tunings":[{"id":"campaign_tuning_1","label":"Campaign Tuning 1","hrtf_index":2}],"id":"campaign"},{"label":"Voice Chat","tunings":[{"id":"voice_chat_tuning_1","label":"Voice Chat Tuning 1","hrtf_index":3}],"id":"voice_chat"}],"schema_version":1} 
[2026-05-12T06:40:55.1955261-07:00] [pid=37768] [EmbodyLOG] May_12_2026 06:40:55.195 line: 537. AssetManager - FOVD data (361 bytes): {"schema_version":1,"fov_groups":["l/r"],"fov_presets":[{"studio_speaker_angles_idx":[0,1,6,7,8,9,10,11,12,13,14,15,16,17,18],"label":"Narrow","id":"narrow"},{"studio_speaker_angles_idx":[2,3,6,7,8,9,10,11,12,13,14,15,16,17,18],"label":"Default","id":"default"},{"studio_speaker_angles_idx":[4,5,6,7,8,9,10,11,12,13,14,15,16,17,18],"label":"Wide","id":"wide"}]} 
[2026-05-12T06:40:55.2025611-07:00] [pid=37768] [EmbodyLOG] May_12_2026 06:40:55.202 line: 376. AudioConfig::GetSHIndices() - invalid channelConfig: 6 
[2026-05-12T06:40:55.2457106-07:00] [pid=37768] [EmbodyLOG] May_12_2026 06:40:55.246 line: 281. AudioConfig::InitializeDecoders: Successfully created shared ambisonic decoder kernel 
[2026-05-12T06:40:55.2482300-07:00] [pid=37768] [EmbodyLOG] May_12_2026 06:40:55.248 line: 1419. calculateLicenseDaysRemaining(): cached=359, elapsed=0, remaining=359 
[2026-05-12T06:40:55.2492292-07:00] [pid=37768] [EmbodyLOG] May_12_2026 06:40:55.249 line: 1419. calculateLicenseDaysRemaining(): cached=359, elapsed=0, remaining=359 
[2026-05-12T06:40:55.2507356-07:00] [pid=37768] [EmbodyLOG] May_12_2026 06:40:55.251 line: 1316. getLocalSessionID for user: kevin_tencenttest1_emb 06756e30dc6941e7b44b3ad365984a2f 
[2026-05-12T06:40:55.2517415-07:00] [pid=37768] [EmbodyLOG] May_12_2026 06:40:55.252 line: 2576. ImmerseAPI: Too many status checks within the period allowed, returning early 
[2026-05-12T06:40:55.2527461-07:00] [pid=37768] [EmbodyLOG] May_12_2026 06:40:55.252 line: 3232. updateUMWHPEQSelection() - updated headsetId: 18446744073709551615 
[2026-05-12T06:40:55.2527461-07:00] [pid=37768] [EmbodyLOG] May_12_2026 06:40:55.253 line: 1419. calculateLicenseDaysRemaining(): cached=359, elapsed=0, remaining=359 
[2026-05-12T06:40:55.2537466-07:00] [pid=37768] [EmbodyLOG] May_12_2026 06:40:55.253 line: 1304. ImmerseManager::UpdateHpeqHeadset() - HPEQ disabled 
[2026-05-12T06:40:55.2547471-07:00] [pid=37768] [EmbodyLOG] May_12_2026 06:40:55.254 line: 1419. calculateLicenseDaysRemaining(): cached=359, elapsed=0, remaining=359 
[2026-05-12T06:40:58.4203696-07:00] [pid=21620] Focus Exec Name: windowsterminal.exe
[2026-05-12T06:40:58.4213771-07:00] [pid=21620] ---> Focus Exec Name: windowsterminal.exe has WS_OVERLAPPEDWINDOW
[2026-05-12T06:41:00.8034141-07:00] [pid=37768] [2026.05.12-13.41.00:803][651]LogTemp: Display: [ImmerseStress] REMOTE_HOLD_v1: go.flag detected after 216 retries
[2026-05-12T06:41:00.8044171-07:00] [pid=37768] [2026.05.12-13.41.00:804][651]LogTemp: Display: [ImmerseStress] PLAN START  steps=2 (concurrency=1 ?? immerse{off,on}) rate=300.0Hz life=500ms warmup=2.0s phase=5.0s cooldown=2.0s CSV=../../../../../../Users/kapil/OneDrive/Documents/Unreal Projects/testTP/Saved/ImmerseStress/run_20260512_064100.csv
[2026-05-12T06:41:00.8044171-07:00] [pid=37768] [2026.05.12-13.41.00:804][651]LogTemp: Display: [ImmerseStress] BypassImmerse(bus=7p1p4) -> OK
[2026-05-12T06:41:00.8044171-07:00] [pid=37768] [2026.05.12-13.41.00:804][651]LogTemp: Display: [ImmerseStress] >>> WARMUP step=0/2 immerse=off conc=32 (align Wwise profiler capture here)
[2026-05-12T06:41:00.8044171-07:00] [pid=37768] [2026.05.12-13.41.00:804][651]LogTemp: Display: [ImmerseStress] Churn START  event=SwordHits rate=300.0Hz life=500ms cap=32 immerse=BYPASSED
[2026-05-12T06:41:00.8691742-07:00] [pid=37768] [2026.05.12-13.41.00:868][675]LogStats: Display: There is no thread with id: 32996. Please add thread metadata for this thread.
[2026-05-12T06:41:02.8045920-07:00] [pid=37768] [2026.05.12-13.41.02:804][485]LogTemp: Display: [ImmerseStress] >>> RUNNING step=0/2 immerse=off conc=32 (align Wwise profiler capture here)
[2026-05-12T06:41:02.8055936-07:00] [pid=37768] [2026.05.12-13.41.02:805][485]LogTemp: Display: [ImmerseStress] CAPTURE_WAV_v2 START ../../../../../../Users/kapil/OneDrive/Documents/Unreal Projects/testTP/Saved/ImmerseStress/phase_0_off.wav
[2026-05-12T06:41:02.8206636-07:00] [pid=37768] [2026.05.12-13.41.02:820][491]LogAkAudio: Error: Cannot open file ../../../../../../Users/kapil/OneDrive/Documents/Unreal Projects/testTP/Saved/Wwise/../../../../../../Users/kapil/OneDrive/Documents/Unreal Projects/testTP/Saved/ImmerseStress/phase_0_off.wav for write.
[2026-05-12T06:41:02.8206636-07:00] [pid=37768] [2026.05.12-13.41.02:820][491]LogAkAudio: Error: Cannot open file: ../../../../../../Users/kapil/OneDrive/Documents/Unreal Projects/testTP/Saved/ImmerseStress/phase_0_off.wav
[2026-05-12T06:41:07.8087982-07:00] [pid=37768] [2026.05.12-13.41.07:808][570]LogTemp: Display: [ImmerseStress] PHASE 0 done immerse=off conc=32 posted=320 stopped=320 dropped=1181 frames=2085 avg=2.40ms p50=2.34 p95=2.97 max=8.23
[2026-05-12T06:41:07.8087982-07:00] [pid=37768] [2026.05.12-13.41.07:808][570]LogTemp: Display: [ImmerseStress] CAPTURE_WAV_v2 STOP
[2026-05-12T06:41:07.8087982-07:00] [pid=37768] [2026.05.12-13.41.07:808][570]LogTemp: Display: [ImmerseStress] >>> COOLDOWN step=0/2 immerse=off conc=32 (align Wwise profiler capture here)
[2026-05-12T06:41:07.8097987-07:00] [pid=37768] [2026.05.12-13.41.07:808][570]LogTemp: Display: [ImmerseStress] Churn STOP   posted=448 stopped=448 dropped=1652
[2026-05-12T06:41:09.8098919-07:00] [pid=37768] [2026.05.12-13.41.09:809][407]LogTemp: Display: [ImmerseStress] EnableImmerse(bus=7p1p4, shareset=Immerse_Audio_Renderer_(Custom)) -> OK
[2026-05-12T06:41:09.8098919-07:00] [pid=37768] [2026.05.12-13.41.09:809][407]LogTemp: Display: [ImmerseStress] >>> WARMUP step=1/2 immerse=ON conc=32 (align Wwise profiler capture here)
[2026-05-12T06:41:09.8098919-07:00] [pid=37768] [2026.05.12-13.41.09:809][407]LogTemp: Display: [ImmerseStress] Churn START  event=SwordHits rate=300.0Hz life=500ms cap=32 immerse=enabled
[2026-05-12T06:41:11.8103128-07:00] [pid=37768] [2026.05.12-13.41.11:810][237]LogTemp: Display: [ImmerseStress] >>> RUNNING step=1/2 immerse=ON conc=32 (align Wwise profiler capture here)
[2026-05-12T06:41:11.8103128-07:00] [pid=37768] [2026.05.12-13.41.11:810][237]LogTemp: Display: [ImmerseStress] CAPTURE_WAV_v2 START ../../../../../../Users/kapil/OneDrive/Documents/Unreal Projects/testTP/Saved/ImmerseStress/phase_1_on.wav
[2026-05-12T06:41:11.8198871-07:00] [pid=37768] [2026.05.12-13.41.11:818][241]LogAkAudio: Error: Cannot open file ../../../../../../Users/kapil/OneDrive/Documents/Unreal Projects/testTP/Saved/Wwise/../../../../../../Users/kapil/OneDrive/Documents/Unreal Projects/testTP/Saved/ImmerseStress/phase_1_on.wav for write.
[2026-05-12T06:41:11.8198871-07:00] [pid=37768] [2026.05.12-13.41.11:819][241]LogAkAudio: Error: Cannot open file: ../../../../../../Users/kapil/OneDrive/Documents/Unreal Projects/testTP/Saved/ImmerseStress/phase_1_on.wav
[2026-05-12T06:41:11.8279182-07:00] [pid=37768] [2026.05.12-13.41.11:826][244]LogStats: Display: There is no thread with id: 32980. Please add thread metadata for this thread.
[2026-05-12T06:41:16.8108065-07:00] [pid=37768] [2026.05.12-13.41.16:810][342]LogTemp: Display: [ImmerseStress] PHASE 1 done immerse=ON conc=32 posted=320 stopped=320 dropped=1180 frames=2105 avg=2.38ms p50=2.31 p95=2.93 max=6.27
[2026-05-12T06:41:16.8118084-07:00] [pid=37768] [2026.05.12-13.41.16:811][342]LogTemp: Display: [ImmerseStress] CAPTURE_WAV_v2 STOP
[2026-05-12T06:41:16.8118084-07:00] [pid=37768] [2026.05.12-13.41.16:811][342]LogTemp: Display: [ImmerseStress] >>> COOLDOWN step=1/2 immerse=ON conc=32 (align Wwise profiler capture here)
[2026-05-12T06:41:16.8118084-07:00] [pid=37768] [2026.05.12-13.41.16:811][342]LogTemp: Display: [ImmerseStress] Churn STOP   posted=896 stopped=896 dropped=3304
[2026-05-12T06:41:18.8129534-07:00] [pid=37768] [2026.05.12-13.41.18:811][188]LogTemp: Display: [ImmerseStress] >>> Toggle storm: 10 iterations
[2026-05-12T06:41:18.8129534-07:00] [pid=37768] [2026.05.12-13.41.18:812][188]LogTemp: Display: [ImmerseStress] BypassImmerse(bus=7p1p4) -> OK
[2026-05-12T06:41:18.8129534-07:00] [pid=37768] [2026.05.12-13.41.18:812][188]LogTemp: Display: [ImmerseStress] EnableImmerse(bus=7p1p4, shareset=Immerse_Audio_Renderer_(Custom)) -> OK
[2026-05-12T06:41:18.8129534-07:00] [pid=37768] [2026.05.12-13.41.18:812][188]LogTemp: Display: [ImmerseStress] BypassImmerse(bus=7p1p4) -> OK
[2026-05-12T06:41:18.8129534-07:00] [pid=37768] [2026.05.12-13.41.18:812][188]LogTemp: Display: [ImmerseStress] EnableImmerse(bus=7p1p4, shareset=Immerse_Audio_Renderer_(Custom)) -> OK
[2026-05-12T06:41:18.8129534-07:00] [pid=37768] [2026.05.12-13.41.18:812][188]LogTemp: Display: [ImmerseStress] BypassImmerse(bus=7p1p4) -> OK
[2026-05-12T06:41:18.8129534-07:00] [pid=37768] [2026.05.12-13.41.18:812][188]LogTemp: Display: [ImmerseStress] EnableImmerse(bus=7p1p4, shareset=Immerse_Audio_Renderer_(Custom)) -> OK
[2026-05-12T06:41:18.8129534-07:00] [pid=37768] [2026.05.12-13.41.18:812][188]LogTemp: Display: [ImmerseStress] BypassImmerse(bus=7p1p4) -> OK
[2026-05-12T06:41:18.8129534-07:00] [pid=37768] [2026.05.12-13.41.18:812][188]LogTemp: Display: [ImmerseStress] EnableImmerse(bus=7p1p4, shareset=Immerse_Audio_Renderer_(Custom)) -> OK
[2026-05-12T06:41:18.8129534-07:00] [pid=37768] [2026.05.12-13.41.18:812][188]LogTemp: Display: [ImmerseStress] BypassImmerse(bus=7p1p4) -> OK
[2026-05-12T06:41:18.8129534-07:00] [pid=37768] [2026.05.12-13.41.18:812][188]LogTemp: Display: [ImmerseStress] EnableImmerse(bus=7p1p4, shareset=Immerse_Audio_Renderer_(Custom)) -> OK
[2026-05-12T06:41:18.8129534-07:00] [pid=37768] [2026.05.12-13.41.18:812][188]LogTemp: Display: [ImmerseStress] Toggle storm DONE: 10/10 state-flips in 0.001s (avg 0.0587ms/op, worst 0.180ms, throughput 17021 ops/s)
[2026-05-12T06:41:18.8129534-07:00] [pid=37768] [2026.05.12-13.41.18:812][188]LogTemp: Display: [ImmerseStress] PLAN COMPLETE ??? 2 phases recorded. CSV: ../../../../../../Users/kapil/OneDrive/Documents/Unreal Projects/testTP/Saved/ImmerseStress/run_20260512_064100.csv
[2026-05-12T06:41:18.8129534-07:00] [pid=37768] [2026.05.12-13.41.18:812][188]LogTemp: Display: [ImmerseStress] Requesting engine exit in 1.50s (reason=ImmerseStressComplete)
[2026-05-12T06:41:20.3145313-07:00] [pid=37768] [2026.05.12-13.41.20:314][812]LogWindows: FPlatformMisc::RequestExit(0)
[2026-05-12T06:41:20.3145313-07:00] [pid=37768] [2026.05.12-13.41.20:314][812]LogWindows: FPlatformMisc::RequestExitWithStatus(0, 0)
[2026-05-12T06:41:20.3145313-07:00] [pid=37768] [2026.05.12-13.41.20:314][812]LogCore: Engine exit requested (reason: Win RequestExit)
[2026-05-12T06:41:20.3170431-07:00] [pid=37768] [2026.05.12-13.41.20:317][813]LogCore: Engine exit requested (reason: EngineExit() was called; note: exit was already requested)
[2026-05-12T06:41:20.3170431-07:00] [pid=37768] [2026.05.12-13.41.20:317][813]LogInit: Display: PreExit Game.
[2026-05-12T06:41:20.3271012-07:00] [pid=37768] [2026.05.12-13.41.20:327][813]LogWorld: BeginTearingDown for /Game/ThirdPersonBP/Maps/ThirdPersonExampleMap
[2026-05-12T06:41:20.3281181-07:00] [pid=37768] [2026.05.12-13.41.20:327][813]LogWorld: UWorld::CleanupWorld for ThirdPersonExampleMap, bSessionEnded=true, bCleanupResources=true
[2026-05-12T06:41:20.3281181-07:00] [pid=37768] [2026.05.12-13.41.20:328][813]LogSlate: InvalidateAllWidgets triggered.  All widgets were invalidated
[2026-05-12T06:41:20.3618375-07:00] [pid=37768] <<<_____ ImmerseAudioRenderer _____>>> 
[2026-05-12T06:41:20.3618375-07:00] [pid=37768] Term: this=000002A00CD20300
[2026-05-12T06:41:20.3618375-07:00] [pid=37768] 
[2026-05-12T06:41:20.3618375-07:00] [pid=37768] [EmbodyLOG] May_12_2026 06:41:20.362 line: 752. ___IMMERSEENGINE___ Immerse_DestroyAudioProcessor inAudioProcessor:2 
[2026-05-12T06:41:20.3618375-07:00] [pid=37768] <<<_____ ImmerseAudioRenderer _____>>> 
[2026-05-12T06:41:20.3618375-07:00] [pid=37768] WwiseFxNullParams::Term()
[2026-05-12T06:41:20.3628521-07:00] [pid=37768] 
[2026-05-12T06:41:20.6174468-07:00] [pid=37768] [2026.05.12-13.41.20:617][813]LogAudio: Display: Beginning Audio Device Manager Shutdown (Module: AudioMixerXAudio2)...
[2026-05-12T06:41:20.6174468-07:00] [pid=37768] [2026.05.12-13.41.20:617][813]LogAudio: Display: Destroying 1 Remaining Audio Device(s)...
[2026-05-12T06:41:20.6174468-07:00] [pid=37768] [2026.05.12-13.41.20:617][813]LogAudio: Display: Audio Device unregistered from world 'ThirdPersonExampleMap'.
[2026-05-12T06:41:20.6416146-07:00] [pid=37768] [2026.05.12-13.41.20:640][813]LogAudioMixer: FMixerPlatformXAudio2::StopAudioStream() called
[2026-05-12T06:41:20.6436245-07:00] [pid=37768] [2026.05.12-13.41.20:642][813]LogAudioMixer: FMixerPlatformXAudio2::StopAudioStream() called
[2026-05-12T06:41:20.6456333-07:00] [pid=37768] [2026.05.12-13.41.20:645][813]LogAudio: Display: Audio Device Manager Shutdown
[2026-05-12T06:41:20.6557059-07:00] [pid=37768] [2026.05.12-13.41.20:655][813]LogSlate: Window 'testTP (64-bit Development PCD3D_SM5) ' being destroyed
[2026-05-12T06:41:20.6592592-07:00] [pid=37768] [2026.05.12-13.41.20:659][813]LogExit: Preparing to exit.
[2026-05-12T06:41:20.6647786-07:00] [pid=37768] [2026.05.12-13.41.20:664][813]LogUObjectHash: Compacting FUObjectHashTables data took   0.67ms
[2026-05-12T06:41:20.6944777-07:00] [pid=37768] [2026.05.12-13.41.20:694][813]LogMoviePlayer: Shutting down movie player
[2026-05-12T06:41:20.7105873-07:00] [pid=37768] [2026.05.12-13.41.20:710][813]LogSlate: Updating window title bar state: overlay mode, drag disabled, window buttons hidden, title bar hidden
[2026-05-12T06:41:20.7271701-07:00] [pid=37768] [2026.05.12-13.41.20:727][813]LogDemo: Cleaned up 0 splitscreen connections with owner deletion
[2026-05-12T06:41:20.7347292-07:00] [pid=37768] <<<_____ ImmerseAudioRenderer _____>>> 
[2026-05-12T06:41:20.7347292-07:00] [pid=37768] WwiseFxNullParams::Term()
[2026-05-12T06:41:20.7357302-07:00] [pid=37768] 
[2026-05-12T06:41:20.7357302-07:00] [pid=37768] [2026.05.12-13.41.20:735][813]LogExit: Game engine shut down
[2026-05-12T06:41:20.7744331-07:00] [pid=37768] [2026.05.12-13.41.20:774][813]LogExit: Object subsystem successfully closed.
[2026-05-12T06:41:20.7915157-07:00] [pid=37768] [2026.05.12-13.41.20:791][813]LogShaderCompilers: Display: === FShaderJobCache stats ===
[2026-05-12T06:41:20.7925185-07:00] [pid=37768] [2026.05.12-13.41.20:791][813]LogShaderCompilers: Display: Total job queries 0, among them cache hits 0 (0.00%)
[2026-05-12T06:41:20.7925185-07:00] [pid=37768] [2026.05.12-13.41.20:792][813]LogShaderCompilers: Display: Tracking 0 distinct input hashes that result in 0 distinct outputs (0.00%)
[2026-05-12T06:41:20.7925185-07:00] [pid=37768] [2026.05.12-13.41.20:792][813]LogShaderCompilers: Display: RAM used: 0.00 MB (0.00 GB) of 819.20 MB (0.80 GB) budget. Usage: 0.00%
[2026-05-12T06:41:20.7925185-07:00] [pid=37768] [2026.05.12-13.41.20:792][813]LogShaderCompilers: Display: ================================================
[2026-05-12T06:41:20.8015596-07:00] [pid=37768] [2026.05.12-13.41.20:800][813]LogShaderCompilers: Display: Shaders left to compile 0
[2026-05-12T06:41:20.8161096-07:00] [pid=37768] [2026.05.12-13.41.20:816][813]LogModuleManager: Shutting down and abandoning module SequenceRecorderSections (562)
[2026-05-12T06:41:20.8161096-07:00] [pid=37768] [2026.05.12-13.41.20:816][813]LogModuleManager: Shutting down and abandoning module SequenceRecorder (560)
[2026-05-12T06:41:20.8161096-07:00] [pid=37768] [2026.05.12-13.41.20:816][813]LogModuleManager: Shutting down and abandoning module AutomationController (558)
[2026-05-12T06:41:20.8161096-07:00] [pid=37768] [2026.05.12-13.41.20:816][813]LogModuleManager: Shutting down and abandoning module AutomationWorker (556)
[2026-05-12T06:41:20.8161096-07:00] [pid=37768] [2026.05.12-13.41.20:816][813]LogModuleManager: Shutting down and abandoning module Voice (554)
[2026-05-12T06:41:20.8161096-07:00] [pid=37768] [2026.05.12-13.41.20:816][813]LogModuleManager: Shutting down and abandoning module AIModule (552)
[2026-05-12T06:41:20.8176199-07:00] [pid=37768] [2026.05.12-13.41.20:816][813]LogModuleManager: Shutting down and abandoning module GameplayDebugger (551)
[2026-05-12T06:41:20.8176199-07:00] [pid=37768] [2026.05.12-13.41.20:817][813]LogModuleManager: Shutting down and abandoning module AITestSuite (549)
[2026-05-12T06:41:20.8176199-07:00] [pid=37768] [2026.05.12-13.41.20:817][813]LogModuleManager: Shutting down and abandoning module NavigationSystem (547)
[2026-05-12T06:41:20.8176199-07:00] [pid=37768] [2026.05.12-13.41.20:817][813]LogModuleManager: Shutting down and abandoning module AnimGraph (544)
[2026-05-12T06:41:20.8176199-07:00] [pid=37768] [2026.05.12-13.41.20:817][813]LogModuleManager: Shutting down and abandoning module SteamVREditor (542)
[2026-05-12T06:41:20.8176199-07:00] [pid=37768] [2026.05.12-13.41.20:817][813]LogModuleManager: Shutting down and abandoning module ToolMenus (541)
[2026-05-12T06:41:20.8176199-07:00] [pid=37768] [2026.05.12-13.41.20:817][813]LogModuleManager: Shutting down and abandoning module OculusMR (538)
[2026-05-12T06:41:20.8176199-07:00] [pid=37768] [2026.05.12-13.41.20:817][813]LogModuleManager: Shutting down and abandoning module TakeRecorderSources (536)
[2026-05-12T06:41:20.8176199-07:00] [pid=37768] [2026.05.12-13.41.20:817][813]LogModuleManager: Shutting down and abandoning module TakeRecorder (535)
[2026-05-12T06:41:20.8176199-07:00] [pid=37768] [2026.05.12-13.41.20:817][813]LogModuleManager: Shutting down and abandoning module TakeTrackRecorders (532)
[2026-05-12T06:41:20.8176199-07:00] [pid=37768] [2026.05.12-13.41.20:817][813]LogModuleManager: Shutting down and abandoning module TakesCore (530)
[2026-05-12T06:41:20.8176199-07:00] [pid=37768] [2026.05.12-13.41.20:817][813]LogModuleManager: Shutting down and abandoning module OpenXRInput (528)
[2026-05-12T06:41:20.8176199-07:00] [pid=37768] [2026.05.12-13.41.20:817][813]LogModuleManager: Shutting down and abandoning module MagicLeapMediaCodecFactory (526)
[2026-05-12T06:41:20.8176199-07:00] [pid=37768] [2026.05.12-13.41.20:817][813]LogModuleManager: Shutting down and abandoning module MagicLeapMediaFactory (524)
[2026-05-12T06:41:20.8176199-07:00] [pid=37768] [2026.05.12-13.41.20:817][813]LogModuleManager: Shutting down and abandoning module WmfMediaFactory (522)
[2026-05-12T06:41:20.8176199-07:00] [pid=37768] [2026.05.12-13.41.20:817][813]LogModuleManager: Shutting down and abandoning module WebMMediaFactory (520)
[2026-05-12T06:41:20.8176199-07:00] [pid=37768] [2026.05.12-13.41.20:817][813]LogModuleManager: Shutting down and abandoning module WebMMedia (518)
[2026-05-12T06:41:20.8176199-07:00] [pid=37768] [2026.05.12-13.41.20:817][813]LogModuleManager: Shutting down and abandoning module OpenExrWrapper (516)
[2026-05-12T06:41:20.8176199-07:00] [pid=37768] [2026.05.12-13.41.20:817][813]LogModuleManager: Shutting down and abandoning module ImgMediaFactory (514)
[2026-05-12T06:41:20.8176199-07:00] [pid=37768] [2026.05.12-13.41.20:817][813]LogModuleManager: Shutting down and abandoning module AvfMediaFactory (512)
[2026-05-12T06:41:20.8176199-07:00] [pid=37768] [2026.05.12-13.41.20:817][813]LogModuleManager: Shutting down and abandoning module PlanarCut (510)
[2026-05-12T06:41:20.8176199-07:00] [pid=37768] [2026.05.12-13.41.20:817][813]LogModuleManager: Shutting down and abandoning module CharacterAI (508)
[2026-05-12T06:41:20.8176199-07:00] [pid=37768] [2026.05.12-13.41.20:817][813]LogModuleManager: Shutting down and abandoning module SessionServices (506)
[2026-05-12T06:41:20.8176199-07:00] [pid=37768] [2026.05.12-13.41.20:817][813]LogModuleManager: Shutting down and abandoning module MovieSceneCapture (504)
[2026-05-12T06:41:20.8176199-07:00] [pid=37768] [2026.05.12-13.41.20:817][813]LogModuleManager: Shutting down and abandoning module LiveCoding (502)
[2026-05-12T06:41:20.8176199-07:00] [pid=37768] [2026.05.12-13.41.20:817][813]LogModuleManager: Shutting down and abandoning module LevelSequence (500)
[2026-05-12T06:41:20.8176199-07:00] [pid=37768] [2026.05.12-13.41.20:817][813]LogModuleManager: Shutting down and abandoning module MovieSceneTracks (498)
[2026-05-12T06:41:20.8176199-07:00] [pid=37768] [2026.05.12-13.41.20:817][813]LogModuleManager: Shutting down and abandoning module MovieScene (496)
[2026-05-12T06:41:20.8176199-07:00] [pid=37768] [2026.05.12-13.41.20:817][813]LogModuleManager: Shutting down and abandoning module StreamingPauseRendering (494)
[2026-05-12T06:41:20.8176199-07:00] [pid=37768] [2026.05.12-13.41.20:817][813]LogModuleManager: Shutting down and abandoning module PortalServices (492)
[2026-05-12T06:41:20.8176199-07:00] [pid=37768] [2026.05.12-13.41.20:817][813]LogModuleManager: Shutting down and abandoning module PortalRpc (490)
[2026-05-12T06:41:20.8176199-07:00] [pid=37768] [2026.05.12-13.41.20:817][813]LogModuleManager: Shutting down and abandoning module MessagingRpc (488)
[2026-05-12T06:41:20.8176199-07:00] [pid=37768] [2026.05.12-13.41.20:817][813]LogModuleManager: Shutting down and abandoning module AudioMixerXAudio2 (486)
[2026-05-12T06:41:20.8176199-07:00] [pid=37768] [2026.05.12-13.41.20:817][813]LogModuleManager: Shutting down and abandoning module AudioMixerCore (485)
[2026-05-12T06:41:20.8186347-07:00] [pid=37768] [2026.05.12-13.41.20:817][813]LogModuleManager: Shutting down and abandoning module ImageWriteQueue (482)
[2026-05-12T06:41:20.8231512-07:00] [pid=37768] [2026.05.12-13.41.20:823][813]LogModuleManager: Shutting down and abandoning module ProfilerService (480)
[2026-05-12T06:41:21.0717225-07:00] [pid=37768] [2026.05.12-13.41.21:071][813]LogModuleManager: Shutting down and abandoning module TaskGraph (478)
[2026-05-12T06:41:21.0727346-07:00] [pid=37768] [2026.05.12-13.41.21:071][813]LogModuleManager: Shutting down and abandoning module OculusInput (476)
[2026-05-12T06:41:21.0727346-07:00] [pid=37768] [2026.05.12-13.41.21:072][813]LogModuleManager: Shutting down and abandoning module Synthesis (474)
[2026-05-12T06:41:21.0727346-07:00] [pid=37768] [2026.05.12-13.41.21:072][813]LogModuleManager: Shutting down and abandoning module ProceduralMeshComponent (472)
[2026-05-12T06:41:21.0727346-07:00] [pid=37768] [2026.05.12-13.41.21:072][813]LogModuleManager: Shutting down and abandoning module TakeMovieScene (470)
[2026-05-12T06:41:21.0727346-07:00] [pid=37768] [2026.05.12-13.41.21:072][813]LogModuleManager: Shutting down and abandoning module MobilePatchingUtils (468)
[2026-05-12T06:41:21.0737373-07:00] [pid=37768] [2026.05.12-13.41.21:072][813]LogModuleManager: Shutting down and abandoning module GooglePAD (466)
[2026-05-12T06:41:21.0737373-07:00] [pid=37768] [2026.05.12-13.41.21:073][813]LogModuleManager: Shutting down and abandoning module MagicLeapSharedWorld (464)
[2026-05-12T06:41:21.0737373-07:00] [pid=37768] [2026.05.12-13.41.21:073][813]LogModuleManager: Shutting down and abandoning module AudioCapture (462)
[2026-05-12T06:41:21.0737373-07:00] [pid=37768] [2026.05.12-13.41.21:073][813]LogModuleManager: Shutting down and abandoning module AudioCaptureRtAudio (461)
[2026-05-12T06:41:21.0737373-07:00] [pid=37768] [2026.05.12-13.41.21:073][813]LogModuleManager: Shutting down and abandoning module MagicLeapLightEstimation (458)
[2026-05-12T06:41:21.0737373-07:00] [pid=37768] [2026.05.12-13.41.21:073][813]LogModuleManager: Shutting down and abandoning module CustomMeshComponent (456)
[2026-05-12T06:41:21.0737373-07:00] [pid=37768] [2026.05.12-13.41.21:073][813]LogModuleManager: Shutting down and abandoning module EditableMesh (454)
[2026-05-12T06:41:21.0737373-07:00] [pid=37768] [2026.05.12-13.41.21:073][813]LogModuleManager: Shutting down and abandoning module CableComponent (452)
[2026-05-12T06:41:21.0747340-07:00] [pid=37768] [2026.05.12-13.41.21:073][813]LogModuleManager: Shutting down and abandoning module AndroidPermission (450)
[2026-05-12T06:41:21.0747340-07:00] [pid=37768] [2026.05.12-13.41.21:073][813]LogModuleManager: Shutting down and abandoning module AppleImageUtilsBlueprintSupport (448)
[2026-05-12T06:41:21.0747340-07:00] [pid=37768] [2026.05.12-13.41.21:074][813]LogModuleManager: Shutting down and abandoning module AppleImageUtils (446)
[2026-05-12T06:41:21.0747340-07:00] [pid=37768] [2026.05.12-13.41.21:074][813]LogModuleManager: Shutting down and abandoning module ArchVisCharacter (444)
[2026-05-12T06:41:21.0747340-07:00] [pid=37768] [2026.05.12-13.41.21:074][813]LogModuleManager: Shutting down and abandoning module AssetTags (442)
[2026-05-12T06:41:21.0747340-07:00] [pid=37768] [2026.05.12-13.41.21:074][813]LogModuleManager: Shutting down and abandoning module ActorLayerUtilities (440)
[2026-05-12T06:41:21.0747340-07:00] [pid=37768] [2026.05.12-13.41.21:074][813]LogModuleManager: Shutting down and abandoning module MagicLeapHelperVulkan (438)
[2026-05-12T06:41:21.0747340-07:00] [pid=37768] [2026.05.12-13.41.21:074][813]LogModuleManager: Shutting down and abandoning module MagicLeapHelperOpenGL (436)
[2026-05-12T06:41:21.0747340-07:00] [pid=37768] [2026.05.12-13.41.21:074][813]LogModuleManager: Shutting down and abandoning module MagicLeapAudio (434)
[2026-05-12T06:41:21.0757354-07:00] [pid=37768] [2026.05.12-13.41.21:074][813]LogModuleManager: Shutting down and abandoning module MediaCompositing (432)
[2026-05-12T06:41:21.0757354-07:00] [pid=37768] [2026.05.12-13.41.21:074][813]LogModuleManager: Shutting down and abandoning module ImgMedia (430)
[2026-05-12T06:41:21.0757354-07:00] [pid=37768] [2026.05.12-13.41.21:075][813]LogModuleManager: Shutting down and abandoning module TemplateSequence (428)
[2026-05-12T06:41:21.0757354-07:00] [pid=37768] [2026.05.12-13.41.21:075][813]LogModuleManager: Shutting down and abandoning module MotoSynth (426)
[2026-05-12T06:41:21.0757354-07:00] [pid=37768] [2026.05.12-13.41.21:075][813]LogModuleManager: Shutting down and abandoning module OpenImageDenoise (424)
[2026-05-12T06:41:21.0757354-07:00] [pid=37768] [2026.05.12-13.41.21:075][813]LogOpenImageDenoise: OIDN shutting down
[2026-05-12T06:41:21.0757354-07:00] [pid=37768] [2026.05.12-13.41.21:075][813]LogModuleManager: Shutting down and abandoning module GeometryCacheTracks (422)
[2026-05-12T06:41:21.0757354-07:00] [pid=37768] [2026.05.12-13.41.21:075][813]LogModuleManager: Shutting down and abandoning module GeometryCacheSequencer (421)
[2026-05-12T06:41:21.0757354-07:00] [pid=37768] [2026.05.12-13.41.21:075][813]LogModuleManager: Shutting down and abandoning module GeometryCache (418)
[2026-05-12T06:41:21.0757354-07:00] [pid=37768] [2026.05.12-13.41.21:075][813]LogModuleManager: Shutting down and abandoning module GeometryCacheEd (417)
[2026-05-12T06:41:21.0757354-07:00] [pid=37768] [2026.05.12-13.41.21:075][813]LogModuleManager: Shutting down and abandoning module MeshConversion (414)
[2026-05-12T06:41:21.0757354-07:00] [pid=37768] [2026.05.12-13.41.21:075][813]LogModuleManager: Shutting down and abandoning module DynamicMesh (412)
[2026-05-12T06:41:21.0757354-07:00] [pid=37768] [2026.05.12-13.41.21:075][813]LogModuleManager: Shutting down and abandoning module GeometryAlgorithms (410)
[2026-05-12T06:41:21.0757354-07:00] [pid=37768] [2026.05.12-13.41.21:075][813]LogModuleManager: Shutting down and abandoning module GeometricObjects (408)
[2026-05-12T06:41:21.0757354-07:00] [pid=37768] [2026.05.12-13.41.21:075][813]LogModuleManager: Shutting down and abandoning module GeometryCollectionTracks (406)
[2026-05-12T06:41:21.0772513-07:00] [pid=37768] [2026.05.12-13.41.21:075][813]LogModuleManager: Shutting down and abandoning module GeometryCollectionSequencer (405)
[2026-05-12T06:41:21.0772513-07:00] [pid=37768] [2026.05.12-13.41.21:075][813]LogModuleManager: Shutting down and abandoning module BackChannel (402)
[2026-05-12T06:41:21.0772513-07:00] [pid=37768] [2026.05.12-13.41.21:077][813]LogModuleManager: Shutting down and abandoning module ChaosNiagara (400)
[2026-05-12T06:41:21.0772513-07:00] [pid=37768] [2026.05.12-13.41.21:077][813]LogModuleManager: Shutting down and abandoning module FieldSystemEngine (399)
[2026-05-12T06:41:21.0772513-07:00] [pid=37768] [2026.05.12-13.41.21:077][813]LogModuleManager: Shutting down and abandoning module AutomationUtils (396)
[2026-05-12T06:41:21.0772513-07:00] [pid=37768] [2026.05.12-13.41.21:077][813]LogModuleManager: Shutting down and abandoning module VisualStudioSourceCodeAccess (394)
[2026-05-12T06:41:21.0772513-07:00] [pid=37768] [2026.05.12-13.41.21:077][813]LogModuleManager: Shutting down and abandoning module HotReload (393)
[2026-05-12T06:41:21.0782752-07:00] [pid=37768] [2026.05.12-13.41.21:078][813]LogModuleManager: Shutting down and abandoning module PerforceSourceControl (390)
[2026-05-12T06:41:21.0782752-07:00] [pid=37768] [2026.05.12-13.41.21:078][813]LogModuleManager: Shutting down and abandoning module SubversionSourceControl (388)
[2026-05-12T06:41:21.0782752-07:00] [pid=37768] [2026.05.12-13.41.21:078][813]LogModuleManager: Shutting down and abandoning module SourceControl (387)
[2026-05-12T06:41:21.0782752-07:00] [pid=37768] [2026.05.12-13.41.21:078][813]LogModuleManager: Shutting down and abandoning module VisualStudioCodeSourceCodeAccess (384)
[2026-05-12T06:41:21.0782752-07:00] [pid=37768] [2026.05.12-13.41.21:078][813]LogModuleManager: Shutting down and abandoning module UObjectPlugin (382)
[2026-05-12T06:41:21.0782752-07:00] [pid=37768] [2026.05.12-13.41.21:078][813]LogModuleManager: Shutting down and abandoning module CLionSourceCodeAccess (380)
[2026-05-12T06:41:21.0782752-07:00] [pid=37768] [2026.05.12-13.41.21:078][813]LogModuleManager: Shutting down and abandoning module OodleNetworkHandlerComponent (378)
[2026-05-12T06:41:21.0792738-07:00] [pid=37768] [2026.05.12-13.41.21:078][813]LogModuleManager: Shutting down and abandoning module LiveLinkSequencer (376)
[2026-05-12T06:41:21.0792738-07:00] [pid=37768] [2026.05.12-13.41.21:079][813]LogModuleManager: Shutting down and abandoning module LiveLinkMovieScene (374)
[2026-05-12T06:41:21.0792738-07:00] [pid=37768] [2026.05.12-13.41.21:079][813]LogModuleManager: Shutting down and abandoning module LiveLinkGraphNode (372)
[2026-05-12T06:41:21.0792738-07:00] [pid=37768] [2026.05.12-13.41.21:079][813]LogModuleManager: Shutting down and abandoning module LiveLinkComponents (370)
[2026-05-12T06:41:21.0792738-07:00] [pid=37768] [2026.05.12-13.41.21:079][813]LogModuleManager: Shutting down and abandoning module LiveLink (368)
[2026-05-12T06:41:21.3646410-07:00] [pid=37768] [2026.05.12-13.41.21:364][813]LogModuleManager: Shutting down and abandoning module testTP (366)
[2026-05-12T06:41:21.3656365-07:00] [pid=37768] [2026.05.12-13.41.21:364][813]LogModuleManager: Shutting down and abandoning module AkAudio (364)
[2026-05-12T06:41:21.3656365-07:00] [pid=37768] <<<_____ ImmerseAudioRenderer _____>>> 
[2026-05-12T06:41:21.3656365-07:00] [pid=37768] WwiseFxNullParams::Term()
[2026-05-12T06:41:21.3656365-07:00] [pid=37768] 
[2026-05-12T06:41:21.3706698-07:00] [pid=26656] <<<_____ ImmerseAudioRenderer _____>>> 
[2026-05-12T06:41:21.3706698-07:00] [pid=26656] RegisterImmerseAudioRendererFX()
[2026-05-12T06:41:21.3706698-07:00] [pid=26656] 
[2026-05-12T06:41:21.3706698-07:00] [pid=26656] <<<_____ ImmerseAudioRenderer _____>>> 
[2026-05-12T06:41:21.3706698-07:00] [pid=26656] CreateImmerseManager
[2026-05-12T06:41:21.3706698-07:00] [pid=26656] 
[2026-05-12T06:41:21.3706698-07:00] [pid=26656] <<<_____ ImmerseAudioRenderer _____>>> 
[2026-05-12T06:41:21.3706698-07:00] [pid=26656] loadAndInitializeImmerseEngine
[2026-05-12T06:41:21.3706698-07:00] [pid=26656] 
[2026-05-12T06:41:21.3756897-07:00] [pid=37768] <<<_____ ImmerseAudioRenderer _____>>> 
[2026-05-12T06:41:21.3756897-07:00] [pid=37768] CreateDestroyImmerseManager
[2026-05-12T06:41:21.3756897-07:00] [pid=37768] 
[2026-05-12T06:41:21.3756897-07:00] [pid=37768] <<<_____ ImmerseAudioRenderer _____>>> 
[2026-05-12T06:41:21.3756897-07:00] [pid=37768] DestroyImmerseManager
[2026-05-12T06:41:21.3756897-07:00] [pid=37768] 
[2026-05-12T06:41:21.3756897-07:00] [pid=37768] [EmbodyLOG] May_12_2026 06:41:21.376 line: 628. ___IMMERSEENGINE___ Immerse_ResetUser 
[2026-05-12T06:41:21.3756897-07:00] [pid=37768] [EmbodyLOG] May_12_2026 06:41:21.377 line: 637. ___IMMERSEENGINE___ Immerse_Terminate 
[2026-05-12T06:41:21.3771932-07:00] [pid=37768] [EmbodyLOG] May_12_2026 06:41:21.377 line: 59. ImmerseCommerceApiHelper::interruptNetwork() - commerce is not initialized! 
[2026-05-12T06:41:21.3782118-07:00] [pid=37768] [EmbodyLOG] May_12_2026 06:41:21.378 line: 1419. calculateLicenseDaysRemaining(): cached=359, elapsed=0, remaining=359 
[2026-05-12T06:41:21.3827700-07:00] [pid=37768] <<<_____ ImmerseAudioRenderer _____>>> 
[2026-05-12T06:41:21.3827700-07:00] [pid=37768] CreateDestroyImmerseManager
[2026-05-12T06:41:21.3827700-07:00] [pid=37768] 
[2026-05-12T06:41:21.3827700-07:00] [pid=37768] <<<_____ ImmerseAudioRenderer _____>>> 
[2026-05-12T06:41:21.3827700-07:00] [pid=37768] DestroyImmerseManager
[2026-05-12T06:41:21.3827700-07:00] [pid=37768] 
[2026-05-12T06:41:21.3837636-07:00] [pid=26656] <<<_____ ImmerseAudioRenderer _____>>> 
[2026-05-12T06:41:21.3837636-07:00] [pid=26656] CreateDestroyImmerseManager
[2026-05-12T06:41:21.3837636-07:00] [pid=26656] 
[2026-05-12T06:41:21.3837636-07:00] [pid=26656] <<<_____ ImmerseAudioRenderer _____>>> 
[2026-05-12T06:41:21.3837636-07:00] [pid=26656] CreateImmerseManager
[2026-05-12T06:41:21.3837636-07:00] [pid=26656] 
[2026-05-12T06:41:21.3847748-07:00] [pid=37768] [2026.05.12-13.41.21:384][813]LogInit: Audiokinetic Audio Device terminated.
[2026-05-12T06:41:21.3847748-07:00] [pid=37768] [2026.05.12-13.41.21:384][813]LogModuleManager: Shutting down and abandoning module PropertyAccessEditor (362)
[2026-05-12T06:41:21.3847748-07:00] [pid=37768] [2026.05.12-13.41.21:384][813]LogModuleManager: Shutting down and abandoning module SoundFields (360)
[2026-05-12T06:41:21.3847748-07:00] [pid=37768] [2026.05.12-13.41.21:384][813]LogModuleManager: Shutting down and abandoning module SignificanceManager (358)
[2026-05-12T06:41:21.3847748-07:00] [pid=37768] [2026.05.12-13.41.21:384][813]LogModuleManager: Shutting down and abandoning module RuntimePhysXCooking (356)
[2026-05-12T06:41:21.3847748-07:00] [pid=37768] [2026.05.12-13.41.21:384][813]LogModuleManager: Shutting down and abandoning module PhysXVehiclesEditor (354)
[2026-05-12T06:41:21.3847748-07:00] [pid=37768] [2026.05.12-13.41.21:384][813]LogModuleManager: Shutting down and abandoning module LocationServicesBPLibrary (350)
[2026-05-12T06:41:21.3847748-07:00] [pid=37768] [2026.05.12-13.41.21:384][813]LogModuleManager: Shutting down and abandoning module MagicLeapARPin (348)
[2026-05-12T06:41:21.3847748-07:00] [pid=37768] [2026.05.12-13.41.21:384][813]LogModuleManager: Shutting down and abandoning module AudioSynesthesia (346)
[2026-05-12T06:41:21.3857655-07:00] [pid=37768] [2026.05.12-13.41.21:384][813]LogModuleManager: Shutting down and abandoning module AudioSynesthesiaCore (344)
[2026-05-12T06:41:21.3857655-07:00] [pid=37768] [2026.05.12-13.41.21:385][813]LogModuleManager: Shutting down and abandoning module MagicLeapHandMeshing (342)
[2026-05-12T06:41:21.3857655-07:00] [pid=37768] [2026.05.12-13.41.21:385][813]LogModuleManager: Shutting down and abandoning module MagicLeapSecureStorage (340)
[2026-05-12T06:41:21.3857655-07:00] [pid=37768] [2026.05.12-13.41.21:385][813]LogModuleManager: Shutting down and abandoning module MagicLeapPrivileges (338)
[2026-05-12T06:41:21.3857655-07:00] [pid=37768] [2026.05.12-13.41.21:385][813]LogModuleManager: Shutting down and abandoning module MagicLeapPlanes (336)
[2026-05-12T06:41:21.3857655-07:00] [pid=37768] [2026.05.12-13.41.21:385][813]LogMagicLeapPlanes: Planes tracker already destroyed.
[2026-05-12T06:41:21.3857655-07:00] [pid=37768] [2026.05.12-13.41.21:385][813]LogModuleManager: Shutting down and abandoning module MagicLeapImageTracker (334)
[2026-05-12T06:41:21.3857655-07:00] [pid=37768] [2026.05.12-13.41.21:385][813]LogModuleManager: Shutting down and abandoning module MagicLeapIdentity (332)
[2026-05-12T06:41:21.3857655-07:00] [pid=37768] [2026.05.12-13.41.21:385][813]LogModuleManager: Shutting down and abandoning module MagicLeapHandTracking (330)
[2026-05-12T06:41:21.3857655-07:00] [pid=37768] [2026.05.12-13.41.21:385][813]LogModuleManager: Shutting down and abandoning module MagicLeapEyeTracker (328)
[2026-05-12T06:41:21.3857655-07:00] [pid=37768] [2026.05.12-13.41.21:385][813]LogModuleManager: Shutting down and abandoning module MagicLeapController (326)
[2026-05-12T06:41:21.3857655-07:00] [pid=37768] [2026.05.12-13.41.21:385][813]LogModuleManager: Shutting down and abandoning module MagicLeapARPinImpl (324)
[2026-05-12T06:41:21.3857655-07:00] [pid=37768] [2026.05.12-13.41.21:385][813]LogModuleManager: Shutting down and abandoning module MagicLeapAR (322)
[2026-05-12T06:41:21.3857655-07:00] [pid=37768] [2026.05.12-13.41.21:385][813]LogModuleManager: Shutting down and abandoning module ImgMediaEngine (320)
[2026-05-12T06:41:21.3857655-07:00] [pid=37768] [2026.05.12-13.41.21:385][813]LogModuleManager: Shutting down and abandoning module ActorSequence (318)
[2026-05-12T06:41:21.3857655-07:00] [pid=37768] [2026.05.12-13.41.21:385][813]LogModuleManager: Shutting down and abandoning module TcpMessaging (316)
[2026-05-12T06:41:21.3857655-07:00] [pid=37768] [2026.05.12-13.41.21:385][813]LogModuleManager: Shutting down and abandoning module UdpMessaging (314)
[2026-05-12T06:41:21.3857655-07:00] [pid=37768] [2026.05.12-13.41.21:385][813]LogModuleManager: Shutting down and abandoning module GameplayTagsEditor (312)
[2026-05-12T06:41:21.3857655-07:00] [pid=37768] [2026.05.12-13.41.21:385][813]LogModuleManager: Shutting down and abandoning module AssetManagerEditor (310)
[2026-05-12T06:41:21.3857655-07:00] [pid=37768] [2026.05.12-13.41.21:385][813]LogModuleManager: Shutting down and abandoning module TreeMap (309)
[2026-05-12T06:41:21.3857655-07:00] [pid=37768] [2026.05.12-13.41.21:385][813]LogModuleManager: Shutting down and abandoning module FacialAnimation (306)
[2026-05-12T06:41:21.3857655-07:00] [pid=37768] [2026.05.12-13.41.21:385][813]LogModuleManager: Shutting down and abandoning module PythonScriptPlugin (304)
[2026-05-12T06:41:21.3857655-07:00] [pid=37768] [2026.05.12-13.41.21:385][813]LogModuleManager: Shutting down and abandoning module NiagaraAnimNotifies (302)
[2026-05-12T06:41:21.3857655-07:00] [pid=37768] [2026.05.12-13.41.21:385][813]LogModuleManager: Shutting down and abandoning module Niagara (300)
[2026-05-12T06:41:21.3857655-07:00] [pid=37768] [2026.05.12-13.41.21:385][813]LogModuleManager: Shutting down and abandoning module SignalProcessing (299)
[2026-05-12T06:41:21.3857655-07:00] [pid=37768] [2026.05.12-13.41.21:385][813]LogModuleManager: Shutting down and abandoning module NiagaraEditor (297)
[2026-05-12T06:41:21.3857655-07:00] [pid=37768] [2026.05.12-13.41.21:385][813]LogModuleManager: Shutting down and abandoning module ContentBrowser (296)
[2026-05-12T06:41:21.3857655-07:00] [pid=37768] [2026.05.12-13.41.21:385][813]LogModuleManager: Shutting down and abandoning module CollectionManager (295)
[2026-05-12T06:41:21.3857655-07:00] [pid=37768] [2026.05.12-13.41.21:385][813]LogModuleManager: Shutting down and abandoning module DirectoryWatcher (294)
[2026-05-12T06:41:21.3857655-07:00] [pid=37768] [2026.05.12-13.41.21:385][813]LogModuleManager: Shutting down and abandoning module ContentBrowserData (291)
[2026-05-12T06:41:21.3857655-07:00] [pid=37768] [2026.05.12-13.41.21:385][813]LogModuleManager: Shutting down and abandoning module NiagaraCore (286)
[2026-05-12T06:41:21.3857655-07:00] [pid=37768] [2026.05.12-13.41.21:385][813]LogModuleManager: Shutting down and abandoning module PropertyAccessNode (284)
[2026-05-12T06:41:21.3857655-07:00] [pid=37768] [2026.05.12-13.41.21:385][813]LogModuleManager: Shutting down and abandoning module AnimationSharing (282)
[2026-05-12T06:41:21.3857655-07:00] [pid=37768] [2026.05.12-13.41.21:385][813]LogModuleManager: Shutting down and abandoning module GameplayCameras (280)
[2026-05-12T06:41:21.3857655-07:00] [pid=37768] [2026.05.12-13.41.21:385][813]LogModuleManager: Shutting down and abandoning module LightPropagationVolumeRuntime (278)
[2026-05-12T06:41:21.3857655-07:00] [pid=37768] [2026.05.12-13.41.21:385][813]LogModuleManager: Shutting down and abandoning module EnvironmentQueryEditor (276)
[2026-05-12T06:41:21.3857655-07:00] [pid=37768] [2026.05.12-13.41.21:385][813]LogModuleManager: Shutting down and abandoning module Paper2D (274)
[2026-05-12T06:41:21.3857655-07:00] [pid=37768] [2026.05.12-13.41.21:385][813]LogModuleManager: Shutting down and abandoning module WindowsMoviePlayer (272)
[2026-05-12T06:41:21.3872788-07:00] [pid=37768] [2026.05.12-13.41.21:387][813]LogModuleManager: Shutting down and abandoning module WebMMoviePlayer (270)
[2026-05-12T06:41:21.3872788-07:00] [pid=37768] [2026.05.12-13.41.21:387][813]LogModuleManager: Shutting down and abandoning module NetworkReplayStreaming (268)
[2026-05-12T06:41:21.3872788-07:00] [pid=37768] [2026.05.12-13.41.21:387][813]LogModuleManager: Shutting down and abandoning module PacketHandler (266)
[2026-05-12T06:41:21.3872788-07:00] [pid=37768] [2026.05.12-13.41.21:387][813]LogModuleManager: Shutting down and abandoning module ClothingSystemEditor (264)
[2026-05-12T06:41:21.3872788-07:00] [pid=37768] [2026.05.12-13.41.21:387][813]LogModuleManager: Shutting down and abandoning module ClothingSystemRuntimeNv (262)
[2026-05-12T06:41:21.3872788-07:00] [pid=37768] [2026.05.12-13.41.21:387][813]LogModuleManager: Shutting down and abandoning module MediaAssets (260)
[2026-05-12T06:41:21.3872788-07:00] [pid=37768] [2026.05.12-13.41.21:387][813]LogModuleManager: Shutting down and abandoning module Overlay (258)
[2026-05-12T06:41:21.3872788-07:00] [pid=37768] [2026.05.12-13.41.21:387][813]LogModuleManager: Shutting down and abandoning module OverlayEditor (257)
[2026-05-12T06:41:21.3872788-07:00] [pid=37768] [2026.05.12-13.41.21:387][813]LogModuleManager: Shutting down and abandoning module VREditor (254)
[2026-05-12T06:41:21.3872788-07:00] [pid=37768] [2026.05.12-13.41.21:387][813]LogModuleManager: Shutting down and abandoning module StringTableEditor (252)
[2026-05-12T06:41:21.3872788-07:00] [pid=37768] [2026.05.12-13.41.21:387][813]LogModuleManager: Shutting down and abandoning module GameplayTasksEditor (250)
[2026-05-12T06:41:21.3872788-07:00] [pid=37768] [2026.05.12-13.41.21:387][813]LogModuleManager: Shutting down and abandoning module BehaviorTreeEditor (248)
[2026-05-12T06:41:21.3872788-07:00] [pid=37768] [2026.05.12-13.41.21:387][813]LogModuleManager: Shutting down and abandoning module FunctionalTesting (246)
[2026-05-12T06:41:21.3872788-07:00] [pid=37768] [2026.05.12-13.41.21:387][813]LogModuleManager: Shutting down and abandoning module CollisionAnalyzer (244)
[2026-05-12T06:41:21.3872788-07:00] [pid=37768] [2026.05.12-13.41.21:387][813]LogModuleManager: Shutting down and abandoning module WorkspaceMenuStructure (243)
[2026-05-12T06:41:21.3872788-07:00] [pid=37768] [2026.05.12-13.41.21:387][813]LogModuleManager: Shutting down and abandoning module UMG (240)
[2026-05-12T06:41:21.3872788-07:00] [pid=37768] [2026.05.12-13.41.21:387][813]LogModuleManager: Shutting down and abandoning module UMGEditor (239)
[2026-05-12T06:41:21.3872788-07:00] [pid=37768] [2026.05.12-13.41.21:387][813]LogModuleManager: Shutting down and abandoning module Sequencer (238)
[2026-05-12T06:41:21.3872788-07:00] [pid=37768] [2026.05.12-13.41.21:387][813]LogModuleManager: Shutting down and abandoning module MessageLog (235)
[2026-05-12T06:41:21.3872788-07:00] [pid=37768] [2026.05.12-13.41.21:387][813]LogModuleManager: Shutting down and abandoning module SlateReflector (230)
[2026-05-12T06:41:21.3872788-07:00] [pid=37768] [2026.05.12-13.41.21:387][813]LogModuleManager: Shutting down and abandoning module Slate (228)
[2026-05-12T06:41:21.3872788-07:00] [pid=37768] [2026.05.12-13.41.21:387][813]LogModuleManager: Shutting down and abandoning module SlateCore (226)
[2026-05-12T06:41:21.3882949-07:00] [pid=37768] [2026.05.12-13.41.21:388][813]LogModuleManager: Shutting down and abandoning module LandscapeEditorUtilities (224)
[2026-05-12T06:41:21.3882949-07:00] [pid=37768] [2026.05.12-13.41.21:388][813]LogModuleManager: Shutting down and abandoning module UnrealEd (222)
[2026-05-12T06:41:21.3882949-07:00] [pid=37768] [2026.05.12-13.41.21:388][813]LogModuleManager: Shutting down and abandoning module MRMesh (220)
[2026-05-12T06:41:21.3882949-07:00] [pid=37768] [2026.05.12-13.41.21:388][813]LogModuleManager: Shutting down and abandoning module Messaging (218)
[2026-05-12T06:41:21.3882949-07:00] [pid=37768] [2026.05.12-13.41.21:388][813]LogModuleManager: Shutting down and abandoning module SourceCodeAccess (216)
[2026-05-12T06:41:21.3882949-07:00] [pid=37768] [2026.05.12-13.41.21:388][813]LogModuleManager: Shutting down and abandoning module HeadMountedDisplay (214)
[2026-05-12T06:41:21.3882949-07:00] [pid=37768] [2026.05.12-13.41.21:388][813]LogModuleManager: Shutting down and abandoning module XAudio2 (212)
[2026-05-12T06:41:21.3882949-07:00] [pid=37768] [2026.05.12-13.41.21:388][813]LogModuleManager: Shutting down and abandoning module Networking (210)
[2026-05-12T06:41:21.3882949-07:00] [pid=37768] [2026.05.12-13.41.21:388][813]LogModuleManager: Shutting down and abandoning module Core (208)
[2026-05-12T06:41:21.3882949-07:00] [pid=37768] [2026.05.12-13.41.21:388][813]LogModuleManager: Shutting down and abandoning module MaterialEditor (206)
[2026-05-12T06:41:21.3882949-07:00] [pid=37768] [2026.05.12-13.41.21:388][813]LogModuleManager: Shutting down and abandoning module MovieSceneTools (204)
[2026-05-12T06:41:21.3882949-07:00] [pid=37768] [2026.05.12-13.41.21:388][813]LogModuleManager: Shutting down and abandoning module EditorStyle (203)
[2026-05-12T06:41:21.3892946-07:00] [pid=37768] [2026.05.12-13.41.21:389][813]LogModuleManager: Shutting down and abandoning module KismetCompiler (200)
[2026-05-12T06:41:21.3892946-07:00] [pid=37768] [2026.05.12-13.41.21:389][813]LogModuleManager: Shutting down and abandoning module MeshBuilder (198)
[2026-05-12T06:41:21.3892946-07:00] [pid=37768] [2026.05.12-13.41.21:389][813]LogModuleManager: Shutting down and abandoning module MeshUtilities (196)
[2026-05-12T06:41:21.3892946-07:00] [pid=37768] [2026.05.12-13.41.21:389][813]LogModuleManager: Shutting down and abandoning module MeshMergeUtilities (195)
[2026-05-12T06:41:21.3892946-07:00] [pid=37768] [2026.05.12-13.41.21:389][813]LogModuleManager: Shutting down and abandoning module MeshReductionInterface (194)
[2026-05-12T06:41:21.3892946-07:00] [pid=37768] [2026.05.12-13.41.21:389][813]LogModuleManager: Shutting down and abandoning module MeshBoneReduction (193)
[2026-05-12T06:41:21.3892946-07:00] [pid=37768] [2026.05.12-13.41.21:389][813]LogModuleManager: Shutting down and abandoning module SkeletalMeshReduction (191)
[2026-05-12T06:41:21.3892946-07:00] [pid=37768] [2026.05.12-13.41.21:389][813]LogModuleManager: Shutting down and abandoning module ProxyLODMeshReduction (189)
[2026-05-12T06:41:21.3892946-07:00] [pid=37768] [2026.05.12-13.41.21:389][813]LogModuleManager: Shutting down and abandoning module QuadricMeshReduction (187)
[2026-05-12T06:41:21.3892946-07:00] [pid=37768] [2026.05.12-13.41.21:389][813]LogModuleManager: Shutting down and abandoning module MaterialBaking (183)
[2026-05-12T06:41:21.3892946-07:00] [pid=37768] [2026.05.12-13.41.21:389][813]LogModuleManager: Shutting down and abandoning module NullInstallBundleManager (178)
[2026-05-12T06:41:21.3892946-07:00] [pid=37768] [2026.05.12-13.41.21:389][813]LogModuleManager: Shutting down and abandoning module PIEPreviewDeviceProfileSelector (176)
[2026-05-12T06:41:21.3892946-07:00] [pid=37768] [2026.05.12-13.41.21:389][813]LogModuleManager: Shutting down and abandoning module DerivedDataCache (174)
[2026-05-12T06:41:21.3902949-07:00] [pid=37768] [2026.05.12-13.41.21:390][813]LogModuleManager: Shutting down and abandoning module TargetPlatform (172)
[2026-05-12T06:41:21.3902949-07:00] [pid=37768] [2026.05.12-13.41.21:390][813]LogModuleManager: Shutting down and abandoning module VulkanShaderFormat (171)
[2026-05-12T06:41:21.3902949-07:00] [pid=37768] [2026.05.12-13.41.21:390][813]LogModuleManager: Shutting down and abandoning module ShaderFormatVectorVM (169)
[2026-05-12T06:41:21.3902949-07:00] [pid=37768] [2026.05.12-13.41.21:390][813]LogModuleManager: Shutting down and abandoning module ShaderFormatOpenGL (167)
[2026-05-12T06:41:21.3902949-07:00] [pid=37768] [2026.05.12-13.41.21:390][813]LogModuleManager: Shutting down and abandoning module ShaderFormatD3D (165)
[2026-05-12T06:41:21.3908013-07:00] [pid=37768] [2026.05.12-13.41.21:390][813]LogModuleManager: Shutting down and abandoning module MetalShaderFormat (163)
[2026-05-12T06:41:21.3908013-07:00] [pid=37768] [2026.05.12-13.41.21:390][813]LogModuleManager: Shutting down and abandoning module TextureFormatOodle (161)
[2026-05-12T06:41:21.3908013-07:00] [pid=37768] [2026.05.12-13.41.21:390][813]LogModuleManager: Shutting down and abandoning module TextureFormatUncompressed (159)
[2026-05-12T06:41:21.3908013-07:00] [pid=37768] [2026.05.12-13.41.21:390][813]LogModuleManager: Shutting down and abandoning module TextureFormatPVR (157)
[2026-05-12T06:41:21.3908013-07:00] [pid=37768] [2026.05.12-13.41.21:390][813]LogModuleManager: Shutting down and abandoning module TextureFormatETC2 (155)
[2026-05-12T06:41:21.3908013-07:00] [pid=37768] [2026.05.12-13.41.21:390][813]LogModuleManager: Shutting down and abandoning module TextureFormatDXT (153)
[2026-05-12T06:41:21.3908013-07:00] [pid=37768] [2026.05.12-13.41.21:390][813]LogModuleManager: Shutting down and abandoning module TextureFormatIntelISPCTexComp (151)
[2026-05-12T06:41:21.3908013-07:00] [pid=37768] [2026.05.12-13.41.21:390][813]LogModuleManager: Shutting down and abandoning module TextureFormatASTC (149)
[2026-05-12T06:41:21.3918127-07:00] [pid=37768] [2026.05.12-13.41.21:390][813]LogModuleManager: Shutting down and abandoning module ImageWrapper (148)
[2026-05-12T06:41:21.3918127-07:00] [pid=37768] [2026.05.12-13.41.21:390][813]LogModuleManager: Shutting down and abandoning module AudioFormatOpus (145)
[2026-05-12T06:41:21.3918127-07:00] [pid=37768] [2026.05.12-13.41.21:391][813]LogModuleManager: Shutting down and abandoning module AudioFormatOgg (143)
[2026-05-12T06:41:21.3918127-07:00] [pid=37768] [2026.05.12-13.41.21:391][813]LogModuleManager: Shutting down and abandoning module AudioFormatADPCM (141)
[2026-05-12T06:41:21.3918127-07:00] [pid=37768] [2026.05.12-13.41.21:391][813]LogModuleManager: Shutting down and abandoning module WindowsServerTargetPlatform (139)
[2026-05-12T06:41:21.3918127-07:00] [pid=37768] [2026.05.12-13.41.21:391][813]LogModuleManager: Shutting down and abandoning module WindowsClientTargetPlatform (137)
[2026-05-12T06:41:21.3918127-07:00] [pid=37768] [2026.05.12-13.41.21:391][813]LogModuleManager: Shutting down and abandoning module WindowsTargetPlatform (135)
[2026-05-12T06:41:21.3918127-07:00] [pid=37768] [2026.05.12-13.41.21:391][813]LogModuleManager: Shutting down and abandoning module WindowsNoEditorTargetPlatform (133)
[2026-05-12T06:41:21.3918127-07:00] [pid=37768] [2026.05.12-13.41.21:391][813]LogModuleManager: Shutting down and abandoning module D3D11RHI (130)
[2026-05-12T06:41:21.3918127-07:00] [pid=37768] [2026.05.12-13.41.21:391][813]LogModuleManager: Shutting down and abandoning module InputCore (128)
[2026-05-12T06:41:21.3918127-07:00] [pid=37768] [2026.05.12-13.41.21:391][813]LogModuleManager: Shutting down and abandoning module Settings (126)
[2026-05-12T06:41:21.3918127-07:00] [pid=37768] [2026.05.12-13.41.21:391][813]LogModuleManager: Shutting down and abandoning module PhysXCooking (124)
[2026-05-12T06:41:21.3918127-07:00] [pid=37768] [2026.05.12-13.41.21:391][813]LogModuleManager: Shutting down and abandoning module Chaos (122)
[2026-05-12T06:41:21.3918127-07:00] [pid=37768] [2026.05.12-13.41.21:391][813]LogModuleManager: Shutting down and abandoning module WindowsPlatformFeatures (120)
[2026-05-12T06:41:21.3918127-07:00] [pid=37768] [2026.05.12-13.41.21:391][813]LogModuleManager: Shutting down and abandoning module GameplayMediaEncoder (119)
[2026-05-12T06:41:21.3918127-07:00] [pid=37768] [2026.05.12-13.41.21:391][813]LogModuleManager: Shutting down and abandoning module AVEncoder (118)
[2026-05-12T06:41:21.3918127-07:00] [pid=37768] [2026.05.12-13.41.21:391][813]LogModuleManager: Shutting down and abandoning module SteamVRInputDevice (114)
[2026-05-12T06:41:21.3918127-07:00] [pid=37768] [2026.05.12-13.41.21:391][813]LogModuleManager: Shutting down and abandoning module SteamVRInput (112)
[2026-05-12T06:41:21.3928192-07:00] [pid=37768] [2026.05.12-13.41.21:391][813]LogModuleManager: Shutting down and abandoning module SteamVR (110)
[2026-05-12T06:41:21.3928192-07:00] [pid=37768] [2026.05.12-13.41.21:392][813]LogHMD: Freeing OpenVRDLLHandle.
[2026-05-12T06:41:21.3928192-07:00] [pid=37768] [2026.05.12-13.41.21:392][813]LogModuleManager: Shutting down and abandoning module OculusHMD (108)
[2026-05-12T06:41:21.3928192-07:00] [pid=37768] [2026.05.12-13.41.21:392][813]LogModuleManager: Shutting down and abandoning module OpenXREyeTracker (106)
[2026-05-12T06:41:21.3928192-07:00] [pid=37768] [2026.05.12-13.41.21:392][813]LogModuleManager: Shutting down and abandoning module OpenXRAR (104)
[2026-05-12T06:41:21.3928192-07:00] [pid=37768] [2026.05.12-13.41.21:392][813]LogModuleManager: Shutting down and abandoning module AugmentedReality (103)
[2026-05-12T06:41:21.3928192-07:00] [pid=37768] [2026.05.12-13.41.21:392][813]LogModuleManager: Shutting down and abandoning module OpenXRHandTracking (100)
[2026-05-12T06:41:21.3928192-07:00] [pid=37768] [2026.05.12-13.41.21:392][813]LogSlate: Slate User Destroyed.  User Index 0, Is Virtual User: 0
[2026-05-12T06:41:21.3928192-07:00] [pid=37768] [2026.05.12-13.41.21:392][813]LogModuleManager: Shutting down and abandoning module OpenXRHMD (99)
[2026-05-12T06:41:21.3928192-07:00] [pid=37768] [2026.05.12-13.41.21:392][813]LogModuleManager: Shutting down and abandoning module MLSDK (96)
[2026-05-12T06:41:21.3928192-07:00] [pid=37768] [2026.05.12-13.41.21:392][813]LogModuleManager: Shutting down and abandoning module ExampleDeviceProfileSelector (94)
[2026-05-12T06:41:21.3928192-07:00] [pid=37768] [2026.05.12-13.41.21:392][813]LogModuleManager: Shutting down and abandoning module ChunkDownloader (92)
[2026-05-12T06:41:21.3928192-07:00] [pid=37768] [2026.05.12-13.41.21:392][813]LogModuleManager: Shutting down and abandoning module LauncherChunkInstaller (90)
[2026-05-12T06:41:21.3928192-07:00] [pid=37768] [2026.05.12-13.41.21:392][813]LogModuleManager: Shutting down and abandoning module OnlineBlueprintSupport (88)
[2026-05-12T06:41:21.3928192-07:00] [pid=37768] [2026.05.12-13.41.21:392][813]LogModuleManager: Shutting down and abandoning module MagicLeap (84)
[2026-05-12T06:41:21.3928192-07:00] [pid=37768] [2026.05.12-13.41.21:392][813]LogModuleManager: Shutting down and abandoning module OnlineSubsystem (82)
[2026-05-12T06:41:21.3938190-07:00] [pid=37768] [2026.05.12-13.41.21:393][813]LogModuleManager: Shutting down and abandoning module XMPP (77)
[2026-05-12T06:41:21.3938190-07:00] [pid=37768] [2026.05.12-13.41.21:393][813]LogModuleManager: Shutting down and abandoning module WebSockets (76)
[2026-05-12T06:41:21.4028819-07:00] [pid=37768] [2026.05.12-13.41.21:401][813]LogModuleManager: Shutting down and abandoning module HTTP (73)
[2026-05-12T06:41:21.4028819-07:00] [pid=37768] [2026.05.12-13.41.21:402][813]LogHttp: Display: cleaning up 0 outstanding Http requests.
[2026-05-12T06:41:21.4229877-07:00] [pid=26656] <<<_____ ImmerseAudioRenderer _____>>> 
[2026-05-12T06:41:21.4229877-07:00] [pid=26656] CreateImmerseAudioRendererFXParams()
[2026-05-12T06:41:21.4229877-07:00] [pid=26656] 
[2026-05-12T06:41:21.4229877-07:00] [pid=26656] <<<_____ ImmerseAudioRenderer _____>>> 
[2026-05-12T06:41:21.4229877-07:00] [pid=26656] WwiseFxNullParams::Init()
[2026-05-12T06:41:21.4229877-07:00] [pid=26656] 
[2026-05-12T06:41:21.4229877-07:00] [pid=26656] <<<_____ ImmerseAudioRenderer _____>>> 
[2026-05-12T06:41:21.4229877-07:00] [pid=26656] WwiseFxNullParams::SetParam()
[2026-05-12T06:41:21.4229877-07:00] [pid=26656] 
[2026-05-12T06:41:21.4229877-07:00] [pid=26656] <<<_____ ImmerseAudioRenderer _____>>> 
[2026-05-12T06:41:21.4229877-07:00] [pid=26656] WwiseFxNullParams::SetParam()
[2026-05-12T06:41:21.4229877-07:00] [pid=26656] 
[2026-05-12T06:41:21.4229877-07:00] [pid=26656] <<<_____ ImmerseAudioRenderer _____>>> 
[2026-05-12T06:41:21.4229877-07:00] [pid=26656] WwiseFxNullParams::SetParam()
[2026-05-12T06:41:21.4229877-07:00] [pid=26656] 
[2026-05-12T06:41:21.4229877-07:00] [pid=26656] <<<_____ ImmerseAudioRenderer _____>>> 
[2026-05-12T06:41:21.4229877-07:00] [pid=26656] WwiseFxNullParams::SetParam()
[2026-05-12T06:41:21.4229877-07:00] [pid=26656] 
[2026-05-12T06:41:21.4229877-07:00] [pid=26656] <<<_____ ImmerseAudioRenderer _____>>> 
[2026-05-12T06:41:21.4229877-07:00] [pid=26656] WwiseFxNullParams::SetParam()
[2026-05-12T06:41:21.4229877-07:00] [pid=26656] 
[2026-05-12T06:41:21.4239907-07:00] [pid=26656] <<<_____ ImmerseAudioRenderer _____>>> 
[2026-05-12T06:41:21.4239907-07:00] [pid=26656] WwiseFxNullParams::SetParam()
[2026-05-12T06:41:21.4239907-07:00] [pid=26656] 
[2026-05-12T06:41:21.4239907-07:00] [pid=26656] <<<_____ ImmerseAudioRenderer _____>>> 
[2026-05-12T06:41:21.4239907-07:00] [pid=26656] WwiseFxNullParams::SetParam()
[2026-05-12T06:41:21.4239907-07:00] [pid=26656] 
[2026-05-12T06:41:21.4239907-07:00] [pid=26656] <<<_____ ImmerseAudioRenderer _____>>> 
[2026-05-12T06:41:21.4239907-07:00] [pid=26656] WwiseFxNullParams::SetParam()
[2026-05-12T06:41:21.4239907-07:00] [pid=26656] 
[2026-05-12T06:41:21.4239907-07:00] [pid=26656] <<<_____ ImmerseAudioRenderer _____>>> 
[2026-05-12T06:41:21.4239907-07:00] [pid=26656] WwiseFxNullParams::SetParam()
[2026-05-12T06:41:21.4239907-07:00] [pid=26656] 
[2026-05-12T06:41:21.4239907-07:00] [pid=26656] <<<_____ ImmerseAudioRenderer _____>>> 
[2026-05-12T06:41:21.4239907-07:00] [pid=26656] WwiseFxNullParams::ApplyParam()
[2026-05-12T06:41:21.4239907-07:00] [pid=26656] 
[2026-05-12T06:41:21.4239907-07:00] [pid=26656] <<<_____ ImmerseAudioRenderer _____>>> 
[2026-05-12T06:41:21.4239907-07:00] [pid=26656] WwiseFxNullParams::ApplyParam()
[2026-05-12T06:41:21.4239907-07:00] [pid=26656] 
[2026-05-12T06:41:21.4239907-07:00] [pid=26656] <<<_____ ImmerseAudioRenderer _____>>> 
[2026-05-12T06:41:21.4239907-07:00] [pid=26656] WwiseFxNullParams::ApplyParam()
[2026-05-12T06:41:21.4239907-07:00] [pid=26656] 
[2026-05-12T06:41:21.4239907-07:00] [pid=26656] <<<_____ ImmerseAudioRenderer _____>>> 
[2026-05-12T06:41:21.4239907-07:00] [pid=26656] WwiseFxNullParams::ApplyParam()
[2026-05-12T06:41:21.4239907-07:00] [pid=26656] 
[2026-05-12T06:41:21.4239907-07:00] [pid=26656] <<<_____ ImmerseAudioRenderer _____>>> 
[2026-05-12T06:41:21.4239907-07:00] [pid=26656] WwiseFxNullParams::ApplyParam()
[2026-05-12T06:41:21.4239907-07:00] [pid=26656] 
[2026-05-12T06:41:21.4239907-07:00] [pid=26656] <<<_____ ImmerseAudioRenderer _____>>> 
[2026-05-12T06:41:21.4239907-07:00] [pid=26656] WwiseFxNullParams::ApplyParam()
[2026-05-12T06:41:21.4239907-07:00] [pid=26656] 
[2026-05-12T06:41:21.4239907-07:00] [pid=26656] <<<_____ ImmerseAudioRenderer _____>>> 
[2026-05-12T06:41:21.4239907-07:00] [pid=26656] WwiseFxNullParams::ApplyParam()
[2026-05-12T06:41:21.4239907-07:00] [pid=26656] 
[2026-05-12T06:41:21.4249822-07:00] [pid=26656] <<<_____ ImmerseAudioRenderer _____>>> 
[2026-05-12T06:41:21.4249822-07:00] [pid=26656] WwiseFxNullParams::ApplyParam()
[2026-05-12T06:41:21.4249822-07:00] [pid=26656] 
[2026-05-12T06:41:21.4249822-07:00] [pid=26656] <<<_____ ImmerseAudioRenderer _____>>> 
[2026-05-12T06:41:21.4249822-07:00] [pid=26656] WwiseFxNullParams::ApplyParam()
[2026-05-12T06:41:21.4249822-07:00] [pid=26656] 
[2026-05-12T06:41:21.4335159-07:00] [pid=37768] [2026.05.12-13.41.21:433][813]LogModuleManager: Shutting down and abandoning module SSL (72)
[2026-05-12T06:41:21.4345086-07:00] [pid=37768] [2026.05.12-13.41.21:434][813]LogModuleManager: Shutting down and abandoning module WmfMedia (68)
[2026-05-12T06:41:21.4355159-07:00] [pid=37768] [2026.05.12-13.41.21:435][813]LogModuleManager: Shutting down and abandoning module Media (67)
[2026-05-12T06:41:21.4355159-07:00] [pid=37768] [2026.05.12-13.41.21:435][813]LogModuleManager: Shutting down and abandoning module MediaInfo (66)
[2026-05-12T06:41:21.4355159-07:00] [pid=37768] [2026.05.12-13.41.21:435][813]LogModuleManager: Shutting down and abandoning module ExrReaderGpu (62)
[2026-05-12T06:41:21.4355159-07:00] [pid=37768] [2026.05.12-13.41.21:435][813]LogModuleManager: Shutting down and abandoning module NiagaraVertexFactories (60)
[2026-05-12T06:41:21.4355159-07:00] [pid=37768] [2026.05.12-13.41.21:435][813]LogModuleManager: Shutting down and abandoning module NiagaraShader (58)
[2026-05-12T06:41:21.4355159-07:00] [pid=37768] [2026.05.12-13.41.21:435][813]LogModuleManager: Shutting down and abandoning module ChaosCloth (56)
[2026-05-12T06:41:21.4355159-07:00] [pid=37768] [2026.05.12-13.41.21:435][813]LogModuleManager: Shutting down and abandoning module PixWinPlugin (54)
[2026-05-12T06:41:21.4355159-07:00] [pid=37768] [2026.05.12-13.41.21:435][813]LogModuleManager: Shutting down and abandoning module VariantManagerContent (52)
[2026-05-12T06:41:21.4355159-07:00] [pid=37768] [2026.05.12-13.41.21:435][813]LogModuleManager: Shutting down and abandoning module DatasmithContent (50)
[2026-05-12T06:41:21.4370207-07:00] [pid=37768] [2026.05.12-13.41.21:437][813]LogModuleManager: Shutting down and abandoning module AISupportModule (48)
[2026-05-12T06:41:21.4370207-07:00] [pid=37768] [2026.05.12-13.41.21:437][813]LogModuleManager: Shutting down and abandoning module PlatformCryptoOpenSSL (46)
[2026-05-12T06:41:21.4370207-07:00] [pid=37768] [2026.05.12-13.41.21:437][813]LogModuleManager: Shutting down and abandoning module PlatformCryptoTypes (44)
[2026-05-12T06:41:21.4370207-07:00] [pid=37768] [2026.05.12-13.41.21:437][813]LogModuleManager: Shutting down and abandoning module PlatformCrypto (42)
[2026-05-12T06:41:21.4370207-07:00] [pid=37768] [2026.05.12-13.41.21:437][813]LogModuleManager: Shutting down and abandoning module PythonScriptPluginPreload (40)
[2026-05-12T06:41:21.4370207-07:00] [pid=37768] [2026.05.12-13.41.21:437][813]LogModuleManager: Shutting down and abandoning module OodleDataCompressionFormat (38)
[2026-05-12T06:41:21.4370207-07:00] [pid=37768] [2026.05.12-13.41.21:437][813]LogModuleManager: Shutting down and abandoning module XGEController (36)
[2026-05-12T06:41:21.4370207-07:00] [pid=37768] [2026.05.12-13.41.21:437][813]LogXGEController: Cleaning working directory: C:/Users/kapil/AppData/Local/Temp/UnrealXGEWorkingDir/
[2026-05-12T06:41:21.4370207-07:00] [pid=37768] [2026.05.12-13.41.21:437][813]LogModuleManager: Shutting down and abandoning module AnimationModifiers (34)
[2026-05-12T06:41:21.4370207-07:00] [pid=37768] [2026.05.12-13.41.21:437][813]LogModuleManager: Shutting down and abandoning module AudioEditor (32)
[2026-05-12T06:41:21.4370207-07:00] [pid=37768] [2026.05.12-13.41.21:437][813]LogModuleManager: Shutting down and abandoning module PropertyEditor (31)
[2026-05-12T06:41:21.4370207-07:00] [pid=37768] [2026.05.12-13.41.21:437][813]LogModuleManager: Shutting down and abandoning module TextureCompressor (28)
[2026-05-12T06:41:21.4370207-07:00] [pid=37768] [2026.05.12-13.41.21:437][813]LogModuleManager: Shutting down and abandoning module RenderCore (26)
[2026-05-12T06:41:21.4370207-07:00] [pid=37768] [2026.05.12-13.41.21:437][813]LogModuleManager: Shutting down and abandoning module Landscape (24)
[2026-05-12T06:41:21.4380262-07:00] [pid=37768] [2026.05.12-13.41.21:437][813]LogModuleManager: Shutting down and abandoning module SlateRHIRenderer (22)
[2026-05-12T06:41:21.4380262-07:00] [pid=37768] [2026.05.12-13.41.21:438][813]LogModuleManager: Shutting down and abandoning module AnimGraphRuntime (20)
[2026-05-12T06:41:21.4380262-07:00] [pid=37768] [2026.05.12-13.41.21:438][813]LogModuleManager: Shutting down and abandoning module Renderer (18)
[2026-05-12T06:41:21.4380262-07:00] [pid=37768] [2026.05.12-13.41.21:438][813]LogModuleManager: Shutting down and abandoning module Engine (16)
[2026-05-12T06:41:21.4380262-07:00] [pid=37768] [2026.05.12-13.41.21:438][813]LogModuleManager: Shutting down and abandoning module CoreUObject (14)
[2026-05-12T06:41:21.4380262-07:00] [pid=37768] [2026.05.12-13.41.21:438][813]LogModuleManager: Shutting down and abandoning module NetworkFile (12)
[2026-05-12T06:41:21.4380262-07:00] [pid=37768] [2026.05.12-13.41.21:438][813]LogModuleManager: Shutting down and abandoning module CookedIterativeFile (10)
[2026-05-12T06:41:21.4380262-07:00] [pid=37768] [2026.05.12-13.41.21:438][813]LogModuleManager: Shutting down and abandoning module StreamingFile (8)
[2026-05-12T06:41:21.4380262-07:00] [pid=37768] [2026.05.12-13.41.21:438][813]LogModuleManager: Shutting down and abandoning module SandboxFile (6)
[2026-05-12T06:41:21.4380262-07:00] [pid=37768] [2026.05.12-13.41.21:438][813]LogModuleManager: Shutting down and abandoning module PakFile (4)
[2026-05-12T06:41:21.4380262-07:00] [pid=37768] [2026.05.12-13.41.21:438][813]LogModuleManager: Shutting down and abandoning module RSA (3)
[2026-05-12T06:41:21.4380262-07:00] [pid=37768] [2026.05.12-13.41.21:438][813]LogContentStreaming: Display: There are 1 unreleased StreamingManagers
[2026-05-12T06:41:21.4581242-07:00] [pid=37768] [2026.05.12-13.41.21:458][813]LogD3D11RHI: Shutdown
[2026-05-12T06:41:21.4581242-07:00] [pid=37768] [2026.05.12-13.41.21:458][813]LogD3D11RHI: CleanupD3DDevice
[2026-05-12T06:41:21.5248569-07:00] [pid=37768] [2026.05.12-13.41.21:524][813]LogExit: Exiting.
[2026-05-12T06:41:21.7481633-07:00] [pid=6184] [2026.05.12-13.41.21:748][  0]CrashReportClientDiagnosticLog: Editor/ExitCode:0
[2026-05-12T06:41:21.7481633-07:00] [pid=6184] [2026.05.12-13.41.21:748][  0]CrashReportClientDiagnosticLog: MTBF/Start:2026.05.12-13.41.21
[2026-05-12T06:41:21.7491752-07:00] [pid=6184] [2026.05.12-13.41.21:749][  0]CrashReportClientDiagnosticLog: MTBF/LoadSession
[2026-05-12T06:41:21.7506774-07:00] [pid=6184] [2026.05.12-13.41.21:750][  0]CrashReportClientDiagnosticLog: MTBF/NoSessionFound
[2026-05-12T06:41:21.7738241-07:00] [pid=6184] [2026.05.12-13.41.21:773][  0]LogInit: Using libcurl 7.55.1-DEV
[2026-05-12T06:41:21.7738241-07:00] [pid=6184] [2026.05.12-13.41.21:773][  0]LogInit:  - built for x86_64-pc-win32
[2026-05-12T06:41:21.7738241-07:00] [pid=6184] [2026.05.12-13.41.21:773][  0]LogInit:  - supports SSL with OpenSSL/1.1.1
[2026-05-12T06:41:21.7738241-07:00] [pid=6184] [2026.05.12-13.41.21:773][  0]LogInit:  - supports HTTP deflate (compression) using libz 1.2.8
[2026-05-12T06:41:21.7738241-07:00] [pid=6184] [2026.05.12-13.41.21:773][  0]LogInit:  - other features:
[2026-05-12T06:41:21.7738241-07:00] [pid=6184] [2026.05.12-13.41.21:773][  0]LogInit:      CURL_VERSION_SSL
[2026-05-12T06:41:21.7748239-07:00] [pid=6184] [2026.05.12-13.41.21:773][  0]LogInit:      CURL_VERSION_LIBZ
[2026-05-12T06:41:21.7748239-07:00] [pid=6184] [2026.05.12-13.41.21:774][  0]LogInit:      CURL_VERSION_IPV6
[2026-05-12T06:41:21.7748239-07:00] [pid=6184] [2026.05.12-13.41.21:774][  0]LogInit:      CURL_VERSION_ASYNCHDNS
[2026-05-12T06:41:21.7748239-07:00] [pid=6184] [2026.05.12-13.41.21:774][  0]LogInit:      CURL_VERSION_LARGEFILE
[2026-05-12T06:41:21.7748239-07:00] [pid=6184] [2026.05.12-13.41.21:774][  0]LogInit:      CURL_VERSION_IDN
[2026-05-12T06:41:21.7748239-07:00] [pid=6184] [2026.05.12-13.41.21:774][  0]LogInit:  CurlRequestOptions (configurable via config and command line):
[2026-05-12T06:41:21.7748239-07:00] [pid=6184] [2026.05.12-13.41.21:774][  0]LogInit:  - bVerifyPeer = false  - Libcurl will NOT verify peer certificate
[2026-05-12T06:41:21.7748239-07:00] [pid=6184] [2026.05.12-13.41.21:774][  0]LogInit:  - bUseHttpProxy = false  - Libcurl will NOT use HTTP proxy
[2026-05-12T06:41:21.7748239-07:00] [pid=6184] [2026.05.12-13.41.21:774][  0]LogInit:  - bDontReuseConnections = false  - Libcurl will reuse connections
[2026-05-12T06:41:21.7748239-07:00] [pid=6184] [2026.05.12-13.41.21:774][  0]LogInit:  - MaxHostConnections = 16  - Libcurl will limit the number of connections to a host
[2026-05-12T06:41:21.7748239-07:00] [pid=6184] [2026.05.12-13.41.21:774][  0]LogInit:  - LocalHostAddr = Default
[2026-05-12T06:41:21.7748239-07:00] [pid=6184] [2026.05.12-13.41.21:774][  0]LogInit:  - BufferSize = 65536
[2026-05-12T06:41:21.7748239-07:00] [pid=6184] [2026.05.12-13.41.21:774][  0]LogAnalytics: Display: [CrashReporter.Release] APIServer = https://datarouter.ol.epicgames.com/. AppVersion = ++UE4+Release-4.27-CL-18319896
[2026-05-12T06:41:21.7758288-07:00] [pid=6184] [2026.05.12-13.41.21:775][  0]CrashReportClientDiagnosticLog: MTBF/Done
[2026-05-12T06:41:21.7914009-07:00] [pid=6184] [2026.05.12-13.41.21:791][  0]LogCore: Engine exit requested (reason: CrashReportClientApp RequestExit)
[2026-05-12T06:41:21.7914009-07:00] [pid=6184] [2026.05.12-13.41.21:791][  0]LogExit: Preparing to exit.
[2026-05-12T06:41:21.7914009-07:00] [pid=6184] [2026.05.12-13.41.21:791][  0]LogExit: Object subsystem successfully closed.
[2026-05-12T06:41:21.7934118-07:00] [pid=6184] [2026.05.12-13.41.21:793][  0]LogModuleManager: Shutting down and abandoning module AnalyticsET (14)
[2026-05-12T06:41:21.7934118-07:00] [pid=6184] [2026.05.12-13.41.21:793][  0]LogModuleManager: Shutting down and abandoning module HTTP (13)
[2026-05-12T06:41:21.7934118-07:00] [pid=6184] [2026.05.12-13.41.21:793][  0]LogHttp: Display: Http module shutting down, but needs to wait on 1 outstanding Http requests:
[2026-05-12T06:41:21.7934118-07:00] [pid=6184] [2026.05.12-13.41.21:793][  0]LogHttp: Display: 	verb=[POST] url=[https://datarouter.ol.epicgames.com/datarouter/api/v1/public/data?SessionID=%7B51CB7F33-4D23-0CFB-992C-51989632D069%7D&AppID=CrashReporter.Release&AppVersion=%2B%2BUE4%2BRelease-4.27-CL-18319896&UserID=f8b698bb42db84b438be4e9e5183ed14%7C6da9797861944dd5b2bedb495b874fce%7C2e2120c8-1d81-4764-95c5-a72e8ff85171&AppEnvironment=datacollector-binary&UploadType=eteventstream] refs=[1] status=Processing
[2026-05-12T06:41:21.7934118-07:00] [pid=6184] [2026.05.12-13.41.21:793][  0]LogHttp: Display: cleaning up 1 outstanding Http requests.
[2026-05-12T06:41:21.7934118-07:00] [pid=6184] [2026.05.12-13.41.21:793][  0]LogHttp: Display: Sleeping 0.500s to wait for 1 outstanding Http requests.
[2026-05-12T06:41:21.8170355-07:00] [pid=25400] [2026.05.12-13.41.21:817][581]LogRunningAppService: Display: Dead foreground process [37768] C:/Program Files/Epic Games/UE_4.27/Engine/Binaries/Win64/UE4Editor.exe for app C:/Program Files/Epic Games/UE_4.27/
[2026-05-12T06:41:22.3214284-07:00] [pid=6184] [2026.05.12-13.41.22:321][  0]LogModuleManager: Shutting down and abandoning module SSL (12)
[2026-05-12T06:41:22.3234388-07:00] [pid=6184] [2026.05.12-13.41.22:322][  0]LogModuleManager: Shutting down and abandoning module CrashDebugHelper (8)
[2026-05-12T06:41:22.3234388-07:00] [pid=6184] [2026.05.12-13.41.22:323][  0]LogModuleManager: Shutting down and abandoning module CoreUObject (6)
[2026-05-12T06:41:22.3234388-07:00] [pid=6184] [2026.05.12-13.41.22:323][  0]LogModuleManager: Shutting down and abandoning module PakFile (4)
[2026-05-12T06:41:22.3234388-07:00] [pid=6184] [2026.05.12-13.41.22:323][  0]LogModuleManager: Shutting down and abandoning module RSA (3)
[2026-05-12T06:41:22.3244341-07:00] [pid=6184] [2026.05.12-13.41.22:324][  0]LogExit: Exiting.
[2026-05-12T06:41:22.5227154-07:00] [pid=25400] [2026.05.12-13.41.22:521][596]LogRunningAppService: Display: Dead foreground process [6184] C:/Program Files/Epic Games/UE_4.27/Engine/Binaries/Win64/CrashReportClientEditor.exe for app C:/Program Files/Epic Games/UE_4.27/
[2026-05-12T06:41:22.5227154-07:00] [pid=25400] [2026.05.12-13.41.22:522][596]LogRunningAppService: Display: App C:/Program Files/Epic Games/UE_4.27/ moved from foreground to dead
[2026-05-12T06:41:22.5227154-07:00] [pid=25400] [2026.05.12-13.41.22:522][596]LogRunningAppPresenceHandler: Display: No foreground apps with monitored presence: clearing override presence
[2026-05-12T06:41:22.5227154-07:00] [pid=25400] [2026.05.12-13.41.22:522][596]LogCloudSync: Cloud Sync: Sync Started for ue:3ddb1bad6e004b99a7192c1a29f2318a:UE_4.27
[2026-05-12T06:41:22.5257171-07:00] [pid=25400] [2026.05.12-13.41.22:525][596]LogCloudSync: Cloud Sync: Exiting Cloud Sync - SUCCESS - AppName: ue:3ddb1bad6e004b99a7192c1a29f2318a:UE_4.27
[2026-05-12T06:41:22.7701559-07:00] [pid=25400] [2026.05.12-13.41.22:769][601]LogCommunityPortalOSS: Display: ...found 481 entitled apps
[2026-05-12T06:41:22.7847525-07:00] [pid=25400] [2026.05.12-13.41.22:784][601]LogSelectiveDownload: Found options for fn:4fe75bbc5a674f4f9b356b5c90567da5:Fortnite:++Fortnite+Release-40.30-CL-53093531-Windows in Fortnite-4020.v4sdmeta.
[2026-05-12T06:41:22.7847525-07:00] [pid=25400] [2026.05.12-13.41.22:784][601]LogSelectiveDownload: Found options for ue:0eac53dcfe8748598f1dbded4daa624a:UE_5.2:5.2.1-26001984+++UE5+Release-5.2-Windows in ue50.sdmeta.
[2026-05-12T06:41:22.7857572-07:00] [pid=25400] [2026.05.12-13.41.22:784][601]LogSelectiveDownload: Found options for ue:1b3c549b6a724e90ad94d9c1f410bc96:UE_5.5:5.5.4-40574608+++UE5+Release-5.5-Windows in ue53.sdmeta.
[2026-05-12T06:41:22.7857572-07:00] [pid=25400] [2026.05.12-13.41.22:785][601]LogSelectiveDownload: Found options for ue:3ddb1bad6e004b99a7192c1a29f2318a:UE_4.10:4.10.4-2872498+++depot+UE4-Releases+4.10-2023.1-Windows in ue410.sdmeta.
[2026-05-12T06:41:22.7857572-07:00] [pid=25400] [2026.05.12-13.41.22:785][601]LogSelectiveDownload: Found options for ue:3ddb1bad6e004b99a7192c1a29f2318a:UE_4.11:4.11.2-2946394+++UE4+Release-4.11-2023.1-Windows in ue410.sdmeta.
[2026-05-12T06:41:22.7857572-07:00] [pid=25400] [2026.05.12-13.41.22:785][601]LogSelectiveDownload: Found options for ue:3ddb1bad6e004b99a7192c1a29f2318a:UE_4.12:4.12.5-3039270+++UE4+Release-4.12-2023.1-Windows in ue412.sdmeta.
[2026-05-12T06:41:22.7857572-07:00] [pid=25400] [2026.05.12-13.41.22:785][601]LogSelectiveDownload: Found options for ue:3ddb1bad6e004b99a7192c1a29f2318a:UE_4.13:4.13.2-3172292+++UE4+Release-4.13-2023.1-Windows in ue412.sdmeta.
[2026-05-12T06:41:22.7857572-07:00] [pid=25400] [2026.05.12-13.41.22:785][601]LogSelectiveDownload: Found options for ue:3ddb1bad6e004b99a7192c1a29f2318a:UE_4.14:4.14.3-3249277+++UE4+Release-4.14-2023.1-Windows in ue412.sdmeta.
[2026-05-12T06:41:22.7857572-07:00] [pid=25400] [2026.05.12-13.41.22:785][601]LogSelectiveDownload: Found options for ue:3ddb1bad6e004b99a7192c1a29f2318a:UE_4.15:4.15.3-3450819+++UE4+Release-4.15-2023.1-Windows in ue415.sdmeta.
[2026-05-12T06:41:22.7857572-07:00] [pid=25400] [2026.05.12-13.41.22:785][601]LogSelectiveDownload: Found options for ue:3ddb1bad6e004b99a7192c1a29f2318a:UE_4.16:4.16.3-3561208+++UE4+Release-4.16-2023.1-Windows in ue415.sdmeta.
[2026-05-12T06:41:22.7857572-07:00] [pid=25400] [2026.05.12-13.41.22:785][601]LogSelectiveDownload: Found options for ue:3ddb1bad6e004b99a7192c1a29f2318a:UE_4.17:4.17.2-3658906+++UE4+Release-4.17-2023.1-Windows in ue415.sdmeta.
[2026-05-12T06:41:22.7857572-07:00] [pid=25400] [2026.05.12-13.41.22:785][601]LogSelectiveDownload: Found options for ue:3ddb1bad6e004b99a7192c1a29f2318a:UE_4.18:4.18.3-3832480+++UE4+Release-4.18-2023.1-Windows in ue415.sdmeta.
[2026-05-12T06:41:22.7857572-07:00] [pid=25400] [2026.05.12-13.41.22:785][601]LogSelectiveDownload: Found options for ue:3ddb1bad6e004b99a7192c1a29f2318a:UE_4.19:4.19.2-4033788+++UE4+Release-4.19-2023.1-Windows in ue415.sdmeta.
[2026-05-12T06:41:22.7872708-07:00] [pid=25400] [2026.05.12-13.41.22:785][601]LogSelectiveDownload: Found options for ue:3ddb1bad6e004b99a7192c1a29f2318a:UE_4.20:4.20.3-4369336+++UE4+Release-4.20-2023.1-Windows in ue420.sdmeta.
[2026-05-12T06:41:22.7872708-07:00] [pid=25400] [2026.05.12-13.41.22:787][601]LogSelectiveDownload: Found options for ue:3ddb1bad6e004b99a7192c1a29f2318a:UE_4.21:4.21.2-4753647+++UE4+Release-4.21-2023.1-Windows in ue420.sdmeta.
[2026-05-12T06:41:22.7872708-07:00] [pid=25400] [2026.05.12-13.41.22:787][601]LogSelectiveDownload: Found options for ue:3ddb1bad6e004b99a7192c1a29f2318a:UE_4.22:4.22.3-7053642+++UE4+Release-4.22-2023.1-Windows in ue420.sdmeta.
[2026-05-12T06:41:22.7872708-07:00] [pid=25400] [2026.05.12-13.41.22:787][601]LogSelectiveDownload: Found options for ue:3ddb1bad6e004b99a7192c1a29f2318a:UE_4.23:4.23.1-9631420+++UE4+Release-4.23-2023.1-Windows in ue423.sdmeta.
[2026-05-12T06:41:22.7872708-07:00] [pid=25400] [2026.05.12-13.41.22:787][601]LogSelectiveDownload: Found options for ue:3ddb1bad6e004b99a7192c1a29f2318a:UE_4.24:4.24.3-11590370+++UE4+Release-4.24-2023.1-Windows in ue424.sdmeta.
[2026-05-12T06:41:22.7872708-07:00] [pid=25400] [2026.05.12-13.41.22:787][601]LogSelectiveDownload: Found options for ue:3ddb1bad6e004b99a7192c1a29f2318a:UE_4.25:4.25.4-14469661+++UE4+Release-4.25-2023.1-Windows in ue425.sdmeta.
[2026-05-12T06:41:22.7882901-07:00] [pid=25400] [2026.05.12-13.41.22:787][601]LogSelectiveDownload: Found options for ue:3ddb1bad6e004b99a7192c1a29f2318a:UE_4.26:4.26.2-15973114+++UE4+Release-4.26-2023.1-Windows in ue426.sdmeta.
[2026-05-12T06:41:22.7882901-07:00] [pid=25400] [2026.05.12-13.41.22:788][601]LogSelectiveDownload: Found options for ue:3ddb1bad6e004b99a7192c1a29f2318a:UE_4.27:4.27.2-18319896+++UE4+Release-4.27-2023.1-Windows in ue426.sdmeta.
[2026-05-12T06:41:22.7882901-07:00] [pid=25400] [2026.05.12-13.41.22:788][601]LogSelectiveDownload: Found options for ue:5cba2afac392412a99c6b42d04c816e2:UE_4.26Chaos:4.26.2-15903758+++UE4+Release-4.26-Chaos-2023.1-Windows in ue426.sdmeta.
[2026-05-12T06:41:22.7882901-07:00] [pid=25400] [2026.05.12-13.41.22:788][601]LogSelectiveDownload: Found options for ue:5e7c497460f64ae19e6c3aaef8b421cc:UE_5.4:5.4.4-35576357+++UE5+Release-5.4-Windows in ue53.sdmeta.
[2026-05-12T06:41:22.7882901-07:00] [pid=25400] [2026.05.12-13.41.22:788][601]LogSelectiveDownload: Found options for ue:7299c1cd206b4bb58658a98199b66860:UE_5.7:5.7.4-51494982+++UE5+Release-5.7-Windows in ue57V2.sdmeta.
[2026-05-12T06:41:22.7882901-07:00] [pid=25400] [2026.05.12-13.41.22:788][601]LogSelectiveDownload: Found options for ue:73923380f4d944d5bcb6d77a0640d26d:UE_5.6:5.6.1-44394996+++UE5+Release-5.6-Windows in ue56.sdmeta.
[2026-05-12T06:41:22.7892918-07:00] [pid=25400] [2026.05.12-13.41.22:788][601]LogSelectiveDownload: Found options for ue:971660b9efb0475f929ccd9770061fe9:UE_5.1:5.1.1-23901901+++UE5+Release-5.1-2023.1-Windows in ue50.sdmeta.
[2026-05-12T06:41:22.7892918-07:00] [pid=25400] [2026.05.12-13.41.22:789][601]LogSelectiveDownload: Found options for ue:aa3bb95475084190ac97c8cab3c79ab1:UE_5.3:5.3.2-29314046+++UE5+Release-5.3-Windows in ue53.sdmeta.
[2026-05-12T06:41:22.7892918-07:00] [pid=25400] [2026.05.12-13.41.22:789][601]LogSelectiveDownload: Found options for ue:d33c86e1279b45fc9a889f5e64ed6705:UE_5.0:5.0.3-20979098+++UE5+Release-5.0-2023.1-Windows in ue50.sdmeta.
[2026-05-12T06:41:22.7892918-07:00] [pid=25400] [2026.05.12-13.41.22:789][601]LogSelectiveDownload: Found options for ue:ed2b249a315e4493b084233d5167fea3:UE_4.27Chaos:4.27.2-18386882+++UE4+Release-4.27-Chaos-2023.1-Windows in ue426.sdmeta.
