[2026-05-13T03:51:42.2179971-07:00] DebugMonitor start, maxSeconds=1800
[2026-05-13T03:51:42.2285132-07:00] [pid=27484] [Maximize Proc] Foreground Title: 
[2026-05-13T03:51:42.2295133-07:00] [pid=27484] ---> Focus Exec Name:  has WS_OVERLAPPEDWINDOW
[2026-05-13T03:51:42.2300175-07:00] [pid=27484] Focus Exec Name: wwise.exe
[2026-05-13T03:51:42.2300175-07:00] [pid=27484] ---> Focus Exec Name: wwise.exe has WS_OVERLAPPEDWINDOW
[2026-05-13T03:51:42.2375340-07:00] [pid=27484] [Maximize Proc] Foreground Title: 
[2026-05-13T03:51:42.2375340-07:00] [pid=27484] ---> Focus Exec Name:  has WS_OVERLAPPEDWINDOW
[2026-05-13T03:51:42.2385329-07:00] [pid=27484] [Maximize Proc] Foreground Title: 
[2026-05-13T03:51:42.2385329-07:00] [pid=27484] ---> Focus Exec Name:  has WS_OVERLAPPEDWINDOW
[2026-05-13T03:51:42.2520803-07:00] [pid=27484] [Maximize Proc] Foreground Title: Wwise
[2026-05-13T03:51:42.2520803-07:00] [pid=27484] ---> Focus Exec Name: Wwise has WS_OVERLAPPEDWINDOW
[2026-05-13T03:51:42.2520803-07:00] [pid=27484] [Maximize Proc] Foreground Title: Wwise
[2026-05-13T03:51:42.2520803-07:00] [pid=27484] ---> Focus Exec Name: Wwise has WS_OVERLAPPEDWINDOW
[2026-05-13T03:51:42.3776988-07:00] [pid=27484] Focus Exec Name: wwise.exe
[2026-05-13T03:51:42.3776988-07:00] [pid=27484] ---> Focus Exec Name: wwise.exe does not has WS_OVERLAPPEDWINDOW
[2026-05-13T03:51:42.3877216-07:00] [pid=27484] [Maximize Proc] Foreground Title: Wwise 2019.2.15 
[2026-05-13T03:51:42.3877216-07:00] [pid=27484] ---> Focus Exec Name: Wwise 2019.2.15  has WS_OVERLAPPEDWINDOW
[2026-05-13T03:51:42.3902249-07:00] [pid=27484] [Maximize Proc] Foreground Title: Wwise 2019.2.15 
[2026-05-13T03:51:42.3902249-07:00] [pid=27484] ---> Focus Exec Name: Wwise 2019.2.15  has WS_OVERLAPPEDWINDOW
[2026-05-13T03:51:42.4624688-07:00] [pid=24968] <<<_____ ImmerseAudioRenderer _____>>> 
[2026-05-13T03:51:42.4624688-07:00] [pid=24968] RegisterImmerseAudioRendererFX()
[2026-05-13T03:51:42.4634662-07:00] [pid=24968] 
[2026-05-13T03:51:42.4634662-07:00] [pid=24968] <<<_____ ImmerseAudioRenderer _____>>> 
[2026-05-13T03:51:42.4634662-07:00] [pid=24968] CreateImmerseManager
[2026-05-13T03:51:42.4634662-07:00] [pid=24968] 
[2026-05-13T03:51:42.4634662-07:00] [pid=24968] <<<_____ ImmerseAudioRenderer _____>>> 
[2026-05-13T03:51:42.4634662-07:00] [pid=24968] loadAndInitializeImmerseEngine
[2026-05-13T03:51:42.4634662-07:00] [pid=24968] 
[2026-05-13T03:51:42.4744916-07:00] [pid=24968] <<<_____ ImmerseAudioRenderer _____>>> 
[2026-05-13T03:51:42.4744916-07:00] [pid=24968] CreateDestroyImmerseManager
[2026-05-13T03:51:42.4744916-07:00] [pid=24968] 
[2026-05-13T03:51:42.4744916-07:00] [pid=24968] <<<_____ ImmerseAudioRenderer _____>>> 
[2026-05-13T03:51:42.4744916-07:00] [pid=24968] CreateImmerseManager
[2026-05-13T03:51:42.4744916-07:00] [pid=24968] 
[2026-05-13T03:51:42.5025673-07:00] [pid=24968] <<<_____ ImmerseAudioRenderer _____>>> 
[2026-05-13T03:51:42.5025673-07:00] [pid=24968] CreateImmerseAudioRendererFXParams()
[2026-05-13T03:51:42.5025673-07:00] [pid=24968] 
[2026-05-13T03:51:42.5025673-07:00] [pid=24968] <<<_____ ImmerseAudioRenderer _____>>> 
[2026-05-13T03:51:42.5025673-07:00] [pid=24968] WwiseFxNullParams::Init()
[2026-05-13T03:51:42.5025673-07:00] [pid=24968] 
[2026-05-13T03:51:42.5025673-07:00] [pid=24968] <<<_____ ImmerseAudioRenderer _____>>> 
[2026-05-13T03:51:42.5025673-07:00] [pid=24968] WwiseFxNullParams::SetParam()
[2026-05-13T03:51:42.5025673-07:00] [pid=24968] 
[2026-05-13T03:51:42.5025673-07:00] [pid=24968] <<<_____ ImmerseAudioRenderer _____>>> 
[2026-05-13T03:51:42.5025673-07:00] [pid=24968] WwiseFxNullParams::SetParam()
[2026-05-13T03:51:42.5025673-07:00] [pid=24968] 
[2026-05-13T03:51:42.5025673-07:00] [pid=24968] <<<_____ ImmerseAudioRenderer _____>>> 
[2026-05-13T03:51:42.5025673-07:00] [pid=24968] WwiseFxNullParams::SetParam()
[2026-05-13T03:51:42.5025673-07:00] [pid=24968] 
[2026-05-13T03:51:42.5025673-07:00] [pid=24968] <<<_____ ImmerseAudioRenderer _____>>> 
[2026-05-13T03:51:42.5025673-07:00] [pid=24968] WwiseFxNullParams::SetParam()
[2026-05-13T03:51:42.5025673-07:00] [pid=24968] 
[2026-05-13T03:51:42.5025673-07:00] [pid=24968] <<<_____ ImmerseAudioRenderer _____>>> 
[2026-05-13T03:51:42.5025673-07:00] [pid=24968] WwiseFxNullParams::SetParam()
[2026-05-13T03:51:42.5025673-07:00] [pid=24968] 
[2026-05-13T03:51:42.5025673-07:00] [pid=24968] <<<_____ ImmerseAudioRenderer _____>>> 
[2026-05-13T03:51:42.5025673-07:00] [pid=24968] WwiseFxNullParams::SetParam()
[2026-05-13T03:51:42.5025673-07:00] [pid=24968] 
[2026-05-13T03:51:42.5025673-07:00] [pid=24968] <<<_____ ImmerseAudioRenderer _____>>> 
[2026-05-13T03:51:42.5025673-07:00] [pid=24968] WwiseFxNullParams::SetParam()
[2026-05-13T03:51:42.5025673-07:00] [pid=24968] 
[2026-05-13T03:51:42.5025673-07:00] [pid=24968] <<<_____ ImmerseAudioRenderer _____>>> 
[2026-05-13T03:51:42.5025673-07:00] [pid=24968] WwiseFxNullParams::SetParam()
[2026-05-13T03:51:42.5025673-07:00] [pid=24968] 
[2026-05-13T03:51:42.5025673-07:00] [pid=24968] <<<_____ ImmerseAudioRenderer _____>>> 
[2026-05-13T03:51:42.5025673-07:00] [pid=24968] WwiseFxNullParams::SetParam()
[2026-05-13T03:51:42.5035657-07:00] [pid=24968] 
[2026-05-13T03:51:42.5035657-07:00] [pid=24968] <<<_____ ImmerseAudioRenderer _____>>> 
[2026-05-13T03:51:42.5035657-07:00] [pid=24968] WwiseFxNullParams::ApplyParam()
[2026-05-13T03:51:42.5035657-07:00] [pid=24968] 
[2026-05-13T03:51:42.5035657-07:00] [pid=24968] <<<_____ ImmerseAudioRenderer _____>>> 
[2026-05-13T03:51:42.5035657-07:00] [pid=24968] WwiseFxNullParams::ApplyParam()
[2026-05-13T03:51:42.5035657-07:00] [pid=24968] 
[2026-05-13T03:51:42.5035657-07:00] [pid=24968] <<<_____ ImmerseAudioRenderer _____>>> 
[2026-05-13T03:51:42.5035657-07:00] [pid=24968] WwiseFxNullParams::ApplyParam()
[2026-05-13T03:51:42.5035657-07:00] [pid=24968] 
[2026-05-13T03:51:42.5035657-07:00] [pid=24968] <<<_____ ImmerseAudioRenderer _____>>> 
[2026-05-13T03:51:42.5035657-07:00] [pid=24968] WwiseFxNullParams::ApplyParam()
[2026-05-13T03:51:42.5035657-07:00] [pid=24968] 
[2026-05-13T03:51:42.5035657-07:00] [pid=24968] <<<_____ ImmerseAudioRenderer _____>>> 
[2026-05-13T03:51:42.5035657-07:00] [pid=24968] WwiseFxNullParams::ApplyParam()
[2026-05-13T03:51:42.5035657-07:00] [pid=24968] 
[2026-05-13T03:51:42.5035657-07:00] [pid=24968] <<<_____ ImmerseAudioRenderer _____>>> 
[2026-05-13T03:51:42.5035657-07:00] [pid=24968] WwiseFxNullParams::ApplyParam()
[2026-05-13T03:51:42.5035657-07:00] [pid=24968] 
[2026-05-13T03:51:42.5035657-07:00] [pid=24968] <<<_____ ImmerseAudioRenderer _____>>> 
[2026-05-13T03:51:42.5035657-07:00] [pid=24968] WwiseFxNullParams::ApplyParam()
[2026-05-13T03:51:42.5035657-07:00] [pid=24968] 
[2026-05-13T03:51:42.5035657-07:00] [pid=24968] <<<_____ ImmerseAudioRenderer _____>>> 
[2026-05-13T03:51:42.5035657-07:00] [pid=24968] WwiseFxNullParams::ApplyParam()
[2026-05-13T03:51:42.5035657-07:00] [pid=24968] 
[2026-05-13T03:51:42.5035657-07:00] [pid=24968] <<<_____ ImmerseAudioRenderer _____>>> 
[2026-05-13T03:51:42.5035657-07:00] [pid=24968] WwiseFxNullParams::ApplyParam()
[2026-05-13T03:51:42.5035657-07:00] [pid=24968] 
[2026-05-13T03:51:42.5296259-07:00] [pid=27484] Focus Exec Name: wwise.exe
[2026-05-13T03:51:42.5301304-07:00] [pid=27484] ---> Focus Exec Name: wwise.exe has WS_OVERLAPPEDWINDOW
[2026-05-13T03:51:42.7800609-07:00] [pid=18712] <1>May13 03:51:42.779 SF_18712[CpBoard] [CB] HandleClipboard S to C
[2026-05-13T03:51:42.7800609-07:00] [pid=18712] <1>May13 03:51:42.780 SF_18712[CpBoard] Send clipboard data to client fmt(13).
[2026-05-13T03:51:42.7810639-07:00] [pid=18712] <1>May13 03:51:42.781 SF_18712[CpBoard] [CB] Data Push start. len:732
[2026-05-13T03:51:42.9332967-07:00] [pid=27484] Focus Exec Name: wwise.exe
[2026-05-13T03:51:42.9332967-07:00] [pid=27484] ---> Focus Exec Name: wwise.exe has WS_OVERLAPPEDWINDOW
[2026-05-13T03:51:42.9352963-07:00] [pid=27484] Focus Exec Name: wwise.exe
[2026-05-13T03:51:42.9352963-07:00] [pid=27484] ---> Focus Exec Name: wwise.exe has WS_OVERLAPPEDWINDOW
[2026-05-13T03:51:43.3332238-07:00] [pid=27484] Focus Exec Name: wwise.exe
[2026-05-13T03:51:43.3342235-07:00] [pid=27484] ---> Focus Exec Name: wwise.exe has WS_OVERLAPPEDWINDOW
[2026-05-13T03:51:43.3387355-07:00] [pid=27484] Focus Exec Name: wwise.exe
[2026-05-13T03:51:43.3387355-07:00] [pid=27484] ---> Focus Exec Name: wwise.exe has WS_OVERLAPPEDWINDOW
[2026-05-13T03:51:46.3305080-07:00] [pid=17564] Looking for binary: ../../../Engine/Programs/CrashReportClient/Config/BinaryConfig.ini
[2026-05-13T03:51:46.3325176-07:00] [pid=17564] CrashReportClientDiagnosticLog: CRC/Init:2026.05.13-10.51.46
[2026-05-13T03:51:46.3325176-07:00] [pid=17564] LogPlatformFile: Not using cached read wrapper
[2026-05-13T03:51:46.3325176-07:00] [pid=17564] LogTaskGraph: Started task graph with 4 named threads and 22 total threads with 1 sets of task threads.
[2026-05-13T03:51:46.3325176-07:00] [pid=17564] LogICUInternationalization: ICU TimeZone Detection - Raw Offset: -8:00, Platform Override: ''
[2026-05-13T03:51:46.3325176-07:00] [pid=17564] LogInit: Display: Loading text-based GConfig....
[2026-05-13T03:51:46.3470450-07:00] [pid=17564] LogInit: Build: ++UE4+Release-4.27-CL-18319896
[2026-05-13T03:51:46.3470450-07:00] [pid=17564] LogInit: Engine Version: 4.27.2-18319896+++UE4+Release-4.27
[2026-05-13T03:51:46.3470450-07:00] [pid=17564] LogInit: Compatible Engine Version: 4.27.0-17155196+++UE4+Release-4.27
[2026-05-13T03:51:46.3470450-07:00] [pid=17564] LogInit: Net CL: 17155196
[2026-05-13T03:51:46.3470450-07:00] [pid=17564] LogInit: OS: Windows 10 (Release 2009) (), CPU: 13th Gen Intel(R) Core(TM) i7-13650HX, GPU: Intel(R) UHD Graphics
[2026-05-13T03:51:46.3470450-07:00] [pid=17564] LogInit: Compiled (64-bit): Nov 30 2021 08:03:32
[2026-05-13T03:51:46.3470450-07:00] [pid=17564] LogInit: Compiled with Visual C++: 19.24.28315.00
[2026-05-13T03:51:46.3470450-07:00] [pid=17564] LogInit: Build Configuration: Shipping
[2026-05-13T03:51:46.3470450-07:00] [pid=17564] LogInit: Branch Name: ++UE4+Release-4.27
[2026-05-13T03:51:46.3480518-07:00] [pid=17564] LogInit: Command Line: "C:\Program Files\Epic Games\UE_4.27\Engine\Binaries\Win64\CrashReportClientEditor.exe" "../../../Engine/Binaries/Win64/CrashReportClientEditor.exe"  -READ=588 -WRITE=600 -MONITOR=15828 -unattended -ConcertServer="038F76FF49A4DB00AA15D3B5DFBEA1D1" -RespawnedInstance
[2026-05-13T03:51:46.3480518-07:00] [pid=17564] LogInit: Base Directory: C:/Program Files/Epic Games/UE_4.27/Engine/Binaries/Win64/
[2026-05-13T03:51:46.3480518-07:00] [pid=17564] LogInit: Allocator: TBB
[2026-05-13T03:51:46.3480518-07:00] [pid=17564] LogInit: Installed Engine Build: 1
[2026-05-13T03:51:46.3535652-07:00] [pid=17564] LogInit: Presizing for max 2097152 objects, including 1 objects not considered by GC, pre-allocating 0 bytes for permanent pool.
[2026-05-13T03:51:46.3535652-07:00] [pid=17564] LogConfig: Applying CVar settings from Section [/Script/Engine.StreamingSettings] File [C:/Users/kapil/AppData/Local/CrashReportClient/Saved/Config/WindowsNoEditor/Engine.ini]
[2026-05-13T03:51:46.3545649-07:00] [pid=17564] LogConfig: Setting CVar [[s.MinBulkDataSizeForAsyncLoading:131072]]
[2026-05-13T03:51:46.3545649-07:00] [pid=17564] LogConfig: Setting CVar [[s.AsyncLoadingThreadEnabled:0]]
[2026-05-13T03:51:46.3545649-07:00] [pid=17564] LogConfig: Setting CVar [[s.EventDrivenLoaderEnabled:1]]
[2026-05-13T03:51:46.3545649-07:00] [pid=17564] LogConfig: Setting CVar [[s.WarnIfTimeLimitExceeded:0]]
[2026-05-13T03:51:46.3545649-07:00] [pid=17564] LogConfig: Setting CVar [[s.TimeLimitExceededMultiplier:1.5]]
[2026-05-13T03:51:46.3545649-07:00] [pid=17564] LogConfig: Setting CVar [[s.TimeLimitExceededMinTime:0.005]]
[2026-05-13T03:51:46.3545649-07:00] [pid=17564] LogConfig: Setting CVar [[s.FlushStreamingOnExit:1]]
[2026-05-13T03:51:46.3545649-07:00] [pid=17564] LogInit: Object subsystem initialized
[2026-05-13T03:51:46.3555643-07:00] [pid=17564] LogConfig: Applying CVar settings from Section [ConsoleVariables] File [C:/Users/kapil/AppData/Local/CrashReportClient/Saved/Config/WindowsNoEditor/Engine.ini]
[2026-05-13T03:51:46.3555643-07:00] [pid=17564] [2026.05.13-10.51.46:355][  0]LogInit: Computer: IMMERSEDEMOM5
[2026-05-13T03:51:46.3565641-07:00] [pid=17564] [2026.05.13-10.51.46:356][  0]LogInit: User: kapil
[2026-05-13T03:51:46.3565641-07:00] [pid=17564] [2026.05.13-10.51.46:356][  0]LogInit: CPU Page size=4096, Cores=14
[2026-05-13T03:51:46.3565641-07:00] [pid=17564] [2026.05.13-10.51.46:356][  0]LogInit: High frequency timer resolution =10.000000 MHz
[2026-05-13T03:51:46.3565641-07:00] [pid=17564] [2026.05.13-10.51.46:356][  0]LogMemory: Memory total: Physical=15.7GB (16GB approx)
[2026-05-13T03:51:46.3565641-07:00] [pid=17564] [2026.05.13-10.51.46:356][  0]LogMemory: Platform Memory Stats for WindowsNoEditor
[2026-05-13T03:51:46.3565641-07:00] [pid=17564] [2026.05.13-10.51.46:356][  0]LogMemory: Process Physical Memory: 30.59 MB used, 30.59 MB peak
[2026-05-13T03:51:46.3565641-07:00] [pid=17564] [2026.05.13-10.51.46:356][  0]LogMemory: Process Virtual Memory: 65.80 MB used, 65.80 MB peak
[2026-05-13T03:51:46.3565641-07:00] [pid=17564] [2026.05.13-10.51.46:356][  0]LogMemory: Physical Memory: 12320.19 MB used,  3748.51 MB free, 16068.70 MB total
[2026-05-13T03:51:46.3565641-07:00] [pid=17564] [2026.05.13-10.51.46:356][  0]LogMemory: Virtual Memory: 134206936.00 MB used,  10788.55 MB free, 134217728.00 MB total
[2026-05-13T03:51:46.3600716-07:00] [pid=17564] [2026.05.13-10.51.46:360][  0]LogUObjectArray: 363 objects as part of root set at end of initial load.
[2026-05-13T03:51:46.3600716-07:00] [pid=17564] [2026.05.13-10.51.46:360][  0]LogUObjectArray: 0 objects are not in the root set, but can never be destroyed because they are in the DisregardForGC set.
[2026-05-13T03:51:46.3600716-07:00] [pid=17564] [2026.05.13-10.51.46:360][  0]LogUObjectAllocator: 53496 out of 0 bytes used by permanent object pool.
[2026-05-13T03:51:46.3600716-07:00] [pid=17564] [2026.05.13-10.51.46:360][  0]LogUObjectArray: CloseDisregardForGC: 363/363 objects in disregard for GC pool
[2026-05-13T03:51:46.3600716-07:00] [pid=17564] [2026.05.13-10.51.46:360][  0]LogInit: Using OS detected language (en-US).
[2026-05-13T03:51:46.3610756-07:00] [pid=17564] [2026.05.13-10.51.46:360][  0]LogInit: Using OS detected locale (en-US).
[2026-05-13T03:51:46.3610756-07:00] [pid=17564] [2026.05.13-10.51.46:361][  0]LogTextLocalizationManager: No specific localization for 'en-US' exists, so the 'en' localization will be used.
[2026-05-13T03:51:46.3751022-07:00] [pid=17564] [2026.05.13-10.51.46:375][  0]LogInit: Using OS detected language (en-US).
[2026-05-13T03:51:46.3751022-07:00] [pid=17564] [2026.05.13-10.51.46:375][  0]LogInit: Using OS detected locale (en-US).
[2026-05-13T03:51:46.3751022-07:00] [pid=17564] [2026.05.13-10.51.46:375][  0]LogTextLocalizationManager: No localization for 'en-US' exists, so 'en' will be used for the language.
[2026-05-13T03:51:46.3751022-07:00] [pid=17564] [2026.05.13-10.51.46:375][  0]LogTextLocalizationManager: No localization for 'en-US' exists, so 'en' will be used for the locale.
[2026-05-13T03:51:46.3751022-07:00] [pid=17564] [2026.05.13-10.51.46:375][  0]LogTextLocalizationManager: Compacting localization data took   0.00ms
[2026-05-13T03:51:46.3751022-07:00] [pid=17564] [2026.05.13-10.51.46:375][  0]LogPackageLocalizationCache: Processed 2 localized package path(s) for 1 prioritized culture(s) in 0.000059 seconds
[2026-05-13T03:51:46.3766061-07:00] [pid=17564] [2026.05.13-10.51.46:376][  0]CrashReportClientDiagnosticLog: CRC/Load
[2026-05-13T03:51:46.3776128-07:00] [pid=17564] [2026.05.13-10.51.46:377][  0]CrashReportClientDiagnosticLog: CRC/Config
[2026-05-13T03:51:46.3776128-07:00] [pid=17564] [2026.05.13-10.51.46:377][  0]CrashReportCoreLog: CrashReportClientVersion=1.0
[2026-05-13T03:51:46.3776128-07:00] [pid=17564] [2026.05.13-10.51.46:377][  0]CrashReportCoreLog: CrashReportReceiver disabled
[2026-05-13T03:51:46.3776128-07:00] [pid=17564] [2026.05.13-10.51.46:377][  0]CrashReportCoreLog: DataRouterUrl: https://datarouter.ol.epicgames.com/datarouter/api/v1/public/data
[2026-05-13T03:51:46.3776128-07:00] [pid=17564] [2026.05.13-10.51.46:377][  0]LogCrashDebugHelper: DepotName: //UE4/Release-4.27
[2026-05-13T03:51:46.3776128-07:00] [pid=17564] [2026.05.13-10.51.46:377][  0]LogCrashDebugHelper: BuiltFromCL: 18319896
[2026-05-13T03:51:46.3786171-07:00] [pid=17564] [2026.05.13-10.51.46:377][  0]LogCrashDebugHelper: EngineVersion: 4.27.2-18319896+++UE4+Release-4.27
[2026-05-13T03:51:46.3786171-07:00] [pid=17564] [2026.05.13-10.51.46:377][  0]LogCrashDebugHelper: BuildVersion: ++UE4+Release-4.27-CL-18319896
[2026-05-13T03:51:46.3786171-07:00] [pid=17564] [2026.05.13-10.51.46:378][  0]CrashReportClientDiagnosticLog: Monitor/Start:17564
[2026-05-13T03:51:46.3796123-07:00] [pid=17564] [2026.05.13-10.51.46:379][  0]CrashReportClientDiagnosticLog: OpenProcess/Done
[2026-05-13T03:51:46.9369953-07:00] [pid=15828] Looking for binary: ../../../../../../Users/kapil/OneDrive/Documents/Unreal Projects/testTP/Config/BinaryConfig.ini
[2026-05-13T03:51:46.9380026-07:00] [pid=15828] LogWindows: Failed to load 'aqProf.dll' (GetLastError=126)
[2026-05-13T03:51:46.9380026-07:00] [pid=15828] LogWindows: File 'aqProf.dll' does not exist
[2026-05-13T03:51:46.9380026-07:00] [pid=15828] LogWindows: Failed to load 'VtuneApi.dll' (GetLastError=126)
[2026-05-13T03:51:46.9380026-07:00] [pid=15828] LogWindows: File 'VtuneApi.dll' does not exist
[2026-05-13T03:51:46.9380026-07:00] [pid=15828] LogWindows: Failed to load 'VtuneApi32e.dll' (GetLastError=126)
[2026-05-13T03:51:46.9380026-07:00] [pid=15828] LogWindows: File 'VtuneApi32e.dll' does not exist
[2026-05-13T03:51:46.9380026-07:00] [pid=15828] LogConsoleResponse: Display: Failed to find resolution value strings in scalability ini. Falling back to default.
[2026-05-13T03:51:46.9380026-07:00] [pid=15828] LogConsoleResponse: Display: Failed to find resolution value strings in scalability ini. Falling back to default.
[2026-05-13T03:51:46.9380026-07:00] [pid=15828] LogInit: Display: Running engine for game: testTP
[2026-05-13T03:51:46.9380026-07:00] [pid=15828] LogPlatformFile: Not using cached read wrapper
[2026-05-13T03:51:46.9380026-07:00] [pid=15828] LogTaskGraph: Started task graph with 5 named threads and 59 total threads with 3 sets of task threads.
[2026-05-13T03:51:46.9380026-07:00] [pid=15828] LogStats: Stats thread started at 0.211292
[2026-05-13T03:51:46.9380026-07:00] [pid=15828] LogICUInternationalization: ICU TimeZone Detection - Raw Offset: -8:00, Platform Override: ''
[2026-05-13T03:51:46.9380026-07:00] [pid=15828] LogInit: Display: Loading text-based GConfig....
[2026-05-13T03:51:46.9896183-07:00] [pid=15828] LogPluginManager: Mounting plugin MeshPainting
[2026-05-13T03:51:46.9901232-07:00] [pid=15828] LogPluginManager: Mounting plugin XGEController
[2026-05-13T03:51:46.9911282-07:00] [pid=15828] LogPluginManager: Mounting plugin Paper2D
[2026-05-13T03:51:46.9921335-07:00] [pid=15828] LogPluginManager: Mounting plugin LiveLink
[2026-05-13T03:51:46.9931336-07:00] [pid=15828] LogPluginManager: Mounting plugin LightPropagationVolume
[2026-05-13T03:51:46.9941338-07:00] [pid=15828] LogPluginManager: Mounting plugin AISupport
[2026-05-13T03:51:46.9941338-07:00] [pid=15828] LogPluginManager: Mounting plugin CameraShakePreviewer
[2026-05-13T03:51:46.9951329-07:00] [pid=15828] LogPluginManager: Mounting plugin EnvironmentQueryEditor
[2026-05-13T03:51:46.9951329-07:00] [pid=15828] LogPluginManager: Mounting plugin AssetManagerEditor
[2026-05-13T03:51:46.9966372-07:00] [pid=15828] LogPluginManager: Mounting plugin GameplayCameras
[2026-05-13T03:51:46.9976442-07:00] [pid=15828] LogPluginManager: Mounting plugin AnimationSharing
[2026-05-13T03:51:46.9976442-07:00] [pid=15828] LogPluginManager: Mounting plugin GitSourceControl
[2026-05-13T03:51:46.9986437-07:00] [pid=15828] LogPluginManager: Mounting plugin CLionSourceCodeAccess
[2026-05-13T03:51:46.9996439-07:00] [pid=15828] LogPluginManager: Mounting plugin DataValidation
[2026-05-13T03:51:47.0001477-07:00] [pid=15828] LogPluginManager: Mounting plugin CurveEditorTools
[2026-05-13T03:51:47.0001477-07:00] [pid=15828] LogPluginManager: Mounting plugin CodeLiteSourceCodeAccess
[2026-05-13T03:51:47.0011521-07:00] [pid=15828] LogPluginManager: Mounting plugin NullSourceCodeAccess
[2026-05-13T03:51:47.0021562-07:00] [pid=15828] LogPluginManager: Mounting plugin KDevelopSourceCodeAccess
[2026-05-13T03:51:47.0021562-07:00] [pid=15828] LogPluginManager: Mounting plugin CryptoKeys
[2026-05-13T03:51:47.0031567-07:00] [pid=15828] LogPluginManager: Mounting plugin FacialAnimation
[2026-05-13T03:51:47.0041560-07:00] [pid=15828] LogPluginManager: Mounting plugin Niagara
[2026-05-13T03:51:47.0051557-07:00] [pid=15828] LogPluginManager: Mounting plugin PixWinPlugin
[2026-05-13T03:51:47.0066597-07:00] [pid=15828] LogPluginManager: Mounting plugin PerforceSourceControl
[2026-05-13T03:51:47.0076670-07:00] [pid=15828] LogPluginManager: Mounting plugin PlasticSourceControl
[2026-05-13T03:51:47.0076670-07:00] [pid=15828] LogPluginManager: Mounting plugin PluginUtils
[2026-05-13T03:51:47.0086666-07:00] [pid=15828] LogPluginManager: Mounting plugin PropertyAccessNode
[2026-05-13T03:51:47.0096670-07:00] [pid=15828] LogPluginManager: Mounting plugin GameplayTagsEditor
[2026-05-13T03:51:47.0101719-07:00] [pid=15828] LogPluginManager: Mounting plugin SubversionSourceControl
[2026-05-13T03:51:47.0101719-07:00] [pid=15828] LogPluginManager: Mounting plugin MacGraphicsSwitching
[2026-05-13T03:51:47.0111774-07:00] [pid=15828] LogPluginManager: Mounting plugin TextureFormatOodle
[2026-05-13T03:51:47.0121775-07:00] [pid=15828] LogPluginManager: Mounting plugin GeometryMode
[2026-05-13T03:51:47.0121775-07:00] [pid=15828] LogPluginManager: Mounting plugin RiderSourceCodeAccess
[2026-05-13T03:51:47.0121775-07:00] [pid=15828] LogPluginManager: Mounting plugin MaterialAnalyzer
[2026-05-13T03:51:47.0136953-07:00] [pid=15828] LogPluginManager: Mounting plugin MobileLauncherProfileWizard
[2026-05-13T03:51:47.0147060-07:00] [pid=15828] LogPluginManager: Mounting plugin UObjectPlugin
[2026-05-13T03:51:47.0147060-07:00] [pid=15828] LogPluginManager: Mounting plugin SpeedTreeImporter
[2026-05-13T03:51:47.0157128-07:00] [pid=15828] LogPluginManager: Mounting plugin PluginBrowser
[2026-05-13T03:51:47.0157128-07:00] [pid=15828] LogPluginManager: Mounting plugin VisualStudioSourceCodeAccess
[2026-05-13T03:51:47.0167051-07:00] [pid=15828] LogPluginManager: Mounting plugin VisualStudioCodeSourceCodeAccess
[2026-05-13T03:51:47.0177094-07:00] [pid=15828] LogPluginManager: Mounting plugin XCodeSourceCodeAccess
[2026-05-13T03:51:47.0177094-07:00] [pid=15828] LogPluginManager: Mounting plugin AlembicImporter
[2026-05-13T03:51:47.0187086-07:00] [pid=15828] LogPluginManager: Mounting plugin ChaosNiagara
[2026-05-13T03:51:47.0197084-07:00] [pid=15828] LogPluginManager: Mounting plugin BackChannel
[2026-05-13T03:51:47.0202129-07:00] [pid=15828] LogPluginManager: Mounting plugin ChaosEditor
[2026-05-13T03:51:47.0202129-07:00] [pid=15828] LogPluginManager: Mounting plugin ChaosSolverPlugin
[2026-05-13T03:51:47.0212188-07:00] [pid=15828] LogPluginManager: Mounting plugin AutomationUtils
[2026-05-13T03:51:47.0222232-07:00] [pid=15828] LogPluginManager: Mounting plugin CharacterAI
[2026-05-13T03:51:47.0222232-07:00] [pid=15828] LogPluginManager: Mounting plugin ChaosCloth
[2026-05-13T03:51:47.0232237-07:00] [pid=15828] LogPluginManager: Mounting plugin ChaosClothEditor
[2026-05-13T03:51:47.0232237-07:00] [pid=15828] LogPluginManager: Mounting plugin GeometryCache
[2026-05-13T03:51:47.0242235-07:00] [pid=15828] LogPluginManager: Mounting plugin GeometryCollectionPlugin
[2026-05-13T03:51:47.0252232-07:00] [pid=15828] LogPluginManager: Mounting plugin GeometryProcessing
[2026-05-13T03:51:47.0252232-07:00] [pid=15828] LogPluginManager: Mounting plugin OpenImageDenoise
[2026-05-13T03:51:47.0252232-07:00] [pid=15828] LogPluginManager: Mounting plugin PlanarCut
[2026-05-13T03:51:47.0267275-07:00] [pid=15828] LogPluginManager: Mounting plugin MotoSynth
[2026-05-13T03:51:47.0277334-07:00] [pid=15828] LogPluginManager: Mounting plugin PlatformCrypto
[2026-05-13T03:51:47.0277334-07:00] [pid=15828] LogPluginManager: Mounting plugin ProxyLODPlugin
[2026-05-13T03:51:47.0287343-07:00] [pid=15828] LogPluginManager: Mounting plugin PythonScriptPlugin
[2026-05-13T03:51:47.0297341-07:00] [pid=15828] LogPluginManager: Mounting plugin LuminPlatformFeatures
[2026-05-13T03:51:47.0302388-07:00] [pid=15828] LogPluginManager: Mounting plugin MagicLeap
[2026-05-13T03:51:47.0312447-07:00] [pid=15828] LogPluginManager: Mounting plugin SkeletalReduction
[2026-05-13T03:51:47.0322498-07:00] [pid=15828] LogPluginManager: Mounting plugin MagicLeapPassableWorld
[2026-05-13T03:51:47.0322498-07:00] [pid=15828] LogPluginManager: Mounting plugin MagicLeapLightEstimation
[2026-05-13T03:51:47.0332501-07:00] [pid=15828] LogPluginManager: Mounting plugin MagicLeapMedia
[2026-05-13T03:51:47.0342502-07:00] [pid=15828] LogPluginManager: Mounting plugin MLSDK
[2026-05-13T03:51:47.0352593-07:00] [pid=15828] LogPluginManager: Mounting plugin AndroidMedia
[2026-05-13T03:51:47.0352593-07:00] [pid=15828] LogPluginManager: Mounting plugin AvfMedia
[2026-05-13T03:51:47.0352593-07:00] [pid=15828] LogPluginManager: Mounting plugin ImgMedia
[2026-05-13T03:51:47.0367665-07:00] [pid=15828] LogPluginManager: Mounting plugin MediaCompositing
[2026-05-13T03:51:47.0377737-07:00] [pid=15828] LogPluginManager: Mounting plugin MediaPlayerEditor
[2026-05-13T03:51:47.0377737-07:00] [pid=15828] LogPluginManager: Mounting plugin WebMMedia
[2026-05-13T03:51:47.0387732-07:00] [pid=15828] LogPluginManager: Mounting plugin UdpMessaging
[2026-05-13T03:51:47.0397730-07:00] [pid=15828] LogPluginManager: Mounting plugin WmfMedia
[2026-05-13T03:51:47.0402761-07:00] [pid=15828] LogPluginManager: Mounting plugin TcpMessaging
[2026-05-13T03:51:47.0402761-07:00] [pid=15828] LogPluginManager: Mounting plugin ActorSequence
[2026-05-13T03:51:47.0412807-07:00] [pid=15828] LogPluginManager: Mounting plugin LevelSequenceEditor
[2026-05-13T03:51:47.0422847-07:00] [pid=15828] LogPluginManager: Mounting plugin MatineeToLevelSequence
[2026-05-13T03:51:47.0422847-07:00] [pid=15828] LogPluginManager: Mounting plugin TemplateSequence
[2026-05-13T03:51:47.0432849-07:00] [pid=15828] LogPluginManager: Mounting plugin DatasmithContent
[2026-05-13T03:51:47.0442850-07:00] [pid=15828] LogPluginManager: Mounting plugin LauncherChunkInstaller
[2026-05-13T03:51:47.0442850-07:00] [pid=15828] LogPluginManager: Mounting plugin VariantManagerContent
[2026-05-13T03:51:47.0452851-07:00] [pid=15828] LogPluginManager: Mounting plugin OnlineSubsystem
[2026-05-13T03:51:47.0467898-07:00] [pid=15828] LogPluginManager: Mounting plugin OnlineSubsystemNull
[2026-05-13T03:51:47.0477979-07:00] [pid=15828] LogPluginManager: Mounting plugin OnlineSubsystemUtils
[2026-05-13T03:51:47.0487979-07:00] [pid=15828] LogPluginManager: Mounting plugin AndroidMoviePlayer
[2026-05-13T03:51:47.0487979-07:00] [pid=15828] LogPluginManager: Mounting plugin ActorLayerUtilities
[2026-05-13T03:51:47.0503047-07:00] [pid=15828] LogPluginManager: Mounting plugin AndroidDeviceProfileSelector
[2026-05-13T03:51:47.0503047-07:00] [pid=15828] LogPluginManager: Mounting plugin AndroidPermission
[2026-05-13T03:51:47.0513128-07:00] [pid=15828] LogPluginManager: Mounting plugin AppleImageUtils
[2026-05-13T03:51:47.0523194-07:00] [pid=15828] LogPluginManager: Mounting plugin AppleMoviePlayer
[2026-05-13T03:51:47.0533195-07:00] [pid=15828] LogPluginManager: Mounting plugin AudioSynesthesia
[2026-05-13T03:51:47.0533195-07:00] [pid=15828] LogPluginManager: Mounting plugin ChunkDownloader
[2026-05-13T03:51:47.0543192-07:00] [pid=15828] LogPluginManager: Mounting plugin CustomMeshComponent
[2026-05-13T03:51:47.0553188-07:00] [pid=15828] LogPluginManager: Mounting plugin AssetTags
[2026-05-13T03:51:47.0553188-07:00] [pid=15828] LogPluginManager: Mounting plugin ArchVisCharacter
[2026-05-13T03:51:47.0553188-07:00] [pid=15828] LogPluginManager: Mounting plugin AudioCapture
[2026-05-13T03:51:47.0568248-07:00] [pid=15828] LogPluginManager: Mounting plugin CableComponent
[2026-05-13T03:51:47.0578340-07:00] [pid=15828] LogPluginManager: Mounting plugin ExampleDeviceProfileSelector
[2026-05-13T03:51:47.0588347-07:00] [pid=15828] LogPluginManager: Mounting plugin EditableMesh
[2026-05-13T03:51:47.0588347-07:00] [pid=15828] LogPluginManager: Mounting plugin GoogleCloudMessaging
[2026-05-13T03:51:47.0598349-07:00] [pid=15828] LogPluginManager: Mounting plugin ScreenshotTools
[2026-05-13T03:51:47.0603405-07:00] [pid=15828] LogPluginManager: Mounting plugin GooglePAD
[2026-05-13T03:51:47.0613473-07:00] [pid=15828] LogPluginManager: Mounting plugin LinuxDeviceProfileSelector
[2026-05-13T03:51:47.0623534-07:00] [pid=15828] LogPluginManager: Mounting plugin IOSDeviceProfileSelector
[2026-05-13T03:51:47.0623534-07:00] [pid=15828] LogPluginManager: Mounting plugin LocationServicesBPLibrary
[2026-05-13T03:51:47.0633567-07:00] [pid=15828] LogPluginManager: Mounting plugin MobilePatchingUtils
[2026-05-13T03:51:47.0643533-07:00] [pid=15828] LogPluginManager: Mounting plugin OpenXR
[2026-05-13T03:51:47.0643533-07:00] [pid=15828] LogPluginManager: Mounting plugin OpenXREyeTracker
[2026-05-13T03:51:47.0653532-07:00] [pid=15828] LogPluginManager: Mounting plugin OpenXRHandTracking
[2026-05-13T03:51:47.0653532-07:00] [pid=15828] LogPluginManager: Mounting plugin PhysXVehicles
[2026-05-13T03:51:47.0668620-07:00] [pid=15828] LogPluginManager: Mounting plugin Takes
[2026-05-13T03:51:47.0678757-07:00] [pid=15828] LogPluginManager: Mounting plugin PostSplashScreen
[2026-05-13T03:51:47.0688740-07:00] [pid=15828] LogPluginManager: Mounting plugin PropertyAccessEditor
[2026-05-13T03:51:47.0698723-07:00] [pid=15828] LogPluginManager: Mounting plugin RuntimePhysXCooking
[2026-05-13T03:51:47.0703778-07:00] [pid=15828] LogPluginManager: Mounting plugin SignificanceManager
[2026-05-13T03:51:47.0713827-07:00] [pid=15828] LogPluginManager: Mounting plugin SoundFields
[2026-05-13T03:51:47.0713827-07:00] [pid=15828] LogPluginManager: Mounting plugin ProceduralMeshComponent
[2026-05-13T03:51:47.0723872-07:00] [pid=15828] LogPluginManager: Mounting plugin Synthesis
[2026-05-13T03:51:47.0733876-07:00] [pid=15828] LogPluginManager: Mounting plugin WebMMoviePlayer
[2026-05-13T03:51:47.0743875-07:00] [pid=15828] LogPluginManager: Mounting plugin WindowsMoviePlayer
[2026-05-13T03:51:47.0753868-07:00] [pid=15828] LogPluginManager: Mounting plugin OodleData
[2026-05-13T03:51:47.0753868-07:00] [pid=15828] LogPluginManager: Mounting plugin OodleNetwork
[2026-05-13T03:51:47.0753868-07:00] [pid=15828] LogPluginManager: Mounting plugin ContentBrowserClassDataSource
[2026-05-13T03:51:47.0768915-07:00] [pid=15828] LogPluginManager: Mounting plugin ContentBrowserFileDataSource
[2026-05-13T03:51:47.0778993-07:00] [pid=15828] LogPluginManager: Mounting plugin ContentBrowserAssetDataSource
[2026-05-13T03:51:47.0778993-07:00] [pid=15828] LogPluginManager: Mounting plugin OnlineSubsystemGooglePlay
[2026-05-13T03:51:47.0788991-07:00] [pid=15828] LogPluginManager: Mounting plugin OnlineSubsystemIOS
[2026-05-13T03:51:47.0798996-07:00] [pid=15828] LogPluginManager: Mounting plugin OculusVR
[2026-05-13T03:51:47.0804042-07:00] [pid=15828] LogPluginManager: Mounting plugin SteamVR
[2026-05-13T03:51:47.0814098-07:00] [pid=15828] LogPluginManager: Mounting plugin Wwise
[2026-05-13T03:51:47.1420816-07:00] [pid=15828] PixWinPlugin: PIX capture plugin failed to initialize! Check that the process is launched from PIX.
[2026-05-13T03:51:47.2052762-07:00] [pid=15828] LogInit: Using libcurl 7.55.1-DEV
[2026-05-13T03:51:47.2052762-07:00] [pid=15828] LogInit:  - built for x86_64-pc-win32
[2026-05-13T03:51:47.2052762-07:00] [pid=15828] LogInit:  - supports SSL with OpenSSL/1.1.1
[2026-05-13T03:51:47.2052762-07:00] [pid=15828] LogInit:  - supports HTTP deflate (compression) using libz 1.2.8
[2026-05-13T03:51:47.2052762-07:00] [pid=15828] LogInit:  - other features:
[2026-05-13T03:51:47.2052762-07:00] [pid=15828] LogInit:      CURL_VERSION_SSL
[2026-05-13T03:51:47.2052762-07:00] [pid=15828] LogInit:      CURL_VERSION_LIBZ
[2026-05-13T03:51:47.2052762-07:00] [pid=15828] LogInit:      CURL_VERSION_IPV6
[2026-05-13T03:51:47.2052762-07:00] [pid=15828] LogInit:      CURL_VERSION_ASYNCHDNS
[2026-05-13T03:51:47.2067806-07:00] [pid=15828] LogInit:      CURL_VERSION_LARGEFILE
[2026-05-13T03:51:47.2067806-07:00] [pid=15828] LogInit:      CURL_VERSION_IDN
[2026-05-13T03:51:47.2067806-07:00] [pid=15828] LogInit:  CurlRequestOptions (configurable via config and command line):
[2026-05-13T03:51:47.2067806-07:00] [pid=15828] LogInit:  - bVerifyPeer = true  - Libcurl will verify peer certificate
[2026-05-13T03:51:47.2067806-07:00] [pid=15828] LogInit:  - bUseHttpProxy = false  - Libcurl will NOT use HTTP proxy
[2026-05-13T03:51:47.2067806-07:00] [pid=15828] LogInit:  - bDontReuseConnections = false  - Libcurl will reuse connections
[2026-05-13T03:51:47.2067806-07:00] [pid=15828] LogInit:  - MaxHostConnections = 16  - Libcurl will limit the number of connections to a host
[2026-05-13T03:51:47.2067806-07:00] [pid=15828] LogInit:  - LocalHostAddr = Default
[2026-05-13T03:51:47.2067806-07:00] [pid=15828] LogInit:  - BufferSize = 65536
[2026-05-13T03:51:47.2323607-07:00] [pid=15828] LogOnline: OSS: Creating online subsystem instance for: NULL
[2026-05-13T03:51:47.2333606-07:00] [pid=15828] LogInit: WinSock: version 1.1 (2.2), MaxSocks=32767, MaxUdp=65467
[2026-05-13T03:51:47.2333606-07:00] [pid=15828] LogOnline: OSS: TryLoadSubsystemAndSetDefault: Loaded subsystem for module [NULL]
[2026-05-13T03:51:47.2910471-07:00] [pid=15828] LogOculusPluginWrapper: OculusPlugin initialized successfully
[2026-05-13T03:51:47.2910471-07:00] [pid=15828] [OVRPlugin][ERROR] 
[2026-05-13T03:51:47.2910471-07:00] [pid=15828] ovr_Initialize failed: Unable to load LibOVRRT DLL
 (software\oculussdk\integrations\ovrplugin\main\src\util\compositorcapi.cpp:78)
[2026-05-13T03:51:47.2910471-07:00] [pid=15828] 
[2026-05-13T03:51:47.2920508-07:00] [pid=15828] LogHMD: Failed initializing OVRPlugin 1.59.0
[2026-05-13T03:51:47.2920508-07:00] [pid=15828] LogInit: Build: ++UE4+Release-4.27-CL-18319896
[2026-05-13T03:51:47.2920508-07:00] [pid=15828] LogInit: Engine Version: 4.27.2-18319896+++UE4+Release-4.27
[2026-05-13T03:51:47.2920508-07:00] [pid=15828] LogInit: Compatible Engine Version: 4.27.0-17155196+++UE4+Release-4.27
[2026-05-13T03:51:47.2920508-07:00] [pid=15828] LogInit: Net CL: 17155196
[2026-05-13T03:51:47.2920508-07:00] [pid=15828] LogInit: OS: Windows 10 (Release 2009) (), CPU: 13th Gen Intel(R) Core(TM) i7-13650HX, GPU: Intel(R) UHD Graphics
[2026-05-13T03:51:47.2920508-07:00] [pid=15828] LogInit: Compiled (64-bit): Nov 30 2021 07:12:08
[2026-05-13T03:51:47.2920508-07:00] [pid=15828] LogInit: Compiled with Visual C++: 19.24.28315.00
[2026-05-13T03:51:47.2920508-07:00] [pid=15828] LogInit: Build Configuration: Development
[2026-05-13T03:51:47.2920508-07:00] [pid=15828] LogInit: Branch Name: ++UE4+Release-4.27
[2026-05-13T03:51:47.2920508-07:00] [pid=15828] LogInit: Command Line:  /Game/ThirdPersonBP/Maps/ThirdPersonExampleMap -game -RenderOffscreen -unattended -nopause -NoSplash -abslog=C:\Users\kapil\AppData\Local\Temp\immerse_editor_20260513-035136.log
[2026-05-13T03:51:47.2920508-07:00] [pid=15828] LogInit: Base Directory: C:/Program Files/Epic Games/UE_4.27/Engine/Binaries/Win64/
[2026-05-13T03:51:47.2920508-07:00] [pid=15828] LogInit: Allocator: TBB
[2026-05-13T03:51:47.2920508-07:00] [pid=15828] LogInit: Installed Engine Build: 1
[2026-05-13T03:51:47.2920508-07:00] [pid=15828] LogDevObjectVersion: Number of dev versions registered: 29
[2026-05-13T03:51:47.2930519-07:00] [pid=15828] LogDevObjectVersion:   Dev-Blueprints (B0D832E4-1F89-4F0D-ACCF-7EB736FD4AA2): 10
[2026-05-13T03:51:47.2930519-07:00] [pid=15828] LogDevObjectVersion:   Dev-Build (E1C64328-A22C-4D53-A36C-8E866417BD8C): 0
[2026-05-13T03:51:47.2930519-07:00] [pid=15828] LogDevObjectVersion:   Dev-Core (375EC13C-06E4-48FB-B500-84F0262A717E): 4
[2026-05-13T03:51:47.2930519-07:00] [pid=15828] LogDevObjectVersion:   Dev-Editor (E4B068ED-F494-42E9-A231-DA0B2E46BB41): 40
[2026-05-13T03:51:47.2930519-07:00] [pid=15828] LogDevObjectVersion:   Dev-Framework (CFFC743F-43B0-4480-9391-14DF171D2073): 37
[2026-05-13T03:51:47.2935561-07:00] [pid=15828] LogDevObjectVersion:   Dev-Mobile (B02B49B5-BB20-44E9-A304-32B752E40360): 3
[2026-05-13T03:51:47.2935561-07:00] [pid=15828] LogDevObjectVersion:   Dev-Networking (A4E4105C-59A1-49B5-A7C5-40C4547EDFEE): 0
[2026-05-13T03:51:47.2935561-07:00] [pid=15828] LogDevObjectVersion:   Dev-Online (39C831C9-5AE6-47DC-9A44-9C173E1C8E7C): 0
[2026-05-13T03:51:47.2935561-07:00] [pid=15828] LogDevObjectVersion:   Dev-Physics (78F01B33-EBEA-4F98-B9B4-84EACCB95AA2): 14
[2026-05-13T03:51:47.2935561-07:00] [pid=15828] LogDevObjectVersion:   Dev-Platform (6631380F-2D4D-43E0-8009-CF276956A95A): 0
[2026-05-13T03:51:47.2935561-07:00] [pid=15828] LogDevObjectVersion:   Dev-Rendering (12F88B9F-8875-4AFC-A67C-D90C383ABD29): 45
[2026-05-13T03:51:47.2935561-07:00] [pid=15828] LogDevObjectVersion:   Dev-Sequencer (7B5AE74C-D270-4C10-A958-57980B212A5A): 13
[2026-05-13T03:51:47.2935561-07:00] [pid=15828] LogDevObjectVersion:   Dev-VR (D7296918-1DD6-4BDD-9DE2-64A83CC13884): 3
[2026-05-13T03:51:47.2935561-07:00] [pid=15828] LogDevObjectVersion:   Dev-LoadTimes (C2A15278-BFE7-4AFE-6C17-90FF531DF755): 1
[2026-05-13T03:51:47.2935561-07:00] [pid=15828] LogDevObjectVersion:   Private-Geometry (6EACA3D4-40EC-4CC1-B786-8BED09428FC5): 3
[2026-05-13T03:51:47.2935561-07:00] [pid=15828] LogDevObjectVersion:   Dev-AnimPhys (29E575DD-E0A3-4627-9D10-D276232CDCEA): 17
[2026-05-13T03:51:47.2935561-07:00] [pid=15828] LogDevObjectVersion:   Dev-Anim (AF43A65D-7FD3-4947-9873-3E8ED9C1BB05): 15
[2026-05-13T03:51:47.2935561-07:00] [pid=15828] LogDevObjectVersion:   Dev-ReflectionCapture (6B266CEC-1EC7-4B8F-A30B-E4D90942FC07): 1
[2026-05-13T03:51:47.2935561-07:00] [pid=15828] LogDevObjectVersion:   Dev-Automation (0DF73D61-A23F-47EA-B727-89E90C41499A): 1
[2026-05-13T03:51:47.2935561-07:00] [pid=15828] LogDevObjectVersion:   FortniteMain (601D1886-AC64-4F84-AA16-D3DE0DEAC7D6): 47
[2026-05-13T03:51:47.2935561-07:00] [pid=15828] LogDevObjectVersion:   FortniteRelease (E7086368-6B23-4C58-8439-1B7016265E91): 1
[2026-05-13T03:51:47.2935561-07:00] [pid=15828] LogDevObjectVersion:   Dev-Enterprise (9DFFBCD6-494F-0158-E221-12823C92A888): 10
[2026-05-13T03:51:47.2945613-07:00] [pid=15828] LogDevObjectVersion:   Dev-Niagara (F2AED0AC-9AFE-416F-8664-AA7FFA26D6FC): 1
[2026-05-13T03:51:47.2945613-07:00] [pid=15828] LogDevObjectVersion:   Dev-Destruction (174F1F0B-B4C6-45A5-B13F-2EE8D0FB917D): 10
[2026-05-13T03:51:47.2945613-07:00] [pid=15828] LogDevObjectVersion:   Dev-Physics-Ext (35F94A83-E258-406C-A318-09F59610247C): 41
[2026-05-13T03:51:47.2945613-07:00] [pid=15828] LogDevObjectVersion:   Dev-PhysicsMaterial-Chaos (B68FC16E-8B1B-42E2-B453-215C058844FE): 1
[2026-05-13T03:51:47.2945613-07:00] [pid=15828] LogDevObjectVersion:   Dev-CineCamera (B2E18506-4273-CFC2-A54E-F4BB758BBA07): 1
[2026-05-13T03:51:47.2945613-07:00] [pid=15828] LogDevObjectVersion:   Dev-VirtualProduction (64F58936-FD1B-42BA-BA96-7289D5D0FA4E): 1
[2026-05-13T03:51:47.2945613-07:00] [pid=15828] LogDevObjectVersion:   Dev-MediaFramework (6F0ED827-A609-4895-9C91-998D90180EA4): 2
[2026-05-13T03:51:47.3000671-07:00] [pid=15828] LogInit: Presizing for max 25165824 objects, including 0 objects not considered by GC, pre-allocating 0 bytes for permanent pool.
[2026-05-13T03:51:47.3000671-07:00] [pid=15828] LogConfig: Applying CVar settings from Section [/Script/Engine.StreamingSettings] File [C:/Users/kapil/OneDrive/Documents/Unreal Projects/testTP/Saved/Config/Windows/Engine.ini]
[2026-05-13T03:51:47.3000671-07:00] [pid=15828] LogConfig: Setting CVar [[s.MinBulkDataSizeForAsyncLoading:131072]]
[2026-05-13T03:51:47.3000671-07:00] [pid=15828] LogConfig: Setting CVar [[s.AsyncLoadingThreadEnabled:0]]
[2026-05-13T03:51:47.3000671-07:00] [pid=15828] LogConfig: Setting CVar [[s.EventDrivenLoaderEnabled:1]]
[2026-05-13T03:51:47.3000671-07:00] [pid=15828] LogConfig: Setting CVar [[s.WarnIfTimeLimitExceeded:0]]
[2026-05-13T03:51:47.3000671-07:00] [pid=15828] LogConfig: Setting CVar [[s.TimeLimitExceededMultiplier:1.5]]
[2026-05-13T03:51:47.3000671-07:00] [pid=15828] LogConfig: Setting CVar [[s.TimeLimitExceededMinTime:0.005]]
[2026-05-13T03:51:47.3000671-07:00] [pid=15828] LogConfig: Setting CVar [[s.UseBackgroundLevelStreaming:1]]
[2026-05-13T03:51:47.3000671-07:00] [pid=15828] LogConfig: Setting CVar [[s.PriorityAsyncLoadingExtraTime:15.0]]
[2026-05-13T03:51:47.3010717-07:00] [pid=15828] LogConfig: Setting CVar [[s.LevelStreamingActorsUpdateTimeLimit:5.0]]
[2026-05-13T03:51:47.3010717-07:00] [pid=15828] LogConfig: Setting CVar [[s.PriorityLevelStreamingActorsUpdateExtraTime:5.0]]
[2026-05-13T03:51:47.3010717-07:00] [pid=15828] LogConfig: Setting CVar [[s.LevelStreamingComponentsRegistrationGranularity:10]]
[2026-05-13T03:51:47.3010717-07:00] [pid=15828] LogConfig: Setting CVar [[s.UnregisterComponentsTimeLimit:1.0]]
[2026-05-13T03:51:47.3020754-07:00] [pid=15828] LogConfig: Setting CVar [[s.LevelStreamingComponentsUnregistrationGranularity:5]]
[2026-05-13T03:51:47.3020754-07:00] [pid=15828] LogConfig: Setting CVar [[s.FlushStreamingOnExit:1]]
[2026-05-13T03:51:47.3050751-07:00] [pid=15828] LogInit: Object subsystem initialized
[2026-05-13T03:51:47.3075835-07:00] [pid=15828] LogConfig: Setting CVar [[con.DebugEarlyDefault:1]]
[2026-05-13T03:51:47.3075835-07:00] [pid=15828] LogConfig: Setting CVar [[r.setres:1280x720]]
[2026-05-13T03:51:47.3075835-07:00] [pid=15828] [2026.05.13-10.51.47:307][  0]LogConfig: Setting CVar [[con.DebugEarlyDefault:1]]
[2026-05-13T03:51:47.3075835-07:00] [pid=15828] [2026.05.13-10.51.47:307][  0]LogConfig: Setting CVar [[r.setres:1280x720]]
[2026-05-13T03:51:47.3075835-07:00] [pid=15828] [2026.05.13-10.51.47:307][  0]LogConfig: Applying CVar settings from Section [/Script/Engine.RendererSettings] File [C:/Users/kapil/OneDrive/Documents/Unreal Projects/testTP/Saved/Config/Windows/Engine.ini]
[2026-05-13T03:51:47.3075835-07:00] [pid=15828] [2026.05.13-10.51.47:307][  0]LogConfig: Setting CVar [[r.GPUCrashDebugging:0]]
[2026-05-13T03:51:47.3075835-07:00] [pid=15828] [2026.05.13-10.51.47:307][  0]LogConfig: Applying CVar settings from Section [/Script/Engine.RendererOverrideSettings] File [C:/Users/kapil/OneDrive/Documents/Unreal Projects/testTP/Saved/Config/Windows/Engine.ini]
[2026-05-13T03:51:47.3075835-07:00] [pid=15828] [2026.05.13-10.51.47:307][  0]LogConfig: Applying CVar settings from Section [/Script/Engine.StreamingSettings] File [C:/Users/kapil/OneDrive/Documents/Unreal Projects/testTP/Saved/Config/Windows/Engine.ini]
[2026-05-13T03:51:47.3075835-07:00] [pid=15828] [2026.05.13-10.51.47:307][  0]LogConfig: Setting CVar [[s.MinBulkDataSizeForAsyncLoading:131072]]
[2026-05-13T03:51:47.3075835-07:00] [pid=15828] [2026.05.13-10.51.47:307][  0]LogConfig: Setting CVar [[s.AsyncLoadingThreadEnabled:0]]
[2026-05-13T03:51:47.3085832-07:00] [pid=15828] [2026.05.13-10.51.47:307][  0]LogConfig: Setting CVar [[s.EventDrivenLoaderEnabled:1]]
[2026-05-13T03:51:47.3085832-07:00] [pid=15828] [2026.05.13-10.51.47:307][  0]LogConfig: Setting CVar [[s.WarnIfTimeLimitExceeded:0]]
[2026-05-13T03:51:47.3085832-07:00] [pid=15828] [2026.05.13-10.51.47:308][  0]LogConfig: Setting CVar [[s.TimeLimitExceededMultiplier:1.5]]
[2026-05-13T03:51:47.3085832-07:00] [pid=15828] [2026.05.13-10.51.47:308][  0]LogConfig: Setting CVar [[s.TimeLimitExceededMinTime:0.005]]
[2026-05-13T03:51:47.3085832-07:00] [pid=15828] [2026.05.13-10.51.47:308][  0]LogConfig: Setting CVar [[s.UseBackgroundLevelStreaming:1]]
[2026-05-13T03:51:47.3085832-07:00] [pid=15828] [2026.05.13-10.51.47:308][  0]LogConfig: Setting CVar [[s.PriorityAsyncLoadingExtraTime:15.0]]
[2026-05-13T03:51:47.3085832-07:00] [pid=15828] [2026.05.13-10.51.47:308][  0]LogConfig: Setting CVar [[s.LevelStreamingActorsUpdateTimeLimit:5.0]]
[2026-05-13T03:51:47.3085832-07:00] [pid=15828] [2026.05.13-10.51.47:308][  0]LogConfig: Setting CVar [[s.PriorityLevelStreamingActorsUpdateExtraTime:5.0]]
[2026-05-13T03:51:47.3085832-07:00] [pid=15828] [2026.05.13-10.51.47:308][  0]LogConfig: Setting CVar [[s.LevelStreamingComponentsRegistrationGranularity:10]]
[2026-05-13T03:51:47.3085832-07:00] [pid=15828] [2026.05.13-10.51.47:308][  0]LogConfig: Setting CVar [[s.UnregisterComponentsTimeLimit:1.0]]
[2026-05-13T03:51:47.3085832-07:00] [pid=15828] [2026.05.13-10.51.47:308][  0]LogConfig: Setting CVar [[s.LevelStreamingComponentsUnregistrationGranularity:5]]
[2026-05-13T03:51:47.3085832-07:00] [pid=15828] [2026.05.13-10.51.47:308][  0]LogConfig: Setting CVar [[s.FlushStreamingOnExit:1]]
[2026-05-13T03:51:47.3085832-07:00] [pid=15828] [2026.05.13-10.51.47:308][  0]LogConfig: Applying CVar settings from Section [/Script/Engine.GarbageCollectionSettings] File [C:/Users/kapil/OneDrive/Documents/Unreal Projects/testTP/Saved/Config/Windows/Engine.ini]
[2026-05-13T03:51:47.3085832-07:00] [pid=15828] [2026.05.13-10.51.47:308][  0]LogConfig: Setting CVar [[gc.MaxObjectsNotConsideredByGC:1]]
[2026-05-13T03:51:47.3085832-07:00] [pid=15828] [2026.05.13-10.51.47:308][  0]LogConfig: Setting CVar [[gc.SizeOfPermanentObjectPool:0]]
[2026-05-13T03:51:47.3085832-07:00] [pid=15828] [2026.05.13-10.51.47:308][  0]LogConfig: Setting CVar [[gc.FlushStreamingOnGC:0]]
[2026-05-13T03:51:47.3085832-07:00] [pid=15828] [2026.05.13-10.51.47:308][  0]LogConfig: Setting CVar [[gc.NumRetriesBeforeForcingGC:10]]
[2026-05-13T03:51:47.3085832-07:00] [pid=15828] [2026.05.13-10.51.47:308][  0]LogConfig: Setting CVar [[gc.AllowParallelGC:1]]
[2026-05-13T03:51:47.3085832-07:00] [pid=15828] [2026.05.13-10.51.47:308][  0]LogConfig: Setting CVar [[gc.TimeBetweenPurgingPendingKillObjects:61.1]]
[2026-05-13T03:51:47.3095829-07:00] [pid=15828] [2026.05.13-10.51.47:308][  0]LogConfig: Setting CVar [[gc.MaxObjectsInEditor:25165824]]
[2026-05-13T03:51:47.3095829-07:00] [pid=15828] [2026.05.13-10.51.47:309][  0]LogConfig: Setting CVar [[gc.IncrementalBeginDestroyEnabled:1]]
[2026-05-13T03:51:47.3095829-07:00] [pid=15828] [2026.05.13-10.51.47:309][  0]LogConfig: Setting CVar [[gc.CreateGCClusters:1]]
[2026-05-13T03:51:47.3095829-07:00] [pid=15828] [2026.05.13-10.51.47:309][  0]LogConfig: Setting CVar [[gc.MinGCClusterSize:5]]
[2026-05-13T03:51:47.3095829-07:00] [pid=15828] [2026.05.13-10.51.47:309][  0]LogConfig: Setting CVar [[gc.ActorClusteringEnabled:0]]
[2026-05-13T03:51:47.3095829-07:00] [pid=15828] [2026.05.13-10.51.47:309][  0]LogConfig: Setting CVar [[gc.BlueprintClusteringEnabled:0]]
[2026-05-13T03:51:47.3095829-07:00] [pid=15828] [2026.05.13-10.51.47:309][  0]LogConfig: Setting CVar [[gc.UseDisregardForGCOnDedicatedServers:0]]
[2026-05-13T03:51:47.3095829-07:00] [pid=15828] [2026.05.13-10.51.47:309][  0]LogConfig: Setting CVar [[gc.MultithreadedDestructionEnabled:1]]
[2026-05-13T03:51:47.3100855-07:00] [pid=15828] [2026.05.13-10.51.47:309][  0]LogConfig: Applying CVar settings from Section [/Script/Engine.NetworkSettings] File [C:/Users/kapil/OneDrive/Documents/Unreal Projects/testTP/Saved/Config/Windows/Engine.ini]
[2026-05-13T03:51:47.3100855-07:00] [pid=15828] [2026.05.13-10.51.47:309][  0]LogConfig: Applying CVar settings from Section [/Script/UnrealEd.CookerSettings] File [C:/Users/kapil/OneDrive/Documents/Unreal Projects/testTP/Saved/Config/Windows/Engine.ini]
[2026-05-13T03:51:47.3145915-07:00] [pid=15828] [2026.05.13-10.51.47:314][  0]LogConfig: Applying CVar settings from Section [ViewDistanceQuality@3] File [C:/Users/kapil/OneDrive/Documents/Unreal Projects/testTP/Saved/Config/Windows/Scalability.ini]
[2026-05-13T03:51:47.3145915-07:00] [pid=15828] [2026.05.13-10.51.47:314][  0]LogConfig: Setting CVar [[r.SkeletalMeshLODBias:0]]
[2026-05-13T03:51:47.3145915-07:00] [pid=15828] [2026.05.13-10.51.47:314][  0]LogConfig: Setting CVar [[r.ViewDistanceScale:1.0]]
[2026-05-13T03:51:47.3145915-07:00] [pid=15828] [2026.05.13-10.51.47:314][  0]LogConfig: Applying CVar settings from Section [AntiAliasingQuality@3] File [C:/Users/kapil/OneDrive/Documents/Unreal Projects/testTP/Saved/Config/Windows/Scalability.ini]
[2026-05-13T03:51:47.3145915-07:00] [pid=15828] [2026.05.13-10.51.47:314][  0]LogConfig: Setting CVar [[r.PostProcessAAQuality:4]]
[2026-05-13T03:51:47.3145915-07:00] [pid=15828] [2026.05.13-10.51.47:314][  0]LogConfig: Applying CVar settings from Section [ShadowQuality@3] File [C:/Users/kapil/OneDrive/Documents/Unreal Projects/testTP/Saved/Config/Windows/Scalability.ini]
[2026-05-13T03:51:47.3155957-07:00] [pid=15828] [2026.05.13-10.51.47:314][  0]LogConfig: Setting CVar [[r.LightFunctionQuality:1]]
[2026-05-13T03:51:47.3155957-07:00] [pid=15828] [2026.05.13-10.51.47:314][  0]LogConfig: Setting CVar [[r.ShadowQuality:5]]
[2026-05-13T03:51:47.3155957-07:00] [pid=15828] [2026.05.13-10.51.47:315][  0]LogConfig: Setting CVar [[r.Shadow.CSM.MaxCascades:10]]
[2026-05-13T03:51:47.3155957-07:00] [pid=15828] [2026.05.13-10.51.47:315][  0]LogConfig: Setting CVar [[r.Shadow.MaxResolution:2048]]
[2026-05-13T03:51:47.3155957-07:00] [pid=15828] [2026.05.13-10.51.47:315][  0]LogConfig: Setting CVar [[r.Shadow.MaxCSMResolution:2048]]
[2026-05-13T03:51:47.3155957-07:00] [pid=15828] [2026.05.13-10.51.47:315][  0]LogConfig: Setting CVar [[r.Shadow.RadiusThreshold:0.01]]
[2026-05-13T03:51:47.3155957-07:00] [pid=15828] [2026.05.13-10.51.47:315][  0]LogConfig: Setting CVar [[r.Shadow.DistanceScale:1.0]]
[2026-05-13T03:51:47.3155957-07:00] [pid=15828] [2026.05.13-10.51.47:315][  0]LogConfig: Setting CVar [[r.Shadow.CSM.TransitionScale:1.0]]
[2026-05-13T03:51:47.3155957-07:00] [pid=15828] [2026.05.13-10.51.47:315][  0]LogConfig: Setting CVar [[r.Shadow.PreShadowResolutionFactor:1.0]]
[2026-05-13T03:51:47.3155957-07:00] [pid=15828] [2026.05.13-10.51.47:315][  0]LogConfig: Setting CVar [[r.DistanceFieldShadowing:1]]
[2026-05-13T03:51:47.3155957-07:00] [pid=15828] [2026.05.13-10.51.47:315][  0]LogConfig: Setting CVar [[r.DistanceFieldAO:1]]
[2026-05-13T03:51:47.3155957-07:00] [pid=15828] [2026.05.13-10.51.47:315][  0]LogConfig: Setting CVar [[r.AOQuality:2]]
[2026-05-13T03:51:47.3155957-07:00] [pid=15828] [2026.05.13-10.51.47:315][  0]LogConfig: Setting CVar [[r.VolumetricFog:1]]
[2026-05-13T03:51:47.3155957-07:00] [pid=15828] [2026.05.13-10.51.47:315][  0]LogConfig: Setting CVar [[r.VolumetricFog.GridPixelSize:8]]
[2026-05-13T03:51:47.3155957-07:00] [pid=15828] [2026.05.13-10.51.47:315][  0]LogConfig: Setting CVar [[r.VolumetricFog.GridSizeZ:128]]
[2026-05-13T03:51:47.3155957-07:00] [pid=15828] [2026.05.13-10.51.47:315][  0]LogConfig: Setting CVar [[r.VolumetricFog.HistoryMissSupersampleCount:4]]
[2026-05-13T03:51:47.3155957-07:00] [pid=15828] [2026.05.13-10.51.47:315][  0]LogConfig: Setting CVar [[r.LightMaxDrawDistanceScale:1]]
[2026-05-13T03:51:47.3165957-07:00] [pid=15828] [2026.05.13-10.51.47:315][  0]LogConfig: Setting CVar [[r.CapsuleShadows:1]]
[2026-05-13T03:51:47.3165957-07:00] [pid=15828] [2026.05.13-10.51.47:316][  0]LogConfig: Applying CVar settings from Section [PostProcessQuality@3] File [C:/Users/kapil/OneDrive/Documents/Unreal Projects/testTP/Saved/Config/Windows/Scalability.ini]
[2026-05-13T03:51:47.3165957-07:00] [pid=15828] [2026.05.13-10.51.47:316][  0]LogConfig: Setting CVar [[r.MotionBlurQuality:4]]
[2026-05-13T03:51:47.3165957-07:00] [pid=15828] [2026.05.13-10.51.47:316][  0]LogConfig: Setting CVar [[r.AmbientOcclusionMipLevelFactor:0.4]]
[2026-05-13T03:51:47.3165957-07:00] [pid=15828] [2026.05.13-10.51.47:316][  0]LogConfig: Setting CVar [[r.AmbientOcclusionMaxQuality:100]]
[2026-05-13T03:51:47.3165957-07:00] [pid=15828] [2026.05.13-10.51.47:316][  0]LogConfig: Setting CVar [[r.AmbientOcclusionLevels:-1]]
[2026-05-13T03:51:47.3165957-07:00] [pid=15828] [2026.05.13-10.51.47:316][  0]LogConfig: Setting CVar [[r.AmbientOcclusionRadiusScale:1.0]]
[2026-05-13T03:51:47.3165957-07:00] [pid=15828] [2026.05.13-10.51.47:316][  0]LogConfig: Setting CVar [[r.DepthOfFieldQuality:2]]
[2026-05-13T03:51:47.3165957-07:00] [pid=15828] [2026.05.13-10.51.47:316][  0]LogConfig: Setting CVar [[r.RenderTargetPoolMin:400]]
[2026-05-13T03:51:47.3165957-07:00] [pid=15828] [2026.05.13-10.51.47:316][  0]LogConfig: Setting CVar [[r.LensFlareQuality:2]]
[2026-05-13T03:51:47.3165957-07:00] [pid=15828] [2026.05.13-10.51.47:316][  0]LogConfig: Setting CVar [[r.SceneColorFringeQuality:1]]
[2026-05-13T03:51:47.3165957-07:00] [pid=15828] [2026.05.13-10.51.47:316][  0]LogConfig: Setting CVar [[r.EyeAdaptationQuality:2]]
[2026-05-13T03:51:47.3165957-07:00] [pid=15828] [2026.05.13-10.51.47:316][  0]LogConfig: Setting CVar [[r.BloomQuality:5]]
[2026-05-13T03:51:47.3165957-07:00] [pid=15828] [2026.05.13-10.51.47:316][  0]LogConfig: Setting CVar [[r.FastBlurThreshold:100]]
[2026-05-13T03:51:47.3165957-07:00] [pid=15828] [2026.05.13-10.51.47:316][  0]LogConfig: Setting CVar [[r.Upscale.Quality:3]]
[2026-05-13T03:51:47.3175996-07:00] [pid=15828] [2026.05.13-10.51.47:316][  0]LogConfig: Setting CVar [[r.Tonemapper.GrainQuantization:1]]
[2026-05-13T03:51:47.3175996-07:00] [pid=15828] [2026.05.13-10.51.47:316][  0]LogConfig: Setting CVar [[r.LightShaftQuality:1]]
[2026-05-13T03:51:47.3175996-07:00] [pid=15828] [2026.05.13-10.51.47:317][  0]LogConfig: Setting CVar [[r.Filter.SizeScale:1]]
[2026-05-13T03:51:47.3175996-07:00] [pid=15828] [2026.05.13-10.51.47:317][  0]LogConfig: Setting CVar [[r.Tonemapper.Quality:5]]
[2026-05-13T03:51:47.3175996-07:00] [pid=15828] [2026.05.13-10.51.47:317][  0]LogConfig: Setting CVar [[r.DOF.Gather.AccumulatorQuality:1        ; higher gathering accumulator quality]]
[2026-05-13T03:51:47.3175996-07:00] [pid=15828] [2026.05.13-10.51.47:317][  0]LogConfig: Setting CVar [[r.DOF.Gather.PostfilterMethod:1          ; Median3x3 postfilering method]]
[2026-05-13T03:51:47.3175996-07:00] [pid=15828] [2026.05.13-10.51.47:317][  0]LogConfig: Setting CVar [[r.DOF.Gather.EnableBokehSettings:0       ; no bokeh simulation when gathering]]
[2026-05-13T03:51:47.3175996-07:00] [pid=15828] [2026.05.13-10.51.47:317][  0]LogConfig: Setting CVar [[r.DOF.Gather.RingCount:4                 ; medium number of samples when gathering]]
[2026-05-13T03:51:47.3175996-07:00] [pid=15828] [2026.05.13-10.51.47:317][  0]LogConfig: Setting CVar [[r.DOF.Scatter.ForegroundCompositing:1    ; additive foreground scattering]]
[2026-05-13T03:51:47.3175996-07:00] [pid=15828] [2026.05.13-10.51.47:317][  0]LogConfig: Setting CVar [[r.DOF.Scatter.BackgroundCompositing:2    ; additive background scattering]]
[2026-05-13T03:51:47.3175996-07:00] [pid=15828] [2026.05.13-10.51.47:317][  0]LogConfig: Setting CVar [[r.DOF.Scatter.EnableBokehSettings:1      ; bokeh simulation when scattering]]
[2026-05-13T03:51:47.3175996-07:00] [pid=15828] [2026.05.13-10.51.47:317][  0]LogConfig: Setting CVar [[r.DOF.Scatter.MaxSpriteRatio:0.1         ; only a maximum of 10% of scattered bokeh]]
[2026-05-13T03:51:47.3175996-07:00] [pid=15828] [2026.05.13-10.51.47:317][  0]LogConfig: Setting CVar [[r.DOF.Recombine.Quality:1                ; cheap slight out of focus]]
[2026-05-13T03:51:47.3175996-07:00] [pid=15828] [2026.05.13-10.51.47:317][  0]LogConfig: Setting CVar [[r.DOF.Recombine.EnableBokehSettings:0    ; no bokeh simulation on slight out of focus]]
[2026-05-13T03:51:47.3186001-07:00] [pid=15828] [2026.05.13-10.51.47:317][  0]LogConfig: Setting CVar [[r.DOF.TemporalAAQuality:1                ; more stable temporal accumulation]]
[2026-05-13T03:51:47.3186001-07:00] [pid=15828] [2026.05.13-10.51.47:318][  0]LogConfig: Setting CVar [[r.DOF.Kernel.MaxForegroundRadius:0.025]]
[2026-05-13T03:51:47.3186001-07:00] [pid=15828] [2026.05.13-10.51.47:318][  0]LogConfig: Setting CVar [[r.DOF.Kernel.MaxBackgroundRadius:0.025]]
[2026-05-13T03:51:47.3186001-07:00] [pid=15828] [2026.05.13-10.51.47:318][  0]LogConfig: Applying CVar settings from Section [TextureQuality@3] File [C:/Users/kapil/OneDrive/Documents/Unreal Projects/testTP/Saved/Config/Windows/Scalability.ini]
[2026-05-13T03:51:47.3186001-07:00] [pid=15828] [2026.05.13-10.51.47:318][  0]LogConfig: Setting CVar [[r.Streaming.MipBias:0]]
[2026-05-13T03:51:47.3186001-07:00] [pid=15828] [2026.05.13-10.51.47:318][  0]LogConfig: Setting CVar [[r.Streaming.AmortizeCPUToGPUCopy:0]]
[2026-05-13T03:51:47.3186001-07:00] [pid=15828] [2026.05.13-10.51.47:318][  0]LogConfig: Setting CVar [[r.Streaming.MaxNumTexturesToStreamPerFrame:0]]
[2026-05-13T03:51:47.3186001-07:00] [pid=15828] [2026.05.13-10.51.47:318][  0]LogConfig: Setting CVar [[r.Streaming.Boost:1]]
[2026-05-13T03:51:47.3186001-07:00] [pid=15828] [2026.05.13-10.51.47:318][  0]LogConfig: Setting CVar [[r.MaxAnisotropy:8]]
[2026-05-13T03:51:47.3186001-07:00] [pid=15828] [2026.05.13-10.51.47:318][  0]LogConfig: Setting CVar [[r.VT.MaxAnisotropy:8]]
[2026-05-13T03:51:47.3186001-07:00] [pid=15828] [2026.05.13-10.51.47:318][  0]LogConfig: Setting CVar [[r.Streaming.LimitPoolSizeToVRAM:0]]
[2026-05-13T03:51:47.3186001-07:00] [pid=15828] [2026.05.13-10.51.47:318][  0]LogConfig: Setting CVar [[r.Streaming.PoolSize:1000]]
[2026-05-13T03:51:47.3186001-07:00] [pid=15828] [2026.05.13-10.51.47:318][  0]LogConfig: Setting CVar [[r.Streaming.MaxEffectiveScreenSize:0]]
[2026-05-13T03:51:47.3186001-07:00] [pid=15828] [2026.05.13-10.51.47:318][  0]LogConfig: Applying CVar settings from Section [EffectsQuality@3] File [C:/Users/kapil/OneDrive/Documents/Unreal Projects/testTP/Saved/Config/Windows/Scalability.ini]
[2026-05-13T03:51:47.3186001-07:00] [pid=15828] [2026.05.13-10.51.47:318][  0]LogConfig: Setting CVar [[r.TranslucencyLightingVolumeDim:64]]
[2026-05-13T03:51:47.3186001-07:00] [pid=15828] [2026.05.13-10.51.47:318][  0]LogConfig: Setting CVar [[r.RefractionQuality:2]]
[2026-05-13T03:51:47.3195995-07:00] [pid=15828] [2026.05.13-10.51.47:318][  0]LogConfig: Setting CVar [[r.SSR.Quality:3]]
[2026-05-13T03:51:47.3195995-07:00] [pid=15828] [2026.05.13-10.51.47:318][  0]LogConfig: Setting CVar [[r.SSR.HalfResSceneColor:0]]
[2026-05-13T03:51:47.3195995-07:00] [pid=15828] [2026.05.13-10.51.47:319][  0]LogConfig: Setting CVar [[r.SceneColorFormat:4]]
[2026-05-13T03:51:47.3195995-07:00] [pid=15828] [2026.05.13-10.51.47:319][  0]LogConfig: Setting CVar [[r.DetailMode:2]]
[2026-05-13T03:51:47.3195995-07:00] [pid=15828] [2026.05.13-10.51.47:319][  0]LogConfig: Setting CVar [[r.TranslucencyVolumeBlur:1]]
[2026-05-13T03:51:47.3195995-07:00] [pid=15828] [2026.05.13-10.51.47:319][  0]LogConfig: Setting CVar [[r.MaterialQualityLevel:1 ; High quality]]
[2026-05-13T03:51:47.3195995-07:00] [pid=15828] [2026.05.13-10.51.47:319][  0]LogConfig: Setting CVar [[r.AnisotropicMaterials:1]]
[2026-05-13T03:51:47.3195995-07:00] [pid=15828] [2026.05.13-10.51.47:319][  0]LogConfig: Setting CVar [[r.SSS.Scale:1]]
[2026-05-13T03:51:47.3195995-07:00] [pid=15828] [2026.05.13-10.51.47:319][  0]LogConfig: Setting CVar [[r.SSS.SampleSet:2]]
[2026-05-13T03:51:47.3201041-07:00] [pid=15828] [2026.05.13-10.51.47:319][  0]LogConfig: Setting CVar [[r.SSS.Quality:1]]
[2026-05-13T03:51:47.3201041-07:00] [pid=15828] [2026.05.13-10.51.47:320][  0]LogConfig: Setting CVar [[r.SSS.HalfRes:0]]
[2026-05-13T03:51:47.3201041-07:00] [pid=15828] [2026.05.13-10.51.47:320][  0]LogConfig: Setting CVar [[r.SSGI.Quality:3]]
[2026-05-13T03:51:47.3201041-07:00] [pid=15828] [2026.05.13-10.51.47:320][  0]LogConfig: Setting CVar [[r.EmitterSpawnRateScale:1.0]]
[2026-05-13T03:51:47.3201041-07:00] [pid=15828] [2026.05.13-10.51.47:320][  0]LogConfig: Setting CVar [[r.ParticleLightQuality:2]]
[2026-05-13T03:51:47.3201041-07:00] [pid=15828] [2026.05.13-10.51.47:320][  0]LogConfig: Setting CVar [[r.SkyAtmosphere.AerialPerspectiveLUT.FastApplyOnOpaque:1 ; Always have FastSkyLUT 1 in this case to avoid wrong sky]]
[2026-05-13T03:51:47.3201041-07:00] [pid=15828] [2026.05.13-10.51.47:320][  0]LogConfig: Setting CVar [[r.SkyAtmosphere.AerialPerspectiveLUT.SampleCountMaxPerSlice:4]]
[2026-05-13T03:51:47.3201041-07:00] [pid=15828] [2026.05.13-10.51.47:320][  0]LogConfig: Setting CVar [[r.SkyAtmosphere.AerialPerspectiveLUT.DepthResolution:16.0]]
[2026-05-13T03:51:47.3201041-07:00] [pid=15828] [2026.05.13-10.51.47:320][  0]LogConfig: Setting CVar [[r.SkyAtmosphere.FastSkyLUT:1]]
[2026-05-13T03:51:47.3201041-07:00] [pid=15828] [2026.05.13-10.51.47:320][  0]LogConfig: Setting CVar [[r.SkyAtmosphere.FastSkyLUT.SampleCountMin:4.0]]
[2026-05-13T03:51:47.3201041-07:00] [pid=15828] [2026.05.13-10.51.47:320][  0]LogConfig: Setting CVar [[r.SkyAtmosphere.FastSkyLUT.SampleCountMax:128.0]]
[2026-05-13T03:51:47.3201041-07:00] [pid=15828] [2026.05.13-10.51.47:320][  0]LogConfig: Setting CVar [[r.SkyAtmosphere.SampleCountMin:4.0]]
[2026-05-13T03:51:47.3201041-07:00] [pid=15828] [2026.05.13-10.51.47:320][  0]LogConfig: Setting CVar [[r.SkyAtmosphere.SampleCountMax:128.0]]
[2026-05-13T03:51:47.3201041-07:00] [pid=15828] [2026.05.13-10.51.47:320][  0]LogConfig: Setting CVar [[r.SkyAtmosphere.TransmittanceLUT.UseSmallFormat:0]]
[2026-05-13T03:51:47.3201041-07:00] [pid=15828] [2026.05.13-10.51.47:320][  0]LogConfig: Setting CVar [[r.SkyAtmosphere.TransmittanceLUT.SampleCount:10.0]]
[2026-05-13T03:51:47.3201041-07:00] [pid=15828] [2026.05.13-10.51.47:320][  0]LogConfig: Setting CVar [[r.SkyAtmosphere.MultiScatteringLUT.SampleCount:15.0]]
[2026-05-13T03:51:47.3201041-07:00] [pid=15828] [2026.05.13-10.51.47:320][  0]LogConfig: Setting CVar [[r.SkyLight.RealTimeReflectionCapture:1]]
[2026-05-13T03:51:47.3201041-07:00] [pid=15828] [2026.05.13-10.51.47:320][  0]LogConfig: Applying CVar settings from Section [FoliageQuality@3] File [C:/Users/kapil/OneDrive/Documents/Unreal Projects/testTP/Saved/Config/Windows/Scalability.ini]
[2026-05-13T03:51:47.3201041-07:00] [pid=15828] [2026.05.13-10.51.47:320][  0]LogConfig: Setting CVar [[foliage.DensityScale:1.0]]
[2026-05-13T03:51:47.3201041-07:00] [pid=15828] [2026.05.13-10.51.47:320][  0]LogConfig: Setting CVar [[grass.DensityScale:1.0]]
[2026-05-13T03:51:47.3201041-07:00] [pid=15828] [2026.05.13-10.51.47:320][  0]LogConfig: Applying CVar settings from Section [ShadingQuality@3] File [C:/Users/kapil/OneDrive/Documents/Unreal Projects/testTP/Saved/Config/Windows/Scalability.ini]
[2026-05-13T03:51:47.3213075-07:00] [pid=15828] [2026.05.13-10.51.47:320][  0]LogConfig: Setting CVar [[r.HairStrands.SkyLighting.IntegrationType:2]]
[2026-05-13T03:51:47.3213075-07:00] [pid=15828] [2026.05.13-10.51.47:320][  0]LogConfig: Setting CVar [[r.HairStrands.SkyAO.SampleCount:4]]
[2026-05-13T03:51:47.3213075-07:00] [pid=15828] [2026.05.13-10.51.47:321][  0]LogConfig: Setting CVar [[r.HairStrands.Visibility.MSAA.SamplePerPixel:4]]
[2026-05-13T03:51:47.3213075-07:00] [pid=15828] [2026.05.13-10.51.47:321][  0]LogInit: Selected Device Profile: [Windows]
[2026-05-13T03:51:47.3213075-07:00] [pid=15828] [2026.05.13-10.51.47:321][  0]LogInit: Applying CVar settings loaded from the selected device profile: [Windows]
[2026-05-13T03:51:47.3213075-07:00] [pid=15828] [2026.05.13-10.51.47:321][  0]LogHAL: Display: Platform has ~ 16 GB [16849256448 / 17179869184 / 16], which maps to Larger [LargestMinGB=32, LargerMinGB=12, DefaultMinGB=8, SmallerMinGB=6, SmallestMinGB=0)
[2026-05-13T03:51:47.3213075-07:00] [pid=15828] [2026.05.13-10.51.47:321][  0]LogInit: Going up to parent DeviceProfile []
[2026-05-13T03:51:47.3213075-07:00] [pid=15828] [2026.05.13-10.51.47:321][  0]LogConfig: Applying CVar settings from Section [ViewDistanceQuality@3] File [C:/Users/kapil/OneDrive/Documents/Unreal Projects/testTP/Saved/Config/Windows/Scalability.ini]
[2026-05-13T03:51:47.3213075-07:00] [pid=15828] [2026.05.13-10.51.47:321][  0]LogConfig: Setting CVar [[r.SkeletalMeshLODBias:0]]
[2026-05-13T03:51:47.3213075-07:00] [pid=15828] [2026.05.13-10.51.47:321][  0]LogConfig: Setting CVar [[r.ViewDistanceScale:1.0]]
[2026-05-13T03:51:47.3213075-07:00] [pid=15828] [2026.05.13-10.51.47:321][  0]LogConfig: Applying CVar settings from Section [AntiAliasingQuality@3] File [C:/Users/kapil/OneDrive/Documents/Unreal Projects/testTP/Saved/Config/Windows/Scalability.ini]
[2026-05-13T03:51:47.3213075-07:00] [pid=15828] [2026.05.13-10.51.47:321][  0]LogConfig: Setting CVar [[r.PostProcessAAQuality:4]]
[2026-05-13T03:51:47.3213075-07:00] [pid=15828] [2026.05.13-10.51.47:321][  0]LogConfig: Applying CVar settings from Section [ShadowQuality@3] File [C:/Users/kapil/OneDrive/Documents/Unreal Projects/testTP/Saved/Config/Windows/Scalability.ini]
[2026-05-13T03:51:47.3213075-07:00] [pid=15828] [2026.05.13-10.51.47:321][  0]LogConfig: Setting CVar [[r.LightFunctionQuality:1]]
[2026-05-13T03:51:47.3213075-07:00] [pid=15828] [2026.05.13-10.51.47:321][  0]LogConfig: Setting CVar [[r.ShadowQuality:5]]
[2026-05-13T03:51:47.3223138-07:00] [pid=15828] [2026.05.13-10.51.47:321][  0]LogConfig: Setting CVar [[r.Shadow.CSM.MaxCascades:10]]
[2026-05-13T03:51:47.3223138-07:00] [pid=15828] [2026.05.13-10.51.47:322][  0]LogConfig: Setting CVar [[r.Shadow.MaxResolution:2048]]
[2026-05-13T03:51:47.3223138-07:00] [pid=15828] [2026.05.13-10.51.47:322][  0]LogConfig: Setting CVar [[r.Shadow.MaxCSMResolution:2048]]
[2026-05-13T03:51:47.3223138-07:00] [pid=15828] [2026.05.13-10.51.47:322][  0]LogConfig: Setting CVar [[r.Shadow.RadiusThreshold:0.01]]
[2026-05-13T03:51:47.3223138-07:00] [pid=15828] [2026.05.13-10.51.47:322][  0]LogConfig: Setting CVar [[r.Shadow.DistanceScale:1.0]]
[2026-05-13T03:51:47.3223138-07:00] [pid=15828] [2026.05.13-10.51.47:322][  0]LogConfig: Setting CVar [[r.Shadow.CSM.TransitionScale:1.0]]
[2026-05-13T03:51:47.3223138-07:00] [pid=15828] [2026.05.13-10.51.47:322][  0]LogConfig: Setting CVar [[r.Shadow.PreShadowResolutionFactor:1.0]]
[2026-05-13T03:51:47.3223138-07:00] [pid=15828] [2026.05.13-10.51.47:322][  0]LogConfig: Setting CVar [[r.DistanceFieldShadowing:1]]
[2026-05-13T03:51:47.3223138-07:00] [pid=15828] [2026.05.13-10.51.47:322][  0]LogConfig: Setting CVar [[r.DistanceFieldAO:1]]
[2026-05-13T03:51:47.3223138-07:00] [pid=15828] [2026.05.13-10.51.47:322][  0]LogConfig: Setting CVar [[r.AOQuality:2]]
[2026-05-13T03:51:47.3223138-07:00] [pid=15828] [2026.05.13-10.51.47:322][  0]LogConfig: Setting CVar [[r.VolumetricFog:1]]
[2026-05-13T03:51:47.3223138-07:00] [pid=15828] [2026.05.13-10.51.47:322][  0]LogConfig: Setting CVar [[r.VolumetricFog.GridPixelSize:8]]
[2026-05-13T03:51:47.3223138-07:00] [pid=15828] [2026.05.13-10.51.47:322][  0]LogConfig: Setting CVar [[r.VolumetricFog.GridSizeZ:128]]
[2026-05-13T03:51:47.3223138-07:00] [pid=15828] [2026.05.13-10.51.47:322][  0]LogConfig: Setting CVar [[r.VolumetricFog.HistoryMissSupersampleCount:4]]
[2026-05-13T03:51:47.3223138-07:00] [pid=15828] [2026.05.13-10.51.47:322][  0]LogConfig: Setting CVar [[r.LightMaxDrawDistanceScale:1]]
[2026-05-13T03:51:47.3223138-07:00] [pid=15828] [2026.05.13-10.51.47:322][  0]LogConfig: Setting CVar [[r.CapsuleShadows:1]]
[2026-05-13T03:51:47.3223138-07:00] [pid=15828] [2026.05.13-10.51.47:322][  0]LogConfig: Applying CVar settings from Section [PostProcessQuality@3] File [C:/Users/kapil/OneDrive/Documents/Unreal Projects/testTP/Saved/Config/Windows/Scalability.ini]
[2026-05-13T03:51:47.3223138-07:00] [pid=15828] [2026.05.13-10.51.47:322][  0]LogConfig: Setting CVar [[r.MotionBlurQuality:4]]
[2026-05-13T03:51:47.3233138-07:00] [pid=15828] [2026.05.13-10.51.47:322][  0]LogConfig: Setting CVar [[r.AmbientOcclusionMipLevelFactor:0.4]]
[2026-05-13T03:51:47.3233138-07:00] [pid=15828] [2026.05.13-10.51.47:323][  0]LogConfig: Setting CVar [[r.AmbientOcclusionMaxQuality:100]]
[2026-05-13T03:51:47.3233138-07:00] [pid=15828] [2026.05.13-10.51.47:323][  0]LogConfig: Setting CVar [[r.AmbientOcclusionLevels:-1]]
[2026-05-13T03:51:47.3233138-07:00] [pid=15828] [2026.05.13-10.51.47:323][  0]LogConfig: Setting CVar [[r.AmbientOcclusionRadiusScale:1.0]]
[2026-05-13T03:51:47.3233138-07:00] [pid=15828] [2026.05.13-10.51.47:323][  0]LogConfig: Setting CVar [[r.DepthOfFieldQuality:2]]
[2026-05-13T03:51:47.3233138-07:00] [pid=15828] [2026.05.13-10.51.47:323][  0]LogConfig: Setting CVar [[r.RenderTargetPoolMin:400]]
[2026-05-13T03:51:47.3233138-07:00] [pid=15828] [2026.05.13-10.51.47:323][  0]LogConfig: Setting CVar [[r.LensFlareQuality:2]]
[2026-05-13T03:51:47.3233138-07:00] [pid=15828] [2026.05.13-10.51.47:323][  0]LogConfig: Setting CVar [[r.SceneColorFringeQuality:1]]
[2026-05-13T03:51:47.3233138-07:00] [pid=15828] [2026.05.13-10.51.47:323][  0]LogConfig: Setting CVar [[r.EyeAdaptationQuality:2]]
[2026-05-13T03:51:47.3233138-07:00] [pid=15828] [2026.05.13-10.51.47:323][  0]LogConfig: Setting CVar [[r.BloomQuality:5]]
[2026-05-13T03:51:47.3233138-07:00] [pid=15828] [2026.05.13-10.51.47:323][  0]LogConfig: Setting CVar [[r.FastBlurThreshold:100]]
[2026-05-13T03:51:47.3233138-07:00] [pid=15828] [2026.05.13-10.51.47:323][  0]LogConfig: Setting CVar [[r.Upscale.Quality:3]]
[2026-05-13T03:51:47.3233138-07:00] [pid=15828] [2026.05.13-10.51.47:323][  0]LogConfig: Setting CVar [[r.Tonemapper.GrainQuantization:1]]
[2026-05-13T03:51:47.3233138-07:00] [pid=15828] [2026.05.13-10.51.47:323][  0]LogConfig: Setting CVar [[r.LightShaftQuality:1]]
[2026-05-13T03:51:47.3233138-07:00] [pid=15828] [2026.05.13-10.51.47:323][  0]LogConfig: Setting CVar [[r.Filter.SizeScale:1]]
[2026-05-13T03:51:47.3233138-07:00] [pid=15828] [2026.05.13-10.51.47:323][  0]LogConfig: Setting CVar [[r.Tonemapper.Quality:5]]
[2026-05-13T03:51:47.3233138-07:00] [pid=15828] [2026.05.13-10.51.47:323][  0]LogConfig: Setting CVar [[r.DOF.Gather.AccumulatorQuality:1        ; higher gathering accumulator quality]]
[2026-05-13T03:51:47.3243127-07:00] [pid=15828] [2026.05.13-10.51.47:323][  0]LogConfig: Setting CVar [[r.DOF.Gather.PostfilterMethod:1          ; Median3x3 postfilering method]]
[2026-05-13T03:51:47.3243127-07:00] [pid=15828] [2026.05.13-10.51.47:324][  0]LogConfig: Setting CVar [[r.DOF.Gather.EnableBokehSettings:0       ; no bokeh simulation when gathering]]
[2026-05-13T03:51:47.3243127-07:00] [pid=15828] [2026.05.13-10.51.47:324][  0]LogConfig: Setting CVar [[r.DOF.Gather.RingCount:4                 ; medium number of samples when gathering]]
[2026-05-13T03:51:47.3243127-07:00] [pid=15828] [2026.05.13-10.51.47:324][  0]LogConfig: Setting CVar [[r.DOF.Scatter.ForegroundCompositing:1    ; additive foreground scattering]]
[2026-05-13T03:51:47.3243127-07:00] [pid=15828] [2026.05.13-10.51.47:324][  0]LogConfig: Setting CVar [[r.DOF.Scatter.BackgroundCompositing:2    ; additive background scattering]]
[2026-05-13T03:51:47.3243127-07:00] [pid=15828] [2026.05.13-10.51.47:324][  0]LogConfig: Setting CVar [[r.DOF.Scatter.EnableBokehSettings:1      ; bokeh simulation when scattering]]
[2026-05-13T03:51:47.3243127-07:00] [pid=15828] [2026.05.13-10.51.47:324][  0]LogConfig: Setting CVar [[r.DOF.Scatter.MaxSpriteRatio:0.1         ; only a maximum of 10% of scattered bokeh]]
[2026-05-13T03:51:47.3243127-07:00] [pid=15828] [2026.05.13-10.51.47:324][  0]LogConfig: Setting CVar [[r.DOF.Recombine.Quality:1                ; cheap slight out of focus]]
[2026-05-13T03:51:47.3243127-07:00] [pid=15828] [2026.05.13-10.51.47:324][  0]LogConfig: Setting CVar [[r.DOF.Recombine.EnableBokehSettings:0    ; no bokeh simulation on slight out of focus]]
[2026-05-13T03:51:47.3243127-07:00] [pid=15828] [2026.05.13-10.51.47:324][  0]LogConfig: Setting CVar [[r.DOF.TemporalAAQuality:1                ; more stable temporal accumulation]]
[2026-05-13T03:51:47.3243127-07:00] [pid=15828] [2026.05.13-10.51.47:324][  0]LogConfig: Setting CVar [[r.DOF.Kernel.MaxForegroundRadius:0.025]]
[2026-05-13T03:51:47.3243127-07:00] [pid=15828] [2026.05.13-10.51.47:324][  0]LogConfig: Setting CVar [[r.DOF.Kernel.MaxBackgroundRadius:0.025]]
[2026-05-13T03:51:47.3243127-07:00] [pid=15828] [2026.05.13-10.51.47:324][  0]LogConfig: Applying CVar settings from Section [TextureQuality@3] File [C:/Users/kapil/OneDrive/Documents/Unreal Projects/testTP/Saved/Config/Windows/Scalability.ini]
[2026-05-13T03:51:47.3243127-07:00] [pid=15828] [2026.05.13-10.51.47:324][  0]LogConfig: Setting CVar [[r.Streaming.MipBias:0]]
[2026-05-13T03:51:47.3243127-07:00] [pid=15828] [2026.05.13-10.51.47:324][  0]LogConfig: Setting CVar [[r.Streaming.AmortizeCPUToGPUCopy:0]]
[2026-05-13T03:51:47.3243127-07:00] [pid=15828] [2026.05.13-10.51.47:324][  0]LogConfig: Setting CVar [[r.Streaming.MaxNumTexturesToStreamPerFrame:0]]
[2026-05-13T03:51:47.3243127-07:00] [pid=15828] [2026.05.13-10.51.47:324][  0]LogConfig: Setting CVar [[r.Streaming.Boost:1]]
[2026-05-13T03:51:47.3243127-07:00] [pid=15828] [2026.05.13-10.51.47:324][  0]LogConfig: Setting CVar [[r.MaxAnisotropy:8]]
[2026-05-13T03:51:47.3243127-07:00] [pid=15828] [2026.05.13-10.51.47:324][  0]LogConfig: Setting CVar [[r.VT.MaxAnisotropy:8]]
[2026-05-13T03:51:47.3253126-07:00] [pid=15828] [2026.05.13-10.51.47:324][  0]LogConfig: Setting CVar [[r.Streaming.LimitPoolSizeToVRAM:0]]
[2026-05-13T03:51:47.3253126-07:00] [pid=15828] [2026.05.13-10.51.47:324][  0]LogConfig: Setting CVar [[r.Streaming.PoolSize:1000]]
[2026-05-13T03:51:47.3253126-07:00] [pid=15828] [2026.05.13-10.51.47:325][  0]LogConfig: Setting CVar [[r.Streaming.MaxEffectiveScreenSize:0]]
[2026-05-13T03:51:47.3253126-07:00] [pid=15828] [2026.05.13-10.51.47:325][  0]LogConfig: Applying CVar settings from Section [EffectsQuality@3] File [C:/Users/kapil/OneDrive/Documents/Unreal Projects/testTP/Saved/Config/Windows/Scalability.ini]
[2026-05-13T03:51:47.3253126-07:00] [pid=15828] [2026.05.13-10.51.47:325][  0]LogConfig: Setting CVar [[r.TranslucencyLightingVolumeDim:64]]
[2026-05-13T03:51:47.3253126-07:00] [pid=15828] [2026.05.13-10.51.47:325][  0]LogConfig: Setting CVar [[r.RefractionQuality:2]]
[2026-05-13T03:51:47.3253126-07:00] [pid=15828] [2026.05.13-10.51.47:325][  0]LogConfig: Setting CVar [[r.SSR.Quality:3]]
[2026-05-13T03:51:47.3253126-07:00] [pid=15828] [2026.05.13-10.51.47:325][  0]LogConfig: Setting CVar [[r.SSR.HalfResSceneColor:0]]
[2026-05-13T03:51:47.3253126-07:00] [pid=15828] [2026.05.13-10.51.47:325][  0]LogConfig: Setting CVar [[r.SceneColorFormat:4]]
[2026-05-13T03:51:47.3253126-07:00] [pid=15828] [2026.05.13-10.51.47:325][  0]LogConfig: Setting CVar [[r.DetailMode:2]]
[2026-05-13T03:51:47.3253126-07:00] [pid=15828] [2026.05.13-10.51.47:325][  0]LogConfig: Setting CVar [[r.TranslucencyVolumeBlur:1]]
[2026-05-13T03:51:47.3253126-07:00] [pid=15828] [2026.05.13-10.51.47:325][  0]LogConfig: Setting CVar [[r.MaterialQualityLevel:1 ; High quality]]
[2026-05-13T03:51:47.3253126-07:00] [pid=15828] [2026.05.13-10.51.47:325][  0]LogConfig: Setting CVar [[r.AnisotropicMaterials:1]]
[2026-05-13T03:51:47.3253126-07:00] [pid=15828] [2026.05.13-10.51.47:325][  0]LogConfig: Setting CVar [[r.SSS.Scale:1]]
[2026-05-13T03:51:47.3253126-07:00] [pid=15828] [2026.05.13-10.51.47:325][  0]LogConfig: Setting CVar [[r.SSS.SampleSet:2]]
[2026-05-13T03:51:47.3253126-07:00] [pid=15828] [2026.05.13-10.51.47:325][  0]LogConfig: Setting CVar [[r.SSS.Quality:1]]
[2026-05-13T03:51:47.3253126-07:00] [pid=15828] [2026.05.13-10.51.47:325][  0]LogConfig: Setting CVar [[r.SSS.HalfRes:0]]
[2026-05-13T03:51:47.3253126-07:00] [pid=15828] [2026.05.13-10.51.47:325][  0]LogConfig: Setting CVar [[r.SSGI.Quality:3]]
[2026-05-13T03:51:47.3253126-07:00] [pid=15828] [2026.05.13-10.51.47:325][  0]LogConfig: Setting CVar [[r.EmitterSpawnRateScale:1.0]]
[2026-05-13T03:51:47.3253126-07:00] [pid=15828] [2026.05.13-10.51.47:325][  0]LogConfig: Setting CVar [[r.ParticleLightQuality:2]]
[2026-05-13T03:51:47.3253126-07:00] [pid=15828] [2026.05.13-10.51.47:325][  0]LogConfig: Setting CVar [[r.SkyAtmosphere.AerialPerspectiveLUT.FastApplyOnOpaque:1 ; Always have FastSkyLUT 1 in this case to avoid wrong sky]]
[2026-05-13T03:51:47.3253126-07:00] [pid=15828] [2026.05.13-10.51.47:325][  0]LogConfig: Setting CVar [[r.SkyAtmosphere.AerialPerspectiveLUT.SampleCountMaxPerSlice:4]]
[2026-05-13T03:51:47.3253126-07:00] [pid=15828] [2026.05.13-10.51.47:325][  0]LogConfig: Setting CVar [[r.SkyAtmosphere.AerialPerspectiveLUT.DepthResolution:16.0]]
[2026-05-13T03:51:47.3253126-07:00] [pid=15828] [2026.05.13-10.51.47:325][  0]LogConfig: Setting CVar [[r.SkyAtmosphere.FastSkyLUT:1]]
[2026-05-13T03:51:47.3253126-07:00] [pid=15828] [2026.05.13-10.51.47:325][  0]LogConfig: Setting CVar [[r.SkyAtmosphere.FastSkyLUT.SampleCountMin:4.0]]
[2026-05-13T03:51:47.3253126-07:00] [pid=15828] [2026.05.13-10.51.47:325][  0]LogConfig: Setting CVar [[r.SkyAtmosphere.FastSkyLUT.SampleCountMax:128.0]]
[2026-05-13T03:51:47.3253126-07:00] [pid=15828] [2026.05.13-10.51.47:325][  0]LogConfig: Setting CVar [[r.SkyAtmosphere.SampleCountMin:4.0]]
[2026-05-13T03:51:47.3253126-07:00] [pid=15828] [2026.05.13-10.51.47:325][  0]LogConfig: Setting CVar [[r.SkyAtmosphere.SampleCountMax:128.0]]
[2026-05-13T03:51:47.3253126-07:00] [pid=15828] [2026.05.13-10.51.47:325][  0]LogConfig: Setting CVar [[r.SkyAtmosphere.TransmittanceLUT.UseSmallFormat:0]]
[2026-05-13T03:51:47.3268161-07:00] [pid=15828] [2026.05.13-10.51.47:325][  0]LogConfig: Setting CVar [[r.SkyAtmosphere.TransmittanceLUT.SampleCount:10.0]]
[2026-05-13T03:51:47.3268161-07:00] [pid=15828] [2026.05.13-10.51.47:326][  0]LogConfig: Setting CVar [[r.SkyAtmosphere.MultiScatteringLUT.SampleCount:15.0]]
[2026-05-13T03:51:47.3268161-07:00] [pid=15828] [2026.05.13-10.51.47:326][  0]LogConfig: Setting CVar [[r.SkyLight.RealTimeReflectionCapture:1]]
[2026-05-13T03:51:47.3268161-07:00] [pid=15828] [2026.05.13-10.51.47:326][  0]LogConfig: Applying CVar settings from Section [FoliageQuality@3] File [C:/Users/kapil/OneDrive/Documents/Unreal Projects/testTP/Saved/Config/Windows/Scalability.ini]
[2026-05-13T03:51:47.3268161-07:00] [pid=15828] [2026.05.13-10.51.47:326][  0]LogConfig: Setting CVar [[foliage.DensityScale:1.0]]
[2026-05-13T03:51:47.3268161-07:00] [pid=15828] [2026.05.13-10.51.47:326][  0]LogConfig: Setting CVar [[grass.DensityScale:1.0]]
[2026-05-13T03:51:47.3268161-07:00] [pid=15828] [2026.05.13-10.51.47:326][  0]LogConfig: Applying CVar settings from Section [ShadingQuality@3] File [C:/Users/kapil/OneDrive/Documents/Unreal Projects/testTP/Saved/Config/Windows/Scalability.ini]
[2026-05-13T03:51:47.3268161-07:00] [pid=15828] [2026.05.13-10.51.47:326][  0]LogConfig: Setting CVar [[r.HairStrands.SkyLighting.IntegrationType:2]]
[2026-05-13T03:51:47.3268161-07:00] [pid=15828] [2026.05.13-10.51.47:326][  0]LogConfig: Setting CVar [[r.HairStrands.SkyAO.SampleCount:4]]
[2026-05-13T03:51:47.3268161-07:00] [pid=15828] [2026.05.13-10.51.47:326][  0]LogConfig: Setting CVar [[r.HairStrands.Visibility.MSAA.SamplePerPixel:4]]
[2026-05-13T03:51:47.3268161-07:00] [pid=15828] [2026.05.13-10.51.47:326][  0]LogConfig: Applying CVar settings from Section [Startup] File [../../../Engine/Config/ConsoleVariables.ini]
[2026-05-13T03:51:47.3268161-07:00] [pid=15828] [2026.05.13-10.51.47:326][  0]LogConfig: Setting CVar [[net.UseAdaptiveNetUpdateFrequency:0]]
[2026-05-13T03:51:47.3278235-07:00] [pid=15828] [2026.05.13-10.51.47:326][  0]LogConfig: Setting CVar [[p.chaos.AllowCreatePhysxBodies:1]]
[2026-05-13T03:51:47.3278235-07:00] [pid=15828] [2026.05.13-10.51.47:327][  0]LogConfig: Setting CVar [[fx.SkipVectorVMBackendOptimizations:1]]
[2026-05-13T03:51:47.3278235-07:00] [pid=15828] [2026.05.13-10.51.47:327][  0]LogConfig: Applying CVar settings from Section [ConsoleVariables] File [C:/Users/kapil/OneDrive/Documents/Unreal Projects/testTP/Saved/Config/Windows/Engine.ini]
[2026-05-13T03:51:47.3278235-07:00] [pid=15828] [2026.05.13-10.51.47:327][  0]LogConfig: Applying CVar settings from Section [ConsoleVariables] File [C:/Users/kapil/OneDrive/Documents/Unreal Projects/testTP/Saved/Config/Windows/Editor.ini]
[2026-05-13T03:51:47.3278235-07:00] [pid=15828] [2026.05.13-10.51.47:327][  0]LogInit: Computer: IMMERSEDEMOM5
[2026-05-13T03:51:47.3278235-07:00] [pid=15828] [2026.05.13-10.51.47:327][  0]LogInit: User: kapil
[2026-05-13T03:51:47.3278235-07:00] [pid=15828] [2026.05.13-10.51.47:327][  0]LogInit: CPU Page size=4096, Cores=14
[2026-05-13T03:51:47.3278235-07:00] [pid=15828] [2026.05.13-10.51.47:327][  0]LogInit: High frequency timer resolution =10.000000 MHz
[2026-05-13T03:51:47.3278235-07:00] [pid=15828] [2026.05.13-10.51.47:327][  0]LogMemory: Memory total: Physical=15.7GB (16GB approx)
[2026-05-13T03:51:47.3278235-07:00] [pid=15828] [2026.05.13-10.51.47:327][  0]LogMemory: Platform Memory Stats for Windows
[2026-05-13T03:51:47.3278235-07:00] [pid=15828] [2026.05.13-10.51.47:327][  0]LogMemory: Process Physical Memory: 151.06 MB used, 151.06 MB peak
[2026-05-13T03:51:47.3278235-07:00] [pid=15828] [2026.05.13-10.51.47:327][  0]LogMemory: Process Virtual Memory: 125.12 MB used, 125.12 MB peak
[2026-05-13T03:51:47.3278235-07:00] [pid=15828] [2026.05.13-10.51.47:327][  0]LogMemory: Physical Memory: 12377.01 MB used,  3691.69 MB free, 16068.70 MB total
[2026-05-13T03:51:47.3278235-07:00] [pid=15828] [2026.05.13-10.51.47:327][  0]LogMemory: Virtual Memory: 134207032.00 MB used,  10693.79 MB free, 134217728.00 MB total
[2026-05-13T03:51:47.3323404-07:00] [pid=15828] [2026.05.13-10.51.47:332][  0]LogWindows: WindowsPlatformFeatures enabled
[2026-05-13T03:51:47.3688279-07:00] [pid=15828] [2026.05.13-10.51.47:368][  0]LogInit: Physics initialised using underlying interface: PhysX
[2026-05-13T03:51:47.3688279-07:00] [pid=15828] [2026.05.13-10.51.47:368][  0]LogInit: Using OS detected language (en-US).
[2026-05-13T03:51:47.3688279-07:00] [pid=15828] [2026.05.13-10.51.47:368][  0]LogInit: Using OS detected locale (en-US).
[2026-05-13T03:51:47.3743455-07:00] [pid=15828] [2026.05.13-10.51.47:374][  0]LogTextLocalizationManager: No specific localization for 'en-US' exists, so the 'en' localization will be used.
[2026-05-13T03:51:47.5302444-07:00] [pid=15828] [2026.05.13-10.51.47:530][  0]LogWindowsTextInputMethodSystem: Display: IME system deactivated.
[2026-05-13T03:51:47.5422895-07:00] [pid=15828] [2026.05.13-10.51.47:542][  0]LogSlate: New Slate User Created.  User Index 0, Is Virtual User: 0
[2026-05-13T03:51:47.5422895-07:00] [pid=15828] [2026.05.13-10.51.47:542][  0]LogSlate: Slate User Registered.  User Index 0, Is Virtual User: 0
[2026-05-13T03:51:47.5522990-07:00] [pid=15828] [2026.05.13-10.51.47:552][  0]LogD3D11RHI: Loaded GFSDK_Aftermath_Lib.x64.dll
[2026-05-13T03:51:47.5966073-07:00] [pid=15828] [2026.05.13-10.51.47:596][  0]LogHMD: Failed to initialize OpenVR with code 110
[2026-05-13T03:51:47.5966073-07:00] [pid=15828] [2026.05.13-10.51.47:596][  0]LogD3D11RHI: D3D11 min allowed feature level: 11_0
[2026-05-13T03:51:47.5966073-07:00] [pid=15828] [2026.05.13-10.51.47:596][  0]LogD3D11RHI: D3D11 max allowed feature level: 11_0
[2026-05-13T03:51:47.5966073-07:00] [pid=15828] [2026.05.13-10.51.47:596][  0]LogD3D11RHI: D3D11 adapters:
[2026-05-13T03:51:47.7510048-07:00] [pid=15828] [2026.05.13-10.51.47:751][  0]LogD3D11RHI:    0. 'NVIDIA GeForce RTX 4060 Laptop GPU' (Feature Level 11_0)
[2026-05-13T03:51:47.7510048-07:00] [pid=15828] [2026.05.13-10.51.47:751][  0]LogD3D11RHI:       7957/0/8034 MB DedicatedVideo/DedicatedSystem/SharedSystem, Outputs:1, VendorId:0x10de
[2026-05-13T03:51:47.7765671-07:00] [pid=15828] [2026.05.13-10.51.47:776][  0]LogD3D11RHI:    1. 'Intel(R) UHD Graphics' (Feature Level 11_0)
[2026-05-13T03:51:47.7765671-07:00] [pid=15828] [2026.05.13-10.51.47:776][  0]LogD3D11RHI:       128/0/8034 MB DedicatedVideo/DedicatedSystem/SharedSystem, Outputs:0, VendorId:0x8086
[2026-05-13T03:51:47.7795742-07:00] [pid=15828] [2026.05.13-10.51.47:779][  0]LogD3D11RHI:    2. 'Microsoft Basic Render Driver' (Feature Level 11_0)
[2026-05-13T03:51:47.7795742-07:00] [pid=15828] [2026.05.13-10.51.47:779][  0]LogD3D11RHI:       0/0/8034 MB DedicatedVideo/DedicatedSystem/SharedSystem, Outputs:0, VendorId:0x1414
[2026-05-13T03:51:47.7795742-07:00] [pid=15828] [2026.05.13-10.51.47:779][  0]LogD3D11RHI: Chosen D3D11 Adapter:
[2026-05-13T03:51:47.7795742-07:00] [pid=15828] [2026.05.13-10.51.47:779][  0]LogD3D11RHI:     Description : NVIDIA GeForce RTX 4060 Laptop GPU
[2026-05-13T03:51:47.7795742-07:00] [pid=15828] [2026.05.13-10.51.47:779][  0]LogD3D11RHI:     VendorId    : 10de
[2026-05-13T03:51:47.7795742-07:00] [pid=15828] [2026.05.13-10.51.47:779][  0]LogD3D11RHI:     DeviceId    : 28e0
[2026-05-13T03:51:47.7795742-07:00] [pid=15828] [2026.05.13-10.51.47:779][  0]LogD3D11RHI:     SubSysId    : bf81028
[2026-05-13T03:51:47.7795742-07:00] [pid=15828] [2026.05.13-10.51.47:779][  0]LogD3D11RHI:     Revision    : 00a1
[2026-05-13T03:51:47.7800774-07:00] [pid=15828] [2026.05.13-10.51.47:779][  0]LogD3D11RHI:     DedicatedVideoMemory : 8343519232 bytes
[2026-05-13T03:51:47.7800774-07:00] [pid=15828] [2026.05.13-10.51.47:780][  0]LogD3D11RHI:     DedicatedSystemMemory : 0 bytes
[2026-05-13T03:51:47.7800774-07:00] [pid=15828] [2026.05.13-10.51.47:780][  0]LogD3D11RHI:     SharedSystemMemory : 8424628224 bytes
[2026-05-13T03:51:47.7800774-07:00] [pid=15828] [2026.05.13-10.51.47:780][  0]LogD3D11RHI:     AdapterLuid : 0 72942
[2026-05-13T03:51:47.7850850-07:00] [pid=15828] [2026.05.13-10.51.47:785][  0]LogD3D11RHI: Creating new Direct3DDevice
[2026-05-13T03:51:47.7865884-07:00] [pid=15828] [2026.05.13-10.51.47:785][  0]LogD3D11RHI:     GPU DeviceId: 0x28e0 (for the marketing name, search the web for "GPU Device Id")
[2026-05-13T03:51:47.7865884-07:00] [pid=15828] [2026.05.13-10.51.47:786][  0]LogWindows: EnumDisplayDevices:
[2026-05-13T03:51:47.7865884-07:00] [pid=15828] [2026.05.13-10.51.47:786][  0]LogWindows:    0. 'Intel(R) UHD Graphics' (P:1 D:1)
[2026-05-13T03:51:47.7865884-07:00] [pid=15828] [2026.05.13-10.51.47:786][  0]LogWindows:    1. 'Intel(R) UHD Graphics' (P:0 D:0)
[2026-05-13T03:51:47.7865884-07:00] [pid=15828] [2026.05.13-10.51.47:786][  0]LogWindows:    2. 'Intel(R) UHD Graphics' (P:0 D:0)
[2026-05-13T03:51:47.7865884-07:00] [pid=15828] [2026.05.13-10.51.47:786][  0]LogWindows:    3. 'Intel(R) UHD Graphics' (P:0 D:0)
[2026-05-13T03:51:47.7865884-07:00] [pid=15828] [2026.05.13-10.51.47:786][  0]LogWindows:    4. 'NVIDIA GeForce RTX 4060 Laptop GPU' (P:0 D:0)
[2026-05-13T03:51:47.7865884-07:00] [pid=15828] [2026.05.13-10.51.47:786][  0]LogWindows: DebugString: PrimaryIsNotTheChoosenAdapter PrimaryIsNotTheChoosenAdapter PrimaryIsNotTheChoosenAdapter PrimaryIsNotTheChoosenAdapter 
[2026-05-13T03:51:47.7875938-07:00] [pid=15828] [2026.05.13-10.51.47:786][  0]LogD3D11RHI:     Adapter Name: NVIDIA GeForce RTX 4060 Laptop GPU
[2026-05-13T03:51:47.7875938-07:00] [pid=15828] [2026.05.13-10.51.47:787][  0]LogD3D11RHI:   Driver Version: 581.95 (internal:32.0.15.8195, unified:581.95)
[2026-05-13T03:51:47.7875938-07:00] [pid=15828] [2026.05.13-10.51.47:787][  0]LogD3D11RHI:      Driver Date: 11-18-2025
[2026-05-13T03:51:47.7875938-07:00] [pid=15828] [2026.05.13-10.51.47:787][  0]LogRHI: Texture pool is 5569 MB (70% of 7957 MB)
[2026-05-13T03:51:47.7875938-07:00] [pid=15828] [2026.05.13-10.51.47:787][  0]LogD3D11RHI: Creating D3DDevice using adapter:
[2026-05-13T03:51:47.7875938-07:00] [pid=15828] [2026.05.13-10.51.47:787][  0]LogD3D11RHI:     Description : NVIDIA GeForce RTX 4060 Laptop GPU
[2026-05-13T03:51:47.7875938-07:00] [pid=15828] [2026.05.13-10.51.47:787][  0]LogD3D11RHI:     VendorId    : 10de
[2026-05-13T03:51:47.7875938-07:00] [pid=15828] [2026.05.13-10.51.47:787][  0]LogD3D11RHI:     DeviceId    : 28e0
[2026-05-13T03:51:47.7875938-07:00] [pid=15828] [2026.05.13-10.51.47:787][  0]LogD3D11RHI:     SubSysId    : bf81028
[2026-05-13T03:51:47.7875938-07:00] [pid=15828] [2026.05.13-10.51.47:787][  0]LogD3D11RHI:     Revision    : 00a1
[2026-05-13T03:51:47.7885933-07:00] [pid=15828] [2026.05.13-10.51.47:787][  0]LogD3D11RHI:     DedicatedVideoMemory : 8343519232 bytes
[2026-05-13T03:51:47.7885933-07:00] [pid=15828] [2026.05.13-10.51.47:787][  0]LogD3D11RHI:     DedicatedSystemMemory : 0 bytes
[2026-05-13T03:51:47.7885933-07:00] [pid=15828] [2026.05.13-10.51.47:788][  0]LogD3D11RHI:     SharedSystemMemory : 8424628224 bytes
[2026-05-13T03:51:47.7885933-07:00] [pid=15828] [2026.05.13-10.51.47:788][  0]LogD3D11RHI:     AdapterLuid : 0 72942
[2026-05-13T03:51:47.9003168-07:00] [pid=15828] [2026.05.13-10.51.47:899][  0]LogD3D11RHI: RHI has support for 64 bit atomics
[2026-05-13T03:51:47.9003168-07:00] [pid=15828] [2026.05.13-10.51.47:900][  0]LogD3D11RHI: Async texture creation enabled
[2026-05-13T03:51:47.9003168-07:00] [pid=15828] [2026.05.13-10.51.47:900][  0]LogD3D11RHI: Array index from any shader is supported
[2026-05-13T03:51:47.9113424-07:00] [pid=15828] [2026.05.13-10.51.47:911][  0]LogD3D11RHI: GPU Timing Frequency: 1000.000000 (Debug: 2 1)
[2026-05-13T03:51:47.9353908-07:00] [pid=15828] [2026.05.13-10.51.47:935][  0]LogRHI: GeForceNow SDK initialized: 1
[2026-05-13T03:51:48.1277319-07:00] [pid=1456] MacPlatformFactory.RegisterBuildPlatforms: UnrealBuildTool.MacPlatformSDK using manually installed SDK
[2026-05-13T03:51:48.1377466-07:00] [pid=1456] TVOSPlatformFactory.RegisterBuildPlatforms: UnrealBuildTool.IOSPlatformSDK has no valid SDK
[2026-05-13T03:51:48.1402488-07:00] [pid=1456] AndroidPlatformFactory.RegisterBuildPlatforms: UnrealBuildTool.AndroidPlatformSDK has no valid SDK
[2026-05-13T03:51:48.1412516-07:00] [pid=1456] HoloLensPlatformFactory.RegisterBuildPlatforms: UnrealBuildTool.HoloLensPlatformSDK using manually installed SDK
[2026-05-13T03:51:48.1442540-07:00] [pid=1456] IOSPlatformFactory.RegisterBuildPlatforms: UnrealBuildTool.IOSPlatformSDK has no valid SDK
[2026-05-13T03:51:48.1467561-07:00] [pid=1456] LinuxPlatformFactory.RegisterBuildPlatforms: UnrealBuildTool.LinuxPlatformSDK has no valid SDK
[2026-05-13T03:51:48.1477603-07:00] [pid=1456] LuminSDKVersionHelper.HasAnySDK: *** Unable to determine MLSDK location ***
[2026-05-13T03:51:48.1477603-07:00] [pid=1456] LuminSDKVersionHelper.HasAnySDK: *** Unable to determine MLSDK location ***
[2026-05-13T03:51:48.1477603-07:00] [pid=1456] LuminPlatformFactory.RegisterBuildPlatforms: UnrealBuildTool.LuminPlatformSDK has no valid SDK
[2026-05-13T03:51:48.1477603-07:00] [pid=1456] WindowsPlatformFactory.RegisterBuildPlatforms: UnrealBuildTool.WindowsPlatformSDK using manually installed SDK
[2026-05-13T03:51:48.1532675-07:00] [pid=1456] ValidatePlatformsMode.Execute: ##PlatformValidate: Win32 VALID
[2026-05-13T03:51:48.1542677-07:00] [pid=1456] ValidatePlatformsMode.Execute: ##PlatformValidate: Win64 VALID
[2026-05-13T03:51:48.1542677-07:00] [pid=1456] ValidatePlatformsMode.Execute: ##PlatformValidate: HoloLens VALID
[2026-05-13T03:51:48.1542677-07:00] [pid=1456] ValidatePlatformsMode.Execute: ##PlatformValidate: Mac VALID
[2026-05-13T03:51:48.1542677-07:00] [pid=1456] ValidatePlatformsMode.Execute: ##PlatformValidate: XboxOne INVALID
[2026-05-13T03:51:48.1542677-07:00] [pid=1456] ValidatePlatformsMode.Execute: ##PlatformValidate: PS4 INVALID
[2026-05-13T03:51:48.1542677-07:00] [pid=1456] ValidatePlatformsMode.Execute: ##PlatformValidate: IOS INVALID
[2026-05-13T03:51:48.1542677-07:00] [pid=1456] ValidatePlatformsMode.Execute: ##PlatformValidate: Android INVALID
[2026-05-13T03:51:48.1542677-07:00] [pid=1456] ValidatePlatformsMode.Execute: ##PlatformValidate: HTML5 INVALID
[2026-05-13T03:51:48.1542677-07:00] [pid=1456] ValidatePlatformsMode.Execute: ##PlatformValidate: Linux INVALID
[2026-05-13T03:51:48.1542677-07:00] [pid=1456] ValidatePlatformsMode.Execute: ##PlatformValidate: LinuxAArch64 INVALID
[2026-05-13T03:51:48.1542677-07:00] [pid=1456] ValidatePlatformsMode.Execute: ##PlatformValidate: AllDesktop INVALID
[2026-05-13T03:51:48.1542677-07:00] [pid=1456] ValidatePlatformsMode.Execute: ##PlatformValidate: TVOS INVALID
[2026-05-13T03:51:48.1552676-07:00] [pid=1456] ValidatePlatformsMode.Execute: ##PlatformValidate: Switch INVALID
[2026-05-13T03:51:48.1552676-07:00] [pid=1456] ValidatePlatformsMode.Execute: ##PlatformValidate: Lumin INVALID
[2026-05-13T03:51:48.1567698-07:00] [pid=1456] Timeline.Print: Timeline:
[2026-05-13T03:51:48.1567698-07:00] [pid=1456] Timeline.Print: 
[2026-05-13T03:51:48.1567698-07:00] [pid=1456] Timeline.Print: [ 0.000]
[2026-05-13T03:51:48.1587739-07:00] [pid=1456] Timeline.Print: [ 0.016](+0.068) XmlConfig.ReadConfigFiles()
[2026-05-13T03:51:48.1587739-07:00] [pid=1456] Timeline.Print: [ 0.085](+0.000) SingleInstanceMutex.Acquire()
[2026-05-13T03:51:48.1587739-07:00] [pid=1456] Timeline.Print: [ 0.085](+0.050) UEBuildPlatform.RegisterPlatforms()
[2026-05-13T03:51:48.1587739-07:00] [pid=1456] Timeline.Print:   0.085          [ 0.000](+0.023) Initializing InstalledPlatformInfo
[2026-05-13T03:51:48.1587739-07:00] [pid=1456] Timeline.Print:   0.108          [ 0.023](+0.000) Querying types
[2026-05-13T03:51:48.1587739-07:00] [pid=1456] Timeline.Print:   0.109          [ 0.024](+0.012) MacPlatformFactory
[2026-05-13T03:51:48.1587739-07:00] [pid=1456] Timeline.Print:   0.122          [ 0.037](+0.003) TVOSPlatformFactory
[2026-05-13T03:51:48.1587739-07:00] [pid=1456] Timeline.Print:   0.125          [ 0.040](+0.002) AndroidPlatformFactory
[2026-05-13T03:51:48.1587739-07:00] [pid=1456] Timeline.Print:   0.128          [ 0.042](+0.001) HoloLensPlatformFactory
[2026-05-13T03:51:48.1587739-07:00] [pid=1456] Timeline.Print:   0.129          [ 0.044](+0.001) IOSPlatformFactory
[2026-05-13T03:51:48.1587739-07:00] [pid=1456] Timeline.Print:   0.131          [ 0.045](+0.002) LinuxPlatformFactory
[2026-05-13T03:51:48.1587739-07:00] [pid=1456] Timeline.Print:   0.133          [ 0.048](+0.001) LuminPlatformFactory
[2026-05-13T03:51:48.1587739-07:00] [pid=1456] Timeline.Print:   0.134          [ 0.049](+0.000) WindowsPlatformFactory
[2026-05-13T03:51:48.1587739-07:00] [pid=1456] Timeline.Print: [ 0.141](+0.000) FileMetadataPrefetch.Stop()
[2026-05-13T03:51:48.1597740-07:00] [pid=1456] Timeline.Print: [ 0.144]
[2026-05-13T03:51:48.1778485-07:00] [pid=15828] [2026.05.13-10.51.48:177][  0]LogTargetPlatformManager: Display: Loaded TargetPlatform 'WindowsNoEditor'
[2026-05-13T03:51:48.1813608-07:00] [pid=15828] [2026.05.13-10.51.48:181][  0]LogTargetPlatformManager: Display: Loaded TargetPlatform 'Windows'
[2026-05-13T03:51:48.1853659-07:00] [pid=15828] [2026.05.13-10.51.48:185][  0]LogTargetPlatformManager: Display: Loaded TargetPlatform 'WindowsClient'
[2026-05-13T03:51:48.1878795-07:00] [pid=15828] [2026.05.13-10.51.48:187][  0]LogTargetPlatformManager: Display: Loaded TargetPlatform 'WindowsServer'
[2026-05-13T03:51:48.1888787-07:00] [pid=15828] [2026.05.13-10.51.48:187][  0]LogTargetPlatformManager: Display: Building Assets For Windows
[2026-05-13T03:51:48.1943980-07:00] [pid=15828] [2026.05.13-10.51.48:194][  0]LogAudioDebug: Display: Lib vorbis DLL was dynamically loaded.
[2026-05-13T03:51:48.2179697-07:00] [pid=15828] [2026.05.13-10.51.48:217][  0]LogTextureFormatOodle: Display: Oodle Texture 2.9.0 init RDO Off
[2026-05-13T03:51:48.2440430-07:00] [pid=15828] [2026.05.13-10.51.48:244][  0]LogRendererCore: Ray tracing is disabled. Reason: r.RayTracing=0.
[2026-05-13T03:51:48.2440430-07:00] [pid=15828] [2026.05.13-10.51.48:244][  0]LogShaderCompilers: Guid format shader working directory is -26 characters bigger than the processId version (../../../../../../Users/kapil/OneDrive/Documents/Unreal Projects/testTP/Intermediate/Shaders/WorkingDirectory/15828/).
[2026-05-13T03:51:48.2440430-07:00] [pid=15828] [2026.05.13-10.51.48:244][  0]LogShaderCompilers: Cleaned the shader compiler working directory 'C:/Users/kapil/AppData/Local/Temp/UnrealShaderWorkingDir/686A43824C17B7BFF5EBC69E5F86F021/'.
[2026-05-13T03:51:48.2440430-07:00] [pid=15828] [2026.05.13-10.51.48:244][  0]LogXGEController: Cannot use XGE Controller as Incredibuild is not installed on this machine.
[2026-05-13T03:51:48.2440430-07:00] [pid=15828] [2026.05.13-10.51.48:244][  0]LogShaderCompilers: Cannot use XGE Shader Compiler as Incredibuild is not installed on this machine.
[2026-05-13T03:51:48.2440430-07:00] [pid=15828] [2026.05.13-10.51.48:244][  0]LogShaderCompilers: Display: Using Local Shader Compiler.
[2026-05-13T03:51:48.8168198-07:00] [pid=15828] [2026.05.13-10.51.48:816][  0]LogDerivedDataCache: Display: Max Cache Size: 512 MB
[2026-05-13T03:51:48.8699842-07:00] [pid=15828] [2026.05.13-10.51.48:869][  0]LogDerivedDataCache: Loaded boot cache 0.05s 78MB C:/Users/kapil/AppData/Local/UnrealEngine/4.27/DerivedDataCache/Boot.ddc.
[2026-05-13T03:51:48.8699842-07:00] [pid=15828] [2026.05.13-10.51.48:869][  0]LogDerivedDataCache: Display: Loaded Boot cache: C:/Users/kapil/AppData/Local/UnrealEngine/4.27/DerivedDataCache/Boot.ddc
[2026-05-13T03:51:48.8699842-07:00] [pid=15828] [2026.05.13-10.51.48:869][  0]LogDerivedDataCache: FDerivedDataBackendGraph:  Pak pak cache file ../../../../../../Users/kapil/OneDrive/Documents/Unreal Projects/testTP/DerivedDataCache/DDC.ddp not found, will not use a pak cache.
[2026-05-13T03:51:48.8699842-07:00] [pid=15828] [2026.05.13-10.51.48:869][  0]LogDerivedDataCache: Unable to find inner node Pak for hierarchical cache Hierarchy.
[2026-05-13T03:51:48.8699842-07:00] [pid=15828] [2026.05.13-10.51.48:869][  0]LogDerivedDataCache: FDerivedDataBackendGraph:  CompressedPak pak cache file ../../../../../../Users/kapil/OneDrive/Documents/Unreal Projects/testTP/DerivedDataCache/Compressed.ddp not found, will not use a pak cache.
[2026-05-13T03:51:48.8699842-07:00] [pid=15828] [2026.05.13-10.51.48:869][  0]LogDerivedDataCache: Unable to find inner node CompressedPak for hierarchical cache Hierarchy.
[2026-05-13T03:51:48.8830123-07:00] [pid=15828] [2026.05.13-10.51.48:883][  0]LogDerivedDataCache: Display: Pak cache opened for reading ../../../Engine/DerivedDataCache/Compressed.ddp.
[2026-05-13T03:51:48.8830123-07:00] [pid=15828] [2026.05.13-10.51.48:883][  0]LogDerivedDataCache: FDerivedDataBackendGraph:  EnterprisePak pak cache file ../../../Enterprise/DerivedDataCache/Compressed.ddp not found, will not use a pak cache.
[2026-05-13T03:51:48.8830123-07:00] [pid=15828] [2026.05.13-10.51.48:883][  0]LogDerivedDataCache: Unable to find inner node EnterprisePak for hierarchical cache Hierarchy.
[2026-05-13T03:51:48.8900340-07:00] [pid=15828] [2026.05.13-10.51.48:889][  0]LogDerivedDataCache: Speed tests for C:/Users/kapil/AppData/Local/UnrealEngine/Common/DerivedDataCache took 0.01 seconds
[2026-05-13T03:51:48.8900340-07:00] [pid=15828] [2026.05.13-10.51.48:889][  0]LogDerivedDataCache: Display: Performance to C:/Users/kapil/AppData/Local/UnrealEngine/Common/DerivedDataCache: Latency=0.03ms. RandomReadSpeed=1617.69MBs, RandomWriteSpeed=183.16MBs. Assigned SpeedClass 'Local'
[2026-05-13T03:51:48.8910398-07:00] [pid=15828] [2026.05.13-10.51.48:891][  0]LogDerivedDataCache: Using Local data cache path C:/Users/kapil/AppData/Local/UnrealEngine/Common/DerivedDataCache: Writable
[2026-05-13T03:51:48.8910398-07:00] [pid=15828] [2026.05.13-10.51.48:891][  0]LogDerivedDataCache: Shared data cache path not found in *engine.ini, will not use an Shared cache.
[2026-05-13T03:51:48.8920468-07:00] [pid=15828] [2026.05.13-10.51.48:891][  0]LogDerivedDataCache: Unable to find inner node Shared for hierarchical cache Hierarchy.
[2026-05-13T03:51:48.9221496-07:00] [pid=15828] [2026.05.13-10.51.48:922][  0]LogSlate: Using FreeType 2.10.0
[2026-05-13T03:51:48.9221496-07:00] [pid=15828] [2026.05.13-10.51.48:922][  0]LogSlate: SlateFontServices - WITH_FREETYPE: 1, WITH_HARFBUZZ: 1
[2026-05-13T03:51:48.9723163-07:00] [pid=15828] [2026.05.13-10.51.48:972][  0]LogInit: Using OS detected language (en-US).
[2026-05-13T03:51:48.9733153-07:00] [pid=15828] [2026.05.13-10.51.48:972][  0]LogInit: Using OS detected locale (en-US).
[2026-05-13T03:51:48.9733153-07:00] [pid=15828] [2026.05.13-10.51.48:973][  0]LogTextLocalizationManager: No localization for 'en-US' exists, so 'en' will be used for the language.
[2026-05-13T03:51:48.9733153-07:00] [pid=15828] [2026.05.13-10.51.48:973][  0]LogTextLocalizationManager: No localization for 'en-US' exists, so 'en' will be used for the locale.
[2026-05-13T03:51:48.9733153-07:00] [pid=15828] [2026.05.13-10.51.48:973][  0]LogSlate: FontCache flush requested. Reason: Culture for localization was changed
[2026-05-13T03:51:48.9733153-07:00] [pid=15828] [2026.05.13-10.51.48:973][  0]LogSlate: FontCache flush requested. Reason: Culture for localization was changed
[2026-05-13T03:51:48.9753103-07:00] [pid=15828] [2026.05.13-10.51.48:975][  0]LogTextLocalizationManager: Compacting localization data took   0.01ms
[2026-05-13T03:51:48.9753103-07:00] [pid=15828] [2026.05.13-10.51.48:975][  0]LogAssetRegistry: FAssetRegistry took 0.0012 seconds to start up
[2026-05-13T03:51:49.1222435-07:00] [pid=15828] [2026.05.13-10.51.49:122][  0]LogPackageLocalizationCache: Processed 28 localized package path(s) for 1 prioritized culture(s) in 0.033937 seconds
[2026-05-13T03:51:49.1975636-07:00] [pid=15828] [2026.05.13-10.51.49:196][  0]LogInit: Selected Device Profile: [Windows]
[2026-05-13T03:51:49.1975636-07:00] [pid=15828] [2026.05.13-10.51.49:197][  0]LogInit: Active device profile: [00000199AAB83300][0000019992B35800 49] Windows
[2026-05-13T03:51:49.1975636-07:00] [pid=15828] [2026.05.13-10.51.49:197][  0]LogInit: Profiles: [00000199AAB83300][0000019992B35800 49] Windows, [00000199AAB38F00][0000019992B39980 49] WindowsNoEditor, [00000199AAB80F00][00000199A88A3B00 49] WindowsServer, [00000199AAB3AA00][00000199A88A6100 49] WindowsClient, [00000199AAB82900][00000199A88AA280 49] IOS, [00000199AAB39900][00000199A88AE400 49] iPadAir, [00000199AAB81800][00000199A88B2580 49] iPadAir2, [00000199AAACF800][00000199A88BA840 49] IPadPro, [00000199AAACF900][00000199A88B6880 49] iPadAir3, [00000199AAB82200][00000199A88BEA00 49] iPadAir4, [00000199AAACD400][00000199A88C2B80 49] iPadMini2, [00000199AAB83C00][00000199A88C6D00 49] iPadMini3, [00000199AAACE400][00000199A88CAE80 49] iPadMini4, [00000199AAB81100][00000199A88CF000 49] iPadMini5, [00000199AAB1F100][00000199A88D72C0 49] iPhone6, [00000199AAB1F200][00000199A88D3300 49] iPodTouch6, [00000199AAACC600][0000019992B31580 49] iPhone7, [00000199AAACC400][00000199A83735C0 49] iPodTouch7, [00000199AAB1D300][00000199A8377700 49] iPhone5S, [00000199AAACCD00][00000199A837B840 49] iPhone6Plus, [00000199AAB1E500][00000199A83839C0 49] iPhone6S, [00000199AAACFD00][00000199A8387B40 49] iPhone6SPlus, [00000199AAB1FA00][00000199A838A140 49] iPhone7Plus, [00000199AAACD900][00000199A838E2C0 49] iPhoneSE, [00000199AAB1C900][00000199A8392440 49] iPhone8, [00000199AAACE600][00000199A83965C0 49] iPhone8Plus, [00000199AAB1E300][00000199A839A740 49] iPhoneX, [00000199AAACED00][00000199A839E8C0 49] iPhoneXS, [00000199AAB1FB00][00000199A83A2A40 49] iPhoneXSMax, [00000199AAACEA00][00000199A83A6BC0 49] iPhoneXR, [00000199AAB1F700][00000199A83AAD40 49] iPhone11, [00000199AAACF000][00000199A83AEEC0 49] iPhone11Pro, [00000199AAB1D500][00000199A83B3040 49] iPhone11ProMax, [00000199AAACC200][00000199A83B71C0 49] iPhoneSE2, [00000199AAB1CE00][00000199A83BB340 49] iPhone12Mini, [00000199AAACE100][00000199ADDB14C0 49] iPhone12, [00000199AAB1F600][00000199ADDB5640 49] iPhone12Pro, [00000199AAACEE00][00000199A837F780 49] iPhone12ProMax, [00000199AAB1CA00][00000199ADDB98C0 49] iPadPro105, [00000199AAACD300][00000199ADDBDA00 49] iPadPro129, [00000199AAB1D100][00000199ADDC1B40 49] iPadPro97, [00000199AAACF500][00000199ADDC8140 49] iPadPro2_129, [00000199AAB1EC00][00000199ADDCC2C0 49] iPad5, [00000199AAACC900][00000199ADDD0440 49] iPad6, [00000199AAB1D800][00000199ADDD45C0 49] iPad7, [00000199AAACDC00][00000199ADDD8740 49] iPad8, [00000199AAB1DC00][00000199ADDDC8C0 49] iPadPro11, [00000199AAACCB00][00000199ADDE0A40 49] iPadPro2_11, [00000199AAB1E100][00000199ADDE4BC0 49] iPadPro3_129, [00000199AAACE000][00000199ADDE8D40 49] iPadPro4_129, [00000199AAB1E800][00000199ADDECEC0 49] AppleTV, [00000199AAACCC00][00000199ADDF1040 49] AppleTV4K, [00000199AAB1EF00][00000199ADDF51C0 49] TVOS, [00000199AAACCE00][00000199ADDF9340 49] Mac, [00000199AAB1FC00][00000199ADDFD4C0 49] MacClient, [00000199AAACF100][00000199ADE01640 49] MacNoEditor, [00000199AAB1FD00][00000199ADE057C0 49] MacServer, [00000199AAACC300][00000199ADDC5900 49] Linux, [00000199AAB1D600][00000199ADE09A40 49] LinuxAArch64, [00000199AAACD100][00000199ADE0DB80 49] LinuxNoEditor, [00000199AAB3A500][00000199ADE10140 49] LinuxAArch64NoEditor, [00000199AABBA000][00000199ADE182C0 49] LinuxClient, [00000199AAB39A00][00000199ADE1C440 49] LinuxAArch64Client, [00000199AABB9B00][00000199ADE205C0 49] LinuxServer, [00000199AAB3AD00][00000199ADE24740 49] LinuxAArch64Server, [00000199AABB8300][00000199ADE288C0 49] Android, [00000199AAB3A300][00000199ADE2CA40 49] Android_Low, [00000199AABB9C00][00000199ADE30BC0 49] Android_Mid, [00000199AAB39700][00000199ADE34D40 49] Android_High, [00000199AABB8800][00000199ADE38EC0 49] Android_Default, [00000199AAB3B200][00000199ADE3D040 49] Android_Adreno4xx, [00000199AABB9700][00000199ADE411C0 49] Android_Adreno5xx_Low, [00000199AAB3A800][00000199ADE45340 49] Android_Adreno5xx, [00000199AABBA100][00000199ADE494C0 49] Android_Adreno6xx, [00000199AAB38D00][00000199ADE4D640 49] Android_Adreno6xx_Vulkan, [00000199AABBA600][00000199ADE517C0 49] Android_Mali_T6xx, [00000199AAB3AC00][00000199ADE55940 49] Android_Mali_T7xx, [
[2026-05-13T03:51:49.1975636-07:00] [pid=15828] 00000199AABB9D00][00000199ADE59AC0 49] Android_Mali_T8xx, [00000199AAB38500][00000199ADE15C00 49] Android_Mali_G71, [00000199AABB8100][00000199ADE5C1C0 49] Android_Mali_G72, [00000199AAACD600][00000199ADE60300 49] Android_Mali_G72_Vulkan, [00000199AAB1CF00][00000199ADE68480 49] Android_Mali_G76, [00000199AAACD000][00000199ADE6C600 49] Android_Mali_G76_Vulkan, [00000199AAB1DB00][00000199ADE70780 49] Android_Mali_G77, [00000199AAACFE00][00000199ADE74900 49] Android_Mali_G77_Vulkan, [00000199AAB1C700][00000199ADE78A80 49] Android_Mali_G78, [00000199AAACC700][00000199ADE7CC00 49] Android_Mali_G78_Vulkan, [00000199AABB8F00][00000199ADE80D80 49] Android_Mali_G710, [00000199AAACE200][00000199ADE84F00 49] Android_Mali_G710_Vulkan, [00000199AABB8D00][00000199ADE89080 49] Android_Vulkan_SM5, [00000199AAACF600][00000199ADE8D200 49] Android_PowerVR_G6xxx, [00000199AABBA500][00000199ADE91380 49] Android_PowerVR_GT7xxx, [00000199AAACF400][00000199ADE95500 49] Android_PowerVR_GE8xxx, [00000199AABB9300][00000199ADE99680 49] Android_PowerVR_GM9xxx, [00000199AAACE700][00000199ADE9D800 49] Android_PowerVR_GM9xxx_Vulkan, [00000199AABB9500][00000199ADEA1980 49] Android_TegraK1, [00000199AAACD700][00000199ADEA5B00 49] Android_Unknown_Vulkan, [00000199AABB8600][00000199ADEA8100 49] Lumin, [00000199AAACD800][00000199ADE64240 49] Lumin_Desktop, [00000199AABB8B00][00000199ADEAC380 49] HoloLens, 
[2026-05-13T03:51:49.2503171-07:00] [pid=15828] [2026.05.13-10.51.49:250][  0]LogMeshReduction: Using QuadricMeshReduction for automatic static mesh reduction
[2026-05-13T03:51:49.2503171-07:00] [pid=15828] [2026.05.13-10.51.49:250][  0]LogMeshReduction: Using SimplygonMeshReduction for automatic skeletal mesh reduction
[2026-05-13T03:51:49.2503171-07:00] [pid=15828] [2026.05.13-10.51.49:250][  0]LogMeshReduction: Using ProxyLODMeshReduction for automatic mesh merging
[2026-05-13T03:51:49.2513221-07:00] [pid=15828] [2026.05.13-10.51.49:250][  0]LogMeshReduction: No distributed automatic mesh merging module available
[2026-05-13T03:51:49.2513221-07:00] [pid=15828] [2026.05.13-10.51.49:251][  0]LogMeshMerging: No distributed automatic mesh merging module available
[2026-05-13T03:51:49.3674797-07:00] [pid=15828] [2026.05.13-10.51.49:367][  0]LogNetVersion: testTP 1.0.0, NetCL: 17155196, EngineNetVer: 17, GameNetVer: 0 (Checksum: 3966549976)
[2026-05-13T03:51:49.4851071-07:00] [pid=27484] Focus Exec Name: windowsterminal.exe
[2026-05-13T03:51:49.4851071-07:00] [pid=27484] ---> Focus Exec Name: windowsterminal.exe has WS_OVERLAPPEDWINDOW
[2026-05-13T03:51:49.5934579-07:00] [pid=15828] [2026.05.13-10.51.49:593][  0]LogTexture: Default maximum texture size for cubemaps generated from long-lat sources has been changed from 512 to unlimited. In order to preserve old behaiour for '/Engine/MapTemplates/Sky/DaylightAmbientCubemap.DaylightAmbientCubemap', its maximum texture size has been explicitly set to 512.
[2026-05-13T03:51:49.6431178-07:00] [pid=15828] [2026.05.13-10.51.49:643][  0]LogHMD: PokeAHoleMaterial loaded successfully
[2026-05-13T03:51:49.7251372-07:00] [pid=15828] [2026.05.13-10.51.49:725][  0]LogMoviePlayer: Initializing movie player
[2026-05-13T03:51:49.7854196-07:00] [pid=15828] [2026.05.13-10.51.49:785][  0]LogNiagaraDebuggerClient: Niagara Debugger Client Initialized | Session: 3017443548D0725BC9E223BCF92D6548 | Instance: 0982AE3245918953144CD585BCE74B38 (IMMERSEDEMOM5-15828).
[2026-05-13T03:51:49.8019708-07:00] [pid=15828] [2026.05.13-10.51.49:801][  0]LogCollectionManager: Loaded 0 collections in 0.001153 seconds
[2026-05-13T03:51:49.8039712-07:00] [pid=15828] [2026.05.13-10.51.49:803][  0]LogFileCache: Scanning file cache for directory 'C:/Users/kapil/OneDrive/Documents/Unreal Projects/testTP/Saved/Collections/' took 0.00s
[2026-05-13T03:51:49.8039712-07:00] [pid=15828] [2026.05.13-10.51.49:803][  0]LogFileCache: Scanning file cache for directory 'C:/Users/kapil/OneDrive/Documents/Unreal Projects/testTP/Content/Developers/kapil/Collections/' took 0.00s
[2026-05-13T03:51:49.8049707-07:00] [pid=15828] [2026.05.13-10.51.49:803][  0]LogFileCache: Scanning file cache for directory 'C:/Users/kapil/OneDrive/Documents/Unreal Projects/testTP/Content/Collections/' took 0.00s
[2026-05-13T03:51:49.8049707-07:00] [pid=15828] [2026.05.13-10.51.49:804][  0]LogCollectionManager: Fixed up redirectors for 0 collections in 0.000002 seconds (updated 0 objects)
[2026-05-13T03:51:49.8240242-07:00] [pid=15828] [2026.05.13-10.51.49:824][  0]LogPython: Using Python 3.7.7
[2026-05-13T03:51:50.2343717-07:00] [pid=15828] [2026.05.13-10.51.50:234][  0]LogAkAudio: Wwise(R) SDK Version 2019.2.15 Build 7667. Copyright (c) 2006-2019 Audiokinetic Inc.
[2026-05-13T03:51:50.2343717-07:00] [pid=15828] [2026.05.13-10.51.50:234][  0]LogAkAudio: Wwise plug-in DLL path: C:/Users/kapil/OneDrive/Documents/Unreal Projects/testTP/Plugins/Wwise/ThirdParty/x64_vc150/Profile/bin/
[2026-05-13T03:51:50.2353690-07:00] [pid=15828] [2026.05.13-10.51.50:235][  0]LogAkAudio: Wwise remote connection application name: testTP
[2026-05-13T03:51:50.2353690-07:00] [pid=15828] [2026.05.13-10.51.50:235][  0]LogAkAudio: Wwise successfully initialized.
[2026-05-13T03:51:50.2378889-07:00] [pid=15828] <<<_____ ImmerseAudioRenderer _____>>> 
[2026-05-13T03:51:50.2378889-07:00] [pid=15828] RegisterImmerseAudioRendererFX()
[2026-05-13T03:51:50.2378889-07:00] [pid=15828] 
[2026-05-13T03:51:50.2378889-07:00] [pid=15828] <<<_____ ImmerseAudioRenderer _____>>> 
[2026-05-13T03:51:50.2378889-07:00] [pid=15828] CreateImmerseManager
[2026-05-13T03:51:50.2378889-07:00] [pid=15828] 
[2026-05-13T03:51:50.2378889-07:00] [pid=15828] <<<_____ ImmerseAudioRenderer _____>>> 
[2026-05-13T03:51:50.2378889-07:00] [pid=15828] loadAndInitializeImmerseEngine
[2026-05-13T03:51:50.2378889-07:00] [pid=15828] 
[2026-05-13T03:51:50.2398811-07:00] [pid=15828] [EmbodyLOG] May_13_2026 03:51:50.239 line: 457. ___IMMERSEENGINE___ Immerse_SetMemoryInterface inMemoryInterface:000000948A20E140 
[2026-05-13T03:51:50.2398811-07:00] [pid=15828] [EmbodyLOG] May_13_2026 03:51:50.240 line: 466. ___IMMERSEENGINE___ Immerse_SetThreadInterface inThreadInterface:000000948A20E160 
[2026-05-13T03:51:50.2403842-07:00] [pid=15828] [EmbodyLOG] May_13_2026 03:51:50.240 line: 451. ___IMMERSEENGINE___ Immerse_SetStatusCallback inCallback:00007FFFBF5A3D00 inUserData:0000000000000000 
[2026-05-13T03:51:50.2403842-07:00] [pid=15828] [EmbodyLOG] May_13_2026 03:51:50.240 line: 495. ___IMMERSEENGINE___ Immerse_Initialize inImmerseInit:00007FFFBF5D63C0 
[2026-05-13T03:51:50.2403842-07:00] [pid=15828] <<<_____ ImmerseAudioRenderer _____>>> 
[2026-05-13T03:51:50.2403842-07:00] [pid=15828] CreateImmerseAudioRendererFXParams()
[2026-05-13T03:51:50.2403842-07:00] [pid=15828] 
[2026-05-13T03:51:50.2403842-07:00] [pid=15828] <<<_____ ImmerseAudioRenderer _____>>> 
[2026-05-13T03:51:50.2403842-07:00] [pid=15828] WwiseFxNullParams::Init()
[2026-05-13T03:51:50.2403842-07:00] [pid=15828] 
[2026-05-13T03:51:50.2413876-07:00] [pid=15828] [2026.05.13-10.51.50:241][  0]LogAkAudio: Initialization complete.
[2026-05-13T03:51:50.2413876-07:00] [pid=15828] [2026.05.13-10.51.50:241][  0]LogInit: Audiokinetic Audio Device initialized.
[2026-05-13T03:51:50.2423913-07:00] [pid=15828] [EmbodyLOG] May_13_2026 03:51:50.243 line: 373. setLocalDataStorePath: C:\ProgramData\Embody\Immerse Audio Renderer\Tencent\ 
[2026-05-13T03:51:50.2423913-07:00] [pid=15828] [EmbodyLOG] May_13_2026 03:51:50.243 line: 143. ImmerseApiHelper: Immerse Api data path set: C:\ProgramData\Embody\Immerse Audio Renderer\Tencent\. 
[2026-05-13T03:51:50.2457984-07:00] [pid=15828] [EmbodyLOG] May_13_2026 03:51:50.246 line: 73. HpeqHeadsetInterface::Init() - failed to find hpeqAssetPath on filesystem! 
[2026-05-13T03:51:50.2468036-07:00] [pid=15828] [EmbodyLOG] May_13_2026 03:51:50.246 line: 867. ImmerseAudioApiImplBase::InitHpeqData() - failed to initialize hpeq asset data! 
[2026-05-13T03:51:50.2468036-07:00] [pid=15828] [EmbodyLOG] May_13_2026 03:51:50.247 line: 535. ImmerseManager::Initialize() - Failed to initialize HPEQ asset data! 
[2026-05-13T03:51:50.2468036-07:00] [pid=15828] [EmbodyLOG] May_13_2026 03:51:50.247 line: 544. ImmerseManager::Initialize() - failed to load head tracker library! 
[2026-05-13T03:51:50.3109988-07:00] [pid=15828] [2026.05.13-10.51.50:310][  0]SourceControl: Source control is disabled
[2026-05-13T03:51:50.3109988-07:00] [pid=15828] [2026.05.13-10.51.50:310][  0]SourceControl: Source control is disabled
[2026-05-13T03:51:50.3140064-07:00] [pid=15828] [2026.05.13-10.51.50:314][  0]SourceControl: Source control is disabled
[2026-05-13T03:51:50.3230479-07:00] [pid=15828] [2026.05.13-10.51.50:323][  0]LogUProjectInfo: Found projects:
[2026-05-13T03:51:50.3802217-07:00] [pid=15828] [2026.05.13-10.51.50:380][  0]LogOpenImageDenoise: OIDN starting up
[2026-05-13T03:51:50.4088101-07:00] [pid=15828] [2026.05.13-10.51.50:408][  0]LogAndroidPermission: UAndroidPermissionCallbackProxy::GetInstance
[2026-05-13T03:51:50.4268896-07:00] [pid=15828] [2026.05.13-10.51.50:425][  0]LogAudioCaptureCore: Display: No Audio Capture implementations found. Audio input will be silent.
[2026-05-13T03:51:50.4268896-07:00] [pid=15828] [2026.05.13-10.51.50:426][  0]LogAudioCaptureCore: Display: No Audio Capture implementations found. Audio input will be silent.
[2026-05-13T03:51:50.4731140-07:00] [pid=15828] [2026.05.13-10.51.50:473][  0]LogOcInput: OculusInput pre-init called
[2026-05-13T03:51:50.4786149-07:00] [pid=15828] [2026.05.13-10.51.50:478][  0]LogUObjectArray: 22857 objects as part of root set at end of initial load.
[2026-05-13T03:51:50.4786149-07:00] [pid=15828] [2026.05.13-10.51.50:478][  0]LogUObjectAllocator: 6232704 out of 0 bytes used by permanent object pool.
[2026-05-13T03:51:50.4786149-07:00] [pid=15828] [2026.05.13-10.51.50:478][  0]LogUObjectArray: CloseDisregardForGC: 0/0 objects in disregard for GC pool
[2026-05-13T03:51:50.5142394-07:00] [pid=15828] [2026.05.13-10.51.50:514][  0]LogClass: Display: EnumProperty FAkExternalSourceInfo::CodecID is not initialized properly. Module:AkAudio File:Classes/AkGameplayTypes.h
[2026-05-13T03:51:50.5142394-07:00] [pid=15828] [2026.05.13-10.51.50:514][  0]LogClass: Warning: ObjectProperty FAkExternalSourceInfo::ExternalSourceAsset is not initialized properly. Module:AkAudio File:Classes/AkGameplayTypes.h
[2026-05-13T03:51:50.5142394-07:00] [pid=15828] [2026.05.13-10.51.50:514][  0]LogClass: Display: IntProperty FAkChannelMask::ChannelMask is not initialized properly. Module:AkAudio File:Classes/AkGameplayTypes.h
[2026-05-13T03:51:50.5142394-07:00] [pid=15828] [2026.05.13-10.51.50:514][  0]LogClass: Display: BoolProperty FAkPS5AdvancedInitializationSettings::bVorbisHwAcceleration is not initialized properly. Module:AkAudio File:Classes/Platforms/AkPlatform_Pellegrino/AkPS5InitializationSettings.h
[2026-05-13T03:51:50.5152383-07:00] [pid=15828] [2026.05.13-10.51.50:515][  0]LogClass: Display: 4 Uninitialized script struct members found including 1 object properties
[2026-05-13T03:51:50.5152383-07:00] [pid=15828] [2026.05.13-10.51.50:515][  0]LogAutomationTest: Warning: ObjectProperty FAkExternalSourceInfo::ExternalSourceAsset is not initialized properly. Module:AkAudio File:Classes/AkGameplayTypes.h
[2026-05-13T03:51:50.5152383-07:00] [pid=15828] [2026.05.13-10.51.50:515][  0]LogEngine: Initializing Engine...
[2026-05-13T03:51:50.5177431-07:00] [pid=15828] Error [GENERAL |  | OpenXR-Loader] : RuntimeManifestFile::FindManifestFiles - failed to find active runtime file in registry
[2026-05-13T03:51:50.5177431-07:00] [pid=15828] Error [GENERAL | xrEnumerateInstanceExtensionProperties | OpenXR-Loader] : RuntimeInterface::LoadRuntimes - unknown error
[2026-05-13T03:51:50.5177431-07:00] [pid=15828] Error [GENERAL | xrEnumerateInstanceExtensionProperties | OpenXR-Loader] : RuntimeInterface::LoadRuntimes - failed to load a runtime
[2026-05-13T03:51:50.5177431-07:00] [pid=15828] Error [GENERAL | xrEnumerateInstanceExtensionProperties | OpenXR-Loader] : Failed to find default runtime with RuntimeInterface::LoadRuntime()
[2026-05-13T03:51:50.5177431-07:00] [pid=15828] Error [GENERAL | xrEnumerateInstanceExtensionProperties | OpenXR-Loader] : Failed querying extension properties
[2026-05-13T03:51:50.5177431-07:00] [pid=15828] [2026.05.13-10.51.50:517][  0]LogHMD: Failed to enumerate extensions. Please check that you have a valid OpenXR runtime installed.
[2026-05-13T03:51:50.5177431-07:00] [pid=15828] [2026.05.13-10.51.50:517][  0]LogHMD: Failed to initialize OpenVR with code 110
[2026-05-13T03:51:50.5177431-07:00] [pid=15828] [2026.05.13-10.51.50:517][  0]LogMagicLeap: Warning: VR disabled because ZI is not enabled.  To enable, in the editor, Edit -> Project Settings -> Plugins -> Magic Leap Plugin -> Enable Zero Iteration
[2026-05-13T03:51:50.5187430-07:00] [pid=15828] [2026.05.13-10.51.50:518][  0]LogStats: UGameplayTagsManager::InitializeManager -  0.000 s
[2026-05-13T03:51:50.5920268-07:00] [pid=15828] [2026.05.13-10.51.50:592][  0]LogInit: Initializing FReadOnlyCVARCache
[2026-05-13T03:51:50.5920268-07:00] [pid=15828] [2026.05.13-10.51.50:592][  0]LogAudio: Display: Initializing Audio Device Manager...
[2026-05-13T03:51:50.5950277-07:00] [pid=15828] [2026.05.13-10.51.50:595][  0]LogAudio: Display: Loading Default Audio Settings Objects...
[2026-05-13T03:51:50.5950277-07:00] [pid=15828] [2026.05.13-10.51.50:595][  0]LogAudio: Display: No default SoundConcurrencyObject specified (or failed to load).
[2026-05-13T03:51:50.5965327-07:00] [pid=15828] [2026.05.13-10.51.50:596][  0]LogAudio: Display: Audio Device Manager Initialized
[2026-05-13T03:51:50.5965327-07:00] [pid=15828] [2026.05.13-10.51.50:596][  0]LogAudio: Display: Creating Audio Device:                 Id: 1, Scope: Shared, Realtime: True
[2026-05-13T03:51:50.5965327-07:00] [pid=15828] [2026.05.13-10.51.50:596][  0]LogAudioMixer: Display: Audio Mixer Platform Settings:
[2026-05-13T03:51:50.5965327-07:00] [pid=15828] [2026.05.13-10.51.50:596][  0]LogAudioMixer: Display: 	Sample Rate:						  48000
[2026-05-13T03:51:50.5965327-07:00] [pid=15828] [2026.05.13-10.51.50:596][  0]LogAudioMixer: Display: 	Callback Buffer Frame Size Requested: 1024
[2026-05-13T03:51:50.5965327-07:00] [pid=15828] [2026.05.13-10.51.50:596][  0]LogAudioMixer: Display: 	Callback Buffer Frame Size To Use:	  1024
[2026-05-13T03:51:50.5965327-07:00] [pid=15828] [2026.05.13-10.51.50:596][  0]LogAudioMixer: Display: 	Number of buffers to queue:			  2
[2026-05-13T03:51:50.5965327-07:00] [pid=15828] [2026.05.13-10.51.50:596][  0]LogAudioMixer: Display: 	Max Channels (voices):				  32
[2026-05-13T03:51:50.5965327-07:00] [pid=15828] [2026.05.13-10.51.50:596][  0]LogAudioMixer: Display: 	Number of Async Source Workers:		  0
[2026-05-13T03:51:50.5965327-07:00] [pid=15828] [2026.05.13-10.51.50:596][  0]LogAudio: Display: AudioDevice MaxSources: 32
[2026-05-13T03:51:50.5965327-07:00] [pid=15828] [2026.05.13-10.51.50:596][  0]LogAudio: Display: Audio Spatialization Plugin: None (built-in).
[2026-05-13T03:51:50.5965327-07:00] [pid=15828] [2026.05.13-10.51.50:596][  0]LogAudio: Display: Audio Reverb Plugin: None (built-in).
[2026-05-13T03:51:50.5965327-07:00] [pid=15828] [2026.05.13-10.51.50:596][  0]LogAudio: Display: Audio Occlusion Plugin: None (built-in).
[2026-05-13T03:51:50.5965327-07:00] [pid=15828] [2026.05.13-10.51.50:596][  0]LogAudioMixer: Display: Initializing audio mixer.
[2026-05-13T03:51:50.6040503-07:00] [pid=15828] [2026.05.13-10.51.50:604][  0]LogAudioMixer: Display: 0: FrontLeft
[2026-05-13T03:51:50.6040503-07:00] [pid=15828] [2026.05.13-10.51.50:604][  0]LogAudioMixer: Display: 1: FrontRight
[2026-05-13T03:51:50.6161092-07:00] [pid=15828] [2026.05.13-10.51.50:616][  0]LogAudioMixer: Display: Using Audio Device Speakers (2- Realtek(R) Audio)
[2026-05-13T03:51:50.6211323-07:00] [pid=15828] [2026.05.13-10.51.50:621][  0]LogAudioMixer: Display: Initializing Sound Submixes...
[2026-05-13T03:51:50.6221372-07:00] [pid=15828] [2026.05.13-10.51.50:622][  0]LogAudioMixer: Display: Creating Master Submix 'MasterSubmixDefault'
[2026-05-13T03:51:50.6221372-07:00] [pid=15828] [2026.05.13-10.51.50:622][  0]LogAudioMixer: Display: Creating Master Submix 'MasterReverbSubmixDefault'
[2026-05-13T03:51:50.6241371-07:00] [pid=15828] [2026.05.13-10.51.50:623][  0]LogAudioMixer: Display: Creating Master Submix 'MasterEQSubmixDefault'
[2026-05-13T03:51:50.6241371-07:00] [pid=15828] [2026.05.13-10.51.50:624][  0]LogAudioMixer: FMixerPlatformXAudio2::StartAudioStream() called
[2026-05-13T03:51:50.6241371-07:00] [pid=15828] [2026.05.13-10.51.50:624][  0]LogAudioMixer: Display: Output buffers initialized: Frames=1024, Channels=2, Samples=2048
[2026-05-13T03:51:50.6241371-07:00] [pid=15828] [2026.05.13-10.51.50:624][  0]LogAudioMixer: Display: Starting AudioMixerPlatformInterface::RunInternal()
[2026-05-13T03:51:50.6251380-07:00] [pid=15828] [2026.05.13-10.51.50:624][  0]LogAudioMixer: Display: FMixerPlatformXAudio2::SubmitBuffer() called for the first time
[2026-05-13T03:51:50.6251380-07:00] [pid=15828] [2026.05.13-10.51.50:624][  0]LogInit: FAudioDevice initialized.
[2026-05-13T03:51:50.6251380-07:00] [pid=15828] [2026.05.13-10.51.50:625][  0]LogNetVersion: Set ProjectVersion to 1.0.0.0. Version Checksum will be recalculated on next use.
[2026-05-13T03:51:50.6678401-07:00] [pid=15828] [2026.05.13-10.51.50:667][  0]LogDerivedDataCache: Saved boot cache 0.04s 78MB C:/Users/kapil/AppData/Local/UnrealEngine/4.27/DerivedDataCache/Boot.ddc.
[2026-05-13T03:51:50.6698345-07:00] [pid=15828] [2026.05.13-10.51.50:669][  0]LogInit: Texture streaming: Enabled
[2026-05-13T03:51:50.7184907-07:00] [pid=15828] [2026.05.13-10.51.50:718][  0]LogAudio: Display: Audio Device (ID: 1) registered with world 'Untitled'.
[2026-05-13T03:51:50.7184907-07:00] [pid=15828] [2026.05.13-10.51.50:718][  0]LogSlate: Updating window title bar state: overlay mode, drag disabled, window buttons hidden, title bar hidden
[2026-05-13T03:51:50.7194921-07:00] [pid=15828] [2026.05.13-10.51.50:719][  0]LogInit: Display: Game Engine Initialized.
[2026-05-13T03:51:50.7194921-07:00] [pid=15828] [2026.05.13-10.51.50:719][  0]LogNiagaraEditor: GEditor isn't valid! Particle reset commands will not work for Niagara components!
[2026-05-13T03:51:50.8067345-07:00] [pid=15828] [2026.05.13-10.51.50:806][  0]LogInit: Display: Starting Game.
[2026-05-13T03:51:50.8067345-07:00] [pid=15828] [2026.05.13-10.51.50:806][  0]LogNet: Browse: /Game/ThirdPersonBP/Maps/ThirdPersonExampleMap?Name=Player
[2026-05-13T03:51:50.8067345-07:00] [pid=15828] [2026.05.13-10.51.50:806][  0]LogLoad: LoadMap: /Game/ThirdPersonBP/Maps/ThirdPersonExampleMap?Name=Player
[2026-05-13T03:51:50.8067345-07:00] [pid=15828] [2026.05.13-10.51.50:806][  0]LogWorld: BeginTearingDown for /Temp/Untitled_0
[2026-05-13T03:51:50.8077420-07:00] [pid=15828] [2026.05.13-10.51.50:807][  0]LogWorld: UWorld::CleanupWorld for Untitled, bSessionEnded=true, bCleanupResources=true
[2026-05-13T03:51:50.8077420-07:00] [pid=15828] [2026.05.13-10.51.50:807][  0]LogSlate: InvalidateAllWidgets triggered.  All widgets were invalidated
[2026-05-13T03:51:50.8112479-07:00] [pid=15828] [2026.05.13-10.51.50:811][  0]LogAudio: Display: Audio Device unregistered from world 'None'.
[2026-05-13T03:51:50.8132513-07:00] [pid=15828] [2026.05.13-10.51.50:813][  0]LogUObjectHash: Compacting FUObjectHashTables data took   0.51ms
[2026-05-13T03:51:50.9902001-07:00] [pid=15828] [2026.05.13-10.51.50:990][  0]LogAudio: Display: Audio Device (ID: 1) registered with world 'ThirdPersonExampleMap'.
[2026-05-13T03:51:50.9952096-07:00] [pid=15828] [2026.05.13-10.51.50:995][  0]LogAIModule: Creating AISystem for world ThirdPersonExampleMap
[2026-05-13T03:51:50.9987332-07:00] [pid=15828] [2026.05.13-10.51.50:998][  0]LogLoad: Game class is 'ThirdPersonGameMode_C'
[2026-05-13T03:51:51.0012355-07:00] [pid=15828] [2026.05.13-10.51.51:001][  0]LogWorld: Bringing World /Game/ThirdPersonBP/Maps/ThirdPersonExampleMap.ThirdPersonExampleMap up for play (max tick rate 0) at 2026.05.13-03.51.51
[2026-05-13T03:51:51.0012355-07:00] [pid=15828] [2026.05.13-10.51.51:001][  0]LogWorld: Bringing up level for play took: 0.002600
[2026-05-13T03:51:51.0032407-07:00] [pid=15828] [2026.05.13-10.51.51:003][  0]LogTemp: Display: [ImmerseStress] Ready. Defaults: event=SwordHits bus=7p1p4 shareset=Immerse_Audio_Renderer_(Custom)
[2026-05-13T03:51:51.0032407-07:00] [pid=15828] [2026.05.13-10.51.51:003][  0]LogTemp: Display: [ImmerseStress] IMMERSE_USER_ID env=kevin_tencenttest1_emb | IMMERSE_USERID= | IMMERSE_USER=
[2026-05-13T03:51:51.0032407-07:00] [pid=15828] [2026.05.13-10.51.51:003][  0]LogTemp: Display: [testTP] Auto-spawned ImmerseStressTestActor into ThirdPersonExampleMap (type=1)
[2026-05-13T03:51:51.0032407-07:00] [pid=15828] [2026.05.13-10.51.51:003][  0]LogLoad: Took 0.196501 seconds to LoadMap(/Game/ThirdPersonBP/Maps/ThirdPersonExampleMap)
[2026-05-13T03:51:51.0269040-07:00] [pid=15828] [2026.05.13-10.51.51:026][  0]LogSlate: Took 0.000248 seconds to synchronously load lazily loaded font '../../../Engine/Content/Slate/Fonts/Roboto-Regular.ttf' (155K)
[2026-05-13T03:51:51.0499229-07:00] [pid=15828] [2026.05.13-10.51.51:049][  0]LogRenderer: Reallocating scene render targets to support 1536x864 Format 10 NumSamples 1 (Frame:1).
[2026-05-13T03:51:51.0504310-07:00] [pid=15828] [2026.05.13-10.51.51:049][  0]LogInit: Display: Engine is initialized. Leaving FEngineLoop::Init()
[2026-05-13T03:51:51.0504310-07:00] [pid=15828] [2026.05.13-10.51.51:050][  0]LogLoad: (Engine Initialization) Total time: 4.82 seconds
[2026-05-13T03:51:51.0504310-07:00] [pid=15828] [2026.05.13-10.51.51:050][  0]LogLoad: (Engine Initialization) Total Blueprint compile time: 0.00 seconds
[2026-05-13T03:51:51.0504310-07:00] [pid=15828] Resizing viewport due to setres change, 1536 x 864
[2026-05-13T03:51:51.0645325-07:00] [pid=15828] [2026.05.13-10.51.51:064][  0]LogContentStreaming: Texture pool size now 1000 MB
[2026-05-13T03:51:51.0665321-07:00] [pid=15828] [2026.05.13-10.51.51:066][  0]LogSlate: InvalidateAllWidgets triggered.  All widgets were invalidated
[2026-05-13T03:51:51.1698554-07:00] [pid=15828] [2026.05.13-10.51.51:169][  0]LogRenderer: Reallocating scene render targets to support 128x128 Format 10 NumSamples 1 (Frame:1).
[2026-05-13T03:51:51.1914410-07:00] [pid=15828] [2026.05.13-10.51.51:191][  0]LogRenderer: Reallocating scene render targets to support 1536x864 Format 10 NumSamples 1 (Frame:2).
[2026-05-13T03:51:51.1969521-07:00] [pid=15828] [2026.05.13-10.51.51:196][  1]LogSlate: Took 0.000154 seconds to synchronously load lazily loaded font '../../../Engine/Content/Slate/Fonts/Roboto-Regular.ttf' (155K)
[2026-05-13T03:51:51.2154906-07:00] [pid=15828] <<<_____ ImmerseAudioRenderer _____>>> 
[2026-05-13T03:51:51.2154906-07:00] [pid=15828] CreateImmerseAudioRendererFX()
[2026-05-13T03:51:51.2154906-07:00] [pid=15828] 
[2026-05-13T03:51:51.2154906-07:00] [pid=15828] <<<_____ ImmerseAudioRenderer _____>>> 
[2026-05-13T03:51:51.2154906-07:00] [pid=15828] Init: this=0000019999CA0080
[2026-05-13T03:51:51.2154906-07:00] [pid=15828] 
[2026-05-13T03:51:51.2154906-07:00] [pid=15828] <<<_____ ImmerseAudioRenderer _____>>> 
[2026-05-13T03:51:51.2154906-07:00] [pid=15828] Init: success this=0000019999CA0080 numChannels=36
[2026-05-13T03:51:51.2154906-07:00] [pid=15828] 
[2026-05-13T03:51:51.2164905-07:00] [pid=15828] [EmbodyLOG] May_13_2026 03:51:51.216 line: 738. ___IMMERSEENGINE___ Immerse_CreateAudioProcessor inChannelConfiguration:5 inInitHrirTuning:0 inInitSpeakerPlacement:0 outAudioProcessor:00000094967DFA90 
[2026-05-13T03:51:51.2174938-07:00] [pid=15828] [EmbodyLOG] May_13_2026 03:51:51.217 line: 251. ImmerseAudioApiImplBase::CreateAudioProcessor: failed to obtain personalized shared decoder kernel - expected behaviour if user is not set! 
[2026-05-13T03:51:51.2340536-07:00] [pid=15828] [EmbodyLOG] May_13_2026 03:51:51.234 line: 376. AudioConfig::GetSHIndices() - invalid channelConfig: 6 
[2026-05-13T03:51:51.2575971-07:00] [pid=15828] [EmbodyLOG] May_13_2026 03:51:51.257 line: 281. AudioConfig::InitializeDecoders: Successfully created shared ambisonic decoder kernel 
[2026-05-13T03:51:51.2585992-07:00] [pid=15828] [EmbodyLOG] May_13_2026 03:51:51.259 line: 269. ImmerseAudioApiImplBase::CreateAudioProcessor: failed to init personalized decoder - expected behaviour if user is not set! 
[2026-05-13T03:51:53.3033888-07:00] [pid=24380] [2026.05.13-10.51.53:303][825]LogRunningAppService: Display: New foreground process [15828] C:/Program Files/Epic Games/UE_4.27/Engine/Binaries/Win64/UE4Editor.exe for app C:/Program Files/Epic Games/UE_4.27/
[2026-05-13T03:51:53.3033888-07:00] [pid=24380] [2026.05.13-10.51.53:303][825]LogRunningAppService: Display: New foreground process [17564] C:/Program Files/Epic Games/UE_4.27/Engine/Binaries/Win64/CrashReportClientEditor.exe for app C:/Program Files/Epic Games/UE_4.27/
[2026-05-13T03:51:53.3033888-07:00] [pid=24380] [2026.05.13-10.51.53:303][825]LogRunningAppService: Display: New foreground app C:/Program Files/Epic Games/UE_4.27/
[2026-05-13T03:51:53.3033888-07:00] [pid=24380] [2026.05.13-10.51.53:303][825]LogRunningAppPresenceHandler: Display: Setting override presence for C:/Program Files/Epic Games/UE_4.27/ (PresenceId=ue)
[2026-05-13T03:51:53.5642063-07:00] [pid=15828] [2026.05.13-10.51.53:564][ 70]LogTemp: Display: [ImmerseStress] REMOTE_HOLD_v1: waiting for go.flag (../../../../../../Users/kapil/OneDrive/Documents/Unreal Projects/testTP/Saved/ImmerseStress/go.flag) retry=1
[2026-05-13T03:51:55.0407805-07:00] [pid=24968] <<<_____ ImmerseAudioRenderer _____>>> 
[2026-05-13T03:51:55.0407805-07:00] [pid=24968] WwiseFxNullParams::Term()
[2026-05-13T03:51:55.0407805-07:00] [pid=24968] 
[2026-05-13T03:51:55.0527752-07:00] [pid=24968] <<<_____ ImmerseAudioRenderer _____>>> 
[2026-05-13T03:51:55.0527752-07:00] [pid=24968] CreateDestroyImmerseManager
[2026-05-13T03:51:55.0527752-07:00] [pid=24968] 
[2026-05-13T03:51:55.0527752-07:00] [pid=24968] <<<_____ ImmerseAudioRenderer _____>>> 
[2026-05-13T03:51:55.0527752-07:00] [pid=24968] DestroyImmerseManager
[2026-05-13T03:51:55.0527752-07:00] [pid=24968] 
[2026-05-13T03:51:55.0917454-07:00] [pid=27484] Focus Exec Name: wwise.exe
[2026-05-13T03:51:55.0917454-07:00] [pid=27484] ---> Focus Exec Name: wwise.exe has WS_OVERLAPPEDWINDOW
[2026-05-13T03:51:55.1037592-07:00] [pid=15828] <<<_____ ImmerseAudioRenderer _____>>> 
[2026-05-13T03:51:55.1037592-07:00] [pid=15828] RegisterImmerseAudioRendererFX()
[2026-05-13T03:51:55.1037592-07:00] [pid=15828] 
[2026-05-13T03:51:55.1037592-07:00] [pid=15828] <<<_____ ImmerseAudioRenderer _____>>> 
[2026-05-13T03:51:55.1037592-07:00] [pid=15828] CreateImmerseManager
[2026-05-13T03:51:55.1037592-07:00] [pid=15828] 
[2026-05-13T03:51:55.1278374-07:00] [pid=15828] <<<_____ ImmerseAudioRenderer _____>>> 
[2026-05-13T03:51:55.1288378-07:00] [pid=15828] CreateImmerseAudioRendererFXParams()
[2026-05-13T03:51:55.1288378-07:00] [pid=15828] 
[2026-05-13T03:51:55.1288378-07:00] [pid=15828] <<<_____ ImmerseAudioRenderer _____>>> 
[2026-05-13T03:51:55.1288378-07:00] [pid=15828] WwiseFxNullParams::Init()
[2026-05-13T03:51:55.1288378-07:00] [pid=15828] 
[2026-05-13T03:51:55.1288378-07:00] [pid=15828] <<<_____ ImmerseAudioRenderer _____>>> 
[2026-05-13T03:51:55.1288378-07:00] [pid=15828] WwiseFxNullParams::SetParam()
[2026-05-13T03:51:55.1288378-07:00] [pid=15828] 
[2026-05-13T03:51:55.1288378-07:00] [pid=15828] <<<_____ ImmerseAudioRenderer _____>>> 
[2026-05-13T03:51:55.1288378-07:00] [pid=15828] WwiseFxNullParams::SetParam()
[2026-05-13T03:51:55.1288378-07:00] [pid=15828] 
[2026-05-13T03:51:55.1288378-07:00] [pid=15828] <<<_____ ImmerseAudioRenderer _____>>> 
[2026-05-13T03:51:55.1288378-07:00] [pid=15828] WwiseFxNullParams::SetParam()
[2026-05-13T03:51:55.1288378-07:00] [pid=15828] 
[2026-05-13T03:51:55.1288378-07:00] [pid=15828] <<<_____ ImmerseAudioRenderer _____>>> 
[2026-05-13T03:51:55.1288378-07:00] [pid=15828] WwiseFxNullParams::SetParam()
[2026-05-13T03:51:55.1288378-07:00] [pid=15828] 
[2026-05-13T03:51:55.1288378-07:00] [pid=15828] <<<_____ ImmerseAudioRenderer _____>>> 
[2026-05-13T03:51:55.1288378-07:00] [pid=15828] WwiseFxNullParams::SetParam()
[2026-05-13T03:51:55.1288378-07:00] [pid=15828] 
[2026-05-13T03:51:55.1288378-07:00] [pid=15828] <<<_____ ImmerseAudioRenderer _____>>> 
[2026-05-13T03:51:55.1288378-07:00] [pid=15828] WwiseFxNullParams::SetParam()
[2026-05-13T03:51:55.1288378-07:00] [pid=15828] 
[2026-05-13T03:51:55.1288378-07:00] [pid=15828] <<<_____ ImmerseAudioRenderer _____>>> 
[2026-05-13T03:51:55.1298392-07:00] [pid=15828] WwiseFxNullParams::SetParam()
[2026-05-13T03:51:55.1298392-07:00] [pid=15828] 
[2026-05-13T03:51:55.1298392-07:00] [pid=15828] <<<_____ ImmerseAudioRenderer _____>>> 
[2026-05-13T03:51:55.1298392-07:00] [pid=15828] WwiseFxNullParams::SetParam()
[2026-05-13T03:51:55.1298392-07:00] [pid=15828] 
[2026-05-13T03:51:55.1298392-07:00] [pid=15828] <<<_____ ImmerseAudioRenderer _____>>> 
[2026-05-13T03:51:55.1298392-07:00] [pid=15828] WwiseFxNullParams::SetParam()
[2026-05-13T03:51:55.1298392-07:00] [pid=15828] 
[2026-05-13T03:51:55.1298392-07:00] [pid=15828] <<<_____ ImmerseAudioRenderer _____>>> 
[2026-05-13T03:51:55.1298392-07:00] [pid=15828] WwiseFxNullParams::ApplyParam()
[2026-05-13T03:51:55.1298392-07:00] [pid=15828] 
[2026-05-13T03:51:55.1298392-07:00] [pid=15828] [EmbodyLOG] May_13_2026 03:51:55.130 line: 649. ___IMMERSEENGINE___ Immerse_SetUserId inUserId:000000948B90EE40 
[2026-05-13T03:51:55.1308298-07:00] [pid=15828] <<<_____ ImmerseAudioRenderer _____>>> 
[2026-05-13T03:51:55.1308298-07:00] [pid=15828] WwiseFxNullParams::ApplyParam()
[2026-05-13T03:51:55.1308298-07:00] [pid=15828] 
[2026-05-13T03:51:55.1308298-07:00] [pid=15828] [EmbodyLOG] May_13_2026 03:51:55.131 line: 673. ___IMMERSEENGINE___ Immerse_EnableImmerse inMode: 0 
[2026-05-13T03:51:55.1308298-07:00] [pid=15828] <<<_____ ImmerseAudioRenderer _____>>> 
[2026-05-13T03:51:55.1308298-07:00] [pid=15828] WwiseFxNullParams::ApplyParam()
[2026-05-13T03:51:55.1308298-07:00] [pid=15828] 
[2026-05-13T03:51:55.1308298-07:00] [pid=15828] [EmbodyLOG] May_13_2026 03:51:55.131 line: 673. ___IMMERSEENGINE___ Immerse_EnableImmerse inMode: 1 
[2026-05-13T03:51:55.1318348-07:00] [pid=15828] <<<_____ ImmerseAudioRenderer _____>>> 
[2026-05-13T03:51:55.1318348-07:00] [pid=15828] WwiseFxNullParams::ApplyParam()
[2026-05-13T03:51:55.1318348-07:00] [pid=15828] 
[2026-05-13T03:51:55.1318348-07:00] [pid=15828] [EmbodyLOG] May_13_2026 03:51:55.131 line: 710. ___IMMERSEENGINE___ Immerse_EnableHPEQ inHeadset: 0 
[2026-05-13T03:51:55.1318348-07:00] [pid=15828] [EmbodyLOG] May_13_2026 03:51:55.131 line: 3460. generateWebAppUrl(): userId: kevin_tencenttest1_emb 
[2026-05-13T03:51:55.1318348-07:00] [pid=15828] <<<_____ ImmerseAudioRenderer _____>>> 
[2026-05-13T03:51:55.1318348-07:00] [pid=15828] WwiseFxNullParams::ApplyParam()
[2026-05-13T03:51:55.1318348-07:00] [pid=15828] 
[2026-05-13T03:51:55.1318348-07:00] [pid=15828] <<<_____ ImmerseAudioRenderer _____>>> 
[2026-05-13T03:51:55.1318348-07:00] [pid=15828] WwiseFxNullParams::ApplyParam()
[2026-05-13T03:51:55.1318348-07:00] [pid=15828] 
[2026-05-13T03:51:55.1318348-07:00] [pid=15828] <<<_____ ImmerseAudioRenderer _____>>> 
[2026-05-13T03:51:55.1318348-07:00] [pid=15828] WwiseFxNullParams::ApplyParam()
[2026-05-13T03:51:55.1318348-07:00] [pid=15828] [EmbodyLOG] May_13_2026 03:51:55.132 line: 759. ___IMMERSEENGINE___ Immerse_SetSpeakerPlacement inSpeakerPlacement:1 
[2026-05-13T03:51:55.1318348-07:00] [pid=15828] 
[2026-05-13T03:51:55.1328419-07:00] [pid=15828] <<<_____ ImmerseAudioRenderer _____>>> 
[2026-05-13T03:51:55.1328419-07:00] [pid=15828] WwiseFxNullParams::ApplyParam()
[2026-05-13T03:51:55.1328419-07:00] [pid=15828] 
[2026-05-13T03:51:55.1328419-07:00] [pid=15828] <<<_____ ImmerseAudioRenderer _____>>> 
[2026-05-13T03:51:55.1328419-07:00] [pid=15828] WwiseFxNullParams::ApplyParam()
[2026-05-13T03:51:55.1328419-07:00] [pid=15828] 
[2026-05-13T03:51:55.1338418-07:00] [pid=15828] <<<_____ ImmerseAudioRenderer _____>>> 
[2026-05-13T03:51:55.1338418-07:00] [pid=15828] Term: this=0000019999CA0080
[2026-05-13T03:51:55.1338418-07:00] [pid=15828] 
[2026-05-13T03:51:55.1338418-07:00] [pid=15828] [EmbodyLOG] May_13_2026 03:51:55.134 line: 752. ___IMMERSEENGINE___ Immerse_DestroyAudioProcessor inAudioProcessor:1 
[2026-05-13T03:51:55.1338418-07:00] [pid=15828] [EmbodyLOG] May_13_2026 03:51:55.134 line: 1316. getLocalSessionID for user: kevin_tencenttest1_emb 06756e30dc6941e7b44b3ad365984a2f 
[2026-05-13T03:51:55.1338418-07:00] [pid=15828] <<<_____ ImmerseAudioRenderer _____>>> 
[2026-05-13T03:51:55.1348409-07:00] [pid=15828] WwiseFxNullParams::Term()
[2026-05-13T03:51:55.1348409-07:00] [pid=15828] 
[2026-05-13T03:51:55.1348409-07:00] [pid=15828] <<<_____ ImmerseAudioRenderer _____>>> 
[2026-05-13T03:51:55.1348409-07:00] [pid=15828] CreateImmerseAudioRendererFX()
[2026-05-13T03:51:55.1348409-07:00] [pid=15828] [EmbodyLOG] May_13_2026 03:51:55.134 line: 3468. generateWebAppUrl(): Query context user id = kevin_tencenttest1_emb 
[2026-05-13T03:51:55.1348409-07:00] [pid=15828] 
[2026-05-13T03:51:55.1348409-07:00] [pid=15828] <<<_____ ImmerseAudioRenderer _____>>> 
[2026-05-13T03:51:55.1348409-07:00] [pid=15828] Init: this=0000019999CA01C0
[2026-05-13T03:51:55.1348409-07:00] [pid=15828] 
[2026-05-13T03:51:55.1348409-07:00] [pid=15828] <<<_____ ImmerseAudioRenderer _____>>> 
[2026-05-13T03:51:55.1348409-07:00] [pid=15828] Init: success this=0000019999CA01C0 numChannels=36
[2026-05-13T03:51:55.1348409-07:00] [pid=15828] [EmbodyLOG] May_13_2026 03:51:55.135 line: 1377. constructWebAppUrl: https://u.embodyvr.io/i/KdMA7jwWrD-S2xRnJ3Ki3Kwz_YQ6-eEjsAi-CKh5ZYjyPPFKLoNXMw**?q=2h04:en 
[2026-05-13T03:51:55.1348409-07:00] [pid=15828] 
[2026-05-13T03:51:55.1358430-07:00] [pid=15828] [EmbodyLOG] May_13_2026 03:51:55.135 line: 3483. generateWebAppUrl(): session url is : https://u.embodyvr.io/i/KdMA7jwWrD-S2xRnJ3Ki3Kwz_YQ6-eEjsAi-CKh5ZYjyPPFKLoNXMw**?q=2h04:en 
[2026-05-13T03:51:55.1368410-07:00] [pid=15828] <<<_____ ImmerseAudioRenderer _____>>> 
[2026-05-13T03:51:55.1368410-07:00] [pid=15828] Term: this=0000019999CA01C0
[2026-05-13T03:51:55.1368410-07:00] [pid=15828] 
[2026-05-13T03:51:55.1368410-07:00] [pid=15828] <<<_____ ImmerseAudioRenderer _____>>> 
[2026-05-13T03:51:55.1368410-07:00] [pid=15828] WwiseFxNullParams::Term()
[2026-05-13T03:51:55.1368410-07:00] [pid=15828] 
[2026-05-13T03:51:55.1438029-07:00] [pid=15828] <<<_____ ImmerseAudioRenderer _____>>> 
[2026-05-13T03:51:55.1438029-07:00] [pid=15828] CreateImmerseAudioRendererFX()
[2026-05-13T03:51:55.1438029-07:00] [pid=15828] 
[2026-05-13T03:51:55.1438029-07:00] [pid=15828] <<<_____ ImmerseAudioRenderer _____>>> 
[2026-05-13T03:51:55.1448029-07:00] [pid=15828] Init: this=0000019999CA0300
[2026-05-13T03:51:55.1448029-07:00] [pid=15828] 
[2026-05-13T03:51:55.1448029-07:00] [pid=15828] <<<_____ ImmerseAudioRenderer _____>>> 
[2026-05-13T03:51:55.1448029-07:00] [pid=15828] Init: success this=0000019999CA0300 numChannels=36
[2026-05-13T03:51:55.1448029-07:00] [pid=15828] 
[2026-05-13T03:51:55.1458042-07:00] [pid=15828] [EmbodyLOG] May_13_2026 03:51:55.146 line: 738. ___IMMERSEENGINE___ Immerse_CreateAudioProcessor inChannelConfiguration:5 inInitHrirTuning:0 inInitSpeakerPlacement:0 outAudioProcessor:000000949735F7C0 
[2026-05-13T03:51:55.1458042-07:00] [pid=15828] [EmbodyLOG] May_13_2026 03:51:55.146 line: 251. ImmerseAudioApiImplBase::CreateAudioProcessor: failed to obtain personalized shared decoder kernel - expected behaviour if user is not set! 
[2026-05-13T03:51:55.1473086-07:00] [pid=15828] [EmbodyLOG] May_13_2026 03:51:55.147 line: 269. ImmerseAudioApiImplBase::CreateAudioProcessor: failed to init personalized decoder - expected behaviour if user is not set! 
[2026-05-13T03:51:55.1517768-07:00] [pid=15828] [EmbodyLOG] May_13_2026 03:51:55.151 line: 1419. calculateLicenseDaysRemaining(): cached=358, elapsed=0, remaining=358 
[2026-05-13T03:51:55.4537374-07:00] [pid=15828] [EmbodyLOG] May_13_2026 03:51:55.453 line: 2042. updateUserData onSetUserId: update user data on set user id 
[2026-05-13T03:51:55.4547354-07:00] [pid=15828] [EmbodyLOG] May_13_2026 03:51:55.454 line: 1316. getLocalSessionID for user: kevin_tencenttest1_emb 06756e30dc6941e7b44b3ad365984a2f 
[2026-05-13T03:51:55.4547354-07:00] [pid=15828] [EmbodyLOG] May_13_2026 03:51:55.455 line: 2060. ImmerseAPI_updateUserData onSetUserId: syncing with server 
[2026-05-13T03:51:55.4562442-07:00] [pid=15828] [EmbodyLOG] May_13_2026 03:51:55.456 line: 1316. getLocalSessionID for user: kevin_tencenttest1_emb 06756e30dc6941e7b44b3ad365984a2f 
[2026-05-13T03:51:55.4572507-07:00] [pid=15828] [EmbodyLOG] May_13_2026 03:51:55.457 line: 3274. getEmbodyData: STATUS_AUTHORIZING StatusCheck session_id: 06756e30dc6941e7b44b3ad365984a2f, immerse_id: v2.2.447, hrtf_id: 1408e0d2eca549feaf2d5631a49ca7d2, img_id: img_1 
[2026-05-13T03:51:55.4572507-07:00] [pid=15828] [EmbodyLOG] May_13_2026 03:51:55.458 line: 3213. usingLocalUserCache: Using local cache for user: SCR license_type: trial, license_days_left: 358, license_expired: 0, isUniversalUser: 0 
[2026-05-13T03:51:55.4582509-07:00] [pid=15828] [EmbodyLOG] May_13_2026 03:51:55.458 line: 3232. updateUMWHPEQSelection() - updated headsetId: 18446744073709551615 
[2026-05-13T03:51:55.4582509-07:00] [pid=15828] [EmbodyLOG] May_13_2026 03:51:55.458 line: 2669. updateUserHRTFData ProfileName set to : Profile_1 
[2026-05-13T03:51:55.4582509-07:00] [pid=15828] [EmbodyLOG] May_13_2026 03:51:55.458 line: 2724. updateUserHRTFData: inside hrtfCallback invocation 
[2026-05-13T03:51:55.4582509-07:00] [pid=15828] [EmbodyLOG] May_13_2026 03:51:55.459 line: 270. LoadHrtfCallback: HRTF loaded 
[2026-05-13T03:51:55.4592511-07:00] [pid=15828] [EmbodyLOG] May_13_2026 03:51:55.459 line: 3354. getEmbodyData: IMMERSE_STATUS::DATA_FINISHED 
[2026-05-13T03:51:55.7612810-07:00] [pid=15828] [EmbodyLOG] May_13_2026 03:51:55.761 line: 416. DecryptMultiSofaData() - v2 numSections=3 hrtfFlags=1 hrtfSectionOffset=971 hrtfSectionSize=1758624 numEntries=4 dataOffset=1039 dataLength=439639 bmapSize=518 fovdSize=361 
[2026-05-13T03:51:55.8143809-07:00] [pid=15828] [EmbodyLOG] May_13_2026 03:51:55.814 line: 447. DecryptMultiSofaData() - decrypt result: Success 
[2026-05-13T03:51:55.8153815-07:00] [pid=15828] [EmbodyLOG] May_13_2026 03:51:55.815 line: 533. AssetManager - BMAP data (518 bytes): {"buses":[{"label":"Extraction","tunings":[{"id":"extraction_tuning_1","label":"Extraction Tuning 1","hrtf_index":0}],"id":"extraction"},{"label":"Warfare","tunings":[{"id":"warfare_tuning_1","label":"Warfare Tuning 1","hrtf_index":1}],"id":"warfare"},{"label":"Campaign","tunings":[{"id":"campaign_tuning_1","label":"Campaign Tuning 1","hrtf_index":2}],"id":"campaign"},{"label":"Voice Chat","tunings":[{"id":"voice_chat_tuning_1","label":"Voice Chat Tuning 1","hrtf_index":3}],"id":"voice_chat"}],"schema_version":1} 
[2026-05-13T03:51:55.8153815-07:00] [pid=15828] [EmbodyLOG] May_13_2026 03:51:55.815 line: 537. AssetManager - FOVD data (361 bytes): {"schema_version":1,"fov_groups":["l/r"],"fov_presets":[{"studio_speaker_angles_idx":[0,1,6,7,8,9,10,11,12,13,14,15,16,17,18],"label":"Narrow","id":"narrow"},{"studio_speaker_angles_idx":[2,3,6,7,8,9,10,11,12,13,14,15,16,17,18],"label":"Default","id":"default"},{"studio_speaker_angles_idx":[4,5,6,7,8,9,10,11,12,13,14,15,16,17,18],"label":"Wide","id":"wide"}]} 
[2026-05-13T03:51:55.8214020-07:00] [pid=15828] [EmbodyLOG] May_13_2026 03:51:55.822 line: 376. AudioConfig::GetSHIndices() - invalid channelConfig: 6 
[2026-05-13T03:51:55.8694914-07:00] [pid=15828] [EmbodyLOG] May_13_2026 03:51:55.869 line: 281. AudioConfig::InitializeDecoders: Successfully created shared ambisonic decoder kernel 
[2026-05-13T03:51:55.8720101-07:00] [pid=15828] [EmbodyLOG] May_13_2026 03:51:55.872 line: 1419. calculateLicenseDaysRemaining(): cached=358, elapsed=0, remaining=358 
[2026-05-13T03:51:55.8730106-07:00] [pid=15828] [EmbodyLOG] May_13_2026 03:51:55.873 line: 1419. calculateLicenseDaysRemaining(): cached=358, elapsed=0, remaining=358 
[2026-05-13T03:51:55.8740097-07:00] [pid=15828] [EmbodyLOG] May_13_2026 03:51:55.874 line: 1316. getLocalSessionID for user: kevin_tencenttest1_emb 06756e30dc6941e7b44b3ad365984a2f 
[2026-05-13T03:51:55.8750102-07:00] [pid=15828] [EmbodyLOG] May_13_2026 03:51:55.875 line: 2576. ImmerseAPI: Too many status checks within the period allowed, returning early 
[2026-05-13T03:51:55.8750102-07:00] [pid=15828] [EmbodyLOG] May_13_2026 03:51:55.876 line: 3232. updateUMWHPEQSelection() - updated headsetId: 18446744073709551615 
[2026-05-13T03:51:55.8765165-07:00] [pid=15828] [EmbodyLOG] May_13_2026 03:51:55.877 line: 1419. calculateLicenseDaysRemaining(): cached=358, elapsed=0, remaining=358 
[2026-05-13T03:51:55.8765165-07:00] [pid=15828] [EmbodyLOG] May_13_2026 03:51:55.877 line: 1304. ImmerseManager::UpdateHpeqHeadset() - HPEQ disabled 
[2026-05-13T03:51:55.8775265-07:00] [pid=15828] [EmbodyLOG] May_13_2026 03:51:55.878 line: 1419. calculateLicenseDaysRemaining(): cached=358, elapsed=0, remaining=358 
[2026-05-13T03:51:59.4550938-07:00] [pid=15828] <<<_____ ImmerseAudioRenderer _____>>> 
[2026-05-13T03:51:59.4550938-07:00] [pid=15828] WwiseFxNullParams::SetParam()
[2026-05-13T03:51:59.4550938-07:00] [pid=15828] 
[2026-05-13T03:51:59.4550938-07:00] [pid=15828] <<<_____ ImmerseAudioRenderer _____>>> 
[2026-05-13T03:51:59.4550938-07:00] [pid=15828] WwiseFxNullParams::ApplyParam()
[2026-05-13T03:51:59.4550938-07:00] [pid=15828] 
[2026-05-13T03:51:59.4565999-07:00] [pid=15828] [EmbodyLOG] May_13_2026 03:51:59.456 line: 673. ___IMMERSEENGINE___ Immerse_EnableImmerse inMode: 2 
[2026-05-13T03:51:59.4565999-07:00] [pid=15828] <<<_____ ImmerseAudioRenderer _____>>> 
[2026-05-13T03:51:59.4565999-07:00] [pid=15828] WwiseFxNullParams::SetParam()
[2026-05-13T03:51:59.4565999-07:00] [pid=15828] 
[2026-05-13T03:51:59.4565999-07:00] [pid=15828] <<<_____ ImmerseAudioRenderer _____>>> 
[2026-05-13T03:51:59.4565999-07:00] [pid=15828] WwiseFxNullParams::ApplyParam()
[2026-05-13T03:51:59.4565999-07:00] [pid=15828] 
[2026-05-13T03:51:59.4565999-07:00] [pid=15828] [EmbodyLOG] May_13_2026 03:51:59.457 line: 673. ___IMMERSEENGINE___ Immerse_EnableImmerse inMode: 2 
[2026-05-13T03:51:59.4576110-07:00] [pid=15828] [EmbodyLOG] May_13_2026 03:51:59.458 line: 1419. calculateLicenseDaysRemaining(): cached=358, elapsed=0, remaining=358 
[2026-05-13T03:51:59.4586092-07:00] [pid=15828] [EmbodyLOG] May_13_2026 03:51:59.459 line: 1419. calculateLicenseDaysRemaining(): cached=358, elapsed=0, remaining=358 
[2026-05-13T03:51:59.6376119-07:00] [pid=15828] [2026.05.13-10.51.59:636][923]LogAkAudio: Error: Voice Starvation
[2026-05-13T03:52:00.4639874-07:00] [pid=15828] <<<_____ ImmerseAudioRenderer _____>>> 
[2026-05-13T03:52:00.4649869-07:00] [pid=15828] WwiseFxNullParams::SetParam()
[2026-05-13T03:52:00.4649869-07:00] [pid=15828] 
[2026-05-13T03:52:00.4649869-07:00] [pid=15828] <<<_____ ImmerseAudioRenderer _____>>> 
[2026-05-13T03:52:00.4649869-07:00] [pid=15828] WwiseFxNullParams::ApplyParam()
[2026-05-13T03:52:00.4649869-07:00] [pid=15828] 
[2026-05-13T03:52:00.4649869-07:00] [pid=15828] [EmbodyLOG] May_13_2026 03:52:00.465 line: 673. ___IMMERSEENGINE___ Immerse_EnableImmerse inMode: 2 
[2026-05-13T03:52:00.4649869-07:00] [pid=15828] <<<_____ ImmerseAudioRenderer _____>>> 
[2026-05-13T03:52:00.4649869-07:00] [pid=15828] WwiseFxNullParams::SetParam()
[2026-05-13T03:52:00.4649869-07:00] [pid=15828] 
[2026-05-13T03:52:00.4649869-07:00] [pid=15828] <<<_____ ImmerseAudioRenderer _____>>> 
[2026-05-13T03:52:00.4649869-07:00] [pid=15828] WwiseFxNullParams::ApplyParam()
[2026-05-13T03:52:00.4649869-07:00] [pid=15828] 
[2026-05-13T03:52:00.4649869-07:00] [pid=15828] [EmbodyLOG] May_13_2026 03:52:00.466 line: 673. ___IMMERSEENGINE___ Immerse_EnableImmerse inMode: 2 
[2026-05-13T03:52:00.4664945-07:00] [pid=15828] [EmbodyLOG] May_13_2026 03:52:00.466 line: 1419. calculateLicenseDaysRemaining(): cached=358, elapsed=0, remaining=358 
[2026-05-13T03:52:00.4664945-07:00] [pid=15828] [EmbodyLOG] May_13_2026 03:52:00.467 line: 1419. calculateLicenseDaysRemaining(): cached=358, elapsed=0, remaining=358 
[2026-05-13T03:52:00.4840455-07:00] [pid=15828] <<<_____ ImmerseAudioRenderer _____>>> 
[2026-05-13T03:52:00.4840455-07:00] [pid=15828] WwiseFxNullParams::SetParam()
[2026-05-13T03:52:00.4840455-07:00] [pid=15828] 
[2026-05-13T03:52:00.4840455-07:00] [pid=15828] <<<_____ ImmerseAudioRenderer _____>>> 
[2026-05-13T03:52:00.4840455-07:00] [pid=15828] WwiseFxNullParams::ApplyParam()
[2026-05-13T03:52:00.4840455-07:00] [pid=15828] 
[2026-05-13T03:52:00.4840455-07:00] [pid=15828] [EmbodyLOG] May_13_2026 03:52:00.484 line: 673. ___IMMERSEENGINE___ Immerse_EnableImmerse inMode: 1 
[2026-05-13T03:52:00.4840455-07:00] [pid=15828] <<<_____ ImmerseAudioRenderer _____>>> 
[2026-05-13T03:52:00.4840455-07:00] [pid=15828] WwiseFxNullParams::SetParam()
[2026-05-13T03:52:00.4840455-07:00] [pid=15828] 
[2026-05-13T03:52:00.4840455-07:00] [pid=15828] <<<_____ ImmerseAudioRenderer _____>>> 
[2026-05-13T03:52:00.4850461-07:00] [pid=15828] WwiseFxNullParams::ApplyParam()
[2026-05-13T03:52:00.4850461-07:00] [pid=15828] 
[2026-05-13T03:52:00.4850461-07:00] [pid=15828] [EmbodyLOG] May_13_2026 03:52:00.485 line: 673. ___IMMERSEENGINE___ Immerse_EnableImmerse inMode: 1 
[2026-05-13T03:52:00.4850461-07:00] [pid=15828] [EmbodyLOG] May_13_2026 03:52:00.486 line: 1316. getLocalSessionID for user: kevin_tencenttest1_emb 06756e30dc6941e7b44b3ad365984a2f 
[2026-05-13T03:52:00.4865530-07:00] [pid=15828] [EmbodyLOG] May_13_2026 03:52:00.487 line: 3274. getEmbodyData: STATUS_AUTHORIZING StatusCheck session_id: 06756e30dc6941e7b44b3ad365984a2f, immerse_id: v2.2.447, hrtf_id: 1408e0d2eca549feaf2d5631a49ca7d2, img_id: img_1 
[2026-05-13T03:52:00.4875614-07:00] [pid=15828] [EmbodyLOG] May_13_2026 03:52:00.487 line: 3213. usingLocalUserCache: Using local cache for user: SCR license_type: trial, license_days_left: 358, license_expired: 0, isUniversalUser: 0 
[2026-05-13T03:52:00.4875614-07:00] [pid=15828] [EmbodyLOG] May_13_2026 03:52:00.487 line: 3232. updateUMWHPEQSelection() - updated headsetId: 18446744073709551615 
[2026-05-13T03:52:00.4875614-07:00] [pid=15828] [EmbodyLOG] May_13_2026 03:52:00.488 line: 2669. updateUserHRTFData ProfileName set to : Profile_1 
[2026-05-13T03:52:00.4875614-07:00] [pid=15828] [EmbodyLOG] May_13_2026 03:52:00.488 line: 2724. updateUserHRTFData: inside hrtfCallback invocation 
[2026-05-13T03:52:00.4885623-07:00] [pid=15828] [EmbodyLOG] May_13_2026 03:52:00.488 line: 277. LoadHrtfCallback: HRTF already loaded 
[2026-05-13T03:52:00.4885623-07:00] [pid=15828] [EmbodyLOG] May_13_2026 03:52:00.488 line: 3354. getEmbodyData: IMMERSE_STATUS::DATA_FINISHED 
[2026-05-13T03:52:00.4895608-07:00] [pid=15828] [EmbodyLOG] May_13_2026 03:52:00.489 line: 1419. calculateLicenseDaysRemaining(): cached=358, elapsed=0, remaining=358 
[2026-05-13T03:52:00.4900665-07:00] [pid=15828] [EmbodyLOG] May_13_2026 03:52:00.490 line: 1316. getLocalSessionID for user: kevin_tencenttest1_emb 06756e30dc6941e7b44b3ad365984a2f 
[2026-05-13T03:52:00.4910727-07:00] [pid=15828] [EmbodyLOG] May_13_2026 03:52:00.491 line: 2576. ImmerseAPI: Too many status checks within the period allowed, returning early 
[2026-05-13T03:52:00.4920778-07:00] [pid=15828] [EmbodyLOG] May_13_2026 03:52:00.492 line: 3232. updateUMWHPEQSelection() - updated headsetId: 18446744073709551615 
[2026-05-13T03:52:00.4920778-07:00] [pid=15828] [EmbodyLOG] May_13_2026 03:52:00.492 line: 1419. calculateLicenseDaysRemaining(): cached=358, elapsed=0, remaining=358 
[2026-05-13T03:52:00.6450309-07:00] [pid=15828] [2026.05.13-10.52.00:645][393]LogAkAudio: Error: Voice Starvation
[2026-05-13T03:52:03.0921326-07:00] [pid=15828] [2026.05.13-10.52.03:092][539]LogTemp: Display: [ImmerseStress] REMOTE_HOLD_v1: waiting for go.flag (../../../../../../Users/kapil/OneDrive/Documents/Unreal Projects/testTP/Saved/ImmerseStress/go.flag) retry=20
[2026-05-13T03:52:13.1142618-07:00] [pid=15828] [2026.05.13-10.52.13:114][318]LogTemp: Display: [ImmerseStress] REMOTE_HOLD_v1: waiting for go.flag (../../../../../../Users/kapil/OneDrive/Documents/Unreal Projects/testTP/Saved/ImmerseStress/go.flag) retry=40
[2026-05-13T03:52:15.2803757-07:00] [pid=27484] Focus Exec Name: wwise.exe
[2026-05-13T03:52:15.2803757-07:00] [pid=27484] ---> Focus Exec Name: wwise.exe has WS_OVERLAPPEDWINDOW
[2026-05-13T03:52:23.1350236-07:00] [pid=15828] [2026.05.13-10.52.23:135][151]LogTemp: Display: [ImmerseStress] REMOTE_HOLD_v1: waiting for go.flag (../../../../../../Users/kapil/OneDrive/Documents/Unreal Projects/testTP/Saved/ImmerseStress/go.flag) retry=60
[2026-05-13T03:52:31.6823473-07:00] [pid=18712] <1>May13 03:52:31.682 SF_18712[Environ] CMD_DESKTOP_TYPE_LBUTTONUP_RTT: l:1
[2026-05-13T03:52:31.6823473-07:00] [pid=18712] <1>May13 03:52:31.682 SF_18712[MediaMgr] Start video performance debug.
[2026-05-13T03:52:33.1566264-07:00] [pid=15828] [2026.05.13-10.52.33:156][ 41]LogTemp: Display: [ImmerseStress] REMOTE_HOLD_v1: waiting for go.flag (../../../../../../Users/kapil/OneDrive/Documents/Unreal Projects/testTP/Saved/ImmerseStress/go.flag) retry=80
[2026-05-13T03:52:34.2222992-07:00] [pid=18712] <1>May13 03:52:34.222 SF_18712[Environ] CMD_DESKTOP_TYPE_LBUTTONUP_RTT: l:1
[2026-05-13T03:52:34.2222992-07:00] [pid=18712] <1>May13 03:52:34.222 SF_18712[MediaMgr] Start video performance debug.
[2026-05-13T03:52:34.2398577-07:00] [pid=27484] Focus Exec Name: wwise.exe
[2026-05-13T03:52:34.2398577-07:00] [pid=27484] ---> Focus Exec Name: wwise.exe has WS_OVERLAPPEDWINDOW
[2026-05-13T03:52:37.4887344-07:00] [pid=18712] <1>May13 03:52:37.489 SF_18712[Environ] CMD_DESKTOP_TYPE_LBUTTONUP_RTT: l:1
[2026-05-13T03:52:37.4887344-07:00] [pid=18712] <1>May13 03:52:37.489 SF_18712[MediaMgr] Start video performance debug.
[2026-05-13T03:52:37.4912467-07:00] [pid=27484] Focus Exec Name: windowsterminal.exe
[2026-05-13T03:52:37.4912467-07:00] [pid=27484] ---> Focus Exec Name: windowsterminal.exe has WS_OVERLAPPEDWINDOW
[2026-05-13T03:52:41.7366969-07:00] [pid=15828] <<<_____ ImmerseAudioRenderer _____>>> 
[2026-05-13T03:52:41.7366969-07:00] [pid=15828] WwiseFxNullParams::SetParam()
[2026-05-13T03:52:41.7366969-07:00] [pid=15828] 
[2026-05-13T03:52:41.7377103-07:00] [pid=15828] <<<_____ ImmerseAudioRenderer _____>>> 
[2026-05-13T03:52:41.7377103-07:00] [pid=15828] WwiseFxNullParams::ApplyParam()
[2026-05-13T03:52:41.7377103-07:00] [pid=15828] 
[2026-05-13T03:52:41.7377103-07:00] [pid=15828] [EmbodyLOG] May_13_2026 03:52:41.737 line: 710. ___IMMERSEENGINE___ Immerse_EnableHPEQ inHeadset: 102 
[2026-05-13T03:52:41.7377103-07:00] [pid=15828] <<<_____ ImmerseAudioRenderer _____>>> 
[2026-05-13T03:52:41.7377103-07:00] [pid=15828] WwiseFxNullParams::SetParam()
[2026-05-13T03:52:41.7377103-07:00] [pid=15828] 
[2026-05-13T03:52:41.7377103-07:00] [pid=15828] <<<_____ ImmerseAudioRenderer _____>>> 
[2026-05-13T03:52:41.7377103-07:00] [pid=15828] WwiseFxNullParams::ApplyParam()
[2026-05-13T03:52:41.7377103-07:00] [pid=15828] 
[2026-05-13T03:52:41.7397099-07:00] [pid=15828] [EmbodyLOG] May_13_2026 03:52:41.739 line: 1328. ImmerseManager::UpdateHpeqHeadset() - HPEQ enabled, headsetId 102 
[2026-05-13T03:52:41.7402162-07:00] [pid=15828] [EmbodyLOG] May_13_2026 03:52:41.740 line: 1419. calculateLicenseDaysRemaining(): cached=358, elapsed=0, remaining=358 
[2026-05-13T03:52:43.1741331-07:00] [pid=15828] [2026.05.13-10.52.43:174][869]LogTemp: Display: [ImmerseStress] REMOTE_HOLD_v1: waiting for go.flag (../../../../../../Users/kapil/OneDrive/Documents/Unreal Projects/testTP/Saved/ImmerseStress/go.flag) retry=100
[2026-05-13T03:52:53.1941290-07:00] [pid=15828] [2026.05.13-10.52.53:194][779]LogTemp: Display: [ImmerseStress] REMOTE_HOLD_v1: waiting for go.flag (../../../../../../Users/kapil/OneDrive/Documents/Unreal Projects/testTP/Saved/ImmerseStress/go.flag) retry=120
[2026-05-13T03:52:58.9388082-07:00] [pid=27484] Focus Exec Name: wwise.exe
[2026-05-13T03:52:58.9388082-07:00] [pid=27484] ---> Focus Exec Name: wwise.exe has WS_OVERLAPPEDWINDOW
[2026-05-13T03:52:59.0501986-07:00] [pid=18712] <1>May13 03:52:59.050 SF_18712[Environ] CMD_DESKTOP_TYPE_LBUTTONUP_RTT: l:1
[2026-05-13T03:52:59.0501986-07:00] [pid=18712] <1>May13 03:52:59.050 SF_18712[MediaMgr] Start video performance debug.
[2026-05-13T03:53:00.8856765-07:00] [pid=18712] <1>May13 03:53:00.885 SF_18712[Environ] CMD_DESKTOP_TYPE_LBUTTONUP_RTT: l:1
[2026-05-13T03:53:00.8856765-07:00] [pid=18712] <1>May13 03:53:00.886 SF_18712[MediaMgr] Start video performance debug.
[2026-05-13T03:53:01.0365564-07:00] [pid=27484] Focus Exec Name: wwise.exe
[2026-05-13T03:53:01.0375652-07:00] [pid=27484] ---> Focus Exec Name: wwise.exe has WS_OVERLAPPEDWINDOW
[2026-05-13T03:53:01.0766567-07:00] [pid=18712] <1>May13 03:53:01.076 SF_18712[Environ] CMD_DESKTOP_TYPE_LBUTTONUP_RTT: l:1
[2026-05-13T03:53:01.0766567-07:00] [pid=18712] <1>May13 03:53:01.077 SF_18712[MediaMgr] Start video performance debug.
[2026-05-13T03:53:02.8988784-07:00] [pid=18712] <1>May13 03:53:02.899 SF_18712[Environ] CMD_DESKTOP_TYPE_LBUTTONUP_RTT: l:1
[2026-05-13T03:53:02.8988784-07:00] [pid=18712] <1>May13 03:53:02.899 SF_18712[MediaMgr] Start video performance debug.
[2026-05-13T03:53:03.2153110-07:00] [pid=15828] [2026.05.13-10.53.03:215][609]LogTemp: Display: [ImmerseStress] REMOTE_HOLD_v1: waiting for go.flag (../../../../../../Users/kapil/OneDrive/Documents/Unreal Projects/testTP/Saved/ImmerseStress/go.flag) retry=140
[2026-05-13T03:53:13.2409643-07:00] [pid=15828] [2026.05.13-10.53.13:240][451]LogTemp: Display: [ImmerseStress] REMOTE_HOLD_v1: waiting for go.flag (../../../../../../Users/kapil/OneDrive/Documents/Unreal Projects/testTP/Saved/ImmerseStress/go.flag) retry=160
[2026-05-13T03:53:23.2610925-07:00] [pid=15828] [2026.05.13-10.53.23:260][326]LogTemp: Display: [ImmerseStress] REMOTE_HOLD_v1: waiting for go.flag (../../../../../../Users/kapil/OneDrive/Documents/Unreal Projects/testTP/Saved/ImmerseStress/go.flag) retry=180
[2026-05-13T03:53:31.6940718-07:00] [pid=18712] <1>May13 03:53:31.694 SF_18712[Environ] CMD_DESKTOP_TYPE_LBUTTONUP_RTT: l:0
[2026-05-13T03:53:31.6940718-07:00] [pid=18712] <1>May13 03:53:31.694 SF_18712[MediaMgr] Stop video performance debug.
[2026-05-13T03:53:31.8154573-07:00] [pid=24380] [2026.05.13-10.53.31:815][930]LogExternalChatPresentation: HandleLoadUrl POST https://api.epicgames.dev/telemetry/data?AppID=egs-launcher-social&AppVersion=c6990ae26cda737d19921762099df7f87ea8dbf9&AppEnvironment=prod&UploadType=eteventstream&SessionID=f914def4-3698-457d-a674-fbc18ffb14f6&UserID=6da9797861944dd5b2bedb495b874fce
[2026-05-13T03:53:33.2802880-07:00] [pid=15828] [2026.05.13-10.53.33:279][177]LogTemp: Display: [ImmerseStress] REMOTE_HOLD_v1: waiting for go.flag (../../../../../../Users/kapil/OneDrive/Documents/Unreal Projects/testTP/Saved/ImmerseStress/go.flag) retry=200
[2026-05-13T03:53:41.9653447-07:00] [pid=15828] [EmbodyLOG] May_13_2026 03:53:41.966 line: 1004. API::CallEndpoint(): overwriting status code 
[2026-05-13T03:53:41.9668487-07:00] [pid=15828] [EmbodyLOG] May_13_2026 03:53:41.966 line: 225. AsyncTaskManager::WaitForTaskExecution() - synchronous network call success. 
[2026-05-13T03:53:43.3013799-07:00] [pid=15828] [2026.05.13-10.53.43:301][ 23]LogTemp: Display: [ImmerseStress] REMOTE_HOLD_v1: waiting for go.flag (../../../../../../Users/kapil/OneDrive/Documents/Unreal Projects/testTP/Saved/ImmerseStress/go.flag) retry=220
[2026-05-13T03:53:53.3199921-07:00] [pid=15828] [2026.05.13-10.53.53:319][881]LogTemp: Display: [ImmerseStress] REMOTE_HOLD_v1: waiting for go.flag (../../../../../../Users/kapil/OneDrive/Documents/Unreal Projects/testTP/Saved/ImmerseStress/go.flag) retry=240
[2026-05-13T03:54:03.3421069-07:00] [pid=15828] [2026.05.13-10.54.03:342][725]LogTemp: Display: [ImmerseStress] REMOTE_HOLD_v1: waiting for go.flag (../../../../../../Users/kapil/OneDrive/Documents/Unreal Projects/testTP/Saved/ImmerseStress/go.flag) retry=260
[2026-05-13T03:54:13.3640403-07:00] [pid=15828] [2026.05.13-10.54.13:364][577]LogTemp: Display: [ImmerseStress] REMOTE_HOLD_v1: waiting for go.flag (../../../../../../Users/kapil/OneDrive/Documents/Unreal Projects/testTP/Saved/ImmerseStress/go.flag) retry=280
[2026-05-13T03:54:23.3877032-07:00] [pid=15828] [2026.05.13-10.54.23:387][485]LogTemp: Display: [ImmerseStress] REMOTE_HOLD_v1: waiting for go.flag (../../../../../../Users/kapil/OneDrive/Documents/Unreal Projects/testTP/Saved/ImmerseStress/go.flag) retry=300
[2026-05-13T03:54:31.3479202-07:00] [pid=27484] Focus Exec Name: wwise.exe
[2026-05-13T03:54:31.3479202-07:00] [pid=27484] ---> Focus Exec Name: wwise.exe has WS_OVERLAPPEDWINDOW
[2026-05-13T03:54:33.2655905-07:00] [pid=27484] Focus Exec Name: windowsterminal.exe
[2026-05-13T03:54:33.2655905-07:00] [pid=27484] ---> Focus Exec Name: windowsterminal.exe has WS_OVERLAPPEDWINDOW
[2026-05-13T03:54:33.4098779-07:00] [pid=15828] [2026.05.13-10.54.33:408][296]LogTemp: Display: [ImmerseStress] REMOTE_HOLD_v1: waiting for go.flag (../../../../../../Users/kapil/OneDrive/Documents/Unreal Projects/testTP/Saved/ImmerseStress/go.flag) retry=320
[2026-05-13T03:54:37.8369266-07:00] [pid=15828] <<<_____ ImmerseAudioRenderer _____>>> 
[2026-05-13T03:54:37.8369266-07:00] [pid=15828] WwiseFxNullParams::SetParam()
[2026-05-13T03:54:37.8369266-07:00] [pid=15828] 
[2026-05-13T03:54:37.8379395-07:00] [pid=15828] <<<_____ ImmerseAudioRenderer _____>>> 
[2026-05-13T03:54:37.8379395-07:00] [pid=15828] WwiseFxNullParams::ApplyParam()
[2026-05-13T03:54:37.8379395-07:00] [pid=15828] 
[2026-05-13T03:54:37.8379395-07:00] [pid=15828] [EmbodyLOG] May_13_2026 03:54:37.838 line: 673. ___IMMERSEENGINE___ Immerse_EnableImmerse inMode: 2 
[2026-05-13T03:54:37.8379395-07:00] [pid=15828] <<<_____ ImmerseAudioRenderer _____>>> 
[2026-05-13T03:54:37.8379395-07:00] [pid=15828] WwiseFxNullParams::SetParam()
[2026-05-13T03:54:37.8379395-07:00] [pid=15828] 
[2026-05-13T03:54:37.8379395-07:00] [pid=15828] <<<_____ ImmerseAudioRenderer _____>>> 
[2026-05-13T03:54:37.8379395-07:00] [pid=15828] WwiseFxNullParams::ApplyParam()
[2026-05-13T03:54:37.8379395-07:00] [pid=15828] 
[2026-05-13T03:54:37.8379395-07:00] [pid=15828] [EmbodyLOG] May_13_2026 03:54:37.838 line: 673. ___IMMERSEENGINE___ Immerse_EnableImmerse inMode: 2 
[2026-05-13T03:54:37.8379395-07:00] [pid=15828] [EmbodyLOG] May_13_2026 03:54:37.839 line: 1419. calculateLicenseDaysRemaining(): cached=358, elapsed=0, remaining=358 
[2026-05-13T03:54:37.8414590-07:00] [pid=15828] [EmbodyLOG] May_13_2026 03:54:37.841 line: 1419. calculateLicenseDaysRemaining(): cached=358, elapsed=0, remaining=358 
[2026-05-13T03:54:38.0014224-07:00] [pid=15828] [2026.05.13-10.54.38:001][495]LogAkAudio: Error: Voice Starvation
[2026-05-13T03:54:43.4321098-07:00] [pid=15828] [2026.05.13-10.54.43:432][137]LogTemp: Display: [ImmerseStress] REMOTE_HOLD_v1: waiting for go.flag (../../../../../../Users/kapil/OneDrive/Documents/Unreal Projects/testTP/Saved/ImmerseStress/go.flag) retry=340
[2026-05-13T03:54:47.1812337-07:00] [pid=27484] Focus Exec Name: wwise.exe
[2026-05-13T03:54:47.1822420-07:00] [pid=27484] ---> Focus Exec Name: wwise.exe has WS_OVERLAPPEDWINDOW
[2026-05-13T03:54:48.9511571-07:00] [pid=27484] Focus Exec Name: wwise.exe
[2026-05-13T03:54:48.9526666-07:00] [pid=27484] ---> Focus Exec Name: wwise.exe has WS_OVERLAPPEDWINDOW
[2026-05-13T03:54:53.4524352-07:00] [pid=15828] [2026.05.13-10.54.53:451][938]LogTemp: Display: [ImmerseStress] REMOTE_HOLD_v1: waiting for go.flag (../../../../../../Users/kapil/OneDrive/Documents/Unreal Projects/testTP/Saved/ImmerseStress/go.flag) retry=360
[2026-05-13T03:54:55.5630107-07:00] [pid=27484] Focus Exec Name: wwise.exe
[2026-05-13T03:54:55.5640083-07:00] [pid=27484] ---> Focus Exec Name: wwise.exe has WS_OVERLAPPEDWINDOW
[2026-05-13T03:54:57.1951555-07:00] [pid=27484] Focus Exec Name: windowsterminal.exe
[2026-05-13T03:54:57.1951555-07:00] [pid=27484] ---> Focus Exec Name: windowsterminal.exe has WS_OVERLAPPEDWINDOW
[2026-05-13T03:54:59.2565237-07:00] [pid=24968] <<<_____ ImmerseAudioRenderer _____>>> 
[2026-05-13T03:54:59.2565237-07:00] [pid=24968] RegisterImmerseAudioRendererFX()
[2026-05-13T03:54:59.2565237-07:00] [pid=24968] 
[2026-05-13T03:54:59.2565237-07:00] [pid=24968] <<<_____ ImmerseAudioRenderer _____>>> 
[2026-05-13T03:54:59.2565237-07:00] [pid=24968] CreateImmerseManager
[2026-05-13T03:54:59.2565237-07:00] [pid=24968] 
[2026-05-13T03:54:59.2565237-07:00] [pid=24968] <<<_____ ImmerseAudioRenderer _____>>> 
[2026-05-13T03:54:59.2565237-07:00] [pid=24968] loadAndInitializeImmerseEngine
[2026-05-13T03:54:59.2565237-07:00] [pid=24968] 
[2026-05-13T03:54:59.2665616-07:00] [pid=24968] <<<_____ ImmerseAudioRenderer _____>>> 
[2026-05-13T03:54:59.2665616-07:00] [pid=24968] CreateDestroyImmerseManager
[2026-05-13T03:54:59.2665616-07:00] [pid=24968] 
[2026-05-13T03:54:59.2665616-07:00] [pid=24968] <<<_____ ImmerseAudioRenderer _____>>> 
[2026-05-13T03:54:59.2665616-07:00] [pid=24968] CreateImmerseManager
[2026-05-13T03:54:59.2665616-07:00] [pid=24968] 
[2026-05-13T03:54:59.2976882-07:00] [pid=24968] <<<_____ ImmerseAudioRenderer _____>>> 
[2026-05-13T03:54:59.2976882-07:00] [pid=24968] CreateImmerseAudioRendererFXParams()
[2026-05-13T03:54:59.2976882-07:00] [pid=24968] 
[2026-05-13T03:54:59.2976882-07:00] [pid=24968] <<<_____ ImmerseAudioRenderer _____>>> 
[2026-05-13T03:54:59.2986865-07:00] [pid=24968] WwiseFxNullParams::Init()
[2026-05-13T03:54:59.2986865-07:00] [pid=24968] 
[2026-05-13T03:54:59.2986865-07:00] [pid=24968] <<<_____ ImmerseAudioRenderer _____>>> 
[2026-05-13T03:54:59.2986865-07:00] [pid=24968] WwiseFxNullParams::SetParam()
[2026-05-13T03:54:59.2986865-07:00] [pid=24968] 
[2026-05-13T03:54:59.2986865-07:00] [pid=24968] <<<_____ ImmerseAudioRenderer _____>>> 
[2026-05-13T03:54:59.2986865-07:00] [pid=24968] WwiseFxNullParams::SetParam()
[2026-05-13T03:54:59.2986865-07:00] [pid=24968] 
[2026-05-13T03:54:59.2986865-07:00] [pid=24968] <<<_____ ImmerseAudioRenderer _____>>> 
[2026-05-13T03:54:59.2986865-07:00] [pid=24968] WwiseFxNullParams::SetParam()
[2026-05-13T03:54:59.2986865-07:00] [pid=24968] 
[2026-05-13T03:54:59.2986865-07:00] [pid=24968] <<<_____ ImmerseAudioRenderer _____>>> 
[2026-05-13T03:54:59.2986865-07:00] [pid=24968] WwiseFxNullParams::SetParam()
[2026-05-13T03:54:59.2986865-07:00] [pid=24968] 
[2026-05-13T03:54:59.2986865-07:00] [pid=24968] <<<_____ ImmerseAudioRenderer _____>>> 
[2026-05-13T03:54:59.2986865-07:00] [pid=24968] WwiseFxNullParams::SetParam()
[2026-05-13T03:54:59.2986865-07:00] [pid=24968] 
[2026-05-13T03:54:59.2986865-07:00] [pid=24968] <<<_____ ImmerseAudioRenderer _____>>> 
[2026-05-13T03:54:59.2986865-07:00] [pid=24968] WwiseFxNullParams::SetParam()
[2026-05-13T03:54:59.2986865-07:00] [pid=24968] 
[2026-05-13T03:54:59.2986865-07:00] [pid=24968] <<<_____ ImmerseAudioRenderer _____>>> 
[2026-05-13T03:54:59.2986865-07:00] [pid=24968] WwiseFxNullParams::SetParam()
[2026-05-13T03:54:59.2986865-07:00] [pid=24968] 
[2026-05-13T03:54:59.2986865-07:00] [pid=24968] <<<_____ ImmerseAudioRenderer _____>>> 
[2026-05-13T03:54:59.2986865-07:00] [pid=24968] WwiseFxNullParams::SetParam()
[2026-05-13T03:54:59.2986865-07:00] [pid=24968] 
[2026-05-13T03:54:59.2986865-07:00] [pid=24968] <<<_____ ImmerseAudioRenderer _____>>> 
[2026-05-13T03:54:59.2986865-07:00] [pid=24968] WwiseFxNullParams::SetParam()
[2026-05-13T03:54:59.2986865-07:00] [pid=24968] 
[2026-05-13T03:54:59.2986865-07:00] [pid=24968] <<<_____ ImmerseAudioRenderer _____>>> 
[2026-05-13T03:54:59.2996855-07:00] [pid=24968] WwiseFxNullParams::ApplyParam()
[2026-05-13T03:54:59.2996855-07:00] [pid=24968] 
[2026-05-13T03:54:59.2996855-07:00] [pid=24968] <<<_____ ImmerseAudioRenderer _____>>> 
[2026-05-13T03:54:59.2996855-07:00] [pid=24968] WwiseFxNullParams::ApplyParam()
[2026-05-13T03:54:59.2996855-07:00] [pid=24968] 
[2026-05-13T03:54:59.2996855-07:00] [pid=24968] <<<_____ ImmerseAudioRenderer _____>>> 
[2026-05-13T03:54:59.2996855-07:00] [pid=24968] WwiseFxNullParams::ApplyParam()
[2026-05-13T03:54:59.2996855-07:00] [pid=24968] 
[2026-05-13T03:54:59.2996855-07:00] [pid=24968] <<<_____ ImmerseAudioRenderer _____>>> 
[2026-05-13T03:54:59.2996855-07:00] [pid=24968] WwiseFxNullParams::ApplyParam()
[2026-05-13T03:54:59.2996855-07:00] [pid=24968] 
[2026-05-13T03:54:59.2996855-07:00] [pid=24968] <<<_____ ImmerseAudioRenderer _____>>> 
[2026-05-13T03:54:59.2996855-07:00] [pid=24968] WwiseFxNullParams::ApplyParam()
[2026-05-13T03:54:59.3001891-07:00] [pid=24968] 
[2026-05-13T03:54:59.3001891-07:00] [pid=24968] <<<_____ ImmerseAudioRenderer _____>>> 
[2026-05-13T03:54:59.3001891-07:00] [pid=24968] WwiseFxNullParams::ApplyParam()
[2026-05-13T03:54:59.3001891-07:00] [pid=24968] 
[2026-05-13T03:54:59.3001891-07:00] [pid=24968] <<<_____ ImmerseAudioRenderer _____>>> 
[2026-05-13T03:54:59.3001891-07:00] [pid=24968] WwiseFxNullParams::ApplyParam()
[2026-05-13T03:54:59.3001891-07:00] [pid=24968] 
[2026-05-13T03:54:59.3001891-07:00] [pid=24968] <<<_____ ImmerseAudioRenderer _____>>> 
[2026-05-13T03:54:59.3001891-07:00] [pid=24968] WwiseFxNullParams::ApplyParam()
[2026-05-13T03:54:59.3001891-07:00] [pid=24968] 
[2026-05-13T03:54:59.3001891-07:00] [pid=24968] <<<_____ ImmerseAudioRenderer _____>>> 
[2026-05-13T03:54:59.3001891-07:00] [pid=24968] WwiseFxNullParams::ApplyParam()
[2026-05-13T03:54:59.3001891-07:00] [pid=24968] 
[2026-05-13T03:54:59.3575715-07:00] [pid=17564] [2026.05.13-10.54.59:356][  0]CrashReportClientDiagnosticLog: Editor/ExitCode:-1
[2026-05-13T03:54:59.3575715-07:00] [pid=17564] [2026.05.13-10.54.59:357][  0]CrashReportClientDiagnosticLog: MTBF/Start:2026.05.13-10.54.59
[2026-05-13T03:54:59.3585697-07:00] [pid=17564] [2026.05.13-10.54.59:358][  0]CrashReportClientDiagnosticLog: MTBF/LoadSession
[2026-05-13T03:54:59.3600820-07:00] [pid=17564] [2026.05.13-10.54.59:360][  0]CrashReportClientDiagnosticLog: MTBF/NoSessionFound
[2026-05-13T03:54:59.3787137-07:00] [pid=17564] [2026.05.13-10.54.59:378][  0]LogInit: Using libcurl 7.55.1-DEV
[2026-05-13T03:54:59.3787137-07:00] [pid=17564] [2026.05.13-10.54.59:378][  0]LogInit:  - built for x86_64-pc-win32
[2026-05-13T03:54:59.3787137-07:00] [pid=17564] [2026.05.13-10.54.59:378][  0]LogInit:  - supports SSL with OpenSSL/1.1.1
[2026-05-13T03:54:59.3787137-07:00] [pid=17564] [2026.05.13-10.54.59:378][  0]LogInit:  - supports HTTP deflate (compression) using libz 1.2.8
[2026-05-13T03:54:59.3787137-07:00] [pid=17564] [2026.05.13-10.54.59:378][  0]LogInit:  - other features:
[2026-05-13T03:54:59.3787137-07:00] [pid=17564] [2026.05.13-10.54.59:378][  0]LogInit:      CURL_VERSION_SSL
[2026-05-13T03:54:59.3787137-07:00] [pid=17564] [2026.05.13-10.54.59:378][  0]LogInit:      CURL_VERSION_LIBZ
[2026-05-13T03:54:59.3787137-07:00] [pid=17564] [2026.05.13-10.54.59:378][  0]LogInit:      CURL_VERSION_IPV6
[2026-05-13T03:54:59.3787137-07:00] [pid=17564] [2026.05.13-10.54.59:378][  0]LogInit:      CURL_VERSION_ASYNCHDNS
[2026-05-13T03:54:59.3787137-07:00] [pid=17564] [2026.05.13-10.54.59:378][  0]LogInit:      CURL_VERSION_LARGEFILE
[2026-05-13T03:54:59.3787137-07:00] [pid=17564] [2026.05.13-10.54.59:378][  0]LogInit:      CURL_VERSION_IDN
[2026-05-13T03:54:59.3787137-07:00] [pid=17564] [2026.05.13-10.54.59:378][  0]LogInit:  CurlRequestOptions (configurable via config and command line):
[2026-05-13T03:54:59.3787137-07:00] [pid=17564] [2026.05.13-10.54.59:378][  0]LogInit:  - bVerifyPeer = false  - Libcurl will NOT verify peer certificate
[2026-05-13T03:54:59.3787137-07:00] [pid=17564] [2026.05.13-10.54.59:378][  0]LogInit:  - bUseHttpProxy = false  - Libcurl will NOT use HTTP proxy
[2026-05-13T03:54:59.3787137-07:00] [pid=17564] [2026.05.13-10.54.59:378][  0]LogInit:  - bDontReuseConnections = false  - Libcurl will reuse connections
[2026-05-13T03:54:59.3787137-07:00] [pid=17564] [2026.05.13-10.54.59:378][  0]LogInit:  - MaxHostConnections = 16  - Libcurl will limit the number of connections to a host
[2026-05-13T03:54:59.3787137-07:00] [pid=17564] [2026.05.13-10.54.59:378][  0]LogInit:  - LocalHostAddr = Default
[2026-05-13T03:54:59.3787137-07:00] [pid=17564] [2026.05.13-10.54.59:378][  0]LogInit:  - BufferSize = 65536
[2026-05-13T03:54:59.3787137-07:00] [pid=17564] [2026.05.13-10.54.59:378][  0]LogAnalytics: Display: [CrashReporter.Release] APIServer = https://datarouter.ol.epicgames.com/. AppVersion = ++UE4+Release-4.27-CL-18319896
[2026-05-13T03:54:59.3802194-07:00] [pid=17564] [2026.05.13-10.54.59:380][  0]CrashReportClientDiagnosticLog: MTBF/Done
[2026-05-13T03:54:59.3897493-07:00] [pid=17564] [2026.05.13-10.54.59:389][  0]LogCore: Engine exit requested (reason: CrashReportClientApp RequestExit)
[2026-05-13T03:54:59.3897493-07:00] [pid=17564] [2026.05.13-10.54.59:389][  0]LogExit: Preparing to exit.
[2026-05-13T03:54:59.3902550-07:00] [pid=17564] [2026.05.13-10.54.59:390][  0]LogExit: Object subsystem successfully closed.
[2026-05-13T03:54:59.3912610-07:00] [pid=17564] [2026.05.13-10.54.59:391][  0]LogModuleManager: Shutting down and abandoning module AnalyticsET (14)
[2026-05-13T03:54:59.3912610-07:00] [pid=17564] [2026.05.13-10.54.59:391][  0]LogModuleManager: Shutting down and abandoning module HTTP (13)
[2026-05-13T03:54:59.3912610-07:00] [pid=17564] [2026.05.13-10.54.59:391][  0]LogHttp: Display: Http module shutting down, but needs to wait on 1 outstanding Http requests:
[2026-05-13T03:54:59.3912610-07:00] [pid=17564] [2026.05.13-10.54.59:391][  0]LogHttp: Display: 	verb=[POST] url=[https://datarouter.ol.epicgames.com/datarouter/api/v1/public/data?SessionID=%7B43447A89-48A6-3E16-1B76-A2B7EF5901C5%7D&AppID=CrashReporter.Release&AppVersion=%2B%2BUE4%2BRelease-4.27-CL-18319896&UserID=f8b698bb42db84b438be4e9e5183ed14%7C6da9797861944dd5b2bedb495b874fce%7C2e2120c8-1d81-4764-95c5-a72e8ff85171&AppEnvironment=datacollector-binary&UploadType=eteventstream] refs=[1] status=Processing
[2026-05-13T03:54:59.3912610-07:00] [pid=17564] [2026.05.13-10.54.59:391][  0]LogHttp: Display: cleaning up 1 outstanding Http requests.
[2026-05-13T03:54:59.3912610-07:00] [pid=17564] [2026.05.13-10.54.59:391][  0]LogHttp: Display: Sleeping 0.500s to wait for 1 outstanding Http requests.
[2026-05-13T03:54:59.4752656-07:00] [pid=24380] [2026.05.13-10.54.59:475][804]LogRunningAppService: Display: Dead foreground process [15828] C:/Program Files/Epic Games/UE_4.27/Engine/Binaries/Win64/UE4Editor.exe for app C:/Program Files/Epic Games/UE_4.27/
[2026-05-13T03:54:59.9142708-07:00] [pid=17564] [2026.05.13-10.54.59:914][  0]LogModuleManager: Shutting down and abandoning module SSL (12)
[2026-05-13T03:54:59.9152698-07:00] [pid=17564] [2026.05.13-10.54.59:915][  0]LogModuleManager: Shutting down and abandoning module CrashDebugHelper (8)
[2026-05-13T03:54:59.9152698-07:00] [pid=17564] [2026.05.13-10.54.59:915][  0]LogModuleManager: Shutting down and abandoning module CoreUObject (6)
[2026-05-13T03:54:59.9152698-07:00] [pid=17564] [2026.05.13-10.54.59:915][  0]LogModuleManager: Shutting down and abandoning module PakFile (4)
[2026-05-13T03:54:59.9152698-07:00] [pid=17564] [2026.05.13-10.54.59:915][  0]LogModuleManager: Shutting down and abandoning module RSA (3)
[2026-05-13T03:54:59.9167783-07:00] [pid=17564] [2026.05.13-10.54.59:916][  0]LogExit: Exiting.
[2026-05-13T03:55:00.1803854-07:00] [pid=24380] [2026.05.13-10.55.00:180][819]LogRunningAppService: Display: Dead foreground process [17564] C:/Program Files/Epic Games/UE_4.27/Engine/Binaries/Win64/CrashReportClientEditor.exe for app C:/Program Files/Epic Games/UE_4.27/
[2026-05-13T03:55:00.1813977-07:00] [pid=24380] [2026.05.13-10.55.00:180][819]LogRunningAppService: Display: App C:/Program Files/Epic Games/UE_4.27/ moved from foreground to dead
[2026-05-13T03:55:00.1824098-07:00] [pid=24380] [2026.05.13-10.55.00:182][819]LogRunningAppPresenceHandler: Display: No foreground apps with monitored presence: clearing override presence
[2026-05-13T03:55:00.1824098-07:00] [pid=24380] [2026.05.13-10.55.00:182][819]LogCloudSync: Cloud Sync: Sync Started for ue:3ddb1bad6e004b99a7192c1a29f2318a:UE_4.27
[2026-05-13T03:55:00.1854104-07:00] [pid=24380] [2026.05.13-10.55.00:185][819]LogCloudSync: Cloud Sync: Exiting Cloud Sync - SUCCESS - AppName: ue:3ddb1bad6e004b99a7192c1a29f2318a:UE_4.27
[2026-05-13T03:55:00.4651314-07:00] [pid=24380] [2026.05.13-10.55.00:465][825]LogCommunityPortalOSS: Display: ...found 481 entitled apps
