[2026-05-13T05:13:18.2879115-07:00] DebugMonitor start, maxSeconds=1800
[2026-05-13T05:13:18.3044478-07:00] [pid=27484] Focus Exec Name: wwise.exe
[2026-05-13T05:13:18.3044478-07:00] [pid=27484] ---> Focus Exec Name: wwise.exe has WS_OVERLAPPEDWINDOW
[2026-05-13T05:13:18.3099587-07:00] [pid=27484] Focus Exec Name: wwise.exe
[2026-05-13T05:13:18.3104625-07:00] [pid=27484] ---> Focus Exec Name: wwise.exe does not has WS_OVERLAPPEDWINDOW
[2026-05-13T05:13:18.3315323-07:00] [pid=27484] [Maximize Proc] Foreground Title: 
[2026-05-13T05:13:18.3325367-07:00] [pid=27484] ---> Focus Exec Name:  has WS_OVERLAPPEDWINDOW
[2026-05-13T05:13:18.3335367-07:00] [pid=27484] Focus Exec Name: wwise.exe
[2026-05-13T05:13:18.3335367-07:00] [pid=27484] ---> Focus Exec Name: wwise.exe has WS_OVERLAPPEDWINDOW
[2026-05-13T05:13:18.3405665-07:00] [pid=27484] [Maximize Proc] Foreground Title: 
[2026-05-13T05:13:18.3405665-07:00] [pid=27484] ---> Focus Exec Name:  has WS_OVERLAPPEDWINDOW
[2026-05-13T05:13:18.3425797-07:00] [pid=27484] [Maximize Proc] Foreground Title: 
[2026-05-13T05:13:18.3425797-07:00] [pid=27484] ---> Focus Exec Name:  has WS_OVERLAPPEDWINDOW
[2026-05-13T05:13:18.3490932-07:00] [pid=27484] [Maximize Proc] Foreground Title: Wwise
[2026-05-13T05:13:18.3515994-07:00] [pid=27484] ---> Focus Exec Name: Wwise has WS_OVERLAPPEDWINDOW
[2026-05-13T05:13:18.3515994-07:00] [pid=27484] [Maximize Proc] Foreground Title: Wwise
[2026-05-13T05:13:18.3526113-07:00] [pid=27484] ---> Focus Exec Name: Wwise has WS_OVERLAPPEDWINDOW
[2026-05-13T05:13:18.5004760-07:00] [pid=27484] Focus Exec Name: wwise.exe
[2026-05-13T05:13:18.5004760-07:00] [pid=27484] ---> Focus Exec Name: wwise.exe does not has WS_OVERLAPPEDWINDOW
[2026-05-13T05:13:18.5054852-07:00] [pid=27484] [Maximize Proc] Foreground Title: Wwise 2019.2.15 
[2026-05-13T05:13:18.5054852-07:00] [pid=27484] ---> Focus Exec Name: Wwise 2019.2.15  has WS_OVERLAPPEDWINDOW
[2026-05-13T05:13:18.5079957-07:00] [pid=27484] [Maximize Proc] Foreground Title: Wwise 2019.2.15 
[2026-05-13T05:13:18.5079957-07:00] [pid=27484] ---> Focus Exec Name: Wwise 2019.2.15  has WS_OVERLAPPEDWINDOW
[2026-05-13T05:13:18.5804970-07:00] [pid=988] <<<_____ ImmerseAudioRenderer _____>>> 
[2026-05-13T05:13:18.5804970-07:00] [pid=988] RegisterImmerseAudioRendererFX()
[2026-05-13T05:13:18.5804970-07:00] [pid=988] 
[2026-05-13T05:13:18.5804970-07:00] [pid=988] <<<_____ ImmerseAudioRenderer _____>>> 
[2026-05-13T05:13:18.5804970-07:00] [pid=988] CreateImmerseManager
[2026-05-13T05:13:18.5804970-07:00] [pid=988] 
[2026-05-13T05:13:18.5804970-07:00] [pid=988] <<<_____ ImmerseAudioRenderer _____>>> 
[2026-05-13T05:13:18.5804970-07:00] [pid=988] loadAndInitializeImmerseEngine
[2026-05-13T05:13:18.5804970-07:00] [pid=988] 
[2026-05-13T05:13:18.5925418-07:00] [pid=988] <<<_____ ImmerseAudioRenderer _____>>> 
[2026-05-13T05:13:18.5925418-07:00] [pid=988] CreateDestroyImmerseManager
[2026-05-13T05:13:18.5925418-07:00] [pid=988] 
[2026-05-13T05:13:18.5925418-07:00] [pid=988] <<<_____ ImmerseAudioRenderer _____>>> 
[2026-05-13T05:13:18.5925418-07:00] [pid=988] CreateImmerseManager
[2026-05-13T05:13:18.5925418-07:00] [pid=988] 
[2026-05-13T05:13:18.6226274-07:00] [pid=988] <<<_____ ImmerseAudioRenderer _____>>> 
[2026-05-13T05:13:18.6226274-07:00] [pid=988] CreateImmerseAudioRendererFXParams()
[2026-05-13T05:13:18.6226274-07:00] [pid=988] 
[2026-05-13T05:13:18.6226274-07:00] [pid=988] <<<_____ ImmerseAudioRenderer _____>>> 
[2026-05-13T05:13:18.6226274-07:00] [pid=988] WwiseFxNullParams::Init()
[2026-05-13T05:13:18.6226274-07:00] [pid=988] 
[2026-05-13T05:13:18.6226274-07:00] [pid=988] <<<_____ ImmerseAudioRenderer _____>>> 
[2026-05-13T05:13:18.6226274-07:00] [pid=988] WwiseFxNullParams::SetParam()
[2026-05-13T05:13:18.6226274-07:00] [pid=988] 
[2026-05-13T05:13:18.6226274-07:00] [pid=988] <<<_____ ImmerseAudioRenderer _____>>> 
[2026-05-13T05:13:18.6226274-07:00] [pid=988] WwiseFxNullParams::SetParam()
[2026-05-13T05:13:18.6226274-07:00] [pid=988] 
[2026-05-13T05:13:18.6226274-07:00] [pid=988] <<<_____ ImmerseAudioRenderer _____>>> 
[2026-05-13T05:13:18.6236272-07:00] [pid=988] WwiseFxNullParams::SetParam()
[2026-05-13T05:13:18.6236272-07:00] [pid=988] 
[2026-05-13T05:13:18.6236272-07:00] [pid=988] <<<_____ ImmerseAudioRenderer _____>>> 
[2026-05-13T05:13:18.6236272-07:00] [pid=988] WwiseFxNullParams::SetParam()
[2026-05-13T05:13:18.6236272-07:00] [pid=988] 
[2026-05-13T05:13:18.6236272-07:00] [pid=988] <<<_____ ImmerseAudioRenderer _____>>> 
[2026-05-13T05:13:18.6236272-07:00] [pid=988] WwiseFxNullParams::SetParam()
[2026-05-13T05:13:18.6236272-07:00] [pid=988] 
[2026-05-13T05:13:18.6236272-07:00] [pid=988] <<<_____ ImmerseAudioRenderer _____>>> 
[2026-05-13T05:13:18.6236272-07:00] [pid=988] WwiseFxNullParams::SetParam()
[2026-05-13T05:13:18.6236272-07:00] [pid=988] 
[2026-05-13T05:13:18.6236272-07:00] [pid=988] <<<_____ ImmerseAudioRenderer _____>>> 
[2026-05-13T05:13:18.6236272-07:00] [pid=988] WwiseFxNullParams::SetParam()
[2026-05-13T05:13:18.6236272-07:00] [pid=988] 
[2026-05-13T05:13:18.6236272-07:00] [pid=988] <<<_____ ImmerseAudioRenderer _____>>> 
[2026-05-13T05:13:18.6236272-07:00] [pid=988] WwiseFxNullParams::SetParam()
[2026-05-13T05:13:18.6236272-07:00] [pid=988] 
[2026-05-13T05:13:18.6236272-07:00] [pid=988] <<<_____ ImmerseAudioRenderer _____>>> 
[2026-05-13T05:13:18.6236272-07:00] [pid=988] WwiseFxNullParams::SetParam()
[2026-05-13T05:13:18.6236272-07:00] [pid=988] 
[2026-05-13T05:13:18.6236272-07:00] [pid=988] <<<_____ ImmerseAudioRenderer _____>>> 
[2026-05-13T05:13:18.6236272-07:00] [pid=988] WwiseFxNullParams::ApplyParam()
[2026-05-13T05:13:18.6236272-07:00] [pid=988] 
[2026-05-13T05:13:18.6236272-07:00] [pid=988] <<<_____ ImmerseAudioRenderer _____>>> 
[2026-05-13T05:13:18.6236272-07:00] [pid=988] WwiseFxNullParams::ApplyParam()
[2026-05-13T05:13:18.6236272-07:00] [pid=988] 
[2026-05-13T05:13:18.6236272-07:00] [pid=988] <<<_____ ImmerseAudioRenderer _____>>> 
[2026-05-13T05:13:18.6236272-07:00] [pid=988] WwiseFxNullParams::ApplyParam()
[2026-05-13T05:13:18.6236272-07:00] [pid=988] 
[2026-05-13T05:13:18.6236272-07:00] [pid=988] <<<_____ ImmerseAudioRenderer _____>>> 
[2026-05-13T05:13:18.6236272-07:00] [pid=988] WwiseFxNullParams::ApplyParam()
[2026-05-13T05:13:18.6236272-07:00] [pid=988] 
[2026-05-13T05:13:18.6236272-07:00] [pid=988] <<<_____ ImmerseAudioRenderer _____>>> 
[2026-05-13T05:13:18.6236272-07:00] [pid=988] WwiseFxNullParams::ApplyParam()
[2026-05-13T05:13:18.6236272-07:00] [pid=988] 
[2026-05-13T05:13:18.6246266-07:00] [pid=988] <<<_____ ImmerseAudioRenderer _____>>> 
[2026-05-13T05:13:18.6246266-07:00] [pid=988] WwiseFxNullParams::ApplyParam()
[2026-05-13T05:13:18.6246266-07:00] [pid=988] 
[2026-05-13T05:13:18.6246266-07:00] [pid=988] <<<_____ ImmerseAudioRenderer _____>>> 
[2026-05-13T05:13:18.6246266-07:00] [pid=988] WwiseFxNullParams::ApplyParam()
[2026-05-13T05:13:18.6246266-07:00] [pid=988] 
[2026-05-13T05:13:18.6246266-07:00] [pid=988] <<<_____ ImmerseAudioRenderer _____>>> 
[2026-05-13T05:13:18.6246266-07:00] [pid=988] WwiseFxNullParams::ApplyParam()
[2026-05-13T05:13:18.6246266-07:00] [pid=988] 
[2026-05-13T05:13:18.6246266-07:00] [pid=988] <<<_____ ImmerseAudioRenderer _____>>> 
[2026-05-13T05:13:18.6246266-07:00] [pid=988] WwiseFxNullParams::ApplyParam()
[2026-05-13T05:13:18.6246266-07:00] [pid=988] 
[2026-05-13T05:13:18.6517007-07:00] [pid=27484] Focus Exec Name: wwise.exe
[2026-05-13T05:13:18.6517007-07:00] [pid=27484] ---> Focus Exec Name: wwise.exe has WS_OVERLAPPEDWINDOW
[2026-05-13T05:13:18.9181957-07:00] [pid=18712] <1>May13 05:13:18.918 SF_18712[CpBoard] [CB] HandleClipboard S to C
[2026-05-13T05:13:18.9181957-07:00] [pid=18712] <1>May13 05:13:18.918 SF_18712[CpBoard] Send clipboard data to client fmt(13).
[2026-05-13T05:13:18.9181957-07:00] [pid=18712] <1>May13 05:13:18.918 SF_18712[CpBoard] [CB] Data Push start. len:454
[2026-05-13T05:13:19.0755755-07:00] [pid=27484] Focus Exec Name: wwise.exe
[2026-05-13T05:13:19.0755755-07:00] [pid=27484] ---> Focus Exec Name: wwise.exe has WS_OVERLAPPEDWINDOW
[2026-05-13T05:13:19.0780859-07:00] [pid=27484] Focus Exec Name: wwise.exe
[2026-05-13T05:13:19.0780859-07:00] [pid=27484] ---> Focus Exec Name: wwise.exe has WS_OVERLAPPEDWINDOW
[2026-05-13T05:13:19.4825250-07:00] [pid=27484] Focus Exec Name: wwise.exe
[2026-05-13T05:13:19.4825250-07:00] [pid=27484] ---> Focus Exec Name: wwise.exe has WS_OVERLAPPEDWINDOW
[2026-05-13T05:13:19.4870283-07:00] [pid=27484] Focus Exec Name: wwise.exe
[2026-05-13T05:13:19.4870283-07:00] [pid=27484] ---> Focus Exec Name: wwise.exe has WS_OVERLAPPEDWINDOW
[2026-05-13T05:13:22.7227392-07:00] [pid=3804] Looking for binary: ../../../Engine/Programs/CrashReportClient/Config/BinaryConfig.ini
[2026-05-13T05:13:22.7237388-07:00] [pid=3804] CrashReportClientDiagnosticLog: CRC/Init:2026.05.13-12.13.22
[2026-05-13T05:13:22.7237388-07:00] [pid=3804] LogPlatformFile: Not using cached read wrapper
[2026-05-13T05:13:22.7237388-07:00] [pid=3804] LogTaskGraph: Started task graph with 4 named threads and 22 total threads with 1 sets of task threads.
[2026-05-13T05:13:22.7237388-07:00] [pid=3804] LogICUInternationalization: ICU TimeZone Detection - Raw Offset: -8:00, Platform Override: ''
[2026-05-13T05:13:22.7237388-07:00] [pid=3804] LogInit: Display: Loading text-based GConfig....
[2026-05-13T05:13:22.7377740-07:00] [pid=3804] LogInit: Build: ++UE4+Release-4.27-CL-18319896
[2026-05-13T05:13:22.7377740-07:00] [pid=3804] LogInit: Engine Version: 4.27.2-18319896+++UE4+Release-4.27
[2026-05-13T05:13:22.7377740-07:00] [pid=3804] LogInit: Compatible Engine Version: 4.27.0-17155196+++UE4+Release-4.27
[2026-05-13T05:13:22.7377740-07:00] [pid=3804] LogInit: Net CL: 17155196
[2026-05-13T05:13:22.7387740-07:00] [pid=3804] LogInit: OS: Windows 10 (Release 2009) (), CPU: 13th Gen Intel(R) Core(TM) i7-13650HX, GPU: Intel(R) UHD Graphics
[2026-05-13T05:13:22.7387740-07:00] [pid=3804] LogInit: Compiled (64-bit): Nov 30 2021 08:03:32
[2026-05-13T05:13:22.7387740-07:00] [pid=3804] LogInit: Compiled with Visual C++: 19.24.28315.00
[2026-05-13T05:13:22.7387740-07:00] [pid=3804] LogInit: Build Configuration: Shipping
[2026-05-13T05:13:22.7387740-07:00] [pid=3804] LogInit: Branch Name: ++UE4+Release-4.27
[2026-05-13T05:13:22.7387740-07:00] [pid=3804] LogInit: Command Line: "C:\Program Files\Epic Games\UE_4.27\Engine\Binaries\Win64\CrashReportClientEditor.exe" "../../../Engine/Binaries/Win64/CrashReportClientEditor.exe"  -READ=540 -WRITE=552 -MONITOR=10072 -unattended -ConcertServer="AEF470AE4B95A6FC0E91C59436D0A1EC" -RespawnedInstance
[2026-05-13T05:13:22.7387740-07:00] [pid=3804] LogInit: Base Directory: C:/Program Files/Epic Games/UE_4.27/Engine/Binaries/Win64/
[2026-05-13T05:13:22.7387740-07:00] [pid=3804] LogInit: Allocator: TBB
[2026-05-13T05:13:22.7387740-07:00] [pid=3804] LogInit: Installed Engine Build: 1
[2026-05-13T05:13:22.7442857-07:00] [pid=3804] LogInit: Presizing for max 2097152 objects, including 1 objects not considered by GC, pre-allocating 0 bytes for permanent pool.
[2026-05-13T05:13:22.7452862-07:00] [pid=3804] LogConfig: Applying CVar settings from Section [/Script/Engine.StreamingSettings] File [C:/Users/kapil/AppData/Local/CrashReportClient/Saved/Config/WindowsNoEditor/Engine.ini]
[2026-05-13T05:13:22.7452862-07:00] [pid=3804] LogConfig: Setting CVar [[s.MinBulkDataSizeForAsyncLoading:131072]]
[2026-05-13T05:13:22.7452862-07:00] [pid=3804] LogConfig: Setting CVar [[s.AsyncLoadingThreadEnabled:0]]
[2026-05-13T05:13:22.7452862-07:00] [pid=3804] LogConfig: Setting CVar [[s.EventDrivenLoaderEnabled:1]]
[2026-05-13T05:13:22.7452862-07:00] [pid=3804] LogConfig: Setting CVar [[s.WarnIfTimeLimitExceeded:0]]
[2026-05-13T05:13:22.7452862-07:00] [pid=3804] LogConfig: Setting CVar [[s.TimeLimitExceededMultiplier:1.5]]
[2026-05-13T05:13:22.7452862-07:00] [pid=3804] LogConfig: Setting CVar [[s.TimeLimitExceededMinTime:0.005]]
[2026-05-13T05:13:22.7452862-07:00] [pid=3804] LogConfig: Setting CVar [[s.FlushStreamingOnExit:1]]
[2026-05-13T05:13:22.7452862-07:00] [pid=3804] LogInit: Object subsystem initialized
[2026-05-13T05:13:22.7452862-07:00] [pid=3804] LogConfig: Applying CVar settings from Section [ConsoleVariables] File [C:/Users/kapil/AppData/Local/CrashReportClient/Saved/Config/WindowsNoEditor/Engine.ini]
[2026-05-13T05:13:22.7452862-07:00] [pid=3804] [2026.05.13-12.13.22:745][  0]LogInit: Computer: IMMERSEDEMOM5
[2026-05-13T05:13:22.7467899-07:00] [pid=3804] [2026.05.13-12.13.22:746][  0]LogInit: User: kapil
[2026-05-13T05:13:22.7467899-07:00] [pid=3804] [2026.05.13-12.13.22:746][  0]LogInit: CPU Page size=4096, Cores=14
[2026-05-13T05:13:22.7467899-07:00] [pid=3804] [2026.05.13-12.13.22:746][  0]LogInit: High frequency timer resolution =10.000000 MHz
[2026-05-13T05:13:22.7467899-07:00] [pid=3804] [2026.05.13-12.13.22:746][  0]LogMemory: Memory total: Physical=15.7GB (16GB approx)
[2026-05-13T05:13:22.7467899-07:00] [pid=3804] [2026.05.13-12.13.22:746][  0]LogMemory: Platform Memory Stats for WindowsNoEditor
[2026-05-13T05:13:22.7467899-07:00] [pid=3804] [2026.05.13-12.13.22:746][  0]LogMemory: Process Physical Memory: 30.68 MB used, 30.68 MB peak
[2026-05-13T05:13:22.7477955-07:00] [pid=3804] [2026.05.13-12.13.22:746][  0]LogMemory: Process Virtual Memory: 65.90 MB used, 65.90 MB peak
[2026-05-13T05:13:22.7477955-07:00] [pid=3804] [2026.05.13-12.13.22:746][  0]LogMemory: Physical Memory: 13234.25 MB used,  2834.45 MB free, 16068.70 MB total
[2026-05-13T05:13:22.7477955-07:00] [pid=3804] [2026.05.13-12.13.22:747][  0]LogMemory: Virtual Memory: 134207552.00 MB used,  10174.50 MB free, 134217728.00 MB total
[2026-05-13T05:13:22.7513052-07:00] [pid=3804] [2026.05.13-12.13.22:751][  0]LogUObjectArray: 363 objects as part of root set at end of initial load.
[2026-05-13T05:13:22.7513052-07:00] [pid=3804] [2026.05.13-12.13.22:751][  0]LogUObjectArray: 0 objects are not in the root set, but can never be destroyed because they are in the DisregardForGC set.
[2026-05-13T05:13:22.7513052-07:00] [pid=3804] [2026.05.13-12.13.22:751][  0]LogUObjectAllocator: 53496 out of 0 bytes used by permanent object pool.
[2026-05-13T05:13:22.7513052-07:00] [pid=3804] [2026.05.13-12.13.22:751][  0]LogUObjectArray: CloseDisregardForGC: 363/363 objects in disregard for GC pool
[2026-05-13T05:13:22.7513052-07:00] [pid=3804] [2026.05.13-12.13.22:751][  0]LogInit: Using OS detected language (en-US).
[2026-05-13T05:13:22.7513052-07:00] [pid=3804] [2026.05.13-12.13.22:751][  0]LogInit: Using OS detected locale (en-US).
[2026-05-13T05:13:22.7513052-07:00] [pid=3804] [2026.05.13-12.13.22:751][  0]LogTextLocalizationManager: No specific localization for 'en-US' exists, so the 'en' localization will be used.
[2026-05-13T05:13:22.7653390-07:00] [pid=3804] [2026.05.13-12.13.22:765][  0]LogInit: Using OS detected language (en-US).
[2026-05-13T05:13:22.7653390-07:00] [pid=3804] [2026.05.13-12.13.22:765][  0]LogInit: Using OS detected locale (en-US).
[2026-05-13T05:13:22.7653390-07:00] [pid=3804] [2026.05.13-12.13.22:765][  0]LogTextLocalizationManager: No localization for 'en-US' exists, so 'en' will be used for the language.
[2026-05-13T05:13:22.7653390-07:00] [pid=3804] [2026.05.13-12.13.22:765][  0]LogTextLocalizationManager: No localization for 'en-US' exists, so 'en' will be used for the locale.
[2026-05-13T05:13:22.7668440-07:00] [pid=3804] [2026.05.13-12.13.22:766][  0]LogTextLocalizationManager: Compacting localization data took   0.00ms
[2026-05-13T05:13:22.7668440-07:00] [pid=3804] [2026.05.13-12.13.22:766][  0]LogPackageLocalizationCache: Processed 2 localized package path(s) for 1 prioritized culture(s) in 0.000051 seconds
[2026-05-13T05:13:22.7668440-07:00] [pid=3804] [2026.05.13-12.13.22:766][  0]CrashReportClientDiagnosticLog: CRC/Load
[2026-05-13T05:13:22.7678521-07:00] [pid=3804] [2026.05.13-12.13.22:767][  0]CrashReportClientDiagnosticLog: CRC/Config
[2026-05-13T05:13:22.7678521-07:00] [pid=3804] [2026.05.13-12.13.22:767][  0]CrashReportCoreLog: CrashReportClientVersion=1.0
[2026-05-13T05:13:22.7678521-07:00] [pid=3804] [2026.05.13-12.13.22:767][  0]CrashReportCoreLog: CrashReportReceiver disabled
[2026-05-13T05:13:22.7678521-07:00] [pid=3804] [2026.05.13-12.13.22:767][  0]CrashReportCoreLog: DataRouterUrl: https://datarouter.ol.epicgames.com/datarouter/api/v1/public/data
[2026-05-13T05:13:22.7678521-07:00] [pid=3804] [2026.05.13-12.13.22:767][  0]LogCrashDebugHelper: DepotName: //UE4/Release-4.27
[2026-05-13T05:13:22.7678521-07:00] [pid=3804] [2026.05.13-12.13.22:767][  0]LogCrashDebugHelper: BuiltFromCL: 18319896
[2026-05-13T05:13:22.7688514-07:00] [pid=3804] [2026.05.13-12.13.22:767][  0]LogCrashDebugHelper: EngineVersion: 4.27.2-18319896+++UE4+Release-4.27
[2026-05-13T05:13:22.7688514-07:00] [pid=3804] [2026.05.13-12.13.22:767][  0]LogCrashDebugHelper: BuildVersion: ++UE4+Release-4.27-CL-18319896
[2026-05-13T05:13:22.7698512-07:00] [pid=3804] [2026.05.13-12.13.22:768][  0]CrashReportClientDiagnosticLog: Monitor/Start:3804
[2026-05-13T05:13:22.7703541-07:00] [pid=3804] [2026.05.13-12.13.22:770][  0]CrashReportClientDiagnosticLog: OpenProcess/Done
[2026-05-13T05:13:23.3189922-07:00] [pid=10072] Looking for binary: ../../../../../../Users/kapil/OneDrive/Documents/Unreal Projects/testTP/Config/BinaryConfig.ini
[2026-05-13T05:13:23.3204931-07:00] [pid=10072] LogWindows: Failed to load 'aqProf.dll' (GetLastError=126)
[2026-05-13T05:13:23.3204931-07:00] [pid=10072] LogWindows: File 'aqProf.dll' does not exist
[2026-05-13T05:13:23.3204931-07:00] [pid=10072] LogWindows: Failed to load 'VtuneApi.dll' (GetLastError=126)
[2026-05-13T05:13:23.3204931-07:00] [pid=10072] LogWindows: File 'VtuneApi.dll' does not exist
[2026-05-13T05:13:23.3204931-07:00] [pid=10072] LogWindows: Failed to load 'VtuneApi32e.dll' (GetLastError=126)
[2026-05-13T05:13:23.3204931-07:00] [pid=10072] LogWindows: File 'VtuneApi32e.dll' does not exist
[2026-05-13T05:13:23.3204931-07:00] [pid=10072] LogConsoleResponse: Display: Failed to find resolution value strings in scalability ini. Falling back to default.
[2026-05-13T05:13:23.3204931-07:00] [pid=10072] LogConsoleResponse: Display: Failed to find resolution value strings in scalability ini. Falling back to default.
[2026-05-13T05:13:23.3214977-07:00] [pid=10072] LogInit: Display: Running engine for game: testTP
[2026-05-13T05:13:23.3214977-07:00] [pid=10072] LogPlatformFile: Not using cached read wrapper
[2026-05-13T05:13:23.3214977-07:00] [pid=10072] LogTaskGraph: Started task graph with 5 named threads and 59 total threads with 3 sets of task threads.
[2026-05-13T05:13:23.3214977-07:00] [pid=10072] LogStats: Stats thread started at 0.210305
[2026-05-13T05:13:23.3214977-07:00] [pid=10072] LogICUInternationalization: ICU TimeZone Detection - Raw Offset: -8:00, Platform Override: ''
[2026-05-13T05:13:23.3214977-07:00] [pid=10072] LogInit: Display: Loading text-based GConfig....
[2026-05-13T05:13:23.3706273-07:00] [pid=10072] LogPluginManager: Mounting plugin MeshPainting
[2026-05-13T05:13:23.3706273-07:00] [pid=10072] LogPluginManager: Mounting plugin XGEController
[2026-05-13T05:13:23.3716338-07:00] [pid=10072] LogPluginManager: Mounting plugin Paper2D
[2026-05-13T05:13:23.3726395-07:00] [pid=10072] LogPluginManager: Mounting plugin LiveLink
[2026-05-13T05:13:23.3746395-07:00] [pid=10072] LogPluginManager: Mounting plugin AISupport
[2026-05-13T05:13:23.3746395-07:00] [pid=10072] LogPluginManager: Mounting plugin EnvironmentQueryEditor
[2026-05-13T05:13:23.3756401-07:00] [pid=10072] LogPluginManager: Mounting plugin LightPropagationVolume
[2026-05-13T05:13:23.3771451-07:00] [pid=10072] LogPluginManager: Mounting plugin OodleData
[2026-05-13T05:13:23.3771451-07:00] [pid=10072] LogPluginManager: Mounting plugin OodleNetwork
[2026-05-13T05:13:23.3781530-07:00] [pid=10072] LogPluginManager: Mounting plugin AnimationSharing
[2026-05-13T05:13:23.3791515-07:00] [pid=10072] LogPluginManager: Mounting plugin GameplayCameras
[2026-05-13T05:13:23.3791515-07:00] [pid=10072] LogPluginManager: Mounting plugin CameraShakePreviewer
[2026-05-13T05:13:23.3801533-07:00] [pid=10072] LogPluginManager: Mounting plugin AssetManagerEditor
[2026-05-13T05:13:23.3806657-07:00] [pid=10072] LogPluginManager: Mounting plugin CryptoKeys
[2026-05-13T05:13:23.3816821-07:00] [pid=10072] LogPluginManager: Mounting plugin CurveEditorTools
[2026-05-13T05:13:23.3816821-07:00] [pid=10072] LogPluginManager: Mounting plugin DataValidation
[2026-05-13T05:13:23.3826944-07:00] [pid=10072] LogPluginManager: Mounting plugin CLionSourceCodeAccess
[2026-05-13T05:13:23.3826944-07:00] [pid=10072] LogPluginManager: Mounting plugin CodeLiteSourceCodeAccess
[2026-05-13T05:13:23.3836948-07:00] [pid=10072] LogPluginManager: Mounting plugin KDevelopSourceCodeAccess
[2026-05-13T05:13:23.3846875-07:00] [pid=10072] LogPluginManager: Mounting plugin FacialAnimation
[2026-05-13T05:13:23.3846875-07:00] [pid=10072] LogPluginManager: Mounting plugin NullSourceCodeAccess
[2026-05-13T05:13:23.3856868-07:00] [pid=10072] LogPluginManager: Mounting plugin MacGraphicsSwitching
[2026-05-13T05:13:23.3866945-07:00] [pid=10072] LogPluginManager: Mounting plugin GeometryMode
[2026-05-13T05:13:23.3866945-07:00] [pid=10072] LogPluginManager: Mounting plugin GitSourceControl
[2026-05-13T05:13:23.3877100-07:00] [pid=10072] LogPluginManager: Mounting plugin MaterialAnalyzer
[2026-05-13T05:13:23.3877100-07:00] [pid=10072] LogPluginManager: Mounting plugin GameplayTagsEditor
[2026-05-13T05:13:23.3887063-07:00] [pid=10072] LogPluginManager: Mounting plugin MobileLauncherProfileWizard
[2026-05-13T05:13:23.3887063-07:00] [pid=10072] LogPluginManager: Mounting plugin PerforceSourceControl
[2026-05-13T05:13:23.3897070-07:00] [pid=10072] LogPluginManager: Mounting plugin PlasticSourceControl
[2026-05-13T05:13:23.3902202-07:00] [pid=10072] LogPluginManager: Mounting plugin PluginBrowser
[2026-05-13T05:13:23.3912299-07:00] [pid=10072] LogPluginManager: Mounting plugin PluginUtils
[2026-05-13T05:13:23.3912299-07:00] [pid=10072] LogPluginManager: Mounting plugin RiderSourceCodeAccess
[2026-05-13T05:13:23.3922405-07:00] [pid=10072] LogPluginManager: Mounting plugin SpeedTreeImporter
[2026-05-13T05:13:23.3922405-07:00] [pid=10072] LogPluginManager: Mounting plugin PropertyAccessNode
[2026-05-13T05:13:23.3932407-07:00] [pid=10072] LogPluginManager: Mounting plugin SubversionSourceControl
[2026-05-13T05:13:23.3942424-07:00] [pid=10072] LogPluginManager: Mounting plugin TextureFormatOodle
[2026-05-13T05:13:23.3942424-07:00] [pid=10072] LogPluginManager: Mounting plugin VisualStudioCodeSourceCodeAccess
[2026-05-13T05:13:23.3952411-07:00] [pid=10072] LogPluginManager: Mounting plugin XCodeSourceCodeAccess
[2026-05-13T05:13:23.3952411-07:00] [pid=10072] LogPluginManager: Mounting plugin UObjectPlugin
[2026-05-13T05:13:23.3952411-07:00] [pid=10072] LogPluginManager: Mounting plugin PixWinPlugin
[2026-05-13T05:13:23.3967528-07:00] [pid=10072] LogPluginManager: Mounting plugin VisualStudioSourceCodeAccess
[2026-05-13T05:13:23.3967528-07:00] [pid=10072] LogPluginManager: Mounting plugin Niagara
[2026-05-13T05:13:23.3987749-07:00] [pid=10072] LogPluginManager: Mounting plugin DatasmithContent
[2026-05-13T05:13:23.3987749-07:00] [pid=10072] LogPluginManager: Mounting plugin VariantManagerContent
[2026-05-13T05:13:23.4002823-07:00] [pid=10072] LogPluginManager: Mounting plugin LuminPlatformFeatures
[2026-05-13T05:13:23.4002823-07:00] [pid=10072] LogPluginManager: Mounting plugin MagicLeap
[2026-05-13T05:13:23.4012857-07:00] [pid=10072] LogPluginManager: Mounting plugin MagicLeapPassableWorld
[2026-05-13T05:13:23.4022882-07:00] [pid=10072] LogPluginManager: Mounting plugin MagicLeapMedia
[2026-05-13T05:13:23.4033030-07:00] [pid=10072] LogPluginManager: Mounting plugin MagicLeapLightEstimation
[2026-05-13T05:13:23.4042889-07:00] [pid=10072] LogPluginManager: Mounting plugin TcpMessaging
[2026-05-13T05:13:23.4042889-07:00] [pid=10072] LogPluginManager: Mounting plugin UdpMessaging
[2026-05-13T05:13:23.4052883-07:00] [pid=10072] LogPluginManager: Mounting plugin AndroidMedia
[2026-05-13T05:13:23.4052883-07:00] [pid=10072] LogPluginManager: Mounting plugin MLSDK
[2026-05-13T05:13:23.4052883-07:00] [pid=10072] LogPluginManager: Mounting plugin AvfMedia
[2026-05-13T05:13:23.4068005-07:00] [pid=10072] LogPluginManager: Mounting plugin MediaCompositing
[2026-05-13T05:13:23.4068005-07:00] [pid=10072] LogPluginManager: Mounting plugin ImgMedia
[2026-05-13T05:13:23.4078194-07:00] [pid=10072] LogPluginManager: Mounting plugin MediaPlayerEditor
[2026-05-13T05:13:23.4088264-07:00] [pid=10072] LogPluginManager: Mounting plugin WebMMedia
[2026-05-13T05:13:23.4088264-07:00] [pid=10072] LogPluginManager: Mounting plugin WmfMedia
[2026-05-13T05:13:23.4098217-07:00] [pid=10072] LogPluginManager: Mounting plugin MatineeToLevelSequence
[2026-05-13T05:13:23.4103241-07:00] [pid=10072] LogPluginManager: Mounting plugin LevelSequenceEditor
[2026-05-13T05:13:23.4103241-07:00] [pid=10072] LogPluginManager: Mounting plugin OnlineSubsystem
[2026-05-13T05:13:23.4113385-07:00] [pid=10072] LogPluginManager: Mounting plugin TemplateSequence
[2026-05-13T05:13:23.4123434-07:00] [pid=10072] LogPluginManager: Mounting plugin ActorSequence
[2026-05-13T05:13:23.4123434-07:00] [pid=10072] LogPluginManager: Mounting plugin OnlineSubsystemNull
[2026-05-13T05:13:23.4133430-07:00] [pid=10072] LogPluginManager: Mounting plugin OnlineSubsystemUtils
[2026-05-13T05:13:23.4143430-07:00] [pid=10072] LogPluginManager: Mounting plugin ChaosClothEditor
[2026-05-13T05:13:23.4143430-07:00] [pid=10072] LogPluginManager: Mounting plugin AutomationUtils
[2026-05-13T05:13:23.4153432-07:00] [pid=10072] LogPluginManager: Mounting plugin CharacterAI
[2026-05-13T05:13:23.4153432-07:00] [pid=10072] LogPluginManager: Mounting plugin AlembicImporter
[2026-05-13T05:13:23.4153432-07:00] [pid=10072] LogPluginManager: Mounting plugin ChaosNiagara
[2026-05-13T05:13:23.4168461-07:00] [pid=10072] LogPluginManager: Mounting plugin ChaosSolverPlugin
[2026-05-13T05:13:23.4178505-07:00] [pid=10072] LogPluginManager: Mounting plugin BackChannel
[2026-05-13T05:13:23.4178505-07:00] [pid=10072] LogPluginManager: Mounting plugin ChaosCloth
[2026-05-13T05:13:23.4188515-07:00] [pid=10072] LogPluginManager: Mounting plugin ChaosEditor
[2026-05-13T05:13:23.4188515-07:00] [pid=10072] LogPluginManager: Mounting plugin LauncherChunkInstaller
[2026-05-13T05:13:23.4198509-07:00] [pid=10072] LogPluginManager: Mounting plugin AndroidDeviceProfileSelector
[2026-05-13T05:13:23.4203612-07:00] [pid=10072] LogPluginManager: Mounting plugin AndroidMoviePlayer
[2026-05-13T05:13:23.4213750-07:00] [pid=10072] LogPluginManager: Mounting plugin AndroidPermission
[2026-05-13T05:13:23.4213750-07:00] [pid=10072] LogPluginManager: Mounting plugin ActorLayerUtilities
[2026-05-13T05:13:23.4223682-07:00] [pid=10072] LogPluginManager: Mounting plugin AppleImageUtils
[2026-05-13T05:13:23.4233718-07:00] [pid=10072] LogPluginManager: Mounting plugin CableComponent
[2026-05-13T05:13:23.4233718-07:00] [pid=10072] LogPluginManager: Mounting plugin AppleMoviePlayer
[2026-05-13T05:13:23.4243715-07:00] [pid=10072] LogPluginManager: Mounting plugin ChunkDownloader
[2026-05-13T05:13:23.4243715-07:00] [pid=10072] LogPluginManager: Mounting plugin CustomMeshComponent
[2026-05-13T05:13:23.4253724-07:00] [pid=10072] LogPluginManager: Mounting plugin AudioSynesthesia
[2026-05-13T05:13:23.4253724-07:00] [pid=10072] LogPluginManager: Mounting plugin AssetTags
[2026-05-13T05:13:23.4268758-07:00] [pid=10072] LogPluginManager: Mounting plugin GoogleCloudMessaging
[2026-05-13T05:13:23.4268758-07:00] [pid=10072] LogPluginManager: Mounting plugin EditableMesh
[2026-05-13T05:13:23.4278801-07:00] [pid=10072] LogPluginManager: Mounting plugin ExampleDeviceProfileSelector
[2026-05-13T05:13:23.4288815-07:00] [pid=10072] LogPluginManager: Mounting plugin GeometryCache
[2026-05-13T05:13:23.4288815-07:00] [pid=10072] LogPluginManager: Mounting plugin GeometryCollectionPlugin
[2026-05-13T05:13:23.4298815-07:00] [pid=10072] LogPluginManager: Mounting plugin GooglePAD
[2026-05-13T05:13:23.4303840-07:00] [pid=10072] LogPluginManager: Mounting plugin AudioCapture
[2026-05-13T05:13:23.4303840-07:00] [pid=10072] LogPluginManager: Mounting plugin GeometryProcessing
[2026-05-13T05:13:23.4313887-07:00] [pid=10072] LogPluginManager: Mounting plugin ArchVisCharacter
[2026-05-13T05:13:23.4323933-07:00] [pid=10072] LogPluginManager: Mounting plugin MotoSynth
[2026-05-13T05:13:23.4333938-07:00] [pid=10072] LogPluginManager: Mounting plugin LinuxDeviceProfileSelector
[2026-05-13T05:13:23.4333938-07:00] [pid=10072] LogPluginManager: Mounting plugin OpenImageDenoise
[2026-05-13T05:13:23.4343919-07:00] [pid=10072] LogPluginManager: Mounting plugin ProxyLODPlugin
[2026-05-13T05:13:23.4343919-07:00] [pid=10072] LogPluginManager: Mounting plugin PlatformCrypto
[2026-05-13T05:13:23.4358959-07:00] [pid=10072] LogPluginManager: Mounting plugin PythonScriptPlugin
[2026-05-13T05:13:23.4358959-07:00] [pid=10072] LogPluginManager: Mounting plugin IOSDeviceProfileSelector
[2026-05-13T05:13:23.4369007-07:00] [pid=10072] LogPluginManager: Mounting plugin LocationServicesBPLibrary
[2026-05-13T05:13:23.4379045-07:00] [pid=10072] LogPluginManager: Mounting plugin MobilePatchingUtils
[2026-05-13T05:13:23.4379045-07:00] [pid=10072] LogPluginManager: Mounting plugin PlanarCut
[2026-05-13T05:13:23.4389066-07:00] [pid=10072] LogPluginManager: Mounting plugin OpenXREyeTracker
[2026-05-13T05:13:23.4399054-07:00] [pid=10072] LogPluginManager: Mounting plugin OpenXR
[2026-05-13T05:13:23.4404101-07:00] [pid=10072] LogPluginManager: Mounting plugin OpenXRHandTracking
[2026-05-13T05:13:23.4404101-07:00] [pid=10072] LogPluginManager: Mounting plugin PhysXVehicles
[2026-05-13T05:13:23.4414172-07:00] [pid=10072] LogPluginManager: Mounting plugin PostSplashScreen
[2026-05-13T05:13:23.4434257-07:00] [pid=10072] LogPluginManager: Mounting plugin PropertyAccessEditor
[2026-05-13T05:13:23.4434257-07:00] [pid=10072] LogPluginManager: Mounting plugin ProceduralMeshComponent
[2026-05-13T05:13:23.4444244-07:00] [pid=10072] LogPluginManager: Mounting plugin SkeletalReduction
[2026-05-13T05:13:23.4444244-07:00] [pid=10072] LogPluginManager: Mounting plugin RuntimePhysXCooking
[2026-05-13T05:13:23.4454243-07:00] [pid=10072] LogPluginManager: Mounting plugin SoundFields
[2026-05-13T05:13:23.4454243-07:00] [pid=10072] LogPluginManager: Mounting plugin Synthesis
[2026-05-13T05:13:23.4469314-07:00] [pid=10072] LogPluginManager: Mounting plugin ScreenshotTools
[2026-05-13T05:13:23.4479439-07:00] [pid=10072] LogPluginManager: Mounting plugin SignificanceManager
[2026-05-13T05:13:23.4479439-07:00] [pid=10072] LogPluginManager: Mounting plugin WebMMoviePlayer
[2026-05-13T05:13:23.4489420-07:00] [pid=10072] LogPluginManager: Mounting plugin WindowsMoviePlayer
[2026-05-13T05:13:23.4499410-07:00] [pid=10072] LogPluginManager: Mounting plugin Takes
[2026-05-13T05:13:23.4504469-07:00] [pid=10072] LogPluginManager: Mounting plugin ContentBrowserAssetDataSource
[2026-05-13T05:13:23.4514539-07:00] [pid=10072] LogPluginManager: Mounting plugin ContentBrowserClassDataSource
[2026-05-13T05:13:23.4514539-07:00] [pid=10072] LogPluginManager: Mounting plugin ContentBrowserFileDataSource
[2026-05-13T05:13:23.4524599-07:00] [pid=10072] LogPluginManager: Mounting plugin OnlineSubsystemGooglePlay
[2026-05-13T05:13:23.4534609-07:00] [pid=10072] LogPluginManager: Mounting plugin OnlineSubsystemIOS
[2026-05-13T05:13:23.4534609-07:00] [pid=10072] LogPluginManager: Mounting plugin OculusVR
[2026-05-13T05:13:23.4554593-07:00] [pid=10072] LogPluginManager: Mounting plugin SteamVR
[2026-05-13T05:13:23.4554593-07:00] [pid=10072] LogPluginManager: Mounting plugin Wwise
[2026-05-13T05:13:23.5055869-07:00] [pid=10072] PixWinPlugin: PIX capture plugin failed to initialize! Check that the process is launched from PIX.
[2026-05-13T05:13:23.5697790-07:00] [pid=10072] LogInit: Using libcurl 7.55.1-DEV
[2026-05-13T05:13:23.5697790-07:00] [pid=10072] LogInit:  - built for x86_64-pc-win32
[2026-05-13T05:13:23.5702836-07:00] [pid=10072] LogInit:  - supports SSL with OpenSSL/1.1.1
[2026-05-13T05:13:23.5702836-07:00] [pid=10072] LogInit:  - supports HTTP deflate (compression) using libz 1.2.8
[2026-05-13T05:13:23.5702836-07:00] [pid=10072] LogInit:  - other features:
[2026-05-13T05:13:23.5702836-07:00] [pid=10072] LogInit:      CURL_VERSION_SSL
[2026-05-13T05:13:23.5702836-07:00] [pid=10072] LogInit:      CURL_VERSION_LIBZ
[2026-05-13T05:13:23.5702836-07:00] [pid=10072] LogInit:      CURL_VERSION_IPV6
[2026-05-13T05:13:23.5702836-07:00] [pid=10072] LogInit:      CURL_VERSION_ASYNCHDNS
[2026-05-13T05:13:23.5702836-07:00] [pid=10072] LogInit:      CURL_VERSION_LARGEFILE
[2026-05-13T05:13:23.5702836-07:00] [pid=10072] LogInit:      CURL_VERSION_IDN
[2026-05-13T05:13:23.5702836-07:00] [pid=10072] LogInit:  CurlRequestOptions (configurable via config and command line):
[2026-05-13T05:13:23.5702836-07:00] [pid=10072] LogInit:  - bVerifyPeer = true  - Libcurl will verify peer certificate
[2026-05-13T05:13:23.5712878-07:00] [pid=10072] LogInit:  - bUseHttpProxy = false  - Libcurl will NOT use HTTP proxy
[2026-05-13T05:13:23.5712878-07:00] [pid=10072] LogInit:  - bDontReuseConnections = false  - Libcurl will reuse connections
[2026-05-13T05:13:23.5712878-07:00] [pid=10072] LogInit:  - MaxHostConnections = 16  - Libcurl will limit the number of connections to a host
[2026-05-13T05:13:23.5712878-07:00] [pid=10072] LogInit:  - LocalHostAddr = Default
[2026-05-13T05:13:23.5712878-07:00] [pid=10072] LogInit:  - BufferSize = 65536
[2026-05-13T05:13:23.5953401-07:00] [pid=10072] LogOnline: OSS: Creating online subsystem instance for: NULL
[2026-05-13T05:13:23.5953401-07:00] [pid=10072] LogInit: WinSock: version 1.1 (2.2), MaxSocks=32767, MaxUdp=65467
[2026-05-13T05:13:23.5953401-07:00] [pid=10072] LogOnline: OSS: TryLoadSubsystemAndSetDefault: Loaded subsystem for module [NULL]
[2026-05-13T05:13:23.6577892-07:00] [pid=10072] LogOculusPluginWrapper: OculusPlugin initialized successfully
[2026-05-13T05:13:23.6577892-07:00] [pid=10072] [OVRPlugin][ERROR] 
[2026-05-13T05:13:23.6577892-07:00] [pid=10072] ovr_Initialize failed: Unable to load LibOVRRT DLL
 (software\oculussdk\integrations\ovrplugin\main\src\util\compositorcapi.cpp:78)
[2026-05-13T05:13:23.6577892-07:00] [pid=10072] 
[2026-05-13T05:13:23.6577892-07:00] [pid=10072] LogHMD: Failed initializing OVRPlugin 1.59.0
[2026-05-13T05:13:23.6587759-07:00] [pid=10072] LogInit: Build: ++UE4+Release-4.27-CL-18319896
[2026-05-13T05:13:23.6587759-07:00] [pid=10072] LogInit: Engine Version: 4.27.2-18319896+++UE4+Release-4.27
[2026-05-13T05:13:23.6587759-07:00] [pid=10072] LogInit: Compatible Engine Version: 4.27.0-17155196+++UE4+Release-4.27
[2026-05-13T05:13:23.6587759-07:00] [pid=10072] LogInit: Net CL: 17155196
[2026-05-13T05:13:23.6587759-07:00] [pid=10072] LogInit: OS: Windows 10 (Release 2009) (), CPU: 13th Gen Intel(R) Core(TM) i7-13650HX, GPU: Intel(R) UHD Graphics
[2026-05-13T05:13:23.6587759-07:00] [pid=10072] LogInit: Compiled (64-bit): Nov 30 2021 07:12:08
[2026-05-13T05:13:23.6587759-07:00] [pid=10072] LogInit: Compiled with Visual C++: 19.24.28315.00
[2026-05-13T05:13:23.6587759-07:00] [pid=10072] LogInit: Build Configuration: Development
[2026-05-13T05:13:23.6587759-07:00] [pid=10072] LogInit: Branch Name: ++UE4+Release-4.27
[2026-05-13T05:13:23.6587759-07:00] [pid=10072] LogInit: Command Line:  /Game/ThirdPersonBP/Maps/ThirdPersonExampleMap -game -RenderOffscreen -unattended -nopause -NoSplash -abslog=C:\Users\kapil\AppData\Local\Temp\immerse_editor_20260513-051312.log
[2026-05-13T05:13:23.6587759-07:00] [pid=10072] LogInit: Base Directory: C:/Program Files/Epic Games/UE_4.27/Engine/Binaries/Win64/
[2026-05-13T05:13:23.6587759-07:00] [pid=10072] LogInit: Allocator: TBB
[2026-05-13T05:13:23.6587759-07:00] [pid=10072] LogInit: Installed Engine Build: 1
[2026-05-13T05:13:23.6587759-07:00] [pid=10072] LogDevObjectVersion: Number of dev versions registered: 29
[2026-05-13T05:13:23.6587759-07:00] [pid=10072] LogDevObjectVersion:   Dev-Blueprints (B0D832E4-1F89-4F0D-ACCF-7EB736FD4AA2): 10
[2026-05-13T05:13:23.6587759-07:00] [pid=10072] LogDevObjectVersion:   Dev-Build (E1C64328-A22C-4D53-A36C-8E866417BD8C): 0
[2026-05-13T05:13:23.6587759-07:00] [pid=10072] LogDevObjectVersion:   Dev-Core (375EC13C-06E4-48FB-B500-84F0262A717E): 4
[2026-05-13T05:13:23.6597748-07:00] [pid=10072] LogDevObjectVersion:   Dev-Editor (E4B068ED-F494-42E9-A231-DA0B2E46BB41): 40
[2026-05-13T05:13:23.6597748-07:00] [pid=10072] LogDevObjectVersion:   Dev-Framework (CFFC743F-43B0-4480-9391-14DF171D2073): 37
[2026-05-13T05:13:23.6597748-07:00] [pid=10072] LogDevObjectVersion:   Dev-Mobile (B02B49B5-BB20-44E9-A304-32B752E40360): 3
[2026-05-13T05:13:23.6597748-07:00] [pid=10072] LogDevObjectVersion:   Dev-Networking (A4E4105C-59A1-49B5-A7C5-40C4547EDFEE): 0
[2026-05-13T05:13:23.6597748-07:00] [pid=10072] LogDevObjectVersion:   Dev-Online (39C831C9-5AE6-47DC-9A44-9C173E1C8E7C): 0
[2026-05-13T05:13:23.6597748-07:00] [pid=10072] LogDevObjectVersion:   Dev-Physics (78F01B33-EBEA-4F98-B9B4-84EACCB95AA2): 14
[2026-05-13T05:13:23.6597748-07:00] [pid=10072] LogDevObjectVersion:   Dev-Platform (6631380F-2D4D-43E0-8009-CF276956A95A): 0
[2026-05-13T05:13:23.6597748-07:00] [pid=10072] LogDevObjectVersion:   Dev-Rendering (12F88B9F-8875-4AFC-A67C-D90C383ABD29): 45
[2026-05-13T05:13:23.6597748-07:00] [pid=10072] LogDevObjectVersion:   Dev-Sequencer (7B5AE74C-D270-4C10-A958-57980B212A5A): 13
[2026-05-13T05:13:23.6602773-07:00] [pid=10072] LogDevObjectVersion:   Dev-VR (D7296918-1DD6-4BDD-9DE2-64A83CC13884): 3
[2026-05-13T05:13:23.6602773-07:00] [pid=10072] LogDevObjectVersion:   Dev-LoadTimes (C2A15278-BFE7-4AFE-6C17-90FF531DF755): 1
[2026-05-13T05:13:23.6602773-07:00] [pid=10072] LogDevObjectVersion:   Private-Geometry (6EACA3D4-40EC-4CC1-B786-8BED09428FC5): 3
[2026-05-13T05:13:23.6602773-07:00] [pid=10072] LogDevObjectVersion:   Dev-AnimPhys (29E575DD-E0A3-4627-9D10-D276232CDCEA): 17
[2026-05-13T05:13:23.6602773-07:00] [pid=10072] LogDevObjectVersion:   Dev-Anim (AF43A65D-7FD3-4947-9873-3E8ED9C1BB05): 15
[2026-05-13T05:13:23.6602773-07:00] [pid=10072] LogDevObjectVersion:   Dev-ReflectionCapture (6B266CEC-1EC7-4B8F-A30B-E4D90942FC07): 1
[2026-05-13T05:13:23.6602773-07:00] [pid=10072] LogDevObjectVersion:   Dev-Automation (0DF73D61-A23F-47EA-B727-89E90C41499A): 1
[2026-05-13T05:13:23.6602773-07:00] [pid=10072] LogDevObjectVersion:   FortniteMain (601D1886-AC64-4F84-AA16-D3DE0DEAC7D6): 47
[2026-05-13T05:13:23.6602773-07:00] [pid=10072] LogDevObjectVersion:   FortniteRelease (E7086368-6B23-4C58-8439-1B7016265E91): 1
[2026-05-13T05:13:23.6602773-07:00] [pid=10072] LogDevObjectVersion:   Dev-Enterprise (9DFFBCD6-494F-0158-E221-12823C92A888): 10
[2026-05-13T05:13:23.6602773-07:00] [pid=10072] LogDevObjectVersion:   Dev-Niagara (F2AED0AC-9AFE-416F-8664-AA7FFA26D6FC): 1
[2026-05-13T05:13:23.6602773-07:00] [pid=10072] LogDevObjectVersion:   Dev-Destruction (174F1F0B-B4C6-45A5-B13F-2EE8D0FB917D): 10
[2026-05-13T05:13:23.6602773-07:00] [pid=10072] LogDevObjectVersion:   Dev-Physics-Ext (35F94A83-E258-406C-A318-09F59610247C): 41
[2026-05-13T05:13:23.6602773-07:00] [pid=10072] LogDevObjectVersion:   Dev-PhysicsMaterial-Chaos (B68FC16E-8B1B-42E2-B453-215C058844FE): 1
[2026-05-13T05:13:23.6602773-07:00] [pid=10072] LogDevObjectVersion:   Dev-CineCamera (B2E18506-4273-CFC2-A54E-F4BB758BBA07): 1
[2026-05-13T05:13:23.6602773-07:00] [pid=10072] LogDevObjectVersion:   Dev-VirtualProduction (64F58936-FD1B-42BA-BA96-7289D5D0FA4E): 1
[2026-05-13T05:13:23.6602773-07:00] [pid=10072] LogDevObjectVersion:   Dev-MediaFramework (6F0ED827-A609-4895-9C91-998D90180EA4): 2
[2026-05-13T05:13:23.6652839-07:00] [pid=10072] LogInit: Presizing for max 25165824 objects, including 0 objects not considered by GC, pre-allocating 0 bytes for permanent pool.
[2026-05-13T05:13:23.6652839-07:00] [pid=10072] LogConfig: Applying CVar settings from Section [/Script/Engine.StreamingSettings] File [C:/Users/kapil/OneDrive/Documents/Unreal Projects/testTP/Saved/Config/Windows/Engine.ini]
[2026-05-13T05:13:23.6652839-07:00] [pid=10072] LogConfig: Setting CVar [[s.MinBulkDataSizeForAsyncLoading:131072]]
[2026-05-13T05:13:23.6652839-07:00] [pid=10072] LogConfig: Setting CVar [[s.AsyncLoadingThreadEnabled:0]]
[2026-05-13T05:13:23.6652839-07:00] [pid=10072] LogConfig: Setting CVar [[s.EventDrivenLoaderEnabled:1]]
[2026-05-13T05:13:23.6652839-07:00] [pid=10072] LogConfig: Setting CVar [[s.WarnIfTimeLimitExceeded:0]]
[2026-05-13T05:13:23.6652839-07:00] [pid=10072] LogConfig: Setting CVar [[s.TimeLimitExceededMultiplier:1.5]]
[2026-05-13T05:13:23.6667871-07:00] [pid=10072] LogConfig: Setting CVar [[s.TimeLimitExceededMinTime:0.005]]
[2026-05-13T05:13:23.6667871-07:00] [pid=10072] LogConfig: Setting CVar [[s.UseBackgroundLevelStreaming:1]]
[2026-05-13T05:13:23.6667871-07:00] [pid=10072] LogConfig: Setting CVar [[s.PriorityAsyncLoadingExtraTime:15.0]]
[2026-05-13T05:13:23.6667871-07:00] [pid=10072] LogConfig: Setting CVar [[s.LevelStreamingActorsUpdateTimeLimit:5.0]]
[2026-05-13T05:13:23.6667871-07:00] [pid=10072] LogConfig: Setting CVar [[s.PriorityLevelStreamingActorsUpdateExtraTime:5.0]]
[2026-05-13T05:13:23.6667871-07:00] [pid=10072] LogConfig: Setting CVar [[s.LevelStreamingComponentsRegistrationGranularity:10]]
[2026-05-13T05:13:23.6667871-07:00] [pid=10072] LogConfig: Setting CVar [[s.UnregisterComponentsTimeLimit:1.0]]
[2026-05-13T05:13:23.6667871-07:00] [pid=10072] LogConfig: Setting CVar [[s.LevelStreamingComponentsUnregistrationGranularity:5]]
[2026-05-13T05:13:23.6667871-07:00] [pid=10072] LogConfig: Setting CVar [[s.FlushStreamingOnExit:1]]
[2026-05-13T05:13:23.6702981-07:00] [pid=10072] LogInit: Object subsystem initialized
[2026-05-13T05:13:23.6723071-07:00] [pid=10072] LogConfig: Setting CVar [[con.DebugEarlyDefault:1]]
[2026-05-13T05:13:23.6723071-07:00] [pid=10072] LogConfig: Setting CVar [[r.setres:1280x720]]
[2026-05-13T05:13:23.6723071-07:00] [pid=10072] [2026.05.13-12.13.23:672][  0]LogConfig: Setting CVar [[con.DebugEarlyDefault:1]]
[2026-05-13T05:13:23.6723071-07:00] [pid=10072] [2026.05.13-12.13.23:672][  0]LogConfig: Setting CVar [[r.setres:1280x720]]
[2026-05-13T05:13:23.6723071-07:00] [pid=10072] [2026.05.13-12.13.23:672][  0]LogConfig: Applying CVar settings from Section [/Script/Engine.RendererSettings] File [C:/Users/kapil/OneDrive/Documents/Unreal Projects/testTP/Saved/Config/Windows/Engine.ini]
[2026-05-13T05:13:23.6723071-07:00] [pid=10072] [2026.05.13-12.13.23:672][  0]LogConfig: Setting CVar [[r.GPUCrashDebugging:0]]
[2026-05-13T05:13:23.6723071-07:00] [pid=10072] [2026.05.13-12.13.23:672][  0]LogConfig: Applying CVar settings from Section [/Script/Engine.RendererOverrideSettings] File [C:/Users/kapil/OneDrive/Documents/Unreal Projects/testTP/Saved/Config/Windows/Engine.ini]
[2026-05-13T05:13:23.6723071-07:00] [pid=10072] [2026.05.13-12.13.23:672][  0]LogConfig: Applying CVar settings from Section [/Script/Engine.StreamingSettings] File [C:/Users/kapil/OneDrive/Documents/Unreal Projects/testTP/Saved/Config/Windows/Engine.ini]
[2026-05-13T05:13:23.6733071-07:00] [pid=10072] [2026.05.13-12.13.23:672][  0]LogConfig: Setting CVar [[s.MinBulkDataSizeForAsyncLoading:131072]]
[2026-05-13T05:13:23.6733071-07:00] [pid=10072] [2026.05.13-12.13.23:672][  0]LogConfig: Setting CVar [[s.AsyncLoadingThreadEnabled:0]]
[2026-05-13T05:13:23.6733071-07:00] [pid=10072] [2026.05.13-12.13.23:673][  0]LogConfig: Setting CVar [[s.EventDrivenLoaderEnabled:1]]
[2026-05-13T05:13:23.6733071-07:00] [pid=10072] [2026.05.13-12.13.23:673][  0]LogConfig: Setting CVar [[s.WarnIfTimeLimitExceeded:0]]
[2026-05-13T05:13:23.6733071-07:00] [pid=10072] [2026.05.13-12.13.23:673][  0]LogConfig: Setting CVar [[s.TimeLimitExceededMultiplier:1.5]]
[2026-05-13T05:13:23.6733071-07:00] [pid=10072] [2026.05.13-12.13.23:673][  0]LogConfig: Setting CVar [[s.TimeLimitExceededMinTime:0.005]]
[2026-05-13T05:13:23.6733071-07:00] [pid=10072] [2026.05.13-12.13.23:673][  0]LogConfig: Setting CVar [[s.UseBackgroundLevelStreaming:1]]
[2026-05-13T05:13:23.6733071-07:00] [pid=10072] [2026.05.13-12.13.23:673][  0]LogConfig: Setting CVar [[s.PriorityAsyncLoadingExtraTime:15.0]]
[2026-05-13T05:13:23.6733071-07:00] [pid=10072] [2026.05.13-12.13.23:673][  0]LogConfig: Setting CVar [[s.LevelStreamingActorsUpdateTimeLimit:5.0]]
[2026-05-13T05:13:23.6733071-07:00] [pid=10072] [2026.05.13-12.13.23:673][  0]LogConfig: Setting CVar [[s.PriorityLevelStreamingActorsUpdateExtraTime:5.0]]
[2026-05-13T05:13:23.6733071-07:00] [pid=10072] [2026.05.13-12.13.23:673][  0]LogConfig: Setting CVar [[s.LevelStreamingComponentsRegistrationGranularity:10]]
[2026-05-13T05:13:23.6743073-07:00] [pid=10072] [2026.05.13-12.13.23:673][  0]LogConfig: Setting CVar [[s.UnregisterComponentsTimeLimit:1.0]]
[2026-05-13T05:13:23.6743073-07:00] [pid=10072] [2026.05.13-12.13.23:673][  0]LogConfig: Setting CVar [[s.LevelStreamingComponentsUnregistrationGranularity:5]]
[2026-05-13T05:13:23.6743073-07:00] [pid=10072] [2026.05.13-12.13.23:674][  0]LogConfig: Setting CVar [[s.FlushStreamingOnExit:1]]
[2026-05-13T05:13:23.6743073-07:00] [pid=10072] [2026.05.13-12.13.23:674][  0]LogConfig: Applying CVar settings from Section [/Script/Engine.GarbageCollectionSettings] File [C:/Users/kapil/OneDrive/Documents/Unreal Projects/testTP/Saved/Config/Windows/Engine.ini]
[2026-05-13T05:13:23.6743073-07:00] [pid=10072] [2026.05.13-12.13.23:674][  0]LogConfig: Setting CVar [[gc.MaxObjectsNotConsideredByGC:1]]
[2026-05-13T05:13:23.6743073-07:00] [pid=10072] [2026.05.13-12.13.23:674][  0]LogConfig: Setting CVar [[gc.SizeOfPermanentObjectPool:0]]
[2026-05-13T05:13:23.6743073-07:00] [pid=10072] [2026.05.13-12.13.23:674][  0]LogConfig: Setting CVar [[gc.FlushStreamingOnGC:0]]
[2026-05-13T05:13:23.6743073-07:00] [pid=10072] [2026.05.13-12.13.23:674][  0]LogConfig: Setting CVar [[gc.NumRetriesBeforeForcingGC:10]]
[2026-05-13T05:13:23.6743073-07:00] [pid=10072] [2026.05.13-12.13.23:674][  0]LogConfig: Setting CVar [[gc.AllowParallelGC:1]]
[2026-05-13T05:13:23.6743073-07:00] [pid=10072] [2026.05.13-12.13.23:674][  0]LogConfig: Setting CVar [[gc.TimeBetweenPurgingPendingKillObjects:61.1]]
[2026-05-13T05:13:23.6743073-07:00] [pid=10072] [2026.05.13-12.13.23:674][  0]LogConfig: Setting CVar [[gc.MaxObjectsInEditor:25165824]]
[2026-05-13T05:13:23.6743073-07:00] [pid=10072] [2026.05.13-12.13.23:674][  0]LogConfig: Setting CVar [[gc.IncrementalBeginDestroyEnabled:1]]
[2026-05-13T05:13:23.6753067-07:00] [pid=10072] [2026.05.13-12.13.23:674][  0]LogConfig: Setting CVar [[gc.CreateGCClusters:1]]
[2026-05-13T05:13:23.6753067-07:00] [pid=10072] [2026.05.13-12.13.23:675][  0]LogConfig: Setting CVar [[gc.MinGCClusterSize:5]]
[2026-05-13T05:13:23.6753067-07:00] [pid=10072] [2026.05.13-12.13.23:675][  0]LogConfig: Setting CVar [[gc.ActorClusteringEnabled:0]]
[2026-05-13T05:13:23.6753067-07:00] [pid=10072] [2026.05.13-12.13.23:675][  0]LogConfig: Setting CVar [[gc.BlueprintClusteringEnabled:0]]
[2026-05-13T05:13:23.6753067-07:00] [pid=10072] [2026.05.13-12.13.23:675][  0]LogConfig: Setting CVar [[gc.UseDisregardForGCOnDedicatedServers:0]]
[2026-05-13T05:13:23.6753067-07:00] [pid=10072] [2026.05.13-12.13.23:675][  0]LogConfig: Setting CVar [[gc.MultithreadedDestructionEnabled:1]]
[2026-05-13T05:13:23.6753067-07:00] [pid=10072] [2026.05.13-12.13.23:675][  0]LogConfig: Applying CVar settings from Section [/Script/Engine.NetworkSettings] File [C:/Users/kapil/OneDrive/Documents/Unreal Projects/testTP/Saved/Config/Windows/Engine.ini]
[2026-05-13T05:13:23.6753067-07:00] [pid=10072] [2026.05.13-12.13.23:675][  0]LogConfig: Applying CVar settings from Section [/Script/UnrealEd.CookerSettings] File [C:/Users/kapil/OneDrive/Documents/Unreal Projects/testTP/Saved/Config/Windows/Engine.ini]
[2026-05-13T05:13:23.6813268-07:00] [pid=10072] [2026.05.13-12.13.23:681][  0]LogConfig: Applying CVar settings from Section [ViewDistanceQuality@3] File [C:/Users/kapil/OneDrive/Documents/Unreal Projects/testTP/Saved/Config/Windows/Scalability.ini]
[2026-05-13T05:13:23.6813268-07:00] [pid=10072] [2026.05.13-12.13.23:681][  0]LogConfig: Setting CVar [[r.SkeletalMeshLODBias:0]]
[2026-05-13T05:13:23.6823308-07:00] [pid=10072] [2026.05.13-12.13.23:681][  0]LogConfig: Setting CVar [[r.ViewDistanceScale:1.0]]
[2026-05-13T05:13:23.6823308-07:00] [pid=10072] [2026.05.13-12.13.23:681][  0]LogConfig: Applying CVar settings from Section [AntiAliasingQuality@3] File [C:/Users/kapil/OneDrive/Documents/Unreal Projects/testTP/Saved/Config/Windows/Scalability.ini]
[2026-05-13T05:13:23.6823308-07:00] [pid=10072] [2026.05.13-12.13.23:682][  0]LogConfig: Setting CVar [[r.PostProcessAAQuality:4]]
[2026-05-13T05:13:23.6823308-07:00] [pid=10072] [2026.05.13-12.13.23:682][  0]LogConfig: Applying CVar settings from Section [ShadowQuality@3] File [C:/Users/kapil/OneDrive/Documents/Unreal Projects/testTP/Saved/Config/Windows/Scalability.ini]
[2026-05-13T05:13:23.6823308-07:00] [pid=10072] [2026.05.13-12.13.23:682][  0]LogConfig: Setting CVar [[r.LightFunctionQuality:1]]
[2026-05-13T05:13:23.6823308-07:00] [pid=10072] [2026.05.13-12.13.23:682][  0]LogConfig: Setting CVar [[r.ShadowQuality:5]]
[2026-05-13T05:13:23.6823308-07:00] [pid=10072] [2026.05.13-12.13.23:682][  0]LogConfig: Setting CVar [[r.Shadow.CSM.MaxCascades:10]]
[2026-05-13T05:13:23.6823308-07:00] [pid=10072] [2026.05.13-12.13.23:682][  0]LogConfig: Setting CVar [[r.Shadow.MaxResolution:2048]]
[2026-05-13T05:13:23.6823308-07:00] [pid=10072] [2026.05.13-12.13.23:682][  0]LogConfig: Setting CVar [[r.Shadow.MaxCSMResolution:2048]]
[2026-05-13T05:13:23.6823308-07:00] [pid=10072] [2026.05.13-12.13.23:682][  0]LogConfig: Setting CVar [[r.Shadow.RadiusThreshold:0.01]]
[2026-05-13T05:13:23.6823308-07:00] [pid=10072] [2026.05.13-12.13.23:682][  0]LogConfig: Setting CVar [[r.Shadow.DistanceScale:1.0]]
[2026-05-13T05:13:23.6823308-07:00] [pid=10072] [2026.05.13-12.13.23:682][  0]LogConfig: Setting CVar [[r.Shadow.CSM.TransitionScale:1.0]]
[2026-05-13T05:13:23.6823308-07:00] [pid=10072] [2026.05.13-12.13.23:682][  0]LogConfig: Setting CVar [[r.Shadow.PreShadowResolutionFactor:1.0]]
[2026-05-13T05:13:23.6823308-07:00] [pid=10072] [2026.05.13-12.13.23:682][  0]LogConfig: Setting CVar [[r.DistanceFieldShadowing:1]]
[2026-05-13T05:13:23.6823308-07:00] [pid=10072] [2026.05.13-12.13.23:682][  0]LogConfig: Setting CVar [[r.DistanceFieldAO:1]]
[2026-05-13T05:13:23.6823308-07:00] [pid=10072] [2026.05.13-12.13.23:682][  0]LogConfig: Setting CVar [[r.AOQuality:2]]
[2026-05-13T05:13:23.6833304-07:00] [pid=10072] [2026.05.13-12.13.23:682][  0]LogConfig: Setting CVar [[r.VolumetricFog:1]]
[2026-05-13T05:13:23.6833304-07:00] [pid=10072] [2026.05.13-12.13.23:682][  0]LogConfig: Setting CVar [[r.VolumetricFog.GridPixelSize:8]]
[2026-05-13T05:13:23.6833304-07:00] [pid=10072] [2026.05.13-12.13.23:683][  0]LogConfig: Setting CVar [[r.VolumetricFog.GridSizeZ:128]]
[2026-05-13T05:13:23.6833304-07:00] [pid=10072] [2026.05.13-12.13.23:683][  0]LogConfig: Setting CVar [[r.VolumetricFog.HistoryMissSupersampleCount:4]]
[2026-05-13T05:13:23.6833304-07:00] [pid=10072] [2026.05.13-12.13.23:683][  0]LogConfig: Setting CVar [[r.LightMaxDrawDistanceScale:1]]
[2026-05-13T05:13:23.6833304-07:00] [pid=10072] [2026.05.13-12.13.23:683][  0]LogConfig: Setting CVar [[r.CapsuleShadows:1]]
[2026-05-13T05:13:23.6833304-07:00] [pid=10072] [2026.05.13-12.13.23:683][  0]LogConfig: Applying CVar settings from Section [PostProcessQuality@3] File [C:/Users/kapil/OneDrive/Documents/Unreal Projects/testTP/Saved/Config/Windows/Scalability.ini]
[2026-05-13T05:13:23.6833304-07:00] [pid=10072] [2026.05.13-12.13.23:683][  0]LogConfig: Setting CVar [[r.MotionBlurQuality:4]]
[2026-05-13T05:13:23.6833304-07:00] [pid=10072] [2026.05.13-12.13.23:683][  0]LogConfig: Setting CVar [[r.AmbientOcclusionMipLevelFactor:0.4]]
[2026-05-13T05:13:23.6833304-07:00] [pid=10072] [2026.05.13-12.13.23:683][  0]LogConfig: Setting CVar [[r.AmbientOcclusionMaxQuality:100]]
[2026-05-13T05:13:23.6833304-07:00] [pid=10072] [2026.05.13-12.13.23:683][  0]LogConfig: Setting CVar [[r.AmbientOcclusionLevels:-1]]
[2026-05-13T05:13:23.6833304-07:00] [pid=10072] [2026.05.13-12.13.23:683][  0]LogConfig: Setting CVar [[r.AmbientOcclusionRadiusScale:1.0]]
[2026-05-13T05:13:23.6833304-07:00] [pid=10072] [2026.05.13-12.13.23:683][  0]LogConfig: Setting CVar [[r.DepthOfFieldQuality:2]]
[2026-05-13T05:13:23.6833304-07:00] [pid=10072] [2026.05.13-12.13.23:683][  0]LogConfig: Setting CVar [[r.RenderTargetPoolMin:400]]
[2026-05-13T05:13:23.6833304-07:00] [pid=10072] [2026.05.13-12.13.23:683][  0]LogConfig: Setting CVar [[r.LensFlareQuality:2]]
[2026-05-13T05:13:23.6833304-07:00] [pid=10072] [2026.05.13-12.13.23:683][  0]LogConfig: Setting CVar [[r.SceneColorFringeQuality:1]]
[2026-05-13T05:13:23.6833304-07:00] [pid=10072] [2026.05.13-12.13.23:683][  0]LogConfig: Setting CVar [[r.EyeAdaptationQuality:2]]
[2026-05-13T05:13:23.6833304-07:00] [pid=10072] [2026.05.13-12.13.23:683][  0]LogConfig: Setting CVar [[r.BloomQuality:5]]
[2026-05-13T05:13:23.6833304-07:00] [pid=10072] [2026.05.13-12.13.23:683][  0]LogConfig: Setting CVar [[r.FastBlurThreshold:100]]
[2026-05-13T05:13:23.6833304-07:00] [pid=10072] [2026.05.13-12.13.23:683][  0]LogConfig: Setting CVar [[r.Upscale.Quality:3]]
[2026-05-13T05:13:23.6833304-07:00] [pid=10072] [2026.05.13-12.13.23:683][  0]LogConfig: Setting CVar [[r.Tonemapper.GrainQuantization:1]]
[2026-05-13T05:13:23.6843301-07:00] [pid=10072] [2026.05.13-12.13.23:683][  0]LogConfig: Setting CVar [[r.LightShaftQuality:1]]
[2026-05-13T05:13:23.6843301-07:00] [pid=10072] [2026.05.13-12.13.23:684][  0]LogConfig: Setting CVar [[r.Filter.SizeScale:1]]
[2026-05-13T05:13:23.6843301-07:00] [pid=10072] [2026.05.13-12.13.23:684][  0]LogConfig: Setting CVar [[r.Tonemapper.Quality:5]]
[2026-05-13T05:13:23.6843301-07:00] [pid=10072] [2026.05.13-12.13.23:684][  0]LogConfig: Setting CVar [[r.DOF.Gather.AccumulatorQuality:1        ; higher gathering accumulator quality]]
[2026-05-13T05:13:23.6843301-07:00] [pid=10072] [2026.05.13-12.13.23:684][  0]LogConfig: Setting CVar [[r.DOF.Gather.PostfilterMethod:1          ; Median3x3 postfilering method]]
[2026-05-13T05:13:23.6843301-07:00] [pid=10072] [2026.05.13-12.13.23:684][  0]LogConfig: Setting CVar [[r.DOF.Gather.EnableBokehSettings:0       ; no bokeh simulation when gathering]]
[2026-05-13T05:13:23.6843301-07:00] [pid=10072] [2026.05.13-12.13.23:684][  0]LogConfig: Setting CVar [[r.DOF.Gather.RingCount:4                 ; medium number of samples when gathering]]
[2026-05-13T05:13:23.6843301-07:00] [pid=10072] [2026.05.13-12.13.23:684][  0]LogConfig: Setting CVar [[r.DOF.Scatter.ForegroundCompositing:1    ; additive foreground scattering]]
[2026-05-13T05:13:23.6843301-07:00] [pid=10072] [2026.05.13-12.13.23:684][  0]LogConfig: Setting CVar [[r.DOF.Scatter.BackgroundCompositing:2    ; additive background scattering]]
[2026-05-13T05:13:23.6843301-07:00] [pid=10072] [2026.05.13-12.13.23:684][  0]LogConfig: Setting CVar [[r.DOF.Scatter.EnableBokehSettings:1      ; bokeh simulation when scattering]]
[2026-05-13T05:13:23.6843301-07:00] [pid=10072] [2026.05.13-12.13.23:684][  0]LogConfig: Setting CVar [[r.DOF.Scatter.MaxSpriteRatio:0.1         ; only a maximum of 10% of scattered bokeh]]
[2026-05-13T05:13:23.6843301-07:00] [pid=10072] [2026.05.13-12.13.23:684][  0]LogConfig: Setting CVar [[r.DOF.Recombine.Quality:1                ; cheap slight out of focus]]
[2026-05-13T05:13:23.6843301-07:00] [pid=10072] [2026.05.13-12.13.23:684][  0]LogConfig: Setting CVar [[r.DOF.Recombine.EnableBokehSettings:0    ; no bokeh simulation on slight out of focus]]
[2026-05-13T05:13:23.6843301-07:00] [pid=10072] [2026.05.13-12.13.23:684][  0]LogConfig: Setting CVar [[r.DOF.TemporalAAQuality:1                ; more stable temporal accumulation]]
[2026-05-13T05:13:23.6843301-07:00] [pid=10072] [2026.05.13-12.13.23:684][  0]LogConfig: Setting CVar [[r.DOF.Kernel.MaxForegroundRadius:0.025]]
[2026-05-13T05:13:23.6843301-07:00] [pid=10072] [2026.05.13-12.13.23:684][  0]LogConfig: Setting CVar [[r.DOF.Kernel.MaxBackgroundRadius:0.025]]
[2026-05-13T05:13:23.6843301-07:00] [pid=10072] [2026.05.13-12.13.23:684][  0]LogConfig: Applying CVar settings from Section [TextureQuality@3] File [C:/Users/kapil/OneDrive/Documents/Unreal Projects/testTP/Saved/Config/Windows/Scalability.ini]
[2026-05-13T05:13:23.6843301-07:00] [pid=10072] [2026.05.13-12.13.23:684][  0]LogConfig: Setting CVar [[r.Streaming.MipBias:0]]
[2026-05-13T05:13:23.6843301-07:00] [pid=10072] [2026.05.13-12.13.23:684][  0]LogConfig: Setting CVar [[r.Streaming.AmortizeCPUToGPUCopy:0]]
[2026-05-13T05:13:23.6853294-07:00] [pid=10072] [2026.05.13-12.13.23:684][  0]LogConfig: Setting CVar [[r.Streaming.MaxNumTexturesToStreamPerFrame:0]]
[2026-05-13T05:13:23.6853294-07:00] [pid=10072] [2026.05.13-12.13.23:685][  0]LogConfig: Setting CVar [[r.Streaming.Boost:1]]
[2026-05-13T05:13:23.6853294-07:00] [pid=10072] [2026.05.13-12.13.23:685][  0]LogConfig: Setting CVar [[r.MaxAnisotropy:8]]
[2026-05-13T05:13:23.6853294-07:00] [pid=10072] [2026.05.13-12.13.23:685][  0]LogConfig: Setting CVar [[r.VT.MaxAnisotropy:8]]
[2026-05-13T05:13:23.6853294-07:00] [pid=10072] [2026.05.13-12.13.23:685][  0]LogConfig: Setting CVar [[r.Streaming.LimitPoolSizeToVRAM:0]]
[2026-05-13T05:13:23.6853294-07:00] [pid=10072] [2026.05.13-12.13.23:685][  0]LogConfig: Setting CVar [[r.Streaming.PoolSize:1000]]
[2026-05-13T05:13:23.6853294-07:00] [pid=10072] [2026.05.13-12.13.23:685][  0]LogConfig: Setting CVar [[r.Streaming.MaxEffectiveScreenSize:0]]
[2026-05-13T05:13:23.6853294-07:00] [pid=10072] [2026.05.13-12.13.23:685][  0]LogConfig: Applying CVar settings from Section [EffectsQuality@3] File [C:/Users/kapil/OneDrive/Documents/Unreal Projects/testTP/Saved/Config/Windows/Scalability.ini]
[2026-05-13T05:13:23.6853294-07:00] [pid=10072] [2026.05.13-12.13.23:685][  0]LogConfig: Setting CVar [[r.TranslucencyLightingVolumeDim:64]]
[2026-05-13T05:13:23.6853294-07:00] [pid=10072] [2026.05.13-12.13.23:685][  0]LogConfig: Setting CVar [[r.RefractionQuality:2]]
[2026-05-13T05:13:23.6853294-07:00] [pid=10072] [2026.05.13-12.13.23:685][  0]LogConfig: Setting CVar [[r.SSR.Quality:3]]
[2026-05-13T05:13:23.6853294-07:00] [pid=10072] [2026.05.13-12.13.23:685][  0]LogConfig: Setting CVar [[r.SSR.HalfResSceneColor:0]]
[2026-05-13T05:13:23.6853294-07:00] [pid=10072] [2026.05.13-12.13.23:685][  0]LogConfig: Setting CVar [[r.SceneColorFormat:4]]
[2026-05-13T05:13:23.6853294-07:00] [pid=10072] [2026.05.13-12.13.23:685][  0]LogConfig: Setting CVar [[r.DetailMode:2]]
[2026-05-13T05:13:23.6853294-07:00] [pid=10072] [2026.05.13-12.13.23:685][  0]LogConfig: Setting CVar [[r.TranslucencyVolumeBlur:1]]
[2026-05-13T05:13:23.6853294-07:00] [pid=10072] [2026.05.13-12.13.23:685][  0]LogConfig: Setting CVar [[r.MaterialQualityLevel:1 ; High quality]]
[2026-05-13T05:13:23.6853294-07:00] [pid=10072] [2026.05.13-12.13.23:685][  0]LogConfig: Setting CVar [[r.AnisotropicMaterials:1]]
[2026-05-13T05:13:23.6853294-07:00] [pid=10072] [2026.05.13-12.13.23:685][  0]LogConfig: Setting CVar [[r.SSS.Scale:1]]
[2026-05-13T05:13:23.6853294-07:00] [pid=10072] [2026.05.13-12.13.23:685][  0]LogConfig: Setting CVar [[r.SSS.SampleSet:2]]
[2026-05-13T05:13:23.6853294-07:00] [pid=10072] [2026.05.13-12.13.23:685][  0]LogConfig: Setting CVar [[r.SSS.Quality:1]]
[2026-05-13T05:13:23.6853294-07:00] [pid=10072] [2026.05.13-12.13.23:685][  0]LogConfig: Setting CVar [[r.SSS.HalfRes:0]]
[2026-05-13T05:13:23.6853294-07:00] [pid=10072] [2026.05.13-12.13.23:685][  0]LogConfig: Setting CVar [[r.SSGI.Quality:3]]
[2026-05-13T05:13:23.6853294-07:00] [pid=10072] [2026.05.13-12.13.23:685][  0]LogConfig: Setting CVar [[r.EmitterSpawnRateScale:1.0]]
[2026-05-13T05:13:23.6853294-07:00] [pid=10072] [2026.05.13-12.13.23:685][  0]LogConfig: Setting CVar [[r.ParticleLightQuality:2]]
[2026-05-13T05:13:23.6853294-07:00] [pid=10072] [2026.05.13-12.13.23:685][  0]LogConfig: Setting CVar [[r.SkyAtmosphere.AerialPerspectiveLUT.FastApplyOnOpaque:1 ; Always have FastSkyLUT 1 in this case to avoid wrong sky]]
[2026-05-13T05:13:23.6853294-07:00] [pid=10072] [2026.05.13-12.13.23:685][  0]LogConfig: Setting CVar [[r.SkyAtmosphere.AerialPerspectiveLUT.SampleCountMaxPerSlice:4]]
[2026-05-13T05:13:23.6853294-07:00] [pid=10072] [2026.05.13-12.13.23:685][  0]LogConfig: Setting CVar [[r.SkyAtmosphere.AerialPerspectiveLUT.DepthResolution:16.0]]
[2026-05-13T05:13:23.6853294-07:00] [pid=10072] [2026.05.13-12.13.23:685][  0]LogConfig: Setting CVar [[r.SkyAtmosphere.FastSkyLUT:1]]
[2026-05-13T05:13:23.6853294-07:00] [pid=10072] [2026.05.13-12.13.23:685][  0]LogConfig: Setting CVar [[r.SkyAtmosphere.FastSkyLUT.SampleCountMin:4.0]]
[2026-05-13T05:13:23.6853294-07:00] [pid=10072] [2026.05.13-12.13.23:685][  0]LogConfig: Setting CVar [[r.SkyAtmosphere.FastSkyLUT.SampleCountMax:128.0]]
[2026-05-13T05:13:23.6853294-07:00] [pid=10072] [2026.05.13-12.13.23:685][  0]LogConfig: Setting CVar [[r.SkyAtmosphere.SampleCountMin:4.0]]
[2026-05-13T05:13:23.6853294-07:00] [pid=10072] [2026.05.13-12.13.23:685][  0]LogConfig: Setting CVar [[r.SkyAtmosphere.SampleCountMax:128.0]]
[2026-05-13T05:13:23.6853294-07:00] [pid=10072] [2026.05.13-12.13.23:685][  0]LogConfig: Setting CVar [[r.SkyAtmosphere.TransmittanceLUT.UseSmallFormat:0]]
[2026-05-13T05:13:23.6868320-07:00] [pid=10072] [2026.05.13-12.13.23:685][  0]LogConfig: Setting CVar [[r.SkyAtmosphere.TransmittanceLUT.SampleCount:10.0]]
[2026-05-13T05:13:23.6868320-07:00] [pid=10072] [2026.05.13-12.13.23:686][  0]LogConfig: Setting CVar [[r.SkyAtmosphere.MultiScatteringLUT.SampleCount:15.0]]
[2026-05-13T05:13:23.6868320-07:00] [pid=10072] [2026.05.13-12.13.23:686][  0]LogConfig: Setting CVar [[r.SkyLight.RealTimeReflectionCapture:1]]
[2026-05-13T05:13:23.6868320-07:00] [pid=10072] [2026.05.13-12.13.23:686][  0]LogConfig: Applying CVar settings from Section [FoliageQuality@3] File [C:/Users/kapil/OneDrive/Documents/Unreal Projects/testTP/Saved/Config/Windows/Scalability.ini]
[2026-05-13T05:13:23.6868320-07:00] [pid=10072] [2026.05.13-12.13.23:686][  0]LogConfig: Setting CVar [[foliage.DensityScale:1.0]]
[2026-05-13T05:13:23.6868320-07:00] [pid=10072] [2026.05.13-12.13.23:686][  0]LogConfig: Setting CVar [[grass.DensityScale:1.0]]
[2026-05-13T05:13:23.6868320-07:00] [pid=10072] [2026.05.13-12.13.23:686][  0]LogConfig: Applying CVar settings from Section [ShadingQuality@3] File [C:/Users/kapil/OneDrive/Documents/Unreal Projects/testTP/Saved/Config/Windows/Scalability.ini]
[2026-05-13T05:13:23.6868320-07:00] [pid=10072] [2026.05.13-12.13.23:686][  0]LogConfig: Setting CVar [[r.HairStrands.SkyLighting.IntegrationType:2]]
[2026-05-13T05:13:23.6868320-07:00] [pid=10072] [2026.05.13-12.13.23:686][  0]LogConfig: Setting CVar [[r.HairStrands.SkyAO.SampleCount:4]]
[2026-05-13T05:13:23.6868320-07:00] [pid=10072] [2026.05.13-12.13.23:686][  0]LogConfig: Setting CVar [[r.HairStrands.Visibility.MSAA.SamplePerPixel:4]]
[2026-05-13T05:13:23.6878382-07:00] [pid=10072] [2026.05.13-12.13.23:686][  0]LogInit: Selected Device Profile: [Windows]
[2026-05-13T05:13:23.6878382-07:00] [pid=10072] [2026.05.13-12.13.23:687][  0]LogInit: Applying CVar settings loaded from the selected device profile: [Windows]
[2026-05-13T05:13:23.6878382-07:00] [pid=10072] [2026.05.13-12.13.23:687][  0]LogHAL: Display: Platform has ~ 16 GB [16849256448 / 17179869184 / 16], which maps to Larger [LargestMinGB=32, LargerMinGB=12, DefaultMinGB=8, SmallerMinGB=6, SmallestMinGB=0)
[2026-05-13T05:13:23.6878382-07:00] [pid=10072] [2026.05.13-12.13.23:687][  0]LogInit: Going up to parent DeviceProfile []
[2026-05-13T05:13:23.6878382-07:00] [pid=10072] [2026.05.13-12.13.23:687][  0]LogConfig: Applying CVar settings from Section [ViewDistanceQuality@3] File [C:/Users/kapil/OneDrive/Documents/Unreal Projects/testTP/Saved/Config/Windows/Scalability.ini]
[2026-05-13T05:13:23.6878382-07:00] [pid=10072] [2026.05.13-12.13.23:687][  0]LogConfig: Setting CVar [[r.SkeletalMeshLODBias:0]]
[2026-05-13T05:13:23.6878382-07:00] [pid=10072] [2026.05.13-12.13.23:687][  0]LogConfig: Setting CVar [[r.ViewDistanceScale:1.0]]
[2026-05-13T05:13:23.6878382-07:00] [pid=10072] [2026.05.13-12.13.23:687][  0]LogConfig: Applying CVar settings from Section [AntiAliasingQuality@3] File [C:/Users/kapil/OneDrive/Documents/Unreal Projects/testTP/Saved/Config/Windows/Scalability.ini]
[2026-05-13T05:13:23.6878382-07:00] [pid=10072] [2026.05.13-12.13.23:687][  0]LogConfig: Setting CVar [[r.PostProcessAAQuality:4]]
[2026-05-13T05:13:23.6878382-07:00] [pid=10072] [2026.05.13-12.13.23:687][  0]LogConfig: Applying CVar settings from Section [ShadowQuality@3] File [C:/Users/kapil/OneDrive/Documents/Unreal Projects/testTP/Saved/Config/Windows/Scalability.ini]
[2026-05-13T05:13:23.6878382-07:00] [pid=10072] [2026.05.13-12.13.23:687][  0]LogConfig: Setting CVar [[r.LightFunctionQuality:1]]
[2026-05-13T05:13:23.6888380-07:00] [pid=10072] [2026.05.13-12.13.23:687][  0]LogConfig: Setting CVar [[r.ShadowQuality:5]]
[2026-05-13T05:13:23.6888380-07:00] [pid=10072] [2026.05.13-12.13.23:688][  0]LogConfig: Setting CVar [[r.Shadow.CSM.MaxCascades:10]]
[2026-05-13T05:13:23.6888380-07:00] [pid=10072] [2026.05.13-12.13.23:688][  0]LogConfig: Setting CVar [[r.Shadow.MaxResolution:2048]]
[2026-05-13T05:13:23.6888380-07:00] [pid=10072] [2026.05.13-12.13.23:688][  0]LogConfig: Setting CVar [[r.Shadow.MaxCSMResolution:2048]]
[2026-05-13T05:13:23.6888380-07:00] [pid=10072] [2026.05.13-12.13.23:688][  0]LogConfig: Setting CVar [[r.Shadow.RadiusThreshold:0.01]]
[2026-05-13T05:13:23.6888380-07:00] [pid=10072] [2026.05.13-12.13.23:688][  0]LogConfig: Setting CVar [[r.Shadow.DistanceScale:1.0]]
[2026-05-13T05:13:23.6888380-07:00] [pid=10072] [2026.05.13-12.13.23:688][  0]LogConfig: Setting CVar [[r.Shadow.CSM.TransitionScale:1.0]]
[2026-05-13T05:13:23.6888380-07:00] [pid=10072] [2026.05.13-12.13.23:688][  0]LogConfig: Setting CVar [[r.Shadow.PreShadowResolutionFactor:1.0]]
[2026-05-13T05:13:23.6888380-07:00] [pid=10072] [2026.05.13-12.13.23:688][  0]LogConfig: Setting CVar [[r.DistanceFieldShadowing:1]]
[2026-05-13T05:13:23.6888380-07:00] [pid=10072] [2026.05.13-12.13.23:688][  0]LogConfig: Setting CVar [[r.DistanceFieldAO:1]]
[2026-05-13T05:13:23.6898378-07:00] [pid=10072] [2026.05.13-12.13.23:688][  0]LogConfig: Setting CVar [[r.AOQuality:2]]
[2026-05-13T05:13:23.6898378-07:00] [pid=10072] [2026.05.13-12.13.23:689][  0]LogConfig: Setting CVar [[r.VolumetricFog:1]]
[2026-05-13T05:13:23.6898378-07:00] [pid=10072] [2026.05.13-12.13.23:689][  0]LogConfig: Setting CVar [[r.VolumetricFog.GridPixelSize:8]]
[2026-05-13T05:13:23.6898378-07:00] [pid=10072] [2026.05.13-12.13.23:689][  0]LogConfig: Setting CVar [[r.VolumetricFog.GridSizeZ:128]]
[2026-05-13T05:13:23.6898378-07:00] [pid=10072] [2026.05.13-12.13.23:689][  0]LogConfig: Setting CVar [[r.VolumetricFog.HistoryMissSupersampleCount:4]]
[2026-05-13T05:13:23.6898378-07:00] [pid=10072] [2026.05.13-12.13.23:689][  0]LogConfig: Setting CVar [[r.LightMaxDrawDistanceScale:1]]
[2026-05-13T05:13:23.6898378-07:00] [pid=10072] [2026.05.13-12.13.23:689][  0]LogConfig: Setting CVar [[r.CapsuleShadows:1]]
[2026-05-13T05:13:23.6903402-07:00] [pid=10072] [2026.05.13-12.13.23:689][  0]LogConfig: Applying CVar settings from Section [PostProcessQuality@3] File [C:/Users/kapil/OneDrive/Documents/Unreal Projects/testTP/Saved/Config/Windows/Scalability.ini]
[2026-05-13T05:13:23.6903402-07:00] [pid=10072] [2026.05.13-12.13.23:690][  0]LogConfig: Setting CVar [[r.MotionBlurQuality:4]]
[2026-05-13T05:13:23.6903402-07:00] [pid=10072] [2026.05.13-12.13.23:690][  0]LogConfig: Setting CVar [[r.AmbientOcclusionMipLevelFactor:0.4]]
[2026-05-13T05:13:23.6903402-07:00] [pid=10072] [2026.05.13-12.13.23:690][  0]LogConfig: Setting CVar [[r.AmbientOcclusionMaxQuality:100]]
[2026-05-13T05:13:23.6903402-07:00] [pid=10072] [2026.05.13-12.13.23:690][  0]LogConfig: Setting CVar [[r.AmbientOcclusionLevels:-1]]
[2026-05-13T05:13:23.6903402-07:00] [pid=10072] [2026.05.13-12.13.23:690][  0]LogConfig: Setting CVar [[r.AmbientOcclusionRadiusScale:1.0]]
[2026-05-13T05:13:23.6903402-07:00] [pid=10072] [2026.05.13-12.13.23:690][  0]LogConfig: Setting CVar [[r.DepthOfFieldQuality:2]]
[2026-05-13T05:13:23.6903402-07:00] [pid=10072] [2026.05.13-12.13.23:690][  0]LogConfig: Setting CVar [[r.RenderTargetPoolMin:400]]
[2026-05-13T05:13:23.6903402-07:00] [pid=10072] [2026.05.13-12.13.23:690][  0]LogConfig: Setting CVar [[r.LensFlareQuality:2]]
[2026-05-13T05:13:23.6903402-07:00] [pid=10072] [2026.05.13-12.13.23:690][  0]LogConfig: Setting CVar [[r.SceneColorFringeQuality:1]]
[2026-05-13T05:13:23.6903402-07:00] [pid=10072] [2026.05.13-12.13.23:690][  0]LogConfig: Setting CVar [[r.EyeAdaptationQuality:2]]
[2026-05-13T05:13:23.6903402-07:00] [pid=10072] [2026.05.13-12.13.23:690][  0]LogConfig: Setting CVar [[r.BloomQuality:5]]
[2026-05-13T05:13:23.6903402-07:00] [pid=10072] [2026.05.13-12.13.23:690][  0]LogConfig: Setting CVar [[r.FastBlurThreshold:100]]
[2026-05-13T05:13:23.6903402-07:00] [pid=10072] [2026.05.13-12.13.23:690][  0]LogConfig: Setting CVar [[r.Upscale.Quality:3]]
[2026-05-13T05:13:23.6903402-07:00] [pid=10072] [2026.05.13-12.13.23:690][  0]LogConfig: Setting CVar [[r.Tonemapper.GrainQuantization:1]]
[2026-05-13T05:13:23.6903402-07:00] [pid=10072] [2026.05.13-12.13.23:690][  0]LogConfig: Setting CVar [[r.LightShaftQuality:1]]
[2026-05-13T05:13:23.6903402-07:00] [pid=10072] [2026.05.13-12.13.23:690][  0]LogConfig: Setting CVar [[r.Filter.SizeScale:1]]
[2026-05-13T05:13:23.6903402-07:00] [pid=10072] [2026.05.13-12.13.23:690][  0]LogConfig: Setting CVar [[r.Tonemapper.Quality:5]]
[2026-05-13T05:13:23.6913434-07:00] [pid=10072] [2026.05.13-12.13.23:690][  0]LogConfig: Setting CVar [[r.DOF.Gather.AccumulatorQuality:1        ; higher gathering accumulator quality]]
[2026-05-13T05:13:23.6913434-07:00] [pid=10072] [2026.05.13-12.13.23:691][  0]LogConfig: Setting CVar [[r.DOF.Gather.PostfilterMethod:1          ; Median3x3 postfilering method]]
[2026-05-13T05:13:23.6913434-07:00] [pid=10072] [2026.05.13-12.13.23:691][  0]LogConfig: Setting CVar [[r.DOF.Gather.EnableBokehSettings:0       ; no bokeh simulation when gathering]]
[2026-05-13T05:13:23.6913434-07:00] [pid=10072] [2026.05.13-12.13.23:691][  0]LogConfig: Setting CVar [[r.DOF.Gather.RingCount:4                 ; medium number of samples when gathering]]
[2026-05-13T05:13:23.6913434-07:00] [pid=10072] [2026.05.13-12.13.23:691][  0]LogConfig: Setting CVar [[r.DOF.Scatter.ForegroundCompositing:1    ; additive foreground scattering]]
[2026-05-13T05:13:23.6913434-07:00] [pid=10072] [2026.05.13-12.13.23:691][  0]LogConfig: Setting CVar [[r.DOF.Scatter.BackgroundCompositing:2    ; additive background scattering]]
[2026-05-13T05:13:23.6913434-07:00] [pid=10072] [2026.05.13-12.13.23:691][  0]LogConfig: Setting CVar [[r.DOF.Scatter.EnableBokehSettings:1      ; bokeh simulation when scattering]]
[2026-05-13T05:13:23.6913434-07:00] [pid=10072] [2026.05.13-12.13.23:691][  0]LogConfig: Setting CVar [[r.DOF.Scatter.MaxSpriteRatio:0.1         ; only a maximum of 10% of scattered bokeh]]
[2026-05-13T05:13:23.6913434-07:00] [pid=10072] [2026.05.13-12.13.23:691][  0]LogConfig: Setting CVar [[r.DOF.Recombine.Quality:1                ; cheap slight out of focus]]
[2026-05-13T05:13:23.6913434-07:00] [pid=10072] [2026.05.13-12.13.23:691][  0]LogConfig: Setting CVar [[r.DOF.Recombine.EnableBokehSettings:0    ; no bokeh simulation on slight out of focus]]
[2026-05-13T05:13:23.6913434-07:00] [pid=10072] [2026.05.13-12.13.23:691][  0]LogConfig: Setting CVar [[r.DOF.TemporalAAQuality:1                ; more stable temporal accumulation]]
[2026-05-13T05:13:23.6913434-07:00] [pid=10072] [2026.05.13-12.13.23:691][  0]LogConfig: Setting CVar [[r.DOF.Kernel.MaxForegroundRadius:0.025]]
[2026-05-13T05:13:23.6913434-07:00] [pid=10072] [2026.05.13-12.13.23:691][  0]LogConfig: Setting CVar [[r.DOF.Kernel.MaxBackgroundRadius:0.025]]
[2026-05-13T05:13:23.6913434-07:00] [pid=10072] [2026.05.13-12.13.23:691][  0]LogConfig: Applying CVar settings from Section [TextureQuality@3] File [C:/Users/kapil/OneDrive/Documents/Unreal Projects/testTP/Saved/Config/Windows/Scalability.ini]
[2026-05-13T05:13:23.6913434-07:00] [pid=10072] [2026.05.13-12.13.23:691][  0]LogConfig: Setting CVar [[r.Streaming.MipBias:0]]
[2026-05-13T05:13:23.6913434-07:00] [pid=10072] [2026.05.13-12.13.23:691][  0]LogConfig: Setting CVar [[r.Streaming.AmortizeCPUToGPUCopy:0]]
[2026-05-13T05:13:23.6913434-07:00] [pid=10072] [2026.05.13-12.13.23:691][  0]LogConfig: Setting CVar [[r.Streaming.MaxNumTexturesToStreamPerFrame:0]]
[2026-05-13T05:13:23.6913434-07:00] [pid=10072] [2026.05.13-12.13.23:691][  0]LogConfig: Setting CVar [[r.Streaming.Boost:1]]
[2026-05-13T05:13:23.6923465-07:00] [pid=10072] [2026.05.13-12.13.23:691][  0]LogConfig: Setting CVar [[r.MaxAnisotropy:8]]
[2026-05-13T05:13:23.6923465-07:00] [pid=10072] [2026.05.13-12.13.23:692][  0]LogConfig: Setting CVar [[r.VT.MaxAnisotropy:8]]
[2026-05-13T05:13:23.6923465-07:00] [pid=10072] [2026.05.13-12.13.23:692][  0]LogConfig: Setting CVar [[r.Streaming.LimitPoolSizeToVRAM:0]]
[2026-05-13T05:13:23.6923465-07:00] [pid=10072] [2026.05.13-12.13.23:692][  0]LogConfig: Setting CVar [[r.Streaming.PoolSize:1000]]
[2026-05-13T05:13:23.6923465-07:00] [pid=10072] [2026.05.13-12.13.23:692][  0]LogConfig: Setting CVar [[r.Streaming.MaxEffectiveScreenSize:0]]
[2026-05-13T05:13:23.6923465-07:00] [pid=10072] [2026.05.13-12.13.23:692][  0]LogConfig: Applying CVar settings from Section [EffectsQuality@3] File [C:/Users/kapil/OneDrive/Documents/Unreal Projects/testTP/Saved/Config/Windows/Scalability.ini]
[2026-05-13T05:13:23.6923465-07:00] [pid=10072] [2026.05.13-12.13.23:692][  0]LogConfig: Setting CVar [[r.TranslucencyLightingVolumeDim:64]]
[2026-05-13T05:13:23.6923465-07:00] [pid=10072] [2026.05.13-12.13.23:692][  0]LogConfig: Setting CVar [[r.RefractionQuality:2]]
[2026-05-13T05:13:23.6923465-07:00] [pid=10072] [2026.05.13-12.13.23:692][  0]LogConfig: Setting CVar [[r.SSR.Quality:3]]
[2026-05-13T05:13:23.6923465-07:00] [pid=10072] [2026.05.13-12.13.23:692][  0]LogConfig: Setting CVar [[r.SSR.HalfResSceneColor:0]]
[2026-05-13T05:13:23.6923465-07:00] [pid=10072] [2026.05.13-12.13.23:692][  0]LogConfig: Setting CVar [[r.SceneColorFormat:4]]
[2026-05-13T05:13:23.6923465-07:00] [pid=10072] [2026.05.13-12.13.23:692][  0]LogConfig: Setting CVar [[r.DetailMode:2]]
[2026-05-13T05:13:23.6923465-07:00] [pid=10072] [2026.05.13-12.13.23:692][  0]LogConfig: Setting CVar [[r.TranslucencyVolumeBlur:1]]
[2026-05-13T05:13:23.6923465-07:00] [pid=10072] [2026.05.13-12.13.23:692][  0]LogConfig: Setting CVar [[r.MaterialQualityLevel:1 ; High quality]]
[2026-05-13T05:13:23.6923465-07:00] [pid=10072] [2026.05.13-12.13.23:692][  0]LogConfig: Setting CVar [[r.AnisotropicMaterials:1]]
[2026-05-13T05:13:23.6923465-07:00] [pid=10072] [2026.05.13-12.13.23:692][  0]LogConfig: Setting CVar [[r.SSS.Scale:1]]
[2026-05-13T05:13:23.6923465-07:00] [pid=10072] [2026.05.13-12.13.23:692][  0]LogConfig: Setting CVar [[r.SSS.SampleSet:2]]
[2026-05-13T05:13:23.6933462-07:00] [pid=10072] [2026.05.13-12.13.23:692][  0]LogConfig: Setting CVar [[r.SSS.Quality:1]]
[2026-05-13T05:13:23.6933462-07:00] [pid=10072] [2026.05.13-12.13.23:693][  0]LogConfig: Setting CVar [[r.SSS.HalfRes:0]]
[2026-05-13T05:13:23.6933462-07:00] [pid=10072] [2026.05.13-12.13.23:693][  0]LogConfig: Setting CVar [[r.SSGI.Quality:3]]
[2026-05-13T05:13:23.6933462-07:00] [pid=10072] [2026.05.13-12.13.23:693][  0]LogConfig: Setting CVar [[r.EmitterSpawnRateScale:1.0]]
[2026-05-13T05:13:23.6933462-07:00] [pid=10072] [2026.05.13-12.13.23:693][  0]LogConfig: Setting CVar [[r.ParticleLightQuality:2]]
[2026-05-13T05:13:23.6933462-07:00] [pid=10072] [2026.05.13-12.13.23:693][  0]LogConfig: Setting CVar [[r.SkyAtmosphere.AerialPerspectiveLUT.FastApplyOnOpaque:1 ; Always have FastSkyLUT 1 in this case to avoid wrong sky]]
[2026-05-13T05:13:23.6933462-07:00] [pid=10072] [2026.05.13-12.13.23:693][  0]LogConfig: Setting CVar [[r.SkyAtmosphere.AerialPerspectiveLUT.SampleCountMaxPerSlice:4]]
[2026-05-13T05:13:23.6933462-07:00] [pid=10072] [2026.05.13-12.13.23:693][  0]LogConfig: Setting CVar [[r.SkyAtmosphere.AerialPerspectiveLUT.DepthResolution:16.0]]
[2026-05-13T05:13:23.6933462-07:00] [pid=10072] [2026.05.13-12.13.23:693][  0]LogConfig: Setting CVar [[r.SkyAtmosphere.FastSkyLUT:1]]
[2026-05-13T05:13:23.6933462-07:00] [pid=10072] [2026.05.13-12.13.23:693][  0]LogConfig: Setting CVar [[r.SkyAtmosphere.FastSkyLUT.SampleCountMin:4.0]]
[2026-05-13T05:13:23.6933462-07:00] [pid=10072] [2026.05.13-12.13.23:693][  0]LogConfig: Setting CVar [[r.SkyAtmosphere.FastSkyLUT.SampleCountMax:128.0]]
[2026-05-13T05:13:23.6933462-07:00] [pid=10072] [2026.05.13-12.13.23:693][  0]LogConfig: Setting CVar [[r.SkyAtmosphere.SampleCountMin:4.0]]
[2026-05-13T05:13:23.6933462-07:00] [pid=10072] [2026.05.13-12.13.23:693][  0]LogConfig: Setting CVar [[r.SkyAtmosphere.SampleCountMax:128.0]]
[2026-05-13T05:13:23.6933462-07:00] [pid=10072] [2026.05.13-12.13.23:693][  0]LogConfig: Setting CVar [[r.SkyAtmosphere.TransmittanceLUT.UseSmallFormat:0]]
[2026-05-13T05:13:23.6933462-07:00] [pid=10072] [2026.05.13-12.13.23:693][  0]LogConfig: Setting CVar [[r.SkyAtmosphere.TransmittanceLUT.SampleCount:10.0]]
[2026-05-13T05:13:23.6933462-07:00] [pid=10072] [2026.05.13-12.13.23:693][  0]LogConfig: Setting CVar [[r.SkyAtmosphere.MultiScatteringLUT.SampleCount:15.0]]
[2026-05-13T05:13:23.6933462-07:00] [pid=10072] [2026.05.13-12.13.23:693][  0]LogConfig: Setting CVar [[r.SkyLight.RealTimeReflectionCapture:1]]
[2026-05-13T05:13:23.6943460-07:00] [pid=10072] [2026.05.13-12.13.23:693][  0]LogConfig: Applying CVar settings from Section [FoliageQuality@3] File [C:/Users/kapil/OneDrive/Documents/Unreal Projects/testTP/Saved/Config/Windows/Scalability.ini]
[2026-05-13T05:13:23.6943460-07:00] [pid=10072] [2026.05.13-12.13.23:693][  0]LogConfig: Setting CVar [[foliage.DensityScale:1.0]]
[2026-05-13T05:13:23.6943460-07:00] [pid=10072] [2026.05.13-12.13.23:694][  0]LogConfig: Setting CVar [[grass.DensityScale:1.0]]
[2026-05-13T05:13:23.6943460-07:00] [pid=10072] [2026.05.13-12.13.23:694][  0]LogConfig: Applying CVar settings from Section [ShadingQuality@3] File [C:/Users/kapil/OneDrive/Documents/Unreal Projects/testTP/Saved/Config/Windows/Scalability.ini]
[2026-05-13T05:13:23.6943460-07:00] [pid=10072] [2026.05.13-12.13.23:694][  0]LogConfig: Setting CVar [[r.HairStrands.SkyLighting.IntegrationType:2]]
[2026-05-13T05:13:23.6943460-07:00] [pid=10072] [2026.05.13-12.13.23:694][  0]LogConfig: Setting CVar [[r.HairStrands.SkyAO.SampleCount:4]]
[2026-05-13T05:13:23.6943460-07:00] [pid=10072] [2026.05.13-12.13.23:694][  0]LogConfig: Setting CVar [[r.HairStrands.Visibility.MSAA.SamplePerPixel:4]]
[2026-05-13T05:13:23.6943460-07:00] [pid=10072] [2026.05.13-12.13.23:694][  0]LogConfig: Applying CVar settings from Section [Startup] File [../../../Engine/Config/ConsoleVariables.ini]
[2026-05-13T05:13:23.6943460-07:00] [pid=10072] [2026.05.13-12.13.23:694][  0]LogConfig: Setting CVar [[net.UseAdaptiveNetUpdateFrequency:0]]
[2026-05-13T05:13:23.6943460-07:00] [pid=10072] [2026.05.13-12.13.23:694][  0]LogConfig: Setting CVar [[p.chaos.AllowCreatePhysxBodies:1]]
[2026-05-13T05:13:23.6943460-07:00] [pid=10072] [2026.05.13-12.13.23:694][  0]LogConfig: Setting CVar [[fx.SkipVectorVMBackendOptimizations:1]]
[2026-05-13T05:13:23.6943460-07:00] [pid=10072] [2026.05.13-12.13.23:694][  0]LogConfig: Applying CVar settings from Section [ConsoleVariables] File [C:/Users/kapil/OneDrive/Documents/Unreal Projects/testTP/Saved/Config/Windows/Engine.ini]
[2026-05-13T05:13:23.6953470-07:00] [pid=10072] [2026.05.13-12.13.23:694][  0]LogConfig: Applying CVar settings from Section [ConsoleVariables] File [C:/Users/kapil/OneDrive/Documents/Unreal Projects/testTP/Saved/Config/Windows/Editor.ini]
[2026-05-13T05:13:23.6953470-07:00] [pid=10072] [2026.05.13-12.13.23:695][  0]LogInit: Computer: IMMERSEDEMOM5
[2026-05-13T05:13:23.6953470-07:00] [pid=10072] [2026.05.13-12.13.23:695][  0]LogInit: User: kapil
[2026-05-13T05:13:23.6953470-07:00] [pid=10072] [2026.05.13-12.13.23:695][  0]LogInit: CPU Page size=4096, Cores=14
[2026-05-13T05:13:23.6953470-07:00] [pid=10072] [2026.05.13-12.13.23:695][  0]LogInit: High frequency timer resolution =10.000000 MHz
[2026-05-13T05:13:23.6953470-07:00] [pid=10072] [2026.05.13-12.13.23:695][  0]LogMemory: Memory total: Physical=15.7GB (16GB approx)
[2026-05-13T05:13:23.6953470-07:00] [pid=10072] [2026.05.13-12.13.23:695][  0]LogMemory: Platform Memory Stats for Windows
[2026-05-13T05:13:23.6953470-07:00] [pid=10072] [2026.05.13-12.13.23:695][  0]LogMemory: Process Physical Memory: 151.12 MB used, 151.12 MB peak
[2026-05-13T05:13:23.6953470-07:00] [pid=10072] [2026.05.13-12.13.23:695][  0]LogMemory: Process Virtual Memory: 129.18 MB used, 129.18 MB peak
[2026-05-13T05:13:23.6953470-07:00] [pid=10072] [2026.05.13-12.13.23:695][  0]LogMemory: Physical Memory: 13343.76 MB used,  2724.94 MB free, 16068.70 MB total
[2026-05-13T05:13:23.6953470-07:00] [pid=10072] [2026.05.13-12.13.23:695][  0]LogMemory: Virtual Memory: 134207608.00 MB used,  10119.00 MB free, 134217728.00 MB total
[2026-05-13T05:13:23.6998561-07:00] [pid=10072] [2026.05.13-12.13.23:698][  0]LogWindows: WindowsPlatformFeatures enabled
[2026-05-13T05:13:23.7379812-07:00] [pid=10072] [2026.05.13-12.13.23:737][  0]LogInit: Physics initialised using underlying interface: PhysX
[2026-05-13T05:13:23.7389835-07:00] [pid=10072] [2026.05.13-12.13.23:738][  0]LogInit: Using OS detected language (en-US).
[2026-05-13T05:13:23.7389835-07:00] [pid=10072] [2026.05.13-12.13.23:738][  0]LogInit: Using OS detected locale (en-US).
[2026-05-13T05:13:23.7414930-07:00] [pid=10072] [2026.05.13-12.13.23:741][  0]LogTextLocalizationManager: No specific localization for 'en-US' exists, so the 'en' localization will be used.
[2026-05-13T05:13:23.8868213-07:00] [pid=10072] [2026.05.13-12.13.23:886][  0]LogWindowsTextInputMethodSystem: Display: IME system deactivated.
[2026-05-13T05:13:23.8978540-07:00] [pid=10072] [2026.05.13-12.13.23:897][  0]LogSlate: New Slate User Created.  User Index 0, Is Virtual User: 0
[2026-05-13T05:13:23.8978540-07:00] [pid=10072] [2026.05.13-12.13.23:897][  0]LogSlate: Slate User Registered.  User Index 0, Is Virtual User: 0
[2026-05-13T05:13:23.9068677-07:00] [pid=10072] [2026.05.13-12.13.23:906][  0]LogD3D11RHI: Loaded GFSDK_Aftermath_Lib.x64.dll
[2026-05-13T05:13:23.9499422-07:00] [pid=10072] [2026.05.13-12.13.23:949][  0]LogHMD: Failed to initialize OpenVR with code 110
[2026-05-13T05:13:23.9499422-07:00] [pid=10072] [2026.05.13-12.13.23:949][  0]LogD3D11RHI: D3D11 min allowed feature level: 11_0
[2026-05-13T05:13:23.9499422-07:00] [pid=10072] [2026.05.13-12.13.23:949][  0]LogD3D11RHI: D3D11 max allowed feature level: 11_0
[2026-05-13T05:13:23.9499422-07:00] [pid=10072] [2026.05.13-12.13.23:949][  0]LogD3D11RHI: D3D11 adapters:
[2026-05-13T05:13:24.1105115-07:00] [pid=10072] [2026.05.13-12.13.24:110][  0]LogD3D11RHI:    0. 'NVIDIA GeForce RTX 4060 Laptop GPU' (Feature Level 11_0)
[2026-05-13T05:13:24.1105115-07:00] [pid=10072] [2026.05.13-12.13.24:110][  0]LogD3D11RHI:       7957/0/8034 MB DedicatedVideo/DedicatedSystem/SharedSystem, Outputs:1, VendorId:0x10de
[2026-05-13T05:13:24.1380893-07:00] [pid=10072] [2026.05.13-12.13.24:138][  0]LogD3D11RHI:    1. 'Intel(R) UHD Graphics' (Feature Level 11_0)
[2026-05-13T05:13:24.1380893-07:00] [pid=10072] [2026.05.13-12.13.24:138][  0]LogD3D11RHI:       128/0/8034 MB DedicatedVideo/DedicatedSystem/SharedSystem, Outputs:0, VendorId:0x8086
[2026-05-13T05:13:24.1415998-07:00] [pid=10072] [2026.05.13-12.13.24:141][  0]LogD3D11RHI:    2. 'Microsoft Basic Render Driver' (Feature Level 11_0)
[2026-05-13T05:13:24.1415998-07:00] [pid=10072] [2026.05.13-12.13.24:141][  0]LogD3D11RHI:       0/0/8034 MB DedicatedVideo/DedicatedSystem/SharedSystem, Outputs:0, VendorId:0x1414
[2026-05-13T05:13:24.1415998-07:00] [pid=10072] [2026.05.13-12.13.24:141][  0]LogD3D11RHI: Chosen D3D11 Adapter:
[2026-05-13T05:13:24.1415998-07:00] [pid=10072] [2026.05.13-12.13.24:141][  0]LogD3D11RHI:     Description : NVIDIA GeForce RTX 4060 Laptop GPU
[2026-05-13T05:13:24.1415998-07:00] [pid=10072] [2026.05.13-12.13.24:141][  0]LogD3D11RHI:     VendorId    : 10de
[2026-05-13T05:13:24.1415998-07:00] [pid=10072] [2026.05.13-12.13.24:141][  0]LogD3D11RHI:     DeviceId    : 28e0
[2026-05-13T05:13:24.1415998-07:00] [pid=10072] [2026.05.13-12.13.24:141][  0]LogD3D11RHI:     SubSysId    : bf81028
[2026-05-13T05:13:24.1415998-07:00] [pid=10072] [2026.05.13-12.13.24:141][  0]LogD3D11RHI:     Revision    : 00a1
[2026-05-13T05:13:24.1415998-07:00] [pid=10072] [2026.05.13-12.13.24:141][  0]LogD3D11RHI:     DedicatedVideoMemory : 8343519232 bytes
[2026-05-13T05:13:24.1426041-07:00] [pid=10072] [2026.05.13-12.13.24:141][  0]LogD3D11RHI:     DedicatedSystemMemory : 0 bytes
[2026-05-13T05:13:24.1426041-07:00] [pid=10072] [2026.05.13-12.13.24:141][  0]LogD3D11RHI:     SharedSystemMemory : 8424628224 bytes
[2026-05-13T05:13:24.1426041-07:00] [pid=10072] [2026.05.13-12.13.24:142][  0]LogD3D11RHI:     AdapterLuid : 0 72942
[2026-05-13T05:13:24.1491186-07:00] [pid=10072] [2026.05.13-12.13.24:149][  0]LogD3D11RHI: Creating new Direct3DDevice
[2026-05-13T05:13:24.1491186-07:00] [pid=10072] [2026.05.13-12.13.24:149][  0]LogD3D11RHI:     GPU DeviceId: 0x28e0 (for the marketing name, search the web for "GPU Device Id")
[2026-05-13T05:13:24.1491186-07:00] [pid=10072] [2026.05.13-12.13.24:149][  0]LogWindows: EnumDisplayDevices:
[2026-05-13T05:13:24.1491186-07:00] [pid=10072] [2026.05.13-12.13.24:149][  0]LogWindows:    0. 'Intel(R) UHD Graphics' (P:1 D:1)
[2026-05-13T05:13:24.1491186-07:00] [pid=10072] [2026.05.13-12.13.24:149][  0]LogWindows:    1. 'Intel(R) UHD Graphics' (P:0 D:0)
[2026-05-13T05:13:24.1491186-07:00] [pid=10072] [2026.05.13-12.13.24:149][  0]LogWindows:    2. 'Intel(R) UHD Graphics' (P:0 D:0)
[2026-05-13T05:13:24.1501263-07:00] [pid=10072] [2026.05.13-12.13.24:150][  0]LogWindows:    3. 'Intel(R) UHD Graphics' (P:0 D:0)
[2026-05-13T05:13:24.1501263-07:00] [pid=10072] [2026.05.13-12.13.24:150][  0]LogWindows:    4. 'NVIDIA GeForce RTX 4060 Laptop GPU' (P:0 D:0)
[2026-05-13T05:13:24.1501263-07:00] [pid=10072] [2026.05.13-12.13.24:150][  0]LogWindows: DebugString: PrimaryIsNotTheChoosenAdapter PrimaryIsNotTheChoosenAdapter PrimaryIsNotTheChoosenAdapter PrimaryIsNotTheChoosenAdapter 
[2026-05-13T05:13:24.1501263-07:00] [pid=10072] [2026.05.13-12.13.24:150][  0]LogD3D11RHI:     Adapter Name: NVIDIA GeForce RTX 4060 Laptop GPU
[2026-05-13T05:13:24.1501263-07:00] [pid=10072] [2026.05.13-12.13.24:150][  0]LogD3D11RHI:   Driver Version: 581.95 (internal:32.0.15.8195, unified:581.95)
[2026-05-13T05:13:24.1506308-07:00] [pid=10072] [2026.05.13-12.13.24:150][  0]LogD3D11RHI:      Driver Date: 11-18-2025
[2026-05-13T05:13:24.1506308-07:00] [pid=10072] [2026.05.13-12.13.24:150][  0]LogRHI: Texture pool is 5569 MB (70% of 7957 MB)
[2026-05-13T05:13:24.1506308-07:00] [pid=10072] [2026.05.13-12.13.24:150][  0]LogD3D11RHI: Creating D3DDevice using adapter:
[2026-05-13T05:13:24.1506308-07:00] [pid=10072] [2026.05.13-12.13.24:150][  0]LogD3D11RHI:     Description : NVIDIA GeForce RTX 4060 Laptop GPU
[2026-05-13T05:13:24.1506308-07:00] [pid=10072] [2026.05.13-12.13.24:150][  0]LogD3D11RHI:     VendorId    : 10de
[2026-05-13T05:13:24.1506308-07:00] [pid=10072] [2026.05.13-12.13.24:150][  0]LogD3D11RHI:     DeviceId    : 28e0
[2026-05-13T05:13:24.1506308-07:00] [pid=10072] [2026.05.13-12.13.24:150][  0]LogD3D11RHI:     SubSysId    : bf81028
[2026-05-13T05:13:24.1506308-07:00] [pid=10072] [2026.05.13-12.13.24:150][  0]LogD3D11RHI:     Revision    : 00a1
[2026-05-13T05:13:24.1506308-07:00] [pid=10072] [2026.05.13-12.13.24:150][  0]LogD3D11RHI:     DedicatedVideoMemory : 8343519232 bytes
[2026-05-13T05:13:24.1506308-07:00] [pid=10072] [2026.05.13-12.13.24:150][  0]LogD3D11RHI:     DedicatedSystemMemory : 0 bytes
[2026-05-13T05:13:24.1506308-07:00] [pid=10072] [2026.05.13-12.13.24:150][  0]LogD3D11RHI:     SharedSystemMemory : 8424628224 bytes
[2026-05-13T05:13:24.1506308-07:00] [pid=10072] [2026.05.13-12.13.24:150][  0]LogD3D11RHI:     AdapterLuid : 0 72942
[2026-05-13T05:13:24.2623446-07:00] [pid=10072] [2026.05.13-12.13.24:262][  0]LogD3D11RHI: RHI has support for 64 bit atomics
[2026-05-13T05:13:24.2633438-07:00] [pid=10072] [2026.05.13-12.13.24:263][  0]LogD3D11RHI: Async texture creation enabled
[2026-05-13T05:13:24.2633438-07:00] [pid=10072] [2026.05.13-12.13.24:263][  0]LogD3D11RHI: Array index from any shader is supported
[2026-05-13T05:13:24.2743786-07:00] [pid=10072] [2026.05.13-12.13.24:274][  0]LogD3D11RHI: GPU Timing Frequency: 1000.000000 (Debug: 2 1)
[2026-05-13T05:13:24.3004423-07:00] [pid=10072] [2026.05.13-12.13.24:300][  0]LogRHI: GeForceNow SDK initialized: 1
[2026-05-13T05:13:24.4854075-07:00] [pid=24988] MacPlatformFactory.RegisterBuildPlatforms: UnrealBuildTool.MacPlatformSDK using manually installed SDK
[2026-05-13T05:13:24.4954407-07:00] [pid=24988] TVOSPlatformFactory.RegisterBuildPlatforms: UnrealBuildTool.IOSPlatformSDK has no valid SDK
[2026-05-13T05:13:24.4969469-07:00] [pid=24988] AndroidPlatformFactory.RegisterBuildPlatforms: UnrealBuildTool.AndroidPlatformSDK has no valid SDK
[2026-05-13T05:13:24.4979572-07:00] [pid=24988] HoloLensPlatformFactory.RegisterBuildPlatforms: UnrealBuildTool.HoloLensPlatformSDK using manually installed SDK
[2026-05-13T05:13:24.5004665-07:00] [pid=24988] IOSPlatformFactory.RegisterBuildPlatforms: UnrealBuildTool.IOSPlatformSDK has no valid SDK
[2026-05-13T05:13:24.5024720-07:00] [pid=24988] LinuxPlatformFactory.RegisterBuildPlatforms: UnrealBuildTool.LinuxPlatformSDK has no valid SDK
[2026-05-13T05:13:24.5034724-07:00] [pid=24988] LuminSDKVersionHelper.HasAnySDK: *** Unable to determine MLSDK location ***
[2026-05-13T05:13:24.5034724-07:00] [pid=24988] LuminSDKVersionHelper.HasAnySDK: *** Unable to determine MLSDK location ***
[2026-05-13T05:13:24.5034724-07:00] [pid=24988] LuminPlatformFactory.RegisterBuildPlatforms: UnrealBuildTool.LuminPlatformSDK has no valid SDK
[2026-05-13T05:13:24.5044721-07:00] [pid=24988] WindowsPlatformFactory.RegisterBuildPlatforms: UnrealBuildTool.WindowsPlatformSDK using manually installed SDK
[2026-05-13T05:13:24.5089792-07:00] [pid=24988] ValidatePlatformsMode.Execute: ##PlatformValidate: Win32 VALID
[2026-05-13T05:13:24.5099793-07:00] [pid=24988] ValidatePlatformsMode.Execute: ##PlatformValidate: Win64 VALID
[2026-05-13T05:13:24.5099793-07:00] [pid=24988] ValidatePlatformsMode.Execute: ##PlatformValidate: HoloLens VALID
[2026-05-13T05:13:24.5099793-07:00] [pid=24988] ValidatePlatformsMode.Execute: ##PlatformValidate: Mac VALID
[2026-05-13T05:13:24.5099793-07:00] [pid=24988] ValidatePlatformsMode.Execute: ##PlatformValidate: XboxOne INVALID
[2026-05-13T05:13:24.5104816-07:00] [pid=24988] ValidatePlatformsMode.Execute: ##PlatformValidate: PS4 INVALID
[2026-05-13T05:13:24.5104816-07:00] [pid=24988] ValidatePlatformsMode.Execute: ##PlatformValidate: IOS INVALID
[2026-05-13T05:13:24.5104816-07:00] [pid=24988] ValidatePlatformsMode.Execute: ##PlatformValidate: Android INVALID
[2026-05-13T05:13:24.5104816-07:00] [pid=24988] ValidatePlatformsMode.Execute: ##PlatformValidate: HTML5 INVALID
[2026-05-13T05:13:24.5104816-07:00] [pid=24988] ValidatePlatformsMode.Execute: ##PlatformValidate: Linux INVALID
[2026-05-13T05:13:24.5104816-07:00] [pid=24988] ValidatePlatformsMode.Execute: ##PlatformValidate: LinuxAArch64 INVALID
[2026-05-13T05:13:24.5104816-07:00] [pid=24988] ValidatePlatformsMode.Execute: ##PlatformValidate: AllDesktop INVALID
[2026-05-13T05:13:24.5104816-07:00] [pid=24988] ValidatePlatformsMode.Execute: ##PlatformValidate: TVOS INVALID
[2026-05-13T05:13:24.5104816-07:00] [pid=24988] ValidatePlatformsMode.Execute: ##PlatformValidate: Switch INVALID
[2026-05-13T05:13:24.5104816-07:00] [pid=24988] ValidatePlatformsMode.Execute: ##PlatformValidate: Lumin INVALID
[2026-05-13T05:13:24.5124868-07:00] [pid=24988] Timeline.Print: Timeline:
[2026-05-13T05:13:24.5124868-07:00] [pid=24988] Timeline.Print: 
[2026-05-13T05:13:24.5134865-07:00] [pid=24988] Timeline.Print: [ 0.000]
[2026-05-13T05:13:24.5144957-07:00] [pid=24988] Timeline.Print: [ 0.016](+0.064) XmlConfig.ReadConfigFiles()
[2026-05-13T05:13:24.5144957-07:00] [pid=24988] Timeline.Print: [ 0.081](+0.000) SingleInstanceMutex.Acquire()
[2026-05-13T05:13:24.5144957-07:00] [pid=24988] Timeline.Print: [ 0.081](+0.047) UEBuildPlatform.RegisterPlatforms()
[2026-05-13T05:13:24.5144957-07:00] [pid=24988] Timeline.Print:   0.082          [ 0.000](+0.022) Initializing InstalledPlatformInfo
[2026-05-13T05:13:24.5144957-07:00] [pid=24988] Timeline.Print:   0.104          [ 0.022](+0.000) Querying types
[2026-05-13T05:13:24.5144957-07:00] [pid=24988] Timeline.Print:   0.105          [ 0.023](+0.011) MacPlatformFactory
[2026-05-13T05:13:24.5144957-07:00] [pid=24988] Timeline.Print:   0.116          [ 0.035](+0.003) TVOSPlatformFactory
[2026-05-13T05:13:24.5144957-07:00] [pid=24988] Timeline.Print:   0.120          [ 0.038](+0.002) AndroidPlatformFactory
[2026-05-13T05:13:24.5144957-07:00] [pid=24988] Timeline.Print:   0.122          [ 0.041](+0.001) HoloLensPlatformFactory
[2026-05-13T05:13:24.5144957-07:00] [pid=24988] Timeline.Print:   0.123          [ 0.042](+0.001) IOSPlatformFactory
[2026-05-13T05:13:24.5144957-07:00] [pid=24988] Timeline.Print:   0.125          [ 0.043](+0.002) LinuxPlatformFactory
[2026-05-13T05:13:24.5144957-07:00] [pid=24988] Timeline.Print:   0.127          [ 0.045](+0.001) LuminPlatformFactory
[2026-05-13T05:13:24.5144957-07:00] [pid=24988] Timeline.Print:   0.128          [ 0.047](+0.000) WindowsPlatformFactory
[2026-05-13T05:13:24.5144957-07:00] [pid=24988] Timeline.Print: [ 0.135](+0.000) FileMetadataPrefetch.Stop()
[2026-05-13T05:13:24.5144957-07:00] [pid=24988] Timeline.Print: [ 0.137]
[2026-05-13T05:13:24.5355644-07:00] [pid=10072] [2026.05.13-12.13.24:535][  0]LogTargetPlatformManager: Display: Loaded TargetPlatform 'WindowsNoEditor'
[2026-05-13T05:13:24.5400860-07:00] [pid=10072] [2026.05.13-12.13.24:538][  0]LogTargetPlatformManager: Display: Loaded TargetPlatform 'Windows'
[2026-05-13T05:13:24.5430976-07:00] [pid=10072] [2026.05.13-12.13.24:543][  0]LogTargetPlatformManager: Display: Loaded TargetPlatform 'WindowsClient'
[2026-05-13T05:13:24.5460984-07:00] [pid=10072] [2026.05.13-12.13.24:546][  0]LogTargetPlatformManager: Display: Loaded TargetPlatform 'WindowsServer'
[2026-05-13T05:13:24.5460984-07:00] [pid=10072] [2026.05.13-12.13.24:546][  0]LogTargetPlatformManager: Display: Building Assets For Windows
[2026-05-13T05:13:24.5516156-07:00] [pid=10072] [2026.05.13-12.13.24:551][  0]LogAudioDebug: Display: Lib vorbis DLL was dynamically loaded.
[2026-05-13T05:13:24.5766846-07:00] [pid=10072] [2026.05.13-12.13.24:576][  0]LogTextureFormatOodle: Display: Oodle Texture 2.9.0 init RDO Off
[2026-05-13T05:13:24.6032704-07:00] [pid=10072] [2026.05.13-12.13.24:602][  0]LogRendererCore: Ray tracing is disabled. Reason: r.RayTracing=0.
[2026-05-13T05:13:24.6032704-07:00] [pid=10072] [2026.05.13-12.13.24:603][  0]LogShaderCompilers: Guid format shader working directory is -26 characters bigger than the processId version (../../../../../../Users/kapil/OneDrive/Documents/Unreal Projects/testTP/Intermediate/Shaders/WorkingDirectory/10072/).
[2026-05-13T05:13:24.6032704-07:00] [pid=10072] [2026.05.13-12.13.24:603][  0]LogShaderCompilers: Cleaned the shader compiler working directory 'C:/Users/kapil/AppData/Local/Temp/UnrealShaderWorkingDir/4E1DB0EF40ED451E8118D9A8FEADA043/'.
[2026-05-13T05:13:24.6032704-07:00] [pid=10072] [2026.05.13-12.13.24:603][  0]LogXGEController: Cannot use XGE Controller as Incredibuild is not installed on this machine.
[2026-05-13T05:13:24.6032704-07:00] [pid=10072] [2026.05.13-12.13.24:603][  0]LogShaderCompilers: Cannot use XGE Shader Compiler as Incredibuild is not installed on this machine.
[2026-05-13T05:13:24.6032704-07:00] [pid=10072] [2026.05.13-12.13.24:603][  0]LogShaderCompilers: Display: Using Local Shader Compiler.
[2026-05-13T05:13:25.1458903-07:00] [pid=10072] [2026.05.13-12.13.25:145][  0]LogDerivedDataCache: Display: Max Cache Size: 512 MB
[2026-05-13T05:13:25.2090940-07:00] [pid=10072] [2026.05.13-12.13.25:209][  0]LogDerivedDataCache: Loaded boot cache 0.06s 78MB C:/Users/kapil/AppData/Local/UnrealEngine/4.27/DerivedDataCache/Boot.ddc.
[2026-05-13T05:13:25.2090940-07:00] [pid=10072] [2026.05.13-12.13.25:209][  0]LogDerivedDataCache: Display: Loaded Boot cache: C:/Users/kapil/AppData/Local/UnrealEngine/4.27/DerivedDataCache/Boot.ddc
[2026-05-13T05:13:25.2090940-07:00] [pid=10072] [2026.05.13-12.13.25:209][  0]LogDerivedDataCache: FDerivedDataBackendGraph:  Pak pak cache file ../../../../../../Users/kapil/OneDrive/Documents/Unreal Projects/testTP/DerivedDataCache/DDC.ddp not found, will not use a pak cache.
[2026-05-13T05:13:25.2100939-07:00] [pid=10072] [2026.05.13-12.13.25:209][  0]LogDerivedDataCache: Unable to find inner node Pak for hierarchical cache Hierarchy.
[2026-05-13T05:13:25.2100939-07:00] [pid=10072] [2026.05.13-12.13.25:209][  0]LogDerivedDataCache: FDerivedDataBackendGraph:  CompressedPak pak cache file ../../../../../../Users/kapil/OneDrive/Documents/Unreal Projects/testTP/DerivedDataCache/Compressed.ddp not found, will not use a pak cache.
[2026-05-13T05:13:25.2100939-07:00] [pid=10072] [2026.05.13-12.13.25:210][  0]LogDerivedDataCache: Unable to find inner node CompressedPak for hierarchical cache Hierarchy.
[2026-05-13T05:13:25.2226232-07:00] [pid=10072] [2026.05.13-12.13.25:222][  0]LogDerivedDataCache: Display: Pak cache opened for reading ../../../Engine/DerivedDataCache/Compressed.ddp.
[2026-05-13T05:13:25.2226232-07:00] [pid=10072] [2026.05.13-12.13.25:222][  0]LogDerivedDataCache: FDerivedDataBackendGraph:  EnterprisePak pak cache file ../../../Enterprise/DerivedDataCache/Compressed.ddp not found, will not use a pak cache.
[2026-05-13T05:13:25.2226232-07:00] [pid=10072] [2026.05.13-12.13.25:222][  0]LogDerivedDataCache: Unable to find inner node EnterprisePak for hierarchical cache Hierarchy.
[2026-05-13T05:13:25.2296493-07:00] [pid=10072] [2026.05.13-12.13.25:229][  0]LogDerivedDataCache: Speed tests for C:/Users/kapil/AppData/Local/UnrealEngine/Common/DerivedDataCache took 0.01 seconds
[2026-05-13T05:13:25.2296493-07:00] [pid=10072] [2026.05.13-12.13.25:229][  0]LogDerivedDataCache: Display: Performance to C:/Users/kapil/AppData/Local/UnrealEngine/Common/DerivedDataCache: Latency=0.02ms. RandomReadSpeed=1477.34MBs, RandomWriteSpeed=165.27MBs. Assigned SpeedClass 'Local'
[2026-05-13T05:13:25.2306565-07:00] [pid=10072] [2026.05.13-12.13.25:230][  0]LogDerivedDataCache: Using Local data cache path C:/Users/kapil/AppData/Local/UnrealEngine/Common/DerivedDataCache: Writable
[2026-05-13T05:13:25.2306565-07:00] [pid=10072] [2026.05.13-12.13.25:230][  0]LogDerivedDataCache: Shared data cache path not found in *engine.ini, will not use an Shared cache.
[2026-05-13T05:13:25.2306565-07:00] [pid=10072] [2026.05.13-12.13.25:230][  0]LogDerivedDataCache: Unable to find inner node Shared for hierarchical cache Hierarchy.
[2026-05-13T05:13:25.2552091-07:00] [pid=10072] [2026.05.13-12.13.25:255][  0]LogSlate: Using FreeType 2.10.0
[2026-05-13T05:13:25.2552091-07:00] [pid=10072] [2026.05.13-12.13.25:255][  0]LogSlate: SlateFontServices - WITH_FREETYPE: 1, WITH_HARFBUZZ: 1
[2026-05-13T05:13:25.3068663-07:00] [pid=10072] [2026.05.13-12.13.25:306][  0]LogInit: Using OS detected language (en-US).
[2026-05-13T05:13:25.3068663-07:00] [pid=10072] [2026.05.13-12.13.25:306][  0]LogInit: Using OS detected locale (en-US).
[2026-05-13T05:13:25.3068663-07:00] [pid=10072] [2026.05.13-12.13.25:306][  0]LogTextLocalizationManager: No localization for 'en-US' exists, so 'en' will be used for the language.
[2026-05-13T05:13:25.3068663-07:00] [pid=10072] [2026.05.13-12.13.25:306][  0]LogTextLocalizationManager: No localization for 'en-US' exists, so 'en' will be used for the locale.
[2026-05-13T05:13:25.3068663-07:00] [pid=10072] [2026.05.13-12.13.25:306][  0]LogSlate: FontCache flush requested. Reason: Culture for localization was changed
[2026-05-13T05:13:25.3068663-07:00] [pid=10072] [2026.05.13-12.13.25:306][  0]LogSlate: FontCache flush requested. Reason: Culture for localization was changed
[2026-05-13T05:13:25.3088756-07:00] [pid=10072] [2026.05.13-12.13.25:308][  0]LogTextLocalizationManager: Compacting localization data took   0.01ms
[2026-05-13T05:13:25.3098793-07:00] [pid=10072] [2026.05.13-12.13.25:308][  0]LogAssetRegistry: FAssetRegistry took 0.0011 seconds to start up
[2026-05-13T05:13:25.4428239-07:00] [pid=10072] [2026.05.13-12.13.25:442][  0]LogPackageLocalizationCache: Processed 28 localized package path(s) for 1 prioritized culture(s) in 0.025346 seconds
[2026-05-13T05:13:25.5201721-07:00] [pid=10072] [2026.05.13-12.13.25:520][  0]LogInit: Selected Device Profile: [Windows]
[2026-05-13T05:13:25.5201721-07:00] [pid=10072] [2026.05.13-12.13.25:520][  0]LogInit: Active device profile: [0000011F0EE7F300][0000011F6F385900 49] Windows
[2026-05-13T05:13:25.5201721-07:00] [pid=10072] [2026.05.13-12.13.25:520][  0]LogInit: Profiles: [0000011F0EE7F300][0000011F6F385900 49] Windows, [0000011F0EE34F00][0000011F6F38DA80 49] WindowsNoEditor, [0000011F0EE7CF00][0000011F6F391C00 49] WindowsServer, [0000011F0EE36A00][0000011F07D96200 49] WindowsClient, [0000011F0EE7E900][0000011F07D9A380 49] IOS, [0000011F0EE35900][0000011F07D9E500 49] iPadAir, [0000011F0EE7D800][0000011F07DA2680 49] iPadAir2, [0000011F0EDD7800][0000011F07DAA940 49] IPadPro, [0000011F0EDD7900][0000011F07DA6980 49] iPadAir3, [0000011F0EE7E200][0000011F07F0AB00 49] iPadAir4, [0000011F0EDD5400][0000011F07F0EC80 49] iPadMini2, [0000011F0EE7FC00][0000011F07F12E00 49] iPadMini3, [0000011F0EDD6400][0000011F07F16F80 49] iPadMini4, [0000011F0EE7D100][0000011F07F1B100 49] iPadMini5, [0000011F0EE27100][0000011F07F233C0 49] iPhone6, [0000011F0EE27200][0000011F07F1F400 49] iPodTouch6, [0000011F0EDD4600][0000011F07F27640 49] iPhone7, [0000011F0EDD4400][0000011F6F389680 49] iPodTouch7, [0000011F0EE25300][0000011F07F2B7C0 49] iPhone5S, [0000011F0EDD4D00][0000011F07F2F900 49] iPhone6Plus, [0000011F0EE26500][0000011F07F37A80 49] iPhone6S, [0000011F0EDD7D00][0000011F07F3BC00 49] iPhone6SPlus, [0000011F0EE27A00][0000011F07F3E200 49] iPhone7Plus, [0000011F0EDD5900][0000011F07F7E380 49] iPhoneSE, [0000011F0EE24900][0000011F07F82500 49] iPhone8, [0000011F0EDD6600][0000011F07F86680 49] iPhone8Plus, [0000011F0EE26300][0000011F07F8A800 49] iPhoneX, [0000011F0EDD6D00][0000011F07F8E980 49] iPhoneXS, [0000011F0EE27B00][0000011F07F92B00 49] iPhoneXSMax, [0000011F0EDD6A00][0000011F07F96C80 49] iPhoneXR, [0000011F0EE27700][0000011F07F9AE00 49] iPhone11, [0000011F0EDD7000][0000011F07F9EF80 49] iPhone11Pro, [0000011F0EE25500][0000011F07FA3100 49] iPhone11ProMax, [0000011F0EDD4200][0000011F07FA7280 49] iPhoneSE2, [0000011F0EE24E00][0000011F07FAB400 49] iPhone12Mini, [0000011F0EDD6100][0000011F07FAF580 49] iPhone12, [0000011F0EE27600][0000011F07F336C0 49] iPhone12Pro, [0000011F0EDD6E00][0000011F07FB3800 49] iPhone12ProMax, [0000011F0EE24A00][0000011F07FB7940 49] iPadPro105, [0000011F0EDD5300][0000011F07FBBA80 49] iPadPro129, [0000011F0EE25100][0000011F07FC3C00 49] iPadPro97, [0000011F0EDD7500][0000011F07FC6200 49] iPadPro2_129, [0000011F0EE26C00][0000011F0F490380 49] iPad5, [0000011F0EDD4900][0000011F0F494500 49] iPad6, [0000011F0EE25800][0000011F0F498680 49] iPad7, [0000011F0EDD5C00][0000011F0F49C800 49] iPad8, [0000011F0EE25C00][0000011F0F4A0980 49] iPadPro11, [0000011F0EDD4B00][0000011F0F4A4B00 49] iPadPro2_11, [0000011F0EE26100][0000011F0F4A8C80 49] iPadPro3_129, [0000011F0EDD6000][0000011F0F4ACE00 49] iPadPro4_129, [0000011F0EE26800][0000011F0F4B0F80 49] AppleTV, [0000011F0EDD4C00][0000011F0F4B5100 49] AppleTV4K, [0000011F0EE26F00][0000011F0F4B9280 49] TVOS, [0000011F0EDD4E00][0000011F0F4BD400 49] Mac, [0000011F0EE27C00][0000011F0F4C1580 49] MacClient, [0000011F0EDD7100][0000011F0F4C5700 49] MacNoEditor, [0000011F0EE27D00][0000011F0F4C9880 49] MacServer, [0000011F0EDD4300][0000011F07FBF9C0 49] Linux, [0000011F0EE25600][0000011F0F4CDB00 49] LinuxAArch64, [0000011F0EDD5100][0000011F0F4D00C0 49] LinuxNoEditor, [0000011F0EE36500][0000011F0F4D8240 49] LinuxAArch64NoEditor, [0000011F0EEC2000][0000011F0F4DC3C0 49] LinuxClient, [0000011F0EE35A00][0000011F0F4E0540 49] LinuxAArch64Client, [0000011F0EEC1B00][0000011F0F4E46C0 49] LinuxServer, [0000011F0EE36D00][0000011F0F4E8840 49] LinuxAArch64Server, [0000011F0EEC0300][0000011F0F4EC9C0 49] Android, [0000011F0EE36300][0000011F0F4F0B40 49] Android_Low, [0000011F0EEC1C00][0000011F0F4F4CC0 49] Android_Mid, [0000011F0EE35700][0000011F0F4F8E40 49] Android_High, [0000011F0EEC0800][0000011F0F4FCFC0 49] Android_Default, [0000011F0EE37200][0000011F0F501140 49] Android_Adreno4xx, [0000011F0EEC1700][0000011F0F5052C0 49] Android_Adreno5xx_Low, [0000011F0EE36800][0000011F0F509440 49] Android_Adreno5xx, [0000011F0EEC2100][0000011F0F50D5C0 49] Android_Adreno6xx, [0000011F0EE34D00][0000011F0F511740 49] Android_Adreno6xx_Vulkan, [0000011F0EEC2600][0000011F0F5158C0 49] Android_Mali_T6xx, [0000011F0EE36C00][0000011F0F519A40 49] Android_Mali_T7xx, [
[2026-05-13T05:13:25.5201721-07:00] [pid=10072] 0000011F0EEC1D00][0000011F0F4D5B80 49] Android_Mali_T8xx, [0000011F0EE34500][0000011F0F51C140 49] Android_Mali_G71, [0000011F0EEC0100][0000011F0F520280 49] Android_Mali_G72, [0000011F0EDD5600][0000011F0F5243C0 49] Android_Mali_G72_Vulkan, [0000011F0EE24F00][0000011F0F52C540 49] Android_Mali_G76, [0000011F0EDD5000][0000011F0F5306C0 49] Android_Mali_G76_Vulkan, [0000011F0EE25B00][0000011F0F534840 49] Android_Mali_G77, [0000011F0EDD7E00][0000011F0F5389C0 49] Android_Mali_G77_Vulkan, [0000011F0EE24700][0000011F0F53CB40 49] Android_Mali_G78, [0000011F0EDD4700][0000011F0F540CC0 49] Android_Mali_G78_Vulkan, [0000011F0EEC0F00][0000011F0F544E40 49] Android_Mali_G710, [0000011F0EDD6200][0000011F0F548FC0 49] Android_Mali_G710_Vulkan, [0000011F0EEC0D00][0000011F0F54D140 49] Android_Vulkan_SM5, [0000011F0EDD7600][0000011F0F5512C0 49] Android_PowerVR_G6xxx, [0000011F0EEC2500][0000011F0F555440 49] Android_PowerVR_GT7xxx, [0000011F0EDD7400][0000011F0F5595C0 49] Android_PowerVR_GE8xxx, [0000011F0EEC1300][0000011F0F55D740 49] Android_PowerVR_GM9xxx, [0000011F0EDD6700][0000011F0F5618C0 49] Android_PowerVR_GM9xxx_Vulkan, [0000011F0EEC1500][0000011F0F565A40 49] Android_TegraK1, [0000011F0EDD5700][0000011F0F569BC0 49] Android_Unknown_Vulkan, [0000011F0EEC0600][0000011F0F528180 49] Lumin, [0000011F0EDD5800][0000011F0F56C2C0 49] Lumin_Desktop, [0000011F0EEC0B00][0000011F0F570400 49] HoloLens, 
[2026-05-13T05:13:25.5688815-07:00] [pid=10072] [2026.05.13-12.13.25:568][  0]LogMeshReduction: Using QuadricMeshReduction for automatic static mesh reduction
[2026-05-13T05:13:25.5688815-07:00] [pid=10072] [2026.05.13-12.13.25:568][  0]LogMeshReduction: Using SimplygonMeshReduction for automatic skeletal mesh reduction
[2026-05-13T05:13:25.5688815-07:00] [pid=10072] [2026.05.13-12.13.25:568][  0]LogMeshReduction: Using ProxyLODMeshReduction for automatic mesh merging
[2026-05-13T05:13:25.5688815-07:00] [pid=10072] [2026.05.13-12.13.25:568][  0]LogMeshReduction: No distributed automatic mesh merging module available
[2026-05-13T05:13:25.5688815-07:00] [pid=10072] [2026.05.13-12.13.25:568][  0]LogMeshMerging: No distributed automatic mesh merging module available
[2026-05-13T05:13:25.6844966-07:00] [pid=10072] [2026.05.13-12.13.25:683][  0]LogNetVersion: testTP 1.0.0, NetCL: 17155196, EngineNetVer: 17, GameNetVer: 0 (Checksum: 3966549976)
[2026-05-13T05:13:25.9732063-07:00] [pid=10072] [2026.05.13-12.13.25:973][  0]LogTexture: Default maximum texture size for cubemaps generated from long-lat sources has been changed from 512 to unlimited. In order to preserve old behaiour for '/Engine/MapTemplates/Sky/DaylightAmbientCubemap.DaylightAmbientCubemap', its maximum texture size has been explicitly set to 512.
[2026-05-13T05:13:26.0956114-07:00] [pid=10072] [2026.05.13-12.13.26:095][  0]LogHMD: PokeAHoleMaterial loaded successfully
[2026-05-13T05:13:26.2153009-07:00] [pid=10072] [2026.05.13-12.13.26:215][  0]LogMoviePlayer: Initializing movie player
[2026-05-13T05:13:26.2977904-07:00] [pid=10072] [2026.05.13-12.13.26:297][  0]LogNiagaraDebuggerClient: Niagara Debugger Client Initialized | Session: DF1B4F2841DEB83CAF56C58FED5FBC7D | Instance: 2AEEA10B4D7054C62F3A049C49A5FC8E (IMMERSEDEMOM5-10072).
[2026-05-13T05:13:26.3214584-07:00] [pid=10072] [2026.05.13-12.13.26:321][  0]LogCollectionManager: Loaded 0 collections in 0.001855 seconds
[2026-05-13T05:13:26.3254741-07:00] [pid=10072] [2026.05.13-12.13.26:325][  0]LogFileCache: Scanning file cache for directory 'C:/Users/kapil/OneDrive/Documents/Unreal Projects/testTP/Saved/Collections/' took 0.00s
[2026-05-13T05:13:26.3269875-07:00] [pid=10072] [2026.05.13-12.13.26:325][  0]LogFileCache: Scanning file cache for directory 'C:/Users/kapil/OneDrive/Documents/Unreal Projects/testTP/Content/Developers/kapil/Collections/' took 0.00s
[2026-05-13T05:13:26.3269875-07:00] [pid=10072] [2026.05.13-12.13.26:326][  0]LogFileCache: Scanning file cache for directory 'C:/Users/kapil/OneDrive/Documents/Unreal Projects/testTP/Content/Collections/' took 0.00s
[2026-05-13T05:13:26.3269875-07:00] [pid=10072] [2026.05.13-12.13.26:326][  0]LogCollectionManager: Fixed up redirectors for 0 collections in 0.000003 seconds (updated 0 objects)
[2026-05-13T05:13:26.4652321-07:00] [pid=10072] [2026.05.13-12.13.26:465][  0]LogPython: Using Python 3.7.7
[2026-05-13T05:13:27.0904279-07:00] [pid=10072] [2026.05.13-12.13.27:089][  0]LogAkAudio: Wwise(R) SDK Version 2019.2.15 Build 7667. Copyright (c) 2006-2019 Audiokinetic Inc.
[2026-05-13T05:13:27.0904279-07:00] [pid=10072] [2026.05.13-12.13.27:090][  0]LogAkAudio: Wwise plug-in DLL path: C:/Users/kapil/OneDrive/Documents/Unreal Projects/testTP/Plugins/Wwise/ThirdParty/x64_vc150/Profile/bin/
[2026-05-13T05:13:27.0914429-07:00] [pid=10072] [2026.05.13-12.13.27:091][  0]LogAkAudio: Wwise remote connection application name: testTP
[2026-05-13T05:13:27.0914429-07:00] [pid=10072] [2026.05.13-12.13.27:091][  0]LogAkAudio: Wwise successfully initialized.
[2026-05-13T05:13:27.0979821-07:00] [pid=10072] <<<_____ ImmerseAudioRenderer _____>>> 
[2026-05-13T05:13:27.0979821-07:00] [pid=10072] RegisterImmerseAudioRendererFX()
[2026-05-13T05:13:27.0979821-07:00] [pid=10072] 
[2026-05-13T05:13:27.0979821-07:00] [pid=10072] <<<_____ ImmerseAudioRenderer _____>>> 
[2026-05-13T05:13:27.0979821-07:00] [pid=10072] CreateImmerseManager
[2026-05-13T05:13:27.0979821-07:00] [pid=10072] 
[2026-05-13T05:13:27.0979821-07:00] [pid=10072] <<<_____ ImmerseAudioRenderer _____>>> 
[2026-05-13T05:13:27.0979821-07:00] [pid=10072] loadAndInitializeImmerseEngine
[2026-05-13T05:13:27.0979821-07:00] [pid=10072] 
[2026-05-13T05:13:27.1025128-07:00] [pid=10072] [EmbodyLOG] May_13_2026 05:13:27.103 line: 457. ___IMMERSEENGINE___ Immerse_SetMemoryInterface inMemoryInterface:00000012EFC3DF20 
[2026-05-13T05:13:27.1035095-07:00] [pid=10072] [EmbodyLOG] May_13_2026 05:13:27.104 line: 466. ___IMMERSEENGINE___ Immerse_SetThreadInterface inThreadInterface:00000012EFC3DF40 
[2026-05-13T05:13:27.1045122-07:00] [pid=10072] [EmbodyLOG] May_13_2026 05:13:27.104 line: 451. ___IMMERSEENGINE___ Immerse_SetStatusCallback inCallback:00007FFFAD3C3D00 inUserData:0000000000000000 
[2026-05-13T05:13:27.1045122-07:00] [pid=10072] [EmbodyLOG] May_13_2026 05:13:27.104 line: 495. ___IMMERSEENGINE___ Immerse_Initialize inImmerseInit:00007FFFAD3F63C0 
[2026-05-13T05:13:27.1055099-07:00] [pid=10072] <<<_____ ImmerseAudioRenderer _____>>> 
[2026-05-13T05:13:27.1055099-07:00] [pid=10072] CreateImmerseAudioRendererFXParams()
[2026-05-13T05:13:27.1055099-07:00] [pid=10072] 
[2026-05-13T05:13:27.1055099-07:00] [pid=10072] <<<_____ ImmerseAudioRenderer _____>>> 
[2026-05-13T05:13:27.1055099-07:00] [pid=10072] WwiseFxNullParams::Init()
[2026-05-13T05:13:27.1055099-07:00] [pid=10072] 
[2026-05-13T05:13:27.1055099-07:00] [pid=10072] [2026.05.13-12.13.27:105][  0]LogAkAudio: Initialization complete.
[2026-05-13T05:13:27.1055099-07:00] [pid=10072] [2026.05.13-12.13.27:105][  0]LogInit: Audiokinetic Audio Device initialized.
[2026-05-13T05:13:27.1145689-07:00] [pid=10072] [EmbodyLOG] May_13_2026 05:13:27.114 line: 373. setLocalDataStorePath: C:\ProgramData\Embody\Immerse Audio Renderer\Tencent\ 
[2026-05-13T05:13:27.1180929-07:00] [pid=10072] [EmbodyLOG] May_13_2026 05:13:27.115 line: 143. ImmerseApiHelper: Immerse Api data path set: C:\ProgramData\Embody\Immerse Audio Renderer\Tencent\. 
[2026-05-13T05:13:27.1215972-07:00] [pid=10072] [EmbodyLOG] May_13_2026 05:13:27.121 line: 73. HpeqHeadsetInterface::Init() - failed to find hpeqAssetPath on filesystem! 
[2026-05-13T05:13:27.1225996-07:00] [pid=10072] [EmbodyLOG] May_13_2026 05:13:27.122 line: 867. ImmerseAudioApiImplBase::InitHpeqData() - failed to initialize hpeq asset data! 
[2026-05-13T05:13:27.1225996-07:00] [pid=10072] [EmbodyLOG] May_13_2026 05:13:27.123 line: 535. ImmerseManager::Initialize() - Failed to initialize HPEQ asset data! 
[2026-05-13T05:13:27.1236064-07:00] [pid=10072] [EmbodyLOG] May_13_2026 05:13:27.123 line: 544. ImmerseManager::Initialize() - failed to load head tracker library! 
[2026-05-13T05:13:27.2116439-07:00] [pid=10072] [2026.05.13-12.13.27:211][  0]SourceControl: Source control is disabled
[2026-05-13T05:13:27.2116439-07:00] [pid=10072] [2026.05.13-12.13.27:211][  0]SourceControl: Source control is disabled
[2026-05-13T05:13:27.2146566-07:00] [pid=10072] [2026.05.13-12.13.27:214][  0]SourceControl: Source control is disabled
[2026-05-13T05:13:27.2171607-07:00] [pid=10072] [2026.05.13-12.13.27:217][  0]LogUProjectInfo: Found projects:
[2026-05-13T05:13:27.2890272-07:00] [pid=10072] [2026.05.13-12.13.27:288][  0]LogAndroidPermission: UAndroidPermissionCallbackProxy::GetInstance
[2026-05-13T05:13:27.3597960-07:00] [pid=10072] [2026.05.13-12.13.27:359][  0]LogAudioCaptureCore: Display: No Audio Capture implementations found. Audio input will be silent.
[2026-05-13T05:13:27.3597960-07:00] [pid=10072] [2026.05.13-12.13.27:359][  0]LogAudioCaptureCore: Display: No Audio Capture implementations found. Audio input will be silent.
[2026-05-13T05:13:27.3844002-07:00] [pid=10072] [2026.05.13-12.13.27:383][  0]LogOpenImageDenoise: OIDN starting up
[2026-05-13T05:13:27.4306009-07:00] [pid=10072] [2026.05.13-12.13.27:430][  0]LogOcInput: OculusInput pre-init called
[2026-05-13T05:13:27.4412147-07:00] [pid=10072] [2026.05.13-12.13.27:441][  0]LogUObjectArray: 22857 objects as part of root set at end of initial load.
[2026-05-13T05:13:27.4412147-07:00] [pid=10072] [2026.05.13-12.13.27:441][  0]LogUObjectAllocator: 6232704 out of 0 bytes used by permanent object pool.
[2026-05-13T05:13:27.4412147-07:00] [pid=10072] [2026.05.13-12.13.27:441][  0]LogUObjectArray: CloseDisregardForGC: 0/0 objects in disregard for GC pool
[2026-05-13T05:13:27.5005688-07:00] [pid=10072] [2026.05.13-12.13.27:500][  0]LogClass: Display: EnumProperty FAkExternalSourceInfo::CodecID is not initialized properly. Module:AkAudio File:Classes/AkGameplayTypes.h
[2026-05-13T05:13:27.5005688-07:00] [pid=10072] [2026.05.13-12.13.27:500][  0]LogClass: Warning: ObjectProperty FAkExternalSourceInfo::ExternalSourceAsset is not initialized properly. Module:AkAudio File:Classes/AkGameplayTypes.h
[2026-05-13T05:13:27.5005688-07:00] [pid=10072] [2026.05.13-12.13.27:500][  0]LogClass: Display: IntProperty FAkChannelMask::ChannelMask is not initialized properly. Module:AkAudio File:Classes/AkGameplayTypes.h
[2026-05-13T05:13:27.5005688-07:00] [pid=10072] [2026.05.13-12.13.27:500][  0]LogClass: Display: BoolProperty FAkPS5AdvancedInitializationSettings::bVorbisHwAcceleration is not initialized properly. Module:AkAudio File:Classes/Platforms/AkPlatform_Pellegrino/AkPS5InitializationSettings.h
[2026-05-13T05:13:27.5005688-07:00] [pid=10072] [2026.05.13-12.13.27:500][  0]LogClass: Display: 4 Uninitialized script struct members found including 1 object properties
[2026-05-13T05:13:27.5015767-07:00] [pid=10072] [2026.05.13-12.13.27:501][  0]LogAutomationTest: Warning: ObjectProperty FAkExternalSourceInfo::ExternalSourceAsset is not initialized properly. Module:AkAudio File:Classes/AkGameplayTypes.h
[2026-05-13T05:13:27.5015767-07:00] [pid=10072] [2026.05.13-12.13.27:501][  0]LogEngine: Initializing Engine...
[2026-05-13T05:13:27.5055879-07:00] [pid=10072] Error [GENERAL |  | OpenXR-Loader] : RuntimeManifestFile::FindManifestFiles - failed to find active runtime file in registry
[2026-05-13T05:13:27.5055879-07:00] [pid=10072] Error [GENERAL | xrEnumerateInstanceExtensionProperties | OpenXR-Loader] : RuntimeInterface::LoadRuntimes - unknown error
[2026-05-13T05:13:27.5055879-07:00] [pid=10072] Error [GENERAL | xrEnumerateInstanceExtensionProperties | OpenXR-Loader] : RuntimeInterface::LoadRuntimes - failed to load a runtime
[2026-05-13T05:13:27.5055879-07:00] [pid=10072] Error [GENERAL | xrEnumerateInstanceExtensionProperties | OpenXR-Loader] : Failed to find default runtime with RuntimeInterface::LoadRuntime()
[2026-05-13T05:13:27.5055879-07:00] [pid=10072] Error [GENERAL | xrEnumerateInstanceExtensionProperties | OpenXR-Loader] : Failed querying extension properties
[2026-05-13T05:13:27.5070919-07:00] [pid=10072] [2026.05.13-12.13.27:505][  0]LogHMD: Failed to enumerate extensions. Please check that you have a valid OpenXR runtime installed.
[2026-05-13T05:13:27.5070919-07:00] [pid=10072] [2026.05.13-12.13.27:507][  0]LogHMD: Failed to initialize OpenVR with code 110
[2026-05-13T05:13:27.5070919-07:00] [pid=10072] [2026.05.13-12.13.27:507][  0]LogMagicLeap: Warning: VR disabled because ZI is not enabled.  To enable, in the editor, Edit -> Project Settings -> Plugins -> Magic Leap Plugin -> Enable Zero Iteration
[2026-05-13T05:13:27.5091042-07:00] [pid=10072] [2026.05.13-12.13.27:509][  0]LogStats: UGameplayTagsManager::InitializeManager -  0.000 s
[2026-05-13T05:13:27.6553304-07:00] [pid=10072] [2026.05.13-12.13.27:654][  0]LogInit: Initializing FReadOnlyCVARCache
[2026-05-13T05:13:27.6553304-07:00] [pid=10072] [2026.05.13-12.13.27:655][  0]LogAudio: Display: Initializing Audio Device Manager...
[2026-05-13T05:13:27.6588443-07:00] [pid=10072] [2026.05.13-12.13.27:658][  0]LogAudio: Display: Loading Default Audio Settings Objects...
[2026-05-13T05:13:27.6598522-07:00] [pid=10072] [2026.05.13-12.13.27:659][  0]LogAudio: Display: No default SoundConcurrencyObject specified (or failed to load).
[2026-05-13T05:13:27.6603568-07:00] [pid=10072] [2026.05.13-12.13.27:660][  0]LogAudio: Display: Audio Device Manager Initialized
[2026-05-13T05:13:27.6603568-07:00] [pid=10072] [2026.05.13-12.13.27:660][  0]LogAudio: Display: Creating Audio Device:                 Id: 1, Scope: Shared, Realtime: True
[2026-05-13T05:13:27.6603568-07:00] [pid=10072] [2026.05.13-12.13.27:660][  0]LogAudioMixer: Display: Audio Mixer Platform Settings:
[2026-05-13T05:13:27.6603568-07:00] [pid=10072] [2026.05.13-12.13.27:660][  0]LogAudioMixer: Display: 	Sample Rate:						  48000
[2026-05-13T05:13:27.6603568-07:00] [pid=10072] [2026.05.13-12.13.27:660][  0]LogAudioMixer: Display: 	Callback Buffer Frame Size Requested: 1024
[2026-05-13T05:13:27.6603568-07:00] [pid=10072] [2026.05.13-12.13.27:660][  0]LogAudioMixer: Display: 	Callback Buffer Frame Size To Use:	  1024
[2026-05-13T05:13:27.6603568-07:00] [pid=10072] [2026.05.13-12.13.27:660][  0]LogAudioMixer: Display: 	Number of buffers to queue:			  2
[2026-05-13T05:13:27.6603568-07:00] [pid=10072] [2026.05.13-12.13.27:660][  0]LogAudioMixer: Display: 	Max Channels (voices):				  32
[2026-05-13T05:13:27.6603568-07:00] [pid=10072] [2026.05.13-12.13.27:660][  0]LogAudioMixer: Display: 	Number of Async Source Workers:		  0
[2026-05-13T05:13:27.6603568-07:00] [pid=10072] [2026.05.13-12.13.27:660][  0]LogAudio: Display: AudioDevice MaxSources: 32
[2026-05-13T05:13:27.6613606-07:00] [pid=10072] [2026.05.13-12.13.27:661][  0]LogAudio: Display: Audio Spatialization Plugin: None (built-in).
[2026-05-13T05:13:27.6613606-07:00] [pid=10072] [2026.05.13-12.13.27:661][  0]LogAudio: Display: Audio Reverb Plugin: None (built-in).
[2026-05-13T05:13:27.6613606-07:00] [pid=10072] [2026.05.13-12.13.27:661][  0]LogAudio: Display: Audio Occlusion Plugin: None (built-in).
[2026-05-13T05:13:27.6613606-07:00] [pid=10072] [2026.05.13-12.13.27:661][  0]LogAudioMixer: Display: Initializing audio mixer.
[2026-05-13T05:13:27.6754005-07:00] [pid=10072] [2026.05.13-12.13.27:674][  0]LogAudioMixer: Display: 0: FrontLeft
[2026-05-13T05:13:27.6754005-07:00] [pid=10072] [2026.05.13-12.13.27:675][  0]LogAudioMixer: Display: 1: FrontRight
[2026-05-13T05:13:27.6969639-07:00] [pid=10072] [2026.05.13-12.13.27:696][  0]LogAudioMixer: Display: Using Audio Device Speakers (2- Realtek(R) Audio)
[2026-05-13T05:13:27.7080182-07:00] [pid=10072] [2026.05.13-12.13.27:708][  0]LogAudioMixer: Display: Initializing Sound Submixes...
[2026-05-13T05:13:27.7090124-07:00] [pid=10072] [2026.05.13-12.13.27:709][  0]LogAudioMixer: Display: Creating Master Submix 'MasterSubmixDefault'
[2026-05-13T05:13:27.7090124-07:00] [pid=10072] [2026.05.13-12.13.27:709][  0]LogAudioMixer: Display: Creating Master Submix 'MasterReverbSubmixDefault'
[2026-05-13T05:13:27.7115389-07:00] [pid=10072] [2026.05.13-12.13.27:710][  0]LogAudioMixer: Display: Creating Master Submix 'MasterEQSubmixDefault'
[2026-05-13T05:13:27.7115389-07:00] [pid=10072] [2026.05.13-12.13.27:711][  0]LogAudioMixer: FMixerPlatformXAudio2::StartAudioStream() called
[2026-05-13T05:13:27.7115389-07:00] [pid=10072] [2026.05.13-12.13.27:711][  0]LogAudioMixer: Display: Output buffers initialized: Frames=1024, Channels=2, Samples=2048
[2026-05-13T05:13:27.7125500-07:00] [pid=10072] [2026.05.13-12.13.27:712][  0]LogAudioMixer: Display: Starting AudioMixerPlatformInterface::RunInternal()
[2026-05-13T05:13:27.7125500-07:00] [pid=10072] [2026.05.13-12.13.27:712][  0]LogAudioMixer: Display: FMixerPlatformXAudio2::SubmitBuffer() called for the first time
[2026-05-13T05:13:27.7125500-07:00] [pid=10072] [2026.05.13-12.13.27:712][  0]LogInit: FAudioDevice initialized.
[2026-05-13T05:13:27.7145465-07:00] [pid=10072] [2026.05.13-12.13.27:714][  0]LogNetVersion: Set ProjectVersion to 1.0.0.0. Version Checksum will be recalculated on next use.
[2026-05-13T05:13:27.7546912-07:00] [pid=10072] [2026.05.13-12.13.27:754][  0]LogDerivedDataCache: Saved boot cache 0.04s 78MB C:/Users/kapil/AppData/Local/UnrealEngine/4.27/DerivedDataCache/Boot.ddc.
[2026-05-13T05:13:27.7556905-07:00] [pid=10072] [2026.05.13-12.13.27:755][  0]LogInit: Texture streaming: Enabled
[2026-05-13T05:13:27.8013348-07:00] [pid=10072] [2026.05.13-12.13.27:801][  0]LogAudio: Display: Audio Device (ID: 1) registered with world 'Untitled'.
[2026-05-13T05:13:27.8013348-07:00] [pid=10072] [2026.05.13-12.13.27:801][  0]LogSlate: Updating window title bar state: overlay mode, drag disabled, window buttons hidden, title bar hidden
[2026-05-13T05:13:27.8123627-07:00] [pid=10072] [2026.05.13-12.13.27:812][  0]LogInit: Display: Game Engine Initialized.
[2026-05-13T05:13:27.8123627-07:00] [pid=10072] [2026.05.13-12.13.27:812][  0]LogNiagaraEditor: GEditor isn't valid! Particle reset commands will not work for Niagara components!
[2026-05-13T05:13:27.8935902-07:00] [pid=10072] [2026.05.13-12.13.27:893][  0]LogInit: Display: Starting Game.
[2026-05-13T05:13:27.8935902-07:00] [pid=10072] [2026.05.13-12.13.27:893][  0]LogNet: Browse: /Game/ThirdPersonBP/Maps/ThirdPersonExampleMap?Name=Player
[2026-05-13T05:13:27.8935902-07:00] [pid=10072] [2026.05.13-12.13.27:893][  0]LogLoad: LoadMap: /Game/ThirdPersonBP/Maps/ThirdPersonExampleMap?Name=Player
[2026-05-13T05:13:27.8935902-07:00] [pid=10072] [2026.05.13-12.13.27:893][  0]LogWorld: BeginTearingDown for /Temp/Untitled_0
[2026-05-13T05:13:27.8945908-07:00] [pid=10072] [2026.05.13-12.13.27:894][  0]LogWorld: UWorld::CleanupWorld for Untitled, bSessionEnded=true, bCleanupResources=true
[2026-05-13T05:13:27.8945908-07:00] [pid=10072] [2026.05.13-12.13.27:894][  0]LogSlate: InvalidateAllWidgets triggered.  All widgets were invalidated
[2026-05-13T05:13:27.9016209-07:00] [pid=10072] [2026.05.13-12.13.27:901][  0]LogAudio: Display: Audio Device unregistered from world 'None'.
[2026-05-13T05:13:27.9036266-07:00] [pid=10072] [2026.05.13-12.13.27:903][  0]LogUObjectHash: Compacting FUObjectHashTables data took   0.49ms
[2026-05-13T05:13:28.0867505-07:00] [pid=10072] [2026.05.13-12.13.28:086][  0]LogAudio: Display: Audio Device (ID: 1) registered with world 'ThirdPersonExampleMap'.
[2026-05-13T05:13:28.0922871-07:00] [pid=10072] [2026.05.13-12.13.28:092][  0]LogAIModule: Creating AISystem for world ThirdPersonExampleMap
[2026-05-13T05:13:28.0942860-07:00] [pid=10072] [2026.05.13-12.13.28:094][  0]LogLoad: Game class is 'ThirdPersonGameMode_C'
[2026-05-13T05:13:28.0977891-07:00] [pid=10072] [2026.05.13-12.13.28:096][  0]LogWorld: Bringing World /Game/ThirdPersonBP/Maps/ThirdPersonExampleMap.ThirdPersonExampleMap up for play (max tick rate 0) at 2026.05.13-05.13.28
[2026-05-13T05:13:28.0977891-07:00] [pid=10072] [2026.05.13-12.13.28:097][  0]LogWorld: Bringing up level for play took: 0.002872
[2026-05-13T05:13:28.0997913-07:00] [pid=10072] [2026.05.13-12.13.28:099][  0]LogTemp: Display: [ImmerseStress] Ready. Defaults: event=SwordHits bus=7p1p4 shareset=Immerse_Audio_Renderer_(Custom)
[2026-05-13T05:13:28.0997913-07:00] [pid=10072] [2026.05.13-12.13.28:099][  0]LogTemp: Display: [ImmerseStress] IMMERSE_USER_ID env=kevin_tencenttest1_emb | IMMERSE_USERID= | IMMERSE_USER=
[2026-05-13T05:13:28.0997913-07:00] [pid=10072] [2026.05.13-12.13.28:099][  0]LogTemp: Display: [testTP] Auto-spawned ImmerseStressTestActor into ThirdPersonExampleMap (type=1)
[2026-05-13T05:13:28.1002962-07:00] [pid=10072] [2026.05.13-12.13.28:100][  0]LogLoad: Took 0.206444 seconds to LoadMap(/Game/ThirdPersonBP/Maps/ThirdPersonExampleMap)
[2026-05-13T05:13:28.1278991-07:00] [pid=10072] [2026.05.13-12.13.28:127][  0]LogSlate: Took 0.000142 seconds to synchronously load lazily loaded font '../../../Engine/Content/Slate/Fonts/Roboto-Regular.ttf' (155K)
[2026-05-13T05:13:28.1479502-07:00] [pid=10072] [2026.05.13-12.13.28:147][  0]LogRenderer: Reallocating scene render targets to support 1536x864 Format 10 NumSamples 1 (Frame:1).
[2026-05-13T05:13:28.1489499-07:00] [pid=10072] [2026.05.13-12.13.28:147][  0]LogInit: Display: Engine is initialized. Leaving FEngineLoop::Init()
[2026-05-13T05:13:28.1489499-07:00] [pid=10072] [2026.05.13-12.13.28:148][  0]LogLoad: (Engine Initialization) Total time: 5.53 seconds
[2026-05-13T05:13:28.1489499-07:00] [pid=10072] [2026.05.13-12.13.28:148][  0]LogLoad: (Engine Initialization) Total Blueprint compile time: 0.00 seconds
[2026-05-13T05:13:28.1489499-07:00] [pid=10072] Resizing viewport due to setres change, 1536 x 864
[2026-05-13T05:13:28.1800654-07:00] [pid=10072] [2026.05.13-12.13.28:179][  0]LogContentStreaming: Texture pool size now 1000 MB
[2026-05-13T05:13:28.1835911-07:00] [pid=10072] [2026.05.13-12.13.28:183][  0]LogSlate: InvalidateAllWidgets triggered.  All widgets were invalidated
[2026-05-13T05:13:28.2714692-07:00] [pid=10072] [2026.05.13-12.13.28:271][  0]LogRenderer: Reallocating scene render targets to support 128x128 Format 10 NumSamples 1 (Frame:1).
[2026-05-13T05:13:28.2915157-07:00] [pid=10072] [2026.05.13-12.13.28:291][  0]LogRenderer: Reallocating scene render targets to support 1536x864 Format 10 NumSamples 1 (Frame:2).
[2026-05-13T05:13:28.3031257-07:00] [pid=10072] [2026.05.13-12.13.28:303][  1]LogSlate: Took 0.000151 seconds to synchronously load lazily loaded font '../../../Engine/Content/Slate/Fonts/Roboto-Regular.ttf' (155K)
[2026-05-13T05:13:28.3216611-07:00] [pid=10072] <<<_____ ImmerseAudioRenderer _____>>> 
[2026-05-13T05:13:28.3216611-07:00] [pid=10072] CreateImmerseAudioRendererFX()
[2026-05-13T05:13:28.3216611-07:00] [pid=10072] 
[2026-05-13T05:13:28.3216611-07:00] [pid=10072] <<<_____ ImmerseAudioRenderer _____>>> 
[2026-05-13T05:13:28.3216611-07:00] [pid=10072] Init: this=0000011F0BC80080
[2026-05-13T05:13:28.3216611-07:00] [pid=10072] 
[2026-05-13T05:13:28.3216611-07:00] [pid=10072] <<<_____ ImmerseAudioRenderer _____>>> 
[2026-05-13T05:13:28.3226640-07:00] [pid=10072] Init: success this=0000011F0BC80080 numChannels=36
[2026-05-13T05:13:28.3226640-07:00] [pid=10072] 
[2026-05-13T05:13:28.3226640-07:00] [pid=10072] [EmbodyLOG] May_13_2026 05:13:28.322 line: 738. ___IMMERSEENGINE___ Immerse_CreateAudioProcessor inChannelConfiguration:5 inInitHrirTuning:0 inInitSpeakerPlacement:0 outAudioProcessor:00000012FB68F7C0 
[2026-05-13T05:13:28.3226640-07:00] [pid=10072] [EmbodyLOG] May_13_2026 05:13:28.323 line: 251. ImmerseAudioApiImplBase::CreateAudioProcessor: failed to obtain personalized shared decoder kernel - expected behaviour if user is not set! 
[2026-05-13T05:13:28.3382304-07:00] [pid=10072] [EmbodyLOG] May_13_2026 05:13:28.338 line: 376. AudioConfig::GetSHIndices() - invalid channelConfig: 6 
[2026-05-13T05:13:28.3602648-07:00] [pid=10072] [EmbodyLOG] May_13_2026 05:13:28.360 line: 281. AudioConfig::InitializeDecoders: Successfully created shared ambisonic decoder kernel 
[2026-05-13T05:13:28.3612708-07:00] [pid=10072] [EmbodyLOG] May_13_2026 05:13:28.361 line: 269. ImmerseAudioApiImplBase::CreateAudioProcessor: failed to init personalized decoder - expected behaviour if user is not set! 
[2026-05-13T05:13:30.6781007-07:00] [pid=10072] [2026.05.13-12.13.30:678][115]LogTemp: Display: [ImmerseStress] REMOTE_HOLD_v1: waiting for go.flag (../../../../../../Users/kapil/OneDrive/Documents/Unreal Projects/testTP/Saved/ImmerseStress/go.flag) retry=1
[2026-05-13T05:13:31.4035499-07:00] [pid=988] <<<_____ ImmerseAudioRenderer _____>>> 
[2026-05-13T05:13:31.4035499-07:00] [pid=988] WwiseFxNullParams::Term()
[2026-05-13T05:13:31.4035499-07:00] [pid=988] 
[2026-05-13T05:13:31.4125717-07:00] [pid=988] <<<_____ ImmerseAudioRenderer _____>>> 
[2026-05-13T05:13:31.4125717-07:00] [pid=988] CreateDestroyImmerseManager
[2026-05-13T05:13:31.4125717-07:00] [pid=988] 
[2026-05-13T05:13:31.4125717-07:00] [pid=988] <<<_____ ImmerseAudioRenderer _____>>> 
[2026-05-13T05:13:31.4125717-07:00] [pid=988] DestroyImmerseManager
[2026-05-13T05:13:31.4125717-07:00] [pid=988] 
[2026-05-13T05:13:31.4631915-07:00] [pid=10072] <<<_____ ImmerseAudioRenderer _____>>> 
[2026-05-13T05:13:31.4631915-07:00] [pid=10072] RegisterImmerseAudioRendererFX()
[2026-05-13T05:13:31.4631915-07:00] [pid=10072] 
[2026-05-13T05:13:31.4631915-07:00] [pid=10072] <<<_____ ImmerseAudioRenderer _____>>> 
[2026-05-13T05:13:31.4631915-07:00] [pid=10072] CreateImmerseManager
[2026-05-13T05:13:31.4631915-07:00] [pid=10072] 
[2026-05-13T05:13:31.4852590-07:00] [pid=10072] <<<_____ ImmerseAudioRenderer _____>>> 
[2026-05-13T05:13:31.4852590-07:00] [pid=10072] CreateImmerseAudioRendererFXParams()
[2026-05-13T05:13:31.4852590-07:00] [pid=10072] 
[2026-05-13T05:13:31.4852590-07:00] [pid=10072] <<<_____ ImmerseAudioRenderer _____>>> 
[2026-05-13T05:13:31.4852590-07:00] [pid=10072] WwiseFxNullParams::Init()
[2026-05-13T05:13:31.4852590-07:00] [pid=10072] 
[2026-05-13T05:13:31.4852590-07:00] [pid=10072] <<<_____ ImmerseAudioRenderer _____>>> 
[2026-05-13T05:13:31.4852590-07:00] [pid=10072] WwiseFxNullParams::SetParam()
[2026-05-13T05:13:31.4852590-07:00] [pid=10072] 
[2026-05-13T05:13:31.4852590-07:00] [pid=10072] <<<_____ ImmerseAudioRenderer _____>>> 
[2026-05-13T05:13:31.4852590-07:00] [pid=10072] WwiseFxNullParams::SetParam()
[2026-05-13T05:13:31.4852590-07:00] [pid=10072] 
[2026-05-13T05:13:31.4852590-07:00] [pid=10072] <<<_____ ImmerseAudioRenderer _____>>> 
[2026-05-13T05:13:31.4852590-07:00] [pid=10072] WwiseFxNullParams::SetParam()
[2026-05-13T05:13:31.4852590-07:00] [pid=10072] 
[2026-05-13T05:13:31.4867652-07:00] [pid=10072] <<<_____ ImmerseAudioRenderer _____>>> 
[2026-05-13T05:13:31.4867652-07:00] [pid=10072] WwiseFxNullParams::SetParam()
[2026-05-13T05:13:31.4867652-07:00] [pid=10072] 
[2026-05-13T05:13:31.4867652-07:00] [pid=10072] <<<_____ ImmerseAudioRenderer _____>>> 
[2026-05-13T05:13:31.4867652-07:00] [pid=10072] WwiseFxNullParams::SetParam()
[2026-05-13T05:13:31.4867652-07:00] [pid=10072] 
[2026-05-13T05:13:31.4867652-07:00] [pid=10072] <<<_____ ImmerseAudioRenderer _____>>> 
[2026-05-13T05:13:31.4867652-07:00] [pid=10072] WwiseFxNullParams::SetParam()
[2026-05-13T05:13:31.4867652-07:00] [pid=10072] 
[2026-05-13T05:13:31.4867652-07:00] [pid=10072] <<<_____ ImmerseAudioRenderer _____>>> 
[2026-05-13T05:13:31.4877749-07:00] [pid=10072] WwiseFxNullParams::SetParam()
[2026-05-13T05:13:31.4877749-07:00] [pid=10072] 
[2026-05-13T05:13:31.4877749-07:00] [pid=10072] <<<_____ ImmerseAudioRenderer _____>>> 
[2026-05-13T05:13:31.4877749-07:00] [pid=10072] WwiseFxNullParams::SetParam()
[2026-05-13T05:13:31.4877749-07:00] [pid=10072] 
[2026-05-13T05:13:31.4877749-07:00] [pid=10072] <<<_____ ImmerseAudioRenderer _____>>> 
[2026-05-13T05:13:31.4877749-07:00] [pid=10072] WwiseFxNullParams::SetParam()
[2026-05-13T05:13:31.4877749-07:00] [pid=10072] 
[2026-05-13T05:13:31.4877749-07:00] [pid=10072] <<<_____ ImmerseAudioRenderer _____>>> 
[2026-05-13T05:13:31.4877749-07:00] [pid=10072] WwiseFxNullParams::ApplyParam()
[2026-05-13T05:13:31.4877749-07:00] [pid=10072] 
[2026-05-13T05:13:31.4877749-07:00] [pid=10072] [EmbodyLOG] May_13_2026 05:13:31.488 line: 649. ___IMMERSEENGINE___ Immerse_SetUserId inUserId:00000012F133EC40 
[2026-05-13T05:13:31.4887752-07:00] [pid=10072] <<<_____ ImmerseAudioRenderer _____>>> 
[2026-05-13T05:13:31.4887752-07:00] [pid=10072] WwiseFxNullParams::ApplyParam()
[2026-05-13T05:13:31.4887752-07:00] [pid=10072] 
[2026-05-13T05:13:31.4887752-07:00] [pid=10072] [EmbodyLOG] May_13_2026 05:13:31.489 line: 673. ___IMMERSEENGINE___ Immerse_EnableImmerse inMode: 0 
[2026-05-13T05:13:31.4897747-07:00] [pid=10072] <<<_____ ImmerseAudioRenderer _____>>> 
[2026-05-13T05:13:31.4897747-07:00] [pid=10072] WwiseFxNullParams::ApplyParam()
[2026-05-13T05:13:31.4897747-07:00] [pid=10072] 
[2026-05-13T05:13:31.4897747-07:00] [pid=10072] [EmbodyLOG] May_13_2026 05:13:31.489 line: 673. ___IMMERSEENGINE___ Immerse_EnableImmerse inMode: 1 
[2026-05-13T05:13:31.4897747-07:00] [pid=10072] [EmbodyLOG] May_13_2026 05:13:31.490 line: 3460. generateWebAppUrl(): userId: kevin_tencenttest1_emb 
[2026-05-13T05:13:31.4902796-07:00] [pid=10072] <<<_____ ImmerseAudioRenderer _____>>> 
[2026-05-13T05:13:31.4902796-07:00] [pid=10072] WwiseFxNullParams::ApplyParam()
[2026-05-13T05:13:31.4902796-07:00] [pid=10072] 
[2026-05-13T05:13:31.4902796-07:00] [pid=10072] [EmbodyLOG] May_13_2026 05:13:31.490 line: 710. ___IMMERSEENGINE___ Immerse_EnableHPEQ inHeadset: 0 
[2026-05-13T05:13:31.4902796-07:00] [pid=10072] <<<_____ ImmerseAudioRenderer _____>>> 
[2026-05-13T05:13:31.4902796-07:00] [pid=10072] WwiseFxNullParams::ApplyParam()
[2026-05-13T05:13:31.4902796-07:00] [pid=10072] 
[2026-05-13T05:13:31.4902796-07:00] [pid=10072] <<<_____ ImmerseAudioRenderer _____>>> 
[2026-05-13T05:13:31.4902796-07:00] [pid=10072] WwiseFxNullParams::ApplyParam()
[2026-05-13T05:13:31.4902796-07:00] [pid=10072] 
[2026-05-13T05:13:31.4912871-07:00] [pid=10072] <<<_____ ImmerseAudioRenderer _____>>> 
[2026-05-13T05:13:31.4912871-07:00] [pid=10072] WwiseFxNullParams::ApplyParam()
[2026-05-13T05:13:31.4912871-07:00] [pid=10072] [EmbodyLOG] May_13_2026 05:13:31.491 line: 759. ___IMMERSEENGINE___ Immerse_SetSpeakerPlacement inSpeakerPlacement:1 
[2026-05-13T05:13:31.4912871-07:00] [pid=10072] 
[2026-05-13T05:13:31.4912871-07:00] [pid=10072] <<<_____ ImmerseAudioRenderer _____>>> 
[2026-05-13T05:13:31.4912871-07:00] [pid=10072] WwiseFxNullParams::ApplyParam()
[2026-05-13T05:13:31.4912871-07:00] [pid=10072] 
[2026-05-13T05:13:31.4912871-07:00] [pid=10072] <<<_____ ImmerseAudioRenderer _____>>> 
[2026-05-13T05:13:31.4912871-07:00] [pid=10072] WwiseFxNullParams::ApplyParam()
[2026-05-13T05:13:31.4912871-07:00] [pid=10072] 
[2026-05-13T05:13:31.4922937-07:00] [pid=10072] [EmbodyLOG] May_13_2026 05:13:31.492 line: 1316. getLocalSessionID for user: kevin_tencenttest1_emb 06756e30dc6941e7b44b3ad365984a2f 
[2026-05-13T05:13:31.4922937-07:00] [pid=10072] [EmbodyLOG] May_13_2026 05:13:31.492 line: 3468. generateWebAppUrl(): Query context user id = kevin_tencenttest1_emb 
[2026-05-13T05:13:31.4922937-07:00] [pid=10072] <<<_____ ImmerseAudioRenderer _____>>> 
[2026-05-13T05:13:31.4922937-07:00] [pid=10072] Term: this=0000011F0BC80080
[2026-05-13T05:13:31.4922937-07:00] [pid=10072] [EmbodyLOG] May_13_2026 05:13:31.493 line: 1377. constructWebAppUrl: https://u.embodyvr.io/i/ZVCoLNEO_FL3bhL5plnLCpdVhS3n3yrhTlKRoPGLIAYKFVnNoxzy0Q**?q=2h04:en 
[2026-05-13T05:13:31.4922937-07:00] [pid=10072] 
[2026-05-13T05:13:31.4932937-07:00] [pid=10072] [EmbodyLOG] May_13_2026 05:13:31.493 line: 752. ___IMMERSEENGINE___ Immerse_DestroyAudioProcessor inAudioProcessor:1 
[2026-05-13T05:13:31.4932937-07:00] [pid=10072] [EmbodyLOG] May_13_2026 05:13:31.493 line: 3483. generateWebAppUrl(): session url is : https://u.embodyvr.io/i/ZVCoLNEO_FL3bhL5plnLCpdVhS3n3yrhTlKRoPGLIAYKFVnNoxzy0Q**?q=2h04:en 
[2026-05-13T05:13:31.4932937-07:00] [pid=10072] <<<_____ ImmerseAudioRenderer _____>>> 
[2026-05-13T05:13:31.4932937-07:00] [pid=10072] WwiseFxNullParams::Term()
[2026-05-13T05:13:31.4932937-07:00] [pid=10072] 
[2026-05-13T05:13:31.4932937-07:00] [pid=10072] <<<_____ ImmerseAudioRenderer _____>>> 
[2026-05-13T05:13:31.4932937-07:00] [pid=10072] CreateImmerseAudioRendererFX()
[2026-05-13T05:13:31.4932937-07:00] [pid=10072] 
[2026-05-13T05:13:31.4932937-07:00] [pid=10072] <<<_____ ImmerseAudioRenderer _____>>> 
[2026-05-13T05:13:31.4932937-07:00] [pid=10072] Init: this=0000011F0BC801C0
[2026-05-13T05:13:31.4932937-07:00] [pid=10072] 
[2026-05-13T05:13:31.4932937-07:00] [pid=10072] <<<_____ ImmerseAudioRenderer _____>>> 
[2026-05-13T05:13:31.4942951-07:00] [pid=10072] Init: success this=0000011F0BC801C0 numChannels=36
[2026-05-13T05:13:31.4942951-07:00] [pid=10072] 
[2026-05-13T05:13:31.4952953-07:00] [pid=10072] <<<_____ ImmerseAudioRenderer _____>>> 
[2026-05-13T05:13:31.4952953-07:00] [pid=10072] Term: this=0000011F0BC801C0
[2026-05-13T05:13:31.4952953-07:00] [pid=10072] 
[2026-05-13T05:13:31.4952953-07:00] [pid=10072] <<<_____ ImmerseAudioRenderer _____>>> 
[2026-05-13T05:13:31.4952953-07:00] [pid=10072] WwiseFxNullParams::Term()
[2026-05-13T05:13:31.4952953-07:00] [pid=10072] 
[2026-05-13T05:13:31.5033265-07:00] [pid=10072] <<<_____ ImmerseAudioRenderer _____>>> 
[2026-05-13T05:13:31.5033265-07:00] [pid=10072] CreateImmerseAudioRendererFX()
[2026-05-13T05:13:31.5033265-07:00] [pid=10072] 
[2026-05-13T05:13:31.5033265-07:00] [pid=10072] <<<_____ ImmerseAudioRenderer _____>>> 
[2026-05-13T05:13:31.5033265-07:00] [pid=10072] Init: this=0000011F0BC80300
[2026-05-13T05:13:31.5033265-07:00] [pid=10072] 
[2026-05-13T05:13:31.5033265-07:00] [pid=10072] <<<_____ ImmerseAudioRenderer _____>>> 
[2026-05-13T05:13:31.5033265-07:00] [pid=10072] Init: success this=0000011F0BC80300 numChannels=36
[2026-05-13T05:13:31.5033265-07:00] [pid=10072] 
[2026-05-13T05:13:31.5043281-07:00] [pid=10072] [EmbodyLOG] May_13_2026 05:13:31.505 line: 1419. calculateLicenseDaysRemaining(): cached=358, elapsed=0, remaining=358 
[2026-05-13T05:13:31.5043281-07:00] [pid=10072] [EmbodyLOG] May_13_2026 05:13:31.505 line: 738. ___IMMERSEENGINE___ Immerse_CreateAudioProcessor inChannelConfiguration:5 inInitHrirTuning:0 inInitSpeakerPlacement:0 outAudioProcessor:00000012FC20F7E0 
[2026-05-13T05:13:31.5053260-07:00] [pid=10072] [EmbodyLOG] May_13_2026 05:13:31.505 line: 251. ImmerseAudioApiImplBase::CreateAudioProcessor: failed to obtain personalized shared decoder kernel - expected behaviour if user is not set! 
[2026-05-13T05:13:31.5068321-07:00] [pid=10072] [EmbodyLOG] May_13_2026 05:13:31.506 line: 269. ImmerseAudioApiImplBase::CreateAudioProcessor: failed to init personalized decoder - expected behaviour if user is not set! 
[2026-05-13T05:13:31.7304651-07:00] [pid=24380] [2026.05.13-12.13.31:729][208]LogExternalChatPresentation: HandleLoadUrl POST https://api.epicgames.dev/telemetry/data?AppID=egs-launcher-social&AppVersion=c6990ae26cda737d19921762099df7f87ea8dbf9&AppEnvironment=prod&UploadType=eteventstream&SessionID=f914def4-3698-457d-a674-fbc18ffb14f6&UserID=6da9797861944dd5b2bedb495b874fce
[2026-05-13T05:13:31.8056515-07:00] [pid=10072] [EmbodyLOG] May_13_2026 05:13:31.805 line: 2042. updateUserData onSetUserId: update user data on set user id 
[2026-05-13T05:13:31.8066502-07:00] [pid=10072] [EmbodyLOG] May_13_2026 05:13:31.806 line: 1316. getLocalSessionID for user: kevin_tencenttest1_emb 06756e30dc6941e7b44b3ad365984a2f 
[2026-05-13T05:13:31.8066502-07:00] [pid=10072] [EmbodyLOG] May_13_2026 05:13:31.807 line: 2060. ImmerseAPI_updateUserData onSetUserId: syncing with server 
[2026-05-13T05:13:31.8086570-07:00] [pid=10072] [EmbodyLOG] May_13_2026 05:13:31.808 line: 1316. getLocalSessionID for user: kevin_tencenttest1_emb 06756e30dc6941e7b44b3ad365984a2f 
[2026-05-13T05:13:31.8096558-07:00] [pid=10072] [EmbodyLOG] May_13_2026 05:13:31.809 line: 3274. getEmbodyData: STATUS_AUTHORIZING StatusCheck session_id: 06756e30dc6941e7b44b3ad365984a2f, immerse_id: v2.2.447, hrtf_id: 1408e0d2eca549feaf2d5631a49ca7d2, img_id: img_1 
[2026-05-13T05:13:31.8101597-07:00] [pid=10072] [EmbodyLOG] May_13_2026 05:13:31.810 line: 3213. usingLocalUserCache: Using local cache for user: SCR license_type: trial, license_days_left: 358, license_expired: 0, isUniversalUser: 0 
[2026-05-13T05:13:31.8101597-07:00] [pid=10072] [EmbodyLOG] May_13_2026 05:13:31.810 line: 3232. updateUMWHPEQSelection() - updated headsetId: 18446744073709551615 
[2026-05-13T05:13:31.8101597-07:00] [pid=10072] [EmbodyLOG] May_13_2026 05:13:31.810 line: 2669. updateUserHRTFData ProfileName set to : Profile_1 
[2026-05-13T05:13:31.8101597-07:00] [pid=10072] [EmbodyLOG] May_13_2026 05:13:31.811 line: 2724. updateUserHRTFData: inside hrtfCallback invocation 
[2026-05-13T05:13:31.8111656-07:00] [pid=10072] [EmbodyLOG] May_13_2026 05:13:31.811 line: 270. LoadHrtfCallback: HRTF loaded 
[2026-05-13T05:13:31.8111656-07:00] [pid=10072] [EmbodyLOG] May_13_2026 05:13:31.811 line: 3354. getEmbodyData: IMMERSE_STATUS::DATA_FINISHED 
[2026-05-13T05:13:32.1125852-07:00] [pid=10072] [EmbodyLOG] May_13_2026 05:13:32.112 line: 416. DecryptMultiSofaData() - v2 numSections=3 hrtfFlags=1 hrtfSectionOffset=971 hrtfSectionSize=1758624 numEntries=4 dataOffset=1039 dataLength=439639 bmapSize=518 fovdSize=361 
[2026-05-13T05:13:32.1667115-07:00] [pid=10072] [EmbodyLOG] May_13_2026 05:13:32.167 line: 447. DecryptMultiSofaData() - decrypt result: Success 
[2026-05-13T05:13:32.1677189-07:00] [pid=10072] [EmbodyLOG] May_13_2026 05:13:32.167 line: 533. AssetManager - BMAP data (518 bytes): {"buses":[{"label":"Extraction","tunings":[{"id":"extraction_tuning_1","label":"Extraction Tuning 1","hrtf_index":0}],"id":"extraction"},{"label":"Warfare","tunings":[{"id":"warfare_tuning_1","label":"Warfare Tuning 1","hrtf_index":1}],"id":"warfare"},{"label":"Campaign","tunings":[{"id":"campaign_tuning_1","label":"Campaign Tuning 1","hrtf_index":2}],"id":"campaign"},{"label":"Voice Chat","tunings":[{"id":"voice_chat_tuning_1","label":"Voice Chat Tuning 1","hrtf_index":3}],"id":"voice_chat"}],"schema_version":1} 
[2026-05-13T05:13:32.1677189-07:00] [pid=10072] [EmbodyLOG] May_13_2026 05:13:32.168 line: 537. AssetManager - FOVD data (361 bytes): {"schema_version":1,"fov_groups":["l/r"],"fov_presets":[{"studio_speaker_angles_idx":[0,1,6,7,8,9,10,11,12,13,14,15,16,17,18],"label":"Narrow","id":"narrow"},{"studio_speaker_angles_idx":[2,3,6,7,8,9,10,11,12,13,14,15,16,17,18],"label":"Default","id":"default"},{"studio_speaker_angles_idx":[4,5,6,7,8,9,10,11,12,13,14,15,16,17,18],"label":"Wide","id":"wide"}]} 
[2026-05-13T05:13:32.1742371-07:00] [pid=10072] [EmbodyLOG] May_13_2026 05:13:32.174 line: 376. AudioConfig::GetSHIndices() - invalid channelConfig: 6 
[2026-05-13T05:13:32.2168725-07:00] [pid=10072] [EmbodyLOG] May_13_2026 05:13:32.217 line: 281. AudioConfig::InitializeDecoders: Successfully created shared ambisonic decoder kernel 
[2026-05-13T05:13:32.2198805-07:00] [pid=10072] [EmbodyLOG] May_13_2026 05:13:32.220 line: 1419. calculateLicenseDaysRemaining(): cached=358, elapsed=0, remaining=358 
[2026-05-13T05:13:32.2203846-07:00] [pid=10072] [EmbodyLOG] May_13_2026 05:13:32.221 line: 1419. calculateLicenseDaysRemaining(): cached=358, elapsed=0, remaining=358 
[2026-05-13T05:13:32.2223965-07:00] [pid=10072] [EmbodyLOG] May_13_2026 05:13:32.222 line: 1316. getLocalSessionID for user: kevin_tencenttest1_emb 06756e30dc6941e7b44b3ad365984a2f 
[2026-05-13T05:13:32.2233949-07:00] [pid=10072] [EmbodyLOG] May_13_2026 05:13:32.223 line: 2576. ImmerseAPI: Too many status checks within the period allowed, returning early 
[2026-05-13T05:13:32.2233949-07:00] [pid=10072] [EmbodyLOG] May_13_2026 05:13:32.224 line: 3232. updateUMWHPEQSelection() - updated headsetId: 18446744073709551615 
[2026-05-13T05:13:32.2243960-07:00] [pid=10072] [EmbodyLOG] May_13_2026 05:13:32.225 line: 1419. calculateLicenseDaysRemaining(): cached=358, elapsed=0, remaining=358 
[2026-05-13T05:13:32.2253955-07:00] [pid=10072] [EmbodyLOG] May_13_2026 05:13:32.225 line: 1304. ImmerseManager::UpdateHpeqHeadset() - HPEQ disabled 
[2026-05-13T05:13:32.2253955-07:00] [pid=10072] [EmbodyLOG] May_13_2026 05:13:32.226 line: 1419. calculateLicenseDaysRemaining(): cached=358, elapsed=0, remaining=358 
[2026-05-13T05:13:35.1262589-07:00] [pid=10072] <<<_____ ImmerseAudioRenderer _____>>> 
[2026-05-13T05:13:35.1262589-07:00] [pid=10072] WwiseFxNullParams::SetParam()
[2026-05-13T05:13:35.1262589-07:00] [pid=10072] 
[2026-05-13T05:13:35.1262589-07:00] [pid=10072] <<<_____ ImmerseAudioRenderer _____>>> 
[2026-05-13T05:13:35.1262589-07:00] [pid=10072] WwiseFxNullParams::ApplyParam()
[2026-05-13T05:13:35.1262589-07:00] [pid=10072] 
[2026-05-13T05:13:35.1272594-07:00] [pid=10072] [EmbodyLOG] May_13_2026 05:13:35.127 line: 673. ___IMMERSEENGINE___ Immerse_EnableImmerse inMode: 2 
[2026-05-13T05:13:35.1272594-07:00] [pid=10072] <<<_____ ImmerseAudioRenderer _____>>> 
[2026-05-13T05:13:35.1272594-07:00] [pid=10072] WwiseFxNullParams::SetParam()
[2026-05-13T05:13:35.1272594-07:00] [pid=10072] 
[2026-05-13T05:13:35.1272594-07:00] [pid=10072] <<<_____ ImmerseAudioRenderer _____>>> 
[2026-05-13T05:13:35.1272594-07:00] [pid=10072] WwiseFxNullParams::ApplyParam()
[2026-05-13T05:13:35.1272594-07:00] [pid=10072] 
[2026-05-13T05:13:35.1272594-07:00] [pid=10072] [EmbodyLOG] May_13_2026 05:13:35.128 line: 673. ___IMMERSEENGINE___ Immerse_EnableImmerse inMode: 2 
[2026-05-13T05:13:35.1282607-07:00] [pid=10072] [EmbodyLOG] May_13_2026 05:13:35.128 line: 1419. calculateLicenseDaysRemaining(): cached=358, elapsed=0, remaining=358 
[2026-05-13T05:13:35.1292611-07:00] [pid=10072] [EmbodyLOG] May_13_2026 05:13:35.129 line: 1419. calculateLicenseDaysRemaining(): cached=358, elapsed=0, remaining=358 
[2026-05-13T05:13:35.2818975-07:00] [pid=10072] [2026.05.13-12.13.35:281][233]LogAkAudio: Error: Voice Starvation
[2026-05-13T05:13:37.2733300-07:00] [pid=10072] <<<_____ ImmerseAudioRenderer _____>>> 
[2026-05-13T05:13:37.2733300-07:00] [pid=10072] WwiseFxNullParams::SetParam()
[2026-05-13T05:13:37.2733300-07:00] [pid=10072] 
[2026-05-13T05:13:37.2733300-07:00] [pid=10072] <<<_____ ImmerseAudioRenderer _____>>> 
[2026-05-13T05:13:37.2733300-07:00] [pid=10072] WwiseFxNullParams::ApplyParam()
[2026-05-13T05:13:37.2743315-07:00] [pid=10072] 
[2026-05-13T05:13:37.2743315-07:00] [pid=10072] [EmbodyLOG] May_13_2026 05:13:37.274 line: 673. ___IMMERSEENGINE___ Immerse_EnableImmerse inMode: 2 
[2026-05-13T05:13:37.2743315-07:00] [pid=10072] <<<_____ ImmerseAudioRenderer _____>>> 
[2026-05-13T05:13:37.2743315-07:00] [pid=10072] WwiseFxNullParams::SetParam()
[2026-05-13T05:13:37.2743315-07:00] [pid=10072] 
[2026-05-13T05:13:37.2753323-07:00] [pid=10072] <<<_____ ImmerseAudioRenderer _____>>> 
[2026-05-13T05:13:37.2753323-07:00] [pid=10072] WwiseFxNullParams::ApplyParam()
[2026-05-13T05:13:37.2753323-07:00] [pid=10072] 
[2026-05-13T05:13:37.2753323-07:00] [pid=10072] [EmbodyLOG] May_13_2026 05:13:37.275 line: 673. ___IMMERSEENGINE___ Immerse_EnableImmerse inMode: 2 
[2026-05-13T05:13:37.2753323-07:00] [pid=10072] [EmbodyLOG] May_13_2026 05:13:37.275 line: 1419. calculateLicenseDaysRemaining(): cached=358, elapsed=0, remaining=358 
[2026-05-13T05:13:37.2753323-07:00] [pid=10072] [EmbodyLOG] May_13_2026 05:13:37.276 line: 1419. calculateLicenseDaysRemaining(): cached=358, elapsed=0, remaining=358 
[2026-05-13T05:13:37.3952149-07:00] [pid=10072] <<<_____ ImmerseAudioRenderer _____>>> 
[2026-05-13T05:13:37.3952149-07:00] [pid=10072] WwiseFxNullParams::SetParam()
[2026-05-13T05:13:37.3952149-07:00] [pid=10072] 
[2026-05-13T05:13:37.3952149-07:00] [pid=10072] <<<_____ ImmerseAudioRenderer _____>>> 
[2026-05-13T05:13:37.3952149-07:00] [pid=10072] WwiseFxNullParams::ApplyParam()
[2026-05-13T05:13:37.3952149-07:00] [pid=10072] 
[2026-05-13T05:13:37.3952149-07:00] [pid=10072] [EmbodyLOG] May_13_2026 05:13:37.395 line: 673. ___IMMERSEENGINE___ Immerse_EnableImmerse inMode: 0 
[2026-05-13T05:13:37.3952149-07:00] [pid=10072] <<<_____ ImmerseAudioRenderer _____>>> 
[2026-05-13T05:13:37.3952149-07:00] [pid=10072] WwiseFxNullParams::SetParam()
[2026-05-13T05:13:37.3952149-07:00] [pid=10072] 
[2026-05-13T05:13:37.3952149-07:00] [pid=10072] <<<_____ ImmerseAudioRenderer _____>>> 
[2026-05-13T05:13:37.3952149-07:00] [pid=10072] WwiseFxNullParams::ApplyParam()
[2026-05-13T05:13:37.3952149-07:00] [pid=10072] 
[2026-05-13T05:13:37.3952149-07:00] [pid=10072] [EmbodyLOG] May_13_2026 05:13:37.396 line: 673. ___IMMERSEENGINE___ Immerse_EnableImmerse inMode: 0 
[2026-05-13T05:13:37.3967203-07:00] [pid=10072] [EmbodyLOG] May_13_2026 05:13:37.396 line: 1419. calculateLicenseDaysRemaining(): cached=358, elapsed=0, remaining=358 
[2026-05-13T05:13:37.3977297-07:00] [pid=10072] [EmbodyLOG] May_13_2026 05:13:37.397 line: 1419. calculateLicenseDaysRemaining(): cached=358, elapsed=0, remaining=358 
[2026-05-13T05:13:37.5045228-07:00] [pid=10072] <<<_____ ImmerseAudioRenderer _____>>> 
[2026-05-13T05:13:37.5045228-07:00] [pid=10072] WwiseFxNullParams::SetParam()
[2026-05-13T05:13:37.5045228-07:00] [pid=10072] 
[2026-05-13T05:13:37.5045228-07:00] [pid=10072] <<<_____ ImmerseAudioRenderer _____>>> 
[2026-05-13T05:13:37.5045228-07:00] [pid=10072] WwiseFxNullParams::ApplyParam()
[2026-05-13T05:13:37.5045228-07:00] [pid=10072] 
[2026-05-13T05:13:37.5045228-07:00] [pid=10072] [EmbodyLOG] May_13_2026 05:13:37.505 line: 673. ___IMMERSEENGINE___ Immerse_EnableImmerse inMode: 2 
[2026-05-13T05:13:37.5055241-07:00] [pid=10072] <<<_____ ImmerseAudioRenderer _____>>> 
[2026-05-13T05:13:37.5055241-07:00] [pid=10072] WwiseFxNullParams::SetParam()
[2026-05-13T05:13:37.5055241-07:00] [pid=10072] 
[2026-05-13T05:13:37.5055241-07:00] [pid=10072] <<<_____ ImmerseAudioRenderer _____>>> 
[2026-05-13T05:13:37.5055241-07:00] [pid=10072] WwiseFxNullParams::ApplyParam()
[2026-05-13T05:13:37.5055241-07:00] [pid=10072] 
[2026-05-13T05:13:37.5055241-07:00] [pid=10072] [EmbodyLOG] May_13_2026 05:13:37.506 line: 673. ___IMMERSEENGINE___ Immerse_EnableImmerse inMode: 2 
[2026-05-13T05:13:37.5055241-07:00] [pid=10072] [EmbodyLOG] May_13_2026 05:13:37.506 line: 1419. calculateLicenseDaysRemaining(): cached=358, elapsed=0, remaining=358 
[2026-05-13T05:13:37.5070306-07:00] [pid=10072] [EmbodyLOG] May_13_2026 05:13:37.507 line: 1419. calculateLicenseDaysRemaining(): cached=358, elapsed=0, remaining=358 
[2026-05-13T05:13:39.6644764-07:00] [pid=10072] <<<_____ ImmerseAudioRenderer _____>>> 
[2026-05-13T05:13:39.6644764-07:00] [pid=10072] WwiseFxNullParams::SetParam()
[2026-05-13T05:13:39.6644764-07:00] [pid=10072] 
[2026-05-13T05:13:39.6644764-07:00] [pid=10072] <<<_____ ImmerseAudioRenderer _____>>> 
[2026-05-13T05:13:39.6644764-07:00] [pid=10072] WwiseFxNullParams::ApplyParam()
[2026-05-13T05:13:39.6644764-07:00] [pid=10072] 
[2026-05-13T05:13:39.6644764-07:00] [pid=10072] [EmbodyLOG] May_13_2026 05:13:39.665 line: 673. ___IMMERSEENGINE___ Immerse_EnableImmerse inMode: 1 
[2026-05-13T05:13:39.6654778-07:00] [pid=10072] <<<_____ ImmerseAudioRenderer _____>>> 
[2026-05-13T05:13:39.6654778-07:00] [pid=10072] WwiseFxNullParams::SetParam()
[2026-05-13T05:13:39.6654778-07:00] [pid=10072] 
[2026-05-13T05:13:39.6654778-07:00] [pid=10072] <<<_____ ImmerseAudioRenderer _____>>> 
[2026-05-13T05:13:39.6654778-07:00] [pid=10072] WwiseFxNullParams::ApplyParam()
[2026-05-13T05:13:39.6654778-07:00] [pid=10072] 
[2026-05-13T05:13:39.6654778-07:00] [pid=10072] [EmbodyLOG] May_13_2026 05:13:39.666 line: 673. ___IMMERSEENGINE___ Immerse_EnableImmerse inMode: 1 
[2026-05-13T05:13:39.6669831-07:00] [pid=10072] [EmbodyLOG] May_13_2026 05:13:39.667 line: 1316. getLocalSessionID for user: kevin_tencenttest1_emb 06756e30dc6941e7b44b3ad365984a2f 
[2026-05-13T05:13:39.6679902-07:00] [pid=10072] [EmbodyLOG] May_13_2026 05:13:39.667 line: 3274. getEmbodyData: STATUS_AUTHORIZING StatusCheck session_id: 06756e30dc6941e7b44b3ad365984a2f, immerse_id: v2.2.447, hrtf_id: 1408e0d2eca549feaf2d5631a49ca7d2, img_id: img_1 
[2026-05-13T05:13:39.6679902-07:00] [pid=10072] [EmbodyLOG] May_13_2026 05:13:39.668 line: 3213. usingLocalUserCache: Using local cache for user: SCR license_type: trial, license_days_left: 358, license_expired: 0, isUniversalUser: 0 
[2026-05-13T05:13:39.6679902-07:00] [pid=10072] [EmbodyLOG] May_13_2026 05:13:39.668 line: 3232. updateUMWHPEQSelection() - updated headsetId: 18446744073709551615 
[2026-05-13T05:13:39.6689908-07:00] [pid=10072] [EmbodyLOG] May_13_2026 05:13:39.668 line: 2669. updateUserHRTFData ProfileName set to : Profile_1 
[2026-05-13T05:13:39.6689908-07:00] [pid=10072] [EmbodyLOG] May_13_2026 05:13:39.669 line: 2724. updateUserHRTFData: inside hrtfCallback invocation 
[2026-05-13T05:13:39.6689908-07:00] [pid=10072] [EmbodyLOG] May_13_2026 05:13:39.669 line: 277. LoadHrtfCallback: HRTF already loaded 
[2026-05-13T05:13:39.6689908-07:00] [pid=10072] [EmbodyLOG] May_13_2026 05:13:39.669 line: 3354. getEmbodyData: IMMERSE_STATUS::DATA_FINISHED 
[2026-05-13T05:13:39.6704940-07:00] [pid=10072] [EmbodyLOG] May_13_2026 05:13:39.670 line: 1419. calculateLicenseDaysRemaining(): cached=358, elapsed=0, remaining=358 
[2026-05-13T05:13:39.6715004-07:00] [pid=10072] [EmbodyLOG] May_13_2026 05:13:39.671 line: 1316. getLocalSessionID for user: kevin_tencenttest1_emb 06756e30dc6941e7b44b3ad365984a2f 
[2026-05-13T05:13:39.6725057-07:00] [pid=10072] [EmbodyLOG] May_13_2026 05:13:39.672 line: 2576. ImmerseAPI: Too many status checks within the period allowed, returning early 
[2026-05-13T05:13:39.6725057-07:00] [pid=10072] [EmbodyLOG] May_13_2026 05:13:39.673 line: 3232. updateUMWHPEQSelection() - updated headsetId: 18446744073709551615 
[2026-05-13T05:13:39.6735050-07:00] [pid=10072] [EmbodyLOG] May_13_2026 05:13:39.674 line: 1419. calculateLicenseDaysRemaining(): cached=358, elapsed=0, remaining=358 
[2026-05-13T05:13:39.7943859-07:00] [pid=10072] <<<_____ ImmerseAudioRenderer _____>>> 
[2026-05-13T05:13:39.7953873-07:00] [pid=10072] WwiseFxNullParams::SetParam()
[2026-05-13T05:13:39.7953873-07:00] [pid=10072] 
[2026-05-13T05:13:39.7953873-07:00] [pid=10072] <<<_____ ImmerseAudioRenderer _____>>> 
[2026-05-13T05:13:39.7953873-07:00] [pid=10072] WwiseFxNullParams::ApplyParam()
[2026-05-13T05:13:39.7953873-07:00] [pid=10072] 
[2026-05-13T05:13:39.7953873-07:00] [pid=10072] [EmbodyLOG] May_13_2026 05:13:39.795 line: 673. ___IMMERSEENGINE___ Immerse_EnableImmerse inMode: 2 
[2026-05-13T05:13:39.7953873-07:00] [pid=10072] <<<_____ ImmerseAudioRenderer _____>>> 
[2026-05-13T05:13:39.7953873-07:00] [pid=10072] WwiseFxNullParams::SetParam()
[2026-05-13T05:13:39.7953873-07:00] [pid=10072] 
[2026-05-13T05:13:39.7953873-07:00] [pid=10072] <<<_____ ImmerseAudioRenderer _____>>> 
[2026-05-13T05:13:39.7953873-07:00] [pid=10072] WwiseFxNullParams::ApplyParam()
[2026-05-13T05:13:39.7953873-07:00] [pid=10072] 
[2026-05-13T05:13:39.7953873-07:00] [pid=10072] [EmbodyLOG] May_13_2026 05:13:39.796 line: 673. ___IMMERSEENGINE___ Immerse_EnableImmerse inMode: 2 
[2026-05-13T05:13:39.7968926-07:00] [pid=10072] [EmbodyLOG] May_13_2026 05:13:39.797 line: 1419. calculateLicenseDaysRemaining(): cached=358, elapsed=0, remaining=358 
[2026-05-13T05:13:39.7979037-07:00] [pid=10072] [EmbodyLOG] May_13_2026 05:13:39.798 line: 1419. calculateLicenseDaysRemaining(): cached=358, elapsed=0, remaining=358 
[2026-05-13T05:13:39.8269702-07:00] [pid=10072] [2026.05.13-12.13.39:826][369]LogAkAudio: Error: Voice Starvation
[2026-05-13T05:13:40.2035736-07:00] [pid=10072] [2026.05.13-12.13.40:203][546]LogTemp: Display: [ImmerseStress] REMOTE_HOLD_v1: waiting for go.flag (../../../../../../Users/kapil/OneDrive/Documents/Unreal Projects/testTP/Saved/ImmerseStress/go.flag) retry=20
[2026-05-13T05:13:40.9043782-07:00] [pid=10072] <<<_____ ImmerseAudioRenderer _____>>> 
[2026-05-13T05:13:40.9043782-07:00] [pid=10072] WwiseFxNullParams::SetParam()
[2026-05-13T05:13:40.9043782-07:00] [pid=10072] 
[2026-05-13T05:13:40.9053771-07:00] [pid=10072] <<<_____ ImmerseAudioRenderer _____>>> 
[2026-05-13T05:13:40.9053771-07:00] [pid=10072] WwiseFxNullParams::ApplyParam()
[2026-05-13T05:13:40.9053771-07:00] [pid=10072] 
[2026-05-13T05:13:40.9053771-07:00] [pid=10072] [EmbodyLOG] May_13_2026 05:13:40.905 line: 673. ___IMMERSEENGINE___ Immerse_EnableImmerse inMode: 1 
[2026-05-13T05:13:40.9053771-07:00] [pid=10072] <<<_____ ImmerseAudioRenderer _____>>> 
[2026-05-13T05:13:40.9053771-07:00] [pid=10072] WwiseFxNullParams::SetParam()
[2026-05-13T05:13:40.9053771-07:00] [pid=10072] 
[2026-05-13T05:13:40.9053771-07:00] [pid=10072] <<<_____ ImmerseAudioRenderer _____>>> 
[2026-05-13T05:13:40.9053771-07:00] [pid=10072] WwiseFxNullParams::ApplyParam()
[2026-05-13T05:13:40.9053771-07:00] [pid=10072] 
[2026-05-13T05:13:40.9053771-07:00] [pid=10072] [EmbodyLOG] May_13_2026 05:13:40.906 line: 673. ___IMMERSEENGINE___ Immerse_EnableImmerse inMode: 1 
[2026-05-13T05:13:40.9068835-07:00] [pid=10072] [EmbodyLOG] May_13_2026 05:13:40.907 line: 1316. getLocalSessionID for user: kevin_tencenttest1_emb 06756e30dc6941e7b44b3ad365984a2f 
[2026-05-13T05:13:40.9078927-07:00] [pid=10072] [EmbodyLOG] May_13_2026 05:13:40.908 line: 2576. ImmerseAPI: Too many status checks within the period allowed, returning early 
[2026-05-13T05:13:40.9078927-07:00] [pid=10072] [EmbodyLOG] May_13_2026 05:13:40.908 line: 3232. updateUMWHPEQSelection() - updated headsetId: 18446744073709551615 
[2026-05-13T05:13:40.9088920-07:00] [pid=10072] [EmbodyLOG] May_13_2026 05:13:40.909 line: 1419. calculateLicenseDaysRemaining(): cached=358, elapsed=0, remaining=358 
[2026-05-13T05:13:40.9103966-07:00] [pid=10072] [EmbodyLOG] May_13_2026 05:13:40.910 line: 1316. getLocalSessionID for user: kevin_tencenttest1_emb 06756e30dc6941e7b44b3ad365984a2f 
[2026-05-13T05:13:40.9114024-07:00] [pid=10072] [EmbodyLOG] May_13_2026 05:13:40.911 line: 2576. ImmerseAPI: Too many status checks within the period allowed, returning early 
[2026-05-13T05:13:40.9114024-07:00] [pid=10072] [EmbodyLOG] May_13_2026 05:13:40.911 line: 3232. updateUMWHPEQSelection() - updated headsetId: 18446744073709551615 
[2026-05-13T05:13:40.9124085-07:00] [pid=10072] [EmbodyLOG] May_13_2026 05:13:40.912 line: 1419. calculateLicenseDaysRemaining(): cached=358, elapsed=0, remaining=358 
[2026-05-13T05:13:41.0623282-07:00] [pid=10072] [2026.05.13-12.13.41:062][949]LogAkAudio: Error: Voice Starvation
[2026-05-13T05:13:42.9469087-07:00] [pid=10072] <<<_____ ImmerseAudioRenderer _____>>> 
[2026-05-13T05:13:42.9469087-07:00] [pid=10072] WwiseFxNullParams::SetParam()
[2026-05-13T05:13:42.9469087-07:00] [pid=10072] 
[2026-05-13T05:13:42.9469087-07:00] [pid=10072] <<<_____ ImmerseAudioRenderer _____>>> 
[2026-05-13T05:13:42.9469087-07:00] [pid=10072] WwiseFxNullParams::ApplyParam()
[2026-05-13T05:13:42.9469087-07:00] [pid=10072] 
[2026-05-13T05:13:42.9469087-07:00] [pid=10072] [EmbodyLOG] May_13_2026 05:13:42.947 line: 710. ___IMMERSEENGINE___ Immerse_EnableHPEQ inHeadset: 102 
[2026-05-13T05:13:42.9479164-07:00] [pid=10072] <<<_____ ImmerseAudioRenderer _____>>> 
[2026-05-13T05:13:42.9479164-07:00] [pid=10072] WwiseFxNullParams::SetParam()
[2026-05-13T05:13:42.9479164-07:00] [pid=10072] 
[2026-05-13T05:13:42.9479164-07:00] [pid=10072] <<<_____ ImmerseAudioRenderer _____>>> 
[2026-05-13T05:13:42.9479164-07:00] [pid=10072] WwiseFxNullParams::ApplyParam()
[2026-05-13T05:13:42.9479164-07:00] [pid=10072] 
[2026-05-13T05:13:42.9479164-07:00] [pid=10072] [EmbodyLOG] May_13_2026 05:13:42.948 line: 1328. ImmerseManager::UpdateHpeqHeadset() - HPEQ enabled, headsetId 102 
[2026-05-13T05:13:42.9489176-07:00] [pid=10072] [EmbodyLOG] May_13_2026 05:13:42.949 line: 1419. calculateLicenseDaysRemaining(): cached=358, elapsed=0, remaining=358 
[2026-05-13T05:13:44.9768073-07:00] [pid=10072] <<<_____ ImmerseAudioRenderer _____>>> 
[2026-05-13T05:13:44.9768073-07:00] [pid=10072] WwiseFxNullParams::SetParam()
[2026-05-13T05:13:44.9768073-07:00] [pid=10072] 
[2026-05-13T05:13:44.9768073-07:00] [pid=10072] <<<_____ ImmerseAudioRenderer _____>>> 
[2026-05-13T05:13:44.9768073-07:00] [pid=10072] WwiseFxNullParams::ApplyParam()
[2026-05-13T05:13:44.9768073-07:00] [pid=10072] 
[2026-05-13T05:13:44.9768073-07:00] [pid=10072] [EmbodyLOG] May_13_2026 05:13:44.977 line: 710. ___IMMERSEENGINE___ Immerse_EnableHPEQ inHeadset: 104 
[2026-05-13T05:13:44.9778180-07:00] [pid=10072] <<<_____ ImmerseAudioRenderer _____>>> 
[2026-05-13T05:13:44.9778180-07:00] [pid=10072] WwiseFxNullParams::SetParam()
[2026-05-13T05:13:44.9778180-07:00] [pid=10072] 
[2026-05-13T05:13:44.9778180-07:00] [pid=10072] [EmbodyLOG] May_13_2026 05:13:44.978 line: 1328. ImmerseManager::UpdateHpeqHeadset() - HPEQ enabled, headsetId 104 
[2026-05-13T05:13:44.9778180-07:00] [pid=10072] <<<_____ ImmerseAudioRenderer _____>>> 
[2026-05-13T05:13:44.9778180-07:00] [pid=10072] WwiseFxNullParams::ApplyParam()
[2026-05-13T05:13:44.9778180-07:00] [pid=10072] 
[2026-05-13T05:13:44.9788176-07:00] [pid=10072] [EmbodyLOG] May_13_2026 05:13:44.979 line: 1419. calculateLicenseDaysRemaining(): cached=358, elapsed=0, remaining=358 
[2026-05-13T05:13:46.9959914-07:00] [pid=10072] <<<_____ ImmerseAudioRenderer _____>>> 
[2026-05-13T05:13:46.9969977-07:00] [pid=10072] WwiseFxNullParams::SetParam()
[2026-05-13T05:13:46.9969977-07:00] [pid=10072] 
[2026-05-13T05:13:46.9969977-07:00] [pid=10072] <<<_____ ImmerseAudioRenderer _____>>> 
[2026-05-13T05:13:46.9969977-07:00] [pid=10072] WwiseFxNullParams::ApplyParam()
[2026-05-13T05:13:46.9969977-07:00] [pid=10072] 
[2026-05-13T05:13:46.9969977-07:00] [pid=10072] [EmbodyLOG] May_13_2026 05:13:46.997 line: 710. ___IMMERSEENGINE___ Immerse_EnableHPEQ inHeadset: 26 
[2026-05-13T05:13:46.9969977-07:00] [pid=10072] <<<_____ ImmerseAudioRenderer _____>>> 
[2026-05-13T05:13:46.9969977-07:00] [pid=10072] WwiseFxNullParams::SetParam()
[2026-05-13T05:13:46.9969977-07:00] [pid=10072] 
[2026-05-13T05:13:46.9969977-07:00] [pid=10072] <<<_____ ImmerseAudioRenderer _____>>> 
[2026-05-13T05:13:46.9969977-07:00] [pid=10072] WwiseFxNullParams::ApplyParam()
[2026-05-13T05:13:46.9969977-07:00] [pid=10072] [EmbodyLOG] May_13_2026 05:13:46.997 line: 1328. ImmerseManager::UpdateHpeqHeadset() - HPEQ enabled, headsetId 26 
[2026-05-13T05:13:46.9979974-07:00] [pid=10072] 
[2026-05-13T05:13:46.9979974-07:00] [pid=10072] [EmbodyLOG] May_13_2026 05:13:46.998 line: 1419. calculateLicenseDaysRemaining(): cached=358, elapsed=0, remaining=358 
[2026-05-13T05:13:49.0279543-07:00] [pid=10072] <<<_____ ImmerseAudioRenderer _____>>> 
[2026-05-13T05:13:49.0279543-07:00] [pid=10072] WwiseFxNullParams::SetParam()
[2026-05-13T05:13:49.0279543-07:00] [pid=10072] 
[2026-05-13T05:13:49.0279543-07:00] [pid=10072] <<<_____ ImmerseAudioRenderer _____>>> 
[2026-05-13T05:13:49.0279543-07:00] [pid=10072] WwiseFxNullParams::ApplyParam()
[2026-05-13T05:13:49.0279543-07:00] [pid=10072] 
[2026-05-13T05:13:49.0279543-07:00] [pid=10072] [EmbodyLOG] May_13_2026 05:13:49.028 line: 710. ___IMMERSEENGINE___ Immerse_EnableHPEQ inHeadset: 16 
[2026-05-13T05:13:49.0289537-07:00] [pid=10072] <<<_____ ImmerseAudioRenderer _____>>> 
[2026-05-13T05:13:49.0289537-07:00] [pid=10072] WwiseFxNullParams::SetParam()
[2026-05-13T05:13:49.0289537-07:00] [pid=10072] 
[2026-05-13T05:13:49.0289537-07:00] [pid=10072] <<<_____ ImmerseAudioRenderer _____>>> 
[2026-05-13T05:13:49.0289537-07:00] [pid=10072] WwiseFxNullParams::ApplyParam()
[2026-05-13T05:13:49.0289537-07:00] [pid=10072] [EmbodyLOG] May_13_2026 05:13:49.029 line: 1328. ImmerseManager::UpdateHpeqHeadset() - HPEQ enabled, headsetId 16 
[2026-05-13T05:13:49.0289537-07:00] [pid=10072] 
[2026-05-13T05:13:49.0299538-07:00] [pid=10072] [EmbodyLOG] May_13_2026 05:13:49.030 line: 1419. calculateLicenseDaysRemaining(): cached=358, elapsed=0, remaining=358 
[2026-05-13T05:13:50.2278888-07:00] [pid=10072] [2026.05.13-12.13.50:227][364]LogTemp: Display: [ImmerseStress] REMOTE_HOLD_v1: waiting for go.flag (../../../../../../Users/kapil/OneDrive/Documents/Unreal Projects/testTP/Saved/ImmerseStress/go.flag) retry=40
[2026-05-13T05:13:51.0569536-07:00] [pid=10072] <<<_____ ImmerseAudioRenderer _____>>> 
[2026-05-13T05:13:51.0569536-07:00] [pid=10072] WwiseFxNullParams::SetParam()
[2026-05-13T05:13:51.0569536-07:00] [pid=10072] 
[2026-05-13T05:13:51.0569536-07:00] [pid=10072] <<<_____ ImmerseAudioRenderer _____>>> 
[2026-05-13T05:13:51.0569536-07:00] [pid=10072] WwiseFxNullParams::ApplyParam()
[2026-05-13T05:13:51.0569536-07:00] [pid=10072] 
[2026-05-13T05:13:51.0569536-07:00] [pid=10072] [EmbodyLOG] May_13_2026 05:13:51.057 line: 710. ___IMMERSEENGINE___ Immerse_EnableHPEQ inHeadset: 38 
[2026-05-13T05:13:51.0579593-07:00] [pid=10072] <<<_____ ImmerseAudioRenderer _____>>> 
[2026-05-13T05:13:51.0579593-07:00] [pid=10072] WwiseFxNullParams::SetParam()
[2026-05-13T05:13:51.0579593-07:00] [pid=10072] 
[2026-05-13T05:13:51.0579593-07:00] [pid=10072] <<<_____ ImmerseAudioRenderer _____>>> 
[2026-05-13T05:13:51.0579593-07:00] [pid=10072] WwiseFxNullParams::ApplyParam()
[2026-05-13T05:13:51.0579593-07:00] [pid=10072] 
[2026-05-13T05:13:51.0579593-07:00] [pid=10072] [EmbodyLOG] May_13_2026 05:13:51.058 line: 1328. ImmerseManager::UpdateHpeqHeadset() - HPEQ enabled, headsetId 38 
[2026-05-13T05:13:51.0589624-07:00] [pid=10072] [EmbodyLOG] May_13_2026 05:13:51.059 line: 1419. calculateLicenseDaysRemaining(): cached=358, elapsed=0, remaining=358 
[2026-05-13T05:13:53.0768317-07:00] [pid=10072] <<<_____ ImmerseAudioRenderer _____>>> 
[2026-05-13T05:13:53.0768317-07:00] [pid=10072] WwiseFxNullParams::SetParam()
[2026-05-13T05:13:53.0768317-07:00] [pid=10072] 
[2026-05-13T05:13:53.0768317-07:00] [pid=10072] <<<_____ ImmerseAudioRenderer _____>>> 
[2026-05-13T05:13:53.0768317-07:00] [pid=10072] WwiseFxNullParams::ApplyParam()
[2026-05-13T05:13:53.0783396-07:00] [pid=10072] 
[2026-05-13T05:13:53.0783396-07:00] [pid=10072] [EmbodyLOG] May_13_2026 05:13:53.078 line: 710. ___IMMERSEENGINE___ Immerse_EnableHPEQ inHeadset: 23 
[2026-05-13T05:13:53.0783396-07:00] [pid=10072] <<<_____ ImmerseAudioRenderer _____>>> 
[2026-05-13T05:13:53.0783396-07:00] [pid=10072] WwiseFxNullParams::SetParam()
[2026-05-13T05:13:53.0783396-07:00] [pid=10072] 
[2026-05-13T05:13:53.0783396-07:00] [pid=10072] <<<_____ ImmerseAudioRenderer _____>>> 
[2026-05-13T05:13:53.0783396-07:00] [pid=10072] [EmbodyLOG] May_13_2026 05:13:53.079 line: 1328. ImmerseManager::UpdateHpeqHeadset() - HPEQ enabled, headsetId 23 
[2026-05-13T05:13:53.0783396-07:00] [pid=10072] WwiseFxNullParams::ApplyParam()
[2026-05-13T05:13:53.0783396-07:00] [pid=10072] 
[2026-05-13T05:13:53.0798775-07:00] [pid=10072] [EmbodyLOG] May_13_2026 05:13:53.080 line: 1419. calculateLicenseDaysRemaining(): cached=358, elapsed=0, remaining=358 
[2026-05-13T05:13:55.1081172-07:00] [pid=10072] <<<_____ ImmerseAudioRenderer _____>>> 
[2026-05-13T05:13:55.1081172-07:00] [pid=10072] WwiseFxNullParams::SetParam()
[2026-05-13T05:13:55.1081172-07:00] [pid=10072] 
[2026-05-13T05:13:55.1081172-07:00] [pid=10072] <<<_____ ImmerseAudioRenderer _____>>> 
[2026-05-13T05:13:55.1081172-07:00] [pid=10072] WwiseFxNullParams::ApplyParam()
[2026-05-13T05:13:55.1081172-07:00] [pid=10072] 
[2026-05-13T05:13:55.1081172-07:00] [pid=10072] [EmbodyLOG] May_13_2026 05:13:55.108 line: 710. ___IMMERSEENGINE___ Immerse_EnableHPEQ inHeadset: 21 
[2026-05-13T05:13:55.1091181-07:00] [pid=10072] <<<_____ ImmerseAudioRenderer _____>>> 
[2026-05-13T05:13:55.1091181-07:00] [pid=10072] WwiseFxNullParams::SetParam()
[2026-05-13T05:13:55.1091181-07:00] [pid=10072] 
[2026-05-13T05:13:55.1091181-07:00] [pid=10072] <<<_____ ImmerseAudioRenderer _____>>> 
[2026-05-13T05:13:55.1091181-07:00] [pid=10072] [EmbodyLOG] May_13_2026 05:13:55.109 line: 1328. ImmerseManager::UpdateHpeqHeadset() - HPEQ enabled, headsetId 21 
[2026-05-13T05:13:55.1091181-07:00] [pid=10072] WwiseFxNullParams::ApplyParam()
[2026-05-13T05:13:55.1091181-07:00] [pid=10072] 
[2026-05-13T05:13:55.1106236-07:00] [pid=10072] [EmbodyLOG] May_13_2026 05:13:55.110 line: 1419. calculateLicenseDaysRemaining(): cached=358, elapsed=0, remaining=358 
[2026-05-13T05:13:57.1377202-07:00] [pid=10072] <<<_____ ImmerseAudioRenderer _____>>> 
[2026-05-13T05:13:57.1377202-07:00] [pid=10072] WwiseFxNullParams::SetParam()
[2026-05-13T05:13:57.1377202-07:00] [pid=10072] 
[2026-05-13T05:13:57.1377202-07:00] [pid=10072] <<<_____ ImmerseAudioRenderer _____>>> 
[2026-05-13T05:13:57.1377202-07:00] [pid=10072] WwiseFxNullParams::ApplyParam()
[2026-05-13T05:13:57.1377202-07:00] [pid=10072] 
[2026-05-13T05:13:57.1377202-07:00] [pid=10072] [EmbodyLOG] May_13_2026 05:13:57.138 line: 710. ___IMMERSEENGINE___ Immerse_EnableHPEQ inHeadset: 80 
[2026-05-13T05:13:57.1377202-07:00] [pid=10072] <<<_____ ImmerseAudioRenderer _____>>> 
[2026-05-13T05:13:57.1387206-07:00] [pid=10072] WwiseFxNullParams::SetParam()
[2026-05-13T05:13:57.1387206-07:00] [pid=10072] 
[2026-05-13T05:13:57.1387206-07:00] [pid=10072] [EmbodyLOG] May_13_2026 05:13:57.138 line: 1328. ImmerseManager::UpdateHpeqHeadset() - HPEQ enabled, headsetId 80 
[2026-05-13T05:13:57.1387206-07:00] [pid=10072] <<<_____ ImmerseAudioRenderer _____>>> 
[2026-05-13T05:13:57.1387206-07:00] [pid=10072] WwiseFxNullParams::ApplyParam()
[2026-05-13T05:13:57.1387206-07:00] [pid=10072] 
[2026-05-13T05:13:57.1397236-07:00] [pid=10072] [EmbodyLOG] May_13_2026 05:13:57.140 line: 1419. calculateLicenseDaysRemaining(): cached=358, elapsed=0, remaining=358 
[2026-05-13T05:13:59.1588132-07:00] [pid=10072] <<<_____ ImmerseAudioRenderer _____>>> 
[2026-05-13T05:13:59.1588132-07:00] [pid=10072] WwiseFxNullParams::SetParam()
[2026-05-13T05:13:59.1588132-07:00] [pid=10072] 
[2026-05-13T05:13:59.1588132-07:00] [pid=10072] <<<_____ ImmerseAudioRenderer _____>>> 
[2026-05-13T05:13:59.1598136-07:00] [pid=10072] WwiseFxNullParams::ApplyParam()
[2026-05-13T05:13:59.1598136-07:00] [pid=10072] 
[2026-05-13T05:13:59.1598136-07:00] [pid=10072] [EmbodyLOG] May_13_2026 05:13:59.159 line: 710. ___IMMERSEENGINE___ Immerse_EnableHPEQ inHeadset: 66 
[2026-05-13T05:13:59.1603170-07:00] [pid=10072] <<<_____ ImmerseAudioRenderer _____>>> 
[2026-05-13T05:13:59.1603170-07:00] [pid=10072] WwiseFxNullParams::SetParam()
[2026-05-13T05:13:59.1603170-07:00] [pid=10072] 
[2026-05-13T05:13:59.1603170-07:00] [pid=10072] [EmbodyLOG] May_13_2026 05:13:59.160 line: 1328. ImmerseManager::UpdateHpeqHeadset() - HPEQ enabled, headsetId 66 
[2026-05-13T05:13:59.1603170-07:00] [pid=10072] <<<_____ ImmerseAudioRenderer _____>>> 
[2026-05-13T05:13:59.1603170-07:00] [pid=10072] WwiseFxNullParams::ApplyParam()
[2026-05-13T05:13:59.1603170-07:00] [pid=10072] 
[2026-05-13T05:13:59.1613216-07:00] [pid=10072] [EmbodyLOG] May_13_2026 05:13:59.161 line: 1419. calculateLicenseDaysRemaining(): cached=358, elapsed=0, remaining=358 
[2026-05-13T05:14:00.2477791-07:00] [pid=10072] [2026.05.13-12.14.00:247][210]LogTemp: Display: [ImmerseStress] REMOTE_HOLD_v1: waiting for go.flag (../../../../../../Users/kapil/OneDrive/Documents/Unreal Projects/testTP/Saved/ImmerseStress/go.flag) retry=60
[2026-05-13T05:14:02.1900694-07:00] [pid=10072] <<<_____ ImmerseAudioRenderer _____>>> 
[2026-05-13T05:14:02.1900694-07:00] [pid=10072] WwiseFxNullParams::SetParam()
[2026-05-13T05:14:02.1900694-07:00] [pid=10072] 
[2026-05-13T05:14:02.1900694-07:00] [pid=10072] <<<_____ ImmerseAudioRenderer _____>>> 
[2026-05-13T05:14:02.1900694-07:00] [pid=10072] WwiseFxNullParams::ApplyParam()
[2026-05-13T05:14:02.1905745-07:00] [pid=10072] 
[2026-05-13T05:14:02.1905745-07:00] [pid=10072] <<<_____ ImmerseAudioRenderer _____>>> 
[2026-05-13T05:14:02.1905745-07:00] [pid=10072] WwiseFxNullParams::SetParam()
[2026-05-13T05:14:02.1905745-07:00] [pid=10072] 
[2026-05-13T05:14:02.1905745-07:00] [pid=10072] <<<_____ ImmerseAudioRenderer _____>>> 
[2026-05-13T05:14:02.1905745-07:00] [pid=10072] WwiseFxNullParams::ApplyParam()
[2026-05-13T05:14:02.1905745-07:00] [pid=10072] 
[2026-05-13T05:14:02.1905745-07:00] [pid=10072] [EmbodyLOG] May_13_2026 05:14:02.191 line: 767. ___IMMERSEENGINE___ Immerse_SetTuning inAudioProcessorId:2 inHrirTuning:1 inSpeakerPlacement:0 
[2026-05-13T05:14:02.1915797-07:00] [pid=10072] [EmbodyLOG] May_13_2026 05:14:02.192 line: 416. DecryptMultiSofaData() - v2 numSections=3 hrtfFlags=1 hrtfSectionOffset=971 hrtfSectionSize=1758624 numEntries=4 dataOffset=440678 dataLength=439639 bmapSize=518 fovdSize=361 
[2026-05-13T05:14:02.2467516-07:00] [pid=10072] [EmbodyLOG] May_13_2026 05:14:02.247 line: 447. DecryptMultiSofaData() - decrypt result: Success 
[2026-05-13T05:14:02.2477567-07:00] [pid=10072] [EmbodyLOG] May_13_2026 05:14:02.247 line: 533. AssetManager - BMAP data (518 bytes): {"buses":[{"label":"Extraction","tunings":[{"id":"extraction_tuning_1","label":"Extraction Tuning 1","hrtf_index":0}],"id":"extraction"},{"label":"Warfare","tunings":[{"id":"warfare_tuning_1","label":"Warfare Tuning 1","hrtf_index":1}],"id":"warfare"},{"label":"Campaign","tunings":[{"id":"campaign_tuning_1","label":"Campaign Tuning 1","hrtf_index":2}],"id":"campaign"},{"label":"Voice Chat","tunings":[{"id":"voice_chat_tuning_1","label":"Voice Chat Tuning 1","hrtf_index":3}],"id":"voice_chat"}],"schema_version":1} 
[2026-05-13T05:14:02.2477567-07:00] [pid=10072] [EmbodyLOG] May_13_2026 05:14:02.248 line: 537. AssetManager - FOVD data (361 bytes): {"schema_version":1,"fov_groups":["l/r"],"fov_presets":[{"studio_speaker_angles_idx":[0,1,6,7,8,9,10,11,12,13,14,15,16,17,18],"label":"Narrow","id":"narrow"},{"studio_speaker_angles_idx":[2,3,6,7,8,9,10,11,12,13,14,15,16,17,18],"label":"Default","id":"default"},{"studio_speaker_angles_idx":[4,5,6,7,8,9,10,11,12,13,14,15,16,17,18],"label":"Wide","id":"wide"}]} 
[2026-05-13T05:14:02.2542650-07:00] [pid=10072] [EmbodyLOG] May_13_2026 05:14:02.254 line: 376. AudioConfig::GetSHIndices() - invalid channelConfig: 6 
[2026-05-13T05:14:02.3039031-07:00] [pid=10072] [EmbodyLOG] May_13_2026 05:14:02.304 line: 281. AudioConfig::InitializeDecoders: Successfully created shared ambisonic decoder kernel 
[2026-05-13T05:14:02.4351731-07:00] [pid=10072] [2026.05.13-12.14.02:435][265]LogAkAudio: Error: Voice Starvation
[2026-05-13T05:14:02.7354751-07:00] [pid=10072] [2026.05.13-12.14.02:735][408]LogAkAudio: Error: Voice Starvation
[2026-05-13T05:14:04.2279581-07:00] [pid=10072] <<<_____ ImmerseAudioRenderer _____>>> 
[2026-05-13T05:14:04.2279581-07:00] [pid=10072] WwiseFxNullParams::SetParam()
[2026-05-13T05:14:04.2279581-07:00] [pid=10072] 
[2026-05-13T05:14:04.2289592-07:00] [pid=10072] <<<_____ ImmerseAudioRenderer _____>>> 
[2026-05-13T05:14:04.2289592-07:00] [pid=10072] WwiseFxNullParams::ApplyParam()
[2026-05-13T05:14:04.2289592-07:00] [pid=10072] 
[2026-05-13T05:14:04.2289592-07:00] [pid=10072] <<<_____ ImmerseAudioRenderer _____>>> 
[2026-05-13T05:14:04.2289592-07:00] [pid=10072] WwiseFxNullParams::SetParam()
[2026-05-13T05:14:04.2289592-07:00] [pid=10072] 
[2026-05-13T05:14:04.2289592-07:00] [pid=10072] <<<_____ ImmerseAudioRenderer _____>>> 
[2026-05-13T05:14:04.2289592-07:00] [pid=10072] WwiseFxNullParams::ApplyParam()
[2026-05-13T05:14:04.2289592-07:00] [pid=10072] 
[2026-05-13T05:14:04.2304635-07:00] [pid=10072] [EmbodyLOG] May_13_2026 05:14:04.231 line: 767. ___IMMERSEENGINE___ Immerse_SetTuning inAudioProcessorId:2 inHrirTuning:2 inSpeakerPlacement:0 
[2026-05-13T05:14:04.2314692-07:00] [pid=10072] [EmbodyLOG] May_13_2026 05:14:04.231 line: 416. DecryptMultiSofaData() - v2 numSections=3 hrtfFlags=1 hrtfSectionOffset=971 hrtfSectionSize=1758624 numEntries=4 dataOffset=880317 dataLength=439639 bmapSize=518 fovdSize=361 
[2026-05-13T05:14:04.2871001-07:00] [pid=10072] [EmbodyLOG] May_13_2026 05:14:04.287 line: 447. DecryptMultiSofaData() - decrypt result: Success 
[2026-05-13T05:14:04.2881061-07:00] [pid=10072] [EmbodyLOG] May_13_2026 05:14:04.288 line: 533. AssetManager - BMAP data (518 bytes): {"buses":[{"label":"Extraction","tunings":[{"id":"extraction_tuning_1","label":"Extraction Tuning 1","hrtf_index":0}],"id":"extraction"},{"label":"Warfare","tunings":[{"id":"warfare_tuning_1","label":"Warfare Tuning 1","hrtf_index":1}],"id":"warfare"},{"label":"Campaign","tunings":[{"id":"campaign_tuning_1","label":"Campaign Tuning 1","hrtf_index":2}],"id":"campaign"},{"label":"Voice Chat","tunings":[{"id":"voice_chat_tuning_1","label":"Voice Chat Tuning 1","hrtf_index":3}],"id":"voice_chat"}],"schema_version":1} 
[2026-05-13T05:14:04.2881061-07:00] [pid=10072] [EmbodyLOG] May_13_2026 05:14:04.288 line: 537. AssetManager - FOVD data (361 bytes): {"schema_version":1,"fov_groups":["l/r"],"fov_presets":[{"studio_speaker_angles_idx":[0,1,6,7,8,9,10,11,12,13,14,15,16,17,18],"label":"Narrow","id":"narrow"},{"studio_speaker_angles_idx":[2,3,6,7,8,9,10,11,12,13,14,15,16,17,18],"label":"Default","id":"default"},{"studio_speaker_angles_idx":[4,5,6,7,8,9,10,11,12,13,14,15,16,17,18],"label":"Wide","id":"wide"}]} 
[2026-05-13T05:14:04.2956168-07:00] [pid=10072] [EmbodyLOG] May_13_2026 05:14:04.295 line: 376. AudioConfig::GetSHIndices() - invalid channelConfig: 6 
[2026-05-13T05:14:04.3432413-07:00] [pid=10072] [EmbodyLOG] May_13_2026 05:14:04.343 line: 281. AudioConfig::InitializeDecoders: Successfully created shared ambisonic decoder kernel 
[2026-05-13T05:14:04.4987327-07:00] [pid=10072] [2026.05.13-12.14.04:498][251]LogAkAudio: Error: Voice Starvation
[2026-05-13T05:14:04.8005155-07:00] [pid=10072] [2026.05.13-12.14.04:800][398]LogAkAudio: Error: Voice Starvation
[2026-05-13T05:14:06.2468884-07:00] [pid=10072] <<<_____ ImmerseAudioRenderer _____>>> 
[2026-05-13T05:14:06.2468884-07:00] [pid=10072] WwiseFxNullParams::SetParam()
[2026-05-13T05:14:06.2468884-07:00] [pid=10072] 
[2026-05-13T05:14:06.2468884-07:00] [pid=10072] <<<_____ ImmerseAudioRenderer _____>>> 
[2026-05-13T05:14:06.2468884-07:00] [pid=10072] WwiseFxNullParams::ApplyParam()
[2026-05-13T05:14:06.2468884-07:00] [pid=10072] 
[2026-05-13T05:14:06.2468884-07:00] [pid=10072] <<<_____ ImmerseAudioRenderer _____>>> 
[2026-05-13T05:14:06.2468884-07:00] [pid=10072] WwiseFxNullParams::SetParam()
[2026-05-13T05:14:06.2468884-07:00] [pid=10072] 
[2026-05-13T05:14:06.2468884-07:00] [pid=10072] <<<_____ ImmerseAudioRenderer _____>>> 
[2026-05-13T05:14:06.2468884-07:00] [pid=10072] WwiseFxNullParams::ApplyParam()
[2026-05-13T05:14:06.2468884-07:00] [pid=10072] 
[2026-05-13T05:14:06.2503955-07:00] [pid=10072] [EmbodyLOG] May_13_2026 05:14:06.251 line: 767. ___IMMERSEENGINE___ Immerse_SetTuning inAudioProcessorId:2 inHrirTuning:3 inSpeakerPlacement:0 
[2026-05-13T05:14:06.2513984-07:00] [pid=10072] [EmbodyLOG] May_13_2026 05:14:06.251 line: 416. DecryptMultiSofaData() - v2 numSections=3 hrtfFlags=1 hrtfSectionOffset=971 hrtfSectionSize=1758624 numEntries=4 dataOffset=1319956 dataLength=439639 bmapSize=518 fovdSize=361 
[2026-05-13T05:14:06.3070464-07:00] [pid=10072] [EmbodyLOG] May_13_2026 05:14:06.307 line: 447. DecryptMultiSofaData() - decrypt result: Success 
[2026-05-13T05:14:06.3080501-07:00] [pid=10072] [EmbodyLOG] May_13_2026 05:14:06.308 line: 533. AssetManager - BMAP data (518 bytes): {"buses":[{"label":"Extraction","tunings":[{"id":"extraction_tuning_1","label":"Extraction Tuning 1","hrtf_index":0}],"id":"extraction"},{"label":"Warfare","tunings":[{"id":"warfare_tuning_1","label":"Warfare Tuning 1","hrtf_index":1}],"id":"warfare"},{"label":"Campaign","tunings":[{"id":"campaign_tuning_1","label":"Campaign Tuning 1","hrtf_index":2}],"id":"campaign"},{"label":"Voice Chat","tunings":[{"id":"voice_chat_tuning_1","label":"Voice Chat Tuning 1","hrtf_index":3}],"id":"voice_chat"}],"schema_version":1} 
[2026-05-13T05:14:06.3080501-07:00] [pid=10072] [EmbodyLOG] May_13_2026 05:14:06.308 line: 537. AssetManager - FOVD data (361 bytes): {"schema_version":1,"fov_groups":["l/r"],"fov_presets":[{"studio_speaker_angles_idx":[0,1,6,7,8,9,10,11,12,13,14,15,16,17,18],"label":"Narrow","id":"narrow"},{"studio_speaker_angles_idx":[2,3,6,7,8,9,10,11,12,13,14,15,16,17,18],"label":"Default","id":"default"},{"studio_speaker_angles_idx":[4,5,6,7,8,9,10,11,12,13,14,15,16,17,18],"label":"Wide","id":"wide"}]} 
[2026-05-13T05:14:06.3145619-07:00] [pid=10072] [EmbodyLOG] May_13_2026 05:14:06.315 line: 376. AudioConfig::GetSHIndices() - invalid channelConfig: 6 
[2026-05-13T05:14:06.3651563-07:00] [pid=10072] [EmbodyLOG] May_13_2026 05:14:06.365 line: 281. AudioConfig::InitializeDecoders: Successfully created shared ambisonic decoder kernel 
[2026-05-13T05:14:06.5181548-07:00] [pid=10072] [2026.05.13-12.14.06:518][225]LogAkAudio: Error: Voice Starvation
[2026-05-13T05:14:06.8149721-07:00] [pid=10072] [2026.05.13-12.14.06:814][369]LogAkAudio: Error: Voice Starvation
[2026-05-13T05:14:08.2867150-07:00] [pid=10072] <<<_____ ImmerseAudioRenderer _____>>> 
[2026-05-13T05:14:08.2867150-07:00] [pid=10072] WwiseFxNullParams::SetParam()
[2026-05-13T05:14:08.2867150-07:00] [pid=10072] 
[2026-05-13T05:14:08.2867150-07:00] [pid=10072] <<<_____ ImmerseAudioRenderer _____>>> 
[2026-05-13T05:14:08.2877219-07:00] [pid=10072] WwiseFxNullParams::ApplyParam()
[2026-05-13T05:14:08.2877219-07:00] [pid=10072] 
[2026-05-13T05:14:08.2877219-07:00] [pid=10072] <<<_____ ImmerseAudioRenderer _____>>> 
[2026-05-13T05:14:08.2877219-07:00] [pid=10072] WwiseFxNullParams::SetParam()
[2026-05-13T05:14:08.2877219-07:00] [pid=10072] 
[2026-05-13T05:14:08.2877219-07:00] [pid=10072] <<<_____ ImmerseAudioRenderer _____>>> 
[2026-05-13T05:14:08.2877219-07:00] [pid=10072] WwiseFxNullParams::ApplyParam()
[2026-05-13T05:14:08.2877219-07:00] [pid=10072] 
[2026-05-13T05:14:08.3002793-07:00] [pid=10072] [EmbodyLOG] May_13_2026 05:14:08.301 line: 767. ___IMMERSEENGINE___ Immerse_SetTuning inAudioProcessorId:2 inHrirTuning:4 inSpeakerPlacement:0 
[2026-05-13T05:14:08.3012848-07:00] [pid=10072] [EmbodyLOG] May_13_2026 05:14:08.301 line: 392. DecryptMultiSofaData() - v2 index out of range: 4 (numEntries=4). 
[2026-05-13T05:14:10.2681066-07:00] [pid=10072] [2026.05.13-12.14.10:267][ 26]LogTemp: Display: [ImmerseStress] REMOTE_HOLD_v1: waiting for go.flag (../../../../../../Users/kapil/OneDrive/Documents/Unreal Projects/testTP/Saved/ImmerseStress/go.flag) retry=80
[2026-05-13T05:14:10.3167574-07:00] [pid=10072] <<<_____ ImmerseAudioRenderer _____>>> 
[2026-05-13T05:14:10.3167574-07:00] [pid=10072] WwiseFxNullParams::SetParam()
[2026-05-13T05:14:10.3167574-07:00] [pid=10072] 
[2026-05-13T05:14:10.3167574-07:00] [pid=10072] <<<_____ ImmerseAudioRenderer _____>>> 
[2026-05-13T05:14:10.3167574-07:00] [pid=10072] WwiseFxNullParams::ApplyParam()
[2026-05-13T05:14:10.3167574-07:00] [pid=10072] 
[2026-05-13T05:14:10.3167574-07:00] [pid=10072] <<<_____ ImmerseAudioRenderer _____>>> 
[2026-05-13T05:14:10.3167574-07:00] [pid=10072] WwiseFxNullParams::SetParam()
[2026-05-13T05:14:10.3167574-07:00] [pid=10072] 
[2026-05-13T05:14:10.3177617-07:00] [pid=10072] <<<_____ ImmerseAudioRenderer _____>>> 
[2026-05-13T05:14:10.3177617-07:00] [pid=10072] WwiseFxNullParams::ApplyParam()
[2026-05-13T05:14:10.3177617-07:00] [pid=10072] 
[2026-05-13T05:14:10.3202661-07:00] [pid=10072] [EmbodyLOG] May_13_2026 05:14:10.320 line: 767. ___IMMERSEENGINE___ Immerse_SetTuning inAudioProcessorId:2 inHrirTuning:5 inSpeakerPlacement:0 
[2026-05-13T05:14:10.3212704-07:00] [pid=10072] [EmbodyLOG] May_13_2026 05:14:10.321 line: 392. DecryptMultiSofaData() - v2 index out of range: 5 (numEntries=4). 
[2026-05-13T05:14:12.3471349-07:00] [pid=10072] <<<_____ ImmerseAudioRenderer _____>>> 
[2026-05-13T05:14:12.3471349-07:00] [pid=10072] WwiseFxNullParams::SetParam()
[2026-05-13T05:14:12.3471349-07:00] [pid=10072] 
[2026-05-13T05:14:12.3471349-07:00] [pid=10072] <<<_____ ImmerseAudioRenderer _____>>> 
[2026-05-13T05:14:12.3471349-07:00] [pid=10072] WwiseFxNullParams::ApplyParam()
[2026-05-13T05:14:12.3471349-07:00] [pid=10072] 
[2026-05-13T05:14:12.3471349-07:00] [pid=10072] <<<_____ ImmerseAudioRenderer _____>>> 
[2026-05-13T05:14:12.3471349-07:00] [pid=10072] WwiseFxNullParams::SetParam()
[2026-05-13T05:14:12.3471349-07:00] [pid=10072] 
[2026-05-13T05:14:12.3471349-07:00] [pid=10072] <<<_____ ImmerseAudioRenderer _____>>> 
[2026-05-13T05:14:12.3471349-07:00] [pid=10072] WwiseFxNullParams::ApplyParam()
[2026-05-13T05:14:12.3481426-07:00] [pid=10072] 
[2026-05-13T05:14:12.3506536-07:00] [pid=10072] [EmbodyLOG] May_13_2026 05:14:12.351 line: 767. ___IMMERSEENGINE___ Immerse_SetTuning inAudioProcessorId:2 inHrirTuning:6 inSpeakerPlacement:0 
[2026-05-13T05:14:12.3516533-07:00] [pid=10072] [EmbodyLOG] May_13_2026 05:14:12.351 line: 392. DecryptMultiSofaData() - v2 index out of range: 6 (numEntries=4). 
[2026-05-13T05:14:14.3677008-07:00] [pid=10072] <<<_____ ImmerseAudioRenderer _____>>> 
[2026-05-13T05:14:14.3677008-07:00] [pid=10072] WwiseFxNullParams::SetParam()
[2026-05-13T05:14:14.3677008-07:00] [pid=10072] 
[2026-05-13T05:14:14.3677008-07:00] [pid=10072] <<<_____ ImmerseAudioRenderer _____>>> 
[2026-05-13T05:14:14.3677008-07:00] [pid=10072] WwiseFxNullParams::ApplyParam()
[2026-05-13T05:14:14.3677008-07:00] [pid=10072] 
[2026-05-13T05:14:14.3677008-07:00] [pid=10072] <<<_____ ImmerseAudioRenderer _____>>> 
[2026-05-13T05:14:14.3677008-07:00] [pid=10072] WwiseFxNullParams::SetParam()
[2026-05-13T05:14:14.3687010-07:00] [pid=10072] 
[2026-05-13T05:14:14.3687010-07:00] [pid=10072] <<<_____ ImmerseAudioRenderer _____>>> 
[2026-05-13T05:14:14.3687010-07:00] [pid=10072] WwiseFxNullParams::ApplyParam()
[2026-05-13T05:14:14.3687010-07:00] [pid=10072] 
[2026-05-13T05:14:14.3802406-07:00] [pid=10072] [EmbodyLOG] May_13_2026 05:14:14.381 line: 767. ___IMMERSEENGINE___ Immerse_SetTuning inAudioProcessorId:2 inHrirTuning:7 inSpeakerPlacement:0 
[2026-05-13T05:14:14.3812509-07:00] [pid=10072] [EmbodyLOG] May_13_2026 05:14:14.381 line: 392. DecryptMultiSofaData() - v2 index out of range: 7 (numEntries=4). 
[2026-05-13T05:14:15.3945009-07:00] [pid=24380] [2026.05.13-12.14.15:394][141]LogRunningAppService: Display: New foreground process [10072] C:/Program Files/Epic Games/UE_4.27/Engine/Binaries/Win64/UE4Editor.exe for app C:/Program Files/Epic Games/UE_4.27/
[2026-05-13T05:14:15.3945009-07:00] [pid=24380] [2026.05.13-12.14.15:394][141]LogRunningAppService: Display: New foreground process [3804] C:/Program Files/Epic Games/UE_4.27/Engine/Binaries/Win64/CrashReportClientEditor.exe for app C:/Program Files/Epic Games/UE_4.27/
[2026-05-13T05:14:15.3945009-07:00] [pid=24380] [2026.05.13-12.14.15:394][141]LogRunningAppService: Display: New foreground app C:/Program Files/Epic Games/UE_4.27/
[2026-05-13T05:14:15.3955008-07:00] [pid=24380] [2026.05.13-12.14.15:394][141]LogRunningAppPresenceHandler: Display: Setting override presence for C:/Program Files/Epic Games/UE_4.27/ (PresenceId=ue)
[2026-05-13T05:14:16.3788864-07:00] [pid=10072] <<<_____ ImmerseAudioRenderer _____>>> 
[2026-05-13T05:14:16.3788864-07:00] [pid=10072] WwiseFxNullParams::SetParam()
[2026-05-13T05:14:16.3788864-07:00] [pid=10072] 
[2026-05-13T05:14:16.3788864-07:00] [pid=10072] <<<_____ ImmerseAudioRenderer _____>>> 
[2026-05-13T05:14:16.3788864-07:00] [pid=10072] WwiseFxNullParams::ApplyParam()
[2026-05-13T05:14:16.3788864-07:00] [pid=10072] 
[2026-05-13T05:14:16.3788864-07:00] [pid=10072] <<<_____ ImmerseAudioRenderer _____>>> 
[2026-05-13T05:14:16.3788864-07:00] [pid=10072] WwiseFxNullParams::SetParam()
[2026-05-13T05:14:16.3788864-07:00] [pid=10072] 
[2026-05-13T05:14:16.3788864-07:00] [pid=10072] <<<_____ ImmerseAudioRenderer _____>>> 
[2026-05-13T05:14:16.3788864-07:00] [pid=10072] WwiseFxNullParams::ApplyParam()
[2026-05-13T05:14:16.3788864-07:00] [pid=10072] 
[2026-05-13T05:14:16.3803918-07:00] [pid=10072] [EmbodyLOG] May_13_2026 05:14:16.380 line: 767. ___IMMERSEENGINE___ Immerse_SetTuning inAudioProcessorId:2 inHrirTuning:8 inSpeakerPlacement:0 
[2026-05-13T05:14:16.3813982-07:00] [pid=10072] [EmbodyLOG] May_13_2026 05:14:16.381 line: 392. DecryptMultiSofaData() - v2 index out of range: 8 (numEntries=4). 
[2026-05-13T05:14:18.4071364-07:00] [pid=10072] <<<_____ ImmerseAudioRenderer _____>>> 
[2026-05-13T05:14:18.4071364-07:00] [pid=10072] WwiseFxNullParams::SetParam()
[2026-05-13T05:14:18.4071364-07:00] [pid=10072] 
[2026-05-13T05:14:18.4071364-07:00] [pid=10072] <<<_____ ImmerseAudioRenderer _____>>> 
[2026-05-13T05:14:18.4071364-07:00] [pid=10072] WwiseFxNullParams::ApplyParam()
[2026-05-13T05:14:18.4071364-07:00] [pid=10072] 
[2026-05-13T05:14:18.4071364-07:00] [pid=10072] <<<_____ ImmerseAudioRenderer _____>>> 
[2026-05-13T05:14:18.4071364-07:00] [pid=10072] WwiseFxNullParams::SetParam()
[2026-05-13T05:14:18.4081431-07:00] [pid=10072] 
[2026-05-13T05:14:18.4081431-07:00] [pid=10072] <<<_____ ImmerseAudioRenderer _____>>> 
[2026-05-13T05:14:18.4081431-07:00] [pid=10072] WwiseFxNullParams::ApplyParam()
[2026-05-13T05:14:18.4081431-07:00] [pid=10072] 
[2026-05-13T05:14:18.4106547-07:00] [pid=10072] [EmbodyLOG] May_13_2026 05:14:18.411 line: 767. ___IMMERSEENGINE___ Immerse_SetTuning inAudioProcessorId:2 inHrirTuning:9 inSpeakerPlacement:0 
[2026-05-13T05:14:18.4116555-07:00] [pid=10072] [EmbodyLOG] May_13_2026 05:14:18.411 line: 392. DecryptMultiSofaData() - v2 index out of range: 9 (numEntries=4). 
[2026-05-13T05:14:20.2854645-07:00] [pid=10072] [2026.05.13-12.14.20:285][843]LogTemp: Display: [ImmerseStress] REMOTE_HOLD_v1: waiting for go.flag (../../../../../../Users/kapil/OneDrive/Documents/Unreal Projects/testTP/Saved/ImmerseStress/go.flag) retry=100
[2026-05-13T05:14:20.4278918-07:00] [pid=10072] <<<_____ ImmerseAudioRenderer _____>>> 
[2026-05-13T05:14:20.4278918-07:00] [pid=10072] WwiseFxNullParams::SetParam()
[2026-05-13T05:14:20.4278918-07:00] [pid=10072] 
[2026-05-13T05:14:20.4278918-07:00] [pid=10072] <<<_____ ImmerseAudioRenderer _____>>> 
[2026-05-13T05:14:20.4278918-07:00] [pid=10072] WwiseFxNullParams::ApplyParam()
[2026-05-13T05:14:20.4293970-07:00] [pid=10072] 
[2026-05-13T05:14:20.4293970-07:00] [pid=10072] <<<_____ ImmerseAudioRenderer _____>>> 
[2026-05-13T05:14:20.4293970-07:00] [pid=10072] WwiseFxNullParams::SetParam()
[2026-05-13T05:14:20.4293970-07:00] [pid=10072] 
[2026-05-13T05:14:20.4293970-07:00] [pid=10072] <<<_____ ImmerseAudioRenderer _____>>> 
[2026-05-13T05:14:20.4293970-07:00] [pid=10072] WwiseFxNullParams::ApplyParam()
[2026-05-13T05:14:20.4293970-07:00] [pid=10072] 
[2026-05-13T05:14:20.4309450-07:00] [pid=10072] [EmbodyLOG] May_13_2026 05:14:20.431 line: 767. ___IMMERSEENGINE___ Immerse_SetTuning inAudioProcessorId:2 inHrirTuning:10 inSpeakerPlacement:0 
[2026-05-13T05:14:20.4309450-07:00] [pid=10072] [EmbodyLOG] May_13_2026 05:14:20.431 line: 392. DecryptMultiSofaData() - v2 index out of range: 10 (numEntries=4). 
[2026-05-13T05:14:22.4577246-07:00] [pid=10072] <<<_____ ImmerseAudioRenderer _____>>> 
[2026-05-13T05:14:22.4587229-07:00] [pid=10072] WwiseFxNullParams::SetParam()
[2026-05-13T05:14:22.4587229-07:00] [pid=10072] 
[2026-05-13T05:14:22.4587229-07:00] [pid=10072] <<<_____ ImmerseAudioRenderer _____>>> 
[2026-05-13T05:14:22.4587229-07:00] [pid=10072] WwiseFxNullParams::ApplyParam()
[2026-05-13T05:14:22.4587229-07:00] [pid=10072] 
[2026-05-13T05:14:22.4587229-07:00] [pid=10072] <<<_____ ImmerseAudioRenderer _____>>> 
[2026-05-13T05:14:22.4587229-07:00] [pid=10072] WwiseFxNullParams::SetParam()
[2026-05-13T05:14:22.4587229-07:00] [pid=10072] 
[2026-05-13T05:14:22.4587229-07:00] [pid=10072] <<<_____ ImmerseAudioRenderer _____>>> 
[2026-05-13T05:14:22.4587229-07:00] [pid=10072] WwiseFxNullParams::ApplyParam()
[2026-05-13T05:14:22.4587229-07:00] [pid=10072] 
[2026-05-13T05:14:22.4602297-07:00] [pid=10072] [EmbodyLOG] May_13_2026 05:14:22.461 line: 767. ___IMMERSEENGINE___ Immerse_SetTuning inAudioProcessorId:2 inHrirTuning:11 inSpeakerPlacement:0 
[2026-05-13T05:14:22.4612353-07:00] [pid=10072] [EmbodyLOG] May_13_2026 05:14:22.461 line: 392. DecryptMultiSofaData() - v2 index out of range: 11 (numEntries=4). 
[2026-05-13T05:14:24.4880093-07:00] [pid=10072] <<<_____ ImmerseAudioRenderer _____>>> 
[2026-05-13T05:14:24.4880093-07:00] [pid=10072] WwiseFxNullParams::SetParam()
[2026-05-13T05:14:24.4880093-07:00] [pid=10072] 
[2026-05-13T05:14:24.4880093-07:00] [pid=10072] <<<_____ ImmerseAudioRenderer _____>>> 
[2026-05-13T05:14:24.4880093-07:00] [pid=10072] WwiseFxNullParams::ApplyParam()
[2026-05-13T05:14:24.4890089-07:00] [pid=10072] 
[2026-05-13T05:14:24.4890089-07:00] [pid=10072] <<<_____ ImmerseAudioRenderer _____>>> 
[2026-05-13T05:14:24.4890089-07:00] [pid=10072] WwiseFxNullParams::SetParam()
[2026-05-13T05:14:24.4890089-07:00] [pid=10072] 
[2026-05-13T05:14:24.4890089-07:00] [pid=10072] <<<_____ ImmerseAudioRenderer _____>>> 
[2026-05-13T05:14:24.4890089-07:00] [pid=10072] WwiseFxNullParams::ApplyParam()
[2026-05-13T05:14:24.4890089-07:00] [pid=10072] 
[2026-05-13T05:14:24.4905134-07:00] [pid=10072] [EmbodyLOG] May_13_2026 05:14:24.491 line: 767. ___IMMERSEENGINE___ Immerse_SetTuning inAudioProcessorId:2 inHrirTuning:12 inSpeakerPlacement:0 
[2026-05-13T05:14:24.4915196-07:00] [pid=10072] [EmbodyLOG] May_13_2026 05:14:24.491 line: 392. DecryptMultiSofaData() - v2 index out of range: 12 (numEntries=4). 
[2026-05-13T05:14:26.5078619-07:00] [pid=10072] <<<_____ ImmerseAudioRenderer _____>>> 
[2026-05-13T05:14:26.5078619-07:00] [pid=10072] WwiseFxNullParams::SetParam()
[2026-05-13T05:14:26.5078619-07:00] [pid=10072] 
[2026-05-13T05:14:26.5088626-07:00] [pid=10072] <<<_____ ImmerseAudioRenderer _____>>> 
[2026-05-13T05:14:26.5088626-07:00] [pid=10072] WwiseFxNullParams::ApplyParam()
[2026-05-13T05:14:26.5088626-07:00] [pid=10072] 
[2026-05-13T05:14:26.5088626-07:00] [pid=10072] <<<_____ ImmerseAudioRenderer _____>>> 
[2026-05-13T05:14:26.5088626-07:00] [pid=10072] WwiseFxNullParams::SetParam()
[2026-05-13T05:14:26.5088626-07:00] [pid=10072] 
[2026-05-13T05:14:26.5088626-07:00] [pid=10072] <<<_____ ImmerseAudioRenderer _____>>> 
[2026-05-13T05:14:26.5088626-07:00] [pid=10072] WwiseFxNullParams::ApplyParam()
[2026-05-13T05:14:26.5088626-07:00] [pid=10072] 
[2026-05-13T05:14:26.5103789-07:00] [pid=10072] [EmbodyLOG] May_13_2026 05:14:26.510 line: 767. ___IMMERSEENGINE___ Immerse_SetTuning inAudioProcessorId:2 inHrirTuning:13 inSpeakerPlacement:0 
[2026-05-13T05:14:26.5113846-07:00] [pid=10072] [EmbodyLOG] May_13_2026 05:14:26.511 line: 392. DecryptMultiSofaData() - v2 index out of range: 13 (numEntries=4). 
[2026-05-13T05:14:28.5370696-07:00] [pid=10072] <<<_____ ImmerseAudioRenderer _____>>> 
[2026-05-13T05:14:28.5370696-07:00] [pid=10072] WwiseFxNullParams::SetParam()
[2026-05-13T05:14:28.5370696-07:00] [pid=10072] 
[2026-05-13T05:14:28.5370696-07:00] [pid=10072] <<<_____ ImmerseAudioRenderer _____>>> 
[2026-05-13T05:14:28.5370696-07:00] [pid=10072] WwiseFxNullParams::ApplyParam()
[2026-05-13T05:14:28.5370696-07:00] [pid=10072] 
[2026-05-13T05:14:28.5370696-07:00] [pid=10072] <<<_____ ImmerseAudioRenderer _____>>> 
[2026-05-13T05:14:28.5370696-07:00] [pid=10072] WwiseFxNullParams::SetParam()
[2026-05-13T05:14:28.5370696-07:00] [pid=10072] 
[2026-05-13T05:14:28.5370696-07:00] [pid=10072] <<<_____ ImmerseAudioRenderer _____>>> 
[2026-05-13T05:14:28.5370696-07:00] [pid=10072] WwiseFxNullParams::ApplyParam()
[2026-05-13T05:14:28.5370696-07:00] [pid=10072] 
[2026-05-13T05:14:28.5405803-07:00] [pid=10072] [EmbodyLOG] May_13_2026 05:14:28.540 line: 767. ___IMMERSEENGINE___ Immerse_SetTuning inAudioProcessorId:2 inHrirTuning:14 inSpeakerPlacement:0 
[2026-05-13T05:14:28.5415847-07:00] [pid=10072] [EmbodyLOG] May_13_2026 05:14:28.541 line: 392. DecryptMultiSofaData() - v2 index out of range: 14 (numEntries=4). 
[2026-05-13T05:14:30.3033863-07:00] [pid=10072] [2026.05.13-12.14.30:303][670]LogTemp: Display: [ImmerseStress] REMOTE_HOLD_v1: waiting for go.flag (../../../../../../Users/kapil/OneDrive/Documents/Unreal Projects/testTP/Saved/ImmerseStress/go.flag) retry=120
[2026-05-13T05:14:30.5671232-07:00] [pid=10072] <<<_____ ImmerseAudioRenderer _____>>> 
[2026-05-13T05:14:30.5681372-07:00] [pid=10072] WwiseFxNullParams::SetParam()
[2026-05-13T05:14:30.5681372-07:00] [pid=10072] 
[2026-05-13T05:14:30.5681372-07:00] [pid=10072] <<<_____ ImmerseAudioRenderer _____>>> 
[2026-05-13T05:14:30.5681372-07:00] [pid=10072] WwiseFxNullParams::ApplyParam()
[2026-05-13T05:14:30.5681372-07:00] [pid=10072] 
[2026-05-13T05:14:30.5681372-07:00] [pid=10072] <<<_____ ImmerseAudioRenderer _____>>> 
[2026-05-13T05:14:30.5681372-07:00] [pid=10072] WwiseFxNullParams::SetParam()
[2026-05-13T05:14:30.5681372-07:00] [pid=10072] 
[2026-05-13T05:14:30.5681372-07:00] [pid=10072] <<<_____ ImmerseAudioRenderer _____>>> 
[2026-05-13T05:14:30.5681372-07:00] [pid=10072] WwiseFxNullParams::ApplyParam()
[2026-05-13T05:14:30.5681372-07:00] [pid=10072] 
[2026-05-13T05:14:30.5706417-07:00] [pid=10072] [EmbodyLOG] May_13_2026 05:14:30.571 line: 767. ___IMMERSEENGINE___ Immerse_SetTuning inAudioProcessorId:2 inHrirTuning:15 inSpeakerPlacement:0 
[2026-05-13T05:14:30.5716515-07:00] [pid=10072] [EmbodyLOG] May_13_2026 05:14:30.571 line: 392. DecryptMultiSofaData() - v2 index out of range: 15 (numEntries=4). 
[2026-05-13T05:14:32.6077207-07:00] [pid=10072] <<<_____ ImmerseAudioRenderer _____>>> 
[2026-05-13T05:14:32.6087220-07:00] [pid=10072] WwiseFxNullParams::SetParam()
[2026-05-13T05:14:32.6087220-07:00] [pid=10072] 
[2026-05-13T05:14:32.6087220-07:00] [pid=10072] <<<_____ ImmerseAudioRenderer _____>>> 
[2026-05-13T05:14:32.6087220-07:00] [pid=10072] WwiseFxNullParams::ApplyParam()
[2026-05-13T05:14:32.6087220-07:00] [pid=10072] 
[2026-05-13T05:14:32.6087220-07:00] [pid=10072] <<<_____ ImmerseAudioRenderer _____>>> 
[2026-05-13T05:14:32.6087220-07:00] [pid=10072] WwiseFxNullParams::SetParam()
[2026-05-13T05:14:32.6087220-07:00] [pid=10072] 
[2026-05-13T05:14:32.6087220-07:00] [pid=10072] <<<_____ ImmerseAudioRenderer _____>>> 
[2026-05-13T05:14:32.6087220-07:00] [pid=10072] WwiseFxNullParams::ApplyParam()
[2026-05-13T05:14:32.6087220-07:00] [pid=10072] 
[2026-05-13T05:14:32.6202842-07:00] [pid=10072] [EmbodyLOG] May_13_2026 05:14:32.621 line: 767. ___IMMERSEENGINE___ Immerse_SetTuning inAudioProcessorId:2 inHrirTuning:16 inSpeakerPlacement:0 
[2026-05-13T05:14:32.6212966-07:00] [pid=10072] [EmbodyLOG] May_13_2026 05:14:32.621 line: 392. DecryptMultiSofaData() - v2 index out of range: 16 (numEntries=4). 
[2026-05-13T05:14:34.6371378-07:00] [pid=10072] <<<_____ ImmerseAudioRenderer _____>>> 
[2026-05-13T05:14:34.6371378-07:00] [pid=10072] WwiseFxNullParams::SetParam()
[2026-05-13T05:14:34.6371378-07:00] [pid=10072] 
[2026-05-13T05:14:34.6371378-07:00] [pid=10072] <<<_____ ImmerseAudioRenderer _____>>> 
[2026-05-13T05:14:34.6371378-07:00] [pid=10072] WwiseFxNullParams::ApplyParam()
[2026-05-13T05:14:34.6371378-07:00] [pid=10072] 
[2026-05-13T05:14:34.6371378-07:00] [pid=10072] <<<_____ ImmerseAudioRenderer _____>>> 
[2026-05-13T05:14:34.6381513-07:00] [pid=10072] WwiseFxNullParams::SetParam()
[2026-05-13T05:14:34.6381513-07:00] [pid=10072] 
[2026-05-13T05:14:34.6381513-07:00] [pid=10072] <<<_____ ImmerseAudioRenderer _____>>> 
[2026-05-13T05:14:34.6381513-07:00] [pid=10072] WwiseFxNullParams::ApplyParam()
[2026-05-13T05:14:34.6381513-07:00] [pid=10072] 
[2026-05-13T05:14:34.6406665-07:00] [pid=10072] [EmbodyLOG] May_13_2026 05:14:34.641 line: 767. ___IMMERSEENGINE___ Immerse_SetTuning inAudioProcessorId:2 inHrirTuning:17 inSpeakerPlacement:0 
[2026-05-13T05:14:34.6416694-07:00] [pid=10072] [EmbodyLOG] May_13_2026 05:14:34.641 line: 392. DecryptMultiSofaData() - v2 index out of range: 17 (numEntries=4). 
[2026-05-13T05:14:36.6482206-07:00] [pid=10072] <<<_____ ImmerseAudioRenderer _____>>> 
[2026-05-13T05:14:36.6482206-07:00] [pid=10072] WwiseFxNullParams::SetParam()
[2026-05-13T05:14:36.6482206-07:00] [pid=10072] 
[2026-05-13T05:14:36.6482206-07:00] [pid=10072] <<<_____ ImmerseAudioRenderer _____>>> 
[2026-05-13T05:14:36.6482206-07:00] [pid=10072] WwiseFxNullParams::ApplyParam()
[2026-05-13T05:14:36.6482206-07:00] [pid=10072] 
[2026-05-13T05:14:36.6482206-07:00] [pid=10072] <<<_____ ImmerseAudioRenderer _____>>> 
[2026-05-13T05:14:36.6482206-07:00] [pid=10072] WwiseFxNullParams::SetParam()
[2026-05-13T05:14:36.6482206-07:00] [pid=10072] 
[2026-05-13T05:14:36.6482206-07:00] [pid=10072] <<<_____ ImmerseAudioRenderer _____>>> 
[2026-05-13T05:14:36.6482206-07:00] [pid=10072] WwiseFxNullParams::ApplyParam()
[2026-05-13T05:14:36.6482206-07:00] [pid=10072] 
[2026-05-13T05:14:36.6507365-07:00] [pid=10072] [EmbodyLOG] May_13_2026 05:14:36.651 line: 767. ___IMMERSEENGINE___ Immerse_SetTuning inAudioProcessorId:2 inHrirTuning:18 inSpeakerPlacement:0 
[2026-05-13T05:14:36.6517394-07:00] [pid=10072] [EmbodyLOG] May_13_2026 05:14:36.651 line: 392. DecryptMultiSofaData() - v2 index out of range: 18 (numEntries=4). 
[2026-05-13T05:14:38.6878759-07:00] [pid=10072] <<<_____ ImmerseAudioRenderer _____>>> 
[2026-05-13T05:14:38.6878759-07:00] [pid=10072] WwiseFxNullParams::SetParam()
[2026-05-13T05:14:38.6878759-07:00] [pid=10072] 
[2026-05-13T05:14:38.6878759-07:00] [pid=10072] <<<_____ ImmerseAudioRenderer _____>>> 
[2026-05-13T05:14:38.6878759-07:00] [pid=10072] WwiseFxNullParams::ApplyParam()
[2026-05-13T05:14:38.6888775-07:00] [pid=10072] 
[2026-05-13T05:14:38.6888775-07:00] [pid=10072] <<<_____ ImmerseAudioRenderer _____>>> 
[2026-05-13T05:14:38.6888775-07:00] [pid=10072] WwiseFxNullParams::SetParam()
[2026-05-13T05:14:38.6888775-07:00] [pid=10072] 
[2026-05-13T05:14:38.6888775-07:00] [pid=10072] <<<_____ ImmerseAudioRenderer _____>>> 
[2026-05-13T05:14:38.6888775-07:00] [pid=10072] WwiseFxNullParams::ApplyParam()
[2026-05-13T05:14:38.6888775-07:00] [pid=10072] 
[2026-05-13T05:14:38.7004280-07:00] [pid=10072] [EmbodyLOG] May_13_2026 05:14:38.701 line: 767. ___IMMERSEENGINE___ Immerse_SetTuning inAudioProcessorId:2 inHrirTuning:19 inSpeakerPlacement:0 
[2026-05-13T05:14:38.7014373-07:00] [pid=10072] [EmbodyLOG] May_13_2026 05:14:38.701 line: 392. DecryptMultiSofaData() - v2 index out of range: 19 (numEntries=4). 
[2026-05-13T05:14:40.3270139-07:00] [pid=10072] [2026.05.13-12.14.40:327][480]LogTemp: Display: [ImmerseStress] REMOTE_HOLD_v1: waiting for go.flag (../../../../../../Users/kapil/OneDrive/Documents/Unreal Projects/testTP/Saved/ImmerseStress/go.flag) retry=140
[2026-05-13T05:14:41.7390490-07:00] [pid=10072] <<<_____ ImmerseAudioRenderer _____>>> 
[2026-05-13T05:14:41.7390490-07:00] [pid=10072] WwiseFxNullParams::SetParam()
[2026-05-13T05:14:41.7390490-07:00] [pid=10072] 
[2026-05-13T05:14:41.7400499-07:00] [pid=10072] <<<_____ ImmerseAudioRenderer _____>>> 
[2026-05-13T05:14:41.7400499-07:00] [pid=10072] WwiseFxNullParams::ApplyParam()
[2026-05-13T05:14:41.7400499-07:00] [pid=10072] 
[2026-05-13T05:14:41.7400499-07:00] [pid=10072] <<<_____ ImmerseAudioRenderer _____>>> 
[2026-05-13T05:14:41.7400499-07:00] [pid=10072] [EmbodyLOG] May_13_2026 05:14:41.740 line: 759. ___IMMERSEENGINE___ Immerse_SetSpeakerPlacement inSpeakerPlacement:2 
[2026-05-13T05:14:41.7405569-07:00] [pid=10072] WwiseFxNullParams::SetParam()
[2026-05-13T05:14:41.7405569-07:00] [pid=10072] 
[2026-05-13T05:14:41.7405569-07:00] [pid=10072] <<<_____ ImmerseAudioRenderer _____>>> 
[2026-05-13T05:14:41.7405569-07:00] [pid=10072] WwiseFxNullParams::ApplyParam()
[2026-05-13T05:14:41.7405569-07:00] [pid=10072] 
[2026-05-13T05:14:41.7405569-07:00] [pid=10072] [EmbodyLOG] May_13_2026 05:14:41.741 line: 416. DecryptMultiSofaData() - v2 numSections=3 hrtfFlags=1 hrtfSectionOffset=971 hrtfSectionSize=1758624 numEntries=4 dataOffset=1319956 dataLength=439639 bmapSize=518 fovdSize=361 
[2026-05-13T05:14:41.7942809-07:00] [pid=10072] [EmbodyLOG] May_13_2026 05:14:41.794 line: 447. DecryptMultiSofaData() - decrypt result: Success 
[2026-05-13T05:14:41.7942809-07:00] [pid=10072] [EmbodyLOG] May_13_2026 05:14:41.795 line: 533. AssetManager - BMAP data (518 bytes): {"buses":[{"label":"Extraction","tunings":[{"id":"extraction_tuning_1","label":"Extraction Tuning 1","hrtf_index":0}],"id":"extraction"},{"label":"Warfare","tunings":[{"id":"warfare_tuning_1","label":"Warfare Tuning 1","hrtf_index":1}],"id":"warfare"},{"label":"Campaign","tunings":[{"id":"campaign_tuning_1","label":"Campaign Tuning 1","hrtf_index":2}],"id":"campaign"},{"label":"Voice Chat","tunings":[{"id":"voice_chat_tuning_1","label":"Voice Chat Tuning 1","hrtf_index":3}],"id":"voice_chat"}],"schema_version":1} 
[2026-05-13T05:14:41.7952812-07:00] [pid=10072] [EmbodyLOG] May_13_2026 05:14:41.795 line: 537. AssetManager - FOVD data (361 bytes): {"schema_version":1,"fov_groups":["l/r"],"fov_presets":[{"studio_speaker_angles_idx":[0,1,6,7,8,9,10,11,12,13,14,15,16,17,18],"label":"Narrow","id":"narrow"},{"studio_speaker_angles_idx":[2,3,6,7,8,9,10,11,12,13,14,15,16,17,18],"label":"Default","id":"default"},{"studio_speaker_angles_idx":[4,5,6,7,8,9,10,11,12,13,14,15,16,17,18],"label":"Wide","id":"wide"}]} 
[2026-05-13T05:14:41.8013225-07:00] [pid=10072] [EmbodyLOG] May_13_2026 05:14:41.801 line: 376. AudioConfig::GetSHIndices() - invalid channelConfig: 6 
[2026-05-13T05:14:41.8469640-07:00] [pid=10072] [EmbodyLOG] May_13_2026 05:14:41.847 line: 281. AudioConfig::InitializeDecoders: Successfully created shared ambisonic decoder kernel 
[2026-05-13T05:14:41.9882591-07:00] [pid=10072] [2026.05.13-12.14.41:988][280]LogAkAudio: Error: Voice Starvation
[2026-05-13T05:14:42.2931784-07:00] [pid=10072] [2026.05.13-12.14.42:293][425]LogAkAudio: Error: Voice Starvation
[2026-05-13T05:14:43.7688873-07:00] [pid=10072] <<<_____ ImmerseAudioRenderer _____>>> 
[2026-05-13T05:14:43.7698880-07:00] [pid=10072] WwiseFxNullParams::SetParam()
[2026-05-13T05:14:43.7698880-07:00] [pid=10072] 
[2026-05-13T05:14:43.7698880-07:00] [pid=10072] <<<_____ ImmerseAudioRenderer _____>>> 
[2026-05-13T05:14:43.7698880-07:00] [pid=10072] WwiseFxNullParams::ApplyParam()
[2026-05-13T05:14:43.7698880-07:00] [pid=10072] 
[2026-05-13T05:14:43.7698880-07:00] [pid=10072] <<<_____ ImmerseAudioRenderer _____>>> 
[2026-05-13T05:14:43.7698880-07:00] [pid=10072] [EmbodyLOG] May_13_2026 05:14:43.770 line: 759. ___IMMERSEENGINE___ Immerse_SetSpeakerPlacement inSpeakerPlacement:3 
[2026-05-13T05:14:43.7703922-07:00] [pid=10072] WwiseFxNullParams::SetParam()
[2026-05-13T05:14:43.7703922-07:00] [pid=10072] 
[2026-05-13T05:14:43.7703922-07:00] [pid=10072] <<<_____ ImmerseAudioRenderer _____>>> 
[2026-05-13T05:14:43.7703922-07:00] [pid=10072] WwiseFxNullParams::ApplyParam()
[2026-05-13T05:14:43.7703922-07:00] [pid=10072] 
[2026-05-13T05:14:43.7703922-07:00] [pid=10072] [EmbodyLOG] May_13_2026 05:14:43.770 line: 416. DecryptMultiSofaData() - v2 numSections=3 hrtfFlags=1 hrtfSectionOffset=971 hrtfSectionSize=1758624 numEntries=4 dataOffset=1319956 dataLength=439639 bmapSize=518 fovdSize=361 
[2026-05-13T05:14:43.8246253-07:00] [pid=10072] [EmbodyLOG] May_13_2026 05:14:43.824 line: 447. DecryptMultiSofaData() - decrypt result: Success 
[2026-05-13T05:14:43.8256265-07:00] [pid=10072] [EmbodyLOG] May_13_2026 05:14:43.825 line: 533. AssetManager - BMAP data (518 bytes): {"buses":[{"label":"Extraction","tunings":[{"id":"extraction_tuning_1","label":"Extraction Tuning 1","hrtf_index":0}],"id":"extraction"},{"label":"Warfare","tunings":[{"id":"warfare_tuning_1","label":"Warfare Tuning 1","hrtf_index":1}],"id":"warfare"},{"label":"Campaign","tunings":[{"id":"campaign_tuning_1","label":"Campaign Tuning 1","hrtf_index":2}],"id":"campaign"},{"label":"Voice Chat","tunings":[{"id":"voice_chat_tuning_1","label":"Voice Chat Tuning 1","hrtf_index":3}],"id":"voice_chat"}],"schema_version":1} 
[2026-05-13T05:14:43.8256265-07:00] [pid=10072] [EmbodyLOG] May_13_2026 05:14:43.826 line: 537. AssetManager - FOVD data (361 bytes): {"schema_version":1,"fov_groups":["l/r"],"fov_presets":[{"studio_speaker_angles_idx":[0,1,6,7,8,9,10,11,12,13,14,15,16,17,18],"label":"Narrow","id":"narrow"},{"studio_speaker_angles_idx":[2,3,6,7,8,9,10,11,12,13,14,15,16,17,18],"label":"Default","id":"default"},{"studio_speaker_angles_idx":[4,5,6,7,8,9,10,11,12,13,14,15,16,17,18],"label":"Wide","id":"wide"}]} 
[2026-05-13T05:14:43.8316563-07:00] [pid=10072] [EmbodyLOG] May_13_2026 05:14:43.832 line: 376. AudioConfig::GetSHIndices() - invalid channelConfig: 6 
[2026-05-13T05:14:43.8797846-07:00] [pid=10072] [EmbodyLOG] May_13_2026 05:14:43.879 line: 281. AudioConfig::InitializeDecoders: Successfully created shared ambisonic decoder kernel 
[2026-05-13T05:14:44.0414867-07:00] [pid=10072] [2026.05.13-12.14.44:040][260]LogAkAudio: Error: Voice Starvation
[2026-05-13T05:14:44.3367666-07:00] [pid=10072] [2026.05.13-12.14.44:336][403]LogAkAudio: Error: Voice Starvation
[2026-05-13T05:14:46.7978298-07:00] [pid=10072] <<<_____ ImmerseAudioRenderer _____>>> 
[2026-05-13T05:14:46.7978298-07:00] [pid=10072] WwiseFxNullParams::SetParam()
[2026-05-13T05:14:46.7978298-07:00] [pid=10072] 
[2026-05-13T05:14:46.7978298-07:00] [pid=10072] <<<_____ ImmerseAudioRenderer _____>>> 
[2026-05-13T05:14:46.7978298-07:00] [pid=10072] WwiseFxNullParams::ApplyParam()
[2026-05-13T05:14:46.7988312-07:00] [pid=10072] 
[2026-05-13T05:14:46.7988312-07:00] [pid=10072] <<<_____ ImmerseAudioRenderer _____>>> 
[2026-05-13T05:14:46.7988312-07:00] [pid=10072] WwiseFxNullParams::SetParam()
[2026-05-13T05:14:46.7988312-07:00] [pid=10072] 
[2026-05-13T05:14:46.7988312-07:00] [pid=10072] <<<_____ ImmerseAudioRenderer _____>>> 
[2026-05-13T05:14:46.7988312-07:00] [pid=10072] WwiseFxNullParams::ApplyParam()
[2026-05-13T05:14:46.7988312-07:00] [pid=10072] 
[2026-05-13T05:14:48.8154898-07:00] [pid=10072] <<<_____ ImmerseAudioRenderer _____>>> 
[2026-05-13T05:14:48.8154898-07:00] [pid=10072] WwiseFxNullParams::SetParam()
[2026-05-13T05:14:48.8154898-07:00] [pid=10072] 
[2026-05-13T05:14:48.8154898-07:00] [pid=10072] <<<_____ ImmerseAudioRenderer _____>>> 
[2026-05-13T05:14:48.8154898-07:00] [pid=10072] WwiseFxNullParams::ApplyParam()
[2026-05-13T05:14:48.8154898-07:00] [pid=10072] 
[2026-05-13T05:14:48.8154898-07:00] [pid=10072] <<<_____ ImmerseAudioRenderer _____>>> 
[2026-05-13T05:14:48.8154898-07:00] [pid=10072] WwiseFxNullParams::SetParam()
[2026-05-13T05:14:48.8154898-07:00] [pid=10072] 
[2026-05-13T05:14:48.8154898-07:00] [pid=10072] <<<_____ ImmerseAudioRenderer _____>>> 
[2026-05-13T05:14:48.8169970-07:00] [pid=10072] WwiseFxNullParams::ApplyParam()
[2026-05-13T05:14:48.8169970-07:00] [pid=10072] 
[2026-05-13T05:14:50.3490502-07:00] [pid=10072] [2026.05.13-12.14.50:349][290]LogTemp: Display: [ImmerseStress] REMOTE_HOLD_v1: waiting for go.flag (../../../../../../Users/kapil/OneDrive/Documents/Unreal Projects/testTP/Saved/ImmerseStress/go.flag) retry=160
[2026-05-13T05:14:50.8469417-07:00] [pid=10072] <<<_____ ImmerseAudioRenderer _____>>> 
[2026-05-13T05:14:50.8469417-07:00] [pid=10072] WwiseFxNullParams::SetParam()
[2026-05-13T05:14:50.8469417-07:00] [pid=10072] 
[2026-05-13T05:14:50.8469417-07:00] [pid=10072] <<<_____ ImmerseAudioRenderer _____>>> 
[2026-05-13T05:14:50.8469417-07:00] [pid=10072] WwiseFxNullParams::ApplyParam()
[2026-05-13T05:14:50.8469417-07:00] [pid=10072] 
[2026-05-13T05:14:50.8469417-07:00] [pid=10072] <<<_____ ImmerseAudioRenderer _____>>> 
[2026-05-13T05:14:50.8479513-07:00] [pid=10072] WwiseFxNullParams::SetParam()
[2026-05-13T05:14:50.8479513-07:00] [pid=10072] 
[2026-05-13T05:14:50.8479513-07:00] [pid=10072] <<<_____ ImmerseAudioRenderer _____>>> 
[2026-05-13T05:14:50.8479513-07:00] [pid=10072] WwiseFxNullParams::ApplyParam()
[2026-05-13T05:14:50.8479513-07:00] [pid=10072] 
[2026-05-13T05:14:53.0245448-07:00] [pid=988] <<<_____ ImmerseAudioRenderer _____>>> 
[2026-05-13T05:14:53.0245448-07:00] [pid=988] RegisterImmerseAudioRendererFX()
[2026-05-13T05:14:53.0245448-07:00] [pid=988] 
[2026-05-13T05:14:53.0255446-07:00] [pid=988] <<<_____ ImmerseAudioRenderer _____>>> 
[2026-05-13T05:14:53.0255446-07:00] [pid=988] CreateImmerseManager
[2026-05-13T05:14:53.0255446-07:00] [pid=988] 
[2026-05-13T05:14:53.0255446-07:00] [pid=988] <<<_____ ImmerseAudioRenderer _____>>> 
[2026-05-13T05:14:53.0255446-07:00] [pid=988] loadAndInitializeImmerseEngine
[2026-05-13T05:14:53.0255446-07:00] [pid=988] 
[2026-05-13T05:14:53.0355720-07:00] [pid=988] <<<_____ ImmerseAudioRenderer _____>>> 
[2026-05-13T05:14:53.0355720-07:00] [pid=988] CreateDestroyImmerseManager
[2026-05-13T05:14:53.0355720-07:00] [pid=988] 
[2026-05-13T05:14:53.0355720-07:00] [pid=988] <<<_____ ImmerseAudioRenderer _____>>> 
[2026-05-13T05:14:53.0355720-07:00] [pid=988] CreateImmerseManager
[2026-05-13T05:14:53.0355720-07:00] [pid=988] 
[2026-05-13T05:14:53.0581298-07:00] [pid=988] <<<_____ ImmerseAudioRenderer _____>>> 
[2026-05-13T05:14:53.0581298-07:00] [pid=988] CreateImmerseAudioRendererFXParams()
[2026-05-13T05:14:53.0591300-07:00] [pid=988] 
[2026-05-13T05:14:53.0591300-07:00] [pid=988] <<<_____ ImmerseAudioRenderer _____>>> 
[2026-05-13T05:14:53.0591300-07:00] [pid=988] WwiseFxNullParams::Init()
[2026-05-13T05:14:53.0591300-07:00] [pid=988] 
[2026-05-13T05:14:53.0591300-07:00] [pid=988] <<<_____ ImmerseAudioRenderer _____>>> 
[2026-05-13T05:14:53.0591300-07:00] [pid=988] WwiseFxNullParams::SetParam()
[2026-05-13T05:14:53.0591300-07:00] [pid=988] 
[2026-05-13T05:14:53.0591300-07:00] [pid=988] <<<_____ ImmerseAudioRenderer _____>>> 
[2026-05-13T05:14:53.0591300-07:00] [pid=988] WwiseFxNullParams::SetParam()
[2026-05-13T05:14:53.0591300-07:00] [pid=988] 
[2026-05-13T05:14:53.0601306-07:00] [pid=988] <<<_____ ImmerseAudioRenderer _____>>> 
[2026-05-13T05:14:53.0601306-07:00] [pid=988] WwiseFxNullParams::SetParam()
[2026-05-13T05:14:53.0601306-07:00] [pid=988] 
[2026-05-13T05:14:53.0601306-07:00] [pid=988] <<<_____ ImmerseAudioRenderer _____>>> 
[2026-05-13T05:14:53.0601306-07:00] [pid=988] WwiseFxNullParams::SetParam()
[2026-05-13T05:14:53.0601306-07:00] [pid=988] 
[2026-05-13T05:14:53.0601306-07:00] [pid=988] <<<_____ ImmerseAudioRenderer _____>>> 
[2026-05-13T05:14:53.0601306-07:00] [pid=988] WwiseFxNullParams::SetParam()
[2026-05-13T05:14:53.0601306-07:00] [pid=988] 
[2026-05-13T05:14:53.0606344-07:00] [pid=988] <<<_____ ImmerseAudioRenderer _____>>> 
[2026-05-13T05:14:53.0606344-07:00] [pid=988] WwiseFxNullParams::SetParam()
[2026-05-13T05:14:53.0606344-07:00] [pid=988] 
[2026-05-13T05:14:53.0606344-07:00] [pid=988] <<<_____ ImmerseAudioRenderer _____>>> 
[2026-05-13T05:14:53.0606344-07:00] [pid=988] WwiseFxNullParams::SetParam()
[2026-05-13T05:14:53.0606344-07:00] [pid=988] 
[2026-05-13T05:14:53.0606344-07:00] [pid=988] <<<_____ ImmerseAudioRenderer _____>>> 
[2026-05-13T05:14:53.0606344-07:00] [pid=988] WwiseFxNullParams::SetParam()
[2026-05-13T05:14:53.0606344-07:00] [pid=988] 
[2026-05-13T05:14:53.0606344-07:00] [pid=988] <<<_____ ImmerseAudioRenderer _____>>> 
[2026-05-13T05:14:53.0606344-07:00] [pid=988] WwiseFxNullParams::SetParam()
[2026-05-13T05:14:53.0606344-07:00] [pid=988] 
[2026-05-13T05:14:53.0606344-07:00] [pid=988] <<<_____ ImmerseAudioRenderer _____>>> 
[2026-05-13T05:14:53.0606344-07:00] [pid=988] WwiseFxNullParams::ApplyParam()
[2026-05-13T05:14:53.0616394-07:00] [pid=988] 
[2026-05-13T05:14:53.0616394-07:00] [pid=988] <<<_____ ImmerseAudioRenderer _____>>> 
[2026-05-13T05:14:53.0616394-07:00] [pid=988] WwiseFxNullParams::ApplyParam()
[2026-05-13T05:14:53.0616394-07:00] [pid=988] 
[2026-05-13T05:14:53.0616394-07:00] [pid=988] <<<_____ ImmerseAudioRenderer _____>>> 
[2026-05-13T05:14:53.0616394-07:00] [pid=988] WwiseFxNullParams::ApplyParam()
[2026-05-13T05:14:53.0616394-07:00] [pid=988] 
[2026-05-13T05:14:53.0616394-07:00] [pid=988] <<<_____ ImmerseAudioRenderer _____>>> 
[2026-05-13T05:14:53.0616394-07:00] [pid=988] WwiseFxNullParams::ApplyParam()
[2026-05-13T05:14:53.0616394-07:00] [pid=988] 
[2026-05-13T05:14:53.0616394-07:00] [pid=988] <<<_____ ImmerseAudioRenderer _____>>> 
[2026-05-13T05:14:53.0616394-07:00] [pid=988] WwiseFxNullParams::ApplyParam()
[2026-05-13T05:14:53.0616394-07:00] [pid=988] 
[2026-05-13T05:14:53.0616394-07:00] [pid=988] <<<_____ ImmerseAudioRenderer _____>>> 
[2026-05-13T05:14:53.0626441-07:00] [pid=988] WwiseFxNullParams::ApplyParam()
[2026-05-13T05:14:53.0626441-07:00] [pid=988] 
[2026-05-13T05:14:53.0626441-07:00] [pid=988] <<<_____ ImmerseAudioRenderer _____>>> 
[2026-05-13T05:14:53.0626441-07:00] [pid=988] WwiseFxNullParams::ApplyParam()
[2026-05-13T05:14:53.0626441-07:00] [pid=988] 
[2026-05-13T05:14:53.0626441-07:00] [pid=988] <<<_____ ImmerseAudioRenderer _____>>> 
[2026-05-13T05:14:53.0626441-07:00] [pid=988] WwiseFxNullParams::ApplyParam()
[2026-05-13T05:14:53.0626441-07:00] [pid=988] 
[2026-05-13T05:14:53.0636440-07:00] [pid=988] <<<_____ ImmerseAudioRenderer _____>>> 
[2026-05-13T05:14:53.0636440-07:00] [pid=988] WwiseFxNullParams::ApplyParam()
[2026-05-13T05:14:53.0636440-07:00] [pid=988] 
[2026-05-13T05:14:53.1253688-07:00] [pid=3804] [2026.05.13-12.14.53:125][  0]CrashReportClientDiagnosticLog: Editor/ExitCode:-1
[2026-05-13T05:14:53.1253688-07:00] [pid=3804] [2026.05.13-12.14.53:125][  0]CrashReportClientDiagnosticLog: MTBF/Start:2026.05.13-12.14.53
[2026-05-13T05:14:53.1268819-07:00] [pid=3804] [2026.05.13-12.14.53:126][  0]CrashReportClientDiagnosticLog: MTBF/LoadSession
[2026-05-13T05:14:53.1279040-07:00] [pid=3804] [2026.05.13-12.14.53:127][  0]CrashReportClientDiagnosticLog: MTBF/NoSessionFound
[2026-05-13T05:14:53.1590383-07:00] [pid=3804] [2026.05.13-12.14.53:158][  0]LogInit: Using libcurl 7.55.1-DEV
[2026-05-13T05:14:53.1590383-07:00] [pid=3804] [2026.05.13-12.14.53:159][  0]LogInit:  - built for x86_64-pc-win32
[2026-05-13T05:14:53.1590383-07:00] [pid=3804] [2026.05.13-12.14.53:159][  0]LogInit:  - supports SSL with OpenSSL/1.1.1
[2026-05-13T05:14:53.1590383-07:00] [pid=3804] [2026.05.13-12.14.53:159][  0]LogInit:  - supports HTTP deflate (compression) using libz 1.2.8
[2026-05-13T05:14:53.1590383-07:00] [pid=3804] [2026.05.13-12.14.53:159][  0]LogInit:  - other features:
[2026-05-13T05:14:53.1590383-07:00] [pid=3804] [2026.05.13-12.14.53:159][  0]LogInit:      CURL_VERSION_SSL
[2026-05-13T05:14:53.1590383-07:00] [pid=3804] [2026.05.13-12.14.53:159][  0]LogInit:      CURL_VERSION_LIBZ
[2026-05-13T05:14:53.1590383-07:00] [pid=3804] [2026.05.13-12.14.53:159][  0]LogInit:      CURL_VERSION_IPV6
[2026-05-13T05:14:53.1590383-07:00] [pid=3804] [2026.05.13-12.14.53:159][  0]LogInit:      CURL_VERSION_ASYNCHDNS
[2026-05-13T05:14:53.1590383-07:00] [pid=3804] [2026.05.13-12.14.53:159][  0]LogInit:      CURL_VERSION_LARGEFILE
[2026-05-13T05:14:53.1590383-07:00] [pid=3804] [2026.05.13-12.14.53:159][  0]LogInit:      CURL_VERSION_IDN
[2026-05-13T05:14:53.1600348-07:00] [pid=3804] [2026.05.13-12.14.53:159][  0]LogInit:  CurlRequestOptions (configurable via config and command line):
[2026-05-13T05:14:53.1600348-07:00] [pid=3804] [2026.05.13-12.14.53:159][  0]LogInit:  - bVerifyPeer = false  - Libcurl will NOT verify peer certificate
[2026-05-13T05:14:53.1600348-07:00] [pid=3804] [2026.05.13-12.14.53:160][  0]LogInit:  - bUseHttpProxy = false  - Libcurl will NOT use HTTP proxy
[2026-05-13T05:14:53.1600348-07:00] [pid=3804] [2026.05.13-12.14.53:160][  0]LogInit:  - bDontReuseConnections = false  - Libcurl will reuse connections
[2026-05-13T05:14:53.1600348-07:00] [pid=3804] [2026.05.13-12.14.53:160][  0]LogInit:  - MaxHostConnections = 16  - Libcurl will limit the number of connections to a host
[2026-05-13T05:14:53.1600348-07:00] [pid=3804] [2026.05.13-12.14.53:160][  0]LogInit:  - LocalHostAddr = Default
[2026-05-13T05:14:53.1600348-07:00] [pid=3804] [2026.05.13-12.14.53:160][  0]LogInit:  - BufferSize = 65536
[2026-05-13T05:14:53.1605455-07:00] [pid=3804] [2026.05.13-12.14.53:160][  0]LogAnalytics: Display: [CrashReporter.Release] APIServer = https://datarouter.ol.epicgames.com/. AppVersion = ++UE4+Release-4.27-CL-18319896
[2026-05-13T05:14:53.1615625-07:00] [pid=3804] [2026.05.13-12.14.53:161][  0]CrashReportClientDiagnosticLog: MTBF/Done
[2026-05-13T05:14:53.1690887-07:00] [pid=3804] [2026.05.13-12.14.53:169][  0]LogCore: Engine exit requested (reason: CrashReportClientApp RequestExit)
[2026-05-13T05:14:53.1690887-07:00] [pid=3804] [2026.05.13-12.14.53:169][  0]LogExit: Preparing to exit.
[2026-05-13T05:14:53.1700898-07:00] [pid=3804] [2026.05.13-12.14.53:170][  0]LogExit: Object subsystem successfully closed.
[2026-05-13T05:14:53.1715983-07:00] [pid=3804] [2026.05.13-12.14.53:170][  0]LogModuleManager: Shutting down and abandoning module AnalyticsET (14)
[2026-05-13T05:14:53.1715983-07:00] [pid=3804] [2026.05.13-12.14.53:170][  0]LogModuleManager: Shutting down and abandoning module HTTP (13)
[2026-05-13T05:14:53.1715983-07:00] [pid=3804] [2026.05.13-12.14.53:171][  0]LogHttp: Display: Http module shutting down, but needs to wait on 1 outstanding Http requests:
[2026-05-13T05:14:53.1715983-07:00] [pid=3804] [2026.05.13-12.14.53:171][  0]LogHttp: Display: 	verb=[POST] url=[https://datarouter.ol.epicgames.com/datarouter/api/v1/public/data?SessionID=%7BE5DF6F1C-4C66-C8FB-A14B-BB8657FC60B4%7D&AppID=CrashReporter.Release&AppVersion=%2B%2BUE4%2BRelease-4.27-CL-18319896&UserID=f8b698bb42db84b438be4e9e5183ed14%7C6da9797861944dd5b2bedb495b874fce%7C2e2120c8-1d81-4764-95c5-a72e8ff85171&AppEnvironment=datacollector-binary&UploadType=eteventstream] refs=[1] status=Processing
[2026-05-13T05:14:53.1715983-07:00] [pid=3804] [2026.05.13-12.14.53:171][  0]LogHttp: Display: cleaning up 1 outstanding Http requests.
[2026-05-13T05:14:53.1715983-07:00] [pid=3804] [2026.05.13-12.14.53:171][  0]LogHttp: Display: Sleeping 0.500s to wait for 1 outstanding Http requests.
[2026-05-13T05:14:53.3135116-07:00] [pid=24380] [2026.05.13-12.14.53:313][951]LogRunningAppService: Display: Dead foreground process [10072] C:/Program Files/Epic Games/UE_4.27/Engine/Binaries/Win64/UE4Editor.exe for app C:/Program Files/Epic Games/UE_4.27/
[2026-05-13T05:14:53.6888115-07:00] [pid=3804] [2026.05.13-12.14.53:687][  0]LogModuleManager: Shutting down and abandoning module SSL (12)
[2026-05-13T05:14:53.6898175-07:00] [pid=3804] [2026.05.13-12.14.53:688][  0]LogModuleManager: Shutting down and abandoning module CrashDebugHelper (8)
[2026-05-13T05:14:53.6898175-07:00] [pid=3804] [2026.05.13-12.14.53:688][  0]LogModuleManager: Shutting down and abandoning module CoreUObject (6)
[2026-05-13T05:14:53.6898175-07:00] [pid=3804] [2026.05.13-12.14.53:689][  0]LogModuleManager: Shutting down and abandoning module PakFile (4)
[2026-05-13T05:14:53.6898175-07:00] [pid=3804] [2026.05.13-12.14.53:689][  0]LogModuleManager: Shutting down and abandoning module RSA (3)
[2026-05-13T05:14:53.6903303-07:00] [pid=3804] [2026.05.13-12.14.53:690][  0]LogExit: Exiting.
[2026-05-13T05:14:54.0612851-07:00] [pid=24380] [2026.05.13-12.14.54:061][967]LogRunningAppService: Display: Dead foreground process [3804] C:/Program Files/Epic Games/UE_4.27/Engine/Binaries/Win64/CrashReportClientEditor.exe for app C:/Program Files/Epic Games/UE_4.27/
