[2026-05-14T02:57:55.2809511-07:00] DebugMonitor start, maxSeconds=1800
[2026-05-14T02:57:55.8685388-07:00] [pid=27484] Focus Exec Name: wwise.exe
[2026-05-14T02:57:55.8685388-07:00] [pid=27484] ---> Focus Exec Name: wwise.exe has WS_OVERLAPPEDWINDOW
[2026-05-14T02:57:55.8740527-07:00] [pid=27484] Focus Exec Name: wwise.exe
[2026-05-14T02:57:55.8740527-07:00] [pid=27484] ---> Focus Exec Name: wwise.exe does not has WS_OVERLAPPEDWINDOW
[2026-05-14T02:57:55.8940966-07:00] [pid=27484] [Maximize Proc] Foreground Title: 
[2026-05-14T02:57:55.8950967-07:00] [pid=27484] ---> Focus Exec Name:  has WS_OVERLAPPEDWINDOW
[2026-05-14T02:57:55.8966010-07:00] [pid=27484] Focus Exec Name: wwise.exe
[2026-05-14T02:57:55.8966010-07:00] [pid=27484] ---> Focus Exec Name: wwise.exe has WS_OVERLAPPEDWINDOW
[2026-05-14T02:57:55.9021155-07:00] [pid=27484] [Maximize Proc] Foreground Title: 
[2026-05-14T02:57:55.9021155-07:00] [pid=27484] ---> Focus Exec Name:  has WS_OVERLAPPEDWINDOW
[2026-05-14T02:57:55.9041192-07:00] [pid=27484] [Maximize Proc] Foreground Title: 
[2026-05-14T02:57:55.9041192-07:00] [pid=27484] ---> Focus Exec Name:  has WS_OVERLAPPEDWINDOW
[2026-05-14T02:57:55.9131464-07:00] [pid=27484] [Maximize Proc] Foreground Title: Wwise
[2026-05-14T02:57:55.9131464-07:00] [pid=27484] ---> Focus Exec Name: Wwise has WS_OVERLAPPEDWINDOW
[2026-05-14T02:57:55.9141481-07:00] [pid=27484] [Maximize Proc] Foreground Title: Wwise
[2026-05-14T02:57:55.9166509-07:00] [pid=27484] ---> Focus Exec Name: Wwise has WS_OVERLAPPEDWINDOW
[2026-05-14T02:57:56.0609869-07:00] [pid=27484] Focus Exec Name: wwise.exe
[2026-05-14T02:57:56.0609869-07:00] [pid=27484] ---> Focus Exec Name: wwise.exe does not has WS_OVERLAPPEDWINDOW
[2026-05-14T02:57:56.0665044-07:00] [pid=27484] [Maximize Proc] Foreground Title: Wwise 2019.2.15 
[2026-05-14T02:57:56.0665044-07:00] [pid=27484] ---> Focus Exec Name: Wwise 2019.2.15  has WS_OVERLAPPEDWINDOW
[2026-05-14T02:57:56.0685115-07:00] [pid=27484] [Maximize Proc] Foreground Title: Wwise 2019.2.15 
[2026-05-14T02:57:56.0685115-07:00] [pid=27484] ---> Focus Exec Name: Wwise 2019.2.15  has WS_OVERLAPPEDWINDOW
[2026-05-14T02:57:56.1407679-07:00] [pid=7276] <<<_____ ImmerseAudioRenderer _____>>> 
[2026-05-14T02:57:56.1407679-07:00] [pid=7276] RegisterImmerseAudioRendererFX()
[2026-05-14T02:57:56.1407679-07:00] [pid=7276] 
[2026-05-14T02:57:56.1407679-07:00] [pid=7276] <<<_____ ImmerseAudioRenderer _____>>> 
[2026-05-14T02:57:56.1407679-07:00] [pid=7276] CreateImmerseManager
[2026-05-14T02:57:56.1407679-07:00] [pid=7276] 
[2026-05-14T02:57:56.1407679-07:00] [pid=7276] <<<_____ ImmerseAudioRenderer _____>>> 
[2026-05-14T02:57:56.1407679-07:00] [pid=7276] loadAndInitializeImmerseEngine
[2026-05-14T02:57:56.1407679-07:00] [pid=7276] 
[2026-05-14T02:57:56.1538012-07:00] [pid=7276] <<<_____ ImmerseAudioRenderer _____>>> 
[2026-05-14T02:57:56.1538012-07:00] [pid=7276] CreateDestroyImmerseManager
[2026-05-14T02:57:56.1538012-07:00] [pid=7276] 
[2026-05-14T02:57:56.1538012-07:00] [pid=7276] <<<_____ ImmerseAudioRenderer _____>>> 
[2026-05-14T02:57:56.1538012-07:00] [pid=7276] CreateImmerseManager
[2026-05-14T02:57:56.1538012-07:00] [pid=7276] 
[2026-05-14T02:57:56.1839303-07:00] [pid=7276] <<<_____ ImmerseAudioRenderer _____>>> 
[2026-05-14T02:57:56.1839303-07:00] [pid=7276] CreateImmerseAudioRendererFXParams()
[2026-05-14T02:57:56.1839303-07:00] [pid=7276] 
[2026-05-14T02:57:56.1839303-07:00] [pid=7276] <<<_____ ImmerseAudioRenderer _____>>> 
[2026-05-14T02:57:56.1839303-07:00] [pid=7276] WwiseFxNullParams::Init()
[2026-05-14T02:57:56.1839303-07:00] [pid=7276] 
[2026-05-14T02:57:56.1839303-07:00] [pid=7276] <<<_____ ImmerseAudioRenderer _____>>> 
[2026-05-14T02:57:56.1839303-07:00] [pid=7276] WwiseFxNullParams::SetParam()
[2026-05-14T02:57:56.1839303-07:00] [pid=7276] 
[2026-05-14T02:57:56.1839303-07:00] [pid=7276] <<<_____ ImmerseAudioRenderer _____>>> 
[2026-05-14T02:57:56.1839303-07:00] [pid=7276] WwiseFxNullParams::SetParam()
[2026-05-14T02:57:56.1839303-07:00] [pid=7276] 
[2026-05-14T02:57:56.1839303-07:00] [pid=7276] <<<_____ ImmerseAudioRenderer _____>>> 
[2026-05-14T02:57:56.1839303-07:00] [pid=7276] WwiseFxNullParams::SetParam()
[2026-05-14T02:57:56.1839303-07:00] [pid=7276] 
[2026-05-14T02:57:56.1839303-07:00] [pid=7276] <<<_____ ImmerseAudioRenderer _____>>> 
[2026-05-14T02:57:56.1839303-07:00] [pid=7276] WwiseFxNullParams::SetParam()
[2026-05-14T02:57:56.1839303-07:00] [pid=7276] 
[2026-05-14T02:57:56.1839303-07:00] [pid=7276] <<<_____ ImmerseAudioRenderer _____>>> 
[2026-05-14T02:57:56.1839303-07:00] [pid=7276] WwiseFxNullParams::SetParam()
[2026-05-14T02:57:56.1839303-07:00] [pid=7276] 
[2026-05-14T02:57:56.1839303-07:00] [pid=7276] <<<_____ ImmerseAudioRenderer _____>>> 
[2026-05-14T02:57:56.1839303-07:00] [pid=7276] WwiseFxNullParams::SetParam()
[2026-05-14T02:57:56.1849308-07:00] [pid=7276] 
[2026-05-14T02:57:56.1849308-07:00] [pid=7276] <<<_____ ImmerseAudioRenderer _____>>> 
[2026-05-14T02:57:56.1849308-07:00] [pid=7276] WwiseFxNullParams::SetParam()
[2026-05-14T02:57:56.1849308-07:00] [pid=7276] 
[2026-05-14T02:57:56.1849308-07:00] [pid=7276] <<<_____ ImmerseAudioRenderer _____>>> 
[2026-05-14T02:57:56.1849308-07:00] [pid=7276] WwiseFxNullParams::SetParam()
[2026-05-14T02:57:56.1849308-07:00] [pid=7276] 
[2026-05-14T02:57:56.1849308-07:00] [pid=7276] <<<_____ ImmerseAudioRenderer _____>>> 
[2026-05-14T02:57:56.1849308-07:00] [pid=7276] WwiseFxNullParams::SetParam()
[2026-05-14T02:57:56.1849308-07:00] [pid=7276] 
[2026-05-14T02:57:56.1849308-07:00] [pid=7276] <<<_____ ImmerseAudioRenderer _____>>> 
[2026-05-14T02:57:56.1849308-07:00] [pid=7276] WwiseFxNullParams::ApplyParam()
[2026-05-14T02:57:56.1849308-07:00] [pid=7276] 
[2026-05-14T02:57:56.1849308-07:00] [pid=7276] <<<_____ ImmerseAudioRenderer _____>>> 
[2026-05-14T02:57:56.1849308-07:00] [pid=7276] WwiseFxNullParams::ApplyParam()
[2026-05-14T02:57:56.1849308-07:00] [pid=7276] 
[2026-05-14T02:57:56.1849308-07:00] [pid=7276] <<<_____ ImmerseAudioRenderer _____>>> 
[2026-05-14T02:57:56.1849308-07:00] [pid=7276] WwiseFxNullParams::ApplyParam()
[2026-05-14T02:57:56.1849308-07:00] [pid=7276] 
[2026-05-14T02:57:56.1849308-07:00] [pid=7276] <<<_____ ImmerseAudioRenderer _____>>> 
[2026-05-14T02:57:56.1849308-07:00] [pid=7276] WwiseFxNullParams::ApplyParam()
[2026-05-14T02:57:56.1849308-07:00] [pid=7276] 
[2026-05-14T02:57:56.1849308-07:00] [pid=7276] <<<_____ ImmerseAudioRenderer _____>>> 
[2026-05-14T02:57:56.1849308-07:00] [pid=7276] WwiseFxNullParams::ApplyParam()
[2026-05-14T02:57:56.1849308-07:00] [pid=7276] 
[2026-05-14T02:57:56.1849308-07:00] [pid=7276] <<<_____ ImmerseAudioRenderer _____>>> 
[2026-05-14T02:57:56.1849308-07:00] [pid=7276] WwiseFxNullParams::ApplyParam()
[2026-05-14T02:57:56.1849308-07:00] [pid=7276] 
[2026-05-14T02:57:56.1849308-07:00] [pid=7276] <<<_____ ImmerseAudioRenderer _____>>> 
[2026-05-14T02:57:56.1849308-07:00] [pid=7276] WwiseFxNullParams::ApplyParam()
[2026-05-14T02:57:56.1849308-07:00] [pid=7276] 
[2026-05-14T02:57:56.1849308-07:00] [pid=7276] <<<_____ ImmerseAudioRenderer _____>>> 
[2026-05-14T02:57:56.1849308-07:00] [pid=7276] WwiseFxNullParams::ApplyParam()
[2026-05-14T02:57:56.1849308-07:00] [pid=7276] 
[2026-05-14T02:57:56.1849308-07:00] [pid=7276] <<<_____ ImmerseAudioRenderer _____>>> 
[2026-05-14T02:57:56.1849308-07:00] [pid=7276] WwiseFxNullParams::ApplyParam()
[2026-05-14T02:57:56.1849308-07:00] [pid=7276] 
[2026-05-14T02:57:56.2140335-07:00] [pid=27484] Focus Exec Name: wwise.exe
[2026-05-14T02:57:56.2140335-07:00] [pid=27484] ---> Focus Exec Name: wwise.exe has WS_OVERLAPPEDWINDOW
[2026-05-14T02:57:56.4818033-07:00] [pid=18712] <1>May14 02:57:56.481 SF_18712[CpBoard] [CB] HandleClipboard S to C
[2026-05-14T02:57:56.4818033-07:00] [pid=18712] <1>May14 02:57:56.482 SF_18712[CpBoard] Send clipboard data to client fmt(13).
[2026-05-14T02:57:56.4818033-07:00] [pid=18712] <1>May14 02:57:56.482 SF_18712[CpBoard] [CB] Data Push start. len:454
[2026-05-14T02:57:56.5982423-07:00] [pid=27484] Focus Exec Name: wwise.exe
[2026-05-14T02:57:56.5982423-07:00] [pid=27484] ---> Focus Exec Name: wwise.exe has WS_OVERLAPPEDWINDOW
[2026-05-14T02:57:56.6017495-07:00] [pid=27484] Focus Exec Name: wwise.exe
[2026-05-14T02:57:56.6017495-07:00] [pid=27484] ---> Focus Exec Name: wwise.exe has WS_OVERLAPPEDWINDOW
[2026-05-14T02:57:57.0648952-07:00] [pid=27484] Focus Exec Name: wwise.exe
[2026-05-14T02:57:57.0648952-07:00] [pid=27484] ---> Focus Exec Name: wwise.exe has WS_OVERLAPPEDWINDOW
[2026-05-14T02:57:57.0704077-07:00] [pid=27484] Focus Exec Name: wwise.exe
[2026-05-14T02:57:57.0704077-07:00] [pid=27484] ---> Focus Exec Name: wwise.exe has WS_OVERLAPPEDWINDOW
[2026-05-14T02:58:00.3608498-07:00] [pid=356] Looking for binary: ../../../Engine/Programs/CrashReportClient/Config/BinaryConfig.ini
[2026-05-14T02:58:00.3618547-07:00] [pid=356] CrashReportClientDiagnosticLog: CRC/Init:2026.05.14-09.58.00
[2026-05-14T02:58:00.3628600-07:00] [pid=356] LogPlatformFile: Not using cached read wrapper
[2026-05-14T02:58:00.3628600-07:00] [pid=356] LogTaskGraph: Started task graph with 4 named threads and 22 total threads with 1 sets of task threads.
[2026-05-14T02:58:00.3628600-07:00] [pid=356] LogICUInternationalization: ICU TimeZone Detection - Raw Offset: -8:00, Platform Override: ''
[2026-05-14T02:58:00.3628600-07:00] [pid=356] LogInit: Display: Loading text-based GConfig....
[2026-05-14T02:58:00.3773954-07:00] [pid=356] LogInit: Build: ++UE4+Release-4.27-CL-18319896
[2026-05-14T02:58:00.3773954-07:00] [pid=356] LogInit: Engine Version: 4.27.2-18319896+++UE4+Release-4.27
[2026-05-14T02:58:00.3773954-07:00] [pid=356] LogInit: Compatible Engine Version: 4.27.0-17155196+++UE4+Release-4.27
[2026-05-14T02:58:00.3773954-07:00] [pid=356] LogInit: Net CL: 17155196
[2026-05-14T02:58:00.3773954-07:00] [pid=356] LogInit: OS: Windows 10 (Release 2009) (), CPU: 13th Gen Intel(R) Core(TM) i7-13650HX, GPU: Intel(R) UHD Graphics
[2026-05-14T02:58:00.3773954-07:00] [pid=356] LogInit: Compiled (64-bit): Nov 30 2021 08:03:32
[2026-05-14T02:58:00.3773954-07:00] [pid=356] LogInit: Compiled with Visual C++: 19.24.28315.00
[2026-05-14T02:58:00.3773954-07:00] [pid=356] LogInit: Build Configuration: Shipping
[2026-05-14T02:58:00.3783985-07:00] [pid=356] LogInit: Branch Name: ++UE4+Release-4.27
[2026-05-14T02:58:00.3783985-07:00] [pid=356] LogInit: Command Line: "C:\Program Files\Epic Games\UE_4.27\Engine\Binaries\Win64\CrashReportClientEditor.exe" "../../../Engine/Binaries/Win64/CrashReportClientEditor.exe"  -READ=540 -WRITE=552 -MONITOR=12064 -unattended -ConcertServer="2C6EE92642E2235C4A5547891122C264" -RespawnedInstance
[2026-05-14T02:58:00.3783985-07:00] [pid=356] LogInit: Base Directory: C:/Program Files/Epic Games/UE_4.27/Engine/Binaries/Win64/
[2026-05-14T02:58:00.3783985-07:00] [pid=356] LogInit: Allocator: TBB
[2026-05-14T02:58:00.3783985-07:00] [pid=356] LogInit: Installed Engine Build: 1
[2026-05-14T02:58:00.3839075-07:00] [pid=356] LogInit: Presizing for max 2097152 objects, including 1 objects not considered by GC, pre-allocating 0 bytes for permanent pool.
[2026-05-14T02:58:00.3849074-07:00] [pid=356] LogConfig: Applying CVar settings from Section [/Script/Engine.StreamingSettings] File [C:/Users/kapil/AppData/Local/CrashReportClient/Saved/Config/WindowsNoEditor/Engine.ini]
[2026-05-14T02:58:00.3849074-07:00] [pid=356] LogConfig: Setting CVar [[s.MinBulkDataSizeForAsyncLoading:131072]]
[2026-05-14T02:58:00.3849074-07:00] [pid=356] LogConfig: Setting CVar [[s.AsyncLoadingThreadEnabled:0]]
[2026-05-14T02:58:00.3849074-07:00] [pid=356] LogConfig: Setting CVar [[s.EventDrivenLoaderEnabled:1]]
[2026-05-14T02:58:00.3849074-07:00] [pid=356] LogConfig: Setting CVar [[s.WarnIfTimeLimitExceeded:0]]
[2026-05-14T02:58:00.3849074-07:00] [pid=356] LogConfig: Setting CVar [[s.TimeLimitExceededMultiplier:1.5]]
[2026-05-14T02:58:00.3849074-07:00] [pid=356] LogConfig: Setting CVar [[s.TimeLimitExceededMinTime:0.005]]
[2026-05-14T02:58:00.3849074-07:00] [pid=356] LogConfig: Setting CVar [[s.FlushStreamingOnExit:1]]
[2026-05-14T02:58:00.3849074-07:00] [pid=356] LogInit: Object subsystem initialized
[2026-05-14T02:58:00.3864122-07:00] [pid=356] LogConfig: Applying CVar settings from Section [ConsoleVariables] File [C:/Users/kapil/AppData/Local/CrashReportClient/Saved/Config/WindowsNoEditor/Engine.ini]
[2026-05-14T02:58:00.3864122-07:00] [pid=356] [2026.05.14-09.58.00:386][  0]LogInit: Computer: IMMERSEDEMOM5
[2026-05-14T02:58:00.3874196-07:00] [pid=356] [2026.05.14-09.58.00:386][  0]LogInit: User: kapil
[2026-05-14T02:58:00.3874196-07:00] [pid=356] [2026.05.14-09.58.00:386][  0]LogInit: CPU Page size=4096, Cores=14
[2026-05-14T02:58:00.3874196-07:00] [pid=356] [2026.05.14-09.58.00:387][  0]LogInit: High frequency timer resolution =10.000000 MHz
[2026-05-14T02:58:00.3874196-07:00] [pid=356] [2026.05.14-09.58.00:387][  0]LogMemory: Memory total: Physical=15.7GB (16GB approx)
[2026-05-14T02:58:00.3874196-07:00] [pid=356] [2026.05.14-09.58.00:387][  0]LogMemory: Platform Memory Stats for WindowsNoEditor
[2026-05-14T02:58:00.3874196-07:00] [pid=356] [2026.05.14-09.58.00:387][  0]LogMemory: Process Physical Memory: 30.60 MB used, 30.61 MB peak
[2026-05-14T02:58:00.3874196-07:00] [pid=356] [2026.05.14-09.58.00:387][  0]LogMemory: Process Virtual Memory: 65.82 MB used, 65.82 MB peak
[2026-05-14T02:58:00.3874196-07:00] [pid=356] [2026.05.14-09.58.00:387][  0]LogMemory: Physical Memory: 14091.20 MB used,  1977.50 MB free, 16068.70 MB total
[2026-05-14T02:58:00.3874196-07:00] [pid=356] [2026.05.14-09.58.00:387][  0]LogMemory: Virtual Memory: 134211208.00 MB used,  6520.37 MB free, 134217728.00 MB total
[2026-05-14T02:58:00.3909211-07:00] [pid=356] [2026.05.14-09.58.00:390][  0]LogUObjectArray: 363 objects as part of root set at end of initial load.
[2026-05-14T02:58:00.3909211-07:00] [pid=356] [2026.05.14-09.58.00:390][  0]LogUObjectArray: 0 objects are not in the root set, but can never be destroyed because they are in the DisregardForGC set.
[2026-05-14T02:58:00.3909211-07:00] [pid=356] [2026.05.14-09.58.00:390][  0]LogUObjectAllocator: 53496 out of 0 bytes used by permanent object pool.
[2026-05-14T02:58:00.3909211-07:00] [pid=356] [2026.05.14-09.58.00:390][  0]LogUObjectArray: CloseDisregardForGC: 363/363 objects in disregard for GC pool
[2026-05-14T02:58:00.3909211-07:00] [pid=356] [2026.05.14-09.58.00:390][  0]LogInit: Using OS detected language (en-US).
[2026-05-14T02:58:00.3909211-07:00] [pid=356] [2026.05.14-09.58.00:390][  0]LogInit: Using OS detected locale (en-US).
[2026-05-14T02:58:00.3919236-07:00] [pid=356] [2026.05.14-09.58.00:391][  0]LogTextLocalizationManager: No specific localization for 'en-US' exists, so the 'en' localization will be used.
[2026-05-14T02:58:00.4064516-07:00] [pid=356] [2026.05.14-09.58.00:406][  0]LogInit: Using OS detected language (en-US).
[2026-05-14T02:58:00.4064516-07:00] [pid=356] [2026.05.14-09.58.00:406][  0]LogInit: Using OS detected locale (en-US).
[2026-05-14T02:58:00.4064516-07:00] [pid=356] [2026.05.14-09.58.00:406][  0]LogTextLocalizationManager: No localization for 'en-US' exists, so 'en' will be used for the language.
[2026-05-14T02:58:00.4064516-07:00] [pid=356] [2026.05.14-09.58.00:406][  0]LogTextLocalizationManager: No localization for 'en-US' exists, so 'en' will be used for the locale.
[2026-05-14T02:58:00.4064516-07:00] [pid=356] [2026.05.14-09.58.00:406][  0]LogTextLocalizationManager: Compacting localization data took   0.00ms
[2026-05-14T02:58:00.4074581-07:00] [pid=356] [2026.05.14-09.58.00:406][  0]LogPackageLocalizationCache: Processed 2 localized package path(s) for 1 prioritized culture(s) in 0.000050 seconds
[2026-05-14T02:58:00.4084577-07:00] [pid=356] [2026.05.14-09.58.00:408][  0]CrashReportClientDiagnosticLog: CRC/Load
[2026-05-14T02:58:00.4084577-07:00] [pid=356] [2026.05.14-09.58.00:408][  0]CrashReportClientDiagnosticLog: CRC/Config
[2026-05-14T02:58:00.4084577-07:00] [pid=356] [2026.05.14-09.58.00:408][  0]CrashReportCoreLog: CrashReportClientVersion=1.0
[2026-05-14T02:58:00.4084577-07:00] [pid=356] [2026.05.14-09.58.00:408][  0]CrashReportCoreLog: CrashReportReceiver disabled
[2026-05-14T02:58:00.4084577-07:00] [pid=356] [2026.05.14-09.58.00:408][  0]CrashReportCoreLog: DataRouterUrl: https://datarouter.ol.epicgames.com/datarouter/api/v1/public/data
[2026-05-14T02:58:00.4094580-07:00] [pid=356] [2026.05.14-09.58.00:408][  0]LogCrashDebugHelper: DepotName: //UE4/Release-4.27
[2026-05-14T02:58:00.4094580-07:00] [pid=356] [2026.05.14-09.58.00:408][  0]LogCrashDebugHelper: BuiltFromCL: 18319896
[2026-05-14T02:58:00.4094580-07:00] [pid=356] [2026.05.14-09.58.00:409][  0]LogCrashDebugHelper: EngineVersion: 4.27.2-18319896+++UE4+Release-4.27
[2026-05-14T02:58:00.4094580-07:00] [pid=356] [2026.05.14-09.58.00:409][  0]LogCrashDebugHelper: BuildVersion: ++UE4+Release-4.27-CL-18319896
[2026-05-14T02:58:00.4094580-07:00] [pid=356] [2026.05.14-09.58.00:409][  0]CrashReportClientDiagnosticLog: Monitor/Start:356
[2026-05-14T02:58:00.4109623-07:00] [pid=356] [2026.05.14-09.58.00:410][  0]CrashReportClientDiagnosticLog: OpenProcess/Done
[2026-05-14T02:58:00.7093810-07:00] [pid=12064] Looking for binary: ../../../../../../Users/kapil/OneDrive/Documents/Unreal Projects/testTP/Config/BinaryConfig.ini
[2026-05-14T02:58:00.7108909-07:00] [pid=12064] LogWindows: Failed to load 'aqProf.dll' (GetLastError=126)
[2026-05-14T02:58:00.7108909-07:00] [pid=12064] LogWindows: File 'aqProf.dll' does not exist
[2026-05-14T02:58:00.7108909-07:00] [pid=12064] LogWindows: Failed to load 'VtuneApi.dll' (GetLastError=126)
[2026-05-14T02:58:00.7108909-07:00] [pid=12064] LogWindows: File 'VtuneApi.dll' does not exist
[2026-05-14T02:58:00.7108909-07:00] [pid=12064] LogWindows: Failed to load 'VtuneApi32e.dll' (GetLastError=126)
[2026-05-14T02:58:00.7108909-07:00] [pid=12064] LogWindows: File 'VtuneApi32e.dll' does not exist
[2026-05-14T02:58:00.7108909-07:00] [pid=12064] LogConsoleResponse: Display: Failed to find resolution value strings in scalability ini. Falling back to default.
[2026-05-14T02:58:00.7108909-07:00] [pid=12064] LogConsoleResponse: Display: Failed to find resolution value strings in scalability ini. Falling back to default.
[2026-05-14T02:58:00.7118968-07:00] [pid=12064] LogInit: Display: Running engine for game: testTP
[2026-05-14T02:58:00.7118968-07:00] [pid=12064] LogPlatformFile: Not using cached read wrapper
[2026-05-14T02:58:00.7118968-07:00] [pid=12064] LogTaskGraph: Started task graph with 5 named threads and 59 total threads with 3 sets of task threads.
[2026-05-14T02:58:00.7118968-07:00] [pid=12064] LogStats: Stats thread started at 0.222272
[2026-05-14T02:58:00.7118968-07:00] [pid=12064] LogICUInternationalization: ICU TimeZone Detection - Raw Offset: -8:00, Platform Override: ''
[2026-05-14T02:58:00.7118968-07:00] [pid=12064] LogInit: Display: Loading text-based GConfig....
[2026-05-14T02:58:00.7630189-07:00] [pid=12064] LogPluginManager: Mounting plugin MeshPainting
[2026-05-14T02:58:00.7640200-07:00] [pid=12064] LogPluginManager: Mounting plugin XGEController
[2026-05-14T02:58:00.7650195-07:00] [pid=12064] LogPluginManager: Mounting plugin AISupport
[2026-05-14T02:58:00.7650195-07:00] [pid=12064] LogPluginManager: Mounting plugin Paper2D
[2026-05-14T02:58:00.7665244-07:00] [pid=12064] LogPluginManager: Mounting plugin EnvironmentQueryEditor
[2026-05-14T02:58:00.7675324-07:00] [pid=12064] LogPluginManager: Mounting plugin LightPropagationVolume
[2026-05-14T02:58:00.7675324-07:00] [pid=12064] LogPluginManager: Mounting plugin CameraShakePreviewer
[2026-05-14T02:58:00.7685321-07:00] [pid=12064] LogPluginManager: Mounting plugin GameplayCameras
[2026-05-14T02:58:00.7695310-07:00] [pid=12064] LogPluginManager: Mounting plugin CLionSourceCodeAccess
[2026-05-14T02:58:00.7705322-07:00] [pid=12064] LogPluginManager: Mounting plugin CodeLiteSourceCodeAccess
[2026-05-14T02:58:00.7710359-07:00] [pid=12064] LogPluginManager: Mounting plugin AnimationSharing
[2026-05-14T02:58:00.7720408-07:00] [pid=12064] LogPluginManager: Mounting plugin NullSourceCodeAccess
[2026-05-14T02:58:00.7720408-07:00] [pid=12064] LogPluginManager: Mounting plugin KDevelopSourceCodeAccess
[2026-05-14T02:58:00.7730449-07:00] [pid=12064] LogPluginManager: Mounting plugin PlasticSourceControl
[2026-05-14T02:58:00.7730449-07:00] [pid=12064] LogPluginManager: Mounting plugin PropertyAccessNode
[2026-05-14T02:58:00.7740447-07:00] [pid=12064] LogPluginManager: Mounting plugin PixWinPlugin
[2026-05-14T02:58:00.7750445-07:00] [pid=12064] LogPluginManager: Mounting plugin SubversionSourceControl
[2026-05-14T02:58:00.7750445-07:00] [pid=12064] LogPluginManager: Mounting plugin GitSourceControl
[2026-05-14T02:58:00.7765479-07:00] [pid=12064] LogPluginManager: Mounting plugin TextureFormatOodle
[2026-05-14T02:58:00.7765479-07:00] [pid=12064] LogPluginManager: Mounting plugin PerforceSourceControl
[2026-05-14T02:58:00.7775540-07:00] [pid=12064] LogPluginManager: Mounting plugin RiderSourceCodeAccess
[2026-05-14T02:58:00.7775540-07:00] [pid=12064] LogPluginManager: Mounting plugin UObjectPlugin
[2026-05-14T02:58:00.7785541-07:00] [pid=12064] LogPluginManager: Mounting plugin PluginUtils
[2026-05-14T02:58:00.7795540-07:00] [pid=12064] LogPluginManager: Mounting plugin VisualStudioCodeSourceCodeAccess
[2026-05-14T02:58:00.7795540-07:00] [pid=12064] LogPluginManager: Mounting plugin VisualStudioSourceCodeAccess
[2026-05-14T02:58:00.7805540-07:00] [pid=12064] LogPluginManager: Mounting plugin OodleNetwork
[2026-05-14T02:58:00.7810574-07:00] [pid=12064] LogPluginManager: Mounting plugin OodleData
[2026-05-14T02:58:00.7820615-07:00] [pid=12064] LogPluginManager: Mounting plugin XCodeSourceCodeAccess
[2026-05-14T02:58:00.7820615-07:00] [pid=12064] LogPluginManager: Mounting plugin DatasmithContent
[2026-05-14T02:58:00.7830652-07:00] [pid=12064] LogPluginManager: Mounting plugin AutomationUtils
[2026-05-14T02:58:00.7840650-07:00] [pid=12064] LogPluginManager: Mounting plugin AlembicImporter
[2026-05-14T02:58:00.7850664-07:00] [pid=12064] LogPluginManager: Mounting plugin ChaosClothEditor
[2026-05-14T02:58:00.7850664-07:00] [pid=12064] LogPluginManager: Mounting plugin BackChannel
[2026-05-14T02:58:00.7865713-07:00] [pid=12064] LogPluginManager: Mounting plugin ChaosNiagara
[2026-05-14T02:58:00.7865713-07:00] [pid=12064] LogPluginManager: Mounting plugin CharacterAI
[2026-05-14T02:58:00.7875791-07:00] [pid=12064] LogPluginManager: Mounting plugin VariantManagerContent
[2026-05-14T02:58:00.7885794-07:00] [pid=12064] LogPluginManager: Mounting plugin ChaosCloth
[2026-05-14T02:58:00.7895796-07:00] [pid=12064] LogPluginManager: Mounting plugin ChaosSolverPlugin
[2026-05-14T02:58:00.7895796-07:00] [pid=12064] LogPluginManager: Mounting plugin AssetManagerEditor
[2026-05-14T02:58:00.7905789-07:00] [pid=12064] LogPluginManager: Mounting plugin Niagara
[2026-05-14T02:58:00.7920880-07:00] [pid=12064] LogPluginManager: Mounting plugin CurveEditorTools
[2026-05-14T02:58:00.7930931-07:00] [pid=12064] LogPluginManager: Mounting plugin ChaosEditor
[2026-05-14T02:58:00.7930931-07:00] [pid=12064] LogPluginManager: Mounting plugin MacGraphicsSwitching
[2026-05-14T02:58:00.7940921-07:00] [pid=12064] LogPluginManager: Mounting plugin FacialAnimation
[2026-05-14T02:58:00.7940921-07:00] [pid=12064] LogPluginManager: Mounting plugin PluginBrowser
[2026-05-14T02:58:00.7950920-07:00] [pid=12064] LogPluginManager: Mounting plugin MobileLauncherProfileWizard
[2026-05-14T02:58:00.7950920-07:00] [pid=12064] LogPluginManager: Mounting plugin GeometryMode
[2026-05-14T02:58:00.7965961-07:00] [pid=12064] LogPluginManager: Mounting plugin SpeedTreeImporter
[2026-05-14T02:58:00.7965961-07:00] [pid=12064] LogPluginManager: Mounting plugin DataValidation
[2026-05-14T02:58:00.7976009-07:00] [pid=12064] LogPluginManager: Mounting plugin GeometryCache
[2026-05-14T02:58:00.7986009-07:00] [pid=12064] LogPluginManager: Mounting plugin GameplayTagsEditor
[2026-05-14T02:58:00.7986009-07:00] [pid=12064] LogPluginManager: Mounting plugin MaterialAnalyzer
[2026-05-14T02:58:00.7996005-07:00] [pid=12064] LogPluginManager: Mounting plugin GeometryProcessing
[2026-05-14T02:58:00.7996005-07:00] [pid=12064] LogPluginManager: Mounting plugin GeometryCollectionPlugin
[2026-05-14T02:58:00.8011043-07:00] [pid=12064] LogPluginManager: Mounting plugin PlanarCut
[2026-05-14T02:58:00.8011043-07:00] [pid=12064] LogPluginManager: Mounting plugin CryptoKeys
[2026-05-14T02:58:00.8021081-07:00] [pid=12064] LogPluginManager: Mounting plugin PlatformCrypto
[2026-05-14T02:58:00.8021081-07:00] [pid=12064] LogPluginManager: Mounting plugin OpenImageDenoise
[2026-05-14T02:58:00.8031119-07:00] [pid=12064] LogPluginManager: Mounting plugin MotoSynth
[2026-05-14T02:58:00.8041126-07:00] [pid=12064] LogPluginManager: Mounting plugin ProxyLODPlugin
[2026-05-14T02:58:00.8051130-07:00] [pid=12064] LogPluginManager: Mounting plugin PythonScriptPlugin
[2026-05-14T02:58:00.8051130-07:00] [pid=12064] LogPluginManager: Mounting plugin MagicLeapLightEstimation
[2026-05-14T02:58:00.8066181-07:00] [pid=12064] LogPluginManager: Mounting plugin MagicLeap
[2026-05-14T02:58:00.8076257-07:00] [pid=12064] LogPluginManager: Mounting plugin AndroidMedia
[2026-05-14T02:58:00.8086259-07:00] [pid=12064] LogPluginManager: Mounting plugin SkeletalReduction
[2026-05-14T02:58:00.8086259-07:00] [pid=12064] LogPluginManager: Mounting plugin MagicLeapMedia
[2026-05-14T02:58:00.8096250-07:00] [pid=12064] LogPluginManager: Mounting plugin AvfMedia
[2026-05-14T02:58:00.8096250-07:00] [pid=12064] LogPluginManager: Mounting plugin LuminPlatformFeatures
[2026-05-14T02:58:00.8106252-07:00] [pid=12064] LogPluginManager: Mounting plugin MagicLeapPassableWorld
[2026-05-14T02:58:00.8111287-07:00] [pid=12064] LogPluginManager: Mounting plugin MLSDK
[2026-05-14T02:58:00.8121328-07:00] [pid=12064] LogPluginManager: Mounting plugin ImgMedia
[2026-05-14T02:58:00.8121328-07:00] [pid=12064] LogPluginManager: Mounting plugin MediaPlayerEditor
[2026-05-14T02:58:00.8131365-07:00] [pid=12064] LogPluginManager: Mounting plugin MediaCompositing
[2026-05-14T02:58:00.8141368-07:00] [pid=12064] LogPluginManager: Mounting plugin ActorSequence
[2026-05-14T02:58:00.8141368-07:00] [pid=12064] LogPluginManager: Mounting plugin LevelSequenceEditor
[2026-05-14T02:58:00.8151369-07:00] [pid=12064] LogPluginManager: Mounting plugin MatineeToLevelSequence
[2026-05-14T02:58:00.8166430-07:00] [pid=12064] LogPluginManager: Mounting plugin WmfMedia
[2026-05-14T02:58:00.8166430-07:00] [pid=12064] LogPluginManager: Mounting plugin WebMMedia
[2026-05-14T02:58:00.8176524-07:00] [pid=12064] LogPluginManager: Mounting plugin TemplateSequence
[2026-05-14T02:58:00.8186525-07:00] [pid=12064] LogPluginManager: Mounting plugin UdpMessaging
[2026-05-14T02:58:00.8196548-07:00] [pid=12064] LogPluginManager: Mounting plugin ActorLayerUtilities
[2026-05-14T02:58:00.8206541-07:00] [pid=12064] LogPluginManager: Mounting plugin TcpMessaging
[2026-05-14T02:58:00.8211598-07:00] [pid=12064] LogPluginManager: Mounting plugin AndroidDeviceProfileSelector
[2026-05-14T02:58:00.8221673-07:00] [pid=12064] LogPluginManager: Mounting plugin AndroidMoviePlayer
[2026-05-14T02:58:00.8221673-07:00] [pid=12064] LogPluginManager: Mounting plugin AppleImageUtils
[2026-05-14T02:58:00.8231734-07:00] [pid=12064] LogPluginManager: Mounting plugin ArchVisCharacter
[2026-05-14T02:58:00.8231734-07:00] [pid=12064] LogPluginManager: Mounting plugin AndroidPermission
[2026-05-14T02:58:00.8241732-07:00] [pid=12064] LogPluginManager: Mounting plugin AudioCapture
[2026-05-14T02:58:00.8251735-07:00] [pid=12064] LogPluginManager: Mounting plugin AppleMoviePlayer
[2026-05-14T02:58:00.8251735-07:00] [pid=12064] LogPluginManager: Mounting plugin CableComponent
[2026-05-14T02:58:00.8266798-07:00] [pid=12064] LogPluginManager: Mounting plugin ChunkDownloader
[2026-05-14T02:58:00.8266798-07:00] [pid=12064] LogPluginManager: Mounting plugin CustomMeshComponent
[2026-05-14T02:58:00.8276889-07:00] [pid=12064] LogPluginManager: Mounting plugin AssetTags
[2026-05-14T02:58:00.8286892-07:00] [pid=12064] LogPluginManager: Mounting plugin EditableMesh
[2026-05-14T02:58:00.8286892-07:00] [pid=12064] LogPluginManager: Mounting plugin AudioSynesthesia
[2026-05-14T02:58:00.8296887-07:00] [pid=12064] LogPluginManager: Mounting plugin GooglePAD
[2026-05-14T02:58:00.8296887-07:00] [pid=12064] LogPluginManager: Mounting plugin ExampleDeviceProfileSelector
[2026-05-14T02:58:00.8311942-07:00] [pid=12064] LogPluginManager: Mounting plugin GoogleCloudMessaging
[2026-05-14T02:58:00.8311942-07:00] [pid=12064] LogPluginManager: Mounting plugin ScreenshotTools
[2026-05-14T02:58:00.8322017-07:00] [pid=12064] LogPluginManager: Mounting plugin IOSDeviceProfileSelector
[2026-05-14T02:58:00.8332068-07:00] [pid=12064] LogPluginManager: Mounting plugin LinuxDeviceProfileSelector
[2026-05-14T02:58:00.8332068-07:00] [pid=12064] LogPluginManager: Mounting plugin LocationServicesBPLibrary
[2026-05-14T02:58:00.8342075-07:00] [pid=12064] LogPluginManager: Mounting plugin MobilePatchingUtils
[2026-05-14T02:58:00.8352060-07:00] [pid=12064] LogPluginManager: Mounting plugin OpenXRHandTracking
[2026-05-14T02:58:00.8352060-07:00] [pid=12064] LogPluginManager: Mounting plugin OpenXR
[2026-05-14T02:58:00.8352060-07:00] [pid=12064] LogPluginManager: Mounting plugin OnlineSubsystem
[2026-05-14T02:58:00.8367124-07:00] [pid=12064] LogPluginManager: Mounting plugin OpenXREyeTracker
[2026-05-14T02:58:00.8377223-07:00] [pid=12064] LogPluginManager: Mounting plugin OnlineSubsystemNull
[2026-05-14T02:58:00.8377223-07:00] [pid=12064] LogPluginManager: Mounting plugin OnlineSubsystemUtils
[2026-05-14T02:58:00.8387222-07:00] [pid=12064] LogPluginManager: Mounting plugin PostSplashScreen
[2026-05-14T02:58:00.8402268-07:00] [pid=12064] LogPluginManager: Mounting plugin ProceduralMeshComponent
[2026-05-14T02:58:00.8402268-07:00] [pid=12064] LogPluginManager: Mounting plugin PropertyAccessEditor
[2026-05-14T02:58:00.8412328-07:00] [pid=12064] LogPluginManager: Mounting plugin PhysXVehicles
[2026-05-14T02:58:00.8422331-07:00] [pid=12064] LogPluginManager: Mounting plugin RuntimePhysXCooking
[2026-05-14T02:58:00.8432381-07:00] [pid=12064] LogPluginManager: Mounting plugin SignificanceManager
[2026-05-14T02:58:00.8432381-07:00] [pid=12064] LogPluginManager: Mounting plugin SoundFields
[2026-05-14T02:58:00.8442379-07:00] [pid=12064] LogPluginManager: Mounting plugin LauncherChunkInstaller
[2026-05-14T02:58:00.8452375-07:00] [pid=12064] LogPluginManager: Mounting plugin Synthesis
[2026-05-14T02:58:00.8462391-07:00] [pid=12064] LogPluginManager: Mounting plugin WebMMoviePlayer
[2026-05-14T02:58:00.8472435-07:00] [pid=12064] LogPluginManager: Mounting plugin WindowsMoviePlayer
[2026-05-14T02:58:00.8472435-07:00] [pid=12064] LogPluginManager: Mounting plugin Takes
[2026-05-14T02:58:00.8482500-07:00] [pid=12064] LogPluginManager: Mounting plugin LiveLink
[2026-05-14T02:58:00.8492440-07:00] [pid=12064] LogPluginManager: Mounting plugin ContentBrowserAssetDataSource
[2026-05-14T02:58:00.8502449-07:00] [pid=12064] LogPluginManager: Mounting plugin ContentBrowserFileDataSource
[2026-05-14T02:58:00.8507496-07:00] [pid=12064] LogPluginManager: Mounting plugin ContentBrowserClassDataSource
[2026-05-14T02:58:00.8507496-07:00] [pid=12064] LogPluginManager: Mounting plugin OculusVR
[2026-05-14T02:58:00.8517541-07:00] [pid=12064] LogPluginManager: Mounting plugin OnlineSubsystemGooglePlay
[2026-05-14T02:58:00.8527586-07:00] [pid=12064] LogPluginManager: Mounting plugin OnlineSubsystemIOS
[2026-05-14T02:58:00.8537585-07:00] [pid=12064] LogPluginManager: Mounting plugin SteamVR
[2026-05-14T02:58:00.8537585-07:00] [pid=12064] LogPluginManager: Mounting plugin Wwise
[2026-05-14T02:58:00.9024082-07:00] [pid=12064] PixWinPlugin: PIX capture plugin failed to initialize! Check that the process is launched from PIX.
[2026-05-14T02:58:00.9931759-07:00] [pid=12064] LogInit: Using libcurl 7.55.1-DEV
[2026-05-14T02:58:00.9931759-07:00] [pid=12064] LogInit:  - built for x86_64-pc-win32
[2026-05-14T02:58:00.9931759-07:00] [pid=12064] LogInit:  - supports SSL with OpenSSL/1.1.1
[2026-05-14T02:58:00.9931759-07:00] [pid=12064] LogInit:  - supports HTTP deflate (compression) using libz 1.2.8
[2026-05-14T02:58:00.9931759-07:00] [pid=12064] LogInit:  - other features:
[2026-05-14T02:58:00.9931759-07:00] [pid=12064] LogInit:      CURL_VERSION_SSL
[2026-05-14T02:58:00.9931759-07:00] [pid=12064] LogInit:      CURL_VERSION_LIBZ
[2026-05-14T02:58:00.9941757-07:00] [pid=12064] LogInit:      CURL_VERSION_IPV6
[2026-05-14T02:58:00.9941757-07:00] [pid=12064] LogInit:      CURL_VERSION_ASYNCHDNS
[2026-05-14T02:58:00.9941757-07:00] [pid=12064] LogInit:      CURL_VERSION_LARGEFILE
[2026-05-14T02:58:00.9941757-07:00] [pid=12064] LogInit:      CURL_VERSION_IDN
[2026-05-14T02:58:00.9941757-07:00] [pid=12064] LogInit:  CurlRequestOptions (configurable via config and command line):
[2026-05-14T02:58:00.9941757-07:00] [pid=12064] LogInit:  - bVerifyPeer = true  - Libcurl will verify peer certificate
[2026-05-14T02:58:00.9941757-07:00] [pid=12064] LogInit:  - bUseHttpProxy = false  - Libcurl will NOT use HTTP proxy
[2026-05-14T02:58:00.9941757-07:00] [pid=12064] LogInit:  - bDontReuseConnections = false  - Libcurl will reuse connections
[2026-05-14T02:58:00.9941757-07:00] [pid=12064] LogInit:  - MaxHostConnections = 16  - Libcurl will limit the number of connections to a host
[2026-05-14T02:58:00.9941757-07:00] [pid=12064] LogInit:  - LocalHostAddr = Default
[2026-05-14T02:58:00.9951756-07:00] [pid=12064] LogInit:  - BufferSize = 65536
[2026-05-14T02:58:01.0207490-07:00] [pid=12064] LogOnline: OSS: Creating online subsystem instance for: NULL
[2026-05-14T02:58:01.0217540-07:00] [pid=12064] LogInit: WinSock: version 1.1 (2.2), MaxSocks=32767, MaxUdp=65467
[2026-05-14T02:58:01.0217540-07:00] [pid=12064] LogOnline: OSS: TryLoadSubsystemAndSetDefault: Loaded subsystem for module [NULL]
[2026-05-14T02:58:01.0518405-07:00] [pid=12064] LogOculusPluginWrapper: OculusPlugin initialized successfully
[2026-05-14T02:58:01.0518405-07:00] [pid=12064] [OVRPlugin][ERROR] 
[2026-05-14T02:58:01.0518405-07:00] [pid=12064] ovr_Initialize failed: Unable to load LibOVRRT DLL
 (software\oculussdk\integrations\ovrplugin\main\src\util\compositorcapi.cpp:78)
[2026-05-14T02:58:01.0518405-07:00] [pid=12064] 
[2026-05-14T02:58:01.0528452-07:00] [pid=12064] LogHMD: Failed initializing OVRPlugin 1.59.0
[2026-05-14T02:58:01.0528452-07:00] [pid=12064] LogInit: Build: ++UE4+Release-4.27-CL-18319896
[2026-05-14T02:58:01.0528452-07:00] [pid=12064] LogInit: Engine Version: 4.27.2-18319896+++UE4+Release-4.27
[2026-05-14T02:58:01.0528452-07:00] [pid=12064] LogInit: Compatible Engine Version: 4.27.0-17155196+++UE4+Release-4.27
[2026-05-14T02:58:01.0528452-07:00] [pid=12064] LogInit: Net CL: 17155196
[2026-05-14T02:58:01.0528452-07:00] [pid=12064] LogInit: OS: Windows 10 (Release 2009) (), CPU: 13th Gen Intel(R) Core(TM) i7-13650HX, GPU: Intel(R) UHD Graphics
[2026-05-14T02:58:01.0528452-07:00] [pid=12064] LogInit: Compiled (64-bit): Nov 30 2021 07:12:08
[2026-05-14T02:58:01.0528452-07:00] [pid=12064] LogInit: Compiled with Visual C++: 19.24.28315.00
[2026-05-14T02:58:01.0528452-07:00] [pid=12064] LogInit: Build Configuration: Development
[2026-05-14T02:58:01.0528452-07:00] [pid=12064] LogInit: Branch Name: ++UE4+Release-4.27
[2026-05-14T02:58:01.0528452-07:00] [pid=12064] LogInit: Command Line:  /Game/ThirdPersonBP/Maps/ThirdPersonExampleMap -game -RenderOffscreen -unattended -nopause -NoSplash -abslog=C:\Users\kapil\AppData\Local\Temp\immerse_editor_20260514-025750.log
[2026-05-14T02:58:01.0528452-07:00] [pid=12064] LogInit: Base Directory: C:/Program Files/Epic Games/UE_4.27/Engine/Binaries/Win64/
[2026-05-14T02:58:01.0528452-07:00] [pid=12064] LogInit: Allocator: TBB
[2026-05-14T02:58:01.0528452-07:00] [pid=12064] LogInit: Installed Engine Build: 1
[2026-05-14T02:58:01.0528452-07:00] [pid=12064] LogDevObjectVersion: Number of dev versions registered: 29
[2026-05-14T02:58:01.0528452-07:00] [pid=12064] LogDevObjectVersion:   Dev-Blueprints (B0D832E4-1F89-4F0D-ACCF-7EB736FD4AA2): 10
[2026-05-14T02:58:01.0528452-07:00] [pid=12064] LogDevObjectVersion:   Dev-Build (E1C64328-A22C-4D53-A36C-8E866417BD8C): 0
[2026-05-14T02:58:01.0528452-07:00] [pid=12064] LogDevObjectVersion:   Dev-Core (375EC13C-06E4-48FB-B500-84F0262A717E): 4
[2026-05-14T02:58:01.0538442-07:00] [pid=12064] LogDevObjectVersion:   Dev-Editor (E4B068ED-F494-42E9-A231-DA0B2E46BB41): 40
[2026-05-14T02:58:01.0538442-07:00] [pid=12064] LogDevObjectVersion:   Dev-Framework (CFFC743F-43B0-4480-9391-14DF171D2073): 37
[2026-05-14T02:58:01.0538442-07:00] [pid=12064] LogDevObjectVersion:   Dev-Mobile (B02B49B5-BB20-44E9-A304-32B752E40360): 3
[2026-05-14T02:58:01.0538442-07:00] [pid=12064] LogDevObjectVersion:   Dev-Networking (A4E4105C-59A1-49B5-A7C5-40C4547EDFEE): 0
[2026-05-14T02:58:01.0538442-07:00] [pid=12064] LogDevObjectVersion:   Dev-Online (39C831C9-5AE6-47DC-9A44-9C173E1C8E7C): 0
[2026-05-14T02:58:01.0538442-07:00] [pid=12064] LogDevObjectVersion:   Dev-Physics (78F01B33-EBEA-4F98-B9B4-84EACCB95AA2): 14
[2026-05-14T02:58:01.0538442-07:00] [pid=12064] LogDevObjectVersion:   Dev-Platform (6631380F-2D4D-43E0-8009-CF276956A95A): 0
[2026-05-14T02:58:01.0538442-07:00] [pid=12064] LogDevObjectVersion:   Dev-Rendering (12F88B9F-8875-4AFC-A67C-D90C383ABD29): 45
[2026-05-14T02:58:01.0538442-07:00] [pid=12064] LogDevObjectVersion:   Dev-Sequencer (7B5AE74C-D270-4C10-A958-57980B212A5A): 13
[2026-05-14T02:58:01.0538442-07:00] [pid=12064] LogDevObjectVersion:   Dev-VR (D7296918-1DD6-4BDD-9DE2-64A83CC13884): 3
[2026-05-14T02:58:01.0538442-07:00] [pid=12064] LogDevObjectVersion:   Dev-LoadTimes (C2A15278-BFE7-4AFE-6C17-90FF531DF755): 1
[2026-05-14T02:58:01.0538442-07:00] [pid=12064] LogDevObjectVersion:   Private-Geometry (6EACA3D4-40EC-4CC1-B786-8BED09428FC5): 3
[2026-05-14T02:58:01.0538442-07:00] [pid=12064] LogDevObjectVersion:   Dev-AnimPhys (29E575DD-E0A3-4627-9D10-D276232CDCEA): 17
[2026-05-14T02:58:01.0538442-07:00] [pid=12064] LogDevObjectVersion:   Dev-Anim (AF43A65D-7FD3-4947-9873-3E8ED9C1BB05): 15
[2026-05-14T02:58:01.0548438-07:00] [pid=12064] LogDevObjectVersion:   Dev-ReflectionCapture (6B266CEC-1EC7-4B8F-A30B-E4D90942FC07): 1
[2026-05-14T02:58:01.0548438-07:00] [pid=12064] LogDevObjectVersion:   Dev-Automation (0DF73D61-A23F-47EA-B727-89E90C41499A): 1
[2026-05-14T02:58:01.0548438-07:00] [pid=12064] LogDevObjectVersion:   FortniteMain (601D1886-AC64-4F84-AA16-D3DE0DEAC7D6): 47
[2026-05-14T02:58:01.0548438-07:00] [pid=12064] LogDevObjectVersion:   FortniteRelease (E7086368-6B23-4C58-8439-1B7016265E91): 1
[2026-05-14T02:58:01.0548438-07:00] [pid=12064] LogDevObjectVersion:   Dev-Enterprise (9DFFBCD6-494F-0158-E221-12823C92A888): 10
[2026-05-14T02:58:01.0548438-07:00] [pid=12064] LogDevObjectVersion:   Dev-Niagara (F2AED0AC-9AFE-416F-8664-AA7FFA26D6FC): 1
[2026-05-14T02:58:01.0548438-07:00] [pid=12064] LogDevObjectVersion:   Dev-Destruction (174F1F0B-B4C6-45A5-B13F-2EE8D0FB917D): 10
[2026-05-14T02:58:01.0548438-07:00] [pid=12064] LogDevObjectVersion:   Dev-Physics-Ext (35F94A83-E258-406C-A318-09F59610247C): 41
[2026-05-14T02:58:01.0548438-07:00] [pid=12064] LogDevObjectVersion:   Dev-PhysicsMaterial-Chaos (B68FC16E-8B1B-42E2-B453-215C058844FE): 1
[2026-05-14T02:58:01.0548438-07:00] [pid=12064] LogDevObjectVersion:   Dev-CineCamera (B2E18506-4273-CFC2-A54E-F4BB758BBA07): 1
[2026-05-14T02:58:01.0548438-07:00] [pid=12064] LogDevObjectVersion:   Dev-VirtualProduction (64F58936-FD1B-42BA-BA96-7289D5D0FA4E): 1
[2026-05-14T02:58:01.0548438-07:00] [pid=12064] LogDevObjectVersion:   Dev-MediaFramework (6F0ED827-A609-4895-9C91-998D90180EA4): 2
[2026-05-14T02:58:01.0608574-07:00] [pid=12064] LogInit: Presizing for max 25165824 objects, including 0 objects not considered by GC, pre-allocating 0 bytes for permanent pool.
[2026-05-14T02:58:01.0608574-07:00] [pid=12064] LogConfig: Applying CVar settings from Section [/Script/Engine.StreamingSettings] File [C:/Users/kapil/OneDrive/Documents/Unreal Projects/testTP/Saved/Config/Windows/Engine.ini]
[2026-05-14T02:58:01.0608574-07:00] [pid=12064] LogConfig: Setting CVar [[s.MinBulkDataSizeForAsyncLoading:131072]]
[2026-05-14T02:58:01.0608574-07:00] [pid=12064] LogConfig: Setting CVar [[s.AsyncLoadingThreadEnabled:0]]
[2026-05-14T02:58:01.0608574-07:00] [pid=12064] LogConfig: Setting CVar [[s.EventDrivenLoaderEnabled:1]]
[2026-05-14T02:58:01.0608574-07:00] [pid=12064] LogConfig: Setting CVar [[s.WarnIfTimeLimitExceeded:0]]
[2026-05-14T02:58:01.0608574-07:00] [pid=12064] LogConfig: Setting CVar [[s.TimeLimitExceededMultiplier:1.5]]
[2026-05-14T02:58:01.0608574-07:00] [pid=12064] LogConfig: Setting CVar [[s.TimeLimitExceededMinTime:0.005]]
[2026-05-14T02:58:01.0618617-07:00] [pid=12064] LogConfig: Setting CVar [[s.UseBackgroundLevelStreaming:1]]
[2026-05-14T02:58:01.0618617-07:00] [pid=12064] LogConfig: Setting CVar [[s.PriorityAsyncLoadingExtraTime:15.0]]
[2026-05-14T02:58:01.0618617-07:00] [pid=12064] LogConfig: Setting CVar [[s.LevelStreamingActorsUpdateTimeLimit:5.0]]
[2026-05-14T02:58:01.0618617-07:00] [pid=12064] LogConfig: Setting CVar [[s.PriorityLevelStreamingActorsUpdateExtraTime:5.0]]
[2026-05-14T02:58:01.0618617-07:00] [pid=12064] LogConfig: Setting CVar [[s.LevelStreamingComponentsRegistrationGranularity:10]]
[2026-05-14T02:58:01.0618617-07:00] [pid=12064] LogConfig: Setting CVar [[s.UnregisterComponentsTimeLimit:1.0]]
[2026-05-14T02:58:01.0618617-07:00] [pid=12064] LogConfig: Setting CVar [[s.LevelStreamingComponentsUnregistrationGranularity:5]]
[2026-05-14T02:58:01.0618617-07:00] [pid=12064] LogConfig: Setting CVar [[s.FlushStreamingOnExit:1]]
[2026-05-14T02:58:01.0663702-07:00] [pid=12064] LogInit: Object subsystem initialized
[2026-05-14T02:58:01.0673783-07:00] [pid=12064] LogConfig: Setting CVar [[con.DebugEarlyDefault:1]]
[2026-05-14T02:58:01.0673783-07:00] [pid=12064] LogConfig: Setting CVar [[r.setres:1280x720]]
[2026-05-14T02:58:01.0673783-07:00] [pid=12064] [2026.05.14-09.58.01:067][  0]LogConfig: Setting CVar [[con.DebugEarlyDefault:1]]
[2026-05-14T02:58:01.0673783-07:00] [pid=12064] [2026.05.14-09.58.01:067][  0]LogConfig: Setting CVar [[r.setres:1280x720]]
[2026-05-14T02:58:01.0673783-07:00] [pid=12064] [2026.05.14-09.58.01:067][  0]LogConfig: Applying CVar settings from Section [/Script/Engine.RendererSettings] File [C:/Users/kapil/OneDrive/Documents/Unreal Projects/testTP/Saved/Config/Windows/Engine.ini]
[2026-05-14T02:58:01.0683797-07:00] [pid=12064] [2026.05.14-09.58.01:067][  0]LogConfig: Setting CVar [[r.GPUCrashDebugging:0]]
[2026-05-14T02:58:01.0683797-07:00] [pid=12064] [2026.05.14-09.58.01:068][  0]LogConfig: Applying CVar settings from Section [/Script/Engine.RendererOverrideSettings] File [C:/Users/kapil/OneDrive/Documents/Unreal Projects/testTP/Saved/Config/Windows/Engine.ini]
[2026-05-14T02:58:01.0683797-07:00] [pid=12064] [2026.05.14-09.58.01:068][  0]LogConfig: Applying CVar settings from Section [/Script/Engine.StreamingSettings] File [C:/Users/kapil/OneDrive/Documents/Unreal Projects/testTP/Saved/Config/Windows/Engine.ini]
[2026-05-14T02:58:01.0683797-07:00] [pid=12064] [2026.05.14-09.58.01:068][  0]LogConfig: Setting CVar [[s.MinBulkDataSizeForAsyncLoading:131072]]
[2026-05-14T02:58:01.0683797-07:00] [pid=12064] [2026.05.14-09.58.01:068][  0]LogConfig: Setting CVar [[s.AsyncLoadingThreadEnabled:0]]
[2026-05-14T02:58:01.0683797-07:00] [pid=12064] [2026.05.14-09.58.01:068][  0]LogConfig: Setting CVar [[s.EventDrivenLoaderEnabled:1]]
[2026-05-14T02:58:01.0683797-07:00] [pid=12064] [2026.05.14-09.58.01:068][  0]LogConfig: Setting CVar [[s.WarnIfTimeLimitExceeded:0]]
[2026-05-14T02:58:01.0683797-07:00] [pid=12064] [2026.05.14-09.58.01:068][  0]LogConfig: Setting CVar [[s.TimeLimitExceededMultiplier:1.5]]
[2026-05-14T02:58:01.0683797-07:00] [pid=12064] [2026.05.14-09.58.01:068][  0]LogConfig: Setting CVar [[s.TimeLimitExceededMinTime:0.005]]
[2026-05-14T02:58:01.0683797-07:00] [pid=12064] [2026.05.14-09.58.01:068][  0]LogConfig: Setting CVar [[s.UseBackgroundLevelStreaming:1]]
[2026-05-14T02:58:01.0683797-07:00] [pid=12064] [2026.05.14-09.58.01:068][  0]LogConfig: Setting CVar [[s.PriorityAsyncLoadingExtraTime:15.0]]
[2026-05-14T02:58:01.0683797-07:00] [pid=12064] [2026.05.14-09.58.01:068][  0]LogConfig: Setting CVar [[s.LevelStreamingActorsUpdateTimeLimit:5.0]]
[2026-05-14T02:58:01.0683797-07:00] [pid=12064] [2026.05.14-09.58.01:068][  0]LogConfig: Setting CVar [[s.PriorityLevelStreamingActorsUpdateExtraTime:5.0]]
[2026-05-14T02:58:01.0683797-07:00] [pid=12064] [2026.05.14-09.58.01:068][  0]LogConfig: Setting CVar [[s.LevelStreamingComponentsRegistrationGranularity:10]]
[2026-05-14T02:58:01.0683797-07:00] [pid=12064] [2026.05.14-09.58.01:068][  0]LogConfig: Setting CVar [[s.UnregisterComponentsTimeLimit:1.0]]
[2026-05-14T02:58:01.0693769-07:00] [pid=12064] [2026.05.14-09.58.01:068][  0]LogConfig: Setting CVar [[s.LevelStreamingComponentsUnregistrationGranularity:5]]
[2026-05-14T02:58:01.0693769-07:00] [pid=12064] [2026.05.14-09.58.01:069][  0]LogConfig: Setting CVar [[s.FlushStreamingOnExit:1]]
[2026-05-14T02:58:01.0693769-07:00] [pid=12064] [2026.05.14-09.58.01:069][  0]LogConfig: Applying CVar settings from Section [/Script/Engine.GarbageCollectionSettings] File [C:/Users/kapil/OneDrive/Documents/Unreal Projects/testTP/Saved/Config/Windows/Engine.ini]
[2026-05-14T02:58:01.0693769-07:00] [pid=12064] [2026.05.14-09.58.01:069][  0]LogConfig: Setting CVar [[gc.MaxObjectsNotConsideredByGC:1]]
[2026-05-14T02:58:01.0693769-07:00] [pid=12064] [2026.05.14-09.58.01:069][  0]LogConfig: Setting CVar [[gc.SizeOfPermanentObjectPool:0]]
[2026-05-14T02:58:01.0693769-07:00] [pid=12064] [2026.05.14-09.58.01:069][  0]LogConfig: Setting CVar [[gc.FlushStreamingOnGC:0]]
[2026-05-14T02:58:01.0693769-07:00] [pid=12064] [2026.05.14-09.58.01:069][  0]LogConfig: Setting CVar [[gc.NumRetriesBeforeForcingGC:10]]
[2026-05-14T02:58:01.0693769-07:00] [pid=12064] [2026.05.14-09.58.01:069][  0]LogConfig: Setting CVar [[gc.AllowParallelGC:1]]
[2026-05-14T02:58:01.0693769-07:00] [pid=12064] [2026.05.14-09.58.01:069][  0]LogConfig: Setting CVar [[gc.TimeBetweenPurgingPendingKillObjects:61.1]]
[2026-05-14T02:58:01.0703766-07:00] [pid=12064] [2026.05.14-09.58.01:069][  0]LogConfig: Setting CVar [[gc.MaxObjectsInEditor:25165824]]
[2026-05-14T02:58:01.0703766-07:00] [pid=12064] [2026.05.14-09.58.01:070][  0]LogConfig: Setting CVar [[gc.IncrementalBeginDestroyEnabled:1]]
[2026-05-14T02:58:01.0703766-07:00] [pid=12064] [2026.05.14-09.58.01:070][  0]LogConfig: Setting CVar [[gc.CreateGCClusters:1]]
[2026-05-14T02:58:01.0703766-07:00] [pid=12064] [2026.05.14-09.58.01:070][  0]LogConfig: Setting CVar [[gc.MinGCClusterSize:5]]
[2026-05-14T02:58:01.0703766-07:00] [pid=12064] [2026.05.14-09.58.01:070][  0]LogConfig: Setting CVar [[gc.ActorClusteringEnabled:0]]
[2026-05-14T02:58:01.0703766-07:00] [pid=12064] [2026.05.14-09.58.01:070][  0]LogConfig: Setting CVar [[gc.BlueprintClusteringEnabled:0]]
[2026-05-14T02:58:01.0708799-07:00] [pid=12064] [2026.05.14-09.58.01:070][  0]LogConfig: Setting CVar [[gc.UseDisregardForGCOnDedicatedServers:0]]
[2026-05-14T02:58:01.0708799-07:00] [pid=12064] [2026.05.14-09.58.01:070][  0]LogConfig: Setting CVar [[gc.MultithreadedDestructionEnabled:1]]
[2026-05-14T02:58:01.0708799-07:00] [pid=12064] [2026.05.14-09.58.01:070][  0]LogConfig: Applying CVar settings from Section [/Script/Engine.NetworkSettings] File [C:/Users/kapil/OneDrive/Documents/Unreal Projects/testTP/Saved/Config/Windows/Engine.ini]
[2026-05-14T02:58:01.0708799-07:00] [pid=12064] [2026.05.14-09.58.01:070][  0]LogConfig: Applying CVar settings from Section [/Script/UnrealEd.CookerSettings] File [C:/Users/kapil/OneDrive/Documents/Unreal Projects/testTP/Saved/Config/Windows/Engine.ini]
[2026-05-14T02:58:01.0763920-07:00] [pid=12064] [2026.05.14-09.58.01:074][  0]LogConfig: Applying CVar settings from Section [ViewDistanceQuality@3] File [C:/Users/kapil/OneDrive/Documents/Unreal Projects/testTP/Saved/Config/Windows/Scalability.ini]
[2026-05-14T02:58:01.0763920-07:00] [pid=12064] [2026.05.14-09.58.01:074][  0]LogConfig: Setting CVar [[r.SkeletalMeshLODBias:0]]
[2026-05-14T02:58:01.0763920-07:00] [pid=12064] [2026.05.14-09.58.01:076][  0]LogConfig: Setting CVar [[r.ViewDistanceScale:1.0]]
[2026-05-14T02:58:01.0763920-07:00] [pid=12064] [2026.05.14-09.58.01:076][  0]LogConfig: Applying CVar settings from Section [AntiAliasingQuality@3] File [C:/Users/kapil/OneDrive/Documents/Unreal Projects/testTP/Saved/Config/Windows/Scalability.ini]
[2026-05-14T02:58:01.0763920-07:00] [pid=12064] [2026.05.14-09.58.01:076][  0]LogConfig: Setting CVar [[r.PostProcessAAQuality:4]]
[2026-05-14T02:58:01.0763920-07:00] [pid=12064] [2026.05.14-09.58.01:076][  0]LogConfig: Applying CVar settings from Section [ShadowQuality@3] File [C:/Users/kapil/OneDrive/Documents/Unreal Projects/testTP/Saved/Config/Windows/Scalability.ini]
[2026-05-14T02:58:01.0763920-07:00] [pid=12064] [2026.05.14-09.58.01:076][  0]LogConfig: Setting CVar [[r.LightFunctionQuality:1]]
[2026-05-14T02:58:01.0763920-07:00] [pid=12064] [2026.05.14-09.58.01:076][  0]LogConfig: Setting CVar [[r.ShadowQuality:5]]
[2026-05-14T02:58:01.0763920-07:00] [pid=12064] [2026.05.14-09.58.01:076][  0]LogConfig: Setting CVar [[r.Shadow.CSM.MaxCascades:10]]
[2026-05-14T02:58:01.0763920-07:00] [pid=12064] [2026.05.14-09.58.01:076][  0]LogConfig: Setting CVar [[r.Shadow.MaxResolution:2048]]
[2026-05-14T02:58:01.0763920-07:00] [pid=12064] [2026.05.14-09.58.01:076][  0]LogConfig: Setting CVar [[r.Shadow.MaxCSMResolution:2048]]
[2026-05-14T02:58:01.0763920-07:00] [pid=12064] [2026.05.14-09.58.01:076][  0]LogConfig: Setting CVar [[r.Shadow.RadiusThreshold:0.01]]
[2026-05-14T02:58:01.0763920-07:00] [pid=12064] [2026.05.14-09.58.01:076][  0]LogConfig: Setting CVar [[r.Shadow.DistanceScale:1.0]]
[2026-05-14T02:58:01.0763920-07:00] [pid=12064] [2026.05.14-09.58.01:076][  0]LogConfig: Setting CVar [[r.Shadow.CSM.TransitionScale:1.0]]
[2026-05-14T02:58:01.0763920-07:00] [pid=12064] [2026.05.14-09.58.01:076][  0]LogConfig: Setting CVar [[r.Shadow.PreShadowResolutionFactor:1.0]]
[2026-05-14T02:58:01.0763920-07:00] [pid=12064] [2026.05.14-09.58.01:076][  0]LogConfig: Setting CVar [[r.DistanceFieldShadowing:1]]
[2026-05-14T02:58:01.0773993-07:00] [pid=12064] [2026.05.14-09.58.01:076][  0]LogConfig: Setting CVar [[r.DistanceFieldAO:1]]
[2026-05-14T02:58:01.0773993-07:00] [pid=12064] [2026.05.14-09.58.01:077][  0]LogConfig: Setting CVar [[r.AOQuality:2]]
[2026-05-14T02:58:01.0773993-07:00] [pid=12064] [2026.05.14-09.58.01:077][  0]LogConfig: Setting CVar [[r.VolumetricFog:1]]
[2026-05-14T02:58:01.0773993-07:00] [pid=12064] [2026.05.14-09.58.01:077][  0]LogConfig: Setting CVar [[r.VolumetricFog.GridPixelSize:8]]
[2026-05-14T02:58:01.0773993-07:00] [pid=12064] [2026.05.14-09.58.01:077][  0]LogConfig: Setting CVar [[r.VolumetricFog.GridSizeZ:128]]
[2026-05-14T02:58:01.0773993-07:00] [pid=12064] [2026.05.14-09.58.01:077][  0]LogConfig: Setting CVar [[r.VolumetricFog.HistoryMissSupersampleCount:4]]
[2026-05-14T02:58:01.0773993-07:00] [pid=12064] [2026.05.14-09.58.01:077][  0]LogConfig: Setting CVar [[r.LightMaxDrawDistanceScale:1]]
[2026-05-14T02:58:01.0773993-07:00] [pid=12064] [2026.05.14-09.58.01:077][  0]LogConfig: Setting CVar [[r.CapsuleShadows:1]]
[2026-05-14T02:58:01.0773993-07:00] [pid=12064] [2026.05.14-09.58.01:077][  0]LogConfig: Applying CVar settings from Section [PostProcessQuality@3] File [C:/Users/kapil/OneDrive/Documents/Unreal Projects/testTP/Saved/Config/Windows/Scalability.ini]
[2026-05-14T02:58:01.0773993-07:00] [pid=12064] [2026.05.14-09.58.01:077][  0]LogConfig: Setting CVar [[r.MotionBlurQuality:4]]
[2026-05-14T02:58:01.0773993-07:00] [pid=12064] [2026.05.14-09.58.01:077][  0]LogConfig: Setting CVar [[r.AmbientOcclusionMipLevelFactor:0.4]]
[2026-05-14T02:58:01.0784015-07:00] [pid=12064] [2026.05.14-09.58.01:077][  0]LogConfig: Setting CVar [[r.AmbientOcclusionMaxQuality:100]]
[2026-05-14T02:58:01.0784015-07:00] [pid=12064] [2026.05.14-09.58.01:078][  0]LogConfig: Setting CVar [[r.AmbientOcclusionLevels:-1]]
[2026-05-14T02:58:01.0784015-07:00] [pid=12064] [2026.05.14-09.58.01:078][  0]LogConfig: Setting CVar [[r.AmbientOcclusionRadiusScale:1.0]]
[2026-05-14T02:58:01.0784015-07:00] [pid=12064] [2026.05.14-09.58.01:078][  0]LogConfig: Setting CVar [[r.DepthOfFieldQuality:2]]
[2026-05-14T02:58:01.0784015-07:00] [pid=12064] [2026.05.14-09.58.01:078][  0]LogConfig: Setting CVar [[r.RenderTargetPoolMin:400]]
[2026-05-14T02:58:01.0784015-07:00] [pid=12064] [2026.05.14-09.58.01:078][  0]LogConfig: Setting CVar [[r.LensFlareQuality:2]]
[2026-05-14T02:58:01.0784015-07:00] [pid=12064] [2026.05.14-09.58.01:078][  0]LogConfig: Setting CVar [[r.SceneColorFringeQuality:1]]
[2026-05-14T02:58:01.0784015-07:00] [pid=12064] [2026.05.14-09.58.01:078][  0]LogConfig: Setting CVar [[r.EyeAdaptationQuality:2]]
[2026-05-14T02:58:01.0784015-07:00] [pid=12064] [2026.05.14-09.58.01:078][  0]LogConfig: Setting CVar [[r.BloomQuality:5]]
[2026-05-14T02:58:01.0784015-07:00] [pid=12064] [2026.05.14-09.58.01:078][  0]LogConfig: Setting CVar [[r.FastBlurThreshold:100]]
[2026-05-14T02:58:01.0793999-07:00] [pid=12064] [2026.05.14-09.58.01:078][  0]LogConfig: Setting CVar [[r.Upscale.Quality:3]]
[2026-05-14T02:58:01.0793999-07:00] [pid=12064] [2026.05.14-09.58.01:079][  0]LogConfig: Setting CVar [[r.Tonemapper.GrainQuantization:1]]
[2026-05-14T02:58:01.0793999-07:00] [pid=12064] [2026.05.14-09.58.01:079][  0]LogConfig: Setting CVar [[r.LightShaftQuality:1]]
[2026-05-14T02:58:01.0793999-07:00] [pid=12064] [2026.05.14-09.58.01:079][  0]LogConfig: Setting CVar [[r.Filter.SizeScale:1]]
[2026-05-14T02:58:01.0793999-07:00] [pid=12064] [2026.05.14-09.58.01:079][  0]LogConfig: Setting CVar [[r.Tonemapper.Quality:5]]
[2026-05-14T02:58:01.0793999-07:00] [pid=12064] [2026.05.14-09.58.01:079][  0]LogConfig: Setting CVar [[r.DOF.Gather.AccumulatorQuality:1        ; higher gathering accumulator quality]]
[2026-05-14T02:58:01.0793999-07:00] [pid=12064] [2026.05.14-09.58.01:079][  0]LogConfig: Setting CVar [[r.DOF.Gather.PostfilterMethod:1          ; Median3x3 postfilering method]]
[2026-05-14T02:58:01.0793999-07:00] [pid=12064] [2026.05.14-09.58.01:079][  0]LogConfig: Setting CVar [[r.DOF.Gather.EnableBokehSettings:0       ; no bokeh simulation when gathering]]
[2026-05-14T02:58:01.0793999-07:00] [pid=12064] [2026.05.14-09.58.01:079][  0]LogConfig: Setting CVar [[r.DOF.Gather.RingCount:4                 ; medium number of samples when gathering]]
[2026-05-14T02:58:01.0803983-07:00] [pid=12064] [2026.05.14-09.58.01:079][  0]LogConfig: Setting CVar [[r.DOF.Scatter.ForegroundCompositing:1    ; additive foreground scattering]]
[2026-05-14T02:58:01.0803983-07:00] [pid=12064] [2026.05.14-09.58.01:079][  0]LogConfig: Setting CVar [[r.DOF.Scatter.BackgroundCompositing:2    ; additive background scattering]]
[2026-05-14T02:58:01.0803983-07:00] [pid=12064] [2026.05.14-09.58.01:080][  0]LogConfig: Setting CVar [[r.DOF.Scatter.EnableBokehSettings:1      ; bokeh simulation when scattering]]
[2026-05-14T02:58:01.0803983-07:00] [pid=12064] [2026.05.14-09.58.01:080][  0]LogConfig: Setting CVar [[r.DOF.Scatter.MaxSpriteRatio:0.1         ; only a maximum of 10% of scattered bokeh]]
[2026-05-14T02:58:01.0809025-07:00] [pid=12064] [2026.05.14-09.58.01:080][  0]LogConfig: Setting CVar [[r.DOF.Recombine.Quality:1                ; cheap slight out of focus]]
[2026-05-14T02:58:01.0809025-07:00] [pid=12064] [2026.05.14-09.58.01:080][  0]LogConfig: Setting CVar [[r.DOF.Recombine.EnableBokehSettings:0    ; no bokeh simulation on slight out of focus]]
[2026-05-14T02:58:01.0809025-07:00] [pid=12064] [2026.05.14-09.58.01:080][  0]LogConfig: Setting CVar [[r.DOF.TemporalAAQuality:1                ; more stable temporal accumulation]]
[2026-05-14T02:58:01.0809025-07:00] [pid=12064] [2026.05.14-09.58.01:080][  0]LogConfig: Setting CVar [[r.DOF.Kernel.MaxForegroundRadius:0.025]]
[2026-05-14T02:58:01.0809025-07:00] [pid=12064] [2026.05.14-09.58.01:080][  0]LogConfig: Setting CVar [[r.DOF.Kernel.MaxBackgroundRadius:0.025]]
[2026-05-14T02:58:01.0809025-07:00] [pid=12064] [2026.05.14-09.58.01:080][  0]LogConfig: Applying CVar settings from Section [TextureQuality@3] File [C:/Users/kapil/OneDrive/Documents/Unreal Projects/testTP/Saved/Config/Windows/Scalability.ini]
[2026-05-14T02:58:01.0809025-07:00] [pid=12064] [2026.05.14-09.58.01:080][  0]LogConfig: Setting CVar [[r.Streaming.MipBias:0]]
[2026-05-14T02:58:01.0809025-07:00] [pid=12064] [2026.05.14-09.58.01:080][  0]LogConfig: Setting CVar [[r.Streaming.AmortizeCPUToGPUCopy:0]]
[2026-05-14T02:58:01.0809025-07:00] [pid=12064] [2026.05.14-09.58.01:080][  0]LogConfig: Setting CVar [[r.Streaming.MaxNumTexturesToStreamPerFrame:0]]
[2026-05-14T02:58:01.0819067-07:00] [pid=12064] [2026.05.14-09.58.01:080][  0]LogConfig: Setting CVar [[r.Streaming.Boost:1]]
[2026-05-14T02:58:01.0819067-07:00] [pid=12064] [2026.05.14-09.58.01:080][  0]LogConfig: Setting CVar [[r.MaxAnisotropy:8]]
[2026-05-14T02:58:01.0819067-07:00] [pid=12064] [2026.05.14-09.58.01:081][  0]LogConfig: Setting CVar [[r.VT.MaxAnisotropy:8]]
[2026-05-14T02:58:01.0819067-07:00] [pid=12064] [2026.05.14-09.58.01:081][  0]LogConfig: Setting CVar [[r.Streaming.LimitPoolSizeToVRAM:0]]
[2026-05-14T02:58:01.0819067-07:00] [pid=12064] [2026.05.14-09.58.01:081][  0]LogConfig: Setting CVar [[r.Streaming.PoolSize:1000]]
[2026-05-14T02:58:01.0819067-07:00] [pid=12064] [2026.05.14-09.58.01:081][  0]LogConfig: Setting CVar [[r.Streaming.MaxEffectiveScreenSize:0]]
[2026-05-14T02:58:01.0819067-07:00] [pid=12064] [2026.05.14-09.58.01:081][  0]LogConfig: Applying CVar settings from Section [EffectsQuality@3] File [C:/Users/kapil/OneDrive/Documents/Unreal Projects/testTP/Saved/Config/Windows/Scalability.ini]
[2026-05-14T02:58:01.0819067-07:00] [pid=12064] [2026.05.14-09.58.01:081][  0]LogConfig: Setting CVar [[r.TranslucencyLightingVolumeDim:64]]
[2026-05-14T02:58:01.0819067-07:00] [pid=12064] [2026.05.14-09.58.01:081][  0]LogConfig: Setting CVar [[r.RefractionQuality:2]]
[2026-05-14T02:58:01.0819067-07:00] [pid=12064] [2026.05.14-09.58.01:081][  0]LogConfig: Setting CVar [[r.SSR.Quality:3]]
[2026-05-14T02:58:01.0819067-07:00] [pid=12064] [2026.05.14-09.58.01:081][  0]LogConfig: Setting CVar [[r.SSR.HalfResSceneColor:0]]
[2026-05-14T02:58:01.0819067-07:00] [pid=12064] [2026.05.14-09.58.01:081][  0]LogConfig: Setting CVar [[r.SceneColorFormat:4]]
[2026-05-14T02:58:01.0829107-07:00] [pid=12064] [2026.05.14-09.58.01:081][  0]LogConfig: Setting CVar [[r.DetailMode:2]]
[2026-05-14T02:58:01.0829107-07:00] [pid=12064] [2026.05.14-09.58.01:081][  0]LogConfig: Setting CVar [[r.TranslucencyVolumeBlur:1]]
[2026-05-14T02:58:01.0829107-07:00] [pid=12064] [2026.05.14-09.58.01:082][  0]LogConfig: Setting CVar [[r.MaterialQualityLevel:1 ; High quality]]
[2026-05-14T02:58:01.0829107-07:00] [pid=12064] [2026.05.14-09.58.01:082][  0]LogConfig: Setting CVar [[r.AnisotropicMaterials:1]]
[2026-05-14T02:58:01.0829107-07:00] [pid=12064] [2026.05.14-09.58.01:082][  0]LogConfig: Setting CVar [[r.SSS.Scale:1]]
[2026-05-14T02:58:01.0829107-07:00] [pid=12064] [2026.05.14-09.58.01:082][  0]LogConfig: Setting CVar [[r.SSS.SampleSet:2]]
[2026-05-14T02:58:01.0829107-07:00] [pid=12064] [2026.05.14-09.58.01:082][  0]LogConfig: Setting CVar [[r.SSS.Quality:1]]
[2026-05-14T02:58:01.0829107-07:00] [pid=12064] [2026.05.14-09.58.01:082][  0]LogConfig: Setting CVar [[r.SSS.HalfRes:0]]
[2026-05-14T02:58:01.0839102-07:00] [pid=12064] [2026.05.14-09.58.01:082][  0]LogConfig: Setting CVar [[r.SSGI.Quality:3]]
[2026-05-14T02:58:01.0839102-07:00] [pid=12064] [2026.05.14-09.58.01:082][  0]LogConfig: Setting CVar [[r.EmitterSpawnRateScale:1.0]]
[2026-05-14T02:58:01.0839102-07:00] [pid=12064] [2026.05.14-09.58.01:083][  0]LogConfig: Setting CVar [[r.ParticleLightQuality:2]]
[2026-05-14T02:58:01.0839102-07:00] [pid=12064] [2026.05.14-09.58.01:083][  0]LogConfig: Setting CVar [[r.SkyAtmosphere.AerialPerspectiveLUT.FastApplyOnOpaque:1 ; Always have FastSkyLUT 1 in this case to avoid wrong sky]]
[2026-05-14T02:58:01.0839102-07:00] [pid=12064] [2026.05.14-09.58.01:083][  0]LogConfig: Setting CVar [[r.SkyAtmosphere.AerialPerspectiveLUT.SampleCountMaxPerSlice:4]]
[2026-05-14T02:58:01.0839102-07:00] [pid=12064] [2026.05.14-09.58.01:083][  0]LogConfig: Setting CVar [[r.SkyAtmosphere.AerialPerspectiveLUT.DepthResolution:16.0]]
[2026-05-14T02:58:01.0839102-07:00] [pid=12064] [2026.05.14-09.58.01:083][  0]LogConfig: Setting CVar [[r.SkyAtmosphere.FastSkyLUT:1]]
[2026-05-14T02:58:01.0839102-07:00] [pid=12064] [2026.05.14-09.58.01:083][  0]LogConfig: Setting CVar [[r.SkyAtmosphere.FastSkyLUT.SampleCountMin:4.0]]
[2026-05-14T02:58:01.0839102-07:00] [pid=12064] [2026.05.14-09.58.01:083][  0]LogConfig: Setting CVar [[r.SkyAtmosphere.FastSkyLUT.SampleCountMax:128.0]]
[2026-05-14T02:58:01.0849111-07:00] [pid=12064] [2026.05.14-09.58.01:083][  0]LogConfig: Setting CVar [[r.SkyAtmosphere.SampleCountMin:4.0]]
[2026-05-14T02:58:01.0849111-07:00] [pid=12064] [2026.05.14-09.58.01:083][  0]LogConfig: Setting CVar [[r.SkyAtmosphere.SampleCountMax:128.0]]
[2026-05-14T02:58:01.0849111-07:00] [pid=12064] [2026.05.14-09.58.01:084][  0]LogConfig: Setting CVar [[r.SkyAtmosphere.TransmittanceLUT.UseSmallFormat:0]]
[2026-05-14T02:58:01.0849111-07:00] [pid=12064] [2026.05.14-09.58.01:084][  0]LogConfig: Setting CVar [[r.SkyAtmosphere.TransmittanceLUT.SampleCount:10.0]]
[2026-05-14T02:58:01.0849111-07:00] [pid=12064] [2026.05.14-09.58.01:084][  0]LogConfig: Setting CVar [[r.SkyAtmosphere.MultiScatteringLUT.SampleCount:15.0]]
[2026-05-14T02:58:01.0849111-07:00] [pid=12064] [2026.05.14-09.58.01:084][  0]LogConfig: Setting CVar [[r.SkyLight.RealTimeReflectionCapture:1]]
[2026-05-14T02:58:01.0849111-07:00] [pid=12064] [2026.05.14-09.58.01:084][  0]LogConfig: Applying CVar settings from Section [FoliageQuality@3] File [C:/Users/kapil/OneDrive/Documents/Unreal Projects/testTP/Saved/Config/Windows/Scalability.ini]
[2026-05-14T02:58:01.0849111-07:00] [pid=12064] [2026.05.14-09.58.01:084][  0]LogConfig: Setting CVar [[foliage.DensityScale:1.0]]
[2026-05-14T02:58:01.0849111-07:00] [pid=12064] [2026.05.14-09.58.01:084][  0]LogConfig: Setting CVar [[grass.DensityScale:1.0]]
[2026-05-14T02:58:01.0849111-07:00] [pid=12064] [2026.05.14-09.58.01:084][  0]LogConfig: Applying CVar settings from Section [ShadingQuality@3] File [C:/Users/kapil/OneDrive/Documents/Unreal Projects/testTP/Saved/Config/Windows/Scalability.ini]
[2026-05-14T02:58:01.0849111-07:00] [pid=12064] [2026.05.14-09.58.01:084][  0]LogConfig: Setting CVar [[r.HairStrands.SkyLighting.IntegrationType:2]]
[2026-05-14T02:58:01.0849111-07:00] [pid=12064] [2026.05.14-09.58.01:084][  0]LogConfig: Setting CVar [[r.HairStrands.SkyAO.SampleCount:4]]
[2026-05-14T02:58:01.0849111-07:00] [pid=12064] [2026.05.14-09.58.01:084][  0]LogConfig: Setting CVar [[r.HairStrands.Visibility.MSAA.SamplePerPixel:4]]
[2026-05-14T02:58:01.0849111-07:00] [pid=12064] [2026.05.14-09.58.01:084][  0]LogInit: Selected Device Profile: [Windows]
[2026-05-14T02:58:01.0849111-07:00] [pid=12064] [2026.05.14-09.58.01:084][  0]LogInit: Applying CVar settings loaded from the selected device profile: [Windows]
[2026-05-14T02:58:01.0849111-07:00] [pid=12064] [2026.05.14-09.58.01:084][  0]LogHAL: Display: Platform has ~ 16 GB [16849256448 / 17179869184 / 16], which maps to Larger [LargestMinGB=32, LargerMinGB=12, DefaultMinGB=8, SmallerMinGB=6, SmallestMinGB=0)
[2026-05-14T02:58:01.0849111-07:00] [pid=12064] [2026.05.14-09.58.01:084][  0]LogInit: Going up to parent DeviceProfile []
[2026-05-14T02:58:01.0849111-07:00] [pid=12064] [2026.05.14-09.58.01:084][  0]LogConfig: Applying CVar settings from Section [ViewDistanceQuality@3] File [C:/Users/kapil/OneDrive/Documents/Unreal Projects/testTP/Saved/Config/Windows/Scalability.ini]
[2026-05-14T02:58:01.0864145-07:00] [pid=12064] [2026.05.14-09.58.01:084][  0]LogConfig: Setting CVar [[r.SkeletalMeshLODBias:0]]
[2026-05-14T02:58:01.0864145-07:00] [pid=12064] [2026.05.14-09.58.01:084][  0]LogConfig: Setting CVar [[r.ViewDistanceScale:1.0]]
[2026-05-14T02:58:01.0864145-07:00] [pid=12064] [2026.05.14-09.58.01:086][  0]LogConfig: Applying CVar settings from Section [AntiAliasingQuality@3] File [C:/Users/kapil/OneDrive/Documents/Unreal Projects/testTP/Saved/Config/Windows/Scalability.ini]
[2026-05-14T02:58:01.0864145-07:00] [pid=12064] [2026.05.14-09.58.01:086][  0]LogConfig: Setting CVar [[r.PostProcessAAQuality:4]]
[2026-05-14T02:58:01.0864145-07:00] [pid=12064] [2026.05.14-09.58.01:086][  0]LogConfig: Applying CVar settings from Section [ShadowQuality@3] File [C:/Users/kapil/OneDrive/Documents/Unreal Projects/testTP/Saved/Config/Windows/Scalability.ini]
[2026-05-14T02:58:01.0864145-07:00] [pid=12064] [2026.05.14-09.58.01:086][  0]LogConfig: Setting CVar [[r.LightFunctionQuality:1]]
[2026-05-14T02:58:01.0864145-07:00] [pid=12064] [2026.05.14-09.58.01:086][  0]LogConfig: Setting CVar [[r.ShadowQuality:5]]
[2026-05-14T02:58:01.0864145-07:00] [pid=12064] [2026.05.14-09.58.01:086][  0]LogConfig: Setting CVar [[r.Shadow.CSM.MaxCascades:10]]
[2026-05-14T02:58:01.0864145-07:00] [pid=12064] [2026.05.14-09.58.01:086][  0]LogConfig: Setting CVar [[r.Shadow.MaxResolution:2048]]
[2026-05-14T02:58:01.0864145-07:00] [pid=12064] [2026.05.14-09.58.01:086][  0]LogConfig: Setting CVar [[r.Shadow.MaxCSMResolution:2048]]
[2026-05-14T02:58:01.0864145-07:00] [pid=12064] [2026.05.14-09.58.01:086][  0]LogConfig: Setting CVar [[r.Shadow.RadiusThreshold:0.01]]
[2026-05-14T02:58:01.0874205-07:00] [pid=12064] [2026.05.14-09.58.01:086][  0]LogConfig: Setting CVar [[r.Shadow.DistanceScale:1.0]]
[2026-05-14T02:58:01.0874205-07:00] [pid=12064] [2026.05.14-09.58.01:087][  0]LogConfig: Setting CVar [[r.Shadow.CSM.TransitionScale:1.0]]
[2026-05-14T02:58:01.0874205-07:00] [pid=12064] [2026.05.14-09.58.01:087][  0]LogConfig: Setting CVar [[r.Shadow.PreShadowResolutionFactor:1.0]]
[2026-05-14T02:58:01.0874205-07:00] [pid=12064] [2026.05.14-09.58.01:087][  0]LogConfig: Setting CVar [[r.DistanceFieldShadowing:1]]
[2026-05-14T02:58:01.0874205-07:00] [pid=12064] [2026.05.14-09.58.01:087][  0]LogConfig: Setting CVar [[r.DistanceFieldAO:1]]
[2026-05-14T02:58:01.0874205-07:00] [pid=12064] [2026.05.14-09.58.01:087][  0]LogConfig: Setting CVar [[r.AOQuality:2]]
[2026-05-14T02:58:01.0874205-07:00] [pid=12064] [2026.05.14-09.58.01:087][  0]LogConfig: Setting CVar [[r.VolumetricFog:1]]
[2026-05-14T02:58:01.0874205-07:00] [pid=12064] [2026.05.14-09.58.01:087][  0]LogConfig: Setting CVar [[r.VolumetricFog.GridPixelSize:8]]
[2026-05-14T02:58:01.0874205-07:00] [pid=12064] [2026.05.14-09.58.01:087][  0]LogConfig: Setting CVar [[r.VolumetricFog.GridSizeZ:128]]
[2026-05-14T02:58:01.0874205-07:00] [pid=12064] [2026.05.14-09.58.01:087][  0]LogConfig: Setting CVar [[r.VolumetricFog.HistoryMissSupersampleCount:4]]
[2026-05-14T02:58:01.0874205-07:00] [pid=12064] [2026.05.14-09.58.01:087][  0]LogConfig: Setting CVar [[r.LightMaxDrawDistanceScale:1]]
[2026-05-14T02:58:01.0884198-07:00] [pid=12064] [2026.05.14-09.58.01:087][  0]LogConfig: Setting CVar [[r.CapsuleShadows:1]]
[2026-05-14T02:58:01.0884198-07:00] [pid=12064] [2026.05.14-09.58.01:087][  0]LogConfig: Applying CVar settings from Section [PostProcessQuality@3] File [C:/Users/kapil/OneDrive/Documents/Unreal Projects/testTP/Saved/Config/Windows/Scalability.ini]
[2026-05-14T02:58:01.0884198-07:00] [pid=12064] [2026.05.14-09.58.01:088][  0]LogConfig: Setting CVar [[r.MotionBlurQuality:4]]
[2026-05-14T02:58:01.0884198-07:00] [pid=12064] [2026.05.14-09.58.01:088][  0]LogConfig: Setting CVar [[r.AmbientOcclusionMipLevelFactor:0.4]]
[2026-05-14T02:58:01.0884198-07:00] [pid=12064] [2026.05.14-09.58.01:088][  0]LogConfig: Setting CVar [[r.AmbientOcclusionMaxQuality:100]]
[2026-05-14T02:58:01.0884198-07:00] [pid=12064] [2026.05.14-09.58.01:088][  0]LogConfig: Setting CVar [[r.AmbientOcclusionLevels:-1]]
[2026-05-14T02:58:01.0884198-07:00] [pid=12064] [2026.05.14-09.58.01:088][  0]LogConfig: Setting CVar [[r.AmbientOcclusionRadiusScale:1.0]]
[2026-05-14T02:58:01.0884198-07:00] [pid=12064] [2026.05.14-09.58.01:088][  0]LogConfig: Setting CVar [[r.DepthOfFieldQuality:2]]
[2026-05-14T02:58:01.0884198-07:00] [pid=12064] [2026.05.14-09.58.01:088][  0]LogConfig: Setting CVar [[r.RenderTargetPoolMin:400]]
[2026-05-14T02:58:01.0884198-07:00] [pid=12064] [2026.05.14-09.58.01:088][  0]LogConfig: Setting CVar [[r.LensFlareQuality:2]]
[2026-05-14T02:58:01.0884198-07:00] [pid=12064] [2026.05.14-09.58.01:088][  0]LogConfig: Setting CVar [[r.SceneColorFringeQuality:1]]
[2026-05-14T02:58:01.0884198-07:00] [pid=12064] [2026.05.14-09.58.01:088][  0]LogConfig: Setting CVar [[r.EyeAdaptationQuality:2]]
[2026-05-14T02:58:01.0894199-07:00] [pid=12064] [2026.05.14-09.58.01:088][  0]LogConfig: Setting CVar [[r.BloomQuality:5]]
[2026-05-14T02:58:01.0894199-07:00] [pid=12064] [2026.05.14-09.58.01:088][  0]LogConfig: Setting CVar [[r.FastBlurThreshold:100]]
[2026-05-14T02:58:01.0894199-07:00] [pid=12064] [2026.05.14-09.58.01:089][  0]LogConfig: Setting CVar [[r.Upscale.Quality:3]]
[2026-05-14T02:58:01.0894199-07:00] [pid=12064] [2026.05.14-09.58.01:089][  0]LogConfig: Setting CVar [[r.Tonemapper.GrainQuantization:1]]
[2026-05-14T02:58:01.0894199-07:00] [pid=12064] [2026.05.14-09.58.01:089][  0]LogConfig: Setting CVar [[r.LightShaftQuality:1]]
[2026-05-14T02:58:01.0894199-07:00] [pid=12064] [2026.05.14-09.58.01:089][  0]LogConfig: Setting CVar [[r.Filter.SizeScale:1]]
[2026-05-14T02:58:01.0894199-07:00] [pid=12064] [2026.05.14-09.58.01:089][  0]LogConfig: Setting CVar [[r.Tonemapper.Quality:5]]
[2026-05-14T02:58:01.0894199-07:00] [pid=12064] [2026.05.14-09.58.01:089][  0]LogConfig: Setting CVar [[r.DOF.Gather.AccumulatorQuality:1        ; higher gathering accumulator quality]]
[2026-05-14T02:58:01.0894199-07:00] [pid=12064] [2026.05.14-09.58.01:089][  0]LogConfig: Setting CVar [[r.DOF.Gather.PostfilterMethod:1          ; Median3x3 postfilering method]]
[2026-05-14T02:58:01.0894199-07:00] [pid=12064] [2026.05.14-09.58.01:089][  0]LogConfig: Setting CVar [[r.DOF.Gather.EnableBokehSettings:0       ; no bokeh simulation when gathering]]
[2026-05-14T02:58:01.0894199-07:00] [pid=12064] [2026.05.14-09.58.01:089][  0]LogConfig: Setting CVar [[r.DOF.Gather.RingCount:4                 ; medium number of samples when gathering]]
[2026-05-14T02:58:01.0894199-07:00] [pid=12064] [2026.05.14-09.58.01:089][  0]LogConfig: Setting CVar [[r.DOF.Scatter.ForegroundCompositing:1    ; additive foreground scattering]]
[2026-05-14T02:58:01.0894199-07:00] [pid=12064] [2026.05.14-09.58.01:089][  0]LogConfig: Setting CVar [[r.DOF.Scatter.BackgroundCompositing:2    ; additive background scattering]]
[2026-05-14T02:58:01.0894199-07:00] [pid=12064] [2026.05.14-09.58.01:089][  0]LogConfig: Setting CVar [[r.DOF.Scatter.EnableBokehSettings:1      ; bokeh simulation when scattering]]
[2026-05-14T02:58:01.0904199-07:00] [pid=12064] [2026.05.14-09.58.01:089][  0]LogConfig: Setting CVar [[r.DOF.Scatter.MaxSpriteRatio:0.1         ; only a maximum of 10% of scattered bokeh]]
[2026-05-14T02:58:01.0904199-07:00] [pid=12064] [2026.05.14-09.58.01:090][  0]LogConfig: Setting CVar [[r.DOF.Recombine.Quality:1                ; cheap slight out of focus]]
[2026-05-14T02:58:01.0904199-07:00] [pid=12064] [2026.05.14-09.58.01:090][  0]LogConfig: Setting CVar [[r.DOF.Recombine.EnableBokehSettings:0    ; no bokeh simulation on slight out of focus]]
[2026-05-14T02:58:01.0904199-07:00] [pid=12064] [2026.05.14-09.58.01:090][  0]LogConfig: Setting CVar [[r.DOF.TemporalAAQuality:1                ; more stable temporal accumulation]]
[2026-05-14T02:58:01.0904199-07:00] [pid=12064] [2026.05.14-09.58.01:090][  0]LogConfig: Setting CVar [[r.DOF.Kernel.MaxForegroundRadius:0.025]]
[2026-05-14T02:58:01.0904199-07:00] [pid=12064] [2026.05.14-09.58.01:090][  0]LogConfig: Setting CVar [[r.DOF.Kernel.MaxBackgroundRadius:0.025]]
[2026-05-14T02:58:01.0909228-07:00] [pid=12064] [2026.05.14-09.58.01:090][  0]LogConfig: Applying CVar settings from Section [TextureQuality@3] File [C:/Users/kapil/OneDrive/Documents/Unreal Projects/testTP/Saved/Config/Windows/Scalability.ini]
[2026-05-14T02:58:01.0909228-07:00] [pid=12064] [2026.05.14-09.58.01:090][  0]LogConfig: Setting CVar [[r.Streaming.MipBias:0]]
[2026-05-14T02:58:01.0909228-07:00] [pid=12064] [2026.05.14-09.58.01:090][  0]LogConfig: Setting CVar [[r.Streaming.AmortizeCPUToGPUCopy:0]]
[2026-05-14T02:58:01.0909228-07:00] [pid=12064] [2026.05.14-09.58.01:090][  0]LogConfig: Setting CVar [[r.Streaming.MaxNumTexturesToStreamPerFrame:0]]
[2026-05-14T02:58:01.0909228-07:00] [pid=12064] [2026.05.14-09.58.01:090][  0]LogConfig: Setting CVar [[r.Streaming.Boost:1]]
[2026-05-14T02:58:01.0909228-07:00] [pid=12064] [2026.05.14-09.58.01:090][  0]LogConfig: Setting CVar [[r.MaxAnisotropy:8]]
[2026-05-14T02:58:01.0909228-07:00] [pid=12064] [2026.05.14-09.58.01:090][  0]LogConfig: Setting CVar [[r.VT.MaxAnisotropy:8]]
[2026-05-14T02:58:01.0909228-07:00] [pid=12064] [2026.05.14-09.58.01:090][  0]LogConfig: Setting CVar [[r.Streaming.LimitPoolSizeToVRAM:0]]
[2026-05-14T02:58:01.0909228-07:00] [pid=12064] [2026.05.14-09.58.01:090][  0]LogConfig: Setting CVar [[r.Streaming.PoolSize:1000]]
[2026-05-14T02:58:01.0909228-07:00] [pid=12064] [2026.05.14-09.58.01:090][  0]LogConfig: Setting CVar [[r.Streaming.MaxEffectiveScreenSize:0]]
[2026-05-14T02:58:01.0909228-07:00] [pid=12064] [2026.05.14-09.58.01:090][  0]LogConfig: Applying CVar settings from Section [EffectsQuality@3] File [C:/Users/kapil/OneDrive/Documents/Unreal Projects/testTP/Saved/Config/Windows/Scalability.ini]
[2026-05-14T02:58:01.0919265-07:00] [pid=12064] [2026.05.14-09.58.01:090][  0]LogConfig: Setting CVar [[r.TranslucencyLightingVolumeDim:64]]
[2026-05-14T02:58:01.0919265-07:00] [pid=12064] [2026.05.14-09.58.01:091][  0]LogConfig: Setting CVar [[r.RefractionQuality:2]]
[2026-05-14T02:58:01.0919265-07:00] [pid=12064] [2026.05.14-09.58.01:091][  0]LogConfig: Setting CVar [[r.SSR.Quality:3]]
[2026-05-14T02:58:01.0919265-07:00] [pid=12064] [2026.05.14-09.58.01:091][  0]LogConfig: Setting CVar [[r.SSR.HalfResSceneColor:0]]
[2026-05-14T02:58:01.0919265-07:00] [pid=12064] [2026.05.14-09.58.01:091][  0]LogConfig: Setting CVar [[r.SceneColorFormat:4]]
[2026-05-14T02:58:01.0919265-07:00] [pid=12064] [2026.05.14-09.58.01:091][  0]LogConfig: Setting CVar [[r.DetailMode:2]]
[2026-05-14T02:58:01.0919265-07:00] [pid=12064] [2026.05.14-09.58.01:091][  0]LogConfig: Setting CVar [[r.TranslucencyVolumeBlur:1]]
[2026-05-14T02:58:01.0919265-07:00] [pid=12064] [2026.05.14-09.58.01:091][  0]LogConfig: Setting CVar [[r.MaterialQualityLevel:1 ; High quality]]
[2026-05-14T02:58:01.0919265-07:00] [pid=12064] [2026.05.14-09.58.01:091][  0]LogConfig: Setting CVar [[r.AnisotropicMaterials:1]]
[2026-05-14T02:58:01.0919265-07:00] [pid=12064] [2026.05.14-09.58.01:091][  0]LogConfig: Setting CVar [[r.SSS.Scale:1]]
[2026-05-14T02:58:01.0919265-07:00] [pid=12064] [2026.05.14-09.58.01:091][  0]LogConfig: Setting CVar [[r.SSS.SampleSet:2]]
[2026-05-14T02:58:01.0919265-07:00] [pid=12064] [2026.05.14-09.58.01:091][  0]LogConfig: Setting CVar [[r.SSS.Quality:1]]
[2026-05-14T02:58:01.0919265-07:00] [pid=12064] [2026.05.14-09.58.01:091][  0]LogConfig: Setting CVar [[r.SSS.HalfRes:0]]
[2026-05-14T02:58:01.0919265-07:00] [pid=12064] [2026.05.14-09.58.01:091][  0]LogConfig: Setting CVar [[r.SSGI.Quality:3]]
[2026-05-14T02:58:01.0919265-07:00] [pid=12064] [2026.05.14-09.58.01:091][  0]LogConfig: Setting CVar [[r.EmitterSpawnRateScale:1.0]]
[2026-05-14T02:58:01.0929303-07:00] [pid=12064] [2026.05.14-09.58.01:091][  0]LogConfig: Setting CVar [[r.ParticleLightQuality:2]]
[2026-05-14T02:58:01.0929303-07:00] [pid=12064] [2026.05.14-09.58.01:091][  0]LogConfig: Setting CVar [[r.SkyAtmosphere.AerialPerspectiveLUT.FastApplyOnOpaque:1 ; Always have FastSkyLUT 1 in this case to avoid wrong sky]]
[2026-05-14T02:58:01.0929303-07:00] [pid=12064] [2026.05.14-09.58.01:092][  0]LogConfig: Setting CVar [[r.SkyAtmosphere.AerialPerspectiveLUT.SampleCountMaxPerSlice:4]]
[2026-05-14T02:58:01.0929303-07:00] [pid=12064] [2026.05.14-09.58.01:092][  0]LogConfig: Setting CVar [[r.SkyAtmosphere.AerialPerspectiveLUT.DepthResolution:16.0]]
[2026-05-14T02:58:01.0929303-07:00] [pid=12064] [2026.05.14-09.58.01:092][  0]LogConfig: Setting CVar [[r.SkyAtmosphere.FastSkyLUT:1]]
[2026-05-14T02:58:01.0929303-07:00] [pid=12064] [2026.05.14-09.58.01:092][  0]LogConfig: Setting CVar [[r.SkyAtmosphere.FastSkyLUT.SampleCountMin:4.0]]
[2026-05-14T02:58:01.0929303-07:00] [pid=12064] [2026.05.14-09.58.01:092][  0]LogConfig: Setting CVar [[r.SkyAtmosphere.FastSkyLUT.SampleCountMax:128.0]]
[2026-05-14T02:58:01.0929303-07:00] [pid=12064] [2026.05.14-09.58.01:092][  0]LogConfig: Setting CVar [[r.SkyAtmosphere.SampleCountMin:4.0]]
[2026-05-14T02:58:01.0929303-07:00] [pid=12064] [2026.05.14-09.58.01:092][  0]LogConfig: Setting CVar [[r.SkyAtmosphere.SampleCountMax:128.0]]
[2026-05-14T02:58:01.0929303-07:00] [pid=12064] [2026.05.14-09.58.01:092][  0]LogConfig: Setting CVar [[r.SkyAtmosphere.TransmittanceLUT.UseSmallFormat:0]]
[2026-05-14T02:58:01.0929303-07:00] [pid=12064] [2026.05.14-09.58.01:092][  0]LogConfig: Setting CVar [[r.SkyAtmosphere.TransmittanceLUT.SampleCount:10.0]]
[2026-05-14T02:58:01.0929303-07:00] [pid=12064] [2026.05.14-09.58.01:092][  0]LogConfig: Setting CVar [[r.SkyAtmosphere.MultiScatteringLUT.SampleCount:15.0]]
[2026-05-14T02:58:01.0939294-07:00] [pid=12064] [2026.05.14-09.58.01:092][  0]LogConfig: Setting CVar [[r.SkyLight.RealTimeReflectionCapture:1]]
[2026-05-14T02:58:01.0939294-07:00] [pid=12064] [2026.05.14-09.58.01:093][  0]LogConfig: Applying CVar settings from Section [FoliageQuality@3] File [C:/Users/kapil/OneDrive/Documents/Unreal Projects/testTP/Saved/Config/Windows/Scalability.ini]
[2026-05-14T02:58:01.0939294-07:00] [pid=12064] [2026.05.14-09.58.01:093][  0]LogConfig: Setting CVar [[foliage.DensityScale:1.0]]
[2026-05-14T02:58:01.0939294-07:00] [pid=12064] [2026.05.14-09.58.01:093][  0]LogConfig: Setting CVar [[grass.DensityScale:1.0]]
[2026-05-14T02:58:01.0939294-07:00] [pid=12064] [2026.05.14-09.58.01:093][  0]LogConfig: Applying CVar settings from Section [ShadingQuality@3] File [C:/Users/kapil/OneDrive/Documents/Unreal Projects/testTP/Saved/Config/Windows/Scalability.ini]
[2026-05-14T02:58:01.0939294-07:00] [pid=12064] [2026.05.14-09.58.01:093][  0]LogConfig: Setting CVar [[r.HairStrands.SkyLighting.IntegrationType:2]]
[2026-05-14T02:58:01.0939294-07:00] [pid=12064] [2026.05.14-09.58.01:093][  0]LogConfig: Setting CVar [[r.HairStrands.SkyAO.SampleCount:4]]
[2026-05-14T02:58:01.0939294-07:00] [pid=12064] [2026.05.14-09.58.01:093][  0]LogConfig: Setting CVar [[r.HairStrands.Visibility.MSAA.SamplePerPixel:4]]
[2026-05-14T02:58:01.0939294-07:00] [pid=12064] [2026.05.14-09.58.01:093][  0]LogConfig: Applying CVar settings from Section [Startup] File [../../../Engine/Config/ConsoleVariables.ini]
[2026-05-14T02:58:01.0949306-07:00] [pid=12064] [2026.05.14-09.58.01:093][  0]LogConfig: Setting CVar [[net.UseAdaptiveNetUpdateFrequency:0]]
[2026-05-14T02:58:01.0949306-07:00] [pid=12064] [2026.05.14-09.58.01:094][  0]LogConfig: Setting CVar [[p.chaos.AllowCreatePhysxBodies:1]]
[2026-05-14T02:58:01.0949306-07:00] [pid=12064] [2026.05.14-09.58.01:094][  0]LogConfig: Setting CVar [[fx.SkipVectorVMBackendOptimizations:1]]
[2026-05-14T02:58:01.0949306-07:00] [pid=12064] [2026.05.14-09.58.01:094][  0]LogConfig: Applying CVar settings from Section [ConsoleVariables] File [C:/Users/kapil/OneDrive/Documents/Unreal Projects/testTP/Saved/Config/Windows/Engine.ini]
[2026-05-14T02:58:01.0949306-07:00] [pid=12064] [2026.05.14-09.58.01:094][  0]LogConfig: Applying CVar settings from Section [ConsoleVariables] File [C:/Users/kapil/OneDrive/Documents/Unreal Projects/testTP/Saved/Config/Windows/Editor.ini]
[2026-05-14T02:58:01.0949306-07:00] [pid=12064] [2026.05.14-09.58.01:094][  0]LogInit: Computer: IMMERSEDEMOM5
[2026-05-14T02:58:01.0949306-07:00] [pid=12064] [2026.05.14-09.58.01:094][  0]LogInit: User: kapil
[2026-05-14T02:58:01.0949306-07:00] [pid=12064] [2026.05.14-09.58.01:094][  0]LogInit: CPU Page size=4096, Cores=14
[2026-05-14T02:58:01.0949306-07:00] [pid=12064] [2026.05.14-09.58.01:094][  0]LogInit: High frequency timer resolution =10.000000 MHz
[2026-05-14T02:58:01.0949306-07:00] [pid=12064] [2026.05.14-09.58.01:094][  0]LogMemory: Memory total: Physical=15.7GB (16GB approx)
[2026-05-14T02:58:01.0949306-07:00] [pid=12064] [2026.05.14-09.58.01:094][  0]LogMemory: Platform Memory Stats for Windows
[2026-05-14T02:58:01.0949306-07:00] [pid=12064] [2026.05.14-09.58.01:094][  0]LogMemory: Process Physical Memory: 152.57 MB used, 152.57 MB peak
[2026-05-14T02:58:01.0949306-07:00] [pid=12064] [2026.05.14-09.58.01:094][  0]LogMemory: Process Virtual Memory: 131.12 MB used, 131.12 MB peak
[2026-05-14T02:58:01.0949306-07:00] [pid=12064] [2026.05.14-09.58.01:094][  0]LogMemory: Physical Memory: 14179.77 MB used,  1888.93 MB free, 16068.70 MB total
[2026-05-14T02:58:01.0949306-07:00] [pid=12064] [2026.05.14-09.58.01:094][  0]LogMemory: Virtual Memory: 134211192.00 MB used,  6538.99 MB free, 134217728.00 MB total
[2026-05-14T02:58:01.0994443-07:00] [pid=12064] [2026.05.14-09.58.01:099][  0]LogWindows: WindowsPlatformFeatures enabled
[2026-05-14T02:58:01.1375403-07:00] [pid=12064] [2026.05.14-09.58.01:136][  0]LogInit: Physics initialised using underlying interface: PhysX
[2026-05-14T02:58:01.1375403-07:00] [pid=12064] [2026.05.14-09.58.01:137][  0]LogInit: Using OS detected language (en-US).
[2026-05-14T02:58:01.1375403-07:00] [pid=12064] [2026.05.14-09.58.01:137][  0]LogInit: Using OS detected locale (en-US).
[2026-05-14T02:58:01.1405419-07:00] [pid=12064] [2026.05.14-09.58.01:140][  0]LogTextLocalizationManager: No specific localization for 'en-US' exists, so the 'en' localization will be used.
[2026-05-14T02:58:01.2979696-07:00] [pid=12064] [2026.05.14-09.58.01:296][  0]LogWindowsTextInputMethodSystem: Display: IME system deactivated.
[2026-05-14T02:58:01.3084932-07:00] [pid=12064] [2026.05.14-09.58.01:308][  0]LogSlate: New Slate User Created.  User Index 0, Is Virtual User: 0
[2026-05-14T02:58:01.3084932-07:00] [pid=12064] [2026.05.14-09.58.01:308][  0]LogSlate: Slate User Registered.  User Index 0, Is Virtual User: 0
[2026-05-14T02:58:01.3175217-07:00] [pid=12064] [2026.05.14-09.58.01:317][  0]LogD3D11RHI: Loaded GFSDK_Aftermath_Lib.x64.dll
[2026-05-14T02:58:01.3610938-07:00] [pid=12064] [2026.05.14-09.58.01:361][  0]LogHMD: Failed to initialize OpenVR with code 110
[2026-05-14T02:58:01.3610938-07:00] [pid=12064] [2026.05.14-09.58.01:361][  0]LogD3D11RHI: D3D11 min allowed feature level: 11_0
[2026-05-14T02:58:01.3610938-07:00] [pid=12064] [2026.05.14-09.58.01:361][  0]LogD3D11RHI: D3D11 max allowed feature level: 11_0
[2026-05-14T02:58:01.3610938-07:00] [pid=12064] [2026.05.14-09.58.01:361][  0]LogD3D11RHI: D3D11 adapters:
[2026-05-14T02:58:01.5221597-07:00] [pid=12064] [2026.05.14-09.58.01:522][  0]LogD3D11RHI:    0. 'NVIDIA GeForce RTX 4060 Laptop GPU' (Feature Level 11_0)
[2026-05-14T02:58:01.5221597-07:00] [pid=12064] [2026.05.14-09.58.01:522][  0]LogD3D11RHI:       7957/0/8034 MB DedicatedVideo/DedicatedSystem/SharedSystem, Outputs:1, VendorId:0x10de
[2026-05-14T02:58:01.5648329-07:00] [pid=12064] [2026.05.14-09.58.01:564][  0]LogD3D11RHI:    1. 'Intel(R) UHD Graphics' (Feature Level 11_0)
[2026-05-14T02:58:01.5648329-07:00] [pid=12064] [2026.05.14-09.58.01:564][  0]LogD3D11RHI:       128/0/8034 MB DedicatedVideo/DedicatedSystem/SharedSystem, Outputs:0, VendorId:0x8086
[2026-05-14T02:58:01.5683828-07:00] [pid=12064] [2026.05.14-09.58.01:568][  0]LogD3D11RHI:    2. 'Microsoft Basic Render Driver' (Feature Level 11_0)
[2026-05-14T02:58:01.5683828-07:00] [pid=12064] [2026.05.14-09.58.01:568][  0]LogD3D11RHI:       0/0/8034 MB DedicatedVideo/DedicatedSystem/SharedSystem, Outputs:0, VendorId:0x1414
[2026-05-14T02:58:01.5683828-07:00] [pid=12064] [2026.05.14-09.58.01:568][  0]LogD3D11RHI: Chosen D3D11 Adapter:
[2026-05-14T02:58:01.5683828-07:00] [pid=12064] [2026.05.14-09.58.01:568][  0]LogD3D11RHI:     Description : NVIDIA GeForce RTX 4060 Laptop GPU
[2026-05-14T02:58:01.5683828-07:00] [pid=12064] [2026.05.14-09.58.01:568][  0]LogD3D11RHI:     VendorId    : 10de
[2026-05-14T02:58:01.5683828-07:00] [pid=12064] [2026.05.14-09.58.01:568][  0]LogD3D11RHI:     DeviceId    : 28e0
[2026-05-14T02:58:01.5683828-07:00] [pid=12064] [2026.05.14-09.58.01:568][  0]LogD3D11RHI:     SubSysId    : bf81028
[2026-05-14T02:58:01.5683828-07:00] [pid=12064] [2026.05.14-09.58.01:568][  0]LogD3D11RHI:     Revision    : 00a1
[2026-05-14T02:58:01.5683828-07:00] [pid=12064] [2026.05.14-09.58.01:568][  0]LogD3D11RHI:     DedicatedVideoMemory : 8343519232 bytes
[2026-05-14T02:58:01.5693753-07:00] [pid=12064] [2026.05.14-09.58.01:568][  0]LogD3D11RHI:     DedicatedSystemMemory : 0 bytes
[2026-05-14T02:58:01.5693753-07:00] [pid=12064] [2026.05.14-09.58.01:569][  0]LogD3D11RHI:     SharedSystemMemory : 8424628224 bytes
[2026-05-14T02:58:01.5693753-07:00] [pid=12064] [2026.05.14-09.58.01:569][  0]LogD3D11RHI:     AdapterLuid : 0 72942
[2026-05-14T02:58:01.5794062-07:00] [pid=12064] [2026.05.14-09.58.01:579][  0]LogD3D11RHI: Creating new Direct3DDevice
[2026-05-14T02:58:01.5794062-07:00] [pid=12064] [2026.05.14-09.58.01:579][  0]LogD3D11RHI:     GPU DeviceId: 0x28e0 (for the marketing name, search the web for "GPU Device Id")
[2026-05-14T02:58:01.5794062-07:00] [pid=12064] [2026.05.14-09.58.01:579][  0]LogWindows: EnumDisplayDevices:
[2026-05-14T02:58:01.5794062-07:00] [pid=12064] [2026.05.14-09.58.01:579][  0]LogWindows:    0. 'Intel(R) UHD Graphics' (P:1 D:1)
[2026-05-14T02:58:01.5794062-07:00] [pid=12064] [2026.05.14-09.58.01:579][  0]LogWindows:    1. 'Intel(R) UHD Graphics' (P:0 D:0)
[2026-05-14T02:58:01.5804045-07:00] [pid=12064] [2026.05.14-09.58.01:580][  0]LogWindows:    2. 'Intel(R) UHD Graphics' (P:0 D:0)
[2026-05-14T02:58:01.5804045-07:00] [pid=12064] [2026.05.14-09.58.01:580][  0]LogWindows:    3. 'Intel(R) UHD Graphics' (P:0 D:0)
[2026-05-14T02:58:01.5809090-07:00] [pid=12064] [2026.05.14-09.58.01:580][  0]LogWindows:    4. 'NVIDIA GeForce RTX 4060 Laptop GPU' (P:0 D:0)
[2026-05-14T02:58:01.5809090-07:00] [pid=12064] [2026.05.14-09.58.01:580][  0]LogWindows: DebugString: PrimaryIsNotTheChoosenAdapter PrimaryIsNotTheChoosenAdapter PrimaryIsNotTheChoosenAdapter PrimaryIsNotTheChoosenAdapter 
[2026-05-14T02:58:01.5809090-07:00] [pid=12064] [2026.05.14-09.58.01:580][  0]LogD3D11RHI:     Adapter Name: NVIDIA GeForce RTX 4060 Laptop GPU
[2026-05-14T02:58:01.5809090-07:00] [pid=12064] [2026.05.14-09.58.01:580][  0]LogD3D11RHI:   Driver Version: 581.95 (internal:32.0.15.8195, unified:581.95)
[2026-05-14T02:58:01.5809090-07:00] [pid=12064] [2026.05.14-09.58.01:580][  0]LogD3D11RHI:      Driver Date: 11-18-2025
[2026-05-14T02:58:01.5809090-07:00] [pid=12064] [2026.05.14-09.58.01:580][  0]LogRHI: Texture pool is 5569 MB (70% of 7957 MB)
[2026-05-14T02:58:01.5809090-07:00] [pid=12064] [2026.05.14-09.58.01:580][  0]LogD3D11RHI: Creating D3DDevice using adapter:
[2026-05-14T02:58:01.5809090-07:00] [pid=12064] [2026.05.14-09.58.01:580][  0]LogD3D11RHI:     Description : NVIDIA GeForce RTX 4060 Laptop GPU
[2026-05-14T02:58:01.5809090-07:00] [pid=12064] [2026.05.14-09.58.01:580][  0]LogD3D11RHI:     VendorId    : 10de
[2026-05-14T02:58:01.5809090-07:00] [pid=12064] [2026.05.14-09.58.01:580][  0]LogD3D11RHI:     DeviceId    : 28e0
[2026-05-14T02:58:01.5809090-07:00] [pid=12064] [2026.05.14-09.58.01:580][  0]LogD3D11RHI:     SubSysId    : bf81028
[2026-05-14T02:58:01.5809090-07:00] [pid=12064] [2026.05.14-09.58.01:580][  0]LogD3D11RHI:     Revision    : 00a1
[2026-05-14T02:58:01.5809090-07:00] [pid=12064] [2026.05.14-09.58.01:580][  0]LogD3D11RHI:     DedicatedVideoMemory : 8343519232 bytes
[2026-05-14T02:58:01.5809090-07:00] [pid=12064] [2026.05.14-09.58.01:580][  0]LogD3D11RHI:     DedicatedSystemMemory : 0 bytes
[2026-05-14T02:58:01.5819155-07:00] [pid=12064] [2026.05.14-09.58.01:580][  0]LogD3D11RHI:     SharedSystemMemory : 8424628224 bytes
[2026-05-14T02:58:01.5819155-07:00] [pid=12064] [2026.05.14-09.58.01:581][  0]LogD3D11RHI:     AdapterLuid : 0 72942
[2026-05-14T02:58:01.7174464-07:00] [pid=12064] [2026.05.14-09.58.01:717][  0]LogD3D11RHI: RHI has support for 64 bit atomics
[2026-05-14T02:58:01.7174464-07:00] [pid=12064] [2026.05.14-09.58.01:717][  0]LogD3D11RHI: Async texture creation enabled
[2026-05-14T02:58:01.7174464-07:00] [pid=12064] [2026.05.14-09.58.01:717][  0]LogD3D11RHI: Array index from any shader is supported
[2026-05-14T02:58:01.7365000-07:00] [pid=12064] [2026.05.14-09.58.01:736][  0]LogD3D11RHI: GPU Timing Frequency: 1000.000000 (Debug: 2 1)
[2026-05-14T02:58:01.7640904-07:00] [pid=12064] [2026.05.14-09.58.01:764][  0]LogRHI: GeForceNow SDK initialized: 1
[2026-05-14T02:58:01.9430896-07:00] [pid=10516] MacPlatformFactory.RegisterBuildPlatforms: UnrealBuildTool.MacPlatformSDK using manually installed SDK
[2026-05-14T02:58:01.9531235-07:00] [pid=10516] TVOSPlatformFactory.RegisterBuildPlatforms: UnrealBuildTool.IOSPlatformSDK has no valid SDK
[2026-05-14T02:58:01.9551260-07:00] [pid=10516] AndroidPlatformFactory.RegisterBuildPlatforms: UnrealBuildTool.AndroidPlatformSDK has no valid SDK
[2026-05-14T02:58:01.9566301-07:00] [pid=10516] HoloLensPlatformFactory.RegisterBuildPlatforms: UnrealBuildTool.HoloLensPlatformSDK using manually installed SDK
[2026-05-14T02:58:01.9586359-07:00] [pid=10516] IOSPlatformFactory.RegisterBuildPlatforms: UnrealBuildTool.IOSPlatformSDK has no valid SDK
[2026-05-14T02:58:01.9611382-07:00] [pid=10516] LinuxPlatformFactory.RegisterBuildPlatforms: UnrealBuildTool.LinuxPlatformSDK has no valid SDK
[2026-05-14T02:58:01.9621418-07:00] [pid=10516] LuminSDKVersionHelper.HasAnySDK: *** Unable to determine MLSDK location ***
[2026-05-14T02:58:01.9621418-07:00] [pid=10516] LuminSDKVersionHelper.HasAnySDK: *** Unable to determine MLSDK location ***
[2026-05-14T02:58:01.9631443-07:00] [pid=10516] LuminPlatformFactory.RegisterBuildPlatforms: UnrealBuildTool.LuminPlatformSDK has no valid SDK
[2026-05-14T02:58:01.9631443-07:00] [pid=10516] WindowsPlatformFactory.RegisterBuildPlatforms: UnrealBuildTool.WindowsPlatformSDK using manually installed SDK
[2026-05-14T02:58:01.9686505-07:00] [pid=10516] ValidatePlatformsMode.Execute: ##PlatformValidate: Win32 VALID
[2026-05-14T02:58:01.9686505-07:00] [pid=10516] ValidatePlatformsMode.Execute: ##PlatformValidate: Win64 VALID
[2026-05-14T02:58:01.9686505-07:00] [pid=10516] ValidatePlatformsMode.Execute: ##PlatformValidate: HoloLens VALID
[2026-05-14T02:58:01.9686505-07:00] [pid=10516] ValidatePlatformsMode.Execute: ##PlatformValidate: Mac VALID
[2026-05-14T02:58:01.9686505-07:00] [pid=10516] ValidatePlatformsMode.Execute: ##PlatformValidate: XboxOne INVALID
[2026-05-14T02:58:01.9686505-07:00] [pid=10516] ValidatePlatformsMode.Execute: ##PlatformValidate: PS4 INVALID
[2026-05-14T02:58:01.9686505-07:00] [pid=10516] ValidatePlatformsMode.Execute: ##PlatformValidate: IOS INVALID
[2026-05-14T02:58:01.9686505-07:00] [pid=10516] ValidatePlatformsMode.Execute: ##PlatformValidate: Android INVALID
[2026-05-14T02:58:01.9686505-07:00] [pid=10516] ValidatePlatformsMode.Execute: ##PlatformValidate: HTML5 INVALID
[2026-05-14T02:58:01.9696504-07:00] [pid=10516] ValidatePlatformsMode.Execute: ##PlatformValidate: Linux INVALID
[2026-05-14T02:58:01.9696504-07:00] [pid=10516] ValidatePlatformsMode.Execute: ##PlatformValidate: LinuxAArch64 INVALID
[2026-05-14T02:58:01.9696504-07:00] [pid=10516] ValidatePlatformsMode.Execute: ##PlatformValidate: AllDesktop INVALID
[2026-05-14T02:58:01.9696504-07:00] [pid=10516] ValidatePlatformsMode.Execute: ##PlatformValidate: TVOS INVALID
[2026-05-14T02:58:01.9696504-07:00] [pid=10516] ValidatePlatformsMode.Execute: ##PlatformValidate: Switch INVALID
[2026-05-14T02:58:01.9696504-07:00] [pid=10516] ValidatePlatformsMode.Execute: ##PlatformValidate: Lumin INVALID
[2026-05-14T02:58:01.9721560-07:00] [pid=10516] Timeline.Print: Timeline:
[2026-05-14T02:58:01.9721560-07:00] [pid=10516] Timeline.Print: 
[2026-05-14T02:58:01.9721560-07:00] [pid=10516] Timeline.Print: [ 0.000]
[2026-05-14T02:58:01.9731582-07:00] [pid=10516] Timeline.Print: [ 0.015](+0.063) XmlConfig.ReadConfigFiles()
[2026-05-14T02:58:01.9731582-07:00] [pid=10516] Timeline.Print: [ 0.078](+0.000) SingleInstanceMutex.Acquire()
[2026-05-14T02:58:01.9731582-07:00] [pid=10516] Timeline.Print: [ 0.078](+0.049) UEBuildPlatform.RegisterPlatforms()
[2026-05-14T02:58:01.9731582-07:00] [pid=10516] Timeline.Print:   0.079          [ 0.000](+0.022) Initializing InstalledPlatformInfo
[2026-05-14T02:58:01.9731582-07:00] [pid=10516] Timeline.Print:   0.101          [ 0.023](+0.000) Querying types
[2026-05-14T02:58:01.9731582-07:00] [pid=10516] Timeline.Print:   0.103          [ 0.024](+0.012) MacPlatformFactory
[2026-05-14T02:58:01.9741582-07:00] [pid=10516] Timeline.Print:   0.115          [ 0.036](+0.003) TVOSPlatformFactory
[2026-05-14T02:58:01.9741582-07:00] [pid=10516] Timeline.Print:   0.118          [ 0.039](+0.002) AndroidPlatformFactory
[2026-05-14T02:58:01.9741582-07:00] [pid=10516] Timeline.Print:   0.120          [ 0.042](+0.001) HoloLensPlatformFactory
[2026-05-14T02:58:01.9741582-07:00] [pid=10516] Timeline.Print:   0.122          [ 0.043](+0.001) IOSPlatformFactory
[2026-05-14T02:58:01.9741582-07:00] [pid=10516] Timeline.Print:   0.124          [ 0.045](+0.002) LinuxPlatformFactory
[2026-05-14T02:58:01.9741582-07:00] [pid=10516] Timeline.Print:   0.126          [ 0.047](+0.001) LuminPlatformFactory
[2026-05-14T02:58:01.9741582-07:00] [pid=10516] Timeline.Print:   0.127          [ 0.049](+0.000) WindowsPlatformFactory
[2026-05-14T02:58:01.9741582-07:00] [pid=10516] Timeline.Print: [ 0.134](+0.000) FileMetadataPrefetch.Stop()
[2026-05-14T02:58:01.9741582-07:00] [pid=10516] Timeline.Print: [ 0.137]
[2026-05-14T02:58:01.9912039-07:00] [pid=12064] [2026.05.14-09.58.01:991][  0]LogTargetPlatformManager: Display: Loaded TargetPlatform 'WindowsNoEditor'
[2026-05-14T02:58:01.9942095-07:00] [pid=12064] [2026.05.14-09.58.01:994][  0]LogTargetPlatformManager: Display: Loaded TargetPlatform 'Windows'
[2026-05-14T02:58:01.9977166-07:00] [pid=12064] [2026.05.14-09.58.01:997][  0]LogTargetPlatformManager: Display: Loaded TargetPlatform 'WindowsClient'
[2026-05-14T02:58:02.0007226-07:00] [pid=12064] [2026.05.14-09.58.02:000][  0]LogTargetPlatformManager: Display: Loaded TargetPlatform 'WindowsServer'
[2026-05-14T02:58:02.0012282-07:00] [pid=12064] [2026.05.14-09.58.02:000][  0]LogTargetPlatformManager: Display: Building Assets For Windows
[2026-05-14T02:58:02.0062399-07:00] [pid=12064] [2026.05.14-09.58.02:006][  0]LogAudioDebug: Display: Lib vorbis DLL was dynamically loaded.
[2026-05-14T02:58:02.0293025-07:00] [pid=12064] [2026.05.14-09.58.02:029][  0]LogTextureFormatOodle: Display: Oodle Texture 2.9.0 init RDO Off
[2026-05-14T02:58:02.0548866-07:00] [pid=12064] [2026.05.14-09.58.02:054][  0]LogRendererCore: Ray tracing is disabled. Reason: r.RayTracing=0.
[2026-05-14T02:58:02.0548866-07:00] [pid=12064] [2026.05.14-09.58.02:054][  0]LogShaderCompilers: Guid format shader working directory is -26 characters bigger than the processId version (../../../../../../Users/kapil/OneDrive/Documents/Unreal Projects/testTP/Intermediate/Shaders/WorkingDirectory/12064/).
[2026-05-14T02:58:02.0548866-07:00] [pid=12064] [2026.05.14-09.58.02:054][  0]LogShaderCompilers: Cleaned the shader compiler working directory 'C:/Users/kapil/AppData/Local/Temp/UnrealShaderWorkingDir/0CF33C8D40B9ED4034CB0983A486C664/'.
[2026-05-14T02:58:02.0548866-07:00] [pid=12064] [2026.05.14-09.58.02:054][  0]LogXGEController: Cannot use XGE Controller as Incredibuild is not installed on this machine.
[2026-05-14T02:58:02.0548866-07:00] [pid=12064] [2026.05.14-09.58.02:054][  0]LogShaderCompilers: Cannot use XGE Shader Compiler as Incredibuild is not installed on this machine.
[2026-05-14T02:58:02.0548866-07:00] [pid=12064] [2026.05.14-09.58.02:054][  0]LogShaderCompilers: Display: Using Local Shader Compiler.
[2026-05-14T02:58:02.6062422-07:00] [pid=12064] [2026.05.14-09.58.02:606][  0]LogDerivedDataCache: Display: Max Cache Size: 512 MB
[2026-05-14T02:58:02.6593818-07:00] [pid=12064] [2026.05.14-09.58.02:659][  0]LogDerivedDataCache: Loaded boot cache 0.05s 78MB C:/Users/kapil/AppData/Local/UnrealEngine/4.27/DerivedDataCache/Boot.ddc.
[2026-05-14T02:58:02.6593818-07:00] [pid=12064] [2026.05.14-09.58.02:659][  0]LogDerivedDataCache: Display: Loaded Boot cache: C:/Users/kapil/AppData/Local/UnrealEngine/4.27/DerivedDataCache/Boot.ddc
[2026-05-14T02:58:02.6603832-07:00] [pid=12064] [2026.05.14-09.58.02:659][  0]LogDerivedDataCache: FDerivedDataBackendGraph:  Pak pak cache file ../../../../../../Users/kapil/OneDrive/Documents/Unreal Projects/testTP/DerivedDataCache/DDC.ddp not found, will not use a pak cache.
[2026-05-14T02:58:02.6603832-07:00] [pid=12064] [2026.05.14-09.58.02:659][  0]LogDerivedDataCache: Unable to find inner node Pak for hierarchical cache Hierarchy.
[2026-05-14T02:58:02.6603832-07:00] [pid=12064] [2026.05.14-09.58.02:660][  0]LogDerivedDataCache: FDerivedDataBackendGraph:  CompressedPak pak cache file ../../../../../../Users/kapil/OneDrive/Documents/Unreal Projects/testTP/DerivedDataCache/Compressed.ddp not found, will not use a pak cache.
[2026-05-14T02:58:02.6603832-07:00] [pid=12064] [2026.05.14-09.58.02:660][  0]LogDerivedDataCache: Unable to find inner node CompressedPak for hierarchical cache Hierarchy.
[2026-05-14T02:58:02.6729107-07:00] [pid=12064] [2026.05.14-09.58.02:672][  0]LogDerivedDataCache: Display: Pak cache opened for reading ../../../Engine/DerivedDataCache/Compressed.ddp.
[2026-05-14T02:58:02.6729107-07:00] [pid=12064] [2026.05.14-09.58.02:672][  0]LogDerivedDataCache: FDerivedDataBackendGraph:  EnterprisePak pak cache file ../../../Enterprise/DerivedDataCache/Compressed.ddp not found, will not use a pak cache.
[2026-05-14T02:58:02.6729107-07:00] [pid=12064] [2026.05.14-09.58.02:672][  0]LogDerivedDataCache: Unable to find inner node EnterprisePak for hierarchical cache Hierarchy.
[2026-05-14T02:58:02.6794238-07:00] [pid=12064] [2026.05.14-09.58.02:679][  0]LogDerivedDataCache: Speed tests for C:/Users/kapil/AppData/Local/UnrealEngine/Common/DerivedDataCache took 0.01 seconds
[2026-05-14T02:58:02.6804253-07:00] [pid=12064] [2026.05.14-09.58.02:679][  0]LogDerivedDataCache: Display: Performance to C:/Users/kapil/AppData/Local/UnrealEngine/Common/DerivedDataCache: Latency=0.02ms. RandomReadSpeed=1537.94MBs, RandomWriteSpeed=189.99MBs. Assigned SpeedClass 'Local'
[2026-05-14T02:58:02.6809310-07:00] [pid=12064] [2026.05.14-09.58.02:680][  0]LogDerivedDataCache: Using Local data cache path C:/Users/kapil/AppData/Local/UnrealEngine/Common/DerivedDataCache: Writable
[2026-05-14T02:58:02.6809310-07:00] [pid=12064] [2026.05.14-09.58.02:680][  0]LogDerivedDataCache: Shared data cache path not found in *engine.ini, will not use an Shared cache.
[2026-05-14T02:58:02.6809310-07:00] [pid=12064] [2026.05.14-09.58.02:680][  0]LogDerivedDataCache: Unable to find inner node Shared for hierarchical cache Hierarchy.
[2026-05-14T02:58:02.7084952-07:00] [pid=12064] [2026.05.14-09.58.02:708][  0]LogSlate: Using FreeType 2.10.0
[2026-05-14T02:58:02.7094970-07:00] [pid=12064] [2026.05.14-09.58.02:709][  0]LogSlate: SlateFontServices - WITH_FREETYPE: 1, WITH_HARFBUZZ: 1
[2026-05-14T02:58:02.7476398-07:00] [pid=12064] [2026.05.14-09.58.02:747][  0]LogInit: Using OS detected language (en-US).
[2026-05-14T02:58:02.7476398-07:00] [pid=12064] [2026.05.14-09.58.02:747][  0]LogInit: Using OS detected locale (en-US).
[2026-05-14T02:58:02.7476398-07:00] [pid=12064] [2026.05.14-09.58.02:747][  0]LogTextLocalizationManager: No localization for 'en-US' exists, so 'en' will be used for the language.
[2026-05-14T02:58:02.7476398-07:00] [pid=12064] [2026.05.14-09.58.02:747][  0]LogTextLocalizationManager: No localization for 'en-US' exists, so 'en' will be used for the locale.
[2026-05-14T02:58:02.7476398-07:00] [pid=12064] [2026.05.14-09.58.02:747][  0]LogSlate: FontCache flush requested. Reason: Culture for localization was changed
[2026-05-14T02:58:02.7476398-07:00] [pid=12064] [2026.05.14-09.58.02:747][  0]LogSlate: FontCache flush requested. Reason: Culture for localization was changed
[2026-05-14T02:58:02.7496331-07:00] [pid=12064] [2026.05.14-09.58.02:749][  0]LogTextLocalizationManager: Compacting localization data took   0.01ms
[2026-05-14T02:58:02.7506389-07:00] [pid=12064] [2026.05.14-09.58.02:749][  0]LogAssetRegistry: FAssetRegistry took 0.0012 seconds to start up
[2026-05-14T02:58:02.8930425-07:00] [pid=12064] [2026.05.14-09.58.02:893][  0]LogPackageLocalizationCache: Processed 28 localized package path(s) for 1 prioritized culture(s) in 0.031237 seconds
[2026-05-14T02:58:02.9393101-07:00] [pid=12064] [2026.05.14-09.58.02:939][  0]LogInit: Selected Device Profile: [Windows]
[2026-05-14T02:58:02.9393101-07:00] [pid=12064] [2026.05.14-09.58.02:939][  0]LogInit: Active device profile: [00000229C93C2E00][00000229AD271840 49] Windows
[2026-05-14T02:58:02.9393101-07:00] [pid=12064] [2026.05.14-09.58.02:939][  0]LogInit: Profiles: [00000229C93C2E00][00000229AD271840 49] Windows, [00000229C9362C00][00000229C40079C0 49] WindowsNoEditor, [00000229C93C1100][00000229C400BB40 49] WindowsServer, [00000229C9362E00][00000229C400E140 49] WindowsClient, [00000229C93C0F00][00000229C40122C0 49] IOS, [00000229C933FF00][00000229C4016440 49] iPadAir, [00000229C9360700][00000229C11825C0 49] iPadAir2, [00000229C9308800][00000229C118A880 49] IPadPro, [00000229C9308900][00000229C11868C0 49] iPadAir3, [00000229C933C200][00000229C118EA40 49] iPadAir4, [00000229C9309800][00000229C1192BC0 49] iPadMini2, [00000229C933D100][00000229C1196D40 49] iPadMini3, [00000229C930A500][00000229C119AEC0 49] iPadMini4, [00000229C933F700][00000229C119F040 49] iPadMini5, [00000229C93C0E00][00000229C11A7300 49] iPhone6, [00000229C93C1C00][00000229C11A3340 49] iPodTouch6, [00000229C9363B00][00000229AD26D5C0 49] iPhone7, [00000229C9363C00][00000229C11AB600 49] iPodTouch7, [00000229C9308F00][00000229C11AF740 49] iPhone5S, [00000229C9361700][00000229C11B3880 49] iPhone6Plus, [00000229C9308700][00000229C44F7A00 49] iPhone6S, [00000229C9363400][00000229C44FBB80 49] iPhone6SPlus, [00000229C93C3900][00000229C44FE180 49] iPhone7Plus, [00000229C9361100][00000229C4502300 49] iPhoneSE, [00000229C93C2400][00000229C4506480 49] iPhone8, [00000229C9360E00][00000229C450A600 49] iPhone8Plus, [00000229C93C3800][00000229C450E780 49] iPhoneX, [00000229C9362100][00000229C4512900 49] iPhoneXS, [00000229C93C1800][00000229C4516A80 49] iPhoneXSMax, [00000229C9360500][00000229C451AC00 49] iPhoneXR, [00000229C93C3100][00000229C451ED80 49] iPhone11, [00000229C9363600][00000229C4522F00 49] iPhone11Pro, [00000229C93C3300][00000229C4527080 49] iPhone11ProMax, [00000229C9361C00][00000229C452B200 49] iPhoneSE2, [00000229C93C3400][00000229C3F5B380 49] iPhone12Mini, [00000229C9361900][00000229C3F5F500 49] iPhone12, [00000229C93C1400][00000229C3F63680 49] iPhone12Pro, [00000229C9360900][00000229C11B77C0 49] iPhone12ProMax, [00000229C93C1500][00000229C3F67900 49] iPadPro105, [00000229C9361A00][00000229C3F6BA40 49] iPadPro129, [00000229C93C1700][00000229C3F73BC0 49] iPadPro97, [00000229C9362700][00000229C3F761C0 49] iPadPro2_129, [00000229C93C0A00][00000229C3F7A340 49] iPad5, [00000229C9362200][00000229C3F7E4C0 49] iPad6, [00000229C93C0C00][00000229C3F82640 49] iPad7, [00000229C9363000][00000229C3F867C0 49] iPad8, [00000229C93C2C00][00000229C3F8A940 49] iPadPro11, [00000229C9360D00][00000229C3F8EAC0 49] iPadPro2_11, [00000229C93C0800][00000229C3F92C40 49] iPadPro3_129, [00000229C9361800][00000229C3F96DC0 49] iPadPro4_129, [00000229C93C1000][00000229C3F9AF40 49] AppleTV, [00000229C9361200][00000229C3F9F0C0 49] AppleTV4K, [00000229C93C1B00][00000229C3FA3240 49] TVOS, [00000229C9362300][00000229C4BFD3C0 49] Mac, [00000229C93C2200][00000229C4C01540 49] MacClient, [00000229C9362800][00000229C4C056C0 49] MacNoEditor, [00000229C93C2100][00000229C4C09840 49] MacServer, [00000229C9361000][00000229C3F6F980 49] Linux, [00000229C93C0700][00000229C4C0DAC0 49] LinuxAArch64, [00000229C9362000][00000229C4C11C00 49] LinuxNoEditor, [00000229C93C1E00][00000229C4C141C0 49] LinuxAArch64NoEditor, [00000229C9363E00][00000229C4C1C340 49] LinuxClient, [00000229C93C1300][00000229C4C204C0 49] LinuxAArch64Client, [00000229C9361D00][00000229C4C24640 49] LinuxServer, [00000229C93C1600][00000229C4C287C0 49] LinuxAArch64Server, [00000229C933E500][00000229C4C2C940 49] Android, [00000229C930BA00][00000229C4C30AC0 49] Android_Low, [00000229C933F100][00000229C4C34C40 49] Android_Mid, [00000229C9309700][00000229C4C38DC0 49] Android_High, [00000229C933C300][00000229C4C3CF40 49] Android_Default, [00000229C930A600][00000229C4C410C0 49] Android_Adreno4xx, [00000229C933CD00][00000229C4C45240 49] Android_Adreno5xx_Low, [00000229C930BB00][00000229C4C493C0 49] Android_Adreno5xx, [00000229C933E100][00000229C4C4D540 49] Android_Adreno6xx, [00000229C930B800][00000229C4C516C0 49] Android_Adreno6xx_Vulkan, [00000229C933CB00][00000229C4C55840 49] Android_Mali_T6xx, [00000229C9308E00][00000229C4C599C0 49] Android_Mali_T7xx, [
[2026-05-14T02:58:02.9393101-07:00] [pid=12064] 00000229C933EC00][00000229C4C19B00 49] Android_Mali_T8xx, [00000229C9309D00][00000229C4C5C0C0 49] Android_Mali_G71, [00000229C933C500][00000229C4C60200 49] Android_Mali_G72, [00000229C9308C00][00000229C4C64340 49] Android_Mali_G72_Vulkan, [00000229C933EF00][00000229C4C6C4C0 49] Android_Mali_G76, [00000229C9309200][00000229C4C70640 49] Android_Mali_G76_Vulkan, [00000229C933D800][00000229C4C747C0 49] Android_Mali_G77, [00000229C930AC00][00000229C4C78940 49] Android_Mali_G77_Vulkan, [00000229C933F300][00000229C4C7CAC0 49] Android_Mali_G78, [00000229C9309900][00000229C4C80C40 49] Android_Mali_G78_Vulkan, [00000229C933E300][00000229C4C84DC0 49] Android_Mali_G710, [00000229C930AA00][00000229C4C88F40 49] Android_Mali_G710_Vulkan, [00000229C933F800][00000229C4C8D0C0 49] Android_Vulkan_SM5, [00000229C9308400][00000229C4C91240 49] Android_PowerVR_G6xxx, [00000229C933DA00][00000229C4C953C0 49] Android_PowerVR_GT7xxx, [00000229C9308D00][00000229C4C99540 49] Android_PowerVR_GE8xxx, [00000229C933DF00][00000229C4C9D6C0 49] Android_PowerVR_GM9xxx, [00000229C930B200][00000229C4CA1840 49] Android_PowerVR_GM9xxx_Vulkan, [00000229C933D000][00000229C4CA59C0 49] Android_TegraK1, [00000229C9309C00][00000229C4CA9B40 49] Android_Unknown_Vulkan, [00000229C933FA00][00000229C4CAC140 49] Lumin, [00000229C930A700][00000229C4C68280 49] Lumin_Desktop, [00000229C93C3700][00000229C4CB03C0 49] HoloLens, 
[2026-05-14T02:58:02.9709090-07:00] [pid=12064] [2026.05.14-09.58.02:970][  0]LogMeshReduction: Using QuadricMeshReduction for automatic static mesh reduction
[2026-05-14T02:58:02.9709090-07:00] [pid=12064] [2026.05.14-09.58.02:970][  0]LogMeshReduction: Using SimplygonMeshReduction for automatic skeletal mesh reduction
[2026-05-14T02:58:02.9709090-07:00] [pid=12064] [2026.05.14-09.58.02:970][  0]LogMeshReduction: Using ProxyLODMeshReduction for automatic mesh merging
[2026-05-14T02:58:02.9709090-07:00] [pid=12064] [2026.05.14-09.58.02:970][  0]LogMeshReduction: No distributed automatic mesh merging module available
[2026-05-14T02:58:02.9709090-07:00] [pid=12064] [2026.05.14-09.58.02:970][  0]LogMeshMerging: No distributed automatic mesh merging module available
[2026-05-14T02:58:03.0485963-07:00] [pid=12064] [2026.05.14-09.58.03:048][  0]LogNetVersion: testTP 1.0.0, NetCL: 17155196, EngineNetVer: 17, GameNetVer: 0 (Checksum: 3966549976)
[2026-05-14T02:58:03.2907095-07:00] [pid=12064] [2026.05.14-09.58.03:290][  0]LogTexture: Default maximum texture size for cubemaps generated from long-lat sources has been changed from 512 to unlimited. In order to preserve old behaiour for '/Engine/MapTemplates/Sky/DaylightAmbientCubemap.DaylightAmbientCubemap', its maximum texture size has been explicitly set to 512.
[2026-05-14T02:58:03.3551356-07:00] [pid=12064] [2026.05.14-09.58.03:355][  0]LogHMD: PokeAHoleMaterial loaded successfully
[2026-05-14T02:58:03.4829468-07:00] [pid=12064] [2026.05.14-09.58.03:481][  0]LogMoviePlayer: Initializing movie player
[2026-05-14T02:58:03.5609937-07:00] [pid=12064] [2026.05.14-09.58.03:560][  0]LogNiagaraDebuggerClient: Niagara Debugger Client Initialized | Session: 69A5D5A14BF0EE7012E0D1A3DDE805FA | Instance: 3E85424C4237254F4A994BBC8680D18D (IMMERSEDEMOM5-12064).
[2026-05-14T02:58:03.5866558-07:00] [pid=12064] [2026.05.14-09.58.03:586][  0]LogCollectionManager: Loaded 0 collections in 0.001805 seconds
[2026-05-14T02:58:03.5901798-07:00] [pid=12064] [2026.05.14-09.58.03:590][  0]LogFileCache: Scanning file cache for directory 'C:/Users/kapil/OneDrive/Documents/Unreal Projects/testTP/Saved/Collections/' took 0.00s
[2026-05-14T02:58:03.5901798-07:00] [pid=12064] [2026.05.14-09.58.03:590][  0]LogFileCache: Scanning file cache for directory 'C:/Users/kapil/OneDrive/Documents/Unreal Projects/testTP/Content/Developers/kapil/Collections/' took 0.00s
[2026-05-14T02:58:03.5901798-07:00] [pid=12064] [2026.05.14-09.58.03:590][  0]LogCollectionManager: Fixed up redirectors for 0 collections in 0.000003 seconds (updated 0 objects)
[2026-05-14T02:58:03.6208343-07:00] [pid=12064] [2026.05.14-09.58.03:620][  0]LogFileCache: Scanning file cache for directory 'C:/Users/kapil/OneDrive/Documents/Unreal Projects/testTP/Content/Collections/' took 0.00s
[2026-05-14T02:58:03.6208343-07:00] [pid=12064] [2026.05.14-09.58.03:620][  0]LogPython: Using Python 3.7.7
[2026-05-14T02:58:04.3411064-07:00] [pid=12064] [2026.05.14-09.58.04:341][  0]LogAkAudio: Wwise(R) SDK Version 2019.2.15 Build 7667. Copyright (c) 2006-2019 Audiokinetic Inc.
[2026-05-14T02:58:04.3421174-07:00] [pid=12064] [2026.05.14-09.58.04:342][  0]LogAkAudio: Wwise plug-in DLL path: C:/Users/kapil/OneDrive/Documents/Unreal Projects/testTP/Plugins/Wwise/ThirdParty/x64_vc150/Profile/bin/
[2026-05-14T02:58:04.3431299-07:00] [pid=12064] [2026.05.14-09.58.04:343][  0]LogAkAudio: Wwise remote connection application name: testTP
[2026-05-14T02:58:04.3431299-07:00] [pid=12064] [2026.05.14-09.58.04:343][  0]LogAkAudio: Wwise successfully initialized.
[2026-05-14T02:58:04.3476516-07:00] [pid=12064] <<<_____ ImmerseAudioRenderer _____>>> 
[2026-05-14T02:58:04.3476516-07:00] [pid=12064] RegisterImmerseAudioRendererFX()
[2026-05-14T02:58:04.3476516-07:00] [pid=12064] 
[2026-05-14T02:58:04.3476516-07:00] [pid=12064] <<<_____ ImmerseAudioRenderer _____>>> 
[2026-05-14T02:58:04.3476516-07:00] [pid=12064] CreateImmerseManager
[2026-05-14T02:58:04.3476516-07:00] [pid=12064] 
[2026-05-14T02:58:04.3476516-07:00] [pid=12064] <<<_____ ImmerseAudioRenderer _____>>> 
[2026-05-14T02:58:04.3476516-07:00] [pid=12064] loadAndInitializeImmerseEngine
[2026-05-14T02:58:04.3476516-07:00] [pid=12064] 
[2026-05-14T02:58:04.3511730-07:00] [pid=12064] [EmbodyLOG] May_14_2026 02:58:04.351 line: 457. ___IMMERSEENGINE___ Immerse_SetMemoryInterface inMemoryInterface:000000AFD8B7DE90 
[2026-05-14T02:58:04.3521819-07:00] [pid=12064] [EmbodyLOG] May_14_2026 02:58:04.352 line: 466. ___IMMERSEENGINE___ Immerse_SetThreadInterface inThreadInterface:000000AFD8B7DEB0 
[2026-05-14T02:58:04.3521819-07:00] [pid=12064] [EmbodyLOG] May_14_2026 02:58:04.352 line: 451. ___IMMERSEENGINE___ Immerse_SetStatusCallback inCallback:00007FFF9C393D00 inUserData:0000000000000000 
[2026-05-14T02:58:04.3531929-07:00] [pid=12064] [EmbodyLOG] May_14_2026 02:58:04.353 line: 495. ___IMMERSEENGINE___ Immerse_Initialize inImmerseInit:00007FFF9C3C63C0 
[2026-05-14T02:58:04.3541921-07:00] [pid=12064] <<<_____ ImmerseAudioRenderer _____>>> 
[2026-05-14T02:58:04.3541921-07:00] [pid=12064] CreateImmerseAudioRendererFXParams()
[2026-05-14T02:58:04.3541921-07:00] [pid=12064] 
[2026-05-14T02:58:04.3541921-07:00] [pid=12064] <<<_____ ImmerseAudioRenderer _____>>> 
[2026-05-14T02:58:04.3551942-07:00] [pid=12064] WwiseFxNullParams::Init()
[2026-05-14T02:58:04.3551942-07:00] [pid=12064] 
[2026-05-14T02:58:04.3551942-07:00] [pid=12064] [2026.05.14-09.58.04:355][  0]LogAkAudio: Initialization complete.
[2026-05-14T02:58:04.3551942-07:00] [pid=12064] [2026.05.14-09.58.04:355][  0]LogInit: Audiokinetic Audio Device initialized.
[2026-05-14T02:58:04.3587246-07:00] [pid=12064] [EmbodyLOG] May_14_2026 02:58:04.358 line: 373. setLocalDataStorePath: C:\ProgramData\Embody\Immerse Audio Renderer\Tencent\ 
[2026-05-14T02:58:04.3587246-07:00] [pid=12064] [EmbodyLOG] May_14_2026 02:58:04.359 line: 143. ImmerseApiHelper: Immerse Api data path set: C:\ProgramData\Embody\Immerse Audio Renderer\Tencent\. 
[2026-05-14T02:58:04.3642563-07:00] [pid=12064] [EmbodyLOG] May_14_2026 02:58:04.364 line: 73. HpeqHeadsetInterface::Init() - failed to find hpeqAssetPath on filesystem! 
[2026-05-14T02:58:04.3642563-07:00] [pid=12064] [EmbodyLOG] May_14_2026 02:58:04.365 line: 867. ImmerseAudioApiImplBase::InitHpeqData() - failed to initialize hpeq asset data! 
[2026-05-14T02:58:04.3652558-07:00] [pid=12064] [EmbodyLOG] May_14_2026 02:58:04.365 line: 535. ImmerseManager::Initialize() - Failed to initialize HPEQ asset data! 
[2026-05-14T02:58:04.3652558-07:00] [pid=12064] [EmbodyLOG] May_14_2026 02:58:04.366 line: 544. ImmerseManager::Initialize() - failed to load head tracker library! 
[2026-05-14T02:58:04.4130968-07:00] [pid=12064] [2026.05.14-09.58.04:413][  0]SourceControl: Source control is disabled
[2026-05-14T02:58:04.4140917-07:00] [pid=12064] [2026.05.14-09.58.04:413][  0]SourceControl: Source control is disabled
[2026-05-14T02:58:04.4166076-07:00] [pid=12064] [2026.05.14-09.58.04:416][  0]SourceControl: Source control is disabled
[2026-05-14T02:58:04.4211410-07:00] [pid=12064] [2026.05.14-09.58.04:421][  0]LogUProjectInfo: Found projects:
[2026-05-14T02:58:04.5131126-07:00] [pid=12064] [2026.05.14-09.58.04:512][  0]LogOpenImageDenoise: OIDN starting up
[2026-05-14T02:58:04.5740965-07:00] [pid=12064] [2026.05.14-09.58.04:574][  0]LogAndroidPermission: UAndroidPermissionCallbackProxy::GetInstance
[2026-05-14T02:58:04.5811308-07:00] [pid=12064] [2026.05.14-09.58.04:581][  0]LogAudioCaptureCore: Display: No Audio Capture implementations found. Audio input will be silent.
[2026-05-14T02:58:04.5811308-07:00] [pid=12064] [2026.05.14-09.58.04:581][  0]LogAudioCaptureCore: Display: No Audio Capture implementations found. Audio input will be silent.
[2026-05-14T02:58:04.7093365-07:00] [pid=12064] [2026.05.14-09.58.04:709][  0]LogOcInput: OculusInput pre-init called
[2026-05-14T02:58:04.7209235-07:00] [pid=12064] [2026.05.14-09.58.04:720][  0]LogUObjectArray: 22857 objects as part of root set at end of initial load.
[2026-05-14T02:58:04.7209235-07:00] [pid=12064] [2026.05.14-09.58.04:720][  0]LogUObjectAllocator: 6232704 out of 0 bytes used by permanent object pool.
[2026-05-14T02:58:04.7209235-07:00] [pid=12064] [2026.05.14-09.58.04:720][  0]LogUObjectArray: CloseDisregardForGC: 0/0 objects in disregard for GC pool
[2026-05-14T02:58:04.7808108-07:00] [pid=12064] [2026.05.14-09.58.04:780][  0]LogClass: Display: EnumProperty FAkExternalSourceInfo::CodecID is not initialized properly. Module:AkAudio File:Classes/AkGameplayTypes.h
[2026-05-14T02:58:04.7808108-07:00] [pid=12064] [2026.05.14-09.58.04:780][  0]LogClass: Warning: ObjectProperty FAkExternalSourceInfo::ExternalSourceAsset is not initialized properly. Module:AkAudio File:Classes/AkGameplayTypes.h
[2026-05-14T02:58:04.7808108-07:00] [pid=12064] [2026.05.14-09.58.04:780][  0]LogClass: Display: IntProperty FAkChannelMask::ChannelMask is not initialized properly. Module:AkAudio File:Classes/AkGameplayTypes.h
[2026-05-14T02:58:04.7808108-07:00] [pid=12064] [2026.05.14-09.58.04:780][  0]LogClass: Display: BoolProperty FAkPS5AdvancedInitializationSettings::bVorbisHwAcceleration is not initialized properly. Module:AkAudio File:Classes/Platforms/AkPlatform_Pellegrino/AkPS5InitializationSettings.h
[2026-05-14T02:58:04.7818214-07:00] [pid=12064] [2026.05.14-09.58.04:781][  0]LogClass: Display: 4 Uninitialized script struct members found including 1 object properties
[2026-05-14T02:58:04.7818214-07:00] [pid=12064] [2026.05.14-09.58.04:781][  0]LogAutomationTest: Warning: ObjectProperty FAkExternalSourceInfo::ExternalSourceAsset is not initialized properly. Module:AkAudio File:Classes/AkGameplayTypes.h
[2026-05-14T02:58:04.7818214-07:00] [pid=12064] [2026.05.14-09.58.04:781][  0]LogEngine: Initializing Engine...
[2026-05-14T02:58:04.7848281-07:00] [pid=12064] Error [GENERAL |  | OpenXR-Loader] : RuntimeManifestFile::FindManifestFiles - failed to find active runtime file in registry
[2026-05-14T02:58:04.7848281-07:00] [pid=12064] Error [GENERAL | xrEnumerateInstanceExtensionProperties | OpenXR-Loader] : RuntimeInterface::LoadRuntimes - unknown error
[2026-05-14T02:58:04.7848281-07:00] [pid=12064] Error [GENERAL | xrEnumerateInstanceExtensionProperties | OpenXR-Loader] : RuntimeInterface::LoadRuntimes - failed to load a runtime
[2026-05-14T02:58:04.7863498-07:00] [pid=12064] Error [GENERAL | xrEnumerateInstanceExtensionProperties | OpenXR-Loader] : Failed to find default runtime with RuntimeInterface::LoadRuntime()
[2026-05-14T02:58:04.7863498-07:00] [pid=12064] Error [GENERAL | xrEnumerateInstanceExtensionProperties | OpenXR-Loader] : Failed querying extension properties
[2026-05-14T02:58:04.7863498-07:00] [pid=12064] [2026.05.14-09.58.04:786][  0]LogHMD: Failed to enumerate extensions. Please check that you have a valid OpenXR runtime installed.
[2026-05-14T02:58:04.7863498-07:00] [pid=12064] [2026.05.14-09.58.04:786][  0]LogHMD: Failed to initialize OpenVR with code 110
[2026-05-14T02:58:04.7863498-07:00] [pid=12064] [2026.05.14-09.58.04:786][  0]LogMagicLeap: Warning: VR disabled because ZI is not enabled.  To enable, in the editor, Edit -> Project Settings -> Plugins -> Magic Leap Plugin -> Enable Zero Iteration
[2026-05-14T02:58:04.7893771-07:00] [pid=12064] [2026.05.14-09.58.04:788][  0]LogStats: UGameplayTagsManager::InitializeManager -  0.000 s
[2026-05-14T02:58:04.9186406-07:00] [pid=12064] [2026.05.14-09.58.04:918][  0]LogInit: Initializing FReadOnlyCVARCache
[2026-05-14T02:58:04.9186406-07:00] [pid=12064] [2026.05.14-09.58.04:918][  0]LogAudio: Display: Initializing Audio Device Manager...
[2026-05-14T02:58:04.9221550-07:00] [pid=12064] [2026.05.14-09.58.04:922][  0]LogAudio: Display: Loading Default Audio Settings Objects...
[2026-05-14T02:58:04.9231631-07:00] [pid=12064] [2026.05.14-09.58.04:923][  0]LogAudio: Display: No default SoundConcurrencyObject specified (or failed to load).
[2026-05-14T02:58:04.9241669-07:00] [pid=12064] [2026.05.14-09.58.04:924][  0]LogAudio: Display: Audio Device Manager Initialized
[2026-05-14T02:58:04.9241669-07:00] [pid=12064] [2026.05.14-09.58.04:924][  0]LogAudio: Display: Creating Audio Device:                 Id: 1, Scope: Shared, Realtime: True
[2026-05-14T02:58:04.9241669-07:00] [pid=12064] [2026.05.14-09.58.04:924][  0]LogAudioMixer: Display: Audio Mixer Platform Settings:
[2026-05-14T02:58:04.9241669-07:00] [pid=12064] [2026.05.14-09.58.04:924][  0]LogAudioMixer: Display: 	Sample Rate:						  48000
[2026-05-14T02:58:04.9241669-07:00] [pid=12064] [2026.05.14-09.58.04:924][  0]LogAudioMixer: Display: 	Callback Buffer Frame Size Requested: 1024
[2026-05-14T02:58:04.9241669-07:00] [pid=12064] [2026.05.14-09.58.04:924][  0]LogAudioMixer: Display: 	Callback Buffer Frame Size To Use:	  1024
[2026-05-14T02:58:04.9241669-07:00] [pid=12064] [2026.05.14-09.58.04:924][  0]LogAudioMixer: Display: 	Number of buffers to queue:			  2
[2026-05-14T02:58:04.9241669-07:00] [pid=12064] [2026.05.14-09.58.04:924][  0]LogAudioMixer: Display: 	Max Channels (voices):				  32
[2026-05-14T02:58:04.9241669-07:00] [pid=12064] [2026.05.14-09.58.04:924][  0]LogAudioMixer: Display: 	Number of Async Source Workers:		  0
[2026-05-14T02:58:04.9241669-07:00] [pid=12064] [2026.05.14-09.58.04:924][  0]LogAudio: Display: AudioDevice MaxSources: 32
[2026-05-14T02:58:04.9251623-07:00] [pid=12064] [2026.05.14-09.58.04:925][  0]LogAudio: Display: Audio Spatialization Plugin: None (built-in).
[2026-05-14T02:58:04.9251623-07:00] [pid=12064] [2026.05.14-09.58.04:925][  0]LogAudio: Display: Audio Reverb Plugin: None (built-in).
[2026-05-14T02:58:04.9251623-07:00] [pid=12064] [2026.05.14-09.58.04:925][  0]LogAudio: Display: Audio Occlusion Plugin: None (built-in).
[2026-05-14T02:58:04.9251623-07:00] [pid=12064] [2026.05.14-09.58.04:925][  0]LogAudioMixer: Display: Initializing audio mixer.
[2026-05-14T02:58:04.9402385-07:00] [pid=12064] [2026.05.14-09.58.04:940][  0]LogAudioMixer: Display: 0: FrontLeft
[2026-05-14T02:58:04.9402385-07:00] [pid=12064] [2026.05.14-09.58.04:940][  0]LogAudioMixer: Display: 1: FrontRight
[2026-05-14T02:58:04.9647848-07:00] [pid=12064] [2026.05.14-09.58.04:963][  0]LogAudioMixer: Display: Using Audio Device Speakers (2- Realtek(R) Audio)
[2026-05-14T02:58:04.9703263-07:00] [pid=12064] [2026.05.14-09.58.04:970][  0]LogAudioMixer: Display: Initializing Sound Submixes...
[2026-05-14T02:58:04.9728580-07:00] [pid=12064] [2026.05.14-09.58.04:972][  0]LogAudioMixer: Display: Creating Master Submix 'MasterSubmixDefault'
[2026-05-14T02:58:04.9728580-07:00] [pid=12064] [2026.05.14-09.58.04:972][  0]LogAudioMixer: Display: Creating Master Submix 'MasterReverbSubmixDefault'
[2026-05-14T02:58:04.9743189-07:00] [pid=12064] [2026.05.14-09.58.04:974][  0]LogAudioMixer: Display: Creating Master Submix 'MasterEQSubmixDefault'
[2026-05-14T02:58:04.9743189-07:00] [pid=12064] [2026.05.14-09.58.04:974][  0]LogAudioMixer: FMixerPlatformXAudio2::StartAudioStream() called
[2026-05-14T02:58:04.9743189-07:00] [pid=12064] [2026.05.14-09.58.04:974][  0]LogAudioMixer: Display: Output buffers initialized: Frames=1024, Channels=2, Samples=2048
[2026-05-14T02:58:04.9763341-07:00] [pid=12064] [2026.05.14-09.58.04:975][  0]LogAudioMixer: Display: Starting AudioMixerPlatformInterface::RunInternal()
[2026-05-14T02:58:04.9763341-07:00] [pid=12064] [2026.05.14-09.58.04:975][  0]LogAudioMixer: Display: FMixerPlatformXAudio2::SubmitBuffer() called for the first time
[2026-05-14T02:58:04.9763341-07:00] [pid=12064] [2026.05.14-09.58.04:976][  0]LogInit: FAudioDevice initialized.
[2026-05-14T02:58:04.9773397-07:00] [pid=12064] [2026.05.14-09.58.04:977][  0]LogNetVersion: Set ProjectVersion to 1.0.0.0. Version Checksum will be recalculated on next use.
[2026-05-14T02:58:05.0265485-07:00] [pid=12064] [2026.05.14-09.58.05:026][  0]LogDerivedDataCache: Saved boot cache 0.05s 78MB C:/Users/kapil/AppData/Local/UnrealEngine/4.27/DerivedDataCache/Boot.ddc.
[2026-05-14T02:58:05.0275649-07:00] [pid=12064] [2026.05.14-09.58.05:027][  0]LogInit: Texture streaming: Enabled
[2026-05-14T02:58:05.0783521-07:00] [pid=12064] [2026.05.14-09.58.05:078][  0]LogAudio: Display: Audio Device (ID: 1) registered with world 'Untitled'.
[2026-05-14T02:58:05.0793535-07:00] [pid=12064] [2026.05.14-09.58.05:079][  0]LogSlate: Updating window title bar state: overlay mode, drag disabled, window buttons hidden, title bar hidden
[2026-05-14T02:58:05.0793535-07:00] [pid=12064] [2026.05.14-09.58.05:079][  0]LogInit: Display: Game Engine Initialized.
[2026-05-14T02:58:05.0793535-07:00] [pid=12064] [2026.05.14-09.58.05:079][  0]LogNiagaraEditor: GEditor isn't valid! Particle reset commands will not work for Niagara components!
[2026-05-14T02:58:05.1651531-07:00] [pid=12064] [2026.05.14-09.58.05:165][  0]LogInit: Display: Starting Game.
[2026-05-14T02:58:05.1651531-07:00] [pid=12064] [2026.05.14-09.58.05:165][  0]LogNet: Browse: /Game/ThirdPersonBP/Maps/ThirdPersonExampleMap?Name=Player
[2026-05-14T02:58:05.1651531-07:00] [pid=12064] [2026.05.14-09.58.05:165][  0]LogLoad: LoadMap: /Game/ThirdPersonBP/Maps/ThirdPersonExampleMap?Name=Player
[2026-05-14T02:58:05.1666563-07:00] [pid=12064] [2026.05.14-09.58.05:165][  0]LogWorld: BeginTearingDown for /Temp/Untitled_0
[2026-05-14T02:58:05.1666563-07:00] [pid=12064] [2026.05.14-09.58.05:166][  0]LogWorld: UWorld::CleanupWorld for Untitled, bSessionEnded=true, bCleanupResources=true
[2026-05-14T02:58:05.1666563-07:00] [pid=12064] [2026.05.14-09.58.05:166][  0]LogSlate: InvalidateAllWidgets triggered.  All widgets were invalidated
[2026-05-14T02:58:05.1762421-07:00] [pid=12064] [2026.05.14-09.58.05:176][  0]LogAudio: Display: Audio Device unregistered from world 'None'.
[2026-05-14T02:58:05.1782592-07:00] [pid=12064] [2026.05.14-09.58.05:178][  0]LogUObjectHash: Compacting FUObjectHashTables data took   0.58ms
[2026-05-14T02:58:05.3632197-07:00] [pid=12064] [2026.05.14-09.58.05:363][  0]LogAudio: Display: Audio Device (ID: 1) registered with world 'ThirdPersonExampleMap'.
[2026-05-14T02:58:05.3692321-07:00] [pid=12064] [2026.05.14-09.58.05:369][  0]LogAIModule: Creating AISystem for world ThirdPersonExampleMap
[2026-05-14T02:58:05.3707379-07:00] [pid=12064] [2026.05.14-09.58.05:370][  0]LogLoad: Game class is 'ThirdPersonGameMode_C'
[2026-05-14T02:58:05.3737496-07:00] [pid=12064] [2026.05.14-09.58.05:373][  0]LogWorld: Bringing World /Game/ThirdPersonBP/Maps/ThirdPersonExampleMap.ThirdPersonExampleMap up for play (max tick rate 0) at 2026.05.14-02.58.05
[2026-05-14T02:58:05.3737496-07:00] [pid=12064] [2026.05.14-09.58.05:373][  0]LogWorld: Bringing up level for play took: 0.002512
[2026-05-14T02:58:05.3747491-07:00] [pid=12064] [2026.05.14-09.58.05:374][  0]LogTemp: Display: [ImmerseStress] Ready. Defaults: event=SwordHits bus=7p1p4 shareset=Immerse_Audio_Renderer_(Custom)
[2026-05-14T02:58:05.3762548-07:00] [pid=12064] [2026.05.14-09.58.05:374][  0]LogTemp: Display: [ImmerseStress] IMMERSE_USER_ID env=kevin_tencenttest1_emb | IMMERSE_USERID= | IMMERSE_USER=
[2026-05-14T02:58:05.3762548-07:00] [pid=12064] [2026.05.14-09.58.05:376][  0]LogTemp: Display: [testTP] Auto-spawned ImmerseStressTestActor into ThirdPersonExampleMap (type=1)
[2026-05-14T02:58:05.3762548-07:00] [pid=12064] [2026.05.14-09.58.05:376][  0]LogLoad: Took 0.209850 seconds to LoadMap(/Game/ThirdPersonBP/Maps/ThirdPersonExampleMap)
[2026-05-14T02:58:05.3983430-07:00] [pid=12064] [2026.05.14-09.58.05:398][  0]LogSlate: Took 0.000161 seconds to synchronously load lazily loaded font '../../../Engine/Content/Slate/Fonts/Roboto-Regular.ttf' (155K)
[2026-05-14T02:58:05.4173970-07:00] [pid=12064] [2026.05.14-09.58.05:417][  0]LogRenderer: Reallocating scene render targets to support 1536x864 Format 10 NumSamples 1 (Frame:1).
[2026-05-14T02:58:05.4173970-07:00] [pid=12064] [2026.05.14-09.58.05:417][  0]LogInit: Display: Engine is initialized. Leaving FEngineLoop::Init()
[2026-05-14T02:58:05.4173970-07:00] [pid=12064] [2026.05.14-09.58.05:417][  0]LogLoad: (Engine Initialization) Total time: 5.15 seconds
[2026-05-14T02:58:05.4173970-07:00] [pid=12064] [2026.05.14-09.58.05:417][  0]LogLoad: (Engine Initialization) Total Blueprint compile time: 0.00 seconds
[2026-05-14T02:58:05.4173970-07:00] [pid=12064] Resizing viewport due to setres change, 1536 x 864
[2026-05-14T02:58:05.4651847-07:00] [pid=12064] [2026.05.14-09.58.05:465][  0]LogContentStreaming: Texture pool size now 1000 MB
[2026-05-14T02:58:05.4666888-07:00] [pid=12064] [2026.05.14-09.58.05:466][  0]LogSlate: InvalidateAllWidgets triggered.  All widgets were invalidated
[2026-05-14T02:58:05.5664683-07:00] [pid=12064] [2026.05.14-09.58.05:566][  0]LogRenderer: Reallocating scene render targets to support 128x128 Format 10 NumSamples 1 (Frame:1).
[2026-05-14T02:58:05.5910264-07:00] [pid=12064] [2026.05.14-09.58.05:590][  0]LogRenderer: Reallocating scene render targets to support 1536x864 Format 10 NumSamples 1 (Frame:2).
[2026-05-14T02:58:05.5975750-07:00] [pid=12064] [2026.05.14-09.58.05:597][  1]LogSlate: Took 0.000155 seconds to synchronously load lazily loaded font '../../../Engine/Content/Slate/Fonts/Roboto-Regular.ttf' (155K)
[2026-05-14T02:58:05.6147610-07:00] [pid=12064] <<<_____ ImmerseAudioRenderer _____>>> 
[2026-05-14T02:58:05.6147610-07:00] [pid=12064] CreateImmerseAudioRendererFX()
[2026-05-14T02:58:05.6147610-07:00] [pid=12064] 
[2026-05-14T02:58:05.6147610-07:00] [pid=12064] <<<_____ ImmerseAudioRenderer _____>>> 
[2026-05-14T02:58:05.6147610-07:00] [pid=12064] Init: this=00000229C2D50080
[2026-05-14T02:58:05.6162650-07:00] [pid=12064] 
[2026-05-14T02:58:05.6162650-07:00] [pid=12064] <<<_____ ImmerseAudioRenderer _____>>> 
[2026-05-14T02:58:05.6162650-07:00] [pid=12064] Init: success this=00000229C2D50080 numChannels=36
[2026-05-14T02:58:05.6162650-07:00] [pid=12064] 
[2026-05-14T02:58:05.6162650-07:00] [pid=12064] [EmbodyLOG] May_14_2026 02:58:05.616 line: 738. ___IMMERSEENGINE___ Immerse_CreateAudioProcessor inChannelConfiguration:5 inInitHrirTuning:0 inInitSpeakerPlacement:0 outAudioProcessor:000000AFE45CFB00 
[2026-05-14T02:58:05.6172733-07:00] [pid=12064] [EmbodyLOG] May_14_2026 02:58:05.617 line: 251. ImmerseAudioApiImplBase::CreateAudioProcessor: failed to obtain personalized shared decoder kernel - expected behaviour if user is not set! 
[2026-05-14T02:58:05.6363164-07:00] [pid=12064] [EmbodyLOG] May_14_2026 02:58:05.636 line: 376. AudioConfig::GetSHIndices() - invalid channelConfig: 6 
[2026-05-14T02:58:05.6648970-07:00] [pid=12064] [EmbodyLOG] May_14_2026 02:58:05.665 line: 281. AudioConfig::InitializeDecoders: Successfully created shared ambisonic decoder kernel 
[2026-05-14T02:58:05.6664065-07:00] [pid=12064] [EmbodyLOG] May_14_2026 02:58:05.666 line: 269. ImmerseAudioApiImplBase::CreateAudioProcessor: failed to init personalized decoder - expected behaviour if user is not set! 
[2026-05-14T02:58:07.9640982-07:00] [pid=12064] [2026.05.14-09.58.07:963][175]LogTemp: Display: [ImmerseStress] REMOTE_HOLD_v1: waiting for go.flag (../../../../../../Users/kapil/OneDrive/Documents/Unreal Projects/testTP/Saved/ImmerseStress/go.flag) retry=1
[2026-05-14T02:58:09.0931486-07:00] [pid=7276] <<<_____ ImmerseAudioRenderer _____>>> 
[2026-05-14T02:58:09.0931486-07:00] [pid=7276] WwiseFxNullParams::Term()
[2026-05-14T02:58:09.0931486-07:00] [pid=7276] 
[2026-05-14T02:58:09.1031716-07:00] [pid=7276] <<<_____ ImmerseAudioRenderer _____>>> 
[2026-05-14T02:58:09.1031716-07:00] [pid=7276] CreateDestroyImmerseManager
[2026-05-14T02:58:09.1031716-07:00] [pid=7276] 
[2026-05-14T02:58:09.1041713-07:00] [pid=7276] <<<_____ ImmerseAudioRenderer _____>>> 
[2026-05-14T02:58:09.1041713-07:00] [pid=7276] DestroyImmerseManager
[2026-05-14T02:58:09.1041713-07:00] [pid=7276] 
[2026-05-14T02:58:09.1638205-07:00] [pid=12064] <<<_____ ImmerseAudioRenderer _____>>> 
[2026-05-14T02:58:09.1638205-07:00] [pid=12064] RegisterImmerseAudioRendererFX()
[2026-05-14T02:58:09.1638205-07:00] [pid=12064] 
[2026-05-14T02:58:09.1648207-07:00] [pid=12064] <<<_____ ImmerseAudioRenderer _____>>> 
[2026-05-14T02:58:09.1648207-07:00] [pid=12064] CreateImmerseManager
[2026-05-14T02:58:09.1648207-07:00] [pid=12064] 
[2026-05-14T02:58:09.1848845-07:00] [pid=12064] <<<_____ ImmerseAudioRenderer _____>>> 
[2026-05-14T02:58:09.1848845-07:00] [pid=12064] CreateImmerseAudioRendererFXParams()
[2026-05-14T02:58:09.1848845-07:00] [pid=12064] 
[2026-05-14T02:58:09.1848845-07:00] [pid=12064] <<<_____ ImmerseAudioRenderer _____>>> 
[2026-05-14T02:58:09.1848845-07:00] [pid=12064] WwiseFxNullParams::Init()
[2026-05-14T02:58:09.1848845-07:00] [pid=12064] 
[2026-05-14T02:58:09.1848845-07:00] [pid=12064] <<<_____ ImmerseAudioRenderer _____>>> 
[2026-05-14T02:58:09.1848845-07:00] [pid=12064] WwiseFxNullParams::SetParam()
[2026-05-14T02:58:09.1848845-07:00] [pid=12064] 
[2026-05-14T02:58:09.1848845-07:00] [pid=12064] <<<_____ ImmerseAudioRenderer _____>>> 
[2026-05-14T02:58:09.1848845-07:00] [pid=12064] WwiseFxNullParams::SetParam()
[2026-05-14T02:58:09.1848845-07:00] [pid=12064] 
[2026-05-14T02:58:09.1848845-07:00] [pid=12064] <<<_____ ImmerseAudioRenderer _____>>> 
[2026-05-14T02:58:09.1848845-07:00] [pid=12064] WwiseFxNullParams::SetParam()
[2026-05-14T02:58:09.1848845-07:00] [pid=12064] 
[2026-05-14T02:58:09.1863894-07:00] [pid=12064] <<<_____ ImmerseAudioRenderer _____>>> 
[2026-05-14T02:58:09.1863894-07:00] [pid=12064] WwiseFxNullParams::SetParam()
[2026-05-14T02:58:09.1863894-07:00] [pid=12064] 
[2026-05-14T02:58:09.1863894-07:00] [pid=12064] <<<_____ ImmerseAudioRenderer _____>>> 
[2026-05-14T02:58:09.1863894-07:00] [pid=12064] WwiseFxNullParams::SetParam()
[2026-05-14T02:58:09.1863894-07:00] [pid=12064] 
[2026-05-14T02:58:09.1863894-07:00] [pid=12064] <<<_____ ImmerseAudioRenderer _____>>> 
[2026-05-14T02:58:09.1863894-07:00] [pid=12064] WwiseFxNullParams::SetParam()
[2026-05-14T02:58:09.1863894-07:00] [pid=12064] 
[2026-05-14T02:58:09.1863894-07:00] [pid=12064] <<<_____ ImmerseAudioRenderer _____>>> 
[2026-05-14T02:58:09.1863894-07:00] [pid=12064] WwiseFxNullParams::SetParam()
[2026-05-14T02:58:09.1873987-07:00] [pid=12064] 
[2026-05-14T02:58:09.1873987-07:00] [pid=12064] <<<_____ ImmerseAudioRenderer _____>>> 
[2026-05-14T02:58:09.1873987-07:00] [pid=12064] WwiseFxNullParams::SetParam()
[2026-05-14T02:58:09.1873987-07:00] [pid=12064] 
[2026-05-14T02:58:09.1873987-07:00] [pid=12064] <<<_____ ImmerseAudioRenderer _____>>> 
[2026-05-14T02:58:09.1873987-07:00] [pid=12064] WwiseFxNullParams::SetParam()
[2026-05-14T02:58:09.1873987-07:00] [pid=12064] 
[2026-05-14T02:58:09.1873987-07:00] [pid=12064] <<<_____ ImmerseAudioRenderer _____>>> 
[2026-05-14T02:58:09.1873987-07:00] [pid=12064] WwiseFxNullParams::ApplyParam()
[2026-05-14T02:58:09.1873987-07:00] [pid=12064] 
[2026-05-14T02:58:09.1873987-07:00] [pid=12064] [EmbodyLOG] May_14_2026 02:58:09.188 line: 649. ___IMMERSEENGINE___ Immerse_SetUserId inUserId:000000AFDA27EFC0 
[2026-05-14T02:58:09.1883990-07:00] [pid=12064] <<<_____ ImmerseAudioRenderer _____>>> 
[2026-05-14T02:58:09.1883990-07:00] [pid=12064] WwiseFxNullParams::ApplyParam()
[2026-05-14T02:58:09.1883990-07:00] [pid=12064] 
[2026-05-14T02:58:09.1883990-07:00] [pid=12064] [EmbodyLOG] May_14_2026 02:58:09.188 line: 673. ___IMMERSEENGINE___ Immerse_EnableImmerse inMode: 0 
[2026-05-14T02:58:09.1883990-07:00] [pid=12064] <<<_____ ImmerseAudioRenderer _____>>> 
[2026-05-14T02:58:09.1883990-07:00] [pid=12064] WwiseFxNullParams::ApplyParam()
[2026-05-14T02:58:09.1883990-07:00] [pid=12064] 
[2026-05-14T02:58:09.1893979-07:00] [pid=12064] [EmbodyLOG] May_14_2026 02:58:09.189 line: 673. ___IMMERSEENGINE___ Immerse_EnableImmerse inMode: 1 
[2026-05-14T02:58:09.1893979-07:00] [pid=12064] [EmbodyLOG] May_14_2026 02:58:09.189 line: 3460. generateWebAppUrl(): userId: kevin_tencenttest1_emb 
[2026-05-14T02:58:09.1893979-07:00] [pid=12064] <<<_____ ImmerseAudioRenderer _____>>> 
[2026-05-14T02:58:09.1893979-07:00] [pid=12064] WwiseFxNullParams::ApplyParam()
[2026-05-14T02:58:09.1893979-07:00] [pid=12064] 
[2026-05-14T02:58:09.1893979-07:00] [pid=12064] [EmbodyLOG] May_14_2026 02:58:09.190 line: 710. ___IMMERSEENGINE___ Immerse_EnableHPEQ inHeadset: 0 
[2026-05-14T02:58:09.1903982-07:00] [pid=12064] <<<_____ ImmerseAudioRenderer _____>>> 
[2026-05-14T02:58:09.1903982-07:00] [pid=12064] WwiseFxNullParams::ApplyParam()
[2026-05-14T02:58:09.1903982-07:00] [pid=12064] 
[2026-05-14T02:58:09.1903982-07:00] [pid=12064] <<<_____ ImmerseAudioRenderer _____>>> 
[2026-05-14T02:58:09.1909027-07:00] [pid=12064] WwiseFxNullParams::ApplyParam()
[2026-05-14T02:58:09.1909027-07:00] [pid=12064] 
[2026-05-14T02:58:09.1909027-07:00] [pid=12064] <<<_____ ImmerseAudioRenderer _____>>> 
[2026-05-14T02:58:09.1909027-07:00] [pid=12064] [EmbodyLOG] May_14_2026 02:58:09.190 line: 759. ___IMMERSEENGINE___ Immerse_SetSpeakerPlacement inSpeakerPlacement:1 
[2026-05-14T02:58:09.1909027-07:00] [pid=12064] WwiseFxNullParams::ApplyParam()
[2026-05-14T02:58:09.1909027-07:00] [pid=12064] 
[2026-05-14T02:58:09.1909027-07:00] [pid=12064] <<<_____ ImmerseAudioRenderer _____>>> 
[2026-05-14T02:58:09.1909027-07:00] [pid=12064] WwiseFxNullParams::ApplyParam()
[2026-05-14T02:58:09.1909027-07:00] [pid=12064] 
[2026-05-14T02:58:09.1909027-07:00] [pid=12064] <<<_____ ImmerseAudioRenderer _____>>> 
[2026-05-14T02:58:09.1909027-07:00] [pid=12064] WwiseFxNullParams::ApplyParam()
[2026-05-14T02:58:09.1909027-07:00] [pid=12064] 
[2026-05-14T02:58:09.1919093-07:00] [pid=12064] [EmbodyLOG] May_14_2026 02:58:09.192 line: 1316. getLocalSessionID for user: kevin_tencenttest1_emb 06756e30dc6941e7b44b3ad365984a2f 
[2026-05-14T02:58:09.1919093-07:00] [pid=12064] [EmbodyLOG] May_14_2026 02:58:09.192 line: 3468. generateWebAppUrl(): Query context user id = kevin_tencenttest1_emb 
[2026-05-14T02:58:09.1919093-07:00] [pid=12064] <<<_____ ImmerseAudioRenderer _____>>> 
[2026-05-14T02:58:09.1919093-07:00] [pid=12064] Term: this=00000229C2D50080
[2026-05-14T02:58:09.1929187-07:00] [pid=12064] 
[2026-05-14T02:58:09.1929187-07:00] [pid=12064] [EmbodyLOG] May_14_2026 02:58:09.192 line: 752. ___IMMERSEENGINE___ Immerse_DestroyAudioProcessor inAudioProcessor:1 
[2026-05-14T02:58:09.1929187-07:00] [pid=12064] [EmbodyLOG] May_14_2026 02:58:09.192 line: 1377. constructWebAppUrl: https://u.embodyvr.io/i/-swFMKVVS9kJoAk2a-_EX2Tgb0fRwsujiI8v3sYBdVpKVEIfDukivQ**?q=2h04:en 
[2026-05-14T02:58:09.1929187-07:00] [pid=12064] <<<_____ ImmerseAudioRenderer _____>>> 
[2026-05-14T02:58:09.1929187-07:00] [pid=12064] WwiseFxNullParams::Term()
[2026-05-14T02:58:09.1929187-07:00] [pid=12064] [EmbodyLOG] May_14_2026 02:58:09.193 line: 3483. generateWebAppUrl(): session url is : https://u.embodyvr.io/i/-swFMKVVS9kJoAk2a-_EX2Tgb0fRwsujiI8v3sYBdVpKVEIfDukivQ**?q=2h04:en 
[2026-05-14T02:58:09.1929187-07:00] [pid=12064] 
[2026-05-14T02:58:09.1929187-07:00] [pid=12064] <<<_____ ImmerseAudioRenderer _____>>> 
[2026-05-14T02:58:09.1929187-07:00] [pid=12064] CreateImmerseAudioRendererFX()
[2026-05-14T02:58:09.1929187-07:00] [pid=12064] 
[2026-05-14T02:58:09.1929187-07:00] [pid=12064] <<<_____ ImmerseAudioRenderer _____>>> 
[2026-05-14T02:58:09.1929187-07:00] [pid=12064] Init: this=00000229C2D501C0
[2026-05-14T02:58:09.1929187-07:00] [pid=12064] 
[2026-05-14T02:58:09.1939148-07:00] [pid=12064] <<<_____ ImmerseAudioRenderer _____>>> 
[2026-05-14T02:58:09.1939148-07:00] [pid=12064] Init: success this=00000229C2D501C0 numChannels=36
[2026-05-14T02:58:09.1939148-07:00] [pid=12064] 
[2026-05-14T02:58:09.1949149-07:00] [pid=12064] <<<_____ ImmerseAudioRenderer _____>>> 
[2026-05-14T02:58:09.1949149-07:00] [pid=12064] Term: this=00000229C2D501C0
[2026-05-14T02:58:09.1949149-07:00] [pid=12064] 
[2026-05-14T02:58:09.1949149-07:00] [pid=12064] <<<_____ ImmerseAudioRenderer _____>>> 
[2026-05-14T02:58:09.1949149-07:00] [pid=12064] WwiseFxNullParams::Term()
[2026-05-14T02:58:09.1949149-07:00] [pid=12064] 
[2026-05-14T02:58:09.2029542-07:00] [pid=12064] <<<_____ ImmerseAudioRenderer _____>>> 
[2026-05-14T02:58:09.2029542-07:00] [pid=12064] CreateImmerseAudioRendererFX()
[2026-05-14T02:58:09.2029542-07:00] [pid=12064] 
[2026-05-14T02:58:09.2039533-07:00] [pid=12064] <<<_____ ImmerseAudioRenderer _____>>> 
[2026-05-14T02:58:09.2039533-07:00] [pid=12064] Init: this=00000229C2D50300
[2026-05-14T02:58:09.2039533-07:00] [pid=12064] 
[2026-05-14T02:58:09.2039533-07:00] [pid=12064] <<<_____ ImmerseAudioRenderer _____>>> 
[2026-05-14T02:58:09.2039533-07:00] [pid=12064] Init: success this=00000229C2D50300 numChannels=36
[2026-05-14T02:58:09.2039533-07:00] [pid=12064] 
[2026-05-14T02:58:09.2049540-07:00] [pid=12064] [EmbodyLOG] May_14_2026 02:58:09.205 line: 738. ___IMMERSEENGINE___ Immerse_CreateAudioProcessor inChannelConfiguration:5 inInitHrirTuning:0 inInitSpeakerPlacement:0 outAudioProcessor:000000AFE514FAC0 
[2026-05-14T02:58:09.2049540-07:00] [pid=12064] [EmbodyLOG] May_14_2026 02:58:09.205 line: 251. ImmerseAudioApiImplBase::CreateAudioProcessor: failed to obtain personalized shared decoder kernel - expected behaviour if user is not set! 
[2026-05-14T02:58:09.2064600-07:00] [pid=12064] [EmbodyLOG] May_14_2026 02:58:09.206 line: 269. ImmerseAudioApiImplBase::CreateAudioProcessor: failed to init personalized decoder - expected behaviour if user is not set! 
[2026-05-14T02:58:09.2129814-07:00] [pid=12064] [EmbodyLOG] May_14_2026 02:58:09.213 line: 1419. calculateLicenseDaysRemaining(): cached=358, elapsed=1, remaining=357 
[2026-05-14T02:58:09.5163657-07:00] [pid=12064] [EmbodyLOG] May_14_2026 02:58:09.516 line: 2042. updateUserData onSetUserId: update user data on set user id 
[2026-05-14T02:58:09.5173736-07:00] [pid=12064] [EmbodyLOG] May_14_2026 02:58:09.517 line: 1316. getLocalSessionID for user: kevin_tencenttest1_emb 06756e30dc6941e7b44b3ad365984a2f 
[2026-05-14T02:58:09.5173736-07:00] [pid=12064] [EmbodyLOG] May_14_2026 02:58:09.518 line: 2060. ImmerseAPI_updateUserData onSetUserId: syncing with server 
[2026-05-14T02:58:09.5193737-07:00] [pid=12064] [EmbodyLOG] May_14_2026 02:58:09.519 line: 1316. getLocalSessionID for user: kevin_tencenttest1_emb 06756e30dc6941e7b44b3ad365984a2f 
[2026-05-14T02:58:09.5203740-07:00] [pid=12064] [EmbodyLOG] May_14_2026 02:58:09.520 line: 3274. getEmbodyData: STATUS_AUTHORIZING StatusCheck session_id: 06756e30dc6941e7b44b3ad365984a2f, immerse_id: v2.2.447, hrtf_id: 1408e0d2eca549feaf2d5631a49ca7d2, img_id: img_1 
[2026-05-14T02:58:09.5208781-07:00] [pid=12064] [EmbodyLOG] May_14_2026 02:58:09.520 line: 3213. usingLocalUserCache: Using local cache for user: SCR license_type: trial, license_days_left: 358, license_expired: 0, isUniversalUser: 0 
[2026-05-14T02:58:09.5208781-07:00] [pid=12064] [EmbodyLOG] May_14_2026 02:58:09.521 line: 3232. updateUMWHPEQSelection() - updated headsetId: 18446744073709551615 
[2026-05-14T02:58:09.5208781-07:00] [pid=12064] [EmbodyLOG] May_14_2026 02:58:09.521 line: 2669. updateUserHRTFData ProfileName set to : Profile_1 
[2026-05-14T02:58:09.5218832-07:00] [pid=12064] [EmbodyLOG] May_14_2026 02:58:09.521 line: 2724. updateUserHRTFData: inside hrtfCallback invocation 
[2026-05-14T02:58:09.5218832-07:00] [pid=12064] [EmbodyLOG] May_14_2026 02:58:09.522 line: 270. LoadHrtfCallback: HRTF loaded 
[2026-05-14T02:58:09.5218832-07:00] [pid=12064] [EmbodyLOG] May_14_2026 02:58:09.522 line: 3354. getEmbodyData: IMMERSE_STATUS::DATA_FINISHED 
[2026-05-14T02:58:09.8231969-07:00] [pid=12064] [EmbodyLOG] May_14_2026 02:58:09.823 line: 416. DecryptMultiSofaData() - v2 numSections=3 hrtfFlags=1 hrtfSectionOffset=971 hrtfSectionSize=1758624 numEntries=4 dataOffset=1039 dataLength=439639 bmapSize=518 fovdSize=361 
[2026-05-14T02:58:09.8782211-07:00] [pid=12064] [EmbodyLOG] May_14_2026 02:58:09.878 line: 447. DecryptMultiSofaData() - decrypt result: Success 
[2026-05-14T02:58:09.8792222-07:00] [pid=12064] [EmbodyLOG] May_14_2026 02:58:09.879 line: 533. AssetManager - BMAP data (518 bytes): {"buses":[{"label":"Extraction","tunings":[{"id":"extraction_tuning_1","label":"Extraction Tuning 1","hrtf_index":0}],"id":"extraction"},{"label":"Warfare","tunings":[{"id":"warfare_tuning_1","label":"Warfare Tuning 1","hrtf_index":1}],"id":"warfare"},{"label":"Campaign","tunings":[{"id":"campaign_tuning_1","label":"Campaign Tuning 1","hrtf_index":2}],"id":"campaign"},{"label":"Voice Chat","tunings":[{"id":"voice_chat_tuning_1","label":"Voice Chat Tuning 1","hrtf_index":3}],"id":"voice_chat"}],"schema_version":1} 
[2026-05-14T02:58:09.8792222-07:00] [pid=12064] [EmbodyLOG] May_14_2026 02:58:09.879 line: 537. AssetManager - FOVD data (361 bytes): {"schema_version":1,"fov_groups":["l/r"],"fov_presets":[{"studio_speaker_angles_idx":[0,1,6,7,8,9,10,11,12,13,14,15,16,17,18],"label":"Narrow","id":"narrow"},{"studio_speaker_angles_idx":[2,3,6,7,8,9,10,11,12,13,14,15,16,17,18],"label":"Default","id":"default"},{"studio_speaker_angles_idx":[4,5,6,7,8,9,10,11,12,13,14,15,16,17,18],"label":"Wide","id":"wide"}]} 
[2026-05-14T02:58:09.8862370-07:00] [pid=12064] [EmbodyLOG] May_14_2026 02:58:09.886 line: 376. AudioConfig::GetSHIndices() - invalid channelConfig: 6 
[2026-05-14T02:58:09.9313837-07:00] [pid=12064] [EmbodyLOG] May_14_2026 02:58:09.932 line: 281. AudioConfig::InitializeDecoders: Successfully created shared ambisonic decoder kernel 
[2026-05-14T02:58:09.9343908-07:00] [pid=12064] [EmbodyLOG] May_14_2026 02:58:09.934 line: 1419. calculateLicenseDaysRemaining(): cached=358, elapsed=1, remaining=357 
[2026-05-14T02:58:09.9353939-07:00] [pid=12064] [EmbodyLOG] May_14_2026 02:58:09.935 line: 1419. calculateLicenseDaysRemaining(): cached=358, elapsed=1, remaining=357 
[2026-05-14T02:58:09.9363913-07:00] [pid=12064] [EmbodyLOG] May_14_2026 02:58:09.937 line: 1316. getLocalSessionID for user: kevin_tencenttest1_emb 06756e30dc6941e7b44b3ad365984a2f 
[2026-05-14T02:58:09.9373966-07:00] [pid=12064] [EmbodyLOG] May_14_2026 02:58:09.938 line: 2576. ImmerseAPI: Too many status checks within the period allowed, returning early 
[2026-05-14T02:58:09.9383959-07:00] [pid=12064] [EmbodyLOG] May_14_2026 02:58:09.938 line: 3232. updateUMWHPEQSelection() - updated headsetId: 18446744073709551615 
[2026-05-14T02:58:09.9393970-07:00] [pid=12064] [EmbodyLOG] May_14_2026 02:58:09.939 line: 1419. calculateLicenseDaysRemaining(): cached=358, elapsed=1, remaining=357 
[2026-05-14T02:58:09.9393970-07:00] [pid=12064] [EmbodyLOG] May_14_2026 02:58:09.939 line: 1304. ImmerseManager::UpdateHpeqHeadset() - HPEQ disabled 
[2026-05-14T02:58:09.9403954-07:00] [pid=12064] [EmbodyLOG] May_14_2026 02:58:09.940 line: 1419. calculateLicenseDaysRemaining(): cached=358, elapsed=1, remaining=357 
[2026-05-14T02:58:10.6110012-07:00] [pid=27484] Focus Exec Name: windowsterminal.exe
[2026-05-14T02:58:10.6110012-07:00] [pid=27484] ---> Focus Exec Name: windowsterminal.exe has WS_OVERLAPPEDWINDOW
[2026-05-14T02:58:12.5683757-07:00] [pid=12064] <<<_____ ImmerseAudioRenderer _____>>> 
[2026-05-14T02:58:12.5683757-07:00] [pid=12064] WwiseFxNullParams::SetParam()
[2026-05-14T02:58:12.5683757-07:00] [pid=12064] 
[2026-05-14T02:58:12.5683757-07:00] [pid=12064] <<<_____ ImmerseAudioRenderer _____>>> 
[2026-05-14T02:58:12.5683757-07:00] [pid=12064] WwiseFxNullParams::ApplyParam()
[2026-05-14T02:58:12.5683757-07:00] [pid=12064] 
[2026-05-14T02:58:12.5683757-07:00] [pid=12064] [EmbodyLOG] May_14_2026 02:58:12.568 line: 673. ___IMMERSEENGINE___ Immerse_EnableImmerse inMode: 2 
[2026-05-14T02:58:12.5693774-07:00] [pid=12064] <<<_____ ImmerseAudioRenderer _____>>> 
[2026-05-14T02:58:12.5693774-07:00] [pid=12064] WwiseFxNullParams::SetParam()
[2026-05-14T02:58:12.5693774-07:00] [pid=12064] 
[2026-05-14T02:58:12.5693774-07:00] [pid=12064] <<<_____ ImmerseAudioRenderer _____>>> 
[2026-05-14T02:58:12.5693774-07:00] [pid=12064] WwiseFxNullParams::ApplyParam()
[2026-05-14T02:58:12.5693774-07:00] [pid=12064] 
[2026-05-14T02:58:12.5693774-07:00] [pid=12064] [EmbodyLOG] May_14_2026 02:58:12.569 line: 673. ___IMMERSEENGINE___ Immerse_EnableImmerse inMode: 2 
[2026-05-14T02:58:12.5693774-07:00] [pid=12064] [EmbodyLOG] May_14_2026 02:58:12.570 line: 1419. calculateLicenseDaysRemaining(): cached=358, elapsed=1, remaining=357 
[2026-05-14T02:58:12.5718960-07:00] [pid=12064] [EmbodyLOG] May_14_2026 02:58:12.571 line: 1419. calculateLicenseDaysRemaining(): cached=358, elapsed=1, remaining=357 
[2026-05-14T02:58:12.7474657-07:00] [pid=12064] [2026.05.14-09.58.12:746][402]LogAkAudio: Error: Voice Starvation
[2026-05-14T02:58:14.6552075-07:00] [pid=12064] <<<_____ ImmerseAudioRenderer _____>>> 
[2026-05-14T02:58:14.6552075-07:00] [pid=12064] WwiseFxNullParams::SetParam()
[2026-05-14T02:58:14.6552075-07:00] [pid=12064] 
[2026-05-14T02:58:14.6552075-07:00] [pid=12064] <<<_____ ImmerseAudioRenderer _____>>> 
[2026-05-14T02:58:14.6552075-07:00] [pid=12064] WwiseFxNullParams::ApplyParam()
[2026-05-14T02:58:14.6552075-07:00] [pid=12064] 
[2026-05-14T02:58:14.6552075-07:00] [pid=12064] [EmbodyLOG] May_14_2026 02:58:14.655 line: 673. ___IMMERSEENGINE___ Immerse_EnableImmerse inMode: 2 
[2026-05-14T02:58:14.6562077-07:00] [pid=12064] <<<_____ ImmerseAudioRenderer _____>>> 
[2026-05-14T02:58:14.6562077-07:00] [pid=12064] WwiseFxNullParams::SetParam()
[2026-05-14T02:58:14.6562077-07:00] [pid=12064] 
[2026-05-14T02:58:14.6562077-07:00] [pid=12064] <<<_____ ImmerseAudioRenderer _____>>> 
[2026-05-14T02:58:14.6562077-07:00] [pid=12064] WwiseFxNullParams::ApplyParam()
[2026-05-14T02:58:14.6562077-07:00] [pid=12064] 
[2026-05-14T02:58:14.6562077-07:00] [pid=12064] [EmbodyLOG] May_14_2026 02:58:14.656 line: 673. ___IMMERSEENGINE___ Immerse_EnableImmerse inMode: 2 
[2026-05-14T02:58:14.6562077-07:00] [pid=12064] [EmbodyLOG] May_14_2026 02:58:14.656 line: 1419. calculateLicenseDaysRemaining(): cached=358, elapsed=1, remaining=357 
[2026-05-14T02:58:14.6572148-07:00] [pid=12064] [EmbodyLOG] May_14_2026 02:58:14.657 line: 1419. calculateLicenseDaysRemaining(): cached=358, elapsed=1, remaining=357 
[2026-05-14T02:58:14.7851277-07:00] [pid=12064] <<<_____ ImmerseAudioRenderer _____>>> 
[2026-05-14T02:58:14.7851277-07:00] [pid=12064] WwiseFxNullParams::SetParam()
[2026-05-14T02:58:14.7851277-07:00] [pid=12064] 
[2026-05-14T02:58:14.7851277-07:00] [pid=12064] <<<_____ ImmerseAudioRenderer _____>>> 
[2026-05-14T02:58:14.7851277-07:00] [pid=12064] WwiseFxNullParams::ApplyParam()
[2026-05-14T02:58:14.7851277-07:00] [pid=12064] 
[2026-05-14T02:58:14.7866333-07:00] [pid=12064] [EmbodyLOG] May_14_2026 02:58:14.786 line: 673. ___IMMERSEENGINE___ Immerse_EnableImmerse inMode: 0 
[2026-05-14T02:58:14.7866333-07:00] [pid=12064] <<<_____ ImmerseAudioRenderer _____>>> 
[2026-05-14T02:58:14.7866333-07:00] [pid=12064] WwiseFxNullParams::SetParam()
[2026-05-14T02:58:14.7866333-07:00] [pid=12064] 
[2026-05-14T02:58:14.7866333-07:00] [pid=12064] <<<_____ ImmerseAudioRenderer _____>>> 
[2026-05-14T02:58:14.7866333-07:00] [pid=12064] WwiseFxNullParams::ApplyParam()
[2026-05-14T02:58:14.7866333-07:00] [pid=12064] 
[2026-05-14T02:58:14.7866333-07:00] [pid=12064] [EmbodyLOG] May_14_2026 02:58:14.787 line: 673. ___IMMERSEENGINE___ Immerse_EnableImmerse inMode: 0 
[2026-05-14T02:58:14.7876430-07:00] [pid=12064] [EmbodyLOG] May_14_2026 02:58:14.787 line: 1419. calculateLicenseDaysRemaining(): cached=358, elapsed=1, remaining=357 
[2026-05-14T02:58:14.7886415-07:00] [pid=12064] [EmbodyLOG] May_14_2026 02:58:14.788 line: 1419. calculateLicenseDaysRemaining(): cached=358, elapsed=1, remaining=357 
[2026-05-14T02:58:14.9140398-07:00] [pid=12064] <<<_____ ImmerseAudioRenderer _____>>> 
[2026-05-14T02:58:14.9140398-07:00] [pid=12064] WwiseFxNullParams::SetParam()
[2026-05-14T02:58:14.9150414-07:00] [pid=12064] 
[2026-05-14T02:58:14.9150414-07:00] [pid=12064] <<<_____ ImmerseAudioRenderer _____>>> 
[2026-05-14T02:58:14.9150414-07:00] [pid=12064] WwiseFxNullParams::ApplyParam()
[2026-05-14T02:58:14.9150414-07:00] [pid=12064] 
[2026-05-14T02:58:14.9150414-07:00] [pid=12064] [EmbodyLOG] May_14_2026 02:58:14.915 line: 673. ___IMMERSEENGINE___ Immerse_EnableImmerse inMode: 2 
[2026-05-14T02:58:14.9150414-07:00] [pid=12064] <<<_____ ImmerseAudioRenderer _____>>> 
[2026-05-14T02:58:14.9150414-07:00] [pid=12064] WwiseFxNullParams::SetParam()
[2026-05-14T02:58:14.9150414-07:00] [pid=12064] 
[2026-05-14T02:58:14.9150414-07:00] [pid=12064] <<<_____ ImmerseAudioRenderer _____>>> 
[2026-05-14T02:58:14.9150414-07:00] [pid=12064] WwiseFxNullParams::ApplyParam()
[2026-05-14T02:58:14.9165479-07:00] [pid=12064] 
[2026-05-14T02:58:14.9165479-07:00] [pid=12064] [EmbodyLOG] May_14_2026 02:58:14.916 line: 673. ___IMMERSEENGINE___ Immerse_EnableImmerse inMode: 2 
[2026-05-14T02:58:14.9165479-07:00] [pid=12064] [EmbodyLOG] May_14_2026 02:58:14.916 line: 1419. calculateLicenseDaysRemaining(): cached=358, elapsed=1, remaining=357 
[2026-05-14T02:58:14.9175608-07:00] [pid=12064] [EmbodyLOG] May_14_2026 02:58:14.917 line: 1419. calculateLicenseDaysRemaining(): cached=358, elapsed=1, remaining=357 
[2026-05-14T02:58:17.0649608-07:00] [pid=12064] <<<_____ ImmerseAudioRenderer _____>>> 
[2026-05-14T02:58:17.0649608-07:00] [pid=12064] WwiseFxNullParams::SetParam()
[2026-05-14T02:58:17.0649608-07:00] [pid=12064] 
[2026-05-14T02:58:17.0649608-07:00] [pid=12064] <<<_____ ImmerseAudioRenderer _____>>> 
[2026-05-14T02:58:17.0649608-07:00] [pid=12064] WwiseFxNullParams::ApplyParam()
[2026-05-14T02:58:17.0649608-07:00] [pid=12064] 
[2026-05-14T02:58:17.0649608-07:00] [pid=12064] [EmbodyLOG] May_14_2026 02:58:17.066 line: 673. ___IMMERSEENGINE___ Immerse_EnableImmerse inMode: 1 
[2026-05-14T02:58:17.0664667-07:00] [pid=12064] <<<_____ ImmerseAudioRenderer _____>>> 
[2026-05-14T02:58:17.0664667-07:00] [pid=12064] WwiseFxNullParams::SetParam()
[2026-05-14T02:58:17.0664667-07:00] [pid=12064] 
[2026-05-14T02:58:17.0664667-07:00] [pid=12064] <<<_____ ImmerseAudioRenderer _____>>> 
[2026-05-14T02:58:17.0664667-07:00] [pid=12064] WwiseFxNullParams::ApplyParam()
[2026-05-14T02:58:17.0664667-07:00] [pid=12064] 
[2026-05-14T02:58:17.0664667-07:00] [pid=12064] [EmbodyLOG] May_14_2026 02:58:17.066 line: 673. ___IMMERSEENGINE___ Immerse_EnableImmerse inMode: 1 
[2026-05-14T02:58:17.0674751-07:00] [pid=12064] [EmbodyLOG] May_14_2026 02:58:17.067 line: 1316. getLocalSessionID for user: kevin_tencenttest1_emb 06756e30dc6941e7b44b3ad365984a2f 
[2026-05-14T02:58:17.0684752-07:00] [pid=12064] [EmbodyLOG] May_14_2026 02:58:17.068 line: 3274. getEmbodyData: STATUS_AUTHORIZING StatusCheck session_id: 06756e30dc6941e7b44b3ad365984a2f, immerse_id: v2.2.447, hrtf_id: 1408e0d2eca549feaf2d5631a49ca7d2, img_id: img_1 
[2026-05-14T02:58:17.0684752-07:00] [pid=12064] [EmbodyLOG] May_14_2026 02:58:17.069 line: 3213. usingLocalUserCache: Using local cache for user: SCR license_type: trial, license_days_left: 358, license_expired: 0, isUniversalUser: 0 
[2026-05-14T02:58:17.0694746-07:00] [pid=12064] [EmbodyLOG] May_14_2026 02:58:17.069 line: 3232. updateUMWHPEQSelection() - updated headsetId: 18446744073709551615 
[2026-05-14T02:58:17.0694746-07:00] [pid=12064] [EmbodyLOG] May_14_2026 02:58:17.069 line: 2669. updateUserHRTFData ProfileName set to : Profile_1 
[2026-05-14T02:58:17.0694746-07:00] [pid=12064] [EmbodyLOG] May_14_2026 02:58:17.070 line: 2724. updateUserHRTFData: inside hrtfCallback invocation 
[2026-05-14T02:58:17.0704748-07:00] [pid=12064] [EmbodyLOG] May_14_2026 02:58:17.070 line: 277. LoadHrtfCallback: HRTF already loaded 
[2026-05-14T02:58:17.0709809-07:00] [pid=12064] [EmbodyLOG] May_14_2026 02:58:17.070 line: 3354. getEmbodyData: IMMERSE_STATUS::DATA_FINISHED 
[2026-05-14T02:58:17.0709809-07:00] [pid=12064] [EmbodyLOG] May_14_2026 02:58:17.071 line: 1419. calculateLicenseDaysRemaining(): cached=358, elapsed=1, remaining=357 
[2026-05-14T02:58:17.0729927-07:00] [pid=12064] [EmbodyLOG] May_14_2026 02:58:17.073 line: 1316. getLocalSessionID for user: kevin_tencenttest1_emb 06756e30dc6941e7b44b3ad365984a2f 
[2026-05-14T02:58:17.0739924-07:00] [pid=12064] [EmbodyLOG] May_14_2026 02:58:17.074 line: 2576. ImmerseAPI: Too many status checks within the period allowed, returning early 
[2026-05-14T02:58:17.0739924-07:00] [pid=12064] [EmbodyLOG] May_14_2026 02:58:17.074 line: 3232. updateUMWHPEQSelection() - updated headsetId: 18446744073709551615 
[2026-05-14T02:58:17.0749921-07:00] [pid=12064] [EmbodyLOG] May_14_2026 02:58:17.075 line: 1419. calculateLicenseDaysRemaining(): cached=358, elapsed=1, remaining=357 
[2026-05-14T02:58:17.1908112-07:00] [pid=12064] <<<_____ ImmerseAudioRenderer _____>>> 
[2026-05-14T02:58:17.1918158-07:00] [pid=12064] WwiseFxNullParams::SetParam()
[2026-05-14T02:58:17.1918158-07:00] [pid=12064] 
[2026-05-14T02:58:17.1918158-07:00] [pid=12064] <<<_____ ImmerseAudioRenderer _____>>> 
[2026-05-14T02:58:17.1918158-07:00] [pid=12064] WwiseFxNullParams::ApplyParam()
[2026-05-14T02:58:17.1918158-07:00] [pid=12064] 
[2026-05-14T02:58:17.1918158-07:00] [pid=12064] [EmbodyLOG] May_14_2026 02:58:17.192 line: 673. ___IMMERSEENGINE___ Immerse_EnableImmerse inMode: 2 
[2026-05-14T02:58:17.1918158-07:00] [pid=12064] <<<_____ ImmerseAudioRenderer _____>>> 
[2026-05-14T02:58:17.1918158-07:00] [pid=12064] WwiseFxNullParams::SetParam()
[2026-05-14T02:58:17.1918158-07:00] [pid=12064] 
[2026-05-14T02:58:17.1918158-07:00] [pid=12064] <<<_____ ImmerseAudioRenderer _____>>> 
[2026-05-14T02:58:17.1928220-07:00] [pid=12064] WwiseFxNullParams::ApplyParam()
[2026-05-14T02:58:17.1928220-07:00] [pid=12064] 
[2026-05-14T02:58:17.1928220-07:00] [pid=12064] [EmbodyLOG] May_14_2026 02:58:17.192 line: 673. ___IMMERSEENGINE___ Immerse_EnableImmerse inMode: 2 
[2026-05-14T02:58:17.1928220-07:00] [pid=12064] [EmbodyLOG] May_14_2026 02:58:17.193 line: 1419. calculateLicenseDaysRemaining(): cached=358, elapsed=1, remaining=357 
[2026-05-14T02:58:17.1938233-07:00] [pid=12064] [EmbodyLOG] May_14_2026 02:58:17.194 line: 1419. calculateLicenseDaysRemaining(): cached=358, elapsed=1, remaining=357 
[2026-05-14T02:58:17.2264120-07:00] [pid=12064] [2026.05.14-09.58.17:226][460]LogAkAudio: Error: Voice Starvation
[2026-05-14T02:58:17.4875631-07:00] [pid=12064] [2026.05.14-09.58.17:487][580]LogTemp: Display: [ImmerseStress] REMOTE_HOLD_v1: waiting for go.flag (../../../../../../Users/kapil/OneDrive/Documents/Unreal Projects/testTP/Saved/ImmerseStress/go.flag) retry=20
[2026-05-14T02:58:18.2955411-07:00] [pid=12064] <<<_____ ImmerseAudioRenderer _____>>> 
[2026-05-14T02:58:18.2955411-07:00] [pid=12064] WwiseFxNullParams::SetParam()
[2026-05-14T02:58:18.2955411-07:00] [pid=12064] 
[2026-05-14T02:58:18.2955411-07:00] [pid=12064] <<<_____ ImmerseAudioRenderer _____>>> 
[2026-05-14T02:58:18.2955411-07:00] [pid=12064] WwiseFxNullParams::ApplyParam()
[2026-05-14T02:58:18.2960466-07:00] [pid=12064] 
[2026-05-14T02:58:18.2960466-07:00] [pid=12064] [EmbodyLOG] May_14_2026 02:58:18.296 line: 673. ___IMMERSEENGINE___ Immerse_EnableImmerse inMode: 1 
[2026-05-14T02:58:18.2960466-07:00] [pid=12064] <<<_____ ImmerseAudioRenderer _____>>> 
[2026-05-14T02:58:18.2960466-07:00] [pid=12064] WwiseFxNullParams::SetParam()
[2026-05-14T02:58:18.2960466-07:00] [pid=12064] 
[2026-05-14T02:58:18.2960466-07:00] [pid=12064] <<<_____ ImmerseAudioRenderer _____>>> 
[2026-05-14T02:58:18.2960466-07:00] [pid=12064] WwiseFxNullParams::ApplyParam()
[2026-05-14T02:58:18.2960466-07:00] [pid=12064] 
[2026-05-14T02:58:18.2970532-07:00] [pid=12064] [EmbodyLOG] May_14_2026 02:58:18.296 line: 673. ___IMMERSEENGINE___ Immerse_EnableImmerse inMode: 1 
[2026-05-14T02:58:18.2980639-07:00] [pid=12064] [EmbodyLOG] May_14_2026 02:58:18.298 line: 1316. getLocalSessionID for user: kevin_tencenttest1_emb 06756e30dc6941e7b44b3ad365984a2f 
[2026-05-14T02:58:18.2990708-07:00] [pid=12064] [EmbodyLOG] May_14_2026 02:58:18.299 line: 2576. ImmerseAPI: Too many status checks within the period allowed, returning early 
[2026-05-14T02:58:18.2990708-07:00] [pid=12064] [EmbodyLOG] May_14_2026 02:58:18.299 line: 3232. updateUMWHPEQSelection() - updated headsetId: 18446744073709551615 
[2026-05-14T02:58:18.3000814-07:00] [pid=12064] [EmbodyLOG] May_14_2026 02:58:18.300 line: 1419. calculateLicenseDaysRemaining(): cached=358, elapsed=1, remaining=357 
[2026-05-14T02:58:18.3011277-07:00] [pid=12064] [EmbodyLOG] May_14_2026 02:58:18.301 line: 1316. getLocalSessionID for user: kevin_tencenttest1_emb 06756e30dc6941e7b44b3ad365984a2f 
[2026-05-14T02:58:18.3031443-07:00] [pid=12064] [EmbodyLOG] May_14_2026 02:58:18.303 line: 2576. ImmerseAPI: Too many status checks within the period allowed, returning early 
[2026-05-14T02:58:18.3031443-07:00] [pid=12064] [EmbodyLOG] May_14_2026 02:58:18.303 line: 3232. updateUMWHPEQSelection() - updated headsetId: 18446744073709551615 
[2026-05-14T02:58:18.3041517-07:00] [pid=12064] [EmbodyLOG] May_14_2026 02:58:18.304 line: 1419. calculateLicenseDaysRemaining(): cached=358, elapsed=1, remaining=357 
[2026-05-14T02:58:18.4766820-07:00] [pid=12064] [2026.05.14-09.58.18:476][ 44]LogAkAudio: Error: Voice Starvation
[2026-05-14T02:58:20.3465756-07:00] [pid=12064] <<<_____ ImmerseAudioRenderer _____>>> 
[2026-05-14T02:58:20.3475849-07:00] [pid=12064] WwiseFxNullParams::SetParam()
[2026-05-14T02:58:20.3475849-07:00] [pid=12064] 
[2026-05-14T02:58:20.3475849-07:00] [pid=12064] <<<_____ ImmerseAudioRenderer _____>>> 
[2026-05-14T02:58:20.3475849-07:00] [pid=12064] WwiseFxNullParams::ApplyParam()
[2026-05-14T02:58:20.3475849-07:00] [pid=12064] 
[2026-05-14T02:58:20.3475849-07:00] [pid=12064] [EmbodyLOG] May_14_2026 02:58:20.347 line: 710. ___IMMERSEENGINE___ Immerse_EnableHPEQ inHeadset: 102 
[2026-05-14T02:58:20.3475849-07:00] [pid=12064] <<<_____ ImmerseAudioRenderer _____>>> 
[2026-05-14T02:58:20.3475849-07:00] [pid=12064] WwiseFxNullParams::SetParam()
[2026-05-14T02:58:20.3475849-07:00] [pid=12064] 
[2026-05-14T02:58:20.3475849-07:00] [pid=12064] <<<_____ ImmerseAudioRenderer _____>>> 
[2026-05-14T02:58:20.3475849-07:00] [pid=12064] WwiseFxNullParams::ApplyParam()
[2026-05-14T02:58:20.3475849-07:00] [pid=12064] 
[2026-05-14T02:58:20.3485852-07:00] [pid=12064] [EmbodyLOG] May_14_2026 02:58:20.348 line: 1328. ImmerseManager::UpdateHpeqHeadset() - HPEQ enabled, headsetId 102 
[2026-05-14T02:58:20.3495859-07:00] [pid=12064] [EmbodyLOG] May_14_2026 02:58:20.349 line: 1419. calculateLicenseDaysRemaining(): cached=358, elapsed=1, remaining=357 
[2026-05-14T02:58:20.4795128-07:00] [pid=12064] <<<_____ ImmerseAudioRenderer _____>>> 
[2026-05-14T02:58:20.4795128-07:00] [pid=12064] WwiseFxNullParams::SetParam()
[2026-05-14T02:58:20.4795128-07:00] [pid=12064] 
[2026-05-14T02:58:20.4795128-07:00] [pid=12064] <<<_____ ImmerseAudioRenderer _____>>> 
[2026-05-14T02:58:20.4795128-07:00] [pid=12064] WwiseFxNullParams::ApplyParam()
[2026-05-14T02:58:20.4795128-07:00] [pid=12064] 
[2026-05-14T02:58:20.4805121-07:00] [pid=12064] [EmbodyLOG] May_14_2026 02:58:20.480 line: 710. ___IMMERSEENGINE___ Immerse_EnableHPEQ inHeadset: 104 
[2026-05-14T02:58:20.4805121-07:00] [pid=12064] <<<_____ ImmerseAudioRenderer _____>>> 
[2026-05-14T02:58:20.4810164-07:00] [pid=12064] WwiseFxNullParams::SetParam()
[2026-05-14T02:58:20.4810164-07:00] [pid=12064] 
[2026-05-14T02:58:20.4810164-07:00] [pid=12064] <<<_____ ImmerseAudioRenderer _____>>> 
[2026-05-14T02:58:20.4810164-07:00] [pid=12064] [EmbodyLOG] May_14_2026 02:58:20.481 line: 1328. ImmerseManager::UpdateHpeqHeadset() - HPEQ enabled, headsetId 104 
[2026-05-14T02:58:20.4810164-07:00] [pid=12064] WwiseFxNullParams::ApplyParam()
[2026-05-14T02:58:20.4810164-07:00] [pid=12064] 
[2026-05-14T02:58:20.4820221-07:00] [pid=12064] [EmbodyLOG] May_14_2026 02:58:20.482 line: 1419. calculateLicenseDaysRemaining(): cached=358, elapsed=1, remaining=357 
[2026-05-14T02:58:20.5892740-07:00] [pid=12064] <<<_____ ImmerseAudioRenderer _____>>> 
[2026-05-14T02:58:20.5892740-07:00] [pid=12064] WwiseFxNullParams::SetParam()
[2026-05-14T02:58:20.5892740-07:00] [pid=12064] 
[2026-05-14T02:58:20.5892740-07:00] [pid=12064] <<<_____ ImmerseAudioRenderer _____>>> 
[2026-05-14T02:58:20.5892740-07:00] [pid=12064] WwiseFxNullParams::ApplyParam()
[2026-05-14T02:58:20.5892740-07:00] [pid=12064] 
[2026-05-14T02:58:20.5892740-07:00] [pid=12064] [EmbodyLOG] May_14_2026 02:58:20.589 line: 710. ___IMMERSEENGINE___ Immerse_EnableHPEQ inHeadset: 26 
[2026-05-14T02:58:20.5902749-07:00] [pid=12064] <<<_____ ImmerseAudioRenderer _____>>> 
[2026-05-14T02:58:20.5902749-07:00] [pid=12064] WwiseFxNullParams::SetParam()
[2026-05-14T02:58:20.5902749-07:00] [pid=12064] 
[2026-05-14T02:58:20.5902749-07:00] [pid=12064] <<<_____ ImmerseAudioRenderer _____>>> 
[2026-05-14T02:58:20.5902749-07:00] [pid=12064] WwiseFxNullParams::ApplyParam()
[2026-05-14T02:58:20.5902749-07:00] [pid=12064] 
[2026-05-14T02:58:20.5902749-07:00] [pid=12064] [EmbodyLOG] May_14_2026 02:58:20.590 line: 1328. ImmerseManager::UpdateHpeqHeadset() - HPEQ enabled, headsetId 26 
[2026-05-14T02:58:20.5917849-07:00] [pid=12064] [EmbodyLOG] May_14_2026 02:58:20.591 line: 1419. calculateLicenseDaysRemaining(): cached=358, elapsed=1, remaining=357 
[2026-05-14T02:58:20.7095914-07:00] [pid=12064] <<<_____ ImmerseAudioRenderer _____>>> 
[2026-05-14T02:58:20.7095914-07:00] [pid=12064] WwiseFxNullParams::SetParam()
[2026-05-14T02:58:20.7095914-07:00] [pid=12064] 
[2026-05-14T02:58:20.7095914-07:00] [pid=12064] <<<_____ ImmerseAudioRenderer _____>>> 
[2026-05-14T02:58:20.7095914-07:00] [pid=12064] WwiseFxNullParams::ApplyParam()
[2026-05-14T02:58:20.7095914-07:00] [pid=12064] 
[2026-05-14T02:58:20.7095914-07:00] [pid=12064] [EmbodyLOG] May_14_2026 02:58:20.710 line: 710. ___IMMERSEENGINE___ Immerse_EnableHPEQ inHeadset: 16 
[2026-05-14T02:58:20.7095914-07:00] [pid=12064] <<<_____ ImmerseAudioRenderer _____>>> 
[2026-05-14T02:58:20.7095914-07:00] [pid=12064] WwiseFxNullParams::SetParam()
[2026-05-14T02:58:20.7105912-07:00] [pid=12064] 
[2026-05-14T02:58:20.7105912-07:00] [pid=12064] <<<_____ ImmerseAudioRenderer _____>>> 
[2026-05-14T02:58:20.7105912-07:00] [pid=12064] WwiseFxNullParams::ApplyParam()
[2026-05-14T02:58:20.7105912-07:00] [pid=12064] [EmbodyLOG] May_14_2026 02:58:20.710 line: 1328. ImmerseManager::UpdateHpeqHeadset() - HPEQ enabled, headsetId 16 
[2026-05-14T02:58:20.7105912-07:00] [pid=12064] 
[2026-05-14T02:58:20.7121039-07:00] [pid=12064] [EmbodyLOG] May_14_2026 02:58:20.712 line: 1419. calculateLicenseDaysRemaining(): cached=358, elapsed=1, remaining=357 
[2026-05-14T02:58:20.8390024-07:00] [pid=12064] <<<_____ ImmerseAudioRenderer _____>>> 
[2026-05-14T02:58:20.8390024-07:00] [pid=12064] WwiseFxNullParams::SetParam()
[2026-05-14T02:58:20.8390024-07:00] [pid=12064] 
[2026-05-14T02:58:20.8390024-07:00] [pid=12064] <<<_____ ImmerseAudioRenderer _____>>> 
[2026-05-14T02:58:20.8390024-07:00] [pid=12064] WwiseFxNullParams::ApplyParam()
[2026-05-14T02:58:20.8390024-07:00] [pid=12064] 
[2026-05-14T02:58:20.8390024-07:00] [pid=12064] [EmbodyLOG] May_14_2026 02:58:20.839 line: 710. ___IMMERSEENGINE___ Immerse_EnableHPEQ inHeadset: 38 
[2026-05-14T02:58:20.8390024-07:00] [pid=12064] <<<_____ ImmerseAudioRenderer _____>>> 
[2026-05-14T02:58:20.8390024-07:00] [pid=12064] WwiseFxNullParams::SetParam()
[2026-05-14T02:58:20.8405077-07:00] [pid=12064] 
[2026-05-14T02:58:20.8405077-07:00] [pid=12064] <<<_____ ImmerseAudioRenderer _____>>> 
[2026-05-14T02:58:20.8405077-07:00] [pid=12064] WwiseFxNullParams::ApplyParam()
[2026-05-14T02:58:20.8405077-07:00] [pid=12064] 
[2026-05-14T02:58:20.8405077-07:00] [pid=12064] [EmbodyLOG] May_14_2026 02:58:20.840 line: 1328. ImmerseManager::UpdateHpeqHeadset() - HPEQ enabled, headsetId 38 
[2026-05-14T02:58:20.8425155-07:00] [pid=12064] [EmbodyLOG] May_14_2026 02:58:20.842 line: 1419. calculateLicenseDaysRemaining(): cached=358, elapsed=1, remaining=357 
[2026-05-14T02:58:20.9724644-07:00] [pid=12064] <<<_____ ImmerseAudioRenderer _____>>> 
[2026-05-14T02:58:20.9724644-07:00] [pid=12064] WwiseFxNullParams::SetParam()
[2026-05-14T02:58:20.9724644-07:00] [pid=12064] 
[2026-05-14T02:58:20.9724644-07:00] [pid=12064] <<<_____ ImmerseAudioRenderer _____>>> 
[2026-05-14T02:58:20.9729751-07:00] [pid=12064] WwiseFxNullParams::ApplyParam()
[2026-05-14T02:58:20.9729751-07:00] [pid=12064] 
[2026-05-14T02:58:20.9729751-07:00] [pid=12064] [EmbodyLOG] May_14_2026 02:58:20.973 line: 710. ___IMMERSEENGINE___ Immerse_EnableHPEQ inHeadset: 23 
[2026-05-14T02:58:20.9729751-07:00] [pid=12064] <<<_____ ImmerseAudioRenderer _____>>> 
[2026-05-14T02:58:20.9729751-07:00] [pid=12064] WwiseFxNullParams::SetParam()
[2026-05-14T02:58:20.9729751-07:00] [pid=12064] 
[2026-05-14T02:58:20.9729751-07:00] [pid=12064] <<<_____ ImmerseAudioRenderer _____>>> 
[2026-05-14T02:58:20.9739828-07:00] [pid=12064] [EmbodyLOG] May_14_2026 02:58:20.973 line: 1328. ImmerseManager::UpdateHpeqHeadset() - HPEQ enabled, headsetId 23 
[2026-05-14T02:58:20.9739828-07:00] [pid=12064] WwiseFxNullParams::ApplyParam()
[2026-05-14T02:58:20.9739828-07:00] [pid=12064] 
[2026-05-14T02:58:20.9749962-07:00] [pid=12064] [EmbodyLOG] May_14_2026 02:58:20.975 line: 1419. calculateLicenseDaysRemaining(): cached=358, elapsed=1, remaining=357 
[2026-05-14T02:58:21.0994633-07:00] [pid=12064] <<<_____ ImmerseAudioRenderer _____>>> 
[2026-05-14T02:58:21.0994633-07:00] [pid=12064] WwiseFxNullParams::SetParam()
[2026-05-14T02:58:21.0994633-07:00] [pid=12064] 
[2026-05-14T02:58:21.0994633-07:00] [pid=12064] <<<_____ ImmerseAudioRenderer _____>>> 
[2026-05-14T02:58:21.0994633-07:00] [pid=12064] WwiseFxNullParams::ApplyParam()
[2026-05-14T02:58:21.0994633-07:00] [pid=12064] 
[2026-05-14T02:58:21.0994633-07:00] [pid=12064] [EmbodyLOG] May_14_2026 02:58:21.099 line: 710. ___IMMERSEENGINE___ Immerse_EnableHPEQ inHeadset: 21 
[2026-05-14T02:58:21.0994633-07:00] [pid=12064] <<<_____ ImmerseAudioRenderer _____>>> 
[2026-05-14T02:58:21.1004639-07:00] [pid=12064] WwiseFxNullParams::SetParam()
[2026-05-14T02:58:21.1004639-07:00] [pid=12064] 
[2026-05-14T02:58:21.1004639-07:00] [pid=12064] <<<_____ ImmerseAudioRenderer _____>>> 
[2026-05-14T02:58:21.1004639-07:00] [pid=12064] WwiseFxNullParams::ApplyParam()
[2026-05-14T02:58:21.1004639-07:00] [pid=12064] 
[2026-05-14T02:58:21.1004639-07:00] [pid=12064] [EmbodyLOG] May_14_2026 02:58:21.100 line: 1328. ImmerseManager::UpdateHpeqHeadset() - HPEQ enabled, headsetId 21 
[2026-05-14T02:58:21.1009707-07:00] [pid=12064] [EmbodyLOG] May_14_2026 02:58:21.101 line: 1419. calculateLicenseDaysRemaining(): cached=358, elapsed=1, remaining=357 
[2026-05-14T02:58:21.2268706-07:00] [pid=12064] <<<_____ ImmerseAudioRenderer _____>>> 
[2026-05-14T02:58:21.2268706-07:00] [pid=12064] WwiseFxNullParams::SetParam()
[2026-05-14T02:58:21.2268706-07:00] [pid=12064] 
[2026-05-14T02:58:21.2268706-07:00] [pid=12064] <<<_____ ImmerseAudioRenderer _____>>> 
[2026-05-14T02:58:21.2268706-07:00] [pid=12064] WwiseFxNullParams::ApplyParam()
[2026-05-14T02:58:21.2278767-07:00] [pid=12064] 
[2026-05-14T02:58:21.2278767-07:00] [pid=12064] [EmbodyLOG] May_14_2026 02:58:21.227 line: 710. ___IMMERSEENGINE___ Immerse_EnableHPEQ inHeadset: 80 
[2026-05-14T02:58:21.2278767-07:00] [pid=12064] <<<_____ ImmerseAudioRenderer _____>>> 
[2026-05-14T02:58:21.2283806-07:00] [pid=12064] WwiseFxNullParams::SetParam()
[2026-05-14T02:58:21.2283806-07:00] [pid=12064] 
[2026-05-14T02:58:21.2283806-07:00] [pid=12064] <<<_____ ImmerseAudioRenderer _____>>> 
[2026-05-14T02:58:21.2283806-07:00] [pid=12064] WwiseFxNullParams::ApplyParam()
[2026-05-14T02:58:21.2283806-07:00] [pid=12064] 
[2026-05-14T02:58:21.2283806-07:00] [pid=12064] [EmbodyLOG] May_14_2026 02:58:21.228 line: 1328. ImmerseManager::UpdateHpeqHeadset() - HPEQ enabled, headsetId 80 
[2026-05-14T02:58:21.2288851-07:00] [pid=12064] [EmbodyLOG] May_14_2026 02:58:21.229 line: 1419. calculateLicenseDaysRemaining(): cached=358, elapsed=1, remaining=357 
[2026-05-14T02:58:21.3507462-07:00] [pid=12064] <<<_____ ImmerseAudioRenderer _____>>> 
[2026-05-14T02:58:21.3507462-07:00] [pid=12064] WwiseFxNullParams::SetParam()
[2026-05-14T02:58:21.3507462-07:00] [pid=12064] 
[2026-05-14T02:58:21.3507462-07:00] [pid=12064] <<<_____ ImmerseAudioRenderer _____>>> 
[2026-05-14T02:58:21.3507462-07:00] [pid=12064] WwiseFxNullParams::ApplyParam()
[2026-05-14T02:58:21.3517511-07:00] [pid=12064] 
[2026-05-14T02:58:21.3517511-07:00] [pid=12064] [EmbodyLOG] May_14_2026 02:58:21.351 line: 710. ___IMMERSEENGINE___ Immerse_EnableHPEQ inHeadset: 66 
[2026-05-14T02:58:21.3517511-07:00] [pid=12064] <<<_____ ImmerseAudioRenderer _____>>> 
[2026-05-14T02:58:21.3517511-07:00] [pid=12064] WwiseFxNullParams::SetParam()
[2026-05-14T02:58:21.3517511-07:00] [pid=12064] 
[2026-05-14T02:58:21.3517511-07:00] [pid=12064] <<<_____ ImmerseAudioRenderer _____>>> 
[2026-05-14T02:58:21.3517511-07:00] [pid=12064] WwiseFxNullParams::ApplyParam()
[2026-05-14T02:58:21.3517511-07:00] [pid=12064] 
[2026-05-14T02:58:21.3517511-07:00] [pid=12064] [EmbodyLOG] May_14_2026 02:58:21.352 line: 1328. ImmerseManager::UpdateHpeqHeadset() - HPEQ enabled, headsetId 66 
[2026-05-14T02:58:21.3537549-07:00] [pid=12064] [EmbodyLOG] May_14_2026 02:58:21.353 line: 1419. calculateLicenseDaysRemaining(): cached=358, elapsed=1, remaining=357 
[2026-05-14T02:58:22.3584680-07:00] [pid=24380] [2026.05.14-09.58.22:358][648]LogRunningAppService: Display: New foreground process [12064] C:/Program Files/Epic Games/UE_4.27/Engine/Binaries/Win64/UE4Editor.exe for app C:/Program Files/Epic Games/UE_4.27/
[2026-05-14T02:58:22.3584680-07:00] [pid=24380] [2026.05.14-09.58.22:358][648]LogRunningAppService: Display: New foreground process [356] C:/Program Files/Epic Games/UE_4.27/Engine/Binaries/Win64/CrashReportClientEditor.exe for app C:/Program Files/Epic Games/UE_4.27/
[2026-05-14T02:58:22.3584680-07:00] [pid=24380] [2026.05.14-09.58.22:358][648]LogRunningAppService: Display: New foreground app C:/Program Files/Epic Games/UE_4.27/
[2026-05-14T02:58:22.3594691-07:00] [pid=24380] [2026.05.14-09.58.22:359][648]LogRunningAppPresenceHandler: Display: Setting override presence for C:/Program Files/Epic Games/UE_4.27/ (PresenceId=ue)
[2026-05-14T02:58:22.4803108-07:00] [pid=12064] <<<_____ ImmerseAudioRenderer _____>>> 
[2026-05-14T02:58:22.4803108-07:00] [pid=12064] WwiseFxNullParams::SetParam()
[2026-05-14T02:58:22.4808229-07:00] [pid=12064] 
[2026-05-14T02:58:22.4808229-07:00] [pid=12064] <<<_____ ImmerseAudioRenderer _____>>> 
[2026-05-14T02:58:22.4808229-07:00] [pid=12064] WwiseFxNullParams::ApplyParam()
[2026-05-14T02:58:22.4808229-07:00] [pid=12064] 
[2026-05-14T02:58:22.4808229-07:00] [pid=12064] <<<_____ ImmerseAudioRenderer _____>>> 
[2026-05-14T02:58:22.4808229-07:00] [pid=12064] WwiseFxNullParams::SetParam()
[2026-05-14T02:58:22.4808229-07:00] [pid=12064] 
[2026-05-14T02:58:22.4808229-07:00] [pid=12064] <<<_____ ImmerseAudioRenderer _____>>> 
[2026-05-14T02:58:22.4808229-07:00] [pid=12064] WwiseFxNullParams::ApplyParam()
[2026-05-14T02:58:22.4808229-07:00] [pid=12064] 
[2026-05-14T02:58:22.4908987-07:00] [pid=12064] [EmbodyLOG] May_14_2026 02:58:22.491 line: 767. ___IMMERSEENGINE___ Immerse_SetTuning inAudioProcessorId:2 inHrirTuning:1 inSpeakerPlacement:0 
[2026-05-14T02:58:22.4924063-07:00] [pid=12064] [EmbodyLOG] May_14_2026 02:58:22.492 line: 416. DecryptMultiSofaData() - v2 numSections=3 hrtfFlags=1 hrtfSectionOffset=971 hrtfSectionSize=1758624 numEntries=4 dataOffset=440678 dataLength=439639 bmapSize=518 fovdSize=361 
[2026-05-14T02:58:22.5455437-07:00] [pid=12064] [EmbodyLOG] May_14_2026 02:58:22.545 line: 447. DecryptMultiSofaData() - decrypt result: Success 
[2026-05-14T02:58:22.5465455-07:00] [pid=12064] [EmbodyLOG] May_14_2026 02:58:22.546 line: 533. AssetManager - BMAP data (518 bytes): {"buses":[{"label":"Extraction","tunings":[{"id":"extraction_tuning_1","label":"Extraction Tuning 1","hrtf_index":0}],"id":"extraction"},{"label":"Warfare","tunings":[{"id":"warfare_tuning_1","label":"Warfare Tuning 1","hrtf_index":1}],"id":"warfare"},{"label":"Campaign","tunings":[{"id":"campaign_tuning_1","label":"Campaign Tuning 1","hrtf_index":2}],"id":"campaign"},{"label":"Voice Chat","tunings":[{"id":"voice_chat_tuning_1","label":"Voice Chat Tuning 1","hrtf_index":3}],"id":"voice_chat"}],"schema_version":1} 
[2026-05-14T02:58:22.5465455-07:00] [pid=12064] [EmbodyLOG] May_14_2026 02:58:22.546 line: 537. AssetManager - FOVD data (361 bytes): {"schema_version":1,"fov_groups":["l/r"],"fov_presets":[{"studio_speaker_angles_idx":[0,1,6,7,8,9,10,11,12,13,14,15,16,17,18],"label":"Narrow","id":"narrow"},{"studio_speaker_angles_idx":[2,3,6,7,8,9,10,11,12,13,14,15,16,17,18],"label":"Default","id":"default"},{"studio_speaker_angles_idx":[4,5,6,7,8,9,10,11,12,13,14,15,16,17,18],"label":"Wide","id":"wide"}]} 
[2026-05-14T02:58:22.5520630-07:00] [pid=12064] [EmbodyLOG] May_14_2026 02:58:22.552 line: 376. AudioConfig::GetSHIndices() - invalid channelConfig: 6 
[2026-05-14T02:58:22.5976682-07:00] [pid=12064] [EmbodyLOG] May_14_2026 02:58:22.597 line: 281. AudioConfig::InitializeDecoders: Successfully created shared ambisonic decoder kernel 
[2026-05-14T02:58:22.6202146-07:00] [pid=12064] <<<_____ ImmerseAudioRenderer _____>>> 
[2026-05-14T02:58:22.6202146-07:00] [pid=12064] WwiseFxNullParams::SetParam()
[2026-05-14T02:58:22.6202146-07:00] [pid=12064] 
[2026-05-14T02:58:22.6202146-07:00] [pid=12064] <<<_____ ImmerseAudioRenderer _____>>> 
[2026-05-14T02:58:22.6202146-07:00] [pid=12064] WwiseFxNullParams::ApplyParam()
[2026-05-14T02:58:22.6202146-07:00] [pid=12064] 
[2026-05-14T02:58:22.6202146-07:00] [pid=12064] <<<_____ ImmerseAudioRenderer _____>>> 
[2026-05-14T02:58:22.6202146-07:00] [pid=12064] WwiseFxNullParams::SetParam()
[2026-05-14T02:58:22.6202146-07:00] [pid=12064] 
[2026-05-14T02:58:22.6202146-07:00] [pid=12064] <<<_____ ImmerseAudioRenderer _____>>> 
[2026-05-14T02:58:22.6202146-07:00] [pid=12064] WwiseFxNullParams::ApplyParam()
[2026-05-14T02:58:22.6202146-07:00] [pid=12064] 
[2026-05-14T02:58:22.6202146-07:00] [pid=12064] [EmbodyLOG] May_14_2026 02:58:22.620 line: 767. ___IMMERSEENGINE___ Immerse_SetTuning inAudioProcessorId:2 inHrirTuning:2 inSpeakerPlacement:0 
[2026-05-14T02:58:22.6212206-07:00] [pid=12064] [EmbodyLOG] May_14_2026 02:58:22.621 line: 416. DecryptMultiSofaData() - v2 numSections=3 hrtfFlags=1 hrtfSectionOffset=971 hrtfSectionSize=1758624 numEntries=4 dataOffset=880317 dataLength=439639 bmapSize=518 fovdSize=361 
[2026-05-14T02:58:22.6739309-07:00] [pid=12064] [EmbodyLOG] May_14_2026 02:58:22.674 line: 447. DecryptMultiSofaData() - decrypt result: Success 
[2026-05-14T02:58:22.6749309-07:00] [pid=12064] [EmbodyLOG] May_14_2026 02:58:22.674 line: 533. AssetManager - BMAP data (518 bytes): {"buses":[{"label":"Extraction","tunings":[{"id":"extraction_tuning_1","label":"Extraction Tuning 1","hrtf_index":0}],"id":"extraction"},{"label":"Warfare","tunings":[{"id":"warfare_tuning_1","label":"Warfare Tuning 1","hrtf_index":1}],"id":"warfare"},{"label":"Campaign","tunings":[{"id":"campaign_tuning_1","label":"Campaign Tuning 1","hrtf_index":2}],"id":"campaign"},{"label":"Voice Chat","tunings":[{"id":"voice_chat_tuning_1","label":"Voice Chat Tuning 1","hrtf_index":3}],"id":"voice_chat"}],"schema_version":1} 
[2026-05-14T02:58:22.6749309-07:00] [pid=12064] [EmbodyLOG] May_14_2026 02:58:22.675 line: 537. AssetManager - FOVD data (361 bytes): {"schema_version":1,"fov_groups":["l/r"],"fov_presets":[{"studio_speaker_angles_idx":[0,1,6,7,8,9,10,11,12,13,14,15,16,17,18],"label":"Narrow","id":"narrow"},{"studio_speaker_angles_idx":[2,3,6,7,8,9,10,11,12,13,14,15,16,17,18],"label":"Default","id":"default"},{"studio_speaker_angles_idx":[4,5,6,7,8,9,10,11,12,13,14,15,16,17,18],"label":"Wide","id":"wide"}]} 
[2026-05-14T02:58:22.6819477-07:00] [pid=12064] [EmbodyLOG] May_14_2026 02:58:22.682 line: 376. AudioConfig::GetSHIndices() - invalid channelConfig: 6 
[2026-05-14T02:58:22.7275954-07:00] [pid=12064] [2026.05.14-09.58.22:727][ 14]LogAkAudio: Error: Voice Starvation
[2026-05-14T02:58:22.7321069-07:00] [pid=24380] [2026.05.14-09.58.22:732][656]LogOnline: Warning: OSS: Invalid response. CorrId=UE5-f8b698bb42db84b438be4e9e5183ed14-C7DFF54D43F2A7A3F4FB4092E3E67E0E-1BDC0FF24D8F0A8434E7A0B6C802EA4F code=404 errorcode=errors.com.epicgames.library.not_found.item_source errormessage=Item source not found. errorraw={
  "errorCode" : "errors.com.epicgames.library.not_found.item_source",
  "errorMessage" : "Item source not found.",
  "messageVars" : [ ],
  "numericErrorCode" : 53026,
  "originatingService" : "library-service",
  "intent" : "prod"
}
[2026-05-14T02:58:22.7321069-07:00] [pid=24380] [2026.05.14-09.58.22:732][656]LogOnline: Warning: OSS: QuerySourceType request failed. Item source not found.
[2026-05-14T02:58:22.7331146-07:00] [pid=12064] [EmbodyLOG] May_14_2026 02:58:22.733 line: 281. AudioConfig::InitializeDecoders: Successfully created shared ambisonic decoder kernel 
[2026-05-14T02:58:22.7602279-07:00] [pid=12064] <<<_____ ImmerseAudioRenderer _____>>> 
[2026-05-14T02:58:22.7602279-07:00] [pid=12064] WwiseFxNullParams::SetParam()
[2026-05-14T02:58:22.7602279-07:00] [pid=12064] 
[2026-05-14T02:58:22.7602279-07:00] [pid=12064] <<<_____ ImmerseAudioRenderer _____>>> 
[2026-05-14T02:58:22.7602279-07:00] [pid=12064] WwiseFxNullParams::ApplyParam()
[2026-05-14T02:58:22.7602279-07:00] [pid=12064] 
[2026-05-14T02:58:22.7602279-07:00] [pid=12064] <<<_____ ImmerseAudioRenderer _____>>> 
[2026-05-14T02:58:22.7602279-07:00] [pid=12064] WwiseFxNullParams::SetParam()
[2026-05-14T02:58:22.7602279-07:00] [pid=12064] 
[2026-05-14T02:58:22.7602279-07:00] [pid=12064] <<<_____ ImmerseAudioRenderer _____>>> 
[2026-05-14T02:58:22.7602279-07:00] [pid=12064] WwiseFxNullParams::ApplyParam()
[2026-05-14T02:58:22.7612374-07:00] [pid=12064] 
[2026-05-14T02:58:22.7612374-07:00] [pid=12064] [EmbodyLOG] May_14_2026 02:58:22.761 line: 767. ___IMMERSEENGINE___ Immerse_SetTuning inAudioProcessorId:2 inHrirTuning:3 inSpeakerPlacement:0 
[2026-05-14T02:58:22.7612374-07:00] [pid=12064] [EmbodyLOG] May_14_2026 02:58:22.761 line: 416. DecryptMultiSofaData() - v2 numSections=3 hrtfFlags=1 hrtfSectionOffset=971 hrtfSectionSize=1758624 numEntries=4 dataOffset=1319956 dataLength=439639 bmapSize=518 fovdSize=361 
[2026-05-14T02:58:22.8163874-07:00] [pid=12064] [EmbodyLOG] May_14_2026 02:58:22.816 line: 447. DecryptMultiSofaData() - decrypt result: Success 
[2026-05-14T02:58:22.8173973-07:00] [pid=12064] [EmbodyLOG] May_14_2026 02:58:22.817 line: 533. AssetManager - BMAP data (518 bytes): {"buses":[{"label":"Extraction","tunings":[{"id":"extraction_tuning_1","label":"Extraction Tuning 1","hrtf_index":0}],"id":"extraction"},{"label":"Warfare","tunings":[{"id":"warfare_tuning_1","label":"Warfare Tuning 1","hrtf_index":1}],"id":"warfare"},{"label":"Campaign","tunings":[{"id":"campaign_tuning_1","label":"Campaign Tuning 1","hrtf_index":2}],"id":"campaign"},{"label":"Voice Chat","tunings":[{"id":"voice_chat_tuning_1","label":"Voice Chat Tuning 1","hrtf_index":3}],"id":"voice_chat"}],"schema_version":1} 
[2026-05-14T02:58:22.8173973-07:00] [pid=12064] [EmbodyLOG] May_14_2026 02:58:22.817 line: 537. AssetManager - FOVD data (361 bytes): {"schema_version":1,"fov_groups":["l/r"],"fov_presets":[{"studio_speaker_angles_idx":[0,1,6,7,8,9,10,11,12,13,14,15,16,17,18],"label":"Narrow","id":"narrow"},{"studio_speaker_angles_idx":[2,3,6,7,8,9,10,11,12,13,14,15,16,17,18],"label":"Default","id":"default"},{"studio_speaker_angles_idx":[4,5,6,7,8,9,10,11,12,13,14,15,16,17,18],"label":"Wide","id":"wide"}]} 
[2026-05-14T02:58:22.8239043-07:00] [pid=12064] [EmbodyLOG] May_14_2026 02:58:22.824 line: 376. AudioConfig::GetSHIndices() - invalid channelConfig: 6 
[2026-05-14T02:58:22.8364381-07:00] [pid=24380] [2026.05.14-09.58.22:836][658]LogCommunityPortalOSS: Display: ...found 481 entitled apps
[2026-05-14T02:58:22.8742962-07:00] [pid=12064] [EmbodyLOG] May_14_2026 02:58:22.875 line: 281. AudioConfig::InitializeDecoders: Successfully created shared ambisonic decoder kernel 
[2026-05-14T02:58:23.0312168-07:00] [pid=12064] [2026.05.14-09.58.23:030][154]LogAkAudio: Error: Voice Starvation
[2026-05-14T02:58:23.3322108-07:00] [pid=12064] [2026.05.14-09.58.23:332][294]LogAkAudio: Error: Voice Starvation
[2026-05-14T02:58:23.8787210-07:00] [pid=12064] <<<_____ ImmerseAudioRenderer _____>>> 
[2026-05-14T02:58:23.8787210-07:00] [pid=12064] WwiseFxNullParams::SetParam()
[2026-05-14T02:58:23.8787210-07:00] [pid=12064] 
[2026-05-14T02:58:23.8787210-07:00] [pid=12064] <<<_____ ImmerseAudioRenderer _____>>> 
[2026-05-14T02:58:23.8802271-07:00] [pid=12064] WwiseFxNullParams::ApplyParam()
[2026-05-14T02:58:23.8802271-07:00] [pid=12064] 
[2026-05-14T02:58:23.8802271-07:00] [pid=12064] <<<_____ ImmerseAudioRenderer _____>>> 
[2026-05-14T02:58:23.8802271-07:00] [pid=12064] [EmbodyLOG] May_14_2026 02:58:23.880 line: 759. ___IMMERSEENGINE___ Immerse_SetSpeakerPlacement inSpeakerPlacement:2 
[2026-05-14T02:58:23.8802271-07:00] [pid=12064] WwiseFxNullParams::SetParam()
[2026-05-14T02:58:23.8802271-07:00] [pid=12064] 
[2026-05-14T02:58:23.8802271-07:00] [pid=12064] <<<_____ ImmerseAudioRenderer _____>>> 
[2026-05-14T02:58:23.8802271-07:00] [pid=12064] WwiseFxNullParams::ApplyParam()
[2026-05-14T02:58:23.8802271-07:00] [pid=12064] 
[2026-05-14T02:58:23.8812340-07:00] [pid=12064] [EmbodyLOG] May_14_2026 02:58:23.881 line: 416. DecryptMultiSofaData() - v2 numSections=3 hrtfFlags=1 hrtfSectionOffset=971 hrtfSectionSize=1758624 numEntries=4 dataOffset=1319956 dataLength=439639 bmapSize=518 fovdSize=361 
[2026-05-14T02:58:23.9338527-07:00] [pid=12064] [EmbodyLOG] May_14_2026 02:58:23.934 line: 447. DecryptMultiSofaData() - decrypt result: Success 
[2026-05-14T02:58:23.9348544-07:00] [pid=12064] [EmbodyLOG] May_14_2026 02:58:23.934 line: 533. AssetManager - BMAP data (518 bytes): {"buses":[{"label":"Extraction","tunings":[{"id":"extraction_tuning_1","label":"Extraction Tuning 1","hrtf_index":0}],"id":"extraction"},{"label":"Warfare","tunings":[{"id":"warfare_tuning_1","label":"Warfare Tuning 1","hrtf_index":1}],"id":"warfare"},{"label":"Campaign","tunings":[{"id":"campaign_tuning_1","label":"Campaign Tuning 1","hrtf_index":2}],"id":"campaign"},{"label":"Voice Chat","tunings":[{"id":"voice_chat_tuning_1","label":"Voice Chat Tuning 1","hrtf_index":3}],"id":"voice_chat"}],"schema_version":1} 
[2026-05-14T02:58:23.9348544-07:00] [pid=12064] [EmbodyLOG] May_14_2026 02:58:23.935 line: 537. AssetManager - FOVD data (361 bytes): {"schema_version":1,"fov_groups":["l/r"],"fov_presets":[{"studio_speaker_angles_idx":[0,1,6,7,8,9,10,11,12,13,14,15,16,17,18],"label":"Narrow","id":"narrow"},{"studio_speaker_angles_idx":[2,3,6,7,8,9,10,11,12,13,14,15,16,17,18],"label":"Default","id":"default"},{"studio_speaker_angles_idx":[4,5,6,7,8,9,10,11,12,13,14,15,16,17,18],"label":"Wide","id":"wide"}]} 
[2026-05-14T02:58:23.9418773-07:00] [pid=12064] [EmbodyLOG] May_14_2026 02:58:23.941 line: 376. AudioConfig::GetSHIndices() - invalid channelConfig: 6 
[2026-05-14T02:58:23.9895000-07:00] [pid=12064] [EmbodyLOG] May_14_2026 02:58:23.989 line: 281. AudioConfig::InitializeDecoders: Successfully created shared ambisonic decoder kernel 
[2026-05-14T02:58:23.9905066-07:00] [pid=12064] <<<_____ ImmerseAudioRenderer _____>>> 
[2026-05-14T02:58:23.9905066-07:00] [pid=12064] WwiseFxNullParams::SetParam()
[2026-05-14T02:58:23.9905066-07:00] [pid=12064] 
[2026-05-14T02:58:23.9905066-07:00] [pid=12064] <<<_____ ImmerseAudioRenderer _____>>> 
[2026-05-14T02:58:23.9905066-07:00] [pid=12064] WwiseFxNullParams::ApplyParam()
[2026-05-14T02:58:23.9905066-07:00] [pid=12064] 
[2026-05-14T02:58:23.9905066-07:00] [pid=12064] <<<_____ ImmerseAudioRenderer _____>>> 
[2026-05-14T02:58:23.9905066-07:00] [pid=12064] WwiseFxNullParams::SetParam()
[2026-05-14T02:58:23.9910120-07:00] [pid=12064] 
[2026-05-14T02:58:23.9910120-07:00] [pid=12064] <<<_____ ImmerseAudioRenderer _____>>> 
[2026-05-14T02:58:23.9910120-07:00] [pid=12064] WwiseFxNullParams::ApplyParam()
[2026-05-14T02:58:23.9910120-07:00] [pid=12064] 
[2026-05-14T02:58:23.9910120-07:00] [pid=12064] [EmbodyLOG] May_14_2026 02:58:23.991 line: 759. ___IMMERSEENGINE___ Immerse_SetSpeakerPlacement inSpeakerPlacement:3 
[2026-05-14T02:58:23.9915165-07:00] [pid=12064] [EmbodyLOG] May_14_2026 02:58:23.992 line: 416. DecryptMultiSofaData() - v2 numSections=3 hrtfFlags=1 hrtfSectionOffset=971 hrtfSectionSize=1758624 numEntries=4 dataOffset=1319956 dataLength=439639 bmapSize=518 fovdSize=361 
[2026-05-14T02:58:24.0467010-07:00] [pid=12064] [EmbodyLOG] May_14_2026 02:58:24.046 line: 447. DecryptMultiSofaData() - decrypt result: Success 
[2026-05-14T02:58:24.0467010-07:00] [pid=12064] [EmbodyLOG] May_14_2026 02:58:24.047 line: 533. AssetManager - BMAP data (518 bytes): {"buses":[{"label":"Extraction","tunings":[{"id":"extraction_tuning_1","label":"Extraction Tuning 1","hrtf_index":0}],"id":"extraction"},{"label":"Warfare","tunings":[{"id":"warfare_tuning_1","label":"Warfare Tuning 1","hrtf_index":1}],"id":"warfare"},{"label":"Campaign","tunings":[{"id":"campaign_tuning_1","label":"Campaign Tuning 1","hrtf_index":2}],"id":"campaign"},{"label":"Voice Chat","tunings":[{"id":"voice_chat_tuning_1","label":"Voice Chat Tuning 1","hrtf_index":3}],"id":"voice_chat"}],"schema_version":1} 
[2026-05-14T02:58:24.0477094-07:00] [pid=12064] [EmbodyLOG] May_14_2026 02:58:24.047 line: 537. AssetManager - FOVD data (361 bytes): {"schema_version":1,"fov_groups":["l/r"],"fov_presets":[{"studio_speaker_angles_idx":[0,1,6,7,8,9,10,11,12,13,14,15,16,17,18],"label":"Narrow","id":"narrow"},{"studio_speaker_angles_idx":[2,3,6,7,8,9,10,11,12,13,14,15,16,17,18],"label":"Default","id":"default"},{"studio_speaker_angles_idx":[4,5,6,7,8,9,10,11,12,13,14,15,16,17,18],"label":"Wide","id":"wide"}]} 
[2026-05-14T02:58:24.0532199-07:00] [pid=12064] [EmbodyLOG] May_14_2026 02:58:24.053 line: 376. AudioConfig::GetSHIndices() - invalid channelConfig: 6 
[2026-05-14T02:58:24.1028708-07:00] [pid=12064] [EmbodyLOG] May_14_2026 02:58:24.103 line: 281. AudioConfig::InitializeDecoders: Successfully created shared ambisonic decoder kernel 
[2026-05-14T02:58:24.1028708-07:00] [pid=12064] [2026.05.14-09.58.24:102][660]LogAkAudio: Error: Voice Starvation
[2026-05-14T02:58:24.4064196-07:00] [pid=12064] [2026.05.14-09.58.24:406][806]LogAkAudio: Error: Voice Starvation
[2026-05-14T02:58:24.7062536-07:00] [pid=12064] [2026.05.14-09.58.24:706][949]LogAkAudio: Error: Voice Starvation
[2026-05-14T02:58:25.1250866-07:00] [pid=12064] <<<_____ ImmerseAudioRenderer _____>>> 
[2026-05-14T02:58:25.1250866-07:00] [pid=12064] WwiseFxNullParams::SetParam()
[2026-05-14T02:58:25.1250866-07:00] [pid=12064] 
[2026-05-14T02:58:25.1250866-07:00] [pid=12064] <<<_____ ImmerseAudioRenderer _____>>> 
[2026-05-14T02:58:25.1250866-07:00] [pid=12064] WwiseFxNullParams::ApplyParam()
[2026-05-14T02:58:25.1250866-07:00] [pid=12064] 
[2026-05-14T02:58:25.1250866-07:00] [pid=12064] <<<_____ ImmerseAudioRenderer _____>>> 
[2026-05-14T02:58:25.1250866-07:00] [pid=12064] WwiseFxNullParams::SetParam()
[2026-05-14T02:58:25.1250866-07:00] [pid=12064] 
[2026-05-14T02:58:25.1250866-07:00] [pid=12064] <<<_____ ImmerseAudioRenderer _____>>> 
[2026-05-14T02:58:25.1250866-07:00] [pid=12064] WwiseFxNullParams::ApplyParam()
[2026-05-14T02:58:25.1250866-07:00] [pid=12064] 
[2026-05-14T02:58:27.1476977-07:00] [pid=12064] <<<_____ ImmerseAudioRenderer _____>>> 
[2026-05-14T02:58:27.1486993-07:00] [pid=12064] WwiseFxNullParams::SetParam()
[2026-05-14T02:58:27.1486993-07:00] [pid=12064] 
[2026-05-14T02:58:27.1486993-07:00] [pid=12064] <<<_____ ImmerseAudioRenderer _____>>> 
[2026-05-14T02:58:27.1486993-07:00] [pid=12064] WwiseFxNullParams::ApplyParam()
[2026-05-14T02:58:27.1486993-07:00] [pid=12064] 
[2026-05-14T02:58:27.1486993-07:00] [pid=12064] <<<_____ ImmerseAudioRenderer _____>>> 
[2026-05-14T02:58:27.1486993-07:00] [pid=12064] WwiseFxNullParams::SetParam()
[2026-05-14T02:58:27.1486993-07:00] [pid=12064] 
[2026-05-14T02:58:27.1486993-07:00] [pid=12064] <<<_____ ImmerseAudioRenderer _____>>> 
[2026-05-14T02:58:27.1486993-07:00] [pid=12064] WwiseFxNullParams::ApplyParam()
[2026-05-14T02:58:27.1486993-07:00] [pid=12064] 
[2026-05-14T02:58:27.5096302-07:00] [pid=12064] [2026.05.14-09.58.27:509][310]LogTemp: Display: [ImmerseStress] REMOTE_HOLD_v1: waiting for go.flag (../../../../../../Users/kapil/OneDrive/Documents/Unreal Projects/testTP/Saved/ImmerseStress/go.flag) retry=40
[2026-05-14T02:58:29.1803103-07:00] [pid=12064] <<<_____ ImmerseAudioRenderer _____>>> 
[2026-05-14T02:58:29.1803103-07:00] [pid=12064] WwiseFxNullParams::SetParam()
[2026-05-14T02:58:29.1803103-07:00] [pid=12064] 
[2026-05-14T02:58:29.1803103-07:00] [pid=12064] <<<_____ ImmerseAudioRenderer _____>>> 
[2026-05-14T02:58:29.1803103-07:00] [pid=12064] WwiseFxNullParams::ApplyParam()
[2026-05-14T02:58:29.1803103-07:00] [pid=12064] 
[2026-05-14T02:58:29.1803103-07:00] [pid=12064] <<<_____ ImmerseAudioRenderer _____>>> 
[2026-05-14T02:58:29.1803103-07:00] [pid=12064] WwiseFxNullParams::SetParam()
[2026-05-14T02:58:29.1803103-07:00] [pid=12064] 
[2026-05-14T02:58:29.1803103-07:00] [pid=12064] <<<_____ ImmerseAudioRenderer _____>>> 
[2026-05-14T02:58:29.1803103-07:00] [pid=12064] WwiseFxNullParams::ApplyParam()
[2026-05-14T02:58:29.1813154-07:00] [pid=12064] 
[2026-05-14T02:58:31.3321655-07:00] [pid=7276] <<<_____ ImmerseAudioRenderer _____>>> 
[2026-05-14T02:58:31.3321655-07:00] [pid=7276] RegisterImmerseAudioRendererFX()
[2026-05-14T02:58:31.3321655-07:00] [pid=7276] 
[2026-05-14T02:58:31.3321655-07:00] [pid=7276] <<<_____ ImmerseAudioRenderer _____>>> 
[2026-05-14T02:58:31.3321655-07:00] [pid=7276] CreateImmerseManager
[2026-05-14T02:58:31.3321655-07:00] [pid=7276] 
[2026-05-14T02:58:31.3321655-07:00] [pid=7276] <<<_____ ImmerseAudioRenderer _____>>> 
[2026-05-14T02:58:31.3321655-07:00] [pid=7276] loadAndInitializeImmerseEngine
[2026-05-14T02:58:31.3321655-07:00] [pid=7276] 
[2026-05-14T02:58:31.3502168-07:00] [pid=7276] <<<_____ ImmerseAudioRenderer _____>>> 
[2026-05-14T02:58:31.3502168-07:00] [pid=7276] CreateDestroyImmerseManager
[2026-05-14T02:58:31.3502168-07:00] [pid=7276] 
[2026-05-14T02:58:31.3502168-07:00] [pid=7276] <<<_____ ImmerseAudioRenderer _____>>> 
[2026-05-14T02:58:31.3502168-07:00] [pid=7276] CreateImmerseManager
[2026-05-14T02:58:31.3502168-07:00] [pid=7276] 
[2026-05-14T02:58:31.3883016-07:00] [pid=7276] <<<_____ ImmerseAudioRenderer _____>>> 
[2026-05-14T02:58:31.3883016-07:00] [pid=7276] CreateImmerseAudioRendererFXParams()
[2026-05-14T02:58:31.3883016-07:00] [pid=7276] 
[2026-05-14T02:58:31.3883016-07:00] [pid=7276] <<<_____ ImmerseAudioRenderer _____>>> 
[2026-05-14T02:58:31.3883016-07:00] [pid=7276] WwiseFxNullParams::Init()
[2026-05-14T02:58:31.3883016-07:00] [pid=7276] 
[2026-05-14T02:58:31.3883016-07:00] [pid=7276] <<<_____ ImmerseAudioRenderer _____>>> 
[2026-05-14T02:58:31.3883016-07:00] [pid=7276] WwiseFxNullParams::SetParam()
[2026-05-14T02:58:31.3883016-07:00] [pid=7276] 
[2026-05-14T02:58:31.3893014-07:00] [pid=7276] <<<_____ ImmerseAudioRenderer _____>>> 
[2026-05-14T02:58:31.3893014-07:00] [pid=7276] WwiseFxNullParams::SetParam()
[2026-05-14T02:58:31.3893014-07:00] [pid=7276] 
[2026-05-14T02:58:31.3893014-07:00] [pid=7276] <<<_____ ImmerseAudioRenderer _____>>> 
[2026-05-14T02:58:31.3893014-07:00] [pid=7276] WwiseFxNullParams::SetParam()
[2026-05-14T02:58:31.3893014-07:00] [pid=7276] 
[2026-05-14T02:58:31.3893014-07:00] [pid=7276] <<<_____ ImmerseAudioRenderer _____>>> 
[2026-05-14T02:58:31.3893014-07:00] [pid=7276] WwiseFxNullParams::SetParam()
[2026-05-14T02:58:31.3893014-07:00] [pid=7276] 
[2026-05-14T02:58:31.3893014-07:00] [pid=7276] <<<_____ ImmerseAudioRenderer _____>>> 
[2026-05-14T02:58:31.3893014-07:00] [pid=7276] WwiseFxNullParams::SetParam()
[2026-05-14T02:58:31.3893014-07:00] [pid=7276] 
[2026-05-14T02:58:31.3893014-07:00] [pid=7276] <<<_____ ImmerseAudioRenderer _____>>> 
[2026-05-14T02:58:31.3893014-07:00] [pid=7276] WwiseFxNullParams::SetParam()
[2026-05-14T02:58:31.3893014-07:00] [pid=7276] 
[2026-05-14T02:58:31.3893014-07:00] [pid=7276] <<<_____ ImmerseAudioRenderer _____>>> 
[2026-05-14T02:58:31.3893014-07:00] [pid=7276] WwiseFxNullParams::SetParam()
[2026-05-14T02:58:31.3893014-07:00] [pid=7276] 
[2026-05-14T02:58:31.3893014-07:00] [pid=7276] <<<_____ ImmerseAudioRenderer _____>>> 
[2026-05-14T02:58:31.3893014-07:00] [pid=7276] WwiseFxNullParams::SetParam()
[2026-05-14T02:58:31.3893014-07:00] [pid=7276] 
[2026-05-14T02:58:31.3893014-07:00] [pid=7276] <<<_____ ImmerseAudioRenderer _____>>> 
[2026-05-14T02:58:31.3893014-07:00] [pid=7276] WwiseFxNullParams::SetParam()
[2026-05-14T02:58:31.3893014-07:00] [pid=7276] 
[2026-05-14T02:58:31.3893014-07:00] [pid=7276] <<<_____ ImmerseAudioRenderer _____>>> 
[2026-05-14T02:58:31.3893014-07:00] [pid=7276] WwiseFxNullParams::ApplyParam()
[2026-05-14T02:58:31.3893014-07:00] [pid=7276] 
[2026-05-14T02:58:31.3893014-07:00] [pid=7276] <<<_____ ImmerseAudioRenderer _____>>> 
[2026-05-14T02:58:31.3893014-07:00] [pid=7276] WwiseFxNullParams::ApplyParam()
[2026-05-14T02:58:31.3893014-07:00] [pid=7276] 
[2026-05-14T02:58:31.3893014-07:00] [pid=7276] <<<_____ ImmerseAudioRenderer _____>>> 
[2026-05-14T02:58:31.3893014-07:00] [pid=7276] WwiseFxNullParams::ApplyParam()
[2026-05-14T02:58:31.3903021-07:00] [pid=7276] 
[2026-05-14T02:58:31.3903021-07:00] [pid=7276] <<<_____ ImmerseAudioRenderer _____>>> 
[2026-05-14T02:58:31.3903021-07:00] [pid=7276] WwiseFxNullParams::ApplyParam()
[2026-05-14T02:58:31.3903021-07:00] [pid=7276] 
[2026-05-14T02:58:31.3903021-07:00] [pid=7276] <<<_____ ImmerseAudioRenderer _____>>> 
[2026-05-14T02:58:31.3903021-07:00] [pid=7276] WwiseFxNullParams::ApplyParam()
[2026-05-14T02:58:31.3903021-07:00] [pid=7276] 
[2026-05-14T02:58:31.3903021-07:00] [pid=7276] <<<_____ ImmerseAudioRenderer _____>>> 
[2026-05-14T02:58:31.3903021-07:00] [pid=7276] WwiseFxNullParams::ApplyParam()
[2026-05-14T02:58:31.3903021-07:00] [pid=7276] 
[2026-05-14T02:58:31.3903021-07:00] [pid=7276] <<<_____ ImmerseAudioRenderer _____>>> 
[2026-05-14T02:58:31.3903021-07:00] [pid=7276] WwiseFxNullParams::ApplyParam()
[2026-05-14T02:58:31.3903021-07:00] [pid=7276] 
[2026-05-14T02:58:31.3908057-07:00] [pid=7276] <<<_____ ImmerseAudioRenderer _____>>> 
[2026-05-14T02:58:31.3908057-07:00] [pid=7276] WwiseFxNullParams::ApplyParam()
[2026-05-14T02:58:31.3908057-07:00] [pid=7276] 
[2026-05-14T02:58:31.3908057-07:00] [pid=7276] <<<_____ ImmerseAudioRenderer _____>>> 
[2026-05-14T02:58:31.3908057-07:00] [pid=7276] WwiseFxNullParams::ApplyParam()
[2026-05-14T02:58:31.3908057-07:00] [pid=7276] 
[2026-05-14T02:58:31.3973332-07:00] [pid=356] [2026.05.14-09.58.31:397][  0]CrashReportClientDiagnosticLog: Editor/ExitCode:-1
[2026-05-14T02:58:31.3973332-07:00] [pid=356] [2026.05.14-09.58.31:397][  0]CrashReportClientDiagnosticLog: MTBF/Start:2026.05.14-09.58.31
[2026-05-14T02:58:31.3983342-07:00] [pid=356] [2026.05.14-09.58.31:398][  0]CrashReportClientDiagnosticLog: MTBF/LoadSession
[2026-05-14T02:58:31.3993340-07:00] [pid=356] [2026.05.14-09.58.31:399][  0]CrashReportClientDiagnosticLog: MTBF/NoSessionFound
[2026-05-14T02:58:31.4118865-07:00] [pid=356] [2026.05.14-09.58.31:411][  0]LogInit: Using libcurl 7.55.1-DEV
[2026-05-14T02:58:31.4118865-07:00] [pid=356] [2026.05.14-09.58.31:411][  0]LogInit:  - built for x86_64-pc-win32
[2026-05-14T02:58:31.4118865-07:00] [pid=356] [2026.05.14-09.58.31:411][  0]LogInit:  - supports SSL with OpenSSL/1.1.1
[2026-05-14T02:58:31.4118865-07:00] [pid=356] [2026.05.14-09.58.31:411][  0]LogInit:  - supports HTTP deflate (compression) using libz 1.2.8
[2026-05-14T02:58:31.4128905-07:00] [pid=356] [2026.05.14-09.58.31:411][  0]LogInit:  - other features:
[2026-05-14T02:58:31.4128905-07:00] [pid=356] [2026.05.14-09.58.31:412][  0]LogInit:      CURL_VERSION_SSL
[2026-05-14T02:58:31.4128905-07:00] [pid=356] [2026.05.14-09.58.31:412][  0]LogInit:      CURL_VERSION_LIBZ
[2026-05-14T02:58:31.4128905-07:00] [pid=356] [2026.05.14-09.58.31:412][  0]LogInit:      CURL_VERSION_IPV6
[2026-05-14T02:58:31.4128905-07:00] [pid=356] [2026.05.14-09.58.31:412][  0]LogInit:      CURL_VERSION_ASYNCHDNS
[2026-05-14T02:58:31.4128905-07:00] [pid=356] [2026.05.14-09.58.31:412][  0]LogInit:      CURL_VERSION_LARGEFILE
[2026-05-14T02:58:31.4128905-07:00] [pid=356] [2026.05.14-09.58.31:412][  0]LogInit:      CURL_VERSION_IDN
[2026-05-14T02:58:31.4128905-07:00] [pid=356] [2026.05.14-09.58.31:412][  0]LogInit:  CurlRequestOptions (configurable via config and command line):
[2026-05-14T02:58:31.4128905-07:00] [pid=356] [2026.05.14-09.58.31:412][  0]LogInit:  - bVerifyPeer = false  - Libcurl will NOT verify peer certificate
[2026-05-14T02:58:31.4128905-07:00] [pid=356] [2026.05.14-09.58.31:412][  0]LogInit:  - bUseHttpProxy = false  - Libcurl will NOT use HTTP proxy
[2026-05-14T02:58:31.4128905-07:00] [pid=356] [2026.05.14-09.58.31:412][  0]LogInit:  - bDontReuseConnections = false  - Libcurl will reuse connections
[2026-05-14T02:58:31.4128905-07:00] [pid=356] [2026.05.14-09.58.31:412][  0]LogInit:  - MaxHostConnections = 16  - Libcurl will limit the number of connections to a host
[2026-05-14T02:58:31.4128905-07:00] [pid=356] [2026.05.14-09.58.31:412][  0]LogInit:  - LocalHostAddr = Default
[2026-05-14T02:58:31.4128905-07:00] [pid=356] [2026.05.14-09.58.31:412][  0]LogInit:  - BufferSize = 65536
[2026-05-14T02:58:31.4128905-07:00] [pid=356] [2026.05.14-09.58.31:412][  0]LogAnalytics: Display: [CrashReporter.Release] APIServer = https://datarouter.ol.epicgames.com/. AppVersion = ++UE4+Release-4.27-CL-18319896
[2026-05-14T02:58:31.4138908-07:00] [pid=356] [2026.05.14-09.58.31:413][  0]CrashReportClientDiagnosticLog: MTBF/Done
[2026-05-14T02:58:31.4219667-07:00] [pid=356] [2026.05.14-09.58.31:421][  0]LogCore: Engine exit requested (reason: CrashReportClientApp RequestExit)
[2026-05-14T02:58:31.4219667-07:00] [pid=356] [2026.05.14-09.58.31:421][  0]LogExit: Preparing to exit.
[2026-05-14T02:58:31.4229750-07:00] [pid=356] [2026.05.14-09.58.31:422][  0]LogExit: Object subsystem successfully closed.
[2026-05-14T02:58:31.4239751-07:00] [pid=356] [2026.05.14-09.58.31:423][  0]LogModuleManager: Shutting down and abandoning module AnalyticsET (14)
[2026-05-14T02:58:31.4239751-07:00] [pid=356] [2026.05.14-09.58.31:423][  0]LogModuleManager: Shutting down and abandoning module HTTP (13)
[2026-05-14T02:58:31.4239751-07:00] [pid=356] [2026.05.14-09.58.31:423][  0]LogHttp: Display: Http module shutting down, but needs to wait on 1 outstanding Http requests:
[2026-05-14T02:58:31.4239751-07:00] [pid=356] [2026.05.14-09.58.31:423][  0]LogHttp: Display: 	verb=[POST] url=[https://datarouter.ol.epicgames.com/datarouter/api/v1/public/data?SessionID=%7BDA861B3B-4381-46E3-141D-7583A378A3BB%7D&AppID=CrashReporter.Release&AppVersion=%2B%2BUE4%2BRelease-4.27-CL-18319896&UserID=f8b698bb42db84b438be4e9e5183ed14%7C6da9797861944dd5b2bedb495b874fce%7C2e2120c8-1d81-4764-95c5-a72e8ff85171&AppEnvironment=datacollector-binary&UploadType=eteventstream] refs=[1] status=Processing
[2026-05-14T02:58:31.4239751-07:00] [pid=356] [2026.05.14-09.58.31:423][  0]LogHttp: Display: cleaning up 1 outstanding Http requests.
[2026-05-14T02:58:31.4239751-07:00] [pid=356] [2026.05.14-09.58.31:423][  0]LogHttp: Display: Sleeping 0.500s to wait for 1 outstanding Http requests.
[2026-05-14T02:58:31.5175109-07:00] [pid=24380] [2026.05.14-09.58.31:517][843]LogRunningAppService: Display: Dead foreground process [12064] C:/Program Files/Epic Games/UE_4.27/Engine/Binaries/Win64/UE4Editor.exe for app C:/Program Files/Epic Games/UE_4.27/
[2026-05-14T02:58:31.9550384-07:00] [pid=356] [2026.05.14-09.58.31:955][  0]LogModuleManager: Shutting down and abandoning module SSL (12)
[2026-05-14T02:58:31.9565526-07:00] [pid=356] [2026.05.14-09.58.31:956][  0]LogModuleManager: Shutting down and abandoning module CrashDebugHelper (8)
[2026-05-14T02:58:31.9565526-07:00] [pid=356] [2026.05.14-09.58.31:956][  0]LogModuleManager: Shutting down and abandoning module CoreUObject (6)
[2026-05-14T02:58:31.9565526-07:00] [pid=356] [2026.05.14-09.58.31:956][  0]LogModuleManager: Shutting down and abandoning module PakFile (4)
[2026-05-14T02:58:31.9565526-07:00] [pid=356] [2026.05.14-09.58.31:956][  0]LogModuleManager: Shutting down and abandoning module RSA (3)
[2026-05-14T02:58:31.9575730-07:00] [pid=356] [2026.05.14-09.58.31:957][  0]LogExit: Exiting.
[2026-05-14T02:58:32.0811354-07:00] [pid=24380] [2026.05.14-09.58.32:081][855]LogExternalChatPresentation: HandleLoadUrl POST https://api.epicgames.dev/telemetry/data?AppID=egs-launcher-social&AppVersion=c6990ae26cda737d19921762099df7f87ea8dbf9&AppEnvironment=prod&UploadType=eteventstream&SessionID=f914def4-3698-457d-a674-fbc18ffb14f6&UserID=6da9797861944dd5b2bedb495b874fce
[2026-05-14T02:58:32.2220278-07:00] [pid=24380] [2026.05.14-09.58.32:222][858]LogRunningAppService: Display: Dead foreground process [356] C:/Program Files/Epic Games/UE_4.27/Engine/Binaries/Win64/CrashReportClientEditor.exe for app C:/Program Files/Epic Games/UE_4.27/
