Log file open, 05/08/26 11:39:24
LogWindows: Failed to load 'aqProf.dll' (GetLastError=126)
LogWindows: File 'aqProf.dll' does not exist
LogWindows: Failed to load 'VtuneApi.dll' (GetLastError=126)
LogWindows: File 'VtuneApi.dll' does not exist
LogWindows: Failed to load 'VtuneApi32e.dll' (GetLastError=126)
LogWindows: File 'VtuneApi32e.dll' does not exist
LogConsoleResponse: Display: Failed to find resolution value strings in scalability ini. Falling back to default.
LogConsoleResponse: Display: Failed to find resolution value strings in scalability ini. Falling back to default.
LogInit: Display: Running engine for game: testTP
LogPlatformFile: Not using cached read wrapper
LogTaskGraph: Started task graph with 5 named threads and 59 total threads with 3 sets of task threads.
LogStats: Stats thread started at 0.524417
LogICUInternationalization: ICU TimeZone Detection - Raw Offset: -8:00, Platform Override: ''
LogInit: Display: Loading text-based GConfig....
LogPluginManager: Mounting plugin MeshPainting
LogPluginManager: Mounting plugin XGEController
LogPluginManager: Mounting plugin Paper2D
LogPluginManager: Mounting plugin LiveLink
LogPluginManager: Mounting plugin AISupport
LogPluginManager: Mounting plugin EnvironmentQueryEditor
LogPluginManager: Mounting plugin LightPropagationVolume
LogPluginManager: Mounting plugin GameplayCameras
LogPluginManager: Mounting plugin AnimationSharing
LogPluginManager: Mounting plugin CodeLiteSourceCodeAccess
LogPluginManager: Mounting plugin CLionSourceCodeAccess
LogPluginManager: Mounting plugin GitSourceControl
LogPluginManager: Mounting plugin KDevelopSourceCodeAccess
LogPluginManager: Mounting plugin NullSourceCodeAccess
LogPluginManager: Mounting plugin CameraShakePreviewer
LogPluginManager: Mounting plugin PlasticSourceControl
LogPluginManager: Mounting plugin PluginUtils
LogPluginManager: Mounting plugin PropertyAccessNode
LogPluginManager: Mounting plugin RiderSourceCodeAccess
LogPluginManager: Mounting plugin PixWinPlugin
LogPluginManager: Mounting plugin PerforceSourceControl
LogPluginManager: Mounting plugin TextureFormatOodle
LogPluginManager: Mounting plugin UObjectPlugin
LogPluginManager: Mounting plugin VisualStudioCodeSourceCodeAccess
LogPluginManager: Mounting plugin VisualStudioSourceCodeAccess
LogPluginManager: Mounting plugin XCodeSourceCodeAccess
LogPluginManager: Mounting plugin OodleData
LogPluginManager: Mounting plugin Niagara
LogPluginManager: Mounting plugin OodleNetwork
LogPluginManager: Mounting plugin DatasmithContent
LogPluginManager: Mounting plugin SubversionSourceControl
LogPluginManager: Mounting plugin AssetManagerEditor
LogPluginManager: Mounting plugin CryptoKeys
LogPluginManager: Mounting plugin CurveEditorTools
LogPluginManager: Mounting plugin DataValidation
LogPluginManager: Mounting plugin VariantManagerContent
LogPluginManager: Mounting plugin FacialAnimation
LogPluginManager: Mounting plugin GeometryMode
LogPluginManager: Mounting plugin MacGraphicsSwitching
LogPluginManager: Mounting plugin PluginBrowser
LogPluginManager: Mounting plugin SpeedTreeImporter
LogPluginManager: Mounting plugin GameplayTagsEditor
LogPluginManager: Mounting plugin LuminPlatformFeatures
LogPluginManager: Mounting plugin MobileLauncherProfileWizard
LogPluginManager: Mounting plugin MagicLeap
LogPluginManager: Mounting plugin MagicLeapMedia
LogPluginManager: Mounting plugin MaterialAnalyzer
LogPluginManager: Mounting plugin MLSDK
LogPluginManager: Mounting plugin AndroidMedia
LogPluginManager: Mounting plugin AvfMedia
LogPluginManager: Mounting plugin MagicLeapPassableWorld
LogPluginManager: Mounting plugin ImgMedia
LogPluginManager: Mounting plugin MediaCompositing
LogPluginManager: Mounting plugin MediaPlayerEditor
LogPluginManager: Mounting plugin WmfMedia
LogPluginManager: Mounting plugin WebMMedia
LogPluginManager: Mounting plugin AutomationUtils
LogPluginManager: Mounting plugin BackChannel
LogPluginManager: Mounting plugin ChaosCloth
LogPluginManager: Mounting plugin ChaosEditor
LogPluginManager: Mounting plugin AlembicImporter
LogPluginManager: Mounting plugin ChaosNiagara
LogPluginManager: Mounting plugin CharacterAI
LogPluginManager: Mounting plugin MagicLeapLightEstimation
LogPluginManager: Mounting plugin ChaosSolverPlugin
LogPluginManager: Mounting plugin ChaosClothEditor
LogPluginManager: Mounting plugin GeometryCache
LogPluginManager: Mounting plugin GeometryProcessing
LogPluginManager: Mounting plugin UdpMessaging
LogPluginManager: Mounting plugin MatineeToLevelSequence
LogPluginManager: Mounting plugin GeometryCollectionPlugin
LogPluginManager: Mounting plugin TcpMessaging
LogPluginManager: Mounting plugin ActorSequence
LogPluginManager: Mounting plugin LevelSequenceEditor
LogPluginManager: Mounting plugin OpenImageDenoise
LogPluginManager: Mounting plugin MotoSynth
LogPluginManager: Mounting plugin PythonScriptPlugin
LogPluginManager: Mounting plugin TemplateSequence
LogPluginManager: Mounting plugin PlatformCrypto
LogPluginManager: Mounting plugin PlanarCut
LogPluginManager: Mounting plugin OnlineSubsystem
LogPluginManager: Mounting plugin ProxyLODPlugin
LogPluginManager: Mounting plugin SkeletalReduction
LogPluginManager: Mounting plugin OnlineSubsystemNull
LogPluginManager: Mounting plugin ActorLayerUtilities
LogPluginManager: Mounting plugin LauncherChunkInstaller
LogPluginManager: Mounting plugin AndroidMoviePlayer
LogPluginManager: Mounting plugin OnlineSubsystemUtils
LogPluginManager: Mounting plugin AndroidPermission
LogPluginManager: Mounting plugin AndroidDeviceProfileSelector
LogPluginManager: Mounting plugin AppleMoviePlayer
LogPluginManager: Mounting plugin AppleImageUtils
LogPluginManager: Mounting plugin ArchVisCharacter
LogPluginManager: Mounting plugin AudioSynesthesia
LogPluginManager: Mounting plugin ChunkDownloader
LogPluginManager: Mounting plugin EditableMesh
LogPluginManager: Mounting plugin AudioCapture
LogPluginManager: Mounting plugin CableComponent
LogPluginManager: Mounting plugin ExampleDeviceProfileSelector
LogPluginManager: Mounting plugin IOSDeviceProfileSelector
LogPluginManager: Mounting plugin GooglePAD
LogPluginManager: Mounting plugin LinuxDeviceProfileSelector
LogPluginManager: Mounting plugin AssetTags
LogPluginManager: Mounting plugin LocationServicesBPLibrary
LogPluginManager: Mounting plugin CustomMeshComponent
LogPluginManager: Mounting plugin GoogleCloudMessaging
LogPluginManager: Mounting plugin MobilePatchingUtils
LogPluginManager: Mounting plugin OpenXRHandTracking
LogPluginManager: Mounting plugin OpenXREyeTracker
LogPluginManager: Mounting plugin ScreenshotTools
LogPluginManager: Mounting plugin ProceduralMeshComponent
LogPluginManager: Mounting plugin PropertyAccessEditor
LogPluginManager: Mounting plugin OpenXR
LogPluginManager: Mounting plugin SoundFields
LogPluginManager: Mounting plugin PostSplashScreen
LogPluginManager: Mounting plugin RuntimePhysXCooking
LogPluginManager: Mounting plugin SignificanceManager
LogPluginManager: Mounting plugin WebMMoviePlayer
LogPluginManager: Mounting plugin Synthesis
LogPluginManager: Mounting plugin PhysXVehicles
LogPluginManager: Mounting plugin WindowsMoviePlayer
LogPluginManager: Mounting plugin Takes
LogPluginManager: Mounting plugin ContentBrowserAssetDataSource
LogPluginManager: Mounting plugin ContentBrowserClassDataSource
LogPluginManager: Mounting plugin ContentBrowserFileDataSource
LogPluginManager: Mounting plugin OnlineSubsystemIOS
LogPluginManager: Mounting plugin OnlineSubsystemGooglePlay
LogPluginManager: Mounting plugin OculusVR
LogPluginManager: Mounting plugin SteamVR
LogPluginManager: Mounting plugin Wwise
PixWinPlugin: PIX capture plugin failed to initialize! Check that the process is launched from PIX.
LogInit: Using libcurl 7.55.1-DEV
LogInit:  - built for x86_64-pc-win32
LogInit:  - supports SSL with OpenSSL/1.1.1
LogInit:  - supports HTTP deflate (compression) using libz 1.2.8
LogInit:  - other features:
LogInit:      CURL_VERSION_SSL
LogInit:      CURL_VERSION_LIBZ
LogInit:      CURL_VERSION_IPV6
LogInit:      CURL_VERSION_ASYNCHDNS
LogInit:      CURL_VERSION_LARGEFILE
LogInit:      CURL_VERSION_IDN
LogInit:  CurlRequestOptions (configurable via config and command line):
LogInit:  - bVerifyPeer = true  - Libcurl will verify peer certificate
LogInit:  - bUseHttpProxy = false  - Libcurl will NOT use HTTP proxy
LogInit:  - bDontReuseConnections = false  - Libcurl will reuse connections
LogInit:  - MaxHostConnections = 16  - Libcurl will limit the number of connections to a host
LogInit:  - LocalHostAddr = Default
LogInit:  - BufferSize = 65536
LogOnline: OSS: Creating online subsystem instance for: NULL
LogInit: WinSock: version 1.1 (2.2), MaxSocks=32767, MaxUdp=65467
LogOnline: OSS: TryLoadSubsystemAndSetDefault: Loaded subsystem for module [NULL]
LogOculusPluginWrapper: OculusPlugin initialized successfully
LogHMD: Failed initializing OVRPlugin 1.59.0
LogInit: Build: ++UE4+Release-4.27-CL-18319896
LogInit: Engine Version: 4.27.2-18319896+++UE4+Release-4.27
LogInit: Compatible Engine Version: 4.27.0-17155196+++UE4+Release-4.27
LogInit: Net CL: 17155196
LogInit: OS: Windows 10 (Release 2009) (), CPU: 13th Gen Intel(R) Core(TM) i7-13650HX, GPU: Intel(R) UHD Graphics
LogInit: Compiled (64-bit): Nov 30 2021 07:12:08
LogInit: Compiled with Visual C++: 19.24.28315.00
LogInit: Build Configuration: Development
LogInit: Branch Name: ++UE4+Release-4.27
LogInit: Command Line:  /Game/ThirdPersonBP/Maps/ThirdPersonExampleMap -game -RenderOffscreen -unattended -nopause -NoSplash -abslog=C:\Users\kapil\AppData\Local\Temp\immerse_editor_20260508-113746.log
LogInit: Base Directory: C:/Program Files/Epic Games/UE_4.27/Engine/Binaries/Win64/
LogInit: Allocator: TBB
LogInit: Installed Engine Build: 1
LogDevObjectVersion: Number of dev versions registered: 29
LogDevObjectVersion:   Dev-Blueprints (B0D832E4-1F89-4F0D-ACCF-7EB736FD4AA2): 10
LogDevObjectVersion:   Dev-Build (E1C64328-A22C-4D53-A36C-8E866417BD8C): 0
LogDevObjectVersion:   Dev-Core (375EC13C-06E4-48FB-B500-84F0262A717E): 4
LogDevObjectVersion:   Dev-Editor (E4B068ED-F494-42E9-A231-DA0B2E46BB41): 40
LogDevObjectVersion:   Dev-Framework (CFFC743F-43B0-4480-9391-14DF171D2073): 37
LogDevObjectVersion:   Dev-Mobile (B02B49B5-BB20-44E9-A304-32B752E40360): 3
LogDevObjectVersion:   Dev-Networking (A4E4105C-59A1-49B5-A7C5-40C4547EDFEE): 0
LogDevObjectVersion:   Dev-Online (39C831C9-5AE6-47DC-9A44-9C173E1C8E7C): 0
LogDevObjectVersion:   Dev-Physics (78F01B33-EBEA-4F98-B9B4-84EACCB95AA2): 14
LogDevObjectVersion:   Dev-Platform (6631380F-2D4D-43E0-8009-CF276956A95A): 0
LogDevObjectVersion:   Dev-Rendering (12F88B9F-8875-4AFC-A67C-D90C383ABD29): 45
LogDevObjectVersion:   Dev-Sequencer (7B5AE74C-D270-4C10-A958-57980B212A5A): 13
LogDevObjectVersion:   Dev-VR (D7296918-1DD6-4BDD-9DE2-64A83CC13884): 3
LogDevObjectVersion:   Dev-LoadTimes (C2A15278-BFE7-4AFE-6C17-90FF531DF755): 1
LogDevObjectVersion:   Private-Geometry (6EACA3D4-40EC-4CC1-B786-8BED09428FC5): 3
LogDevObjectVersion:   Dev-AnimPhys (29E575DD-E0A3-4627-9D10-D276232CDCEA): 17
LogDevObjectVersion:   Dev-Anim (AF43A65D-7FD3-4947-9873-3E8ED9C1BB05): 15
LogDevObjectVersion:   Dev-ReflectionCapture (6B266CEC-1EC7-4B8F-A30B-E4D90942FC07): 1
LogDevObjectVersion:   Dev-Automation (0DF73D61-A23F-47EA-B727-89E90C41499A): 1
LogDevObjectVersion:   FortniteMain (601D1886-AC64-4F84-AA16-D3DE0DEAC7D6): 47
LogDevObjectVersion:   FortniteRelease (E7086368-6B23-4C58-8439-1B7016265E91): 1
LogDevObjectVersion:   Dev-Enterprise (9DFFBCD6-494F-0158-E221-12823C92A888): 10
LogDevObjectVersion:   Dev-Niagara (F2AED0AC-9AFE-416F-8664-AA7FFA26D6FC): 1
LogDevObjectVersion:   Dev-Destruction (174F1F0B-B4C6-45A5-B13F-2EE8D0FB917D): 10
LogDevObjectVersion:   Dev-Physics-Ext (35F94A83-E258-406C-A318-09F59610247C): 41
LogDevObjectVersion:   Dev-PhysicsMaterial-Chaos (B68FC16E-8B1B-42E2-B453-215C058844FE): 1
LogDevObjectVersion:   Dev-CineCamera (B2E18506-4273-CFC2-A54E-F4BB758BBA07): 1
LogDevObjectVersion:   Dev-VirtualProduction (64F58936-FD1B-42BA-BA96-7289D5D0FA4E): 1
LogDevObjectVersion:   Dev-MediaFramework (6F0ED827-A609-4895-9C91-998D90180EA4): 2
LogInit: Presizing for max 25165824 objects, including 0 objects not considered by GC, pre-allocating 0 bytes for permanent pool.
LogConfig: Applying CVar settings from Section [/Script/Engine.StreamingSettings] File [C:/Users/kapil/OneDrive/Documents/Unreal Projects/testTP/Saved/Config/Windows/Engine.ini]
LogConfig: Setting CVar [[s.MinBulkDataSizeForAsyncLoading:131072]]
LogConfig: Setting CVar [[s.AsyncLoadingThreadEnabled:0]]
LogConfig: Setting CVar [[s.EventDrivenLoaderEnabled:1]]
LogConfig: Setting CVar [[s.WarnIfTimeLimitExceeded:0]]
LogConfig: Setting CVar [[s.TimeLimitExceededMultiplier:1.5]]
LogConfig: Setting CVar [[s.TimeLimitExceededMinTime:0.005]]
LogConfig: Setting CVar [[s.UseBackgroundLevelStreaming:1]]
LogConfig: Setting CVar [[s.PriorityAsyncLoadingExtraTime:15.0]]
LogConfig: Setting CVar [[s.LevelStreamingActorsUpdateTimeLimit:5.0]]
LogConfig: Setting CVar [[s.PriorityLevelStreamingActorsUpdateExtraTime:5.0]]
LogConfig: Setting CVar [[s.LevelStreamingComponentsRegistrationGranularity:10]]
LogConfig: Setting CVar [[s.UnregisterComponentsTimeLimit:1.0]]
LogConfig: Setting CVar [[s.LevelStreamingComponentsUnregistrationGranularity:5]]
LogConfig: Setting CVar [[s.FlushStreamingOnExit:1]]
LogInit: Object subsystem initialized
LogConfig: Setting CVar [[con.DebugEarlyDefault:1]]
LogConfig: Setting CVar [[r.setres:1280x720]]
[2026.05.08-18.39.24:835][  0]LogConfig: Setting CVar [[con.DebugEarlyDefault:1]]
[2026.05.08-18.39.24:835][  0]LogConfig: Setting CVar [[r.setres:1280x720]]
[2026.05.08-18.39.24:835][  0]LogConfig: Applying CVar settings from Section [/Script/Engine.RendererSettings] File [C:/Users/kapil/OneDrive/Documents/Unreal Projects/testTP/Saved/Config/Windows/Engine.ini]
[2026.05.08-18.39.24:835][  0]LogConfig: Setting CVar [[r.GPUCrashDebugging:0]]
[2026.05.08-18.39.24:835][  0]LogConfig: Applying CVar settings from Section [/Script/Engine.RendererOverrideSettings] File [C:/Users/kapil/OneDrive/Documents/Unreal Projects/testTP/Saved/Config/Windows/Engine.ini]
[2026.05.08-18.39.24:835][  0]LogConfig: Applying CVar settings from Section [/Script/Engine.StreamingSettings] File [C:/Users/kapil/OneDrive/Documents/Unreal Projects/testTP/Saved/Config/Windows/Engine.ini]
[2026.05.08-18.39.24:835][  0]LogConfig: Setting CVar [[s.MinBulkDataSizeForAsyncLoading:131072]]
[2026.05.08-18.39.24:835][  0]LogConfig: Setting CVar [[s.AsyncLoadingThreadEnabled:0]]
[2026.05.08-18.39.24:835][  0]LogConfig: Setting CVar [[s.EventDrivenLoaderEnabled:1]]
[2026.05.08-18.39.24:835][  0]LogConfig: Setting CVar [[s.WarnIfTimeLimitExceeded:0]]
[2026.05.08-18.39.24:835][  0]LogConfig: Setting CVar [[s.TimeLimitExceededMultiplier:1.5]]
[2026.05.08-18.39.24:835][  0]LogConfig: Setting CVar [[s.TimeLimitExceededMinTime:0.005]]
[2026.05.08-18.39.24:835][  0]LogConfig: Setting CVar [[s.UseBackgroundLevelStreaming:1]]
[2026.05.08-18.39.24:835][  0]LogConfig: Setting CVar [[s.PriorityAsyncLoadingExtraTime:15.0]]
[2026.05.08-18.39.24:835][  0]LogConfig: Setting CVar [[s.LevelStreamingActorsUpdateTimeLimit:5.0]]
[2026.05.08-18.39.24:835][  0]LogConfig: Setting CVar [[s.PriorityLevelStreamingActorsUpdateExtraTime:5.0]]
[2026.05.08-18.39.24:835][  0]LogConfig: Setting CVar [[s.LevelStreamingComponentsRegistrationGranularity:10]]
[2026.05.08-18.39.24:835][  0]LogConfig: Setting CVar [[s.UnregisterComponentsTimeLimit:1.0]]
[2026.05.08-18.39.24:835][  0]LogConfig: Setting CVar [[s.LevelStreamingComponentsUnregistrationGranularity:5]]
[2026.05.08-18.39.24:835][  0]LogConfig: Setting CVar [[s.FlushStreamingOnExit:1]]
[2026.05.08-18.39.24:835][  0]LogConfig: Applying CVar settings from Section [/Script/Engine.GarbageCollectionSettings] File [C:/Users/kapil/OneDrive/Documents/Unreal Projects/testTP/Saved/Config/Windows/Engine.ini]
[2026.05.08-18.39.24:835][  0]LogConfig: Setting CVar [[gc.MaxObjectsNotConsideredByGC:1]]
[2026.05.08-18.39.24:835][  0]LogConfig: Setting CVar [[gc.SizeOfPermanentObjectPool:0]]
[2026.05.08-18.39.24:835][  0]LogConfig: Setting CVar [[gc.FlushStreamingOnGC:0]]
[2026.05.08-18.39.24:835][  0]LogConfig: Setting CVar [[gc.NumRetriesBeforeForcingGC:10]]
[2026.05.08-18.39.24:835][  0]LogConfig: Setting CVar [[gc.AllowParallelGC:1]]
[2026.05.08-18.39.24:835][  0]LogConfig: Setting CVar [[gc.TimeBetweenPurgingPendingKillObjects:61.1]]
[2026.05.08-18.39.24:835][  0]LogConfig: Setting CVar [[gc.MaxObjectsInEditor:25165824]]
[2026.05.08-18.39.24:835][  0]LogConfig: Setting CVar [[gc.IncrementalBeginDestroyEnabled:1]]
[2026.05.08-18.39.24:835][  0]LogConfig: Setting CVar [[gc.CreateGCClusters:1]]
[2026.05.08-18.39.24:835][  0]LogConfig: Setting CVar [[gc.MinGCClusterSize:5]]
[2026.05.08-18.39.24:835][  0]LogConfig: Setting CVar [[gc.ActorClusteringEnabled:0]]
[2026.05.08-18.39.24:835][  0]LogConfig: Setting CVar [[gc.BlueprintClusteringEnabled:0]]
[2026.05.08-18.39.24:835][  0]LogConfig: Setting CVar [[gc.UseDisregardForGCOnDedicatedServers:0]]
[2026.05.08-18.39.24:835][  0]LogConfig: Setting CVar [[gc.MultithreadedDestructionEnabled:1]]
[2026.05.08-18.39.24:835][  0]LogConfig: Applying CVar settings from Section [/Script/Engine.NetworkSettings] File [C:/Users/kapil/OneDrive/Documents/Unreal Projects/testTP/Saved/Config/Windows/Engine.ini]
[2026.05.08-18.39.24:835][  0]LogConfig: Applying CVar settings from Section [/Script/UnrealEd.CookerSettings] File [C:/Users/kapil/OneDrive/Documents/Unreal Projects/testTP/Saved/Config/Windows/Engine.ini]
[2026.05.08-18.39.24:840][  0]LogConfig: Applying CVar settings from Section [ViewDistanceQuality@3] File [C:/Users/kapil/OneDrive/Documents/Unreal Projects/testTP/Saved/Config/Windows/Scalability.ini]
[2026.05.08-18.39.24:840][  0]LogConfig: Setting CVar [[r.SkeletalMeshLODBias:0]]
[2026.05.08-18.39.24:840][  0]LogConfig: Setting CVar [[r.ViewDistanceScale:1.0]]
[2026.05.08-18.39.24:840][  0]LogConfig: Applying CVar settings from Section [AntiAliasingQuality@3] File [C:/Users/kapil/OneDrive/Documents/Unreal Projects/testTP/Saved/Config/Windows/Scalability.ini]
[2026.05.08-18.39.24:840][  0]LogConfig: Setting CVar [[r.PostProcessAAQuality:4]]
[2026.05.08-18.39.24:840][  0]LogConfig: Applying CVar settings from Section [ShadowQuality@3] File [C:/Users/kapil/OneDrive/Documents/Unreal Projects/testTP/Saved/Config/Windows/Scalability.ini]
[2026.05.08-18.39.24:840][  0]LogConfig: Setting CVar [[r.LightFunctionQuality:1]]
[2026.05.08-18.39.24:840][  0]LogConfig: Setting CVar [[r.ShadowQuality:5]]
[2026.05.08-18.39.24:840][  0]LogConfig: Setting CVar [[r.Shadow.CSM.MaxCascades:10]]
[2026.05.08-18.39.24:840][  0]LogConfig: Setting CVar [[r.Shadow.MaxResolution:2048]]
[2026.05.08-18.39.24:840][  0]LogConfig: Setting CVar [[r.Shadow.MaxCSMResolution:2048]]
[2026.05.08-18.39.24:840][  0]LogConfig: Setting CVar [[r.Shadow.RadiusThreshold:0.01]]
[2026.05.08-18.39.24:840][  0]LogConfig: Setting CVar [[r.Shadow.DistanceScale:1.0]]
[2026.05.08-18.39.24:840][  0]LogConfig: Setting CVar [[r.Shadow.CSM.TransitionScale:1.0]]
[2026.05.08-18.39.24:840][  0]LogConfig: Setting CVar [[r.Shadow.PreShadowResolutionFactor:1.0]]
[2026.05.08-18.39.24:840][  0]LogConfig: Setting CVar [[r.DistanceFieldShadowing:1]]
[2026.05.08-18.39.24:840][  0]LogConfig: Setting CVar [[r.DistanceFieldAO:1]]
[2026.05.08-18.39.24:840][  0]LogConfig: Setting CVar [[r.AOQuality:2]]
[2026.05.08-18.39.24:840][  0]LogConfig: Setting CVar [[r.VolumetricFog:1]]
[2026.05.08-18.39.24:840][  0]LogConfig: Setting CVar [[r.VolumetricFog.GridPixelSize:8]]
[2026.05.08-18.39.24:840][  0]LogConfig: Setting CVar [[r.VolumetricFog.GridSizeZ:128]]
[2026.05.08-18.39.24:840][  0]LogConfig: Setting CVar [[r.VolumetricFog.HistoryMissSupersampleCount:4]]
[2026.05.08-18.39.24:840][  0]LogConfig: Setting CVar [[r.LightMaxDrawDistanceScale:1]]
[2026.05.08-18.39.24:840][  0]LogConfig: Setting CVar [[r.CapsuleShadows:1]]
[2026.05.08-18.39.24:840][  0]LogConfig: Applying CVar settings from Section [PostProcessQuality@3] File [C:/Users/kapil/OneDrive/Documents/Unreal Projects/testTP/Saved/Config/Windows/Scalability.ini]
[2026.05.08-18.39.24:840][  0]LogConfig: Setting CVar [[r.MotionBlurQuality:4]]
[2026.05.08-18.39.24:840][  0]LogConfig: Setting CVar [[r.AmbientOcclusionMipLevelFactor:0.4]]
[2026.05.08-18.39.24:840][  0]LogConfig: Setting CVar [[r.AmbientOcclusionMaxQuality:100]]
[2026.05.08-18.39.24:840][  0]LogConfig: Setting CVar [[r.AmbientOcclusionLevels:-1]]
[2026.05.08-18.39.24:840][  0]LogConfig: Setting CVar [[r.AmbientOcclusionRadiusScale:1.0]]
[2026.05.08-18.39.24:840][  0]LogConfig: Setting CVar [[r.DepthOfFieldQuality:2]]
[2026.05.08-18.39.24:840][  0]LogConfig: Setting CVar [[r.RenderTargetPoolMin:400]]
[2026.05.08-18.39.24:841][  0]LogConfig: Setting CVar [[r.LensFlareQuality:2]]
[2026.05.08-18.39.24:841][  0]LogConfig: Setting CVar [[r.SceneColorFringeQuality:1]]
[2026.05.08-18.39.24:841][  0]LogConfig: Setting CVar [[r.EyeAdaptationQuality:2]]
[2026.05.08-18.39.24:841][  0]LogConfig: Setting CVar [[r.BloomQuality:5]]
[2026.05.08-18.39.24:841][  0]LogConfig: Setting CVar [[r.FastBlurThreshold:100]]
[2026.05.08-18.39.24:841][  0]LogConfig: Setting CVar [[r.Upscale.Quality:3]]
[2026.05.08-18.39.24:841][  0]LogConfig: Setting CVar [[r.Tonemapper.GrainQuantization:1]]
[2026.05.08-18.39.24:841][  0]LogConfig: Setting CVar [[r.LightShaftQuality:1]]
[2026.05.08-18.39.24:841][  0]LogConfig: Setting CVar [[r.Filter.SizeScale:1]]
[2026.05.08-18.39.24:841][  0]LogConfig: Setting CVar [[r.Tonemapper.Quality:5]]
[2026.05.08-18.39.24:841][  0]LogConfig: Setting CVar [[r.DOF.Gather.AccumulatorQuality:1        ; higher gathering accumulator quality]]
[2026.05.08-18.39.24:841][  0]LogConfig: Setting CVar [[r.DOF.Gather.PostfilterMethod:1          ; Median3x3 postfilering method]]
[2026.05.08-18.39.24:841][  0]LogConfig: Setting CVar [[r.DOF.Gather.EnableBokehSettings:0       ; no bokeh simulation when gathering]]
[2026.05.08-18.39.24:841][  0]LogConfig: Setting CVar [[r.DOF.Gather.RingCount:4                 ; medium number of samples when gathering]]
[2026.05.08-18.39.24:841][  0]LogConfig: Setting CVar [[r.DOF.Scatter.ForegroundCompositing:1    ; additive foreground scattering]]
[2026.05.08-18.39.24:841][  0]LogConfig: Setting CVar [[r.DOF.Scatter.BackgroundCompositing:2    ; additive background scattering]]
[2026.05.08-18.39.24:841][  0]LogConfig: Setting CVar [[r.DOF.Scatter.EnableBokehSettings:1      ; bokeh simulation when scattering]]
[2026.05.08-18.39.24:841][  0]LogConfig: Setting CVar [[r.DOF.Scatter.MaxSpriteRatio:0.1         ; only a maximum of 10% of scattered bokeh]]
[2026.05.08-18.39.24:841][  0]LogConfig: Setting CVar [[r.DOF.Recombine.Quality:1                ; cheap slight out of focus]]
[2026.05.08-18.39.24:841][  0]LogConfig: Setting CVar [[r.DOF.Recombine.EnableBokehSettings:0    ; no bokeh simulation on slight out of focus]]
[2026.05.08-18.39.24:841][  0]LogConfig: Setting CVar [[r.DOF.TemporalAAQuality:1                ; more stable temporal accumulation]]
[2026.05.08-18.39.24:841][  0]LogConfig: Setting CVar [[r.DOF.Kernel.MaxForegroundRadius:0.025]]
[2026.05.08-18.39.24:841][  0]LogConfig: Setting CVar [[r.DOF.Kernel.MaxBackgroundRadius:0.025]]
[2026.05.08-18.39.24:841][  0]LogConfig: Applying CVar settings from Section [TextureQuality@3] File [C:/Users/kapil/OneDrive/Documents/Unreal Projects/testTP/Saved/Config/Windows/Scalability.ini]
[2026.05.08-18.39.24:841][  0]LogConfig: Setting CVar [[r.Streaming.MipBias:0]]
[2026.05.08-18.39.24:841][  0]LogConfig: Setting CVar [[r.Streaming.AmortizeCPUToGPUCopy:0]]
[2026.05.08-18.39.24:841][  0]LogConfig: Setting CVar [[r.Streaming.MaxNumTexturesToStreamPerFrame:0]]
[2026.05.08-18.39.24:841][  0]LogConfig: Setting CVar [[r.Streaming.Boost:1]]
[2026.05.08-18.39.24:841][  0]LogConfig: Setting CVar [[r.MaxAnisotropy:8]]
[2026.05.08-18.39.24:841][  0]LogConfig: Setting CVar [[r.VT.MaxAnisotropy:8]]
[2026.05.08-18.39.24:841][  0]LogConfig: Setting CVar [[r.Streaming.LimitPoolSizeToVRAM:0]]
[2026.05.08-18.39.24:841][  0]LogConfig: Setting CVar [[r.Streaming.PoolSize:1000]]
[2026.05.08-18.39.24:841][  0]LogConfig: Setting CVar [[r.Streaming.MaxEffectiveScreenSize:0]]
[2026.05.08-18.39.24:841][  0]LogConfig: Applying CVar settings from Section [EffectsQuality@3] File [C:/Users/kapil/OneDrive/Documents/Unreal Projects/testTP/Saved/Config/Windows/Scalability.ini]
[2026.05.08-18.39.24:841][  0]LogConfig: Setting CVar [[r.TranslucencyLightingVolumeDim:64]]
[2026.05.08-18.39.24:841][  0]LogConfig: Setting CVar [[r.RefractionQuality:2]]
[2026.05.08-18.39.24:841][  0]LogConfig: Setting CVar [[r.SSR.Quality:3]]
[2026.05.08-18.39.24:841][  0]LogConfig: Setting CVar [[r.SSR.HalfResSceneColor:0]]
[2026.05.08-18.39.24:841][  0]LogConfig: Setting CVar [[r.SceneColorFormat:4]]
[2026.05.08-18.39.24:841][  0]LogConfig: Setting CVar [[r.DetailMode:2]]
[2026.05.08-18.39.24:841][  0]LogConfig: Setting CVar [[r.TranslucencyVolumeBlur:1]]
[2026.05.08-18.39.24:841][  0]LogConfig: Setting CVar [[r.MaterialQualityLevel:1 ; High quality]]
[2026.05.08-18.39.24:841][  0]LogConfig: Setting CVar [[r.AnisotropicMaterials:1]]
[2026.05.08-18.39.24:841][  0]LogConfig: Setting CVar [[r.SSS.Scale:1]]
[2026.05.08-18.39.24:841][  0]LogConfig: Setting CVar [[r.SSS.SampleSet:2]]
[2026.05.08-18.39.24:841][  0]LogConfig: Setting CVar [[r.SSS.Quality:1]]
[2026.05.08-18.39.24:841][  0]LogConfig: Setting CVar [[r.SSS.HalfRes:0]]
[2026.05.08-18.39.24:841][  0]LogConfig: Setting CVar [[r.SSGI.Quality:3]]
[2026.05.08-18.39.24:841][  0]LogConfig: Setting CVar [[r.EmitterSpawnRateScale:1.0]]
[2026.05.08-18.39.24:841][  0]LogConfig: Setting CVar [[r.ParticleLightQuality:2]]
[2026.05.08-18.39.24:841][  0]LogConfig: Setting CVar [[r.SkyAtmosphere.AerialPerspectiveLUT.FastApplyOnOpaque:1 ; Always have FastSkyLUT 1 in this case to avoid wrong sky]]
[2026.05.08-18.39.24:841][  0]LogConfig: Setting CVar [[r.SkyAtmosphere.AerialPerspectiveLUT.SampleCountMaxPerSlice:4]]
[2026.05.08-18.39.24:841][  0]LogConfig: Setting CVar [[r.SkyAtmosphere.AerialPerspectiveLUT.DepthResolution:16.0]]
[2026.05.08-18.39.24:841][  0]LogConfig: Setting CVar [[r.SkyAtmosphere.FastSkyLUT:1]]
[2026.05.08-18.39.24:841][  0]LogConfig: Setting CVar [[r.SkyAtmosphere.FastSkyLUT.SampleCountMin:4.0]]
[2026.05.08-18.39.24:841][  0]LogConfig: Setting CVar [[r.SkyAtmosphere.FastSkyLUT.SampleCountMax:128.0]]
[2026.05.08-18.39.24:841][  0]LogConfig: Setting CVar [[r.SkyAtmosphere.SampleCountMin:4.0]]
[2026.05.08-18.39.24:841][  0]LogConfig: Setting CVar [[r.SkyAtmosphere.SampleCountMax:128.0]]
[2026.05.08-18.39.24:841][  0]LogConfig: Setting CVar [[r.SkyAtmosphere.TransmittanceLUT.UseSmallFormat:0]]
[2026.05.08-18.39.24:841][  0]LogConfig: Setting CVar [[r.SkyAtmosphere.TransmittanceLUT.SampleCount:10.0]]
[2026.05.08-18.39.24:841][  0]LogConfig: Setting CVar [[r.SkyAtmosphere.MultiScatteringLUT.SampleCount:15.0]]
[2026.05.08-18.39.24:841][  0]LogConfig: Setting CVar [[r.SkyLight.RealTimeReflectionCapture:1]]
[2026.05.08-18.39.24:841][  0]LogConfig: Applying CVar settings from Section [FoliageQuality@3] File [C:/Users/kapil/OneDrive/Documents/Unreal Projects/testTP/Saved/Config/Windows/Scalability.ini]
[2026.05.08-18.39.24:841][  0]LogConfig: Setting CVar [[foliage.DensityScale:1.0]]
[2026.05.08-18.39.24:841][  0]LogConfig: Setting CVar [[grass.DensityScale:1.0]]
[2026.05.08-18.39.24:841][  0]LogConfig: Applying CVar settings from Section [ShadingQuality@3] File [C:/Users/kapil/OneDrive/Documents/Unreal Projects/testTP/Saved/Config/Windows/Scalability.ini]
[2026.05.08-18.39.24:841][  0]LogConfig: Setting CVar [[r.HairStrands.SkyLighting.IntegrationType:2]]
[2026.05.08-18.39.24:841][  0]LogConfig: Setting CVar [[r.HairStrands.SkyAO.SampleCount:4]]
[2026.05.08-18.39.24:841][  0]LogConfig: Setting CVar [[r.HairStrands.Visibility.MSAA.SamplePerPixel:4]]
[2026.05.08-18.39.24:841][  0]LogInit: Selected Device Profile: [Windows]
[2026.05.08-18.39.24:841][  0]LogInit: Applying CVar settings loaded from the selected device profile: [Windows]
[2026.05.08-18.39.24:842][  0]LogHAL: Display: Platform has ~ 16 GB [16849256448 / 17179869184 / 16], which maps to Larger [LargestMinGB=32, LargerMinGB=12, DefaultMinGB=8, SmallerMinGB=6, SmallestMinGB=0)
[2026.05.08-18.39.24:842][  0]LogInit: Going up to parent DeviceProfile []
[2026.05.08-18.39.24:842][  0]LogConfig: Applying CVar settings from Section [ViewDistanceQuality@3] File [C:/Users/kapil/OneDrive/Documents/Unreal Projects/testTP/Saved/Config/Windows/Scalability.ini]
[2026.05.08-18.39.24:842][  0]LogConfig: Setting CVar [[r.SkeletalMeshLODBias:0]]
[2026.05.08-18.39.24:842][  0]LogConfig: Setting CVar [[r.ViewDistanceScale:1.0]]
[2026.05.08-18.39.24:842][  0]LogConfig: Applying CVar settings from Section [AntiAliasingQuality@3] File [C:/Users/kapil/OneDrive/Documents/Unreal Projects/testTP/Saved/Config/Windows/Scalability.ini]
[2026.05.08-18.39.24:842][  0]LogConfig: Setting CVar [[r.PostProcessAAQuality:4]]
[2026.05.08-18.39.24:842][  0]LogConfig: Applying CVar settings from Section [ShadowQuality@3] File [C:/Users/kapil/OneDrive/Documents/Unreal Projects/testTP/Saved/Config/Windows/Scalability.ini]
[2026.05.08-18.39.24:842][  0]LogConfig: Setting CVar [[r.LightFunctionQuality:1]]
[2026.05.08-18.39.24:842][  0]LogConfig: Setting CVar [[r.ShadowQuality:5]]
[2026.05.08-18.39.24:842][  0]LogConfig: Setting CVar [[r.Shadow.CSM.MaxCascades:10]]
[2026.05.08-18.39.24:842][  0]LogConfig: Setting CVar [[r.Shadow.MaxResolution:2048]]
[2026.05.08-18.39.24:842][  0]LogConfig: Setting CVar [[r.Shadow.MaxCSMResolution:2048]]
[2026.05.08-18.39.24:842][  0]LogConfig: Setting CVar [[r.Shadow.RadiusThreshold:0.01]]
[2026.05.08-18.39.24:842][  0]LogConfig: Setting CVar [[r.Shadow.DistanceScale:1.0]]
[2026.05.08-18.39.24:842][  0]LogConfig: Setting CVar [[r.Shadow.CSM.TransitionScale:1.0]]
[2026.05.08-18.39.24:842][  0]LogConfig: Setting CVar [[r.Shadow.PreShadowResolutionFactor:1.0]]
[2026.05.08-18.39.24:842][  0]LogConfig: Setting CVar [[r.DistanceFieldShadowing:1]]
[2026.05.08-18.39.24:842][  0]LogConfig: Setting CVar [[r.DistanceFieldAO:1]]
[2026.05.08-18.39.24:842][  0]LogConfig: Setting CVar [[r.AOQuality:2]]
[2026.05.08-18.39.24:842][  0]LogConfig: Setting CVar [[r.VolumetricFog:1]]
[2026.05.08-18.39.24:842][  0]LogConfig: Setting CVar [[r.VolumetricFog.GridPixelSize:8]]
[2026.05.08-18.39.24:842][  0]LogConfig: Setting CVar [[r.VolumetricFog.GridSizeZ:128]]
[2026.05.08-18.39.24:842][  0]LogConfig: Setting CVar [[r.VolumetricFog.HistoryMissSupersampleCount:4]]
[2026.05.08-18.39.24:842][  0]LogConfig: Setting CVar [[r.LightMaxDrawDistanceScale:1]]
[2026.05.08-18.39.24:842][  0]LogConfig: Setting CVar [[r.CapsuleShadows:1]]
[2026.05.08-18.39.24:842][  0]LogConfig: Applying CVar settings from Section [PostProcessQuality@3] File [C:/Users/kapil/OneDrive/Documents/Unreal Projects/testTP/Saved/Config/Windows/Scalability.ini]
[2026.05.08-18.39.24:842][  0]LogConfig: Setting CVar [[r.MotionBlurQuality:4]]
[2026.05.08-18.39.24:842][  0]LogConfig: Setting CVar [[r.AmbientOcclusionMipLevelFactor:0.4]]
[2026.05.08-18.39.24:842][  0]LogConfig: Setting CVar [[r.AmbientOcclusionMaxQuality:100]]
[2026.05.08-18.39.24:842][  0]LogConfig: Setting CVar [[r.AmbientOcclusionLevels:-1]]
[2026.05.08-18.39.24:842][  0]LogConfig: Setting CVar [[r.AmbientOcclusionRadiusScale:1.0]]
[2026.05.08-18.39.24:842][  0]LogConfig: Setting CVar [[r.DepthOfFieldQuality:2]]
[2026.05.08-18.39.24:842][  0]LogConfig: Setting CVar [[r.RenderTargetPoolMin:400]]
[2026.05.08-18.39.24:842][  0]LogConfig: Setting CVar [[r.LensFlareQuality:2]]
[2026.05.08-18.39.24:842][  0]LogConfig: Setting CVar [[r.SceneColorFringeQuality:1]]
[2026.05.08-18.39.24:842][  0]LogConfig: Setting CVar [[r.EyeAdaptationQuality:2]]
[2026.05.08-18.39.24:842][  0]LogConfig: Setting CVar [[r.BloomQuality:5]]
[2026.05.08-18.39.24:842][  0]LogConfig: Setting CVar [[r.FastBlurThreshold:100]]
[2026.05.08-18.39.24:842][  0]LogConfig: Setting CVar [[r.Upscale.Quality:3]]
[2026.05.08-18.39.24:842][  0]LogConfig: Setting CVar [[r.Tonemapper.GrainQuantization:1]]
[2026.05.08-18.39.24:842][  0]LogConfig: Setting CVar [[r.LightShaftQuality:1]]
[2026.05.08-18.39.24:842][  0]LogConfig: Setting CVar [[r.Filter.SizeScale:1]]
[2026.05.08-18.39.24:842][  0]LogConfig: Setting CVar [[r.Tonemapper.Quality:5]]
[2026.05.08-18.39.24:842][  0]LogConfig: Setting CVar [[r.DOF.Gather.AccumulatorQuality:1        ; higher gathering accumulator quality]]
[2026.05.08-18.39.24:842][  0]LogConfig: Setting CVar [[r.DOF.Gather.PostfilterMethod:1          ; Median3x3 postfilering method]]
[2026.05.08-18.39.24:842][  0]LogConfig: Setting CVar [[r.DOF.Gather.EnableBokehSettings:0       ; no bokeh simulation when gathering]]
[2026.05.08-18.39.24:842][  0]LogConfig: Setting CVar [[r.DOF.Gather.RingCount:4                 ; medium number of samples when gathering]]
[2026.05.08-18.39.24:842][  0]LogConfig: Setting CVar [[r.DOF.Scatter.ForegroundCompositing:1    ; additive foreground scattering]]
[2026.05.08-18.39.24:842][  0]LogConfig: Setting CVar [[r.DOF.Scatter.BackgroundCompositing:2    ; additive background scattering]]
[2026.05.08-18.39.24:842][  0]LogConfig: Setting CVar [[r.DOF.Scatter.EnableBokehSettings:1      ; bokeh simulation when scattering]]
[2026.05.08-18.39.24:842][  0]LogConfig: Setting CVar [[r.DOF.Scatter.MaxSpriteRatio:0.1         ; only a maximum of 10% of scattered bokeh]]
[2026.05.08-18.39.24:842][  0]LogConfig: Setting CVar [[r.DOF.Recombine.Quality:1                ; cheap slight out of focus]]
[2026.05.08-18.39.24:842][  0]LogConfig: Setting CVar [[r.DOF.Recombine.EnableBokehSettings:0    ; no bokeh simulation on slight out of focus]]
[2026.05.08-18.39.24:842][  0]LogConfig: Setting CVar [[r.DOF.TemporalAAQuality:1                ; more stable temporal accumulation]]
[2026.05.08-18.39.24:842][  0]LogConfig: Setting CVar [[r.DOF.Kernel.MaxForegroundRadius:0.025]]
[2026.05.08-18.39.24:842][  0]LogConfig: Setting CVar [[r.DOF.Kernel.MaxBackgroundRadius:0.025]]
[2026.05.08-18.39.24:842][  0]LogConfig: Applying CVar settings from Section [TextureQuality@3] File [C:/Users/kapil/OneDrive/Documents/Unreal Projects/testTP/Saved/Config/Windows/Scalability.ini]
[2026.05.08-18.39.24:842][  0]LogConfig: Setting CVar [[r.Streaming.MipBias:0]]
[2026.05.08-18.39.24:842][  0]LogConfig: Setting CVar [[r.Streaming.AmortizeCPUToGPUCopy:0]]
[2026.05.08-18.39.24:842][  0]LogConfig: Setting CVar [[r.Streaming.MaxNumTexturesToStreamPerFrame:0]]
[2026.05.08-18.39.24:842][  0]LogConfig: Setting CVar [[r.Streaming.Boost:1]]
[2026.05.08-18.39.24:842][  0]LogConfig: Setting CVar [[r.MaxAnisotropy:8]]
[2026.05.08-18.39.24:842][  0]LogConfig: Setting CVar [[r.VT.MaxAnisotropy:8]]
[2026.05.08-18.39.24:842][  0]LogConfig: Setting CVar [[r.Streaming.LimitPoolSizeToVRAM:0]]
[2026.05.08-18.39.24:842][  0]LogConfig: Setting CVar [[r.Streaming.PoolSize:1000]]
[2026.05.08-18.39.24:842][  0]LogConfig: Setting CVar [[r.Streaming.MaxEffectiveScreenSize:0]]
[2026.05.08-18.39.24:842][  0]LogConfig: Applying CVar settings from Section [EffectsQuality@3] File [C:/Users/kapil/OneDrive/Documents/Unreal Projects/testTP/Saved/Config/Windows/Scalability.ini]
[2026.05.08-18.39.24:842][  0]LogConfig: Setting CVar [[r.TranslucencyLightingVolumeDim:64]]
[2026.05.08-18.39.24:842][  0]LogConfig: Setting CVar [[r.RefractionQuality:2]]
[2026.05.08-18.39.24:842][  0]LogConfig: Setting CVar [[r.SSR.Quality:3]]
[2026.05.08-18.39.24:842][  0]LogConfig: Setting CVar [[r.SSR.HalfResSceneColor:0]]
[2026.05.08-18.39.24:842][  0]LogConfig: Setting CVar [[r.SceneColorFormat:4]]
[2026.05.08-18.39.24:842][  0]LogConfig: Setting CVar [[r.DetailMode:2]]
[2026.05.08-18.39.24:842][  0]LogConfig: Setting CVar [[r.TranslucencyVolumeBlur:1]]
[2026.05.08-18.39.24:842][  0]LogConfig: Setting CVar [[r.MaterialQualityLevel:1 ; High quality]]
[2026.05.08-18.39.24:842][  0]LogConfig: Setting CVar [[r.AnisotropicMaterials:1]]
[2026.05.08-18.39.24:842][  0]LogConfig: Setting CVar [[r.SSS.Scale:1]]
[2026.05.08-18.39.24:842][  0]LogConfig: Setting CVar [[r.SSS.SampleSet:2]]
[2026.05.08-18.39.24:842][  0]LogConfig: Setting CVar [[r.SSS.Quality:1]]
[2026.05.08-18.39.24:842][  0]LogConfig: Setting CVar [[r.SSS.HalfRes:0]]
[2026.05.08-18.39.24:842][  0]LogConfig: Setting CVar [[r.SSGI.Quality:3]]
[2026.05.08-18.39.24:842][  0]LogConfig: Setting CVar [[r.EmitterSpawnRateScale:1.0]]
[2026.05.08-18.39.24:842][  0]LogConfig: Setting CVar [[r.ParticleLightQuality:2]]
[2026.05.08-18.39.24:842][  0]LogConfig: Setting CVar [[r.SkyAtmosphere.AerialPerspectiveLUT.FastApplyOnOpaque:1 ; Always have FastSkyLUT 1 in this case to avoid wrong sky]]
[2026.05.08-18.39.24:842][  0]LogConfig: Setting CVar [[r.SkyAtmosphere.AerialPerspectiveLUT.SampleCountMaxPerSlice:4]]
[2026.05.08-18.39.24:842][  0]LogConfig: Setting CVar [[r.SkyAtmosphere.AerialPerspectiveLUT.DepthResolution:16.0]]
[2026.05.08-18.39.24:842][  0]LogConfig: Setting CVar [[r.SkyAtmosphere.FastSkyLUT:1]]
[2026.05.08-18.39.24:842][  0]LogConfig: Setting CVar [[r.SkyAtmosphere.FastSkyLUT.SampleCountMin:4.0]]
[2026.05.08-18.39.24:842][  0]LogConfig: Setting CVar [[r.SkyAtmosphere.FastSkyLUT.SampleCountMax:128.0]]
[2026.05.08-18.39.24:842][  0]LogConfig: Setting CVar [[r.SkyAtmosphere.SampleCountMin:4.0]]
[2026.05.08-18.39.24:842][  0]LogConfig: Setting CVar [[r.SkyAtmosphere.SampleCountMax:128.0]]
[2026.05.08-18.39.24:842][  0]LogConfig: Setting CVar [[r.SkyAtmosphere.TransmittanceLUT.UseSmallFormat:0]]
[2026.05.08-18.39.24:842][  0]LogConfig: Setting CVar [[r.SkyAtmosphere.TransmittanceLUT.SampleCount:10.0]]
[2026.05.08-18.39.24:842][  0]LogConfig: Setting CVar [[r.SkyAtmosphere.MultiScatteringLUT.SampleCount:15.0]]
[2026.05.08-18.39.24:842][  0]LogConfig: Setting CVar [[r.SkyLight.RealTimeReflectionCapture:1]]
[2026.05.08-18.39.24:842][  0]LogConfig: Applying CVar settings from Section [FoliageQuality@3] File [C:/Users/kapil/OneDrive/Documents/Unreal Projects/testTP/Saved/Config/Windows/Scalability.ini]
[2026.05.08-18.39.24:842][  0]LogConfig: Setting CVar [[foliage.DensityScale:1.0]]
[2026.05.08-18.39.24:842][  0]LogConfig: Setting CVar [[grass.DensityScale:1.0]]
[2026.05.08-18.39.24:842][  0]LogConfig: Applying CVar settings from Section [ShadingQuality@3] File [C:/Users/kapil/OneDrive/Documents/Unreal Projects/testTP/Saved/Config/Windows/Scalability.ini]
[2026.05.08-18.39.24:842][  0]LogConfig: Setting CVar [[r.HairStrands.SkyLighting.IntegrationType:2]]
[2026.05.08-18.39.24:842][  0]LogConfig: Setting CVar [[r.HairStrands.SkyAO.SampleCount:4]]
[2026.05.08-18.39.24:842][  0]LogConfig: Setting CVar [[r.HairStrands.Visibility.MSAA.SamplePerPixel:4]]
[2026.05.08-18.39.24:842][  0]LogConfig: Applying CVar settings from Section [Startup] File [../../../Engine/Config/ConsoleVariables.ini]
[2026.05.08-18.39.24:849][  0]LogConfig: Setting CVar [[net.UseAdaptiveNetUpdateFrequency:0]]
[2026.05.08-18.39.24:849][  0]LogConfig: Setting CVar [[p.chaos.AllowCreatePhysxBodies:1]]
[2026.05.08-18.39.24:849][  0]LogConfig: Setting CVar [[fx.SkipVectorVMBackendOptimizations:1]]
[2026.05.08-18.39.24:849][  0]LogConfig: Applying CVar settings from Section [ConsoleVariables] File [C:/Users/kapil/OneDrive/Documents/Unreal Projects/testTP/Saved/Config/Windows/Engine.ini]
[2026.05.08-18.39.24:849][  0]LogConfig: Applying CVar settings from Section [ConsoleVariables] File [C:/Users/kapil/OneDrive/Documents/Unreal Projects/testTP/Saved/Config/Windows/Editor.ini]
[2026.05.08-18.39.24:850][  0]LogInit: Computer: IMMERSEDEMOM5
[2026.05.08-18.39.24:850][  0]LogInit: User: kapil
[2026.05.08-18.39.24:850][  0]LogInit: CPU Page size=4096, Cores=14
[2026.05.08-18.39.24:850][  0]LogInit: High frequency timer resolution =10.000000 MHz
[2026.05.08-18.39.24:850][  0]LogMemory: Memory total: Physical=15.7GB (16GB approx)
[2026.05.08-18.39.24:850][  0]LogMemory: Platform Memory Stats for Windows
[2026.05.08-18.39.24:850][  0]LogMemory: Process Physical Memory: 151.06 MB used, 151.06 MB peak
[2026.05.08-18.39.24:850][  0]LogMemory: Process Virtual Memory: 129.09 MB used, 129.09 MB peak
[2026.05.08-18.39.24:850][  0]LogMemory: Physical Memory: 12862.07 MB used,  3206.63 MB free, 16068.70 MB total
[2026.05.08-18.39.24:850][  0]LogMemory: Virtual Memory: 134214336.00 MB used,  3395.08 MB free, 134217728.00 MB total
[2026.05.08-18.39.24:855][  0]LogWindows: WindowsPlatformFeatures enabled
[2026.05.08-18.39.25:072][  0]LogInit: Physics initialised using underlying interface: PhysX
[2026.05.08-18.39.25:072][  0]LogInit: Using OS detected language (en-US).
[2026.05.08-18.39.25:072][  0]LogInit: Using OS detected locale (en-US).
[2026.05.08-18.39.25:076][  0]LogTextLocalizationManager: No specific localization for 'en-US' exists, so the 'en' localization will be used.
[2026.05.08-18.39.25:356][  0]LogWindowsTextInputMethodSystem: Display: IME system deactivated.
[2026.05.08-18.39.25:416][  0]LogSlate: New Slate User Created.  User Index 0, Is Virtual User: 0
[2026.05.08-18.39.25:417][  0]LogSlate: Slate User Registered.  User Index 0, Is Virtual User: 0
[2026.05.08-18.39.25:450][  0]LogD3D11RHI: Loaded GFSDK_Aftermath_Lib.x64.dll
[2026.05.08-18.39.25:493][  0]LogHMD: Failed to initialize OpenVR with code 110
[2026.05.08-18.39.25:493][  0]LogD3D11RHI: D3D11 min allowed feature level: 11_0
[2026.05.08-18.39.25:493][  0]LogD3D11RHI: D3D11 max allowed feature level: 11_0
[2026.05.08-18.39.25:493][  0]LogD3D11RHI: D3D11 adapters:
[2026.05.08-18.39.25:735][  0]LogD3D11RHI:    0. 'NVIDIA GeForce RTX 4060 Laptop GPU' (Feature Level 11_0)
[2026.05.08-18.39.25:735][  0]LogD3D11RHI:       7957/0/8034 MB DedicatedVideo/DedicatedSystem/SharedSystem, Outputs:1, VendorId:0x10de
[2026.05.08-18.39.25:765][  0]LogD3D11RHI:    1. 'Intel(R) UHD Graphics' (Feature Level 11_0)
[2026.05.08-18.39.25:765][  0]LogD3D11RHI:       128/0/8034 MB DedicatedVideo/DedicatedSystem/SharedSystem, Outputs:0, VendorId:0x8086
[2026.05.08-18.39.25:772][  0]LogD3D11RHI:    2. 'Microsoft Basic Render Driver' (Feature Level 11_0)
[2026.05.08-18.39.25:772][  0]LogD3D11RHI:       0/0/8034 MB DedicatedVideo/DedicatedSystem/SharedSystem, Outputs:0, VendorId:0x1414
[2026.05.08-18.39.25:772][  0]LogD3D11RHI: Chosen D3D11 Adapter:
[2026.05.08-18.39.25:772][  0]LogD3D11RHI:     Description : NVIDIA GeForce RTX 4060 Laptop GPU
[2026.05.08-18.39.25:772][  0]LogD3D11RHI:     VendorId    : 10de
[2026.05.08-18.39.25:772][  0]LogD3D11RHI:     DeviceId    : 28e0
[2026.05.08-18.39.25:772][  0]LogD3D11RHI:     SubSysId    : bf81028
[2026.05.08-18.39.25:772][  0]LogD3D11RHI:     Revision    : 00a1
[2026.05.08-18.39.25:772][  0]LogD3D11RHI:     DedicatedVideoMemory : 8343519232 bytes
[2026.05.08-18.39.25:772][  0]LogD3D11RHI:     DedicatedSystemMemory : 0 bytes
[2026.05.08-18.39.25:772][  0]LogD3D11RHI:     SharedSystemMemory : 8424628224 bytes
[2026.05.08-18.39.25:772][  0]LogD3D11RHI:     AdapterLuid : 0 75339
[2026.05.08-18.39.25:779][  0]LogD3D11RHI: Creating new Direct3DDevice
[2026.05.08-18.39.25:779][  0]LogD3D11RHI:     GPU DeviceId: 0x28e0 (for the marketing name, search the web for "GPU Device Id")
[2026.05.08-18.39.25:779][  0]LogWindows: EnumDisplayDevices:
[2026.05.08-18.39.25:779][  0]LogWindows:    0. 'Intel(R) UHD Graphics' (P:1 D:1)
[2026.05.08-18.39.25:779][  0]LogWindows:    1. 'Intel(R) UHD Graphics' (P:0 D:0)
[2026.05.08-18.39.25:780][  0]LogWindows:    2. 'Intel(R) UHD Graphics' (P:0 D:0)
[2026.05.08-18.39.25:780][  0]LogWindows:    3. 'Intel(R) UHD Graphics' (P:0 D:0)
[2026.05.08-18.39.25:780][  0]LogWindows:    4. 'NVIDIA GeForce RTX 4060 Laptop GPU' (P:0 D:0)
[2026.05.08-18.39.25:780][  0]LogWindows: DebugString: PrimaryIsNotTheChoosenAdapter PrimaryIsNotTheChoosenAdapter PrimaryIsNotTheChoosenAdapter PrimaryIsNotTheChoosenAdapter 
[2026.05.08-18.39.25:780][  0]LogD3D11RHI:     Adapter Name: NVIDIA GeForce RTX 4060 Laptop GPU
[2026.05.08-18.39.25:780][  0]LogD3D11RHI:   Driver Version: 581.95 (internal:32.0.15.8195, unified:581.95)
[2026.05.08-18.39.25:780][  0]LogD3D11RHI:      Driver Date: 11-18-2025
[2026.05.08-18.39.25:780][  0]LogRHI: Texture pool is 5569 MB (70% of 7957 MB)
[2026.05.08-18.39.25:780][  0]LogD3D11RHI: Creating D3DDevice using adapter:
[2026.05.08-18.39.25:780][  0]LogD3D11RHI:     Description : NVIDIA GeForce RTX 4060 Laptop GPU
[2026.05.08-18.39.25:780][  0]LogD3D11RHI:     VendorId    : 10de
[2026.05.08-18.39.25:780][  0]LogD3D11RHI:     DeviceId    : 28e0
[2026.05.08-18.39.25:780][  0]LogD3D11RHI:     SubSysId    : bf81028
[2026.05.08-18.39.25:780][  0]LogD3D11RHI:     Revision    : 00a1
[2026.05.08-18.39.25:780][  0]LogD3D11RHI:     DedicatedVideoMemory : 8343519232 bytes
[2026.05.08-18.39.25:780][  0]LogD3D11RHI:     DedicatedSystemMemory : 0 bytes
[2026.05.08-18.39.25:780][  0]LogD3D11RHI:     SharedSystemMemory : 8424628224 bytes
[2026.05.08-18.39.25:780][  0]LogD3D11RHI:     AdapterLuid : 0 75339
[2026.05.08-18.39.25:888][  0]LogD3D11RHI: RHI has support for 64 bit atomics
[2026.05.08-18.39.25:889][  0]LogD3D11RHI: Async texture creation enabled
[2026.05.08-18.39.25:889][  0]LogD3D11RHI: Array index from any shader is supported
[2026.05.08-18.39.25:910][  0]LogD3D11RHI: GPU Timing Frequency: 1000.000000 (Debug: 2 1)
[2026.05.08-18.39.25:937][  0]LogRHI: GeForceNow SDK initialized: 1
[2026.05.08-18.39.26:165][  0]LogTargetPlatformManager: Display: Loaded TargetPlatform 'WindowsNoEditor'
[2026.05.08-18.39.26:169][  0]LogTargetPlatformManager: Display: Loaded TargetPlatform 'Windows'
[2026.05.08-18.39.26:173][  0]LogTargetPlatformManager: Display: Loaded TargetPlatform 'WindowsClient'
[2026.05.08-18.39.26:177][  0]LogTargetPlatformManager: Display: Loaded TargetPlatform 'WindowsServer'
[2026.05.08-18.39.26:177][  0]LogTargetPlatformManager: Display: Building Assets For Windows
[2026.05.08-18.39.26:226][  0]LogAudioDebug: Display: Lib vorbis DLL was dynamically loaded.
[2026.05.08-18.39.26:297][  0]LogTextureFormatOodle: Display: Oodle Texture 2.9.0 init RDO Off
[2026.05.08-18.39.26:389][  0]LogRendererCore: Ray tracing is disabled. Reason: r.RayTracing=0.
[2026.05.08-18.39.26:390][  0]LogShaderCompilers: Guid format shader working directory is -26 characters bigger than the processId version (../../../../../../Users/kapil/OneDrive/Documents/Unreal Projects/testTP/Intermediate/Shaders/WorkingDirectory/17744/).
[2026.05.08-18.39.26:390][  0]LogShaderCompilers: Cleaned the shader compiler working directory 'C:/Users/kapil/AppData/Local/Temp/UnrealShaderWorkingDir/C8A1346D495E542C48361893CE1E3C9C/'.
[2026.05.08-18.39.26:390][  0]LogXGEController: Cannot use XGE Controller as Incredibuild is not installed on this machine.
[2026.05.08-18.39.26:390][  0]LogShaderCompilers: Cannot use XGE Shader Compiler as Incredibuild is not installed on this machine.
[2026.05.08-18.39.26:390][  0]LogShaderCompilers: Display: Using Local Shader Compiler.
[2026.05.08-18.39.30:546][  0]LogDerivedDataCache: Display: Max Cache Size: 512 MB
[2026.05.08-18.39.30:613][  0]LogDerivedDataCache: Loaded boot cache 0.07s 78MB C:/Users/kapil/AppData/Local/UnrealEngine/4.27/DerivedDataCache/Boot.ddc.
[2026.05.08-18.39.30:613][  0]LogDerivedDataCache: Display: Loaded Boot cache: C:/Users/kapil/AppData/Local/UnrealEngine/4.27/DerivedDataCache/Boot.ddc
[2026.05.08-18.39.30:613][  0]LogDerivedDataCache: FDerivedDataBackendGraph:  Pak pak cache file ../../../../../../Users/kapil/OneDrive/Documents/Unreal Projects/testTP/DerivedDataCache/DDC.ddp not found, will not use a pak cache.
[2026.05.08-18.39.30:613][  0]LogDerivedDataCache: Unable to find inner node Pak for hierarchical cache Hierarchy.
[2026.05.08-18.39.30:613][  0]LogDerivedDataCache: FDerivedDataBackendGraph:  CompressedPak pak cache file ../../../../../../Users/kapil/OneDrive/Documents/Unreal Projects/testTP/DerivedDataCache/Compressed.ddp not found, will not use a pak cache.
[2026.05.08-18.39.30:613][  0]LogDerivedDataCache: Unable to find inner node CompressedPak for hierarchical cache Hierarchy.
[2026.05.08-18.39.30:640][  0]LogDerivedDataCache: Display: Pak cache opened for reading ../../../Engine/DerivedDataCache/Compressed.ddp.
[2026.05.08-18.39.30:640][  0]LogDerivedDataCache: FDerivedDataBackendGraph:  EnterprisePak pak cache file ../../../Enterprise/DerivedDataCache/Compressed.ddp not found, will not use a pak cache.
[2026.05.08-18.39.30:640][  0]LogDerivedDataCache: Unable to find inner node EnterprisePak for hierarchical cache Hierarchy.
[2026.05.08-18.39.30:710][  0]LogDerivedDataCache: Speed tests for C:/Users/kapil/AppData/Local/UnrealEngine/Common/DerivedDataCache took 0.07 seconds
[2026.05.08-18.39.30:710][  0]LogDerivedDataCache: Display: Performance to C:/Users/kapil/AppData/Local/UnrealEngine/Common/DerivedDataCache: Latency=0.04ms. RandomReadSpeed=14.75MBs, RandomWriteSpeed=154.48MBs. Assigned SpeedClass 'Local'
[2026.05.08-18.39.30:712][  0]LogDerivedDataCache: Using Local data cache path C:/Users/kapil/AppData/Local/UnrealEngine/Common/DerivedDataCache: Writable
[2026.05.08-18.39.30:712][  0]LogDerivedDataCache: Shared data cache path not found in *engine.ini, will not use an Shared cache.
[2026.05.08-18.39.30:712][  0]LogDerivedDataCache: Unable to find inner node Shared for hierarchical cache Hierarchy.
[2026.05.08-18.39.30:743][  0]LogSlate: Using FreeType 2.10.0
[2026.05.08-18.39.30:762][  0]LogSlate: SlateFontServices - WITH_FREETYPE: 1, WITH_HARFBUZZ: 1
[2026.05.08-18.39.30:833][  0]LogInit: Using OS detected language (en-US).
[2026.05.08-18.39.30:833][  0]LogInit: Using OS detected locale (en-US).
[2026.05.08-18.39.30:834][  0]LogTextLocalizationManager: No localization for 'en-US' exists, so 'en' will be used for the language.
[2026.05.08-18.39.30:834][  0]LogTextLocalizationManager: No localization for 'en-US' exists, so 'en' will be used for the locale.
[2026.05.08-18.39.30:834][  0]LogSlate: FontCache flush requested. Reason: Culture for localization was changed
[2026.05.08-18.39.30:834][  0]LogSlate: FontCache flush requested. Reason: Culture for localization was changed
[2026.05.08-18.39.30:839][  0]LogTextLocalizationManager: Compacting localization data took   0.11ms
[2026.05.08-18.39.30:839][  0]LogAssetRegistry: FAssetRegistry took 0.0031 seconds to start up
[2026.05.08-18.39.31:157][  0]LogPackageLocalizationCache: Processed 28 localized package path(s) for 1 prioritized culture(s) in 0.081759 seconds
[2026.05.08-18.39.31:222][  0]LogInit: Selected Device Profile: [Windows]
[2026.05.08-18.39.31:222][  0]LogInit: Active device profile: [0000015D96AF7300][0000015D826AFA40 49] Windows
[2026.05.08-18.39.31:222][  0]LogInit: Profiles: [0000015D96AF7300][0000015D826AFA40 49] Windows, [0000015D96AACF00][0000015D91617BC0 49] WindowsNoEditor, [0000015D96AF4F00][0000015D9161A1C0 49] WindowsServer, [0000015D96AAEA00][0000015D9161E340 49] WindowsClient, [0000015D96AF6900][0000015D916224C0 49] IOS, [0000015D96AAD900][0000015D91626640 49] iPadAir, [0000015D96AF5800][0000015D9162A7C0 49] iPadAir2, [0000015D96A4F800][0000015D91632A80 49] IPadPro, [0000015D96A4F900][0000015D9162EAC0 49] iPadAir3, [0000015D96AF6200][0000015D91636C40 49] iPadAir4, [0000015D96A4D400][0000015D9163ADC0 49] iPadMini2, [0000015D96AF7C00][0000015D9163EF40 49] iPadMini3, [0000015D96A4E400][0000015D916430C0 49] iPadMini4, [0000015D96AF5100][0000015D91647240 49] iPadMini5, [0000015D96AA3100][0000015D916134C0 49] iPhone6, [0000015D96AA3200][0000015D92081500 49] iPodTouch6, [0000015D96A4C600][0000015D92089740 49] iPhone7, [0000015D96A4C400][0000015D92085780 49] iPodTouch7, [0000015D96AA1300][0000015D9208D8C0 49] iPhone5S, [0000015D96A4CD00][0000015D92095A40 49] iPhone6Plus, [0000015D96AA2500][0000015D92099BC0 49] iPhone6S, [0000015D96A4FD00][0000015D9209C1C0 49] iPhone6SPlus, [0000015D96AA3A00][0000015D920A0340 49] iPhone7Plus, [0000015D96A4D900][0000015D920A44C0 49] iPhoneSE, [0000015D96AA0900][0000015D920A8640 49] iPhone8, [0000015D96A4E600][0000015D920AC7C0 49] iPhone8Plus, [0000015D96AA2300][0000015D920B0940 49] iPhoneX, [0000015D96A4ED00][0000015D920B4AC0 49] iPhoneXS, [0000015D96AA3B00][0000015D920B8C40 49] iPhoneXSMax, [0000015D96A4EA00][0000015D920BCDC0 49] iPhoneXR, [0000015D96AA3700][0000015D920C0F40 49] iPhone11, [0000015D96A4F000][0000015D920C50C0 49] iPhone11Pro, [0000015D96AA1500][0000015D920C9240 49] iPhone11ProMax, [0000015D96A4C200][0000015D923C93C0 49] iPhoneSE2, [0000015D96AA0E00][0000015D923CD540 49] iPhone12Mini, [0000015D96A4E100][0000015D923D16C0 49] iPhone12, [0000015D96AA3600][0000015D92091800 49] iPhone12Pro, [0000015D96A4EE00][0000015D923D5940 49] iPhone12ProMax, [0000015D96AA0A00][0000015D923D9A80 49] iPadPro105, [0000015D96A4D300][0000015D923E1C00 49] iPadPro129, [0000015D96AA1100][0000015D923E4200 49] iPadPro97, [0000015D96A4F500][0000015D923E8380 49] iPadPro2_129, [0000015D96AA2C00][0000015D923EC500 49] iPad5, [0000015D96A4C900][0000015D923F0680 49] iPad6, [0000015D96AA1800][0000015D923F4800 49] iPad7, [0000015D96A4DC00][0000015D923F8980 49] iPad8, [0000015D96AA1C00][0000015D923FCB00 49] iPadPro11, [0000015D96A4CB00][0000015D92400C80 49] iPadPro2_11, [0000015D96AA2100][0000015D92404E00 49] iPadPro3_129, [0000015D96A4E000][0000015D92408F80 49] iPadPro4_129, [0000015D96AA2800][0000015D9240D100 49] AppleTV, [0000015D96A4CC00][0000015D92411280 49] AppleTV4K, [0000015D96AA2F00][0000015D92415400 49] TVOS, [0000015D96A4CE00][0000015D92419580 49] Mac, [0000015D96AA3C00][0000015D9241D700 49] MacClient, [0000015D96A4F100][0000015D92421880 49] MacNoEditor, [0000015D96AA3D00][0000015D923DD9C0 49] MacServer, [0000015D96A4C300][0000015D92425B00 49] Linux, [0000015D96AA1600][0000015D924280C0 49] LinuxAArch64, [0000015D96A4D100][0000015D92430240 49] LinuxNoEditor, [0000015D96AAE500][0000015D924343C0 49] LinuxAArch64NoEditor, [0000015D96B3A000][0000015D92438540 49] LinuxClient, [0000015D96AADA00][0000015D9243C6C0 49] LinuxAArch64Client, [0000015D96B39B00][0000015D92440840 49] LinuxServer, [0000015D96AAED00][0000015D924449C0 49] LinuxAArch64Server, [0000015D96B38300][0000015D92448B40 49] Android, [0000015D96AAE300][0000015D9244CCC0 49] Android_Low, [0000015D96B39C00][0000015D92450E40 49] Android_Mid, [0000015D96AAD700][0000015D92454FC0 49] Android_High, [0000015D96B38800][0000015D92459140 49] Android_Default, [0000015D96AAF200][0000015D9245D2C0 49] Android_Adreno4xx, [0000015D96B39700][0000015D92461440 49] Android_Adreno5xx_Low, [0000015D96AAE800][0000015D924655C0 49] Android_Adreno5xx, [0000015D96B3A100][0000015D92469740 49] Android_Adreno6xx, [0000015D96AACD00][0000015D9246D8C0 49] Android_Adreno6xx_Vulkan, [0000015D96B3A600][0000015D92471A40 49] Android_Mali_T6xx, [0000015D96AAEC00][0000015D9242DB80 49] Android_Mali_T7xx, [0000015D96B39D00][0000015D92474140 49] Android_Mali_T8xx, [0000015D96AAC500][0000015D92478280 49] Android_Mali_G71, [0000015D96B38100][0000015D9247C3C0 49] Android_Mali_G72, [0000015D96A4D600][0000015D97262540 49] Android_Mali_G72_Vulkan, [0000015D96AA0F00][0000015D972666C0 49] Android_Mali_G76, [0000015D96A4D000][0000015D9726A840 49] Android_Mali_G76_Vulkan, [0000015D96AA1B00][0000015D9726E9C0 49] Android_Mali_G77, [0000015D96A4FE00][0000015D97272B40 49] Android_Mali_G77_Vulkan, [0000015D96AA0700][0000015D97276CC0 49] Android_Mali_G78, [0000015D96A4C700][0000015D9727AE40 49] Android_Mali_G78_Vulkan, [0000015D96B38F00][0000015D9727EFC0 49] Android_Mali_G710, [0000015D96A4E200][0000015D97283140 49] Android_Mali_G710_Vulkan, [0000015D96B38D00][0000015D972872C0 49] Android_Vulkan_SM5, [0000015D96A4F600][0000015D9728B440 49] Android_PowerVR_G6xxx, [0000015D96B3A500][0000015D9728F5C0 49] Android_PowerVR_GT7xxx, [0000015D96A4F400][0000015D97293740 49] Android_PowerVR_GE8xxx, [0000015D96B39300][0000015D972978C0 49] Android_PowerVR_GM9xxx, [0000015D96A4E700][0000015D9729BA40 49] Android_PowerVR_GM9xxx_Vulkan, [0000015D96B39500][0000015D9729FBC0 49] Android_TegraK1, [0000015D96A4D700][0000015D9725E180 49] Android_Unknown_Vulkan, [0000015D96B38600][0000015D972A22C0 49] Lumin, [0000015D96A4D800][0000015D972A6400 49] Lumin_Desktop, [0000015D96B38B00][0000015D972AA540 49] HoloLens, 
[2026.05.08-18.39.31:354][  0]LogMeshReduction: Using QuadricMeshReduction for automatic static mesh reduction
[2026.05.08-18.39.31:354][  0]LogMeshReduction: Using SimplygonMeshReduction for automatic skeletal mesh reduction
[2026.05.08-18.39.31:354][  0]LogMeshReduction: Using ProxyLODMeshReduction for automatic mesh merging
[2026.05.08-18.39.31:354][  0]LogMeshReduction: No distributed automatic mesh merging module available
[2026.05.08-18.39.31:354][  0]LogMeshMerging: No distributed automatic mesh merging module available
[2026.05.08-18.39.31:472][  0]LogNetVersion: testTP 1.0.0, NetCL: 17155196, EngineNetVer: 17, GameNetVer: 0 (Checksum: 3966549976)
[2026.05.08-18.39.32:295][  0]LogTexture: Default maximum texture size for cubemaps generated from long-lat sources has been changed from 512 to unlimited. In order to preserve old behaiour for '/Engine/MapTemplates/Sky/DaylightAmbientCubemap.DaylightAmbientCubemap', its maximum texture size has been explicitly set to 512.
[2026.05.08-18.39.32:412][  0]LogHMD: PokeAHoleMaterial loaded successfully
[2026.05.08-18.39.32:627][  0]LogMoviePlayer: Initializing movie player
[2026.05.08-18.39.32:745][  0]LogNiagaraDebuggerClient: Niagara Debugger Client Initialized | Session: 864076AD4B01E4EAC04ADABECEAD09D7 | Instance: 73D419044FD5E10F3E606697741DE65C (IMMERSEDEMOM5-17744).
[2026.05.08-18.39.32:785][  0]LogCollectionManager: Loaded 0 collections in 0.001184 seconds
[2026.05.08-18.39.32:790][  0]LogFileCache: Scanning file cache for directory 'C:/Users/kapil/OneDrive/Documents/Unreal Projects/testTP/Saved/Collections/' took 0.00s
[2026.05.08-18.39.32:790][  0]LogFileCache: Scanning file cache for directory 'C:/Users/kapil/OneDrive/Documents/Unreal Projects/testTP/Content/Developers/kapil/Collections/' took 0.00s
[2026.05.08-18.39.32:790][  0]LogFileCache: Scanning file cache for directory 'C:/Users/kapil/OneDrive/Documents/Unreal Projects/testTP/Content/Collections/' took 0.00s
[2026.05.08-18.39.32:790][  0]LogCollectionManager: Fixed up redirectors for 0 collections in 0.000004 seconds (updated 0 objects)
[2026.05.08-18.39.32:988][  0]LogPython: Using Python 3.7.7
[2026.05.08-18.39.33:587][  0]LogAkAudio: Wwise(R) SDK Version 2019.2.15 Build 7667. Copyright (c) 2006-2019 Audiokinetic Inc.
[2026.05.08-18.39.33:590][  0]LogAkAudio: Wwise plug-in DLL path: C:/Users/kapil/OneDrive/Documents/Unreal Projects/testTP/Plugins/Wwise/ThirdParty/x64_vc150/Profile/bin/
[2026.05.08-18.39.33:594][  0]LogAkAudio: Wwise remote connection application name: testTP
[2026.05.08-18.39.33:594][  0]LogAkAudio: Wwise successfully initialized.
[2026.05.08-18.39.34:362][  0]LogAkAudio: Initialization complete.
[2026.05.08-18.39.34:363][  0]LogInit: Audiokinetic Audio Device initialized.
[2026.05.08-18.39.35:078][  0]SourceControl: Source control is disabled
[2026.05.08-18.39.35:079][  0]SourceControl: Source control is disabled
[2026.05.08-18.39.35:085][  0]LogUProjectInfo: Found projects:
[2026.05.08-18.39.35:102][  0]SourceControl: Source control is disabled
[2026.05.08-18.39.35:219][  0]LogOpenImageDenoise: OIDN starting up
[2026.05.08-18.39.35:230][  0]LogAndroidPermission: UAndroidPermissionCallbackProxy::GetInstance
[2026.05.08-18.39.35:255][  0]LogAudioCaptureCore: Display: No Audio Capture implementations found. Audio input will be silent.
[2026.05.08-18.39.35:255][  0]LogAudioCaptureCore: Display: No Audio Capture implementations found. Audio input will be silent.
[2026.05.08-18.39.35:326][  0]LogOcInput: OculusInput pre-init called
[2026.05.08-18.39.35:335][  0]LogUObjectArray: 22811 objects as part of root set at end of initial load.
[2026.05.08-18.39.35:335][  0]LogUObjectAllocator: 6215680 out of 0 bytes used by permanent object pool.
[2026.05.08-18.39.35:335][  0]LogUObjectArray: CloseDisregardForGC: 0/0 objects in disregard for GC pool
[2026.05.08-18.39.35:448][  0]LogClass: Display: EnumProperty FAkExternalSourceInfo::CodecID is not initialized properly. Module:AkAudio File:Classes/AkGameplayTypes.h
[2026.05.08-18.39.35:448][  0]LogClass: Warning: ObjectProperty FAkExternalSourceInfo::ExternalSourceAsset is not initialized properly. Module:AkAudio File:Classes/AkGameplayTypes.h
[2026.05.08-18.39.35:449][  0]LogClass: Display: IntProperty FAkChannelMask::ChannelMask is not initialized properly. Module:AkAudio File:Classes/AkGameplayTypes.h
[2026.05.08-18.39.35:451][  0]LogClass: Display: 3 Uninitialized script struct members found including 1 object properties
[2026.05.08-18.39.35:453][  0]LogAutomationTest: Warning: ObjectProperty FAkExternalSourceInfo::ExternalSourceAsset is not initialized properly. Module:AkAudio File:Classes/AkGameplayTypes.h
[2026.05.08-18.39.35:454][  0]LogEngine: Initializing Engine...
[2026.05.08-18.39.35:506][  0]LogHMD: Failed to enumerate extensions. Please check that you have a valid OpenXR runtime installed.
[2026.05.08-18.39.35:506][  0]LogHMD: Failed to initialize OpenVR with code 110
[2026.05.08-18.39.35:507][  0]LogMagicLeap: Warning: VR disabled because ZI is not enabled.  To enable, in the editor, Edit -> Project Settings -> Plugins -> Magic Leap Plugin -> Enable Zero Iteration
[2026.05.08-18.39.35:510][  0]LogStats: UGameplayTagsManager::InitializeManager -  0.001 s
[2026.05.08-18.39.35:726][  0]LogInit: Initializing FReadOnlyCVARCache
[2026.05.08-18.39.35:726][  0]LogAudio: Display: Initializing Audio Device Manager...
[2026.05.08-18.39.35:730][  0]LogAudio: Display: Loading Default Audio Settings Objects...
[2026.05.08-18.39.35:736][  0]LogAudio: Display: No default SoundConcurrencyObject specified (or failed to load).
[2026.05.08-18.39.35:737][  0]LogAudio: Display: Audio Device Manager Initialized
[2026.05.08-18.39.35:737][  0]LogAudio: Display: Creating Audio Device:                 Id: 1, Scope: Shared, Realtime: True
[2026.05.08-18.39.35:738][  0]LogAudioMixer: Display: Audio Mixer Platform Settings:
[2026.05.08-18.39.35:738][  0]LogAudioMixer: Display: 	Sample Rate:						  48000
[2026.05.08-18.39.35:738][  0]LogAudioMixer: Display: 	Callback Buffer Frame Size Requested: 1024
[2026.05.08-18.39.35:738][  0]LogAudioMixer: Display: 	Callback Buffer Frame Size To Use:	  1024
[2026.05.08-18.39.35:738][  0]LogAudioMixer: Display: 	Number of buffers to queue:			  2
[2026.05.08-18.39.35:738][  0]LogAudioMixer: Display: 	Max Channels (voices):				  32
[2026.05.08-18.39.35:738][  0]LogAudioMixer: Display: 	Number of Async Source Workers:		  0
[2026.05.08-18.39.35:738][  0]LogAudio: Display: AudioDevice MaxSources: 32
[2026.05.08-18.39.35:740][  0]LogAudio: Display: Audio Spatialization Plugin: None (built-in).
[2026.05.08-18.39.35:740][  0]LogAudio: Display: Audio Reverb Plugin: None (built-in).
[2026.05.08-18.39.35:740][  0]LogAudio: Display: Audio Occlusion Plugin: None (built-in).
[2026.05.08-18.39.35:740][  0]LogAudioMixer: Display: Initializing audio mixer.
[2026.05.08-18.39.35:776][  0]LogAudioMixer: Display: 0: FrontLeft
[2026.05.08-18.39.35:776][  0]LogAudioMixer: Display: 1: FrontRight
[2026.05.08-18.39.35:795][  0]LogAudioMixer: Display: Using Audio Device Speakers (2- Realtek(R) Audio)
[2026.05.08-18.39.35:797][  0]LogAudioMixer: Display: Initializing Sound Submixes...
[2026.05.08-18.39.35:820][  0]LogAudioMixer: Display: Creating Master Submix 'MasterSubmixDefault'
[2026.05.08-18.39.35:820][  0]LogAudioMixer: Display: Creating Master Submix 'MasterReverbSubmixDefault'
[2026.05.08-18.39.35:823][  0]LogAudioMixer: Display: Creating Master Submix 'MasterEQSubmixDefault'
[2026.05.08-18.39.35:823][  0]LogAudioMixer: FMixerPlatformXAudio2::StartAudioStream() called
[2026.05.08-18.39.35:823][  0]LogAudioMixer: Display: Output buffers initialized: Frames=1024, Channels=2, Samples=2048
[2026.05.08-18.39.35:824][  0]LogAudioMixer: Display: Starting AudioMixerPlatformInterface::RunInternal()
[2026.05.08-18.39.35:824][  0]LogAudioMixer: Display: FMixerPlatformXAudio2::SubmitBuffer() called for the first time
[2026.05.08-18.39.35:824][  0]LogInit: FAudioDevice initialized.
[2026.05.08-18.39.35:826][  0]LogNetVersion: Set ProjectVersion to 1.0.0.0. Version Checksum will be recalculated on next use.
[2026.05.08-18.39.35:862][  0]LogDerivedDataCache: Saved boot cache 0.04s 78MB C:/Users/kapil/AppData/Local/UnrealEngine/4.27/DerivedDataCache/Boot.ddc.
[2026.05.08-18.39.35:864][  0]LogInit: Texture streaming: Enabled
[2026.05.08-18.39.36:077][  0]LogAudio: Display: Audio Device (ID: 1) registered with world 'Untitled'.
[2026.05.08-18.39.36:080][  0]LogSlate: Updating window title bar state: overlay mode, drag disabled, window buttons hidden, title bar hidden
[2026.05.08-18.39.36:083][  0]LogInit: Display: Game Engine Initialized.
[2026.05.08-18.39.36:084][  0]LogNiagaraEditor: GEditor isn't valid! Particle reset commands will not work for Niagara components!
[2026.05.08-18.39.36:219][  0]LogInit: Display: Starting Game.
[2026.05.08-18.39.36:219][  0]LogNet: Browse: /Game/ThirdPersonBP/Maps/ThirdPersonExampleMap?Name=Player
[2026.05.08-18.39.36:220][  0]LogLoad: LoadMap: /Game/ThirdPersonBP/Maps/ThirdPersonExampleMap?Name=Player
[2026.05.08-18.39.36:220][  0]LogWorld: BeginTearingDown for /Temp/Untitled_0
[2026.05.08-18.39.36:223][  0]LogWorld: UWorld::CleanupWorld for Untitled, bSessionEnded=true, bCleanupResources=true
[2026.05.08-18.39.36:226][  0]LogSlate: InvalidateAllWidgets triggered.  All widgets were invalidated
[2026.05.08-18.39.36:236][  0]LogAudio: Display: Audio Device unregistered from world 'None'.
[2026.05.08-18.39.36:243][  0]LogUObjectHash: Compacting FUObjectHashTables data took   0.56ms
[2026.05.08-18.39.36:729][  0]LogAudio: Display: Audio Device (ID: 1) registered with world 'ThirdPersonExampleMap'.
[2026.05.08-18.39.36:743][  0]LogAIModule: Creating AISystem for world ThirdPersonExampleMap
[2026.05.08-18.39.36:750][  0]LogLoad: Game class is 'ThirdPersonGameMode_C'
[2026.05.08-18.39.36:769][  0]LogWorld: Bringing World /Game/ThirdPersonBP/Maps/ThirdPersonExampleMap.ThirdPersonExampleMap up for play (max tick rate 0) at 2026.05.08-11.39.36
[2026.05.08-18.39.36:770][  0]LogWorld: Bringing up level for play took: 0.019087
[2026.05.08-18.39.36:780][  0]LogTemp: Display: [ImmerseStress] Ready. Defaults: event=SwordHits bus=7p1p4 shareset=Immerse_Audio_Renderer_(Custom)
[2026.05.08-18.39.36:780][  0]LogTemp: Display: [ImmerseStress] IMMERSE_USER_ID env=kevin_tencenttest1_emb | IMMERSE_USERID=kevin_tencenttest1_emb | IMMERSE_USER=kevin_tencenttest1_emb
[2026.05.08-18.39.36:780][  0]LogTemp: Display: [testTP] Auto-spawned ImmerseStressTestActor into ThirdPersonExampleMap (type=1)
[2026.05.08-18.39.36:780][  0]LogLoad: Took 0.560087 seconds to LoadMap(/Game/ThirdPersonBP/Maps/ThirdPersonExampleMap)
[2026.05.08-18.39.36:817][  0]LogRenderer: Reallocating scene render targets to support 1536x864 Format 10 NumSamples 1 (Frame:1).
[2026.05.08-18.39.36:817][  0]LogSlate: Took 0.005238 seconds to synchronously load lazily loaded font '../../../Engine/Content/Slate/Fonts/Roboto-Regular.ttf' (155K)
[2026.05.08-18.39.36:849][  0]LogInit: Display: Engine is initialized. Leaving FEngineLoop::Init()
[2026.05.08-18.39.36:849][  0]LogLoad: (Engine Initialization) Total time: 13.68 seconds
[2026.05.08-18.39.36:849][  0]LogLoad: (Engine Initialization) Total Blueprint compile time: 0.00 seconds
[2026.05.08-18.39.36:866][  0]LogContentStreaming: Texture pool size now 1000 MB
[2026.05.08-18.39.36:873][  0]LogSlate: InvalidateAllWidgets triggered.  All widgets were invalidated
[2026.05.08-18.39.36:986][  0]LogRenderer: Reallocating scene render targets to support 128x128 Format 10 NumSamples 1 (Frame:1).
[2026.05.08-18.39.37:008][  0]LogRenderer: Reallocating scene render targets to support 1536x864 Format 10 NumSamples 1 (Frame:2).
[2026.05.08-18.39.37:022][  1]LogSlate: Took 0.000162 seconds to synchronously load lazily loaded font '../../../Engine/Content/Slate/Fonts/Roboto-Regular.ttf' (155K)
[2026.05.08-18.39.39:366][141]LogTemp: Display: [ImmerseStress] PLAN START  steps=8 (concurrency=4 Ã— immerse{off,on}) rate=60.0Hz life=250ms warmup=2.0s phase=15.0s cooldown=2.0s CSV=../../../../../../Users/kapil/OneDrive/Documents/Unreal Projects/testTP/Saved/ImmerseStress/run_20260508_113939.csv
[2026.05.08-18.39.39:366][141]LogTemp: Display: [ImmerseStress] BypassImmerse(bus=7p1p4) -> OK
[2026.05.08-18.39.39:366][141]LogTemp: Display: [ImmerseStress] >>> WARMUP step=0/8 immerse=off conc=8 (align Wwise profiler capture here)
[2026.05.08-18.39.39:366][141]LogTemp: Display: [ImmerseStress] Churn START  event=SwordHits rate=60.0Hz life=250ms cap=8 immerse=BYPASSED
[2026.05.08-18.39.39:418][163]LogStats: Display: There is no thread with id: 15484. Please add thread metadata for this thread.
[2026.05.08-18.39.41:358][ 25]LogTemp: Display: [ImmerseStress] >>> RUNNING step=0/8 immerse=off conc=8 (align Wwise profiler capture here)
[2026.05.08-18.39.56:362][ 55]LogTemp: Display: [ImmerseStress] PHASE 0 done immerse=off conc=8 posted=457 stopped=458 dropped=443 frames=7030 avg=2.13ms p50=2.07 p95=2.60 max=5.32
[2026.05.08-18.39.56:362][ 55]LogTemp: Display: [ImmerseStress] >>> COOLDOWN step=0/8 immerse=off conc=8 (align Wwise profiler capture here)
[2026.05.08-18.39.56:362][ 55]LogTemp: Display: [ImmerseStress] Churn STOP   posted=519 stopped=519 dropped=500
[2026.05.08-18.39.58:362][950]LogTemp: Display: [ImmerseStress] EnableImmerse(bus=7p1p4, shareset=Immerse_Audio_Renderer_(Custom)) -> OK
[2026.05.08-18.39.58:362][950]LogTemp: Display: [ImmerseStress] >>> WARMUP step=1/8 immerse=ON conc=8 (align Wwise profiler capture here)
[2026.05.08-18.39.58:362][950]LogTemp: Display: [ImmerseStress] Churn START  event=SwordHits rate=60.0Hz life=250ms cap=8 immerse=enabled
[2026.05.08-18.40.00:364][849]LogTemp: Display: [ImmerseStress] >>> RUNNING step=1/8 immerse=ON conc=8 (align Wwise profiler capture here)
[2026.05.08-18.40.15:365][701]LogTemp: Display: [ImmerseStress] PHASE 1 done immerse=ON conc=8 posted=458 stopped=459 dropped=442 frames=6852 avg=2.19ms p50=2.13 p95=2.63 max=5.68
[2026.05.08-18.40.15:365][701]LogTemp: Display: [ImmerseStress] >>> COOLDOWN step=1/8 immerse=ON conc=8 (align Wwise profiler capture here)
[2026.05.08-18.40.15:365][701]LogTemp: Display: [ImmerseStress] Churn STOP   posted=1041 stopped=1041 dropped=998
[2026.05.08-18.40.17:365][643]LogTemp: Display: [ImmerseStress] BypassImmerse(bus=7p1p4) -> OK
[2026.05.08-18.40.17:365][643]LogTemp: Display: [ImmerseStress] >>> WARMUP step=2/8 immerse=off conc=32 (align Wwise profiler capture here)
[2026.05.08-18.40.17:365][643]LogTemp: Display: [ImmerseStress] Churn START  event=SwordHits rate=60.0Hz life=250ms cap=32 immerse=BYPASSED
[2026.05.08-18.40.19:366][597]LogTemp: Display: [ImmerseStress] >>> RUNNING step=2/8 immerse=off conc=32 (align Wwise profiler capture here)
[2026.05.08-18.40.34:368][710]LogTemp: Display: [ImmerseStress] PHASE 2 done immerse=off conc=32 posted=900 stopped=900 dropped=0 frames=7113 avg=2.11ms p50=2.05 p95=2.51 max=5.43
[2026.05.08-18.40.34:368][710]LogTemp: Display: [ImmerseStress] >>> COOLDOWN step=2/8 immerse=off conc=32 (align Wwise profiler capture here)
[2026.05.08-18.40.34:368][710]LogTemp: Display: [ImmerseStress] Churn STOP   posted=2061 stopped=2061 dropped=998
[2026.05.08-18.40.36:369][650]LogTemp: Display: [ImmerseStress] EnableImmerse(bus=7p1p4, shareset=Immerse_Audio_Renderer_(Custom)) -> OK
[2026.05.08-18.40.36:369][650]LogTemp: Display: [ImmerseStress] >>> WARMUP step=3/8 immerse=ON conc=32 (align Wwise profiler capture here)
[2026.05.08-18.40.36:369][650]LogTemp: Display: [ImmerseStress] Churn START  event=SwordHits rate=60.0Hz life=250ms cap=32 immerse=enabled
[2026.05.08-18.40.38:371][545]LogTemp: Display: [ImmerseStress] >>> RUNNING step=3/8 immerse=ON conc=32 (align Wwise profiler capture here)
[2026.05.08-18.40.53:372][ 91]LogTemp: Display: [ImmerseStress] PHASE 3 done immerse=ON conc=32 posted=900 stopped=900 dropped=0 frames=6546 avg=2.29ms p50=2.22 p95=2.76 max=5.92
[2026.05.08-18.40.53:372][ 91]LogTemp: Display: [ImmerseStress] >>> COOLDOWN step=3/8 immerse=ON conc=32 (align Wwise profiler capture here)
[2026.05.08-18.40.53:372][ 91]LogTemp: Display: [ImmerseStress] Churn STOP   posted=3081 stopped=3081 dropped=998
[2026.05.08-18.40.55:372][989]LogTemp: Display: [ImmerseStress] BypassImmerse(bus=7p1p4) -> OK
[2026.05.08-18.40.55:373][989]LogTemp: Display: [ImmerseStress] >>> WARMUP step=4/8 immerse=off conc=64 (align Wwise profiler capture here)
[2026.05.08-18.40.55:373][989]LogTemp: Display: [ImmerseStress] Churn START  event=SwordHits rate=60.0Hz life=250ms cap=64 immerse=BYPASSED
[2026.05.08-18.40.57:375][914]LogTemp: Display: [ImmerseStress] >>> RUNNING step=4/8 immerse=off conc=64 (align Wwise profiler capture here)
[2026.05.08-18.41.12:375][984]LogTemp: Display: [ImmerseStress] PHASE 4 done immerse=off conc=64 posted=900 stopped=900 dropped=0 frames=7070 avg=2.12ms p50=2.07 p95=2.50 max=4.28
[2026.05.08-18.41.12:376][984]LogTemp: Display: [ImmerseStress] >>> COOLDOWN step=4/8 immerse=off conc=64 (align Wwise profiler capture here)
[2026.05.08-18.41.12:376][984]LogTemp: Display: [ImmerseStress] Churn STOP   posted=4101 stopped=4101 dropped=998
[2026.05.08-18.41.14:376][925]LogTemp: Display: [ImmerseStress] EnableImmerse(bus=7p1p4, shareset=Immerse_Audio_Renderer_(Custom)) -> OK
[2026.05.08-18.41.14:377][925]LogTemp: Display: [ImmerseStress] >>> WARMUP step=5/8 immerse=ON conc=64 (align Wwise profiler capture here)
[2026.05.08-18.41.14:377][925]LogTemp: Display: [ImmerseStress] Churn START  event=SwordHits rate=60.0Hz life=250ms cap=64 immerse=enabled
[2026.05.08-18.41.16:378][861]LogTemp: Display: [ImmerseStress] >>> RUNNING step=5/8 immerse=ON conc=64 (align Wwise profiler capture here)
[2026.05.08-18.41.31:380][784]LogTemp: Display: [ImmerseStress] PHASE 5 done immerse=ON conc=64 posted=900 stopped=900 dropped=0 frames=6923 avg=2.17ms p50=2.11 p95=2.61 max=6.24
[2026.05.08-18.41.31:380][784]LogTemp: Display: [ImmerseStress] >>> COOLDOWN step=5/8 immerse=ON conc=64 (align Wwise profiler capture here)
[2026.05.08-18.41.31:380][784]LogTemp: Display: [ImmerseStress] Churn STOP   posted=5121 stopped=5121 dropped=998
[2026.05.08-18.41.33:380][678]LogTemp: Display: [ImmerseStress] BypassImmerse(bus=7p1p4) -> OK
[2026.05.08-18.41.33:380][678]LogTemp: Display: [ImmerseStress] >>> WARMUP step=6/8 immerse=off conc=128 (align Wwise profiler capture here)
[2026.05.08-18.41.33:380][678]LogTemp: Display: [ImmerseStress] Churn START  event=SwordHits rate=60.0Hz life=250ms cap=128 immerse=BYPASSED
[2026.05.08-18.41.35:381][565]LogTemp: Display: [ImmerseStress] >>> RUNNING step=6/8 immerse=off conc=128 (align Wwise profiler capture here)
[2026.05.08-18.41.50:383][408]LogTemp: Display: [ImmerseStress] PHASE 6 done immerse=off conc=128 posted=900 stopped=900 dropped=0 frames=6843 avg=2.19ms p50=2.13 p95=2.62 max=4.89
[2026.05.08-18.41.50:383][408]LogTemp: Display: [ImmerseStress] >>> COOLDOWN step=6/8 immerse=off conc=128 (align Wwise profiler capture here)
[2026.05.08-18.41.50:383][408]LogTemp: Display: [ImmerseStress] Churn STOP   posted=6141 stopped=6141 dropped=998
[2026.05.08-18.41.52:384][344]LogTemp: Display: [ImmerseStress] EnableImmerse(bus=7p1p4, shareset=Immerse_Audio_Renderer_(Custom)) -> OK
[2026.05.08-18.41.52:384][344]LogTemp: Display: [ImmerseStress] >>> WARMUP step=7/8 immerse=ON conc=128 (align Wwise profiler capture here)
[2026.05.08-18.41.52:384][344]LogTemp: Display: [ImmerseStress] Churn START  event=SwordHits rate=60.0Hz life=250ms cap=128 immerse=enabled
[2026.05.08-18.41.54:387][285]LogTemp: Display: [ImmerseStress] >>> RUNNING step=7/8 immerse=ON conc=128 (align Wwise profiler capture here)
[2026.05.08-18.42.09:388][296]LogTemp: Display: [ImmerseStress] PHASE 7 done immerse=ON conc=128 posted=900 stopped=900 dropped=0 frames=7011 avg=2.14ms p50=2.09 p95=2.55 max=3.58
[2026.05.08-18.42.09:388][296]LogTemp: Display: [ImmerseStress] >>> COOLDOWN step=7/8 immerse=ON conc=128 (align Wwise profiler capture here)
[2026.05.08-18.42.09:388][296]LogTemp: Display: [ImmerseStress] Churn STOP   posted=7161 stopped=7161 dropped=998
[2026.05.08-18.42.11:388][197]LogTemp: Display: [ImmerseStress] >>> Toggle storm: 500 iterations
[2026.05.08-18.42.11:388][197]LogTemp: Display: [ImmerseStress] BypassImmerse(bus=7p1p4) -> OK
[2026.05.08-18.42.11:388][197]LogTemp: Display: [ImmerseStress] EnableImmerse(bus=7p1p4, shareset=Immerse_Audio_Renderer_(Custom)) -> OK
[2026.05.08-18.42.11:388][197]LogTemp: Display: [ImmerseStress] BypassImmerse(bus=7p1p4) -> OK
[2026.05.08-18.42.11:388][197]LogTemp: Display: [ImmerseStress] EnableImmerse(bus=7p1p4, shareset=Immerse_Audio_Renderer_(Custom)) -> OK
[2026.05.08-18.42.11:388][197]LogTemp: Display: [ImmerseStress] BypassImmerse(bus=7p1p4) -> OK
[2026.05.08-18.42.11:388][197]LogTemp: Display: [ImmerseStress] EnableImmerse(bus=7p1p4, shareset=Immerse_Audio_Renderer_(Custom)) -> OK
[2026.05.08-18.42.11:388][197]LogTemp: Display: [ImmerseStress] BypassImmerse(bus=7p1p4) -> OK
[2026.05.08-18.42.11:388][197]LogTemp: Display: [ImmerseStress] EnableImmerse(bus=7p1p4, shareset=Immerse_Audio_Renderer_(Custom)) -> OK
[2026.05.08-18.42.11:388][197]LogTemp: Display: [ImmerseStress] BypassImmerse(bus=7p1p4) -> OK
[2026.05.08-18.42.11:388][197]LogTemp: Display: [ImmerseStress] EnableImmerse(bus=7p1p4, shareset=Immerse_Audio_Renderer_(Custom)) -> OK
[2026.05.08-18.42.11:388][197]LogTemp: Display: [ImmerseStress] BypassImmerse(bus=7p1p4) -> OK
[2026.05.08-18.42.11:388][197]LogTemp: Display: [ImmerseStress] EnableImmerse(bus=7p1p4, shareset=Immerse_Audio_Renderer_(Custom)) -> OK
[2026.05.08-18.42.11:388][197]LogTemp: Display: [ImmerseStress] BypassImmerse(bus=7p1p4) -> OK
[2026.05.08-18.42.11:388][197]LogTemp: Display: [ImmerseStress] EnableImmerse(bus=7p1p4, shareset=Immerse_Audio_Renderer_(Custom)) -> OK
[2026.05.08-18.42.11:388][197]LogTemp: Display: [ImmerseStress] BypassImmerse(bus=7p1p4) -> OK
[2026.05.08-18.42.11:388][197]LogTemp: Display: [ImmerseStress] EnableImmerse(bus=7p1p4, shareset=Immerse_Audio_Renderer_(Custom)) -> OK
[2026.05.08-18.42.11:388][197]LogTemp: Display: [ImmerseStress] BypassImmerse(bus=7p1p4) -> OK
[2026.05.08-18.42.11:388][197]LogTemp: Display: [ImmerseStress] EnableImmerse(bus=7p1p4, shareset=Immerse_Audio_Renderer_(Custom)) -> OK
[2026.05.08-18.42.11:388][197]LogTemp: Display: [ImmerseStress] BypassImmerse(bus=7p1p4) -> OK
[2026.05.08-18.42.11:388][197]LogTemp: Display: [ImmerseStress] EnableImmerse(bus=7p1p4, shareset=Immerse_Audio_Renderer_(Custom)) -> OK
[2026.05.08-18.42.11:388][197]LogTemp: Display: [ImmerseStress] BypassImmerse(bus=7p1p4) -> OK
[2026.05.08-18.42.11:388][197]LogTemp: Display: [ImmerseStress] EnableImmerse(bus=7p1p4, shareset=Immerse_Audio_Renderer_(Custom)) -> OK
[2026.05.08-18.42.11:388][197]LogTemp: Display: [ImmerseStress] BypassImmerse(bus=7p1p4) -> OK
[2026.05.08-18.42.11:388][197]LogTemp: Display: [ImmerseStress] EnableImmerse(bus=7p1p4, shareset=Immerse_Audio_Renderer_(Custom)) -> OK
[2026.05.08-18.42.11:389][197]LogTemp: Display: [ImmerseStress] BypassImmerse(bus=7p1p4) -> OK
[2026.05.08-18.42.11:389][197]LogTemp: Display: [ImmerseStress] EnableImmerse(bus=7p1p4, shareset=Immerse_Audio_Renderer_(Custom)) -> OK
[2026.05.08-18.42.11:389][197]LogTemp: Display: [ImmerseStress] BypassImmerse(bus=7p1p4) -> OK
[2026.05.08-18.42.11:389][197]LogTemp: Display: [ImmerseStress] EnableImmerse(bus=7p1p4, shareset=Immerse_Audio_Renderer_(Custom)) -> OK
[2026.05.08-18.42.11:389][197]LogTemp: Display: [ImmerseStress] BypassImmerse(bus=7p1p4) -> OK
[2026.05.08-18.42.11:389][197]LogTemp: Display: [ImmerseStress] EnableImmerse(bus=7p1p4, shareset=Immerse_Audio_Renderer_(Custom)) -> OK
[2026.05.08-18.42.11:389][197]LogTemp: Display: [ImmerseStress] BypassImmerse(bus=7p1p4) -> OK
[2026.05.08-18.42.11:389][197]LogTemp: Display: [ImmerseStress] EnableImmerse(bus=7p1p4, shareset=Immerse_Audio_Renderer_(Custom)) -> OK
[2026.05.08-18.42.11:389][197]LogTemp: Display: [ImmerseStress] BypassImmerse(bus=7p1p4) -> OK
[2026.05.08-18.42.11:389][197]LogTemp: Display: [ImmerseStress] EnableImmerse(bus=7p1p4, shareset=Immerse_Audio_Renderer_(Custom)) -> OK
[2026.05.08-18.42.11:389][197]LogTemp: Display: [ImmerseStress] BypassImmerse(bus=7p1p4) -> OK
[2026.05.08-18.42.11:389][197]LogTemp: Display: [ImmerseStress] EnableImmerse(bus=7p1p4, shareset=Immerse_Audio_Renderer_(Custom)) -> OK
[2026.05.08-18.42.11:389][197]LogTemp: Display: [ImmerseStress] BypassImmerse(bus=7p1p4) -> OK
[2026.05.08-18.42.11:389][197]LogTemp: Display: [ImmerseStress] EnableImmerse(bus=7p1p4, shareset=Immerse_Audio_Renderer_(Custom)) -> OK
[2026.05.08-18.42.11:389][197]LogTemp: Display: [ImmerseStress] BypassImmerse(bus=7p1p4) -> OK
[2026.05.08-18.42.11:389][197]LogTemp: Display: [ImmerseStress] EnableImmerse(bus=7p1p4, shareset=Immerse_Audio_Renderer_(Custom)) -> OK
[2026.05.08-18.42.11:389][197]LogTemp: Display: [ImmerseStress] BypassImmerse(bus=7p1p4) -> OK
[2026.05.08-18.42.11:389][197]LogTemp: Display: [ImmerseStress] EnableImmerse(bus=7p1p4, shareset=Immerse_Audio_Renderer_(Custom)) -> OK
[2026.05.08-18.42.11:389][197]LogTemp: Display: [ImmerseStress] BypassImmerse(bus=7p1p4) -> OK
[2026.05.08-18.42.11:389][197]LogTemp: Display: [ImmerseStress] EnableImmerse(bus=7p1p4, shareset=Immerse_Audio_Renderer_(Custom)) -> OK
[2026.05.08-18.42.11:389][197]LogTemp: Display: [ImmerseStress] BypassImmerse(bus=7p1p4) -> OK
[2026.05.08-18.42.11:389][197]LogTemp: Display: [ImmerseStress] EnableImmerse(bus=7p1p4, shareset=Immerse_Audio_Renderer_(Custom)) -> OK
[2026.05.08-18.42.11:389][197]LogTemp: Display: [ImmerseStress] BypassImmerse(bus=7p1p4) -> OK
[2026.05.08-18.42.11:389][197]LogTemp: Display: [ImmerseStress] EnableImmerse(bus=7p1p4, shareset=Immerse_Audio_Renderer_(Custom)) -> OK
[2026.05.08-18.42.11:389][197]LogTemp: Display: [ImmerseStress] BypassImmerse(bus=7p1p4) -> OK
[2026.05.08-18.42.11:389][197]LogTemp: Display: [ImmerseStress] EnableImmerse(bus=7p1p4, shareset=Immerse_Audio_Renderer_(Custom)) -> OK
[2026.05.08-18.42.11:389][197]LogTemp: Display: [ImmerseStress] BypassImmerse(bus=7p1p4) -> OK
[2026.05.08-18.42.11:389][197]LogTemp: Display: [ImmerseStress] EnableImmerse(bus=7p1p4, shareset=Immerse_Audio_Renderer_(Custom)) -> OK
[2026.05.08-18.42.11:389][197]LogTemp: Display: [ImmerseStress] BypassImmerse(bus=7p1p4) -> OK
[2026.05.08-18.42.11:389][197]LogTemp: Display: [ImmerseStress] EnableImmerse(bus=7p1p4, shareset=Immerse_Audio_Renderer_(Custom)) -> OK
[2026.05.08-18.42.11:389][197]LogTemp: Display: [ImmerseStress] BypassImmerse(bus=7p1p4) -> OK
[2026.05.08-18.42.11:389][197]LogTemp: Display: [ImmerseStress] EnableImmerse(bus=7p1p4, shareset=Immerse_Audio_Renderer_(Custom)) -> OK
[2026.05.08-18.42.11:389][197]LogTemp: Display: [ImmerseStress] BypassImmerse(bus=7p1p4) -> OK
[2026.05.08-18.42.11:389][197]LogTemp: Display: [ImmerseStress] EnableImmerse(bus=7p1p4, shareset=Immerse_Audio_Renderer_(Custom)) -> OK
[2026.05.08-18.42.11:389][197]LogTemp: Display: [ImmerseStress] BypassImmerse(bus=7p1p4) -> OK
[2026.05.08-18.42.11:389][197]LogTemp: Display: [ImmerseStress] EnableImmerse(bus=7p1p4, shareset=Immerse_Audio_Renderer_(Custom)) -> OK
[2026.05.08-18.42.11:389][197]LogTemp: Display: [ImmerseStress] BypassImmerse(bus=7p1p4) -> OK
[2026.05.08-18.42.11:389][197]LogTemp: Display: [ImmerseStress] EnableImmerse(bus=7p1p4, shareset=Immerse_Audio_Renderer_(Custom)) -> OK
[2026.05.08-18.42.11:389][197]LogTemp: Display: [ImmerseStress] BypassImmerse(bus=7p1p4) -> OK
[2026.05.08-18.42.11:389][197]LogTemp: Display: [ImmerseStress] EnableImmerse(bus=7p1p4, shareset=Immerse_Audio_Renderer_(Custom)) -> OK
[2026.05.08-18.42.11:389][197]LogTemp: Display: [ImmerseStress] BypassImmerse(bus=7p1p4) -> OK
[2026.05.08-18.42.11:389][197]LogTemp: Display: [ImmerseStress] EnableImmerse(bus=7p1p4, shareset=Immerse_Audio_Renderer_(Custom)) -> OK
[2026.05.08-18.42.11:389][197]LogTemp: Display: [ImmerseStress] BypassImmerse(bus=7p1p4) -> OK
[2026.05.08-18.42.11:389][197]LogTemp: Display: [ImmerseStress] EnableImmerse(bus=7p1p4, shareset=Immerse_Audio_Renderer_(Custom)) -> OK
[2026.05.08-18.42.11:389][197]LogTemp: Display: [ImmerseStress] BypassImmerse(bus=7p1p4) -> OK
[2026.05.08-18.42.11:389][197]LogTemp: Display: [ImmerseStress] EnableImmerse(bus=7p1p4, shareset=Immerse_Audio_Renderer_(Custom)) -> OK
[2026.05.08-18.42.11:389][197]LogTemp: Display: [ImmerseStress] BypassImmerse(bus=7p1p4) -> OK
[2026.05.08-18.42.11:389][197]LogTemp: Display: [ImmerseStress] EnableImmerse(bus=7p1p4, shareset=Immerse_Audio_Renderer_(Custom)) -> OK
[2026.05.08-18.42.11:389][197]LogTemp: Display: [ImmerseStress] BypassImmerse(bus=7p1p4) -> OK
[2026.05.08-18.42.11:389][197]LogTemp: Display: [ImmerseStress] EnableImmerse(bus=7p1p4, shareset=Immerse_Audio_Renderer_(Custom)) -> OK
[2026.05.08-18.42.11:389][197]LogTemp: Display: [ImmerseStress] BypassImmerse(bus=7p1p4) -> OK
[2026.05.08-18.42.11:389][197]LogTemp: Display: [ImmerseStress] EnableImmerse(bus=7p1p4, shareset=Immerse_Audio_Renderer_(Custom)) -> OK
[2026.05.08-18.42.11:389][197]LogTemp: Display: [ImmerseStress] BypassImmerse(bus=7p1p4) -> OK
[2026.05.08-18.42.11:389][197]LogTemp: Display: [ImmerseStress] EnableImmerse(bus=7p1p4, shareset=Immerse_Audio_Renderer_(Custom)) -> OK
[2026.05.08-18.42.11:389][197]LogTemp: Display: [ImmerseStress] BypassImmerse(bus=7p1p4) -> OK
[2026.05.08-18.42.11:389][197]LogTemp: Display: [ImmerseStress] EnableImmerse(bus=7p1p4, shareset=Immerse_Audio_Renderer_(Custom)) -> OK
[2026.05.08-18.42.11:389][197]LogTemp: Display: [ImmerseStress] BypassImmerse(bus=7p1p4) -> OK
[2026.05.08-18.42.11:389][197]LogTemp: Display: [ImmerseStress] EnableImmerse(bus=7p1p4, shareset=Immerse_Audio_Renderer_(Custom)) -> OK
[2026.05.08-18.42.11:389][197]LogTemp: Display: [ImmerseStress] BypassImmerse(bus=7p1p4) -> OK
[2026.05.08-18.42.11:389][197]LogTemp: Display: [ImmerseStress] EnableImmerse(bus=7p1p4, shareset=Immerse_Audio_Renderer_(Custom)) -> OK
[2026.05.08-18.42.11:389][197]LogTemp: Display: [ImmerseStress] BypassImmerse(bus=7p1p4) -> OK
[2026.05.08-18.42.11:389][197]LogTemp: Display: [ImmerseStress] EnableImmerse(bus=7p1p4, shareset=Immerse_Audio_Renderer_(Custom)) -> OK
[2026.05.08-18.42.11:389][197]LogTemp: Display: [ImmerseStress] BypassImmerse(bus=7p1p4) -> OK
[2026.05.08-18.42.11:389][197]LogTemp: Display: [ImmerseStress] EnableImmerse(bus=7p1p4, shareset=Immerse_Audio_Renderer_(Custom)) -> OK
[2026.05.08-18.42.11:389][197]LogTemp: Display: [ImmerseStress] BypassImmerse(bus=7p1p4) -> OK
[2026.05.08-18.42.11:389][197]LogTemp: Display: [ImmerseStress] EnableImmerse(bus=7p1p4, shareset=Immerse_Audio_Renderer_(Custom)) -> OK
[2026.05.08-18.42.11:389][197]LogTemp: Display: [ImmerseStress] BypassImmerse(bus=7p1p4) -> OK
[2026.05.08-18.42.11:389][197]LogTemp: Display: [ImmerseStress] EnableImmerse(bus=7p1p4, shareset=Immerse_Audio_Renderer_(Custom)) -> OK
[2026.05.08-18.42.11:389][197]LogTemp: Display: [ImmerseStress] BypassImmerse(bus=7p1p4) -> OK
[2026.05.08-18.42.11:389][197]LogTemp: Display: [ImmerseStress] EnableImmerse(bus=7p1p4, shareset=Immerse_Audio_Renderer_(Custom)) -> OK
[2026.05.08-18.42.11:389][197]LogTemp: Display: [ImmerseStress] BypassImmerse(bus=7p1p4) -> OK
[2026.05.08-18.42.11:389][197]LogTemp: Display: [ImmerseStress] EnableImmerse(bus=7p1p4, shareset=Immerse_Audio_Renderer_(Custom)) -> OK
[2026.05.08-18.42.11:389][197]LogTemp: Display: [ImmerseStress] BypassImmerse(bus=7p1p4) -> OK
[2026.05.08-18.42.11:389][197]LogTemp: Display: [ImmerseStress] EnableImmerse(bus=7p1p4, shareset=Immerse_Audio_Renderer_(Custom)) -> OK
[2026.05.08-18.42.11:389][197]LogTemp: Display: [ImmerseStress] BypassImmerse(bus=7p1p4) -> OK
[2026.05.08-18.42.11:389][197]LogTemp: Display: [ImmerseStress] EnableImmerse(bus=7p1p4, shareset=Immerse_Audio_Renderer_(Custom)) -> OK
[2026.05.08-18.42.11:389][197]LogTemp: Display: [ImmerseStress] BypassImmerse(bus=7p1p4) -> OK
[2026.05.08-18.42.11:389][197]LogTemp: Display: [ImmerseStress] EnableImmerse(bus=7p1p4, shareset=Immerse_Audio_Renderer_(Custom)) -> OK
[2026.05.08-18.42.11:389][197]LogTemp: Display: [ImmerseStress] BypassImmerse(bus=7p1p4) -> OK
[2026.05.08-18.42.11:389][197]LogTemp: Display: [ImmerseStress] EnableImmerse(bus=7p1p4, shareset=Immerse_Audio_Renderer_(Custom)) -> OK
[2026.05.08-18.42.11:389][197]LogTemp: Display: [ImmerseStress] BypassImmerse(bus=7p1p4) -> OK
[2026.05.08-18.42.11:389][197]LogTemp: Display: [ImmerseStress] EnableImmerse(bus=7p1p4, shareset=Immerse_Audio_Renderer_(Custom)) -> OK
[2026.05.08-18.42.11:389][197]LogTemp: Display: [ImmerseStress] BypassImmerse(bus=7p1p4) -> OK
[2026.05.08-18.42.11:389][197]LogTemp: Display: [ImmerseStress] EnableImmerse(bus=7p1p4, shareset=Immerse_Audio_Renderer_(Custom)) -> OK
[2026.05.08-18.42.11:389][197]LogTemp: Display: [ImmerseStress] BypassImmerse(bus=7p1p4) -> OK
[2026.05.08-18.42.11:389][197]LogTemp: Display: [ImmerseStress] EnableImmerse(bus=7p1p4, shareset=Immerse_Audio_Renderer_(Custom)) -> OK
[2026.05.08-18.42.11:389][197]LogTemp: Display: [ImmerseStress] BypassImmerse(bus=7p1p4) -> OK
[2026.05.08-18.42.11:389][197]LogTemp: Display: [ImmerseStress] EnableImmerse(bus=7p1p4, shareset=Immerse_Audio_Renderer_(Custom)) -> OK
[2026.05.08-18.42.11:389][197]LogTemp: Display: [ImmerseStress] BypassImmerse(bus=7p1p4) -> OK
[2026.05.08-18.42.11:389][197]LogTemp: Display: [ImmerseStress] EnableImmerse(bus=7p1p4, shareset=Immerse_Audio_Renderer_(Custom)) -> OK
[2026.05.08-18.42.11:389][197]LogTemp: Display: [ImmerseStress] BypassImmerse(bus=7p1p4) -> OK
[2026.05.08-18.42.11:389][197]LogTemp: Display: [ImmerseStress] EnableImmerse(bus=7p1p4, shareset=Immerse_Audio_Renderer_(Custom)) -> OK
[2026.05.08-18.42.11:389][197]LogTemp: Display: [ImmerseStress] BypassImmerse(bus=7p1p4) -> OK
[2026.05.08-18.42.11:389][197]LogTemp: Display: [ImmerseStress] EnableImmerse(bus=7p1p4, shareset=Immerse_Audio_Renderer_(Custom)) -> OK
[2026.05.08-18.42.11:389][197]LogTemp: Display: [ImmerseStress] BypassImmerse(bus=7p1p4) -> OK
[2026.05.08-18.42.11:389][197]LogTemp: Display: [ImmerseStress] EnableImmerse(bus=7p1p4, shareset=Immerse_Audio_Renderer_(Custom)) -> OK
[2026.05.08-18.42.11:389][197]LogTemp: Display: [ImmerseStress] BypassImmerse(bus=7p1p4) -> OK
[2026.05.08-18.42.11:389][197]LogTemp: Display: [ImmerseStress] EnableImmerse(bus=7p1p4, shareset=Immerse_Audio_Renderer_(Custom)) -> OK
[2026.05.08-18.42.11:389][197]LogTemp: Display: [ImmerseStress] BypassImmerse(bus=7p1p4) -> OK
[2026.05.08-18.42.11:389][197]LogTemp: Display: [ImmerseStress] EnableImmerse(bus=7p1p4, shareset=Immerse_Audio_Renderer_(Custom)) -> OK
[2026.05.08-18.42.11:389][197]LogTemp: Display: [ImmerseStress] BypassImmerse(bus=7p1p4) -> OK
[2026.05.08-18.42.11:389][197]LogTemp: Display: [ImmerseStress] EnableImmerse(bus=7p1p4, shareset=Immerse_Audio_Renderer_(Custom)) -> OK
[2026.05.08-18.42.11:389][197]LogTemp: Display: [ImmerseStress] BypassImmerse(bus=7p1p4) -> OK
[2026.05.08-18.42.11:389][197]LogTemp: Display: [ImmerseStress] EnableImmerse(bus=7p1p4, shareset=Immerse_Audio_Renderer_(Custom)) -> OK
[2026.05.08-18.42.11:389][197]LogTemp: Display: [ImmerseStress] BypassImmerse(bus=7p1p4) -> OK
[2026.05.08-18.42.11:389][197]LogTemp: Display: [ImmerseStress] EnableImmerse(bus=7p1p4, shareset=Immerse_Audio_Renderer_(Custom)) -> OK
[2026.05.08-18.42.11:389][197]LogTemp: Display: [ImmerseStress] BypassImmerse(bus=7p1p4) -> OK
[2026.05.08-18.42.11:389][197]LogTemp: Display: [ImmerseStress] EnableImmerse(bus=7p1p4, shareset=Immerse_Audio_Renderer_(Custom)) -> OK
[2026.05.08-18.42.11:389][197]LogTemp: Display: [ImmerseStress] BypassImmerse(bus=7p1p4) -> OK
[2026.05.08-18.42.11:389][197]LogTemp: Display: [ImmerseStress] EnableImmerse(bus=7p1p4, shareset=Immerse_Audio_Renderer_(Custom)) -> OK
[2026.05.08-18.42.11:389][197]LogTemp: Display: [ImmerseStress] BypassImmerse(bus=7p1p4) -> OK
[2026.05.08-18.42.11:389][197]LogTemp: Display: [ImmerseStress] EnableImmerse(bus=7p1p4, shareset=Immerse_Audio_Renderer_(Custom)) -> OK
[2026.05.08-18.42.11:389][197]LogTemp: Display: [ImmerseStress] BypassImmerse(bus=7p1p4) -> OK
[2026.05.08-18.42.11:389][197]LogTemp: Display: [ImmerseStress] EnableImmerse(bus=7p1p4, shareset=Immerse_Audio_Renderer_(Custom)) -> OK
[2026.05.08-18.42.11:389][197]LogTemp: Display: [ImmerseStress] BypassImmerse(bus=7p1p4) -> OK
[2026.05.08-18.42.11:389][197]LogTemp: Display: [ImmerseStress] EnableImmerse(bus=7p1p4, shareset=Immerse_Audio_Renderer_(Custom)) -> OK
[2026.05.08-18.42.11:389][197]LogTemp: Display: [ImmerseStress] BypassImmerse(bus=7p1p4) -> OK
[2026.05.08-18.42.11:389][197]LogTemp: Display: [ImmerseStress] EnableImmerse(bus=7p1p4, shareset=Immerse_Audio_Renderer_(Custom)) -> OK
[2026.05.08-18.42.11:389][197]LogTemp: Display: [ImmerseStress] BypassImmerse(bus=7p1p4) -> OK
[2026.05.08-18.42.11:389][197]LogTemp: Display: [ImmerseStress] EnableImmerse(bus=7p1p4, shareset=Immerse_Audio_Renderer_(Custom)) -> OK
[2026.05.08-18.42.11:389][197]LogTemp: Display: [ImmerseStress] BypassImmerse(bus=7p1p4) -> OK
[2026.05.08-18.42.11:389][197]LogTemp: Display: [ImmerseStress] EnableImmerse(bus=7p1p4, shareset=Immerse_Audio_Renderer_(Custom)) -> OK
[2026.05.08-18.42.11:389][197]LogTemp: Display: [ImmerseStress] BypassImmerse(bus=7p1p4) -> OK
[2026.05.08-18.42.11:389][197]LogTemp: Display: [ImmerseStress] EnableImmerse(bus=7p1p4, shareset=Immerse_Audio_Renderer_(Custom)) -> OK
[2026.05.08-18.42.11:389][197]LogTemp: Display: [ImmerseStress] BypassImmerse(bus=7p1p4) -> OK
[2026.05.08-18.42.11:389][197]LogTemp: Display: [ImmerseStress] EnableImmerse(bus=7p1p4, shareset=Immerse_Audio_Renderer_(Custom)) -> OK
[2026.05.08-18.42.11:389][197]LogTemp: Display: [ImmerseStress] BypassImmerse(bus=7p1p4) -> OK
[2026.05.08-18.42.11:389][197]LogTemp: Display: [ImmerseStress] EnableImmerse(bus=7p1p4, shareset=Immerse_Audio_Renderer_(Custom)) -> OK
[2026.05.08-18.42.11:389][197]LogTemp: Display: [ImmerseStress] BypassImmerse(bus=7p1p4) -> OK
[2026.05.08-18.42.11:389][197]LogTemp: Display: [ImmerseStress] EnableImmerse(bus=7p1p4, shareset=Immerse_Audio_Renderer_(Custom)) -> OK
[2026.05.08-18.42.11:389][197]LogTemp: Display: [ImmerseStress] BypassImmerse(bus=7p1p4) -> OK
[2026.05.08-18.42.11:389][197]LogTemp: Display: [ImmerseStress] EnableImmerse(bus=7p1p4, shareset=Immerse_Audio_Renderer_(Custom)) -> OK
[2026.05.08-18.42.11:389][197]LogTemp: Display: [ImmerseStress] BypassImmerse(bus=7p1p4) -> OK
[2026.05.08-18.42.11:389][197]LogTemp: Display: [ImmerseStress] EnableImmerse(bus=7p1p4, shareset=Immerse_Audio_Renderer_(Custom)) -> OK
[2026.05.08-18.42.11:389][197]LogTemp: Display: [ImmerseStress] BypassImmerse(bus=7p1p4) -> OK
[2026.05.08-18.42.11:389][197]LogTemp: Display: [ImmerseStress] EnableImmerse(bus=7p1p4, shareset=Immerse_Audio_Renderer_(Custom)) -> OK
[2026.05.08-18.42.11:389][197]LogTemp: Display: [ImmerseStress] BypassImmerse(bus=7p1p4) -> OK
[2026.05.08-18.42.11:389][197]LogTemp: Display: [ImmerseStress] EnableImmerse(bus=7p1p4, shareset=Immerse_Audio_Renderer_(Custom)) -> OK
[2026.05.08-18.42.11:389][197]LogTemp: Display: [ImmerseStress] BypassImmerse(bus=7p1p4) -> OK
[2026.05.08-18.42.11:389][197]LogTemp: Display: [ImmerseStress] EnableImmerse(bus=7p1p4, shareset=Immerse_Audio_Renderer_(Custom)) -> OK
[2026.05.08-18.42.11:389][197]LogTemp: Display: [ImmerseStress] BypassImmerse(bus=7p1p4) -> OK
[2026.05.08-18.42.11:390][197]LogTemp: Display: [ImmerseStress] EnableImmerse(bus=7p1p4, shareset=Immerse_Audio_Renderer_(Custom)) -> OK
[2026.05.08-18.42.11:390][197]LogTemp: Display: [ImmerseStress] BypassImmerse(bus=7p1p4) -> OK
[2026.05.08-18.42.11:390][197]LogTemp: Display: [ImmerseStress] EnableImmerse(bus=7p1p4, shareset=Immerse_Audio_Renderer_(Custom)) -> OK
[2026.05.08-18.42.11:390][197]LogTemp: Display: [ImmerseStress] BypassImmerse(bus=7p1p4) -> OK
[2026.05.08-18.42.11:390][197]LogTemp: Display: [ImmerseStress] EnableImmerse(bus=7p1p4, shareset=Immerse_Audio_Renderer_(Custom)) -> OK
[2026.05.08-18.42.11:390][197]LogTemp: Display: [ImmerseStress] BypassImmerse(bus=7p1p4) -> OK
[2026.05.08-18.42.11:390][197]LogTemp: Display: [ImmerseStress] EnableImmerse(bus=7p1p4, shareset=Immerse_Audio_Renderer_(Custom)) -> OK
[2026.05.08-18.42.11:390][197]LogTemp: Display: [ImmerseStress] BypassImmerse(bus=7p1p4) -> OK
[2026.05.08-18.42.11:390][197]LogTemp: Display: [ImmerseStress] EnableImmerse(bus=7p1p4, shareset=Immerse_Audio_Renderer_(Custom)) -> OK
[2026.05.08-18.42.11:390][197]LogTemp: Display: [ImmerseStress] BypassImmerse(bus=7p1p4) -> OK
[2026.05.08-18.42.11:390][197]LogTemp: Display: [ImmerseStress] EnableImmerse(bus=7p1p4, shareset=Immerse_Audio_Renderer_(Custom)) -> OK
[2026.05.08-18.42.11:390][197]LogTemp: Display: [ImmerseStress] BypassImmerse(bus=7p1p4) -> OK
[2026.05.08-18.42.11:390][197]LogTemp: Display: [ImmerseStress] EnableImmerse(bus=7p1p4, shareset=Immerse_Audio_Renderer_(Custom)) -> OK
[2026.05.08-18.42.11:390][197]LogTemp: Display: [ImmerseStress] BypassImmerse(bus=7p1p4) -> OK
[2026.05.08-18.42.11:390][197]LogTemp: Display: [ImmerseStress] EnableImmerse(bus=7p1p4, shareset=Immerse_Audio_Renderer_(Custom)) -> OK
[2026.05.08-18.42.11:390][197]LogTemp: Display: [ImmerseStress] BypassImmerse(bus=7p1p4) -> OK
[2026.05.08-18.42.11:390][197]LogTemp: Display: [ImmerseStress] EnableImmerse(bus=7p1p4, shareset=Immerse_Audio_Renderer_(Custom)) -> OK
[2026.05.08-18.42.11:390][197]LogTemp: Display: [ImmerseStress] BypassImmerse(bus=7p1p4) -> OK
[2026.05.08-18.42.11:390][197]LogTemp: Display: [ImmerseStress] EnableImmerse(bus=7p1p4, shareset=Immerse_Audio_Renderer_(Custom)) -> OK
[2026.05.08-18.42.11:390][197]LogTemp: Display: [ImmerseStress] BypassImmerse(bus=7p1p4) -> OK
[2026.05.08-18.42.11:390][197]LogTemp: Display: [ImmerseStress] EnableImmerse(bus=7p1p4, shareset=Immerse_Audio_Renderer_(Custom)) -> OK
[2026.05.08-18.42.11:390][197]LogTemp: Display: [ImmerseStress] BypassImmerse(bus=7p1p4) -> OK
[2026.05.08-18.42.11:390][197]LogTemp: Display: [ImmerseStress] EnableImmerse(bus=7p1p4, shareset=Immerse_Audio_Renderer_(Custom)) -> OK
[2026.05.08-18.42.11:390][197]LogTemp: Display: [ImmerseStress] BypassImmerse(bus=7p1p4) -> OK
[2026.05.08-18.42.11:390][197]LogTemp: Display: [ImmerseStress] EnableImmerse(bus=7p1p4, shareset=Immerse_Audio_Renderer_(Custom)) -> OK
[2026.05.08-18.42.11:390][197]LogTemp: Display: [ImmerseStress] BypassImmerse(bus=7p1p4) -> OK
[2026.05.08-18.42.11:390][197]LogTemp: Display: [ImmerseStress] EnableImmerse(bus=7p1p4, shareset=Immerse_Audio_Renderer_(Custom)) -> OK
[2026.05.08-18.42.11:390][197]LogTemp: Display: [ImmerseStress] BypassImmerse(bus=7p1p4) -> OK
[2026.05.08-18.42.11:390][197]LogTemp: Display: [ImmerseStress] EnableImmerse(bus=7p1p4, shareset=Immerse_Audio_Renderer_(Custom)) -> OK
[2026.05.08-18.42.11:390][197]LogTemp: Display: [ImmerseStress] BypassImmerse(bus=7p1p4) -> OK
[2026.05.08-18.42.11:390][197]LogTemp: Display: [ImmerseStress] EnableImmerse(bus=7p1p4, shareset=Immerse_Audio_Renderer_(Custom)) -> OK
[2026.05.08-18.42.11:390][197]LogTemp: Display: [ImmerseStress] BypassImmerse(bus=7p1p4) -> OK
[2026.05.08-18.42.11:390][197]LogTemp: Display: [ImmerseStress] EnableImmerse(bus=7p1p4, shareset=Immerse_Audio_Renderer_(Custom)) -> OK
[2026.05.08-18.42.11:390][197]LogTemp: Display: [ImmerseStress] BypassImmerse(bus=7p1p4) -> OK
[2026.05.08-18.42.11:390][197]LogTemp: Display: [ImmerseStress] EnableImmerse(bus=7p1p4, shareset=Immerse_Audio_Renderer_(Custom)) -> OK
[2026.05.08-18.42.11:390][197]LogTemp: Display: [ImmerseStress] BypassImmerse(bus=7p1p4) -> OK
[2026.05.08-18.42.11:390][197]LogTemp: Display: [ImmerseStress] EnableImmerse(bus=7p1p4, shareset=Immerse_Audio_Renderer_(Custom)) -> OK
[2026.05.08-18.42.11:390][197]LogTemp: Display: [ImmerseStress] BypassImmerse(bus=7p1p4) -> OK
[2026.05.08-18.42.11:390][197]LogTemp: Display: [ImmerseStress] EnableImmerse(bus=7p1p4, shareset=Immerse_Audio_Renderer_(Custom)) -> OK
[2026.05.08-18.42.11:390][197]LogTemp: Display: [ImmerseStress] BypassImmerse(bus=7p1p4) -> OK
[2026.05.08-18.42.11:390][197]LogTemp: Display: [ImmerseStress] EnableImmerse(bus=7p1p4, shareset=Immerse_Audio_Renderer_(Custom)) -> OK
[2026.05.08-18.42.11:390][197]LogTemp: Display: [ImmerseStress] BypassImmerse(bus=7p1p4) -> OK
[2026.05.08-18.42.11:390][197]LogTemp: Display: [ImmerseStress] EnableImmerse(bus=7p1p4, shareset=Immerse_Audio_Renderer_(Custom)) -> OK
[2026.05.08-18.42.11:390][197]LogTemp: Display: [ImmerseStress] BypassImmerse(bus=7p1p4) -> OK
[2026.05.08-18.42.11:390][197]LogTemp: Display: [ImmerseStress] EnableImmerse(bus=7p1p4, shareset=Immerse_Audio_Renderer_(Custom)) -> OK
[2026.05.08-18.42.11:390][197]LogTemp: Display: [ImmerseStress] BypassImmerse(bus=7p1p4) -> OK
[2026.05.08-18.42.11:390][197]LogTemp: Display: [ImmerseStress] EnableImmerse(bus=7p1p4, shareset=Immerse_Audio_Renderer_(Custom)) -> OK
[2026.05.08-18.42.11:390][197]LogTemp: Display: [ImmerseStress] BypassImmerse(bus=7p1p4) -> OK
[2026.05.08-18.42.11:390][197]LogTemp: Display: [ImmerseStress] EnableImmerse(bus=7p1p4, shareset=Immerse_Audio_Renderer_(Custom)) -> OK
[2026.05.08-18.42.11:390][197]LogTemp: Display: [ImmerseStress] BypassImmerse(bus=7p1p4) -> OK
[2026.05.08-18.42.11:390][197]LogTemp: Display: [ImmerseStress] EnableImmerse(bus=7p1p4, shareset=Immerse_Audio_Renderer_(Custom)) -> OK
[2026.05.08-18.42.11:390][197]LogTemp: Display: [ImmerseStress] BypassImmerse(bus=7p1p4) -> OK
[2026.05.08-18.42.11:390][197]LogTemp: Display: [ImmerseStress] EnableImmerse(bus=7p1p4, shareset=Immerse_Audio_Renderer_(Custom)) -> OK
[2026.05.08-18.42.11:390][197]LogTemp: Display: [ImmerseStress] BypassImmerse(bus=7p1p4) -> OK
[2026.05.08-18.42.11:390][197]LogTemp: Display: [ImmerseStress] EnableImmerse(bus=7p1p4, shareset=Immerse_Audio_Renderer_(Custom)) -> OK
[2026.05.08-18.42.11:390][197]LogTemp: Display: [ImmerseStress] BypassImmerse(bus=7p1p4) -> OK
[2026.05.08-18.42.11:390][197]LogTemp: Display: [ImmerseStress] EnableImmerse(bus=7p1p4, shareset=Immerse_Audio_Renderer_(Custom)) -> OK
[2026.05.08-18.42.11:390][197]LogTemp: Display: [ImmerseStress] BypassImmerse(bus=7p1p4) -> OK
[2026.05.08-18.42.11:390][197]LogTemp: Display: [ImmerseStress] EnableImmerse(bus=7p1p4, shareset=Immerse_Audio_Renderer_(Custom)) -> OK
[2026.05.08-18.42.11:390][197]LogTemp: Display: [ImmerseStress] BypassImmerse(bus=7p1p4) -> OK
[2026.05.08-18.42.11:390][197]LogTemp: Display: [ImmerseStress] EnableImmerse(bus=7p1p4, shareset=Immerse_Audio_Renderer_(Custom)) -> OK
[2026.05.08-18.42.11:390][197]LogTemp: Display: [ImmerseStress] BypassImmerse(bus=7p1p4) -> OK
[2026.05.08-18.42.11:390][197]LogTemp: Display: [ImmerseStress] EnableImmerse(bus=7p1p4, shareset=Immerse_Audio_Renderer_(Custom)) -> OK
[2026.05.08-18.42.11:390][197]LogTemp: Display: [ImmerseStress] BypassImmerse(bus=7p1p4) -> OK
[2026.05.08-18.42.11:390][197]LogTemp: Display: [ImmerseStress] EnableImmerse(bus=7p1p4, shareset=Immerse_Audio_Renderer_(Custom)) -> OK
[2026.05.08-18.42.11:390][197]LogTemp: Display: [ImmerseStress] BypassImmerse(bus=7p1p4) -> OK
[2026.05.08-18.42.11:390][197]LogTemp: Display: [ImmerseStress] EnableImmerse(bus=7p1p4, shareset=Immerse_Audio_Renderer_(Custom)) -> OK
[2026.05.08-18.42.11:390][197]LogTemp: Display: [ImmerseStress] BypassImmerse(bus=7p1p4) -> OK
[2026.05.08-18.42.11:390][197]LogTemp: Display: [ImmerseStress] EnableImmerse(bus=7p1p4, shareset=Immerse_Audio_Renderer_(Custom)) -> OK
[2026.05.08-18.42.11:390][197]LogTemp: Display: [ImmerseStress] BypassImmerse(bus=7p1p4) -> OK
[2026.05.08-18.42.11:390][197]LogTemp: Display: [ImmerseStress] EnableImmerse(bus=7p1p4, shareset=Immerse_Audio_Renderer_(Custom)) -> OK
[2026.05.08-18.42.11:390][197]LogTemp: Display: [ImmerseStress] BypassImmerse(bus=7p1p4) -> OK
[2026.05.08-18.42.11:390][197]LogTemp: Display: [ImmerseStress] EnableImmerse(bus=7p1p4, shareset=Immerse_Audio_Renderer_(Custom)) -> OK
[2026.05.08-18.42.11:390][197]LogTemp: Display: [ImmerseStress] BypassImmerse(bus=7p1p4) -> OK
[2026.05.08-18.42.11:390][197]LogTemp: Display: [ImmerseStress] EnableImmerse(bus=7p1p4, shareset=Immerse_Audio_Renderer_(Custom)) -> OK
[2026.05.08-18.42.11:390][197]LogTemp: Display: [ImmerseStress] BypassImmerse(bus=7p1p4) -> OK
[2026.05.08-18.42.11:390][197]LogTemp: Display: [ImmerseStress] EnableImmerse(bus=7p1p4, shareset=Immerse_Audio_Renderer_(Custom)) -> OK
[2026.05.08-18.42.11:390][197]LogTemp: Display: [ImmerseStress] BypassImmerse(bus=7p1p4) -> OK
[2026.05.08-18.42.11:390][197]LogTemp: Display: [ImmerseStress] EnableImmerse(bus=7p1p4, shareset=Immerse_Audio_Renderer_(Custom)) -> OK
[2026.05.08-18.42.11:390][197]LogTemp: Display: [ImmerseStress] BypassImmerse(bus=7p1p4) -> OK
[2026.05.08-18.42.11:390][197]LogTemp: Display: [ImmerseStress] EnableImmerse(bus=7p1p4, shareset=Immerse_Audio_Renderer_(Custom)) -> OK
[2026.05.08-18.42.11:390][197]LogTemp: Display: [ImmerseStress] BypassImmerse(bus=7p1p4) -> OK
[2026.05.08-18.42.11:390][197]LogTemp: Display: [ImmerseStress] EnableImmerse(bus=7p1p4, shareset=Immerse_Audio_Renderer_(Custom)) -> OK
[2026.05.08-18.42.11:390][197]LogTemp: Display: [ImmerseStress] BypassImmerse(bus=7p1p4) -> OK
[2026.05.08-18.42.11:390][197]LogTemp: Display: [ImmerseStress] EnableImmerse(bus=7p1p4, shareset=Immerse_Audio_Renderer_(Custom)) -> OK
[2026.05.08-18.42.11:390][197]LogTemp: Display: [ImmerseStress] BypassImmerse(bus=7p1p4) -> OK
[2026.05.08-18.42.11:390][197]LogTemp: Display: [ImmerseStress] EnableImmerse(bus=7p1p4, shareset=Immerse_Audio_Renderer_(Custom)) -> OK
[2026.05.08-18.42.11:390][197]LogTemp: Display: [ImmerseStress] BypassImmerse(bus=7p1p4) -> OK
[2026.05.08-18.42.11:390][197]LogTemp: Display: [ImmerseStress] EnableImmerse(bus=7p1p4, shareset=Immerse_Audio_Renderer_(Custom)) -> OK
[2026.05.08-18.42.11:390][197]LogTemp: Display: [ImmerseStress] BypassImmerse(bus=7p1p4) -> OK
[2026.05.08-18.42.11:390][197]LogTemp: Display: [ImmerseStress] EnableImmerse(bus=7p1p4, shareset=Immerse_Audio_Renderer_(Custom)) -> OK
[2026.05.08-18.42.11:390][197]LogTemp: Display: [ImmerseStress] BypassImmerse(bus=7p1p4) -> OK
[2026.05.08-18.42.11:390][197]LogTemp: Display: [ImmerseStress] EnableImmerse(bus=7p1p4, shareset=Immerse_Audio_Renderer_(Custom)) -> OK
[2026.05.08-18.42.11:390][197]LogTemp: Display: [ImmerseStress] BypassImmerse(bus=7p1p4) -> OK
[2026.05.08-18.42.11:390][197]LogTemp: Display: [ImmerseStress] EnableImmerse(bus=7p1p4, shareset=Immerse_Audio_Renderer_(Custom)) -> OK
[2026.05.08-18.42.11:390][197]LogTemp: Display: [ImmerseStress] BypassImmerse(bus=7p1p4) -> OK
[2026.05.08-18.42.11:390][197]LogTemp: Display: [ImmerseStress] EnableImmerse(bus=7p1p4, shareset=Immerse_Audio_Renderer_(Custom)) -> OK
[2026.05.08-18.42.11:390][197]LogTemp: Display: [ImmerseStress] BypassImmerse(bus=7p1p4) -> OK
[2026.05.08-18.42.11:390][197]LogTemp: Display: [ImmerseStress] EnableImmerse(bus=7p1p4, shareset=Immerse_Audio_Renderer_(Custom)) -> OK
[2026.05.08-18.42.11:390][197]LogTemp: Display: [ImmerseStress] BypassImmerse(bus=7p1p4) -> OK
[2026.05.08-18.42.11:390][197]LogTemp: Display: [ImmerseStress] EnableImmerse(bus=7p1p4, shareset=Immerse_Audio_Renderer_(Custom)) -> OK
[2026.05.08-18.42.11:390][197]LogTemp: Display: [ImmerseStress] BypassImmerse(bus=7p1p4) -> OK
[2026.05.08-18.42.11:390][197]LogTemp: Display: [ImmerseStress] EnableImmerse(bus=7p1p4, shareset=Immerse_Audio_Renderer_(Custom)) -> OK
[2026.05.08-18.42.11:390][197]LogTemp: Display: [ImmerseStress] BypassImmerse(bus=7p1p4) -> OK
[2026.05.08-18.42.11:390][197]LogTemp: Display: [ImmerseStress] EnableImmerse(bus=7p1p4, shareset=Immerse_Audio_Renderer_(Custom)) -> OK
[2026.05.08-18.42.11:390][197]LogTemp: Display: [ImmerseStress] BypassImmerse(bus=7p1p4) -> OK
[2026.05.08-18.42.11:390][197]LogTemp: Display: [ImmerseStress] EnableImmerse(bus=7p1p4, shareset=Immerse_Audio_Renderer_(Custom)) -> OK
[2026.05.08-18.42.11:390][197]LogTemp: Display: [ImmerseStress] BypassImmerse(bus=7p1p4) -> OK
[2026.05.08-18.42.11:390][197]LogTemp: Display: [ImmerseStress] EnableImmerse(bus=7p1p4, shareset=Immerse_Audio_Renderer_(Custom)) -> OK
[2026.05.08-18.42.11:390][197]LogTemp: Display: [ImmerseStress] BypassImmerse(bus=7p1p4) -> OK
[2026.05.08-18.42.11:390][197]LogTemp: Display: [ImmerseStress] EnableImmerse(bus=7p1p4, shareset=Immerse_Audio_Renderer_(Custom)) -> OK
[2026.05.08-18.42.11:390][197]LogTemp: Display: [ImmerseStress] BypassImmerse(bus=7p1p4) -> OK
[2026.05.08-18.42.11:390][197]LogTemp: Display: [ImmerseStress] EnableImmerse(bus=7p1p4, shareset=Immerse_Audio_Renderer_(Custom)) -> OK
[2026.05.08-18.42.11:390][197]LogTemp: Display: [ImmerseStress] BypassImmerse(bus=7p1p4) -> OK
[2026.05.08-18.42.11:390][197]LogTemp: Display: [ImmerseStress] EnableImmerse(bus=7p1p4, shareset=Immerse_Audio_Renderer_(Custom)) -> OK
[2026.05.08-18.42.11:390][197]LogTemp: Display: [ImmerseStress] BypassImmerse(bus=7p1p4) -> OK
[2026.05.08-18.42.11:390][197]LogTemp: Display: [ImmerseStress] EnableImmerse(bus=7p1p4, shareset=Immerse_Audio_Renderer_(Custom)) -> OK
[2026.05.08-18.42.11:390][197]LogTemp: Display: [ImmerseStress] BypassImmerse(bus=7p1p4) -> OK
[2026.05.08-18.42.11:390][197]LogTemp: Display: [ImmerseStress] EnableImmerse(bus=7p1p4, shareset=Immerse_Audio_Renderer_(Custom)) -> OK
[2026.05.08-18.42.11:390][197]LogTemp: Display: [ImmerseStress] BypassImmerse(bus=7p1p4) -> OK
[2026.05.08-18.42.11:390][197]LogTemp: Display: [ImmerseStress] EnableImmerse(bus=7p1p4, shareset=Immerse_Audio_Renderer_(Custom)) -> OK
[2026.05.08-18.42.11:390][197]LogTemp: Display: [ImmerseStress] BypassImmerse(bus=7p1p4) -> OK
[2026.05.08-18.42.11:390][197]LogTemp: Display: [ImmerseStress] EnableImmerse(bus=7p1p4, shareset=Immerse_Audio_Renderer_(Custom)) -> OK
[2026.05.08-18.42.11:390][197]LogTemp: Display: [ImmerseStress] BypassImmerse(bus=7p1p4) -> OK
[2026.05.08-18.42.11:390][197]LogTemp: Display: [ImmerseStress] EnableImmerse(bus=7p1p4, shareset=Immerse_Audio_Renderer_(Custom)) -> OK
[2026.05.08-18.42.11:390][197]LogTemp: Display: [ImmerseStress] BypassImmerse(bus=7p1p4) -> OK
[2026.05.08-18.42.11:390][197]LogTemp: Display: [ImmerseStress] EnableImmerse(bus=7p1p4, shareset=Immerse_Audio_Renderer_(Custom)) -> OK
[2026.05.08-18.42.11:390][197]LogTemp: Display: [ImmerseStress] BypassImmerse(bus=7p1p4) -> OK
[2026.05.08-18.42.11:390][197]LogTemp: Display: [ImmerseStress] EnableImmerse(bus=7p1p4, shareset=Immerse_Audio_Renderer_(Custom)) -> OK
[2026.05.08-18.42.11:390][197]LogTemp: Display: [ImmerseStress] BypassImmerse(bus=7p1p4) -> OK
[2026.05.08-18.42.11:390][197]LogTemp: Display: [ImmerseStress] EnableImmerse(bus=7p1p4, shareset=Immerse_Audio_Renderer_(Custom)) -> OK
[2026.05.08-18.42.11:390][197]LogTemp: Display: [ImmerseStress] BypassImmerse(bus=7p1p4) -> OK
[2026.05.08-18.42.11:390][197]LogTemp: Display: [ImmerseStress] EnableImmerse(bus=7p1p4, shareset=Immerse_Audio_Renderer_(Custom)) -> OK
[2026.05.08-18.42.11:390][197]LogTemp: Display: [ImmerseStress] BypassImmerse(bus=7p1p4) -> OK
[2026.05.08-18.42.11:390][197]LogTemp: Display: [ImmerseStress] EnableImmerse(bus=7p1p4, shareset=Immerse_Audio_Renderer_(Custom)) -> OK
[2026.05.08-18.42.11:390][197]LogTemp: Display: [ImmerseStress] BypassImmerse(bus=7p1p4) -> OK
[2026.05.08-18.42.11:390][197]LogTemp: Display: [ImmerseStress] EnableImmerse(bus=7p1p4, shareset=Immerse_Audio_Renderer_(Custom)) -> OK
[2026.05.08-18.42.11:390][197]LogTemp: Display: [ImmerseStress] BypassImmerse(bus=7p1p4) -> OK
[2026.05.08-18.42.11:390][197]LogTemp: Display: [ImmerseStress] EnableImmerse(bus=7p1p4, shareset=Immerse_Audio_Renderer_(Custom)) -> OK
[2026.05.08-18.42.11:391][197]LogTemp: Display: [ImmerseStress] BypassImmerse(bus=7p1p4) -> OK
[2026.05.08-18.42.11:391][197]LogTemp: Display: [ImmerseStress] EnableImmerse(bus=7p1p4, shareset=Immerse_Audio_Renderer_(Custom)) -> OK
[2026.05.08-18.42.11:391][197]LogTemp: Display: [ImmerseStress] BypassImmerse(bus=7p1p4) -> OK
[2026.05.08-18.42.11:391][197]LogTemp: Display: [ImmerseStress] EnableImmerse(bus=7p1p4, shareset=Immerse_Audio_Renderer_(Custom)) -> OK
[2026.05.08-18.42.11:391][197]LogTemp: Display: [ImmerseStress] BypassImmerse(bus=7p1p4) -> OK
[2026.05.08-18.42.11:391][197]LogTemp: Display: [ImmerseStress] EnableImmerse(bus=7p1p4, shareset=Immerse_Audio_Renderer_(Custom)) -> OK
[2026.05.08-18.42.11:391][197]LogTemp: Display: [ImmerseStress] BypassImmerse(bus=7p1p4) -> OK
[2026.05.08-18.42.11:391][197]LogTemp: Display: [ImmerseStress] EnableImmerse(bus=7p1p4, shareset=Immerse_Audio_Renderer_(Custom)) -> OK
[2026.05.08-18.42.11:391][197]LogTemp: Display: [ImmerseStress] BypassImmerse(bus=7p1p4) -> OK
[2026.05.08-18.42.11:391][197]LogTemp: Display: [ImmerseStress] EnableImmerse(bus=7p1p4, shareset=Immerse_Audio_Renderer_(Custom)) -> OK
[2026.05.08-18.42.11:391][197]LogTemp: Display: [ImmerseStress] BypassImmerse(bus=7p1p4) -> OK
[2026.05.08-18.42.11:391][197]LogTemp: Display: [ImmerseStress] EnableImmerse(bus=7p1p4, shareset=Immerse_Audio_Renderer_(Custom)) -> OK
[2026.05.08-18.42.11:391][197]LogTemp: Display: [ImmerseStress] BypassImmerse(bus=7p1p4) -> OK
[2026.05.08-18.42.11:391][197]LogTemp: Display: [ImmerseStress] EnableImmerse(bus=7p1p4, shareset=Immerse_Audio_Renderer_(Custom)) -> OK
[2026.05.08-18.42.11:391][197]LogTemp: Display: [ImmerseStress] BypassImmerse(bus=7p1p4) -> OK
[2026.05.08-18.42.11:391][197]LogTemp: Display: [ImmerseStress] EnableImmerse(bus=7p1p4, shareset=Immerse_Audio_Renderer_(Custom)) -> OK
[2026.05.08-18.42.11:391][197]LogTemp: Display: [ImmerseStress] BypassImmerse(bus=7p1p4) -> OK
[2026.05.08-18.42.11:391][197]LogTemp: Display: [ImmerseStress] EnableImmerse(bus=7p1p4, shareset=Immerse_Audio_Renderer_(Custom)) -> OK
[2026.05.08-18.42.11:391][197]LogTemp: Display: [ImmerseStress] BypassImmerse(bus=7p1p4) -> OK
[2026.05.08-18.42.11:391][197]LogTemp: Display: [ImmerseStress] EnableImmerse(bus=7p1p4, shareset=Immerse_Audio_Renderer_(Custom)) -> OK
[2026.05.08-18.42.11:391][197]LogTemp: Display: [ImmerseStress] BypassImmerse(bus=7p1p4) -> OK
[2026.05.08-18.42.11:391][197]LogTemp: Display: [ImmerseStress] EnableImmerse(bus=7p1p4, shareset=Immerse_Audio_Renderer_(Custom)) -> OK
[2026.05.08-18.42.11:391][197]LogTemp: Display: [ImmerseStress] BypassImmerse(bus=7p1p4) -> OK
[2026.05.08-18.42.11:391][197]LogTemp: Display: [ImmerseStress] EnableImmerse(bus=7p1p4, shareset=Immerse_Audio_Renderer_(Custom)) -> OK
[2026.05.08-18.42.11:391][197]LogTemp: Display: [ImmerseStress] BypassImmerse(bus=7p1p4) -> OK
[2026.05.08-18.42.11:391][197]LogTemp: Display: [ImmerseStress] EnableImmerse(bus=7p1p4, shareset=Immerse_Audio_Renderer_(Custom)) -> OK
[2026.05.08-18.42.11:391][197]LogTemp: Display: [ImmerseStress] BypassImmerse(bus=7p1p4) -> OK
[2026.05.08-18.42.11:391][197]LogTemp: Display: [ImmerseStress] EnableImmerse(bus=7p1p4, shareset=Immerse_Audio_Renderer_(Custom)) -> OK
[2026.05.08-18.42.11:391][197]LogTemp: Display: [ImmerseStress] BypassImmerse(bus=7p1p4) -> OK
[2026.05.08-18.42.11:391][197]LogTemp: Display: [ImmerseStress] EnableImmerse(bus=7p1p4, shareset=Immerse_Audio_Renderer_(Custom)) -> OK
[2026.05.08-18.42.11:391][197]LogTemp: Display: [ImmerseStress] BypassImmerse(bus=7p1p4) -> OK
[2026.05.08-18.42.11:391][197]LogTemp: Display: [ImmerseStress] EnableImmerse(bus=7p1p4, shareset=Immerse_Audio_Renderer_(Custom)) -> OK
[2026.05.08-18.42.11:391][197]LogTemp: Display: [ImmerseStress] BypassImmerse(bus=7p1p4) -> OK
[2026.05.08-18.42.11:391][197]LogTemp: Display: [ImmerseStress] EnableImmerse(bus=7p1p4, shareset=Immerse_Audio_Renderer_(Custom)) -> OK
[2026.05.08-18.42.11:391][197]LogTemp: Display: [ImmerseStress] BypassImmerse(bus=7p1p4) -> OK
[2026.05.08-18.42.11:391][197]LogTemp: Display: [ImmerseStress] EnableImmerse(bus=7p1p4, shareset=Immerse_Audio_Renderer_(Custom)) -> OK
[2026.05.08-18.42.11:391][197]LogTemp: Display: [ImmerseStress] BypassImmerse(bus=7p1p4) -> OK
[2026.05.08-18.42.11:391][197]LogTemp: Display: [ImmerseStress] EnableImmerse(bus=7p1p4, shareset=Immerse_Audio_Renderer_(Custom)) -> OK
[2026.05.08-18.42.11:391][197]LogTemp: Display: [ImmerseStress] BypassImmerse(bus=7p1p4) -> OK
[2026.05.08-18.42.11:391][197]LogTemp: Display: [ImmerseStress] EnableImmerse(bus=7p1p4, shareset=Immerse_Audio_Renderer_(Custom)) -> OK
[2026.05.08-18.42.11:391][197]LogTemp: Display: [ImmerseStress] BypassImmerse(bus=7p1p4) -> OK
[2026.05.08-18.42.11:391][197]LogTemp: Display: [ImmerseStress] EnableImmerse(bus=7p1p4, shareset=Immerse_Audio_Renderer_(Custom)) -> OK
[2026.05.08-18.42.11:391][197]LogTemp: Display: [ImmerseStress] BypassImmerse(bus=7p1p4) -> OK
[2026.05.08-18.42.11:391][197]LogTemp: Display: [ImmerseStress] EnableImmerse(bus=7p1p4, shareset=Immerse_Audio_Renderer_(Custom)) -> OK
[2026.05.08-18.42.11:391][197]LogTemp: Display: [ImmerseStress] BypassImmerse(bus=7p1p4) -> OK
[2026.05.08-18.42.11:391][197]LogTemp: Display: [ImmerseStress] EnableImmerse(bus=7p1p4, shareset=Immerse_Audio_Renderer_(Custom)) -> OK
[2026.05.08-18.42.11:391][197]LogTemp: Display: [ImmerseStress] BypassImmerse(bus=7p1p4) -> OK
[2026.05.08-18.42.11:391][197]LogTemp: Display: [ImmerseStress] EnableImmerse(bus=7p1p4, shareset=Immerse_Audio_Renderer_(Custom)) -> OK
[2026.05.08-18.42.11:391][197]LogTemp: Display: [ImmerseStress] BypassImmerse(bus=7p1p4) -> OK
[2026.05.08-18.42.11:391][197]LogTemp: Display: [ImmerseStress] EnableImmerse(bus=7p1p4, shareset=Immerse_Audio_Renderer_(Custom)) -> OK
[2026.05.08-18.42.11:391][197]LogTemp: Display: [ImmerseStress] BypassImmerse(bus=7p1p4) -> OK
[2026.05.08-18.42.11:391][197]LogTemp: Display: [ImmerseStress] EnableImmerse(bus=7p1p4, shareset=Immerse_Audio_Renderer_(Custom)) -> OK
[2026.05.08-18.42.11:391][197]LogTemp: Display: [ImmerseStress] BypassImmerse(bus=7p1p4) -> OK
[2026.05.08-18.42.11:391][197]LogTemp: Display: [ImmerseStress] EnableImmerse(bus=7p1p4, shareset=Immerse_Audio_Renderer_(Custom)) -> OK
[2026.05.08-18.42.11:391][197]LogTemp: Display: [ImmerseStress] BypassImmerse(bus=7p1p4) -> OK
[2026.05.08-18.42.11:391][197]LogTemp: Display: [ImmerseStress] EnableImmerse(bus=7p1p4, shareset=Immerse_Audio_Renderer_(Custom)) -> OK
[2026.05.08-18.42.11:391][197]LogTemp: Display: [ImmerseStress] BypassImmerse(bus=7p1p4) -> OK
[2026.05.08-18.42.11:391][197]LogTemp: Display: [ImmerseStress] EnableImmerse(bus=7p1p4, shareset=Immerse_Audio_Renderer_(Custom)) -> OK
[2026.05.08-18.42.11:391][197]LogTemp: Display: [ImmerseStress] BypassImmerse(bus=7p1p4) -> OK
[2026.05.08-18.42.11:391][197]LogTemp: Display: [ImmerseStress] EnableImmerse(bus=7p1p4, shareset=Immerse_Audio_Renderer_(Custom)) -> OK
[2026.05.08-18.42.11:391][197]LogTemp: Display: [ImmerseStress] BypassImmerse(bus=7p1p4) -> OK
[2026.05.08-18.42.11:391][197]LogTemp: Display: [ImmerseStress] EnableImmerse(bus=7p1p4, shareset=Immerse_Audio_Renderer_(Custom)) -> OK
[2026.05.08-18.42.11:391][197]LogTemp: Display: [ImmerseStress] BypassImmerse(bus=7p1p4) -> OK
[2026.05.08-18.42.11:391][197]LogTemp: Display: [ImmerseStress] EnableImmerse(bus=7p1p4, shareset=Immerse_Audio_Renderer_(Custom)) -> OK
[2026.05.08-18.42.11:391][197]LogTemp: Display: [ImmerseStress] BypassImmerse(bus=7p1p4) -> OK
[2026.05.08-18.42.11:391][197]LogTemp: Display: [ImmerseStress] EnableImmerse(bus=7p1p4, shareset=Immerse_Audio_Renderer_(Custom)) -> OK
[2026.05.08-18.42.11:391][197]LogTemp: Display: [ImmerseStress] BypassImmerse(bus=7p1p4) -> OK
[2026.05.08-18.42.11:391][197]LogTemp: Display: [ImmerseStress] EnableImmerse(bus=7p1p4, shareset=Immerse_Audio_Renderer_(Custom)) -> OK
[2026.05.08-18.42.11:391][197]LogTemp: Display: [ImmerseStress] BypassImmerse(bus=7p1p4) -> OK
[2026.05.08-18.42.11:391][197]LogTemp: Display: [ImmerseStress] EnableImmerse(bus=7p1p4, shareset=Immerse_Audio_Renderer_(Custom)) -> OK
[2026.05.08-18.42.11:391][197]LogTemp: Display: [ImmerseStress] BypassImmerse(bus=7p1p4) -> OK
[2026.05.08-18.42.11:391][197]LogTemp: Display: [ImmerseStress] EnableImmerse(bus=7p1p4, shareset=Immerse_Audio_Renderer_(Custom)) -> OK
[2026.05.08-18.42.11:391][197]LogTemp: Display: [ImmerseStress] BypassImmerse(bus=7p1p4) -> OK
[2026.05.08-18.42.11:391][197]LogTemp: Display: [ImmerseStress] EnableImmerse(bus=7p1p4, shareset=Immerse_Audio_Renderer_(Custom)) -> OK
[2026.05.08-18.42.11:391][197]LogTemp: Display: [ImmerseStress] BypassImmerse(bus=7p1p4) -> OK
[2026.05.08-18.42.11:391][197]LogTemp: Display: [ImmerseStress] EnableImmerse(bus=7p1p4, shareset=Immerse_Audio_Renderer_(Custom)) -> OK
[2026.05.08-18.42.11:391][197]LogTemp: Display: [ImmerseStress] BypassImmerse(bus=7p1p4) -> OK
[2026.05.08-18.42.11:391][197]LogTemp: Display: [ImmerseStress] EnableImmerse(bus=7p1p4, shareset=Immerse_Audio_Renderer_(Custom)) -> OK
[2026.05.08-18.42.11:391][197]LogTemp: Display: [ImmerseStress] BypassImmerse(bus=7p1p4) -> OK
[2026.05.08-18.42.11:391][197]LogTemp: Display: [ImmerseStress] EnableImmerse(bus=7p1p4, shareset=Immerse_Audio_Renderer_(Custom)) -> OK
[2026.05.08-18.42.11:391][197]LogTemp: Display: [ImmerseStress] BypassImmerse(bus=7p1p4) -> OK
[2026.05.08-18.42.11:391][197]LogTemp: Display: [ImmerseStress] EnableImmerse(bus=7p1p4, shareset=Immerse_Audio_Renderer_(Custom)) -> OK
[2026.05.08-18.42.11:391][197]LogTemp: Display: [ImmerseStress] BypassImmerse(bus=7p1p4) -> OK
[2026.05.08-18.42.11:391][197]LogTemp: Display: [ImmerseStress] EnableImmerse(bus=7p1p4, shareset=Immerse_Audio_Renderer_(Custom)) -> OK
[2026.05.08-18.42.11:391][197]LogTemp: Display: [ImmerseStress] BypassImmerse(bus=7p1p4) -> OK
[2026.05.08-18.42.11:391][197]LogTemp: Display: [ImmerseStress] EnableImmerse(bus=7p1p4, shareset=Immerse_Audio_Renderer_(Custom)) -> OK
[2026.05.08-18.42.11:391][197]LogTemp: Display: [ImmerseStress] BypassImmerse(bus=7p1p4) -> OK
[2026.05.08-18.42.11:391][197]LogTemp: Display: [ImmerseStress] EnableImmerse(bus=7p1p4, shareset=Immerse_Audio_Renderer_(Custom)) -> OK
[2026.05.08-18.42.11:391][197]LogTemp: Display: [ImmerseStress] BypassImmerse(bus=7p1p4) -> OK
[2026.05.08-18.42.11:391][197]LogTemp: Display: [ImmerseStress] EnableImmerse(bus=7p1p4, shareset=Immerse_Audio_Renderer_(Custom)) -> OK
[2026.05.08-18.42.11:391][197]LogTemp: Display: [ImmerseStress] BypassImmerse(bus=7p1p4) -> OK
[2026.05.08-18.42.11:391][197]LogTemp: Display: [ImmerseStress] EnableImmerse(bus=7p1p4, shareset=Immerse_Audio_Renderer_(Custom)) -> OK
[2026.05.08-18.42.11:391][197]LogTemp: Display: [ImmerseStress] BypassImmerse(bus=7p1p4) -> OK
[2026.05.08-18.42.11:391][197]LogTemp: Display: [ImmerseStress] EnableImmerse(bus=7p1p4, shareset=Immerse_Audio_Renderer_(Custom)) -> OK
[2026.05.08-18.42.11:391][197]LogTemp: Display: [ImmerseStress] BypassImmerse(bus=7p1p4) -> OK
[2026.05.08-18.42.11:391][197]LogTemp: Display: [ImmerseStress] EnableImmerse(bus=7p1p4, shareset=Immerse_Audio_Renderer_(Custom)) -> OK
[2026.05.08-18.42.11:391][197]LogTemp: Display: [ImmerseStress] BypassImmerse(bus=7p1p4) -> OK
[2026.05.08-18.42.11:391][197]LogTemp: Display: [ImmerseStress] EnableImmerse(bus=7p1p4, shareset=Immerse_Audio_Renderer_(Custom)) -> OK
[2026.05.08-18.42.11:391][197]LogTemp: Display: [ImmerseStress] BypassImmerse(bus=7p1p4) -> OK
[2026.05.08-18.42.11:391][197]LogTemp: Display: [ImmerseStress] EnableImmerse(bus=7p1p4, shareset=Immerse_Audio_Renderer_(Custom)) -> OK
[2026.05.08-18.42.11:391][197]LogTemp: Display: [ImmerseStress] BypassImmerse(bus=7p1p4) -> OK
[2026.05.08-18.42.11:391][197]LogTemp: Display: [ImmerseStress] EnableImmerse(bus=7p1p4, shareset=Immerse_Audio_Renderer_(Custom)) -> OK
[2026.05.08-18.42.11:391][197]LogTemp: Display: [ImmerseStress] BypassImmerse(bus=7p1p4) -> OK
[2026.05.08-18.42.11:391][197]LogTemp: Display: [ImmerseStress] EnableImmerse(bus=7p1p4, shareset=Immerse_Audio_Renderer_(Custom)) -> OK
[2026.05.08-18.42.11:391][197]LogTemp: Display: [ImmerseStress] BypassImmerse(bus=7p1p4) -> OK
[2026.05.08-18.42.11:391][197]LogTemp: Display: [ImmerseStress] EnableImmerse(bus=7p1p4, shareset=Immerse_Audio_Renderer_(Custom)) -> OK
[2026.05.08-18.42.11:391][197]LogTemp: Display: [ImmerseStress] BypassImmerse(bus=7p1p4) -> OK
[2026.05.08-18.42.11:391][197]LogTemp: Display: [ImmerseStress] EnableImmerse(bus=7p1p4, shareset=Immerse_Audio_Renderer_(Custom)) -> OK
[2026.05.08-18.42.11:391][197]LogTemp: Display: [ImmerseStress] BypassImmerse(bus=7p1p4) -> OK
[2026.05.08-18.42.11:391][197]LogTemp: Display: [ImmerseStress] EnableImmerse(bus=7p1p4, shareset=Immerse_Audio_Renderer_(Custom)) -> OK
[2026.05.08-18.42.11:391][197]LogTemp: Display: [ImmerseStress] BypassImmerse(bus=7p1p4) -> OK
[2026.05.08-18.42.11:391][197]LogTemp: Display: [ImmerseStress] EnableImmerse(bus=7p1p4, shareset=Immerse_Audio_Renderer_(Custom)) -> OK
[2026.05.08-18.42.11:391][197]LogTemp: Display: [ImmerseStress] BypassImmerse(bus=7p1p4) -> OK
[2026.05.08-18.42.11:391][197]LogTemp: Display: [ImmerseStress] EnableImmerse(bus=7p1p4, shareset=Immerse_Audio_Renderer_(Custom)) -> OK
[2026.05.08-18.42.11:391][197]LogTemp: Display: [ImmerseStress] BypassImmerse(bus=7p1p4) -> OK
[2026.05.08-18.42.11:391][197]LogTemp: Display: [ImmerseStress] EnableImmerse(bus=7p1p4, shareset=Immerse_Audio_Renderer_(Custom)) -> OK
[2026.05.08-18.42.11:391][197]LogTemp: Display: [ImmerseStress] BypassImmerse(bus=7p1p4) -> OK
[2026.05.08-18.42.11:391][197]LogTemp: Display: [ImmerseStress] EnableImmerse(bus=7p1p4, shareset=Immerse_Audio_Renderer_(Custom)) -> OK
[2026.05.08-18.42.11:391][197]LogTemp: Display: [ImmerseStress] BypassImmerse(bus=7p1p4) -> OK
[2026.05.08-18.42.11:391][197]LogTemp: Display: [ImmerseStress] EnableImmerse(bus=7p1p4, shareset=Immerse_Audio_Renderer_(Custom)) -> OK
[2026.05.08-18.42.11:391][197]LogTemp: Display: [ImmerseStress] BypassImmerse(bus=7p1p4) -> OK
[2026.05.08-18.42.11:391][197]LogTemp: Display: [ImmerseStress] EnableImmerse(bus=7p1p4, shareset=Immerse_Audio_Renderer_(Custom)) -> OK
[2026.05.08-18.42.11:391][197]LogTemp: Display: [ImmerseStress] BypassImmerse(bus=7p1p4) -> OK
[2026.05.08-18.42.11:391][197]LogTemp: Display: [ImmerseStress] EnableImmerse(bus=7p1p4, shareset=Immerse_Audio_Renderer_(Custom)) -> OK
[2026.05.08-18.42.11:391][197]LogTemp: Display: [ImmerseStress] BypassImmerse(bus=7p1p4) -> OK
[2026.05.08-18.42.11:391][197]LogTemp: Display: [ImmerseStress] EnableImmerse(bus=7p1p4, shareset=Immerse_Audio_Renderer_(Custom)) -> OK
[2026.05.08-18.42.11:391][197]LogTemp: Display: [ImmerseStress] BypassImmerse(bus=7p1p4) -> OK
[2026.05.08-18.42.11:391][197]LogTemp: Display: [ImmerseStress] EnableImmerse(bus=7p1p4, shareset=Immerse_Audio_Renderer_(Custom)) -> OK
[2026.05.08-18.42.11:391][197]LogTemp: Display: [ImmerseStress] BypassImmerse(bus=7p1p4) -> OK
[2026.05.08-18.42.11:391][197]LogTemp: Display: [ImmerseStress] EnableImmerse(bus=7p1p4, shareset=Immerse_Audio_Renderer_(Custom)) -> OK
[2026.05.08-18.42.11:391][197]LogTemp: Display: [ImmerseStress] BypassImmerse(bus=7p1p4) -> OK
[2026.05.08-18.42.11:391][197]LogTemp: Display: [ImmerseStress] EnableImmerse(bus=7p1p4, shareset=Immerse_Audio_Renderer_(Custom)) -> OK
[2026.05.08-18.42.11:391][197]LogTemp: Display: [ImmerseStress] BypassImmerse(bus=7p1p4) -> OK
[2026.05.08-18.42.11:391][197]LogTemp: Display: [ImmerseStress] EnableImmerse(bus=7p1p4, shareset=Immerse_Audio_Renderer_(Custom)) -> OK
[2026.05.08-18.42.11:391][197]LogTemp: Display: [ImmerseStress] BypassImmerse(bus=7p1p4) -> OK
[2026.05.08-18.42.11:391][197]LogTemp: Display: [ImmerseStress] EnableImmerse(bus=7p1p4, shareset=Immerse_Audio_Renderer_(Custom)) -> OK
[2026.05.08-18.42.11:391][197]LogTemp: Display: [ImmerseStress] BypassImmerse(bus=7p1p4) -> OK
[2026.05.08-18.42.11:391][197]LogTemp: Display: [ImmerseStress] EnableImmerse(bus=7p1p4, shareset=Immerse_Audio_Renderer_(Custom)) -> OK
[2026.05.08-18.42.11:392][197]LogTemp: Display: [ImmerseStress] BypassImmerse(bus=7p1p4) -> OK
[2026.05.08-18.42.11:392][197]LogTemp: Display: [ImmerseStress] EnableImmerse(bus=7p1p4, shareset=Immerse_Audio_Renderer_(Custom)) -> OK
[2026.05.08-18.42.11:392][197]LogTemp: Display: [ImmerseStress] BypassImmerse(bus=7p1p4) -> OK
[2026.05.08-18.42.11:392][197]LogTemp: Display: [ImmerseStress] EnableImmerse(bus=7p1p4, shareset=Immerse_Audio_Renderer_(Custom)) -> OK
[2026.05.08-18.42.11:392][197]LogTemp: Display: [ImmerseStress] BypassImmerse(bus=7p1p4) -> OK
[2026.05.08-18.42.11:392][197]LogTemp: Display: [ImmerseStress] EnableImmerse(bus=7p1p4, shareset=Immerse_Audio_Renderer_(Custom)) -> OK
[2026.05.08-18.42.11:392][197]LogTemp: Display: [ImmerseStress] BypassImmerse(bus=7p1p4) -> OK
[2026.05.08-18.42.11:392][197]LogTemp: Display: [ImmerseStress] EnableImmerse(bus=7p1p4, shareset=Immerse_Audio_Renderer_(Custom)) -> OK
[2026.05.08-18.42.11:392][197]LogTemp: Display: [ImmerseStress] BypassImmerse(bus=7p1p4) -> OK
[2026.05.08-18.42.11:392][197]LogTemp: Display: [ImmerseStress] EnableImmerse(bus=7p1p4, shareset=Immerse_Audio_Renderer_(Custom)) -> OK
[2026.05.08-18.42.11:392][197]LogTemp: Display: [ImmerseStress] BypassImmerse(bus=7p1p4) -> OK
[2026.05.08-18.42.11:392][197]LogTemp: Display: [ImmerseStress] EnableImmerse(bus=7p1p4, shareset=Immerse_Audio_Renderer_(Custom)) -> OK
[2026.05.08-18.42.11:392][197]LogTemp: Display: [ImmerseStress] BypassImmerse(bus=7p1p4) -> OK
[2026.05.08-18.42.11:392][197]LogTemp: Display: [ImmerseStress] EnableImmerse(bus=7p1p4, shareset=Immerse_Audio_Renderer_(Custom)) -> OK
[2026.05.08-18.42.11:392][197]LogTemp: Display: [ImmerseStress] BypassImmerse(bus=7p1p4) -> OK
[2026.05.08-18.42.11:392][197]LogTemp: Display: [ImmerseStress] EnableImmerse(bus=7p1p4, shareset=Immerse_Audio_Renderer_(Custom)) -> OK
[2026.05.08-18.42.11:392][197]LogTemp: Display: [ImmerseStress] BypassImmerse(bus=7p1p4) -> OK
[2026.05.08-18.42.11:392][197]LogTemp: Display: [ImmerseStress] EnableImmerse(bus=7p1p4, shareset=Immerse_Audio_Renderer_(Custom)) -> OK
[2026.05.08-18.42.11:392][197]LogTemp: Display: [ImmerseStress] BypassImmerse(bus=7p1p4) -> OK
[2026.05.08-18.42.11:392][197]LogTemp: Display: [ImmerseStress] EnableImmerse(bus=7p1p4, shareset=Immerse_Audio_Renderer_(Custom)) -> OK
[2026.05.08-18.42.11:392][197]LogTemp: Display: [ImmerseStress] BypassImmerse(bus=7p1p4) -> OK
[2026.05.08-18.42.11:392][197]LogTemp: Display: [ImmerseStress] EnableImmerse(bus=7p1p4, shareset=Immerse_Audio_Renderer_(Custom)) -> OK
[2026.05.08-18.42.11:392][197]LogTemp: Display: [ImmerseStress] BypassImmerse(bus=7p1p4) -> OK
[2026.05.08-18.42.11:392][197]LogTemp: Display: [ImmerseStress] EnableImmerse(bus=7p1p4, shareset=Immerse_Audio_Renderer_(Custom)) -> OK
[2026.05.08-18.42.11:392][197]LogTemp: Display: [ImmerseStress] BypassImmerse(bus=7p1p4) -> OK
[2026.05.08-18.42.11:392][197]LogTemp: Display: [ImmerseStress] EnableImmerse(bus=7p1p4, shareset=Immerse_Audio_Renderer_(Custom)) -> OK
[2026.05.08-18.42.11:392][197]LogTemp: Display: [ImmerseStress] BypassImmerse(bus=7p1p4) -> OK
[2026.05.08-18.42.11:392][197]LogTemp: Display: [ImmerseStress] EnableImmerse(bus=7p1p4, shareset=Immerse_Audio_Renderer_(Custom)) -> OK
[2026.05.08-18.42.11:392][197]LogTemp: Display: [ImmerseStress] BypassImmerse(bus=7p1p4) -> OK
[2026.05.08-18.42.11:392][197]LogTemp: Display: [ImmerseStress] EnableImmerse(bus=7p1p4, shareset=Immerse_Audio_Renderer_(Custom)) -> OK
[2026.05.08-18.42.11:392][197]LogTemp: Display: [ImmerseStress] BypassImmerse(bus=7p1p4) -> OK
[2026.05.08-18.42.11:392][197]LogTemp: Display: [ImmerseStress] EnableImmerse(bus=7p1p4, shareset=Immerse_Audio_Renderer_(Custom)) -> OK
[2026.05.08-18.42.11:392][197]LogTemp: Display: [ImmerseStress] BypassImmerse(bus=7p1p4) -> OK
[2026.05.08-18.42.11:392][197]LogTemp: Display: [ImmerseStress] EnableImmerse(bus=7p1p4, shareset=Immerse_Audio_Renderer_(Custom)) -> OK
[2026.05.08-18.42.11:392][197]LogTemp: Display: [ImmerseStress] BypassImmerse(bus=7p1p4) -> OK
[2026.05.08-18.42.11:392][197]LogTemp: Display: [ImmerseStress] EnableImmerse(bus=7p1p4, shareset=Immerse_Audio_Renderer_(Custom)) -> OK
[2026.05.08-18.42.11:392][197]LogTemp: Display: [ImmerseStress] BypassImmerse(bus=7p1p4) -> OK
[2026.05.08-18.42.11:392][197]LogTemp: Display: [ImmerseStress] EnableImmerse(bus=7p1p4, shareset=Immerse_Audio_Renderer_(Custom)) -> OK
[2026.05.08-18.42.11:392][197]LogTemp: Display: [ImmerseStress] BypassImmerse(bus=7p1p4) -> OK
[2026.05.08-18.42.11:392][197]LogTemp: Display: [ImmerseStress] EnableImmerse(bus=7p1p4, shareset=Immerse_Audio_Renderer_(Custom)) -> OK
[2026.05.08-18.42.11:392][197]LogTemp: Display: [ImmerseStress] BypassImmerse(bus=7p1p4) -> OK
[2026.05.08-18.42.11:392][197]LogTemp: Display: [ImmerseStress] EnableImmerse(bus=7p1p4, shareset=Immerse_Audio_Renderer_(Custom)) -> OK
[2026.05.08-18.42.11:392][197]LogTemp: Display: [ImmerseStress] BypassImmerse(bus=7p1p4) -> OK
[2026.05.08-18.42.11:392][197]LogTemp: Display: [ImmerseStress] EnableImmerse(bus=7p1p4, shareset=Immerse_Audio_Renderer_(Custom)) -> OK
[2026.05.08-18.42.11:392][197]LogTemp: Display: [ImmerseStress] BypassImmerse(bus=7p1p4) -> OK
[2026.05.08-18.42.11:392][197]LogTemp: Display: [ImmerseStress] EnableImmerse(bus=7p1p4, shareset=Immerse_Audio_Renderer_(Custom)) -> OK
[2026.05.08-18.42.11:392][197]LogTemp: Display: [ImmerseStress] BypassImmerse(bus=7p1p4) -> OK
[2026.05.08-18.42.11:392][197]LogTemp: Display: [ImmerseStress] EnableImmerse(bus=7p1p4, shareset=Immerse_Audio_Renderer_(Custom)) -> OK
[2026.05.08-18.42.11:392][197]LogTemp: Display: [ImmerseStress] BypassImmerse(bus=7p1p4) -> OK
[2026.05.08-18.42.11:392][197]LogTemp: Display: [ImmerseStress] EnableImmerse(bus=7p1p4, shareset=Immerse_Audio_Renderer_(Custom)) -> OK
[2026.05.08-18.42.11:392][197]LogTemp: Display: [ImmerseStress] BypassImmerse(bus=7p1p4) -> OK
[2026.05.08-18.42.11:392][197]LogTemp: Display: [ImmerseStress] EnableImmerse(bus=7p1p4, shareset=Immerse_Audio_Renderer_(Custom)) -> OK
[2026.05.08-18.42.11:392][197]LogTemp: Display: [ImmerseStress] BypassImmerse(bus=7p1p4) -> OK
[2026.05.08-18.42.11:392][197]LogTemp: Display: [ImmerseStress] EnableImmerse(bus=7p1p4, shareset=Immerse_Audio_Renderer_(Custom)) -> OK
[2026.05.08-18.42.11:392][197]LogTemp: Display: [ImmerseStress] BypassImmerse(bus=7p1p4) -> OK
[2026.05.08-18.42.11:392][197]LogTemp: Display: [ImmerseStress] EnableImmerse(bus=7p1p4, shareset=Immerse_Audio_Renderer_(Custom)) -> OK
[2026.05.08-18.42.11:392][197]LogTemp: Display: [ImmerseStress] BypassImmerse(bus=7p1p4) -> OK
[2026.05.08-18.42.11:392][197]LogTemp: Display: [ImmerseStress] EnableImmerse(bus=7p1p4, shareset=Immerse_Audio_Renderer_(Custom)) -> OK
[2026.05.08-18.42.11:392][197]LogTemp: Display: [ImmerseStress] Toggle storm DONE: 500/500 state-flips in 0.004s (avg 0.0072ms/op, worst 0.021ms, throughput 139318 ops/s)
[2026.05.08-18.42.11:392][197]LogTemp: Display: [ImmerseStress] PLAN COMPLETE â€” 8 phases recorded. CSV: ../../../../../../Users/kapil/OneDrive/Documents/Unreal Projects/testTP/Saved/ImmerseStress/run_20260508_113939.csv
[2026.05.08-18.42.11:392][197]LogTemp: Display: [ImmerseStress] Requesting engine exit in 1.50s (reason=ImmerseStressComplete)
[2026.05.08-18.42.12:889][854]LogWindows: FPlatformMisc::RequestExit(0)
[2026.05.08-18.42.12:889][854]LogWindows: FPlatformMisc::RequestExitWithStatus(0, 0)
[2026.05.08-18.42.12:889][854]LogCore: Engine exit requested (reason: Win RequestExit)
[2026.05.08-18.42.12:892][855]LogCore: Engine exit requested (reason: EngineExit() was called; note: exit was already requested)
[2026.05.08-18.42.12:893][855]LogInit: Display: PreExit Game.
[2026.05.08-18.42.12:901][855]LogWorld: BeginTearingDown for /Game/ThirdPersonBP/Maps/ThirdPersonExampleMap
[2026.05.08-18.42.12:904][855]LogWorld: UWorld::CleanupWorld for ThirdPersonExampleMap, bSessionEnded=true, bCleanupResources=true
[2026.05.08-18.42.12:907][855]LogSlate: InvalidateAllWidgets triggered.  All widgets were invalidated
[2026.05.08-18.42.13:593][855]LogAudio: Display: Beginning Audio Device Manager Shutdown (Module: AudioMixerXAudio2)...
[2026.05.08-18.42.13:593][855]LogAudio: Display: Destroying 1 Remaining Audio Device(s)...
[2026.05.08-18.42.13:593][855]LogAudio: Display: Audio Device unregistered from world 'ThirdPersonExampleMap'.
[2026.05.08-18.42.13:623][855]LogAudioMixer: FMixerPlatformXAudio2::StopAudioStream() called
[2026.05.08-18.42.13:624][855]LogAudioMixer: FMixerPlatformXAudio2::StopAudioStream() called
[2026.05.08-18.42.13:626][855]LogAudio: Display: Audio Device Manager Shutdown
[2026.05.08-18.42.13:631][855]LogSlate: Window 'testTP (64-bit Development PCD3D_SM5) ' being destroyed
[2026.05.08-18.42.13:635][855]LogExit: Preparing to exit.
[2026.05.08-18.42.13:644][855]LogUObjectHash: Compacting FUObjectHashTables data took   0.75ms
[2026.05.08-18.42.13:671][855]LogMoviePlayer: Shutting down movie player
[2026.05.08-18.42.13:700][855]LogSlate: Updating window title bar state: overlay mode, drag disabled, window buttons hidden, title bar hidden
[2026.05.08-18.42.13:707][855]LogDemo: Cleaned up 0 splitscreen connections with owner deletion
[2026.05.08-18.42.13:715][855]LogExit: Game engine shut down
[2026.05.08-18.42.13:793][855]LogExit: Object subsystem successfully closed.
[2026.05.08-18.42.13:807][855]LogShaderCompilers: Display: === FShaderJobCache stats ===
[2026.05.08-18.42.13:807][855]LogShaderCompilers: Display: Total job queries 0, among them cache hits 0 (0.00%)
[2026.05.08-18.42.13:807][855]LogShaderCompilers: Display: Tracking 0 distinct input hashes that result in 0 distinct outputs (0.00%)
[2026.05.08-18.42.13:807][855]LogShaderCompilers: Display: RAM used: 0.00 MB (0.00 GB) of 819.20 MB (0.80 GB) budget. Usage: 0.00%
[2026.05.08-18.42.13:807][855]LogShaderCompilers: Display: ================================================
[2026.05.08-18.42.13:819][855]LogShaderCompilers: Display: Shaders left to compile 0
[2026.05.08-18.42.13:859][855]LogModuleManager: Shutting down and abandoning module SequenceRecorderSections (562)
[2026.05.08-18.42.13:859][855]LogModuleManager: Shutting down and abandoning module SequenceRecorder (560)
[2026.05.08-18.42.13:860][855]LogModuleManager: Shutting down and abandoning module AutomationController (558)
[2026.05.08-18.42.13:860][855]LogModuleManager: Shutting down and abandoning module AutomationWorker (556)
[2026.05.08-18.42.13:860][855]LogModuleManager: Shutting down and abandoning module Voice (554)
[2026.05.08-18.42.13:860][855]LogModuleManager: Shutting down and abandoning module AIModule (552)
[2026.05.08-18.42.13:860][855]LogModuleManager: Shutting down and abandoning module GameplayDebugger (551)
[2026.05.08-18.42.13:860][855]LogModuleManager: Shutting down and abandoning module AITestSuite (549)
[2026.05.08-18.42.13:862][855]LogModuleManager: Shutting down and abandoning module NavigationSystem (547)
[2026.05.08-18.42.13:862][855]LogModuleManager: Shutting down and abandoning module AnimGraph (544)
[2026.05.08-18.42.13:862][855]LogModuleManager: Shutting down and abandoning module SteamVREditor (542)
[2026.05.08-18.42.13:862][855]LogModuleManager: Shutting down and abandoning module ToolMenus (541)
[2026.05.08-18.42.13:862][855]LogModuleManager: Shutting down and abandoning module OculusMR (538)
[2026.05.08-18.42.13:862][855]LogModuleManager: Shutting down and abandoning module TakeRecorderSources (536)
[2026.05.08-18.42.13:863][855]LogModuleManager: Shutting down and abandoning module TakeRecorder (535)
[2026.05.08-18.42.13:863][855]LogModuleManager: Shutting down and abandoning module TakeTrackRecorders (532)
[2026.05.08-18.42.13:863][855]LogModuleManager: Shutting down and abandoning module TakesCore (530)
[2026.05.08-18.42.13:863][855]LogModuleManager: Shutting down and abandoning module OpenXRInput (528)
[2026.05.08-18.42.13:863][855]LogModuleManager: Shutting down and abandoning module PlanarCut (526)
[2026.05.08-18.42.13:864][855]LogModuleManager: Shutting down and abandoning module CharacterAI (524)
[2026.05.08-18.42.13:864][855]LogModuleManager: Shutting down and abandoning module WebMMediaFactory (522)
[2026.05.08-18.42.13:864][855]LogModuleManager: Shutting down and abandoning module WebMMedia (520)
[2026.05.08-18.42.13:864][855]LogModuleManager: Shutting down and abandoning module WmfMediaFactory (518)
[2026.05.08-18.42.13:864][855]LogModuleManager: Shutting down and abandoning module OpenExrWrapper (516)
[2026.05.08-18.42.13:864][855]LogModuleManager: Shutting down and abandoning module ImgMediaFactory (514)
[2026.05.08-18.42.13:864][855]LogModuleManager: Shutting down and abandoning module AvfMediaFactory (512)
[2026.05.08-18.42.13:864][855]LogModuleManager: Shutting down and abandoning module MagicLeapMediaCodecFactory (510)
[2026.05.08-18.42.13:864][855]LogModuleManager: Shutting down and abandoning module MagicLeapMediaFactory (508)
[2026.05.08-18.42.13:864][855]LogModuleManager: Shutting down and abandoning module SessionServices (506)
[2026.05.08-18.42.13:864][855]LogModuleManager: Shutting down and abandoning module MovieSceneCapture (504)
[2026.05.08-18.42.13:864][855]LogModuleManager: Shutting down and abandoning module LiveCoding (502)
[2026.05.08-18.42.13:864][855]LogModuleManager: Shutting down and abandoning module LevelSequence (500)
[2026.05.08-18.42.13:865][855]LogModuleManager: Shutting down and abandoning module MovieSceneTracks (498)
[2026.05.08-18.42.13:865][855]LogModuleManager: Shutting down and abandoning module MovieScene (496)
[2026.05.08-18.42.13:866][855]LogModuleManager: Shutting down and abandoning module StreamingPauseRendering (494)
[2026.05.08-18.42.13:866][855]LogModuleManager: Shutting down and abandoning module PortalServices (492)
[2026.05.08-18.42.13:866][855]LogModuleManager: Shutting down and abandoning module PortalRpc (490)
[2026.05.08-18.42.13:866][855]LogModuleManager: Shutting down and abandoning module MessagingRpc (488)
[2026.05.08-18.42.13:866][855]LogModuleManager: Shutting down and abandoning module AudioMixerXAudio2 (486)
[2026.05.08-18.42.13:866][855]LogModuleManager: Shutting down and abandoning module AudioMixerCore (485)
[2026.05.08-18.42.13:866][855]LogModuleManager: Shutting down and abandoning module ImageWriteQueue (482)
[2026.05.08-18.42.13:871][855]LogModuleManager: Shutting down and abandoning module ProfilerService (480)
[2026.05.08-18.42.14:108][855]LogModuleManager: Shutting down and abandoning module TaskGraph (478)
[2026.05.08-18.42.14:109][855]LogModuleManager: Shutting down and abandoning module OculusInput (476)
[2026.05.08-18.42.14:109][855]LogModuleManager: Shutting down and abandoning module TakeMovieScene (474)
[2026.05.08-18.42.14:109][855]LogModuleManager: Shutting down and abandoning module Synthesis (472)
[2026.05.08-18.42.14:110][855]LogModuleManager: Shutting down and abandoning module ProceduralMeshComponent (470)
[2026.05.08-18.42.14:110][855]LogModuleManager: Shutting down and abandoning module MobilePatchingUtils (468)
[2026.05.08-18.42.14:110][855]LogModuleManager: Shutting down and abandoning module CustomMeshComponent (466)
[2026.05.08-18.42.14:110][855]LogModuleManager: Shutting down and abandoning module AssetTags (464)
[2026.05.08-18.42.14:110][855]LogModuleManager: Shutting down and abandoning module GooglePAD (462)
[2026.05.08-18.42.14:110][855]LogModuleManager: Shutting down and abandoning module CableComponent (460)
[2026.05.08-18.42.14:110][855]LogModuleManager: Shutting down and abandoning module AudioCapture (458)
[2026.05.08-18.42.14:110][855]LogModuleManager: Shutting down and abandoning module AudioCaptureRtAudio (457)
[2026.05.08-18.42.14:110][855]LogModuleManager: Shutting down and abandoning module EditableMesh (454)
[2026.05.08-18.42.14:110][855]LogModuleManager: Shutting down and abandoning module ArchVisCharacter (452)
[2026.05.08-18.42.14:110][855]LogModuleManager: Shutting down and abandoning module AppleImageUtilsBlueprintSupport (450)
[2026.05.08-18.42.14:110][855]LogModuleManager: Shutting down and abandoning module AppleImageUtils (448)
[2026.05.08-18.42.14:110][855]LogModuleManager: Shutting down and abandoning module AndroidPermission (446)
[2026.05.08-18.42.14:110][855]LogModuleManager: Shutting down and abandoning module ActorLayerUtilities (444)
[2026.05.08-18.42.14:110][855]LogModuleManager: Shutting down and abandoning module TemplateSequence (442)
[2026.05.08-18.42.14:110][855]LogModuleManager: Shutting down and abandoning module MotoSynth (440)
[2026.05.08-18.42.14:110][855]LogModuleManager: Shutting down and abandoning module OpenImageDenoise (438)
[2026.05.08-18.42.14:110][855]LogOpenImageDenoise: OIDN shutting down
[2026.05.08-18.42.14:110][855]LogModuleManager: Shutting down and abandoning module GeometryCollectionTracks (436)
[2026.05.08-18.42.14:110][855]LogModuleManager: Shutting down and abandoning module GeometryCollectionSequencer (435)
[2026.05.08-18.42.14:110][855]LogModuleManager: Shutting down and abandoning module MeshConversion (432)
[2026.05.08-18.42.14:111][855]LogModuleManager: Shutting down and abandoning module DynamicMesh (430)
[2026.05.08-18.42.14:111][855]LogModuleManager: Shutting down and abandoning module GeometryAlgorithms (428)
[2026.05.08-18.42.14:111][855]LogModuleManager: Shutting down and abandoning module GeometricObjects (426)
[2026.05.08-18.42.14:111][855]LogModuleManager: Shutting down and abandoning module GeometryCacheTracks (424)
[2026.05.08-18.42.14:111][855]LogModuleManager: Shutting down and abandoning module GeometryCacheSequencer (423)
[2026.05.08-18.42.14:111][855]LogModuleManager: Shutting down and abandoning module GeometryCache (420)
[2026.05.08-18.42.14:111][855]LogModuleManager: Shutting down and abandoning module GeometryCacheEd (419)
[2026.05.08-18.42.14:111][855]LogModuleManager: Shutting down and abandoning module MagicLeapLightEstimation (416)
[2026.05.08-18.42.14:111][855]LogModuleManager: Shutting down and abandoning module ChaosNiagara (414)
[2026.05.08-18.42.14:112][855]LogModuleManager: Shutting down and abandoning module FieldSystemEngine (413)
[2026.05.08-18.42.14:112][855]LogModuleManager: Shutting down and abandoning module BackChannel (410)
[2026.05.08-18.42.14:112][855]LogModuleManager: Shutting down and abandoning module AutomationUtils (408)
[2026.05.08-18.42.14:112][855]LogModuleManager: Shutting down and abandoning module MediaCompositing (406)
[2026.05.08-18.42.14:112][855]LogModuleManager: Shutting down and abandoning module ImgMedia (404)
[2026.05.08-18.42.14:112][855]LogModuleManager: Shutting down and abandoning module MagicLeapSharedWorld (402)
[2026.05.08-18.42.14:112][855]LogModuleManager: Shutting down and abandoning module MagicLeapHelperVulkan (400)
[2026.05.08-18.42.14:112][855]LogModuleManager: Shutting down and abandoning module MagicLeapHelperOpenGL (398)
[2026.05.08-18.42.14:112][855]LogModuleManager: Shutting down and abandoning module MagicLeapAudio (396)
[2026.05.08-18.42.14:112][855]LogModuleManager: Shutting down and abandoning module SubversionSourceControl (394)
[2026.05.08-18.42.14:113][855]LogModuleManager: Shutting down and abandoning module OodleNetworkHandlerComponent (392)
[2026.05.08-18.42.14:113][855]LogModuleManager: Shutting down and abandoning module VisualStudioSourceCodeAccess (390)
[2026.05.08-18.42.14:113][855]LogModuleManager: Shutting down and abandoning module HotReload (389)
[2026.05.08-18.42.14:114][855]LogModuleManager: Shutting down and abandoning module VisualStudioCodeSourceCodeAccess (386)
[2026.05.08-18.42.14:114][855]LogModuleManager: Shutting down and abandoning module UObjectPlugin (384)
[2026.05.08-18.42.14:114][855]LogModuleManager: Shutting down and abandoning module PerforceSourceControl (382)
[2026.05.08-18.42.14:114][855]LogModuleManager: Shutting down and abandoning module SourceControl (381)
[2026.05.08-18.42.14:114][855]LogModuleManager: Shutting down and abandoning module CLionSourceCodeAccess (378)
[2026.05.08-18.42.14:114][855]LogModuleManager: Shutting down and abandoning module LiveLinkSequencer (376)
[2026.05.08-18.42.14:114][855]LogModuleManager: Shutting down and abandoning module LiveLinkMovieScene (374)
[2026.05.08-18.42.14:114][855]LogModuleManager: Shutting down and abandoning module LiveLinkGraphNode (372)
[2026.05.08-18.42.14:114][855]LogModuleManager: Shutting down and abandoning module LiveLinkComponents (370)
[2026.05.08-18.42.14:114][855]LogModuleManager: Shutting down and abandoning module LiveLink (368)
[2026.05.08-18.42.14:142][855]LogModuleManager: Shutting down and abandoning module testTP (366)
[2026.05.08-18.42.14:142][855]LogModuleManager: Shutting down and abandoning module AkAudio (364)
[2026.05.08-18.42.14:454][855]LogInit: Audiokinetic Audio Device terminated.
[2026.05.08-18.42.14:455][855]LogModuleManager: Shutting down and abandoning module PhysXVehiclesEditor (362)
[2026.05.08-18.42.14:455][855]LogModuleManager: Shutting down and abandoning module SignificanceManager (358)
[2026.05.08-18.42.14:455][855]LogModuleManager: Shutting down and abandoning module RuntimePhysXCooking (356)
[2026.05.08-18.42.14:455][855]LogModuleManager: Shutting down and abandoning module SoundFields (354)
[2026.05.08-18.42.14:455][855]LogModuleManager: Shutting down and abandoning module PropertyAccessEditor (352)
[2026.05.08-18.42.14:455][855]LogModuleManager: Shutting down and abandoning module LocationServicesBPLibrary (350)
[2026.05.08-18.42.14:455][855]LogModuleManager: Shutting down and abandoning module AudioSynesthesia (348)
[2026.05.08-18.42.14:455][855]LogModuleManager: Shutting down and abandoning module AudioSynesthesiaCore (346)
[2026.05.08-18.42.14:455][855]LogModuleManager: Shutting down and abandoning module PythonScriptPlugin (344)
[2026.05.08-18.42.14:455][855]LogModuleManager: Shutting down and abandoning module ActorSequence (342)
[2026.05.08-18.42.14:455][855]LogModuleManager: Shutting down and abandoning module TcpMessaging (340)
[2026.05.08-18.42.14:455][855]LogModuleManager: Shutting down and abandoning module UdpMessaging (338)
[2026.05.08-18.42.14:456][855]LogModuleManager: Shutting down and abandoning module ImgMediaEngine (336)
[2026.05.08-18.42.14:456][855]LogModuleManager: Shutting down and abandoning module MagicLeapARPin (334)
[2026.05.08-18.42.14:456][855]LogModuleManager: Shutting down and abandoning module MagicLeapHandMeshing (332)
[2026.05.08-18.42.14:456][855]LogModuleManager: Shutting down and abandoning module MagicLeapSecureStorage (330)
[2026.05.08-18.42.14:456][855]LogModuleManager: Shutting down and abandoning module MagicLeapPrivileges (328)
[2026.05.08-18.42.14:456][855]LogModuleManager: Shutting down and abandoning module MagicLeapPlanes (326)
[2026.05.08-18.42.14:456][855]LogMagicLeapPlanes: Planes tracker already destroyed.
[2026.05.08-18.42.14:456][855]LogModuleManager: Shutting down and abandoning module MagicLeapImageTracker (324)
[2026.05.08-18.42.14:456][855]LogModuleManager: Shutting down and abandoning module MagicLeapIdentity (322)
[2026.05.08-18.42.14:456][855]LogModuleManager: Shutting down and abandoning module MagicLeapHandTracking (320)
[2026.05.08-18.42.14:456][855]LogModuleManager: Shutting down and abandoning module MagicLeapEyeTracker (318)
[2026.05.08-18.42.14:456][855]LogModuleManager: Shutting down and abandoning module MagicLeapController (316)
[2026.05.08-18.42.14:456][855]LogModuleManager: Shutting down and abandoning module MagicLeapARPinImpl (314)
[2026.05.08-18.42.14:456][855]LogModuleManager: Shutting down and abandoning module MagicLeapAR (312)
[2026.05.08-18.42.14:456][855]LogModuleManager: Shutting down and abandoning module GameplayTagsEditor (310)
[2026.05.08-18.42.14:457][855]LogModuleManager: Shutting down and abandoning module FacialAnimation (308)
[2026.05.08-18.42.14:457][855]LogModuleManager: Shutting down and abandoning module AssetManagerEditor (306)
[2026.05.08-18.42.14:457][855]LogModuleManager: Shutting down and abandoning module TreeMap (305)
[2026.05.08-18.42.14:457][855]LogModuleManager: Shutting down and abandoning module NiagaraAnimNotifies (302)
[2026.05.08-18.42.14:457][855]LogModuleManager: Shutting down and abandoning module Niagara (300)
[2026.05.08-18.42.14:458][855]LogModuleManager: Shutting down and abandoning module SignalProcessing (299)
[2026.05.08-18.42.14:458][855]LogModuleManager: Shutting down and abandoning module NiagaraEditor (297)
[2026.05.08-18.42.14:458][855]LogModuleManager: Shutting down and abandoning module ContentBrowser (296)
[2026.05.08-18.42.14:459][855]LogModuleManager: Shutting down and abandoning module CollectionManager (295)
[2026.05.08-18.42.14:460][855]LogModuleManager: Shutting down and abandoning module DirectoryWatcher (294)
[2026.05.08-18.42.14:460][855]LogModuleManager: Shutting down and abandoning module ContentBrowserData (291)
[2026.05.08-18.42.14:460][855]LogModuleManager: Shutting down and abandoning module NiagaraCore (286)
[2026.05.08-18.42.14:460][855]LogModuleManager: Shutting down and abandoning module PropertyAccessNode (284)
[2026.05.08-18.42.14:460][855]LogModuleManager: Shutting down and abandoning module AnimationSharing (282)
[2026.05.08-18.42.14:460][855]LogModuleManager: Shutting down and abandoning module GameplayCameras (280)
[2026.05.08-18.42.14:460][855]LogModuleManager: Shutting down and abandoning module LightPropagationVolumeRuntime (278)
[2026.05.08-18.42.14:460][855]LogModuleManager: Shutting down and abandoning module EnvironmentQueryEditor (276)
[2026.05.08-18.42.14:460][855]LogModuleManager: Shutting down and abandoning module Paper2D (274)
[2026.05.08-18.42.14:460][855]LogModuleManager: Shutting down and abandoning module WindowsMoviePlayer (272)
[2026.05.08-18.42.14:461][855]LogModuleManager: Shutting down and abandoning module WebMMoviePlayer (270)
[2026.05.08-18.42.14:461][855]LogModuleManager: Shutting down and abandoning module NetworkReplayStreaming (268)
[2026.05.08-18.42.14:461][855]LogModuleManager: Shutting down and abandoning module PacketHandler (266)
[2026.05.08-18.42.14:461][855]LogModuleManager: Shutting down and abandoning module ClothingSystemEditor (264)
[2026.05.08-18.42.14:461][855]LogModuleManager: Shutting down and abandoning module ClothingSystemRuntimeNv (262)
[2026.05.08-18.42.14:461][855]LogModuleManager: Shutting down and abandoning module MediaAssets (260)
[2026.05.08-18.42.14:461][855]LogModuleManager: Shutting down and abandoning module Overlay (258)
[2026.05.08-18.42.14:461][855]LogModuleManager: Shutting down and abandoning module OverlayEditor (257)
[2026.05.08-18.42.14:461][855]LogModuleManager: Shutting down and abandoning module VREditor (254)
[2026.05.08-18.42.14:461][855]LogModuleManager: Shutting down and abandoning module StringTableEditor (252)
[2026.05.08-18.42.14:461][855]LogModuleManager: Shutting down and abandoning module GameplayTasksEditor (250)
[2026.05.08-18.42.14:461][855]LogModuleManager: Shutting down and abandoning module BehaviorTreeEditor (248)
[2026.05.08-18.42.14:462][855]LogModuleManager: Shutting down and abandoning module FunctionalTesting (246)
[2026.05.08-18.42.14:462][855]LogModuleManager: Shutting down and abandoning module CollisionAnalyzer (244)
[2026.05.08-18.42.14:462][855]LogModuleManager: Shutting down and abandoning module WorkspaceMenuStructure (243)
[2026.05.08-18.42.14:463][855]LogModuleManager: Shutting down and abandoning module UMG (240)
[2026.05.08-18.42.14:463][855]LogModuleManager: Shutting down and abandoning module UMGEditor (239)
[2026.05.08-18.42.14:464][855]LogModuleManager: Shutting down and abandoning module Sequencer (238)
[2026.05.08-18.42.14:465][855]LogModuleManager: Shutting down and abandoning module MessageLog (235)
[2026.05.08-18.42.14:465][855]LogModuleManager: Shutting down and abandoning module SlateReflector (230)
[2026.05.08-18.42.14:466][855]LogModuleManager: Shutting down and abandoning module Slate (228)
[2026.05.08-18.42.14:466][855]LogModuleManager: Shutting down and abandoning module SlateCore (226)
[2026.05.08-18.42.14:467][855]LogModuleManager: Shutting down and abandoning module LandscapeEditorUtilities (224)
[2026.05.08-18.42.14:467][855]LogModuleManager: Shutting down and abandoning module UnrealEd (222)
[2026.05.08-18.42.14:467][855]LogModuleManager: Shutting down and abandoning module MRMesh (220)
[2026.05.08-18.42.14:467][855]LogModuleManager: Shutting down and abandoning module Messaging (218)
[2026.05.08-18.42.14:467][855]LogModuleManager: Shutting down and abandoning module SourceCodeAccess (216)
[2026.05.08-18.42.14:467][855]LogModuleManager: Shutting down and abandoning module HeadMountedDisplay (214)
[2026.05.08-18.42.14:467][855]LogModuleManager: Shutting down and abandoning module XAudio2 (212)
[2026.05.08-18.42.14:467][855]LogModuleManager: Shutting down and abandoning module Networking (210)
[2026.05.08-18.42.14:467][855]LogModuleManager: Shutting down and abandoning module Core (208)
[2026.05.08-18.42.14:467][855]LogModuleManager: Shutting down and abandoning module MaterialEditor (206)
[2026.05.08-18.42.14:468][855]LogModuleManager: Shutting down and abandoning module MovieSceneTools (204)
[2026.05.08-18.42.14:468][855]LogModuleManager: Shutting down and abandoning module EditorStyle (203)
[2026.05.08-18.42.14:469][855]LogModuleManager: Shutting down and abandoning module KismetCompiler (200)
[2026.05.08-18.42.14:469][855]LogModuleManager: Shutting down and abandoning module MeshBuilder (198)
[2026.05.08-18.42.14:469][855]LogModuleManager: Shutting down and abandoning module MeshUtilities (196)
[2026.05.08-18.42.14:469][855]LogModuleManager: Shutting down and abandoning module MeshMergeUtilities (195)
[2026.05.08-18.42.14:469][855]LogModuleManager: Shutting down and abandoning module MeshReductionInterface (194)
[2026.05.08-18.42.14:469][855]LogModuleManager: Shutting down and abandoning module MeshBoneReduction (193)
[2026.05.08-18.42.14:469][855]LogModuleManager: Shutting down and abandoning module SkeletalMeshReduction (191)
[2026.05.08-18.42.14:470][855]LogModuleManager: Shutting down and abandoning module ProxyLODMeshReduction (189)
[2026.05.08-18.42.14:470][855]LogModuleManager: Shutting down and abandoning module QuadricMeshReduction (187)
[2026.05.08-18.42.14:470][855]LogModuleManager: Shutting down and abandoning module MaterialBaking (183)
[2026.05.08-18.42.14:470][855]LogModuleManager: Shutting down and abandoning module NullInstallBundleManager (178)
[2026.05.08-18.42.14:470][855]LogModuleManager: Shutting down and abandoning module PIEPreviewDeviceProfileSelector (176)
[2026.05.08-18.42.14:471][855]LogModuleManager: Shutting down and abandoning module DerivedDataCache (174)
[2026.05.08-18.42.14:471][855]LogModuleManager: Shutting down and abandoning module TargetPlatform (172)
[2026.05.08-18.42.14:471][855]LogModuleManager: Shutting down and abandoning module VulkanShaderFormat (171)
[2026.05.08-18.42.14:472][855]LogModuleManager: Shutting down and abandoning module ShaderFormatVectorVM (169)
[2026.05.08-18.42.14:472][855]LogModuleManager: Shutting down and abandoning module ShaderFormatOpenGL (167)
[2026.05.08-18.42.14:473][855]LogModuleManager: Shutting down and abandoning module ShaderFormatD3D (165)
[2026.05.08-18.42.14:473][855]LogModuleManager: Shutting down and abandoning module MetalShaderFormat (163)
[2026.05.08-18.42.14:473][855]LogModuleManager: Shutting down and abandoning module TextureFormatOodle (161)
[2026.05.08-18.42.14:473][855]LogModuleManager: Shutting down and abandoning module TextureFormatUncompressed (159)
[2026.05.08-18.42.14:473][855]LogModuleManager: Shutting down and abandoning module TextureFormatPVR (157)
[2026.05.08-18.42.14:473][855]LogModuleManager: Shutting down and abandoning module TextureFormatETC2 (155)
[2026.05.08-18.42.14:473][855]LogModuleManager: Shutting down and abandoning module TextureFormatDXT (153)
[2026.05.08-18.42.14:473][855]LogModuleManager: Shutting down and abandoning module TextureFormatIntelISPCTexComp (151)
[2026.05.08-18.42.14:474][855]LogModuleManager: Shutting down and abandoning module TextureFormatASTC (149)
[2026.05.08-18.42.14:474][855]LogModuleManager: Shutting down and abandoning module ImageWrapper (148)
[2026.05.08-18.42.14:474][855]LogModuleManager: Shutting down and abandoning module AudioFormatOpus (145)
[2026.05.08-18.42.14:474][855]LogModuleManager: Shutting down and abandoning module AudioFormatOgg (143)
[2026.05.08-18.42.14:474][855]LogModuleManager: Shutting down and abandoning module AudioFormatADPCM (141)
[2026.05.08-18.42.14:474][855]LogModuleManager: Shutting down and abandoning module WindowsServerTargetPlatform (139)
[2026.05.08-18.42.14:474][855]LogModuleManager: Shutting down and abandoning module WindowsClientTargetPlatform (137)
[2026.05.08-18.42.14:474][855]LogModuleManager: Shutting down and abandoning module WindowsTargetPlatform (135)
[2026.05.08-18.42.14:474][855]LogModuleManager: Shutting down and abandoning module WindowsNoEditorTargetPlatform (133)
[2026.05.08-18.42.14:474][855]LogModuleManager: Shutting down and abandoning module D3D11RHI (130)
[2026.05.08-18.42.14:474][855]LogModuleManager: Shutting down and abandoning module InputCore (128)
[2026.05.08-18.42.14:474][855]LogModuleManager: Shutting down and abandoning module Settings (126)
[2026.05.08-18.42.14:474][855]LogModuleManager: Shutting down and abandoning module PhysXCooking (124)
[2026.05.08-18.42.14:474][855]LogModuleManager: Shutting down and abandoning module Chaos (122)
[2026.05.08-18.42.14:474][855]LogModuleManager: Shutting down and abandoning module WindowsPlatformFeatures (120)
[2026.05.08-18.42.14:474][855]LogModuleManager: Shutting down and abandoning module GameplayMediaEncoder (119)
[2026.05.08-18.42.14:474][855]LogModuleManager: Shutting down and abandoning module AVEncoder (118)
[2026.05.08-18.42.14:474][855]LogModuleManager: Shutting down and abandoning module SteamVRInputDevice (114)
[2026.05.08-18.42.14:474][855]LogModuleManager: Shutting down and abandoning module SteamVRInput (112)
[2026.05.08-18.42.14:474][855]LogModuleManager: Shutting down and abandoning module SteamVR (110)
[2026.05.08-18.42.14:474][855]LogHMD: Freeing OpenVRDLLHandle.
[2026.05.08-18.42.14:474][855]LogModuleManager: Shutting down and abandoning module OculusHMD (108)
[2026.05.08-18.42.14:475][855]LogModuleManager: Shutting down and abandoning module OpenXRAR (106)
[2026.05.08-18.42.14:475][855]LogModuleManager: Shutting down and abandoning module AugmentedReality (105)
[2026.05.08-18.42.14:475][855]LogModuleManager: Shutting down and abandoning module OpenXREyeTracker (102)
[2026.05.08-18.42.14:475][855]LogModuleManager: Shutting down and abandoning module OpenXRHandTracking (100)
[2026.05.08-18.42.14:475][855]LogSlate: Slate User Destroyed.  User Index 0, Is Virtual User: 0
[2026.05.08-18.42.14:475][855]LogModuleManager: Shutting down and abandoning module OpenXRHMD (99)
[2026.05.08-18.42.14:475][855]LogModuleManager: Shutting down and abandoning module ExampleDeviceProfileSelector (96)
[2026.05.08-18.42.14:475][855]LogModuleManager: Shutting down and abandoning module ChunkDownloader (94)
[2026.05.08-18.42.14:476][855]LogModuleManager: Shutting down and abandoning module OnlineBlueprintSupport (92)
[2026.05.08-18.42.14:476][855]LogModuleManager: Shutting down and abandoning module LauncherChunkInstaller (88)
[2026.05.08-18.42.14:476][855]LogModuleManager: Shutting down and abandoning module OnlineSubsystem (86)
[2026.05.08-18.42.14:478][855]LogModuleManager: Shutting down and abandoning module XMPP (81)
[2026.05.08-18.42.14:478][855]LogModuleManager: Shutting down and abandoning module WebSockets (80)
[2026.05.08-18.42.14:505][855]LogModuleManager: Shutting down and abandoning module HTTP (77)
[2026.05.08-18.42.14:505][855]LogHttp: Display: cleaning up 0 outstanding Http requests.
[2026.05.08-18.42.14:535][855]LogModuleManager: Shutting down and abandoning module SSL (76)
[2026.05.08-18.42.14:536][855]LogModuleManager: Shutting down and abandoning module ChaosCloth (72)
[2026.05.08-18.42.14:536][855]LogModuleManager: Shutting down and abandoning module WmfMedia (70)
[2026.05.08-18.42.14:537][855]LogModuleManager: Shutting down and abandoning module Media (69)
[2026.05.08-18.42.14:538][855]LogModuleManager: Shutting down and abandoning module MediaInfo (68)
[2026.05.08-18.42.14:538][855]LogModuleManager: Shutting down and abandoning module ExrReaderGpu (64)
[2026.05.08-18.42.14:538][855]LogModuleManager: Shutting down and abandoning module MLSDK (62)
[2026.05.08-18.42.14:538][855]LogModuleManager: Shutting down and abandoning module MagicLeap (60)
[2026.05.08-18.42.14:538][855]LogModuleManager: Shutting down and abandoning module VariantManagerContent (58)
[2026.05.08-18.42.14:538][855]LogModuleManager: Shutting down and abandoning module DatasmithContent (56)
[2026.05.08-18.42.14:538][855]LogModuleManager: Shutting down and abandoning module NiagaraVertexFactories (54)
[2026.05.08-18.42.14:538][855]LogModuleManager: Shutting down and abandoning module NiagaraShader (52)
[2026.05.08-18.42.14:538][855]LogModuleManager: Shutting down and abandoning module PixWinPlugin (50)
[2026.05.08-18.42.14:538][855]LogModuleManager: Shutting down and abandoning module AISupportModule (48)
[2026.05.08-18.42.14:538][855]LogModuleManager: Shutting down and abandoning module PlatformCryptoOpenSSL (46)
[2026.05.08-18.42.14:539][855]LogModuleManager: Shutting down and abandoning module PlatformCryptoTypes (44)
[2026.05.08-18.42.14:539][855]LogModuleManager: Shutting down and abandoning module PlatformCrypto (42)
[2026.05.08-18.42.14:539][855]LogModuleManager: Shutting down and abandoning module PythonScriptPluginPreload (40)
[2026.05.08-18.42.14:539][855]LogModuleManager: Shutting down and abandoning module OodleDataCompressionFormat (38)
[2026.05.08-18.42.14:539][855]LogModuleManager: Shutting down and abandoning module XGEController (36)
[2026.05.08-18.42.14:539][855]LogXGEController: Cleaning working directory: C:/Users/kapil/AppData/Local/Temp/UnrealXGEWorkingDir/
[2026.05.08-18.42.14:539][855]LogModuleManager: Shutting down and abandoning module AnimationModifiers (34)
[2026.05.08-18.42.14:539][855]LogModuleManager: Shutting down and abandoning module AudioEditor (32)
[2026.05.08-18.42.14:540][855]LogModuleManager: Shutting down and abandoning module PropertyEditor (31)
[2026.05.08-18.42.14:541][855]LogModuleManager: Shutting down and abandoning module TextureCompressor (28)
[2026.05.08-18.42.14:541][855]LogModuleManager: Shutting down and abandoning module RenderCore (26)
[2026.05.08-18.42.14:541][855]LogModuleManager: Shutting down and abandoning module Landscape (24)
[2026.05.08-18.42.14:541][855]LogModuleManager: Shutting down and abandoning module SlateRHIRenderer (22)
[2026.05.08-18.42.14:541][855]LogModuleManager: Shutting down and abandoning module AnimGraphRuntime (20)
[2026.05.08-18.42.14:541][855]LogModuleManager: Shutting down and abandoning module Renderer (18)
[2026.05.08-18.42.14:542][855]LogModuleManager: Shutting down and abandoning module Engine (16)
[2026.05.08-18.42.14:542][855]LogModuleManager: Shutting down and abandoning module CoreUObject (14)
[2026.05.08-18.42.14:542][855]LogModuleManager: Shutting down and abandoning module NetworkFile (12)
[2026.05.08-18.42.14:542][855]LogModuleManager: Shutting down and abandoning module CookedIterativeFile (10)
[2026.05.08-18.42.14:542][855]LogModuleManager: Shutting down and abandoning module StreamingFile (8)
[2026.05.08-18.42.14:542][855]LogModuleManager: Shutting down and abandoning module SandboxFile (6)
[2026.05.08-18.42.14:542][855]LogModuleManager: Shutting down and abandoning module PakFile (4)
[2026.05.08-18.42.14:543][855]LogModuleManager: Shutting down and abandoning module RSA (3)
[2026.05.08-18.42.14:543][855]LogContentStreaming: Display: There are 1 unreleased StreamingManagers
[2026.05.08-18.42.14:557][855]LogD3D11RHI: Shutdown
[2026.05.08-18.42.14:557][855]LogD3D11RHI: CleanupD3DDevice
[2026.05.08-18.42.14:628][855]LogExit: Exiting.
[2026.05.08-18.42.14:637][855]Log file closed, 05/08/26 11:42:14
