[2026-05-14T02:50:19.8186815-07:00] DebugMonitor start, maxSeconds=1800
[2026-05-14T02:50:20.7021456-07:00] [pid=27484] Focus Exec Name: wwise.exe
[2026-05-14T02:50:20.7021456-07:00] [pid=27484] ---> Focus Exec Name: wwise.exe does not has WS_OVERLAPPEDWINDOW
[2026-05-14T02:50:22.6484269-07:00] [pid=27484] Focus Exec Name: wwise.exe
[2026-05-14T02:50:22.6484269-07:00] [pid=27484] ---> Focus Exec Name: wwise.exe has WS_OVERLAPPEDWINDOW
[2026-05-14T02:50:22.6574506-07:00] [pid=27484] Focus Exec Name: wwise.exe
[2026-05-14T02:50:22.6584511-07:00] [pid=27484] ---> Focus Exec Name: wwise.exe does not has WS_OVERLAPPEDWINDOW
[2026-05-14T02:50:22.6895471-07:00] [pid=27484] [Maximize Proc] Foreground Title: 
[2026-05-14T02:50:22.6900518-07:00] [pid=27484] ---> Focus Exec Name:  has WS_OVERLAPPEDWINDOW
[2026-05-14T02:50:22.6910568-07:00] [pid=27484] Focus Exec Name: wwise.exe
[2026-05-14T02:50:22.6910568-07:00] [pid=27484] ---> Focus Exec Name: wwise.exe has WS_OVERLAPPEDWINDOW
[2026-05-14T02:50:22.6975738-07:00] [pid=27484] [Maximize Proc] Foreground Title: 
[2026-05-14T02:50:22.6985748-07:00] [pid=27484] ---> Focus Exec Name:  has WS_OVERLAPPEDWINDOW
[2026-05-14T02:50:22.6985748-07:00] [pid=27484] [Maximize Proc] Foreground Title: 
[2026-05-14T02:50:22.6985748-07:00] [pid=27484] ---> Focus Exec Name:  has WS_OVERLAPPEDWINDOW
[2026-05-14T02:50:22.7085965-07:00] [pid=27484] [Maximize Proc] Foreground Title: Wwise
[2026-05-14T02:50:22.7085965-07:00] [pid=27484] ---> Focus Exec Name: Wwise has WS_OVERLAPPEDWINDOW
[2026-05-14T02:50:22.7085965-07:00] [pid=27484] [Maximize Proc] Foreground Title: Wwise
[2026-05-14T02:50:22.7085965-07:00] [pid=27484] ---> Focus Exec Name: Wwise has WS_OVERLAPPEDWINDOW
[2026-05-14T02:50:22.8554173-07:00] [pid=27484] Focus Exec Name: wwise.exe
[2026-05-14T02:50:22.8554173-07:00] [pid=27484] ---> Focus Exec Name: wwise.exe does not has WS_OVERLAPPEDWINDOW
[2026-05-14T02:50:22.8619437-07:00] [pid=27484] [Maximize Proc] Foreground Title: Wwise 2019.2.15 
[2026-05-14T02:50:22.8629414-07:00] [pid=27484] ---> Focus Exec Name: Wwise 2019.2.15  has WS_OVERLAPPEDWINDOW
[2026-05-14T02:50:22.8639543-07:00] [pid=27484] [Maximize Proc] Foreground Title: Wwise 2019.2.15 
[2026-05-14T02:50:22.8639543-07:00] [pid=27484] ---> Focus Exec Name: Wwise 2019.2.15  has WS_OVERLAPPEDWINDOW
[2026-05-14T02:50:23.2078587-07:00] [pid=18712] <1>May14 02:50:23.207 SF_18712[CpBoard] [CB] HandleClipboard S to C
[2026-05-14T02:50:23.2078587-07:00] [pid=18712] <1>May14 02:50:23.208 SF_18712[CpBoard] Send clipboard data to client fmt(13).
[2026-05-14T02:50:23.2078587-07:00] [pid=18712] <1>May14 02:50:23.208 SF_18712[CpBoard] [CB] Data Push start. len:454
[2026-05-14T02:50:23.3554632-07:00] [pid=17172] <<<_____ ImmerseAudioRenderer _____>>> 
[2026-05-14T02:50:23.3554632-07:00] [pid=17172] RegisterImmerseAudioRendererFX()
[2026-05-14T02:50:23.3554632-07:00] [pid=17172] 
[2026-05-14T02:50:23.3554632-07:00] [pid=17172] <<<_____ ImmerseAudioRenderer _____>>> 
[2026-05-14T02:50:23.3554632-07:00] [pid=17172] CreateImmerseManager
[2026-05-14T02:50:23.3554632-07:00] [pid=17172] 
[2026-05-14T02:50:23.3564699-07:00] [pid=17172] <<<_____ ImmerseAudioRenderer _____>>> 
[2026-05-14T02:50:23.3564699-07:00] [pid=17172] loadAndInitializeImmerseEngine
[2026-05-14T02:50:23.3564699-07:00] [pid=17172] 
[2026-05-14T02:50:23.3684920-07:00] [pid=17172] <<<_____ ImmerseAudioRenderer _____>>> 
[2026-05-14T02:50:23.3684920-07:00] [pid=17172] CreateDestroyImmerseManager
[2026-05-14T02:50:23.3684920-07:00] [pid=17172] 
[2026-05-14T02:50:23.3684920-07:00] [pid=17172] <<<_____ ImmerseAudioRenderer _____>>> 
[2026-05-14T02:50:23.3684920-07:00] [pid=17172] CreateImmerseManager
[2026-05-14T02:50:23.3694933-07:00] [pid=17172] 
[2026-05-14T02:50:23.4156712-07:00] [pid=17172] <<<_____ ImmerseAudioRenderer _____>>> 
[2026-05-14T02:50:23.4156712-07:00] [pid=17172] CreateImmerseAudioRendererFXParams()
[2026-05-14T02:50:23.4156712-07:00] [pid=17172] 
[2026-05-14T02:50:23.4156712-07:00] [pid=17172] <<<_____ ImmerseAudioRenderer _____>>> 
[2026-05-14T02:50:23.4166793-07:00] [pid=17172] WwiseFxNullParams::Init()
[2026-05-14T02:50:23.4166793-07:00] [pid=17172] 
[2026-05-14T02:50:23.4166793-07:00] [pid=17172] <<<_____ ImmerseAudioRenderer _____>>> 
[2026-05-14T02:50:23.4166793-07:00] [pid=17172] WwiseFxNullParams::SetParam()
[2026-05-14T02:50:23.4166793-07:00] [pid=17172] 
[2026-05-14T02:50:23.4166793-07:00] [pid=17172] <<<_____ ImmerseAudioRenderer _____>>> 
[2026-05-14T02:50:23.4166793-07:00] [pid=17172] WwiseFxNullParams::SetParam()
[2026-05-14T02:50:23.4166793-07:00] [pid=17172] 
[2026-05-14T02:50:23.4166793-07:00] [pid=17172] <<<_____ ImmerseAudioRenderer _____>>> 
[2026-05-14T02:50:23.4166793-07:00] [pid=17172] WwiseFxNullParams::SetParam()
[2026-05-14T02:50:23.4166793-07:00] [pid=17172] 
[2026-05-14T02:50:23.4166793-07:00] [pid=17172] <<<_____ ImmerseAudioRenderer _____>>> 
[2026-05-14T02:50:23.4166793-07:00] [pid=17172] WwiseFxNullParams::SetParam()
[2026-05-14T02:50:23.4166793-07:00] [pid=17172] 
[2026-05-14T02:50:23.4166793-07:00] [pid=17172] <<<_____ ImmerseAudioRenderer _____>>> 
[2026-05-14T02:50:23.4166793-07:00] [pid=17172] WwiseFxNullParams::SetParam()
[2026-05-14T02:50:23.4166793-07:00] [pid=17172] 
[2026-05-14T02:50:23.4166793-07:00] [pid=17172] <<<_____ ImmerseAudioRenderer _____>>> 
[2026-05-14T02:50:23.4166793-07:00] [pid=17172] WwiseFxNullParams::SetParam()
[2026-05-14T02:50:23.4166793-07:00] [pid=17172] 
[2026-05-14T02:50:23.4176785-07:00] [pid=17172] <<<_____ ImmerseAudioRenderer _____>>> 
[2026-05-14T02:50:23.4176785-07:00] [pid=17172] WwiseFxNullParams::SetParam()
[2026-05-14T02:50:23.4176785-07:00] [pid=17172] 
[2026-05-14T02:50:23.4176785-07:00] [pid=17172] <<<_____ ImmerseAudioRenderer _____>>> 
[2026-05-14T02:50:23.4176785-07:00] [pid=17172] WwiseFxNullParams::SetParam()
[2026-05-14T02:50:23.4176785-07:00] [pid=17172] 
[2026-05-14T02:50:23.4176785-07:00] [pid=17172] <<<_____ ImmerseAudioRenderer _____>>> 
[2026-05-14T02:50:23.4176785-07:00] [pid=17172] WwiseFxNullParams::SetParam()
[2026-05-14T02:50:23.4176785-07:00] [pid=17172] 
[2026-05-14T02:50:23.4176785-07:00] [pid=17172] <<<_____ ImmerseAudioRenderer _____>>> 
[2026-05-14T02:50:23.4176785-07:00] [pid=17172] WwiseFxNullParams::ApplyParam()
[2026-05-14T02:50:23.4176785-07:00] [pid=17172] 
[2026-05-14T02:50:23.4176785-07:00] [pid=17172] <<<_____ ImmerseAudioRenderer _____>>> 
[2026-05-14T02:50:23.4186785-07:00] [pid=17172] WwiseFxNullParams::ApplyParam()
[2026-05-14T02:50:23.4186785-07:00] [pid=17172] 
[2026-05-14T02:50:23.4186785-07:00] [pid=17172] <<<_____ ImmerseAudioRenderer _____>>> 
[2026-05-14T02:50:23.4186785-07:00] [pid=17172] WwiseFxNullParams::ApplyParam()
[2026-05-14T02:50:23.4186785-07:00] [pid=17172] 
[2026-05-14T02:50:23.4186785-07:00] [pid=17172] <<<_____ ImmerseAudioRenderer _____>>> 
[2026-05-14T02:50:23.4186785-07:00] [pid=17172] WwiseFxNullParams::ApplyParam()
[2026-05-14T02:50:23.4186785-07:00] [pid=17172] 
[2026-05-14T02:50:23.4186785-07:00] [pid=17172] <<<_____ ImmerseAudioRenderer _____>>> 
[2026-05-14T02:50:23.4186785-07:00] [pid=17172] WwiseFxNullParams::ApplyParam()
[2026-05-14T02:50:23.4186785-07:00] [pid=17172] 
[2026-05-14T02:50:23.4186785-07:00] [pid=17172] <<<_____ ImmerseAudioRenderer _____>>> 
[2026-05-14T02:50:23.4186785-07:00] [pid=17172] WwiseFxNullParams::ApplyParam()
[2026-05-14T02:50:23.4186785-07:00] [pid=17172] 
[2026-05-14T02:50:23.4186785-07:00] [pid=17172] <<<_____ ImmerseAudioRenderer _____>>> 
[2026-05-14T02:50:23.4186785-07:00] [pid=17172] WwiseFxNullParams::ApplyParam()
[2026-05-14T02:50:23.4186785-07:00] [pid=17172] 
[2026-05-14T02:50:23.4186785-07:00] [pid=17172] <<<_____ ImmerseAudioRenderer _____>>> 
[2026-05-14T02:50:23.4196787-07:00] [pid=17172] WwiseFxNullParams::ApplyParam()
[2026-05-14T02:50:23.4196787-07:00] [pid=17172] 
[2026-05-14T02:50:23.4196787-07:00] [pid=17172] <<<_____ ImmerseAudioRenderer _____>>> 
[2026-05-14T02:50:23.4196787-07:00] [pid=17172] WwiseFxNullParams::ApplyParam()
[2026-05-14T02:50:23.4196787-07:00] [pid=17172] 
[2026-05-14T02:50:23.4602899-07:00] [pid=27484] Focus Exec Name: wwise.exe
[2026-05-14T02:50:23.4602899-07:00] [pid=27484] ---> Focus Exec Name: wwise.exe has WS_OVERLAPPEDWINDOW
[2026-05-14T02:50:23.9129601-07:00] [pid=27484] Focus Exec Name: wwise.exe
[2026-05-14T02:50:23.9129601-07:00] [pid=27484] ---> Focus Exec Name: wwise.exe has WS_OVERLAPPEDWINDOW
[2026-05-14T02:50:23.9164708-07:00] [pid=27484] Focus Exec Name: wwise.exe
[2026-05-14T02:50:23.9164708-07:00] [pid=27484] ---> Focus Exec Name: wwise.exe has WS_OVERLAPPEDWINDOW
[2026-05-14T02:50:24.4667523-07:00] [pid=27484] Focus Exec Name: wwise.exe
[2026-05-14T02:50:24.4667523-07:00] [pid=27484] ---> Focus Exec Name: wwise.exe has WS_OVERLAPPEDWINDOW
[2026-05-14T02:50:24.4732763-07:00] [pid=27484] Focus Exec Name: wwise.exe
[2026-05-14T02:50:24.4732763-07:00] [pid=27484] ---> Focus Exec Name: wwise.exe has WS_OVERLAPPEDWINDOW
[2026-05-14T02:50:28.3801739-07:00] [pid=2372] Looking for binary: ../../../Engine/Programs/CrashReportClient/Config/BinaryConfig.ini
[2026-05-14T02:50:28.3932022-07:00] [pid=2372] CrashReportClientDiagnosticLog: CRC/Init:2026.05.14-09.50.28
[2026-05-14T02:50:28.3932022-07:00] [pid=2372] LogPlatformFile: Not using cached read wrapper
[2026-05-14T02:50:28.3932022-07:00] [pid=2372] LogTaskGraph: Started task graph with 4 named threads and 22 total threads with 1 sets of task threads.
[2026-05-14T02:50:28.3932022-07:00] [pid=2372] LogICUInternationalization: ICU TimeZone Detection - Raw Offset: -8:00, Platform Override: ''
[2026-05-14T02:50:28.3932022-07:00] [pid=2372] LogInit: Display: Loading text-based GConfig....
[2026-05-14T02:50:28.4774034-07:00] [pid=2372] LogInit: Build: ++UE4+Release-4.27-CL-18319896
[2026-05-14T02:50:28.4774034-07:00] [pid=2372] LogInit: Engine Version: 4.27.2-18319896+++UE4+Release-4.27
[2026-05-14T02:50:28.4774034-07:00] [pid=2372] LogInit: Compatible Engine Version: 4.27.0-17155196+++UE4+Release-4.27
[2026-05-14T02:50:28.4774034-07:00] [pid=2372] LogInit: Net CL: 17155196
[2026-05-14T02:50:28.4774034-07:00] [pid=2372] LogInit: OS: Windows 10 (Release 2009) (), CPU: 13th Gen Intel(R) Core(TM) i7-13650HX, GPU: Intel(R) UHD Graphics
[2026-05-14T02:50:28.4774034-07:00] [pid=2372] LogInit: Compiled (64-bit): Nov 30 2021 08:03:32
[2026-05-14T02:50:28.4774034-07:00] [pid=2372] LogInit: Compiled with Visual C++: 19.24.28315.00
[2026-05-14T02:50:28.4774034-07:00] [pid=2372] LogInit: Build Configuration: Shipping
[2026-05-14T02:50:28.4774034-07:00] [pid=2372] LogInit: Branch Name: ++UE4+Release-4.27
[2026-05-14T02:50:28.4774034-07:00] [pid=2372] LogInit: Command Line: "C:\Program Files\Epic Games\UE_4.27\Engine\Binaries\Win64\CrashReportClientEditor.exe" "../../../Engine/Binaries/Win64/CrashReportClientEditor.exe"  -READ=544 -WRITE=556 -MONITOR=7568 -unattended -ConcertServer="4E43B0624393E5275EFED188584765CC" -RespawnedInstance
[2026-05-14T02:50:28.4784045-07:00] [pid=2372] LogInit: Base Directory: C:/Program Files/Epic Games/UE_4.27/Engine/Binaries/Win64/
[2026-05-14T02:50:28.4784045-07:00] [pid=2372] LogInit: Allocator: TBB
[2026-05-14T02:50:28.4784045-07:00] [pid=2372] LogInit: Installed Engine Build: 1
[2026-05-14T02:50:28.4899280-07:00] [pid=2372] LogInit: Presizing for max 2097152 objects, including 1 objects not considered by GC, pre-allocating 0 bytes for permanent pool.
[2026-05-14T02:50:28.4899280-07:00] [pid=2372] LogConfig: Applying CVar settings from Section [/Script/Engine.StreamingSettings] File [C:/Users/kapil/AppData/Local/CrashReportClient/Saved/Config/WindowsNoEditor/Engine.ini]
[2026-05-14T02:50:28.4899280-07:00] [pid=2372] LogConfig: Setting CVar [[s.MinBulkDataSizeForAsyncLoading:131072]]
[2026-05-14T02:50:28.4899280-07:00] [pid=2372] LogConfig: Setting CVar [[s.AsyncLoadingThreadEnabled:0]]
[2026-05-14T02:50:28.4909333-07:00] [pid=2372] LogConfig: Setting CVar [[s.EventDrivenLoaderEnabled:1]]
[2026-05-14T02:50:28.4909333-07:00] [pid=2372] LogConfig: Setting CVar [[s.WarnIfTimeLimitExceeded:0]]
[2026-05-14T02:50:28.4909333-07:00] [pid=2372] LogConfig: Setting CVar [[s.TimeLimitExceededMultiplier:1.5]]
[2026-05-14T02:50:28.4909333-07:00] [pid=2372] LogConfig: Setting CVar [[s.TimeLimitExceededMinTime:0.005]]
[2026-05-14T02:50:28.4909333-07:00] [pid=2372] LogConfig: Setting CVar [[s.FlushStreamingOnExit:1]]
[2026-05-14T02:50:28.4919370-07:00] [pid=2372] LogInit: Object subsystem initialized
[2026-05-14T02:50:28.4929373-07:00] [pid=2372] LogConfig: Applying CVar settings from Section [ConsoleVariables] File [C:/Users/kapil/AppData/Local/CrashReportClient/Saved/Config/WindowsNoEditor/Engine.ini]
[2026-05-14T02:50:28.4939371-07:00] [pid=2372] [2026.05.14-09.50.28:493][  0]LogInit: Computer: IMMERSEDEMOM5
[2026-05-14T02:50:28.4939371-07:00] [pid=2372] [2026.05.14-09.50.28:493][  0]LogInit: User: kapil
[2026-05-14T02:50:28.4939371-07:00] [pid=2372] [2026.05.14-09.50.28:493][  0]LogInit: CPU Page size=4096, Cores=14
[2026-05-14T02:50:28.4939371-07:00] [pid=2372] [2026.05.14-09.50.28:493][  0]LogInit: High frequency timer resolution =10.000000 MHz
[2026-05-14T02:50:28.4939371-07:00] [pid=2372] [2026.05.14-09.50.28:493][  0]LogMemory: Memory total: Physical=15.7GB (16GB approx)
[2026-05-14T02:50:28.4954410-07:00] [pid=2372] [2026.05.14-09.50.28:493][  0]LogMemory: Platform Memory Stats for WindowsNoEditor
[2026-05-14T02:50:28.4954410-07:00] [pid=2372] [2026.05.14-09.50.28:493][  0]LogMemory: Process Physical Memory: 30.58 MB used, 30.59 MB peak
[2026-05-14T02:50:28.4954410-07:00] [pid=2372] [2026.05.14-09.50.28:495][  0]LogMemory: Process Virtual Memory: 65.80 MB used, 65.80 MB peak
[2026-05-14T02:50:28.4954410-07:00] [pid=2372] [2026.05.14-09.50.28:495][  0]LogMemory: Physical Memory: 14361.52 MB used,  1707.18 MB free, 16068.70 MB total
[2026-05-14T02:50:28.4954410-07:00] [pid=2372] [2026.05.14-09.50.28:495][  0]LogMemory: Virtual Memory: 134210992.00 MB used,  6739.09 MB free, 134217728.00 MB total
[2026-05-14T02:50:28.5064752-07:00] [pid=2372] [2026.05.14-09.50.28:506][  0]LogUObjectArray: 363 objects as part of root set at end of initial load.
[2026-05-14T02:50:28.5064752-07:00] [pid=2372] [2026.05.14-09.50.28:506][  0]LogUObjectArray: 0 objects are not in the root set, but can never be destroyed because they are in the DisregardForGC set.
[2026-05-14T02:50:28.5064752-07:00] [pid=2372] [2026.05.14-09.50.28:506][  0]LogUObjectAllocator: 53496 out of 0 bytes used by permanent object pool.
[2026-05-14T02:50:28.5064752-07:00] [pid=2372] [2026.05.14-09.50.28:506][  0]LogUObjectArray: CloseDisregardForGC: 363/363 objects in disregard for GC pool
[2026-05-14T02:50:28.5064752-07:00] [pid=2372] [2026.05.14-09.50.28:506][  0]LogInit: Using OS detected language (en-US).
[2026-05-14T02:50:28.5064752-07:00] [pid=2372] [2026.05.14-09.50.28:506][  0]LogInit: Using OS detected locale (en-US).
[2026-05-14T02:50:28.5094754-07:00] [pid=2372] [2026.05.14-09.50.28:508][  0]LogTextLocalizationManager: No specific localization for 'en-US' exists, so the 'en' localization will be used.
[2026-05-14T02:50:28.5295233-07:00] [pid=2372] [2026.05.14-09.50.28:529][  0]LogInit: Using OS detected language (en-US).
[2026-05-14T02:50:28.5295233-07:00] [pid=2372] [2026.05.14-09.50.28:529][  0]LogInit: Using OS detected locale (en-US).
[2026-05-14T02:50:28.5295233-07:00] [pid=2372] [2026.05.14-09.50.28:529][  0]LogTextLocalizationManager: No localization for 'en-US' exists, so 'en' will be used for the language.
[2026-05-14T02:50:28.5300264-07:00] [pid=2372] [2026.05.14-09.50.28:529][  0]LogTextLocalizationManager: No localization for 'en-US' exists, so 'en' will be used for the locale.
[2026-05-14T02:50:28.5300264-07:00] [pid=2372] [2026.05.14-09.50.28:530][  0]LogTextLocalizationManager: Compacting localization data took   0.00ms
[2026-05-14T02:50:28.5300264-07:00] [pid=2372] [2026.05.14-09.50.28:530][  0]LogPackageLocalizationCache: Processed 2 localized package path(s) for 1 prioritized culture(s) in 0.000096 seconds
[2026-05-14T02:50:28.5310315-07:00] [pid=2372] [2026.05.14-09.50.28:531][  0]CrashReportClientDiagnosticLog: CRC/Load
[2026-05-14T02:50:28.5320360-07:00] [pid=2372] [2026.05.14-09.50.28:532][  0]CrashReportClientDiagnosticLog: CRC/Config
[2026-05-14T02:50:28.5320360-07:00] [pid=2372] [2026.05.14-09.50.28:532][  0]CrashReportCoreLog: CrashReportClientVersion=1.0
[2026-05-14T02:50:28.5320360-07:00] [pid=2372] [2026.05.14-09.50.28:532][  0]CrashReportCoreLog: CrashReportReceiver disabled
[2026-05-14T02:50:28.5320360-07:00] [pid=2372] [2026.05.14-09.50.28:532][  0]CrashReportCoreLog: DataRouterUrl: https://datarouter.ol.epicgames.com/datarouter/api/v1/public/data
[2026-05-14T02:50:28.5330368-07:00] [pid=2372] [2026.05.14-09.50.28:533][  0]LogCrashDebugHelper: DepotName: //UE4/Release-4.27
[2026-05-14T02:50:28.5330368-07:00] [pid=2372] [2026.05.14-09.50.28:533][  0]LogCrashDebugHelper: BuiltFromCL: 18319896
[2026-05-14T02:50:28.5330368-07:00] [pid=2372] [2026.05.14-09.50.28:533][  0]LogCrashDebugHelper: EngineVersion: 4.27.2-18319896+++UE4+Release-4.27
[2026-05-14T02:50:28.5330368-07:00] [pid=2372] [2026.05.14-09.50.28:533][  0]LogCrashDebugHelper: BuildVersion: ++UE4+Release-4.27-CL-18319896
[2026-05-14T02:50:28.5340364-07:00] [pid=2372] [2026.05.14-09.50.28:534][  0]CrashReportClientDiagnosticLog: Monitor/Start:2372
[2026-05-14T02:50:28.5340364-07:00] [pid=2372] [2026.05.14-09.50.28:534][  0]CrashReportClientDiagnosticLog: OpenProcess/Done
[2026-05-14T02:50:28.5400561-07:00] [pid=24380] [2026.05.14-09.50.28:540][558]LogExternalChatPresentation: HandleLoadUrl POST https://presence-public-service-prod.social.live.on.epicgames.com/presence/api/v1/_/6da9797861944dd5b2bedb495b874fce/presence/1a8fe8fffe0b90c5-00000001-05ce6ddc-82f4fe7856770023-cac8f375
[2026-05-14T02:50:29.9611557-07:00] [pid=24380] [2026.05.14-09.50.29:961][588]LogRunningAppService: Display: New foreground process [7568] C:/Program Files/Epic Games/UE_4.27/Engine/Binaries/Win64/UE4Editor.exe for app C:/Program Files/Epic Games/UE_4.27/
[2026-05-14T02:50:29.9611557-07:00] [pid=24380] [2026.05.14-09.50.29:961][588]LogRunningAppService: Display: New foreground process [2372] C:/Program Files/Epic Games/UE_4.27/Engine/Binaries/Win64/CrashReportClientEditor.exe for app C:/Program Files/Epic Games/UE_4.27/
[2026-05-14T02:50:29.9611557-07:00] [pid=24380] [2026.05.14-09.50.29:961][588]LogRunningAppService: Display: New foreground app C:/Program Files/Epic Games/UE_4.27/
[2026-05-14T02:50:29.9621623-07:00] [pid=24380] [2026.05.14-09.50.29:962][588]LogRunningAppPresenceHandler: Display: Setting override presence for C:/Program Files/Epic Games/UE_4.27/ (PresenceId=ue)
[2026-05-14T02:50:30.5123009-07:00] [pid=7568] Looking for binary: ../../../../../../Users/kapil/OneDrive/Documents/Unreal Projects/testTP/Config/BinaryConfig.ini
[2026-05-14T02:50:30.5133018-07:00] [pid=7568] LogWindows: Failed to load 'aqProf.dll' (GetLastError=126)
[2026-05-14T02:50:30.5133018-07:00] [pid=7568] LogWindows: File 'aqProf.dll' does not exist
[2026-05-14T02:50:30.5133018-07:00] [pid=7568] LogWindows: Failed to load 'VtuneApi.dll' (GetLastError=126)
[2026-05-14T02:50:30.5143012-07:00] [pid=7568] LogWindows: File 'VtuneApi.dll' does not exist
[2026-05-14T02:50:30.5143012-07:00] [pid=7568] LogWindows: Failed to load 'VtuneApi32e.dll' (GetLastError=126)
[2026-05-14T02:50:30.5143012-07:00] [pid=7568] LogWindows: File 'VtuneApi32e.dll' does not exist
[2026-05-14T02:50:30.5143012-07:00] [pid=7568] LogConsoleResponse: Display: Failed to find resolution value strings in scalability ini. Falling back to default.
[2026-05-14T02:50:30.5143012-07:00] [pid=7568] LogConsoleResponse: Display: Failed to find resolution value strings in scalability ini. Falling back to default.
[2026-05-14T02:50:30.5143012-07:00] [pid=7568] LogInit: Display: Running engine for game: testTP
[2026-05-14T02:50:30.5143012-07:00] [pid=7568] LogPlatformFile: Not using cached read wrapper
[2026-05-14T02:50:30.5143012-07:00] [pid=7568] LogTaskGraph: Started task graph with 5 named threads and 59 total threads with 3 sets of task threads.
[2026-05-14T02:50:30.5143012-07:00] [pid=7568] LogStats: Stats thread started at 0.685469
[2026-05-14T02:50:30.5143012-07:00] [pid=7568] LogICUInternationalization: ICU TimeZone Detection - Raw Offset: -8:00, Platform Override: ''
[2026-05-14T02:50:30.5143012-07:00] [pid=7568] LogInit: Display: Loading text-based GConfig....
[2026-05-14T02:50:30.6618578-07:00] [pid=7568] LogPluginManager: Mounting plugin MeshPainting
[2026-05-14T02:50:30.6628646-07:00] [pid=7568] LogPluginManager: Mounting plugin XGEController
[2026-05-14T02:50:30.6663761-07:00] [pid=7568] LogPluginManager: Mounting plugin AISupport
[2026-05-14T02:50:30.6698864-07:00] [pid=7568] LogPluginManager: Mounting plugin Paper2D
[2026-05-14T02:50:30.6784200-07:00] [pid=7568] LogPluginManager: Mounting plugin EnvironmentQueryEditor
[2026-05-14T02:50:30.6799238-07:00] [pid=7568] LogPluginManager: Mounting plugin LightPropagationVolume
[2026-05-14T02:50:30.6819484-07:00] [pid=7568] LogPluginManager: Mounting plugin GameplayCameras
[2026-05-14T02:50:30.6829479-07:00] [pid=7568] LogPluginManager: Mounting plugin LiveLink
[2026-05-14T02:50:30.6940072-07:00] [pid=7568] LogPluginManager: Mounting plugin CameraShakePreviewer
[2026-05-14T02:50:30.6965302-07:00] [pid=7568] LogPluginManager: Mounting plugin AnimationSharing
[2026-05-14T02:50:30.6985257-07:00] [pid=7568] LogPluginManager: Mounting plugin CodeLiteSourceCodeAccess
[2026-05-14T02:50:30.7000378-07:00] [pid=7568] LogPluginManager: Mounting plugin GitSourceControl
[2026-05-14T02:50:30.7010521-07:00] [pid=7568] LogPluginManager: Mounting plugin CLionSourceCodeAccess
[2026-05-14T02:50:30.7030569-07:00] [pid=7568] LogPluginManager: Mounting plugin PerforceSourceControl
[2026-05-14T02:50:30.7040655-07:00] [pid=7568] LogPluginManager: Mounting plugin PluginUtils
[2026-05-14T02:50:30.7055784-07:00] [pid=7568] LogPluginManager: Mounting plugin PixWinPlugin
[2026-05-14T02:50:30.7066009-07:00] [pid=7568] LogPluginManager: Mounting plugin PropertyAccessNode
[2026-05-14T02:50:30.7086001-07:00] [pid=7568] LogPluginManager: Mounting plugin KDevelopSourceCodeAccess
[2026-05-14T02:50:30.7101048-07:00] [pid=7568] LogPluginManager: Mounting plugin Niagara
[2026-05-14T02:50:30.7221658-07:00] [pid=7568] LogPluginManager: Mounting plugin NullSourceCodeAccess
[2026-05-14T02:50:30.7231693-07:00] [pid=7568] LogPluginManager: Mounting plugin PlasticSourceControl
[2026-05-14T02:50:30.7251199-07:00] [pid=7568] LogPluginManager: Mounting plugin SubversionSourceControl
[2026-05-14T02:50:30.7271489-07:00] [pid=7568] LogPluginManager: Mounting plugin RiderSourceCodeAccess
[2026-05-14T02:50:30.7296565-07:00] [pid=7568] LogPluginManager: Mounting plugin LuminPlatformFeatures
[2026-05-14T02:50:30.7316687-07:00] [pid=7568] LogPluginManager: Mounting plugin VisualStudioSourceCodeAccess
[2026-05-14T02:50:30.7346780-07:00] [pid=7568] LogPluginManager: Mounting plugin UObjectPlugin
[2026-05-14T02:50:30.7356846-07:00] [pid=7568] LogPluginManager: Mounting plugin TextureFormatOodle
[2026-05-14T02:50:30.7377022-07:00] [pid=7568] LogPluginManager: Mounting plugin XCodeSourceCodeAccess
[2026-05-14T02:50:30.7402102-07:00] [pid=7568] LogPluginManager: Mounting plugin VisualStudioCodeSourceCodeAccess
[2026-05-14T02:50:30.7412189-07:00] [pid=7568] LogPluginManager: Mounting plugin AssetManagerEditor
[2026-05-14T02:50:30.7432264-07:00] [pid=7568] LogPluginManager: Mounting plugin MagicLeap
[2026-05-14T02:50:30.7603051-07:00] [pid=24380] [2026.05.14-09.50.30:760][603]LogOnline: Warning: OSS: Invalid response. CorrId=UE5-f8b698bb42db84b438be4e9e5183ed14-C7DFF54D43F2A7A3F4FB4092E3E67E0E-65ACA0664BA8BC6028680ABFC1489B21 code=404 errorcode=errors.com.epicgames.library.not_found.item_source errormessage=Item source not found. errorraw={
  "errorCode" : "errors.com.epicgames.library.not_found.item_source",
  "errorMessage" : "Item source not found.",
  "messageVars" : [ ],
  "numericErrorCode" : 53026,
  "originatingService" : "library-service",
  "intent" : "prod"
}
[2026-05-14T02:50:30.7603051-07:00] [pid=24380] [2026.05.14-09.50.30:760][603]LogOnline: Warning: OSS: QuerySourceType request failed. Item source not found.
[2026-05-14T02:50:30.7633372-07:00] [pid=7568] LogPluginManager: Mounting plugin MagicLeapLightEstimation
[2026-05-14T02:50:30.7713566-07:00] [pid=7568] LogPluginManager: Mounting plugin MagicLeapMedia
[2026-05-14T02:50:30.7723703-07:00] [pid=7568] LogPluginManager: Mounting plugin CurveEditorTools
[2026-05-14T02:50:30.7743680-07:00] [pid=7568] LogPluginManager: Mounting plugin CryptoKeys
[2026-05-14T02:50:30.7763834-07:00] [pid=7568] LogPluginManager: Mounting plugin FacialAnimation
[2026-05-14T02:50:30.7773832-07:00] [pid=7568] LogPluginManager: Mounting plugin MLSDK
[2026-05-14T02:50:30.7793844-07:00] [pid=7568] LogPluginManager: Mounting plugin MacGraphicsSwitching
[2026-05-14T02:50:30.7809087-07:00] [pid=7568] LogPluginManager: Mounting plugin DataValidation
[2026-05-14T02:50:30.7819245-07:00] [pid=7568] LogPluginManager: Mounting plugin GeometryMode
[2026-05-14T02:50:30.7829220-07:00] [pid=7568] LogPluginManager: Mounting plugin GameplayTagsEditor
[2026-05-14T02:50:30.7839241-07:00] [pid=7568] LogPluginManager: Mounting plugin MagicLeapPassableWorld
[2026-05-14T02:50:30.7864638-07:00] [pid=7568] LogPluginManager: Mounting plugin MaterialAnalyzer
[2026-05-14T02:50:30.7884543-07:00] [pid=7568] LogPluginManager: Mounting plugin MobileLauncherProfileWizard
[2026-05-14T02:50:30.7899743-07:00] [pid=7568] LogPluginManager: Mounting plugin PluginBrowser
[2026-05-14T02:50:30.7909826-07:00] [pid=7568] LogPluginManager: Mounting plugin SpeedTreeImporter
[2026-05-14T02:50:30.7929859-07:00] [pid=7568] LogPluginManager: Mounting plugin DatasmithContent
[2026-05-14T02:50:30.7939931-07:00] [pid=7568] LogPluginManager: Mounting plugin VariantManagerContent
[2026-05-14T02:50:30.8076068-07:00] [pid=7568] LogPluginManager: Mounting plugin ActorSequence
[2026-05-14T02:50:30.8096069-07:00] [pid=7568] LogPluginManager: Mounting plugin MatineeToLevelSequence
[2026-05-14T02:50:30.8101169-07:00] [pid=24380] [2026.05.14-09.50.30:810][604]LogCommunityPortalOSS: Display: ...found 481 entitled apps
[2026-05-14T02:50:30.8111325-07:00] [pid=7568] LogPluginManager: Mounting plugin LevelSequenceEditor
[2026-05-14T02:50:30.8121468-07:00] [pid=7568] LogPluginManager: Mounting plugin TemplateSequence
[2026-05-14T02:50:30.8141486-07:00] [pid=7568] LogPluginManager: Mounting plugin TcpMessaging
[2026-05-14T02:50:30.8156592-07:00] [pid=7568] LogPluginManager: Mounting plugin LauncherChunkInstaller
[2026-05-14T02:50:30.8166798-07:00] [pid=7568] LogPluginManager: Mounting plugin UdpMessaging
[2026-05-14T02:50:30.8186737-07:00] [pid=7568] LogPluginManager: Mounting plugin AndroidMedia
[2026-05-14T02:50:30.8201926-07:00] [pid=7568] LogPluginManager: Mounting plugin AvfMedia
[2026-05-14T02:50:30.8212107-07:00] [pid=7568] LogPluginManager: Mounting plugin ImgMedia
[2026-05-14T02:50:30.8232247-07:00] [pid=7568] LogPluginManager: Mounting plugin MediaCompositing
[2026-05-14T02:50:30.8247369-07:00] [pid=7568] LogPluginManager: Mounting plugin MediaPlayerEditor
[2026-05-14T02:50:30.8257538-07:00] [pid=7568] LogPluginManager: Mounting plugin WebMMedia
[2026-05-14T02:50:30.8277528-07:00] [pid=7568] LogPluginManager: Mounting plugin WmfMedia
[2026-05-14T02:50:30.8287491-07:00] [pid=7568] LogPluginManager: Mounting plugin OnlineSubsystem
[2026-05-14T02:50:30.8302688-07:00] [pid=7568] LogPluginManager: Mounting plugin OnlineSubsystemNull
[2026-05-14T02:50:30.8322964-07:00] [pid=7568] LogPluginManager: Mounting plugin OnlineSubsystemUtils
[2026-05-14T02:50:30.8342913-07:00] [pid=7568] LogPluginManager: Mounting plugin ScreenshotTools
[2026-05-14T02:50:30.8357979-07:00] [pid=7568] LogPluginManager: Mounting plugin AlembicImporter
[2026-05-14T02:50:30.8368064-07:00] [pid=7568] LogPluginManager: Mounting plugin AutomationUtils
[2026-05-14T02:50:30.8388062-07:00] [pid=7568] LogPluginManager: Mounting plugin BackChannel
[2026-05-14T02:50:30.8403134-07:00] [pid=7568] LogPluginManager: Mounting plugin ChaosEditor
[2026-05-14T02:50:30.8413266-07:00] [pid=7568] LogPluginManager: Mounting plugin ChaosCloth
[2026-05-14T02:50:30.8433363-07:00] [pid=7568] LogPluginManager: Mounting plugin ChaosSolverPlugin
[2026-05-14T02:50:30.8443367-07:00] [pid=7568] LogPluginManager: Mounting plugin CharacterAI
[2026-05-14T02:50:30.8458471-07:00] [pid=7568] LogPluginManager: Mounting plugin ChaosClothEditor
[2026-05-14T02:50:30.8478648-07:00] [pid=7568] LogPluginManager: Mounting plugin ChaosNiagara
[2026-05-14T02:50:30.8493750-07:00] [pid=7568] LogPluginManager: Mounting plugin ActorLayerUtilities
[2026-05-14T02:50:30.8513875-07:00] [pid=7568] LogPluginManager: Mounting plugin Takes
[2026-05-14T02:50:30.8524032-07:00] [pid=7568] LogPluginManager: Mounting plugin AndroidDeviceProfileSelector
[2026-05-14T02:50:30.8543998-07:00] [pid=7568] LogPluginManager: Mounting plugin AndroidMoviePlayer
[2026-05-14T02:50:30.8553999-07:00] [pid=7568] LogPluginManager: Mounting plugin AndroidPermission
[2026-05-14T02:50:30.8574133-07:00] [pid=7568] LogPluginManager: Mounting plugin ArchVisCharacter
[2026-05-14T02:50:30.8594131-07:00] [pid=7568] LogPluginManager: Mounting plugin ChunkDownloader
[2026-05-14T02:50:30.8599247-07:00] [pid=7568] LogPluginManager: Mounting plugin AudioSynesthesia
[2026-05-14T02:50:30.8619473-07:00] [pid=7568] LogPluginManager: Mounting plugin AudioCapture
[2026-05-14T02:50:30.8629487-07:00] [pid=7568] LogPluginManager: Mounting plugin AssetTags
[2026-05-14T02:50:30.8639522-07:00] [pid=7568] LogPluginManager: Mounting plugin AppleMoviePlayer
[2026-05-14T02:50:30.8664926-07:00] [pid=7568] LogPluginManager: Mounting plugin CustomMeshComponent
[2026-05-14T02:50:30.8674917-07:00] [pid=7568] LogPluginManager: Mounting plugin CableComponent
[2026-05-14T02:50:30.8699976-07:00] [pid=7568] LogPluginManager: Mounting plugin AppleImageUtils
[2026-05-14T02:50:30.8710122-07:00] [pid=7568] LogPluginManager: Mounting plugin EditableMesh
[2026-05-14T02:50:30.8730220-07:00] [pid=7568] LogPluginManager: Mounting plugin GeometryCache
[2026-05-14T02:50:30.8740253-07:00] [pid=7568] LogPluginManager: Mounting plugin GoogleCloudMessaging
[2026-05-14T02:50:30.8755393-07:00] [pid=7568] LogPluginManager: Mounting plugin ExampleDeviceProfileSelector
[2026-05-14T02:50:30.8775619-07:00] [pid=7568] LogPluginManager: Mounting plugin GeometryProcessing
[2026-05-14T02:50:30.8785685-07:00] [pid=7568] LogPluginManager: Mounting plugin GeometryCollectionPlugin
[2026-05-14T02:50:30.8800742-07:00] [pid=7568] LogPluginManager: Mounting plugin OpenImageDenoise
[2026-05-14T02:50:30.8820977-07:00] [pid=7568] LogPluginManager: Mounting plugin MotoSynth
[2026-05-14T02:50:30.8911456-07:00] [pid=7568] LogPluginManager: Mounting plugin PlanarCut
[2026-05-14T02:50:30.8921578-07:00] [pid=7568] LogPluginManager: Mounting plugin PythonScriptPlugin
[2026-05-14T02:50:30.8931543-07:00] [pid=7568] LogPluginManager: Mounting plugin PlatformCrypto
[2026-05-14T02:50:30.8941600-07:00] [pid=7568] LogPluginManager: Mounting plugin ProxyLODPlugin
[2026-05-14T02:50:30.8967024-07:00] [pid=7568] LogPluginManager: Mounting plugin SkeletalReduction
[2026-05-14T02:50:30.8976970-07:00] [pid=7568] LogPluginManager: Mounting plugin GooglePAD
[2026-05-14T02:50:30.8996973-07:00] [pid=7568] LogPluginManager: Mounting plugin IOSDeviceProfileSelector
[2026-05-14T02:50:30.9012213-07:00] [pid=7568] LogPluginManager: Mounting plugin LocationServicesBPLibrary
[2026-05-14T02:50:30.9032333-07:00] [pid=7568] LogPluginManager: Mounting plugin LinuxDeviceProfileSelector
[2026-05-14T02:50:30.9042362-07:00] [pid=7568] LogPluginManager: Mounting plugin MobilePatchingUtils
[2026-05-14T02:50:30.9057493-07:00] [pid=7568] LogPluginManager: Mounting plugin PostSplashScreen
[2026-05-14T02:50:30.9178242-07:00] [pid=7568] LogPluginManager: Mounting plugin OpenXR
[2026-05-14T02:50:30.9203594-07:00] [pid=7568] LogPluginManager: Mounting plugin PhysXVehicles
[2026-05-14T02:50:30.9314357-07:00] [pid=7568] LogPluginManager: Mounting plugin OpenXRHandTracking
[2026-05-14T02:50:30.9334513-07:00] [pid=7568] LogPluginManager: Mounting plugin OpenXREyeTracker
[2026-05-14T02:50:30.9344473-07:00] [pid=7568] LogPluginManager: Mounting plugin ProceduralMeshComponent
[2026-05-14T02:50:30.9354521-07:00] [pid=7568] LogPluginManager: Mounting plugin PropertyAccessEditor
[2026-05-14T02:50:30.9374701-07:00] [pid=7568] LogPluginManager: Mounting plugin SoundFields
[2026-05-14T02:50:30.9384627-07:00] [pid=7568] LogPluginManager: Mounting plugin SignificanceManager
[2026-05-14T02:50:30.9399870-07:00] [pid=7568] LogPluginManager: Mounting plugin RuntimePhysXCooking
[2026-05-14T02:50:30.9420226-07:00] [pid=7568] LogPluginManager: Mounting plugin Synthesis
[2026-05-14T02:50:30.9585954-07:00] [pid=7568] LogPluginManager: Mounting plugin WebMMoviePlayer
[2026-05-14T02:50:30.9601065-07:00] [pid=7568] LogPluginManager: Mounting plugin OodleNetwork
[2026-05-14T02:50:30.9621288-07:00] [pid=7568] LogPluginManager: Mounting plugin OodleData
[2026-05-14T02:50:30.9631209-07:00] [pid=7568] LogPluginManager: Mounting plugin WindowsMoviePlayer
[2026-05-14T02:50:30.9656383-07:00] [pid=7568] LogPluginManager: Mounting plugin ContentBrowserAssetDataSource
[2026-05-14T02:50:30.9676530-07:00] [pid=7568] LogPluginManager: Mounting plugin ContentBrowserFileDataSource
[2026-05-14T02:50:30.9696526-07:00] [pid=7568] LogPluginManager: Mounting plugin ContentBrowserClassDataSource
[2026-05-14T02:50:30.9711828-07:00] [pid=7568] LogPluginManager: Mounting plugin OnlineSubsystemGooglePlay
[2026-05-14T02:50:30.9731973-07:00] [pid=7568] LogPluginManager: Mounting plugin OnlineSubsystemIOS
[2026-05-14T02:50:30.9741909-07:00] [pid=7568] LogPluginManager: Mounting plugin OculusVR
[2026-05-14T02:50:30.9903094-07:00] [pid=7568] LogPluginManager: Mounting plugin SteamVR
[2026-05-14T02:50:30.9923368-07:00] [pid=7568] LogPluginManager: Mounting plugin Wwise
[2026-05-14T02:50:32.8348402-07:00] [pid=7568] PixWinPlugin: PIX capture plugin failed to initialize! Check that the process is launched from PIX.
[2026-05-14T02:50:33.0216816-07:00] [pid=7568] LogInit: Using libcurl 7.55.1-DEV
[2026-05-14T02:50:33.0226974-07:00] [pid=7568] LogInit:  - built for x86_64-pc-win32
[2026-05-14T02:50:33.0226974-07:00] [pid=7568] LogInit:  - supports SSL with OpenSSL/1.1.1
[2026-05-14T02:50:33.0226974-07:00] [pid=7568] LogInit:  - supports HTTP deflate (compression) using libz 1.2.8
[2026-05-14T02:50:33.0226974-07:00] [pid=7568] LogInit:  - other features:
[2026-05-14T02:50:33.0226974-07:00] [pid=7568] LogInit:      CURL_VERSION_SSL
[2026-05-14T02:50:33.0226974-07:00] [pid=7568] LogInit:      CURL_VERSION_LIBZ
[2026-05-14T02:50:33.0226974-07:00] [pid=7568] LogInit:      CURL_VERSION_IPV6
[2026-05-14T02:50:33.0226974-07:00] [pid=7568] LogInit:      CURL_VERSION_ASYNCHDNS
[2026-05-14T02:50:33.0226974-07:00] [pid=7568] LogInit:      CURL_VERSION_LARGEFILE
[2026-05-14T02:50:33.0236915-07:00] [pid=7568] LogInit:      CURL_VERSION_IDN
[2026-05-14T02:50:33.0236915-07:00] [pid=7568] LogInit:  CurlRequestOptions (configurable via config and command line):
[2026-05-14T02:50:33.0236915-07:00] [pid=7568] LogInit:  - bVerifyPeer = true  - Libcurl will verify peer certificate
[2026-05-14T02:50:33.0236915-07:00] [pid=7568] LogInit:  - bUseHttpProxy = false  - Libcurl will NOT use HTTP proxy
[2026-05-14T02:50:33.0236915-07:00] [pid=7568] LogInit:  - bDontReuseConnections = false  - Libcurl will reuse connections
[2026-05-14T02:50:33.0236915-07:00] [pid=7568] LogInit:  - MaxHostConnections = 16  - Libcurl will limit the number of connections to a host
[2026-05-14T02:50:33.0246930-07:00] [pid=7568] LogInit:  - LocalHostAddr = Default
[2026-05-14T02:50:33.0246930-07:00] [pid=7568] LogInit:  - BufferSize = 65536
[2026-05-14T02:50:33.1206398-07:00] [pid=7568] LogOnline: OSS: Creating online subsystem instance for: NULL
[2026-05-14T02:50:33.1236635-07:00] [pid=7568] LogInit: WinSock: version 1.1 (2.2), MaxSocks=32767, MaxUdp=65467
[2026-05-14T02:50:33.1261777-07:00] [pid=7568] LogOnline: OSS: TryLoadSubsystemAndSetDefault: Loaded subsystem for module [NULL]
[2026-05-14T02:50:33.3030087-07:00] [pid=7568] LogOculusPluginWrapper: OculusPlugin initialized successfully
[2026-05-14T02:50:33.3055272-07:00] [pid=7568] [OVRPlugin][ERROR] 
[2026-05-14T02:50:33.3055272-07:00] [pid=7568] ovr_Initialize failed: Unable to load LibOVRRT DLL
 (software\oculussdk\integrations\ovrplugin\main\src\util\compositorcapi.cpp:78)
[2026-05-14T02:50:33.3055272-07:00] [pid=7568] 
[2026-05-14T02:50:33.3055272-07:00] [pid=7568] LogHMD: Failed initializing OVRPlugin 1.59.0
[2026-05-14T02:50:33.3065175-07:00] [pid=7568] LogInit: Build: ++UE4+Release-4.27-CL-18319896
[2026-05-14T02:50:33.3065175-07:00] [pid=7568] LogInit: Engine Version: 4.27.2-18319896+++UE4+Release-4.27
[2026-05-14T02:50:33.3065175-07:00] [pid=7568] LogInit: Compatible Engine Version: 4.27.0-17155196+++UE4+Release-4.27
[2026-05-14T02:50:33.3065175-07:00] [pid=7568] LogInit: Net CL: 17155196
[2026-05-14T02:50:33.3065175-07:00] [pid=7568] LogInit: OS: Windows 10 (Release 2009) (), CPU: 13th Gen Intel(R) Core(TM) i7-13650HX, GPU: Intel(R) UHD Graphics
[2026-05-14T02:50:33.3065175-07:00] [pid=7568] LogInit: Compiled (64-bit): Nov 30 2021 07:12:08
[2026-05-14T02:50:33.3065175-07:00] [pid=7568] LogInit: Compiled with Visual C++: 19.24.28315.00
[2026-05-14T02:50:33.3075281-07:00] [pid=7568] LogInit: Build Configuration: Development
[2026-05-14T02:50:33.3075281-07:00] [pid=7568] LogInit: Branch Name: ++UE4+Release-4.27
[2026-05-14T02:50:33.3075281-07:00] [pid=7568] LogInit: Command Line:  /Game/ThirdPersonBP/Maps/ThirdPersonExampleMap -game -RenderOffscreen -unattended -nopause -NoSplash -abslog=C:\Users\kapil\AppData\Local\Temp\immerse_editor_20260514-025013.log
[2026-05-14T02:50:33.3075281-07:00] [pid=7568] LogInit: Base Directory: C:/Program Files/Epic Games/UE_4.27/Engine/Binaries/Win64/
[2026-05-14T02:50:33.3075281-07:00] [pid=7568] LogInit: Allocator: TBB
[2026-05-14T02:50:33.3075281-07:00] [pid=7568] LogInit: Installed Engine Build: 1
[2026-05-14T02:50:33.3075281-07:00] [pid=7568] LogDevObjectVersion: Number of dev versions registered: 29
[2026-05-14T02:50:33.3075281-07:00] [pid=7568] LogDevObjectVersion:   Dev-Blueprints (B0D832E4-1F89-4F0D-ACCF-7EB736FD4AA2): 10
[2026-05-14T02:50:33.3075281-07:00] [pid=7568] LogDevObjectVersion:   Dev-Build (E1C64328-A22C-4D53-A36C-8E866417BD8C): 0
[2026-05-14T02:50:33.3075281-07:00] [pid=7568] LogDevObjectVersion:   Dev-Core (375EC13C-06E4-48FB-B500-84F0262A717E): 4
[2026-05-14T02:50:33.3075281-07:00] [pid=7568] LogDevObjectVersion:   Dev-Editor (E4B068ED-F494-42E9-A231-DA0B2E46BB41): 40
[2026-05-14T02:50:33.3075281-07:00] [pid=7568] LogDevObjectVersion:   Dev-Framework (CFFC743F-43B0-4480-9391-14DF171D2073): 37
[2026-05-14T02:50:33.3075281-07:00] [pid=7568] LogDevObjectVersion:   Dev-Mobile (B02B49B5-BB20-44E9-A304-32B752E40360): 3
[2026-05-14T02:50:33.3090377-07:00] [pid=7568] LogDevObjectVersion:   Dev-Networking (A4E4105C-59A1-49B5-A7C5-40C4547EDFEE): 0
[2026-05-14T02:50:33.3090377-07:00] [pid=7568] LogDevObjectVersion:   Dev-Online (39C831C9-5AE6-47DC-9A44-9C173E1C8E7C): 0
[2026-05-14T02:50:33.3090377-07:00] [pid=7568] LogDevObjectVersion:   Dev-Physics (78F01B33-EBEA-4F98-B9B4-84EACCB95AA2): 14
[2026-05-14T02:50:33.3090377-07:00] [pid=7568] LogDevObjectVersion:   Dev-Platform (6631380F-2D4D-43E0-8009-CF276956A95A): 0
[2026-05-14T02:50:33.3090377-07:00] [pid=7568] LogDevObjectVersion:   Dev-Rendering (12F88B9F-8875-4AFC-A67C-D90C383ABD29): 45
[2026-05-14T02:50:33.3090377-07:00] [pid=7568] LogDevObjectVersion:   Dev-Sequencer (7B5AE74C-D270-4C10-A958-57980B212A5A): 13
[2026-05-14T02:50:33.3090377-07:00] [pid=7568] LogDevObjectVersion:   Dev-VR (D7296918-1DD6-4BDD-9DE2-64A83CC13884): 3
[2026-05-14T02:50:33.3090377-07:00] [pid=7568] LogDevObjectVersion:   Dev-LoadTimes (C2A15278-BFE7-4AFE-6C17-90FF531DF755): 1
[2026-05-14T02:50:33.3090377-07:00] [pid=7568] LogDevObjectVersion:   Private-Geometry (6EACA3D4-40EC-4CC1-B786-8BED09428FC5): 3
[2026-05-14T02:50:33.3090377-07:00] [pid=7568] LogDevObjectVersion:   Dev-AnimPhys (29E575DD-E0A3-4627-9D10-D276232CDCEA): 17
[2026-05-14T02:50:33.3090377-07:00] [pid=7568] LogDevObjectVersion:   Dev-Anim (AF43A65D-7FD3-4947-9873-3E8ED9C1BB05): 15
[2026-05-14T02:50:33.3090377-07:00] [pid=7568] LogDevObjectVersion:   Dev-ReflectionCapture (6B266CEC-1EC7-4B8F-A30B-E4D90942FC07): 1
[2026-05-14T02:50:33.3100458-07:00] [pid=7568] LogDevObjectVersion:   Dev-Automation (0DF73D61-A23F-47EA-B727-89E90C41499A): 1
[2026-05-14T02:50:33.3100458-07:00] [pid=7568] LogDevObjectVersion:   FortniteMain (601D1886-AC64-4F84-AA16-D3DE0DEAC7D6): 47
[2026-05-14T02:50:33.3100458-07:00] [pid=7568] LogDevObjectVersion:   FortniteRelease (E7086368-6B23-4C58-8439-1B7016265E91): 1
[2026-05-14T02:50:33.3100458-07:00] [pid=7568] LogDevObjectVersion:   Dev-Enterprise (9DFFBCD6-494F-0158-E221-12823C92A888): 10
[2026-05-14T02:50:33.3100458-07:00] [pid=7568] LogDevObjectVersion:   Dev-Niagara (F2AED0AC-9AFE-416F-8664-AA7FFA26D6FC): 1
[2026-05-14T02:50:33.3100458-07:00] [pid=7568] LogDevObjectVersion:   Dev-Destruction (174F1F0B-B4C6-45A5-B13F-2EE8D0FB917D): 10
[2026-05-14T02:50:33.3100458-07:00] [pid=7568] LogDevObjectVersion:   Dev-Physics-Ext (35F94A83-E258-406C-A318-09F59610247C): 41
[2026-05-14T02:50:33.3100458-07:00] [pid=7568] LogDevObjectVersion:   Dev-PhysicsMaterial-Chaos (B68FC16E-8B1B-42E2-B453-215C058844FE): 1
[2026-05-14T02:50:33.3100458-07:00] [pid=7568] LogDevObjectVersion:   Dev-CineCamera (B2E18506-4273-CFC2-A54E-F4BB758BBA07): 1
[2026-05-14T02:50:33.3100458-07:00] [pid=7568] LogDevObjectVersion:   Dev-VirtualProduction (64F58936-FD1B-42BA-BA96-7289D5D0FA4E): 1
[2026-05-14T02:50:33.3100458-07:00] [pid=7568] LogDevObjectVersion:   Dev-MediaFramework (6F0ED827-A609-4895-9C91-998D90180EA4): 2
[2026-05-14T02:50:33.3336243-07:00] [pid=7568] LogInit: Presizing for max 25165824 objects, including 0 objects not considered by GC, pre-allocating 0 bytes for permanent pool.
[2026-05-14T02:50:33.3336243-07:00] [pid=7568] LogConfig: Applying CVar settings from Section [/Script/Engine.StreamingSettings] File [C:/Users/kapil/OneDrive/Documents/Unreal Projects/testTP/Saved/Config/Windows/Engine.ini]
[2026-05-14T02:50:33.3336243-07:00] [pid=7568] LogConfig: Setting CVar [[s.MinBulkDataSizeForAsyncLoading:131072]]
[2026-05-14T02:50:33.3336243-07:00] [pid=7568] LogConfig: Setting CVar [[s.AsyncLoadingThreadEnabled:0]]
[2026-05-14T02:50:33.3336243-07:00] [pid=7568] LogConfig: Setting CVar [[s.EventDrivenLoaderEnabled:1]]
[2026-05-14T02:50:33.3351386-07:00] [pid=7568] LogConfig: Setting CVar [[s.WarnIfTimeLimitExceeded:0]]
[2026-05-14T02:50:33.3351386-07:00] [pid=7568] LogConfig: Setting CVar [[s.TimeLimitExceededMultiplier:1.5]]
[2026-05-14T02:50:33.3351386-07:00] [pid=7568] LogConfig: Setting CVar [[s.TimeLimitExceededMinTime:0.005]]
[2026-05-14T02:50:33.3351386-07:00] [pid=7568] LogConfig: Setting CVar [[s.UseBackgroundLevelStreaming:1]]
[2026-05-14T02:50:33.3351386-07:00] [pid=7568] LogConfig: Setting CVar [[s.PriorityAsyncLoadingExtraTime:15.0]]
[2026-05-14T02:50:33.3351386-07:00] [pid=7568] LogConfig: Setting CVar [[s.LevelStreamingActorsUpdateTimeLimit:5.0]]
[2026-05-14T02:50:33.3351386-07:00] [pid=7568] LogConfig: Setting CVar [[s.PriorityLevelStreamingActorsUpdateExtraTime:5.0]]
[2026-05-14T02:50:33.3351386-07:00] [pid=7568] LogConfig: Setting CVar [[s.LevelStreamingComponentsRegistrationGranularity:10]]
[2026-05-14T02:50:33.3351386-07:00] [pid=7568] LogConfig: Setting CVar [[s.UnregisterComponentsTimeLimit:1.0]]
[2026-05-14T02:50:33.3351386-07:00] [pid=7568] LogConfig: Setting CVar [[s.LevelStreamingComponentsUnregistrationGranularity:5]]
[2026-05-14T02:50:33.3351386-07:00] [pid=7568] LogConfig: Setting CVar [[s.FlushStreamingOnExit:1]]
[2026-05-14T02:50:33.3537095-07:00] [pid=7568] LogInit: Object subsystem initialized
[2026-05-14T02:50:33.3587145-07:00] [pid=7568] LogConfig: Setting CVar [[con.DebugEarlyDefault:1]]
[2026-05-14T02:50:33.3587145-07:00] [pid=7568] LogConfig: Setting CVar [[r.setres:1280x720]]
[2026-05-14T02:50:33.3637236-07:00] [pid=7568] [2026.05.14-09.50.33:363][  0]LogConfig: Setting CVar [[con.DebugEarlyDefault:1]]
[2026-05-14T02:50:33.3637236-07:00] [pid=7568] [2026.05.14-09.50.33:363][  0]LogConfig: Setting CVar [[r.setres:1280x720]]
[2026-05-14T02:50:33.3647236-07:00] [pid=7568] [2026.05.14-09.50.33:364][  0]LogConfig: Applying CVar settings from Section [/Script/Engine.RendererSettings] File [C:/Users/kapil/OneDrive/Documents/Unreal Projects/testTP/Saved/Config/Windows/Engine.ini]
[2026-05-14T02:50:33.3647236-07:00] [pid=7568] [2026.05.14-09.50.33:364][  0]LogConfig: Setting CVar [[r.GPUCrashDebugging:0]]
[2026-05-14T02:50:33.3647236-07:00] [pid=7568] [2026.05.14-09.50.33:364][  0]LogConfig: Applying CVar settings from Section [/Script/Engine.RendererOverrideSettings] File [C:/Users/kapil/OneDrive/Documents/Unreal Projects/testTP/Saved/Config/Windows/Engine.ini]
[2026-05-14T02:50:33.3647236-07:00] [pid=7568] [2026.05.14-09.50.33:364][  0]LogConfig: Applying CVar settings from Section [/Script/Engine.StreamingSettings] File [C:/Users/kapil/OneDrive/Documents/Unreal Projects/testTP/Saved/Config/Windows/Engine.ini]
[2026-05-14T02:50:33.3647236-07:00] [pid=7568] [2026.05.14-09.50.33:364][  0]LogConfig: Setting CVar [[s.MinBulkDataSizeForAsyncLoading:131072]]
[2026-05-14T02:50:33.3647236-07:00] [pid=7568] [2026.05.14-09.50.33:364][  0]LogConfig: Setting CVar [[s.AsyncLoadingThreadEnabled:0]]
[2026-05-14T02:50:33.3647236-07:00] [pid=7568] [2026.05.14-09.50.33:364][  0]LogConfig: Setting CVar [[s.EventDrivenLoaderEnabled:1]]
[2026-05-14T02:50:33.3647236-07:00] [pid=7568] [2026.05.14-09.50.33:364][  0]LogConfig: Setting CVar [[s.WarnIfTimeLimitExceeded:0]]
[2026-05-14T02:50:33.3647236-07:00] [pid=7568] [2026.05.14-09.50.33:364][  0]LogConfig: Setting CVar [[s.TimeLimitExceededMultiplier:1.5]]
[2026-05-14T02:50:33.3647236-07:00] [pid=7568] [2026.05.14-09.50.33:364][  0]LogConfig: Setting CVar [[s.TimeLimitExceededMinTime:0.005]]
[2026-05-14T02:50:33.3647236-07:00] [pid=7568] [2026.05.14-09.50.33:364][  0]LogConfig: Setting CVar [[s.UseBackgroundLevelStreaming:1]]
[2026-05-14T02:50:33.3657316-07:00] [pid=7568] [2026.05.14-09.50.33:364][  0]LogConfig: Setting CVar [[s.PriorityAsyncLoadingExtraTime:15.0]]
[2026-05-14T02:50:33.3657316-07:00] [pid=7568] [2026.05.14-09.50.33:365][  0]LogConfig: Setting CVar [[s.LevelStreamingActorsUpdateTimeLimit:5.0]]
[2026-05-14T02:50:33.3657316-07:00] [pid=7568] [2026.05.14-09.50.33:365][  0]LogConfig: Setting CVar [[s.PriorityLevelStreamingActorsUpdateExtraTime:5.0]]
[2026-05-14T02:50:33.3657316-07:00] [pid=7568] [2026.05.14-09.50.33:365][  0]LogConfig: Setting CVar [[s.LevelStreamingComponentsRegistrationGranularity:10]]
[2026-05-14T02:50:33.3657316-07:00] [pid=7568] [2026.05.14-09.50.33:365][  0]LogConfig: Setting CVar [[s.UnregisterComponentsTimeLimit:1.0]]
[2026-05-14T02:50:33.3657316-07:00] [pid=7568] [2026.05.14-09.50.33:365][  0]LogConfig: Setting CVar [[s.LevelStreamingComponentsUnregistrationGranularity:5]]
[2026-05-14T02:50:33.3657316-07:00] [pid=7568] [2026.05.14-09.50.33:365][  0]LogConfig: Setting CVar [[s.FlushStreamingOnExit:1]]
[2026-05-14T02:50:33.3657316-07:00] [pid=7568] [2026.05.14-09.50.33:365][  0]LogConfig: Applying CVar settings from Section [/Script/Engine.GarbageCollectionSettings] File [C:/Users/kapil/OneDrive/Documents/Unreal Projects/testTP/Saved/Config/Windows/Engine.ini]
[2026-05-14T02:50:33.3657316-07:00] [pid=7568] [2026.05.14-09.50.33:365][  0]LogConfig: Setting CVar [[gc.MaxObjectsNotConsideredByGC:1]]
[2026-05-14T02:50:33.3657316-07:00] [pid=7568] [2026.05.14-09.50.33:365][  0]LogConfig: Setting CVar [[gc.SizeOfPermanentObjectPool:0]]
[2026-05-14T02:50:33.3657316-07:00] [pid=7568] [2026.05.14-09.50.33:365][  0]LogConfig: Setting CVar [[gc.FlushStreamingOnGC:0]]
[2026-05-14T02:50:33.3667329-07:00] [pid=7568] [2026.05.14-09.50.33:365][  0]LogConfig: Setting CVar [[gc.NumRetriesBeforeForcingGC:10]]
[2026-05-14T02:50:33.3667329-07:00] [pid=7568] [2026.05.14-09.50.33:365][  0]LogConfig: Setting CVar [[gc.AllowParallelGC:1]]
[2026-05-14T02:50:33.3667329-07:00] [pid=7568] [2026.05.14-09.50.33:366][  0]LogConfig: Setting CVar [[gc.TimeBetweenPurgingPendingKillObjects:61.1]]
[2026-05-14T02:50:33.3667329-07:00] [pid=7568] [2026.05.14-09.50.33:366][  0]LogConfig: Setting CVar [[gc.MaxObjectsInEditor:25165824]]
[2026-05-14T02:50:33.3667329-07:00] [pid=7568] [2026.05.14-09.50.33:366][  0]LogConfig: Setting CVar [[gc.IncrementalBeginDestroyEnabled:1]]
[2026-05-14T02:50:33.3667329-07:00] [pid=7568] [2026.05.14-09.50.33:366][  0]LogConfig: Setting CVar [[gc.CreateGCClusters:1]]
[2026-05-14T02:50:33.3667329-07:00] [pid=7568] [2026.05.14-09.50.33:366][  0]LogConfig: Setting CVar [[gc.MinGCClusterSize:5]]
[2026-05-14T02:50:33.3667329-07:00] [pid=7568] [2026.05.14-09.50.33:366][  0]LogConfig: Setting CVar [[gc.ActorClusteringEnabled:0]]
[2026-05-14T02:50:33.3667329-07:00] [pid=7568] [2026.05.14-09.50.33:366][  0]LogConfig: Setting CVar [[gc.BlueprintClusteringEnabled:0]]
[2026-05-14T02:50:33.3667329-07:00] [pid=7568] [2026.05.14-09.50.33:366][  0]LogConfig: Setting CVar [[gc.UseDisregardForGCOnDedicatedServers:0]]
[2026-05-14T02:50:33.3667329-07:00] [pid=7568] [2026.05.14-09.50.33:366][  0]LogConfig: Setting CVar [[gc.MultithreadedDestructionEnabled:1]]
[2026-05-14T02:50:33.3677325-07:00] [pid=7568] [2026.05.14-09.50.33:366][  0]LogConfig: Applying CVar settings from Section [/Script/Engine.NetworkSettings] File [C:/Users/kapil/OneDrive/Documents/Unreal Projects/testTP/Saved/Config/Windows/Engine.ini]
[2026-05-14T02:50:33.3677325-07:00] [pid=7568] [2026.05.14-09.50.33:367][  0]LogConfig: Applying CVar settings from Section [/Script/UnrealEd.CookerSettings] File [C:/Users/kapil/OneDrive/Documents/Unreal Projects/testTP/Saved/Config/Windows/Engine.ini]
[2026-05-14T02:50:33.3862495-07:00] [pid=7568] [2026.05.14-09.50.33:386][  0]LogConfig: Applying CVar settings from Section [ViewDistanceQuality@3] File [C:/Users/kapil/OneDrive/Documents/Unreal Projects/testTP/Saved/Config/Windows/Scalability.ini]
[2026-05-14T02:50:33.3862495-07:00] [pid=7568] [2026.05.14-09.50.33:386][  0]LogConfig: Setting CVar [[r.SkeletalMeshLODBias:0]]
[2026-05-14T02:50:33.3862495-07:00] [pid=7568] [2026.05.14-09.50.33:386][  0]LogConfig: Setting CVar [[r.ViewDistanceScale:1.0]]
[2026-05-14T02:50:33.3862495-07:00] [pid=7568] [2026.05.14-09.50.33:386][  0]LogConfig: Applying CVar settings from Section [AntiAliasingQuality@3] File [C:/Users/kapil/OneDrive/Documents/Unreal Projects/testTP/Saved/Config/Windows/Scalability.ini]
[2026-05-14T02:50:33.3872513-07:00] [pid=7568] [2026.05.14-09.50.33:386][  0]LogConfig: Setting CVar [[r.PostProcessAAQuality:4]]
[2026-05-14T02:50:33.3872513-07:00] [pid=7568] [2026.05.14-09.50.33:387][  0]LogConfig: Applying CVar settings from Section [ShadowQuality@3] File [C:/Users/kapil/OneDrive/Documents/Unreal Projects/testTP/Saved/Config/Windows/Scalability.ini]
[2026-05-14T02:50:33.3872513-07:00] [pid=7568] [2026.05.14-09.50.33:387][  0]LogConfig: Setting CVar [[r.LightFunctionQuality:1]]
[2026-05-14T02:50:33.3872513-07:00] [pid=7568] [2026.05.14-09.50.33:387][  0]LogConfig: Setting CVar [[r.ShadowQuality:5]]
[2026-05-14T02:50:33.3872513-07:00] [pid=7568] [2026.05.14-09.50.33:387][  0]LogConfig: Setting CVar [[r.Shadow.CSM.MaxCascades:10]]
[2026-05-14T02:50:33.3872513-07:00] [pid=7568] [2026.05.14-09.50.33:387][  0]LogConfig: Setting CVar [[r.Shadow.MaxResolution:2048]]
[2026-05-14T02:50:33.3872513-07:00] [pid=7568] [2026.05.14-09.50.33:387][  0]LogConfig: Setting CVar [[r.Shadow.MaxCSMResolution:2048]]
[2026-05-14T02:50:33.3872513-07:00] [pid=7568] [2026.05.14-09.50.33:387][  0]LogConfig: Setting CVar [[r.Shadow.RadiusThreshold:0.01]]
[2026-05-14T02:50:33.3872513-07:00] [pid=7568] [2026.05.14-09.50.33:387][  0]LogConfig: Setting CVar [[r.Shadow.DistanceScale:1.0]]
[2026-05-14T02:50:33.3872513-07:00] [pid=7568] [2026.05.14-09.50.33:387][  0]LogConfig: Setting CVar [[r.Shadow.CSM.TransitionScale:1.0]]
[2026-05-14T02:50:33.3872513-07:00] [pid=7568] [2026.05.14-09.50.33:387][  0]LogConfig: Setting CVar [[r.Shadow.PreShadowResolutionFactor:1.0]]
[2026-05-14T02:50:33.3872513-07:00] [pid=7568] [2026.05.14-09.50.33:387][  0]LogConfig: Setting CVar [[r.DistanceFieldShadowing:1]]
[2026-05-14T02:50:33.3882488-07:00] [pid=7568] [2026.05.14-09.50.33:387][  0]LogConfig: Setting CVar [[r.DistanceFieldAO:1]]
[2026-05-14T02:50:33.3882488-07:00] [pid=7568] [2026.05.14-09.50.33:388][  0]LogConfig: Setting CVar [[r.AOQuality:2]]
[2026-05-14T02:50:33.3882488-07:00] [pid=7568] [2026.05.14-09.50.33:388][  0]LogConfig: Setting CVar [[r.VolumetricFog:1]]
[2026-05-14T02:50:33.3882488-07:00] [pid=7568] [2026.05.14-09.50.33:388][  0]LogConfig: Setting CVar [[r.VolumetricFog.GridPixelSize:8]]
[2026-05-14T02:50:33.3882488-07:00] [pid=7568] [2026.05.14-09.50.33:388][  0]LogConfig: Setting CVar [[r.VolumetricFog.GridSizeZ:128]]
[2026-05-14T02:50:33.3882488-07:00] [pid=7568] [2026.05.14-09.50.33:388][  0]LogConfig: Setting CVar [[r.VolumetricFog.HistoryMissSupersampleCount:4]]
[2026-05-14T02:50:33.3882488-07:00] [pid=7568] [2026.05.14-09.50.33:388][  0]LogConfig: Setting CVar [[r.LightMaxDrawDistanceScale:1]]
[2026-05-14T02:50:33.3882488-07:00] [pid=7568] [2026.05.14-09.50.33:388][  0]LogConfig: Setting CVar [[r.CapsuleShadows:1]]
[2026-05-14T02:50:33.3892619-07:00] [pid=7568] [2026.05.14-09.50.33:388][  0]LogConfig: Applying CVar settings from Section [PostProcessQuality@3] File [C:/Users/kapil/OneDrive/Documents/Unreal Projects/testTP/Saved/Config/Windows/Scalability.ini]
[2026-05-14T02:50:33.3892619-07:00] [pid=7568] [2026.05.14-09.50.33:389][  0]LogConfig: Setting CVar [[r.MotionBlurQuality:4]]
[2026-05-14T02:50:33.3892619-07:00] [pid=7568] [2026.05.14-09.50.33:389][  0]LogConfig: Setting CVar [[r.AmbientOcclusionMipLevelFactor:0.4]]
[2026-05-14T02:50:33.3892619-07:00] [pid=7568] [2026.05.14-09.50.33:389][  0]LogConfig: Setting CVar [[r.AmbientOcclusionMaxQuality:100]]
[2026-05-14T02:50:33.3892619-07:00] [pid=7568] [2026.05.14-09.50.33:389][  0]LogConfig: Setting CVar [[r.AmbientOcclusionLevels:-1]]
[2026-05-14T02:50:33.3892619-07:00] [pid=7568] [2026.05.14-09.50.33:389][  0]LogConfig: Setting CVar [[r.AmbientOcclusionRadiusScale:1.0]]
[2026-05-14T02:50:33.3892619-07:00] [pid=7568] [2026.05.14-09.50.33:389][  0]LogConfig: Setting CVar [[r.DepthOfFieldQuality:2]]
[2026-05-14T02:50:33.3892619-07:00] [pid=7568] [2026.05.14-09.50.33:389][  0]LogConfig: Setting CVar [[r.RenderTargetPoolMin:400]]
[2026-05-14T02:50:33.3892619-07:00] [pid=7568] [2026.05.14-09.50.33:389][  0]LogConfig: Setting CVar [[r.LensFlareQuality:2]]
[2026-05-14T02:50:33.3902557-07:00] [pid=7568] [2026.05.14-09.50.33:389][  0]LogConfig: Setting CVar [[r.SceneColorFringeQuality:1]]
[2026-05-14T02:50:33.3902557-07:00] [pid=7568] [2026.05.14-09.50.33:390][  0]LogConfig: Setting CVar [[r.EyeAdaptationQuality:2]]
[2026-05-14T02:50:33.3902557-07:00] [pid=7568] [2026.05.14-09.50.33:390][  0]LogConfig: Setting CVar [[r.BloomQuality:5]]
[2026-05-14T02:50:33.3902557-07:00] [pid=7568] [2026.05.14-09.50.33:390][  0]LogConfig: Setting CVar [[r.FastBlurThreshold:100]]
[2026-05-14T02:50:33.3902557-07:00] [pid=7568] [2026.05.14-09.50.33:390][  0]LogConfig: Setting CVar [[r.Upscale.Quality:3]]
[2026-05-14T02:50:33.3902557-07:00] [pid=7568] [2026.05.14-09.50.33:390][  0]LogConfig: Setting CVar [[r.Tonemapper.GrainQuantization:1]]
[2026-05-14T02:50:33.3902557-07:00] [pid=7568] [2026.05.14-09.50.33:390][  0]LogConfig: Setting CVar [[r.LightShaftQuality:1]]
[2026-05-14T02:50:33.3902557-07:00] [pid=7568] [2026.05.14-09.50.33:390][  0]LogConfig: Setting CVar [[r.Filter.SizeScale:1]]
[2026-05-14T02:50:33.3912556-07:00] [pid=7568] [2026.05.14-09.50.33:390][  0]LogConfig: Setting CVar [[r.Tonemapper.Quality:5]]
[2026-05-14T02:50:33.3912556-07:00] [pid=7568] [2026.05.14-09.50.33:391][  0]LogConfig: Setting CVar [[r.DOF.Gather.AccumulatorQuality:1        ; higher gathering accumulator quality]]
[2026-05-14T02:50:33.3912556-07:00] [pid=7568] [2026.05.14-09.50.33:391][  0]LogConfig: Setting CVar [[r.DOF.Gather.PostfilterMethod:1          ; Median3x3 postfilering method]]
[2026-05-14T02:50:33.3912556-07:00] [pid=7568] [2026.05.14-09.50.33:391][  0]LogConfig: Setting CVar [[r.DOF.Gather.EnableBokehSettings:0       ; no bokeh simulation when gathering]]
[2026-05-14T02:50:33.3912556-07:00] [pid=7568] [2026.05.14-09.50.33:391][  0]LogConfig: Setting CVar [[r.DOF.Gather.RingCount:4                 ; medium number of samples when gathering]]
[2026-05-14T02:50:33.3912556-07:00] [pid=7568] [2026.05.14-09.50.33:391][  0]LogConfig: Setting CVar [[r.DOF.Scatter.ForegroundCompositing:1    ; additive foreground scattering]]
[2026-05-14T02:50:33.3912556-07:00] [pid=7568] [2026.05.14-09.50.33:391][  0]LogConfig: Setting CVar [[r.DOF.Scatter.BackgroundCompositing:2    ; additive background scattering]]
[2026-05-14T02:50:33.3912556-07:00] [pid=7568] [2026.05.14-09.50.33:391][  0]LogConfig: Setting CVar [[r.DOF.Scatter.EnableBokehSettings:1      ; bokeh simulation when scattering]]
[2026-05-14T02:50:33.3922703-07:00] [pid=7568] [2026.05.14-09.50.33:391][  0]LogConfig: Setting CVar [[r.DOF.Scatter.MaxSpriteRatio:0.1         ; only a maximum of 10% of scattered bokeh]]
[2026-05-14T02:50:33.3922703-07:00] [pid=7568] [2026.05.14-09.50.33:392][  0]LogConfig: Setting CVar [[r.DOF.Recombine.Quality:1                ; cheap slight out of focus]]
[2026-05-14T02:50:33.3922703-07:00] [pid=7568] [2026.05.14-09.50.33:392][  0]LogConfig: Setting CVar [[r.DOF.Recombine.EnableBokehSettings:0    ; no bokeh simulation on slight out of focus]]
[2026-05-14T02:50:33.3922703-07:00] [pid=7568] [2026.05.14-09.50.33:392][  0]LogConfig: Setting CVar [[r.DOF.TemporalAAQuality:1                ; more stable temporal accumulation]]
[2026-05-14T02:50:33.3922703-07:00] [pid=7568] [2026.05.14-09.50.33:392][  0]LogConfig: Setting CVar [[r.DOF.Kernel.MaxForegroundRadius:0.025]]
[2026-05-14T02:50:33.3922703-07:00] [pid=7568] [2026.05.14-09.50.33:392][  0]LogConfig: Setting CVar [[r.DOF.Kernel.MaxBackgroundRadius:0.025]]
[2026-05-14T02:50:33.3922703-07:00] [pid=7568] [2026.05.14-09.50.33:392][  0]LogConfig: Applying CVar settings from Section [TextureQuality@3] File [C:/Users/kapil/OneDrive/Documents/Unreal Projects/testTP/Saved/Config/Windows/Scalability.ini]
[2026-05-14T02:50:33.3922703-07:00] [pid=7568] [2026.05.14-09.50.33:392][  0]LogConfig: Setting CVar [[r.Streaming.MipBias:0]]
[2026-05-14T02:50:33.3922703-07:00] [pid=7568] [2026.05.14-09.50.33:392][  0]LogConfig: Setting CVar [[r.Streaming.AmortizeCPUToGPUCopy:0]]
[2026-05-14T02:50:33.3922703-07:00] [pid=7568] [2026.05.14-09.50.33:392][  0]LogConfig: Setting CVar [[r.Streaming.MaxNumTexturesToStreamPerFrame:0]]
[2026-05-14T02:50:33.3922703-07:00] [pid=7568] [2026.05.14-09.50.33:392][  0]LogConfig: Setting CVar [[r.Streaming.Boost:1]]
[2026-05-14T02:50:33.3922703-07:00] [pid=7568] [2026.05.14-09.50.33:392][  0]LogConfig: Setting CVar [[r.MaxAnisotropy:8]]
[2026-05-14T02:50:33.3922703-07:00] [pid=7568] [2026.05.14-09.50.33:392][  0]LogConfig: Setting CVar [[r.VT.MaxAnisotropy:8]]
[2026-05-14T02:50:33.3922703-07:00] [pid=7568] [2026.05.14-09.50.33:392][  0]LogConfig: Setting CVar [[r.Streaming.LimitPoolSizeToVRAM:0]]
[2026-05-14T02:50:33.3932630-07:00] [pid=7568] [2026.05.14-09.50.33:392][  0]LogConfig: Setting CVar [[r.Streaming.PoolSize:1000]]
[2026-05-14T02:50:33.3932630-07:00] [pid=7568] [2026.05.14-09.50.33:393][  0]LogConfig: Setting CVar [[r.Streaming.MaxEffectiveScreenSize:0]]
[2026-05-14T02:50:33.3932630-07:00] [pid=7568] [2026.05.14-09.50.33:393][  0]LogConfig: Applying CVar settings from Section [EffectsQuality@3] File [C:/Users/kapil/OneDrive/Documents/Unreal Projects/testTP/Saved/Config/Windows/Scalability.ini]
[2026-05-14T02:50:33.3932630-07:00] [pid=7568] [2026.05.14-09.50.33:393][  0]LogConfig: Setting CVar [[r.TranslucencyLightingVolumeDim:64]]
[2026-05-14T02:50:33.3932630-07:00] [pid=7568] [2026.05.14-09.50.33:393][  0]LogConfig: Setting CVar [[r.RefractionQuality:2]]
[2026-05-14T02:50:33.3932630-07:00] [pid=7568] [2026.05.14-09.50.33:393][  0]LogConfig: Setting CVar [[r.SSR.Quality:3]]
[2026-05-14T02:50:33.3932630-07:00] [pid=7568] [2026.05.14-09.50.33:393][  0]LogConfig: Setting CVar [[r.SSR.HalfResSceneColor:0]]
[2026-05-14T02:50:33.3932630-07:00] [pid=7568] [2026.05.14-09.50.33:393][  0]LogConfig: Setting CVar [[r.SceneColorFormat:4]]
[2026-05-14T02:50:33.3942625-07:00] [pid=7568] [2026.05.14-09.50.33:393][  0]LogConfig: Setting CVar [[r.DetailMode:2]]
[2026-05-14T02:50:33.3942625-07:00] [pid=7568] [2026.05.14-09.50.33:393][  0]LogConfig: Setting CVar [[r.TranslucencyVolumeBlur:1]]
[2026-05-14T02:50:33.3942625-07:00] [pid=7568] [2026.05.14-09.50.33:394][  0]LogConfig: Setting CVar [[r.MaterialQualityLevel:1 ; High quality]]
[2026-05-14T02:50:33.3942625-07:00] [pid=7568] [2026.05.14-09.50.33:394][  0]LogConfig: Setting CVar [[r.AnisotropicMaterials:1]]
[2026-05-14T02:50:33.3942625-07:00] [pid=7568] [2026.05.14-09.50.33:394][  0]LogConfig: Setting CVar [[r.SSS.Scale:1]]
[2026-05-14T02:50:33.3942625-07:00] [pid=7568] [2026.05.14-09.50.33:394][  0]LogConfig: Setting CVar [[r.SSS.SampleSet:2]]
[2026-05-14T02:50:33.3942625-07:00] [pid=7568] [2026.05.14-09.50.33:394][  0]LogConfig: Setting CVar [[r.SSS.Quality:1]]
[2026-05-14T02:50:33.3942625-07:00] [pid=7568] [2026.05.14-09.50.33:394][  0]LogConfig: Setting CVar [[r.SSS.HalfRes:0]]
[2026-05-14T02:50:33.3942625-07:00] [pid=7568] [2026.05.14-09.50.33:394][  0]LogConfig: Setting CVar [[r.SSGI.Quality:3]]
[2026-05-14T02:50:33.3952631-07:00] [pid=7568] [2026.05.14-09.50.33:394][  0]LogConfig: Setting CVar [[r.EmitterSpawnRateScale:1.0]]
[2026-05-14T02:50:33.3952631-07:00] [pid=7568] [2026.05.14-09.50.33:395][  0]LogConfig: Setting CVar [[r.ParticleLightQuality:2]]
[2026-05-14T02:50:33.3952631-07:00] [pid=7568] [2026.05.14-09.50.33:395][  0]LogConfig: Setting CVar [[r.SkyAtmosphere.AerialPerspectiveLUT.FastApplyOnOpaque:1 ; Always have FastSkyLUT 1 in this case to avoid wrong sky]]
[2026-05-14T02:50:33.3952631-07:00] [pid=7568] [2026.05.14-09.50.33:395][  0]LogConfig: Setting CVar [[r.SkyAtmosphere.AerialPerspectiveLUT.SampleCountMaxPerSlice:4]]
[2026-05-14T02:50:33.3952631-07:00] [pid=7568] [2026.05.14-09.50.33:395][  0]LogConfig: Setting CVar [[r.SkyAtmosphere.AerialPerspectiveLUT.DepthResolution:16.0]]
[2026-05-14T02:50:33.3952631-07:00] [pid=7568] [2026.05.14-09.50.33:395][  0]LogConfig: Setting CVar [[r.SkyAtmosphere.FastSkyLUT:1]]
[2026-05-14T02:50:33.3952631-07:00] [pid=7568] [2026.05.14-09.50.33:395][  0]LogConfig: Setting CVar [[r.SkyAtmosphere.FastSkyLUT.SampleCountMin:4.0]]
[2026-05-14T02:50:33.3952631-07:00] [pid=7568] [2026.05.14-09.50.33:395][  0]LogConfig: Setting CVar [[r.SkyAtmosphere.FastSkyLUT.SampleCountMax:128.0]]
[2026-05-14T02:50:33.3952631-07:00] [pid=7568] [2026.05.14-09.50.33:395][  0]LogConfig: Setting CVar [[r.SkyAtmosphere.SampleCountMin:4.0]]
[2026-05-14T02:50:33.3962733-07:00] [pid=7568] [2026.05.14-09.50.33:395][  0]LogConfig: Setting CVar [[r.SkyAtmosphere.SampleCountMax:128.0]]
[2026-05-14T02:50:33.3962733-07:00] [pid=7568] [2026.05.14-09.50.33:395][  0]LogConfig: Setting CVar [[r.SkyAtmosphere.TransmittanceLUT.UseSmallFormat:0]]
[2026-05-14T02:50:33.3962733-07:00] [pid=7568] [2026.05.14-09.50.33:396][  0]LogConfig: Setting CVar [[r.SkyAtmosphere.TransmittanceLUT.SampleCount:10.0]]
[2026-05-14T02:50:33.3962733-07:00] [pid=7568] [2026.05.14-09.50.33:396][  0]LogConfig: Setting CVar [[r.SkyAtmosphere.MultiScatteringLUT.SampleCount:15.0]]
[2026-05-14T02:50:33.3962733-07:00] [pid=7568] [2026.05.14-09.50.33:396][  0]LogConfig: Setting CVar [[r.SkyLight.RealTimeReflectionCapture:1]]
[2026-05-14T02:50:33.3962733-07:00] [pid=7568] [2026.05.14-09.50.33:396][  0]LogConfig: Applying CVar settings from Section [FoliageQuality@3] File [C:/Users/kapil/OneDrive/Documents/Unreal Projects/testTP/Saved/Config/Windows/Scalability.ini]
[2026-05-14T02:50:33.3962733-07:00] [pid=7568] [2026.05.14-09.50.33:396][  0]LogConfig: Setting CVar [[foliage.DensityScale:1.0]]
[2026-05-14T02:50:33.3962733-07:00] [pid=7568] [2026.05.14-09.50.33:396][  0]LogConfig: Setting CVar [[grass.DensityScale:1.0]]
[2026-05-14T02:50:33.3962733-07:00] [pid=7568] [2026.05.14-09.50.33:396][  0]LogConfig: Applying CVar settings from Section [ShadingQuality@3] File [C:/Users/kapil/OneDrive/Documents/Unreal Projects/testTP/Saved/Config/Windows/Scalability.ini]
[2026-05-14T02:50:33.3962733-07:00] [pid=7568] [2026.05.14-09.50.33:396][  0]LogConfig: Setting CVar [[r.HairStrands.SkyLighting.IntegrationType:2]]
[2026-05-14T02:50:33.3962733-07:00] [pid=7568] [2026.05.14-09.50.33:396][  0]LogConfig: Setting CVar [[r.HairStrands.SkyAO.SampleCount:4]]
[2026-05-14T02:50:33.3962733-07:00] [pid=7568] [2026.05.14-09.50.33:396][  0]LogConfig: Setting CVar [[r.HairStrands.Visibility.MSAA.SamplePerPixel:4]]
[2026-05-14T02:50:33.3972735-07:00] [pid=7568] [2026.05.14-09.50.33:397][  0]LogInit: Selected Device Profile: [Windows]
[2026-05-14T02:50:33.3982735-07:00] [pid=7568] [2026.05.14-09.50.33:397][  0]LogInit: Applying CVar settings loaded from the selected device profile: [Windows]
[2026-05-14T02:50:33.3982735-07:00] [pid=7568] [2026.05.14-09.50.33:398][  0]LogHAL: Display: Platform has ~ 16 GB [16849256448 / 17179869184 / 16], which maps to Larger [LargestMinGB=32, LargerMinGB=12, DefaultMinGB=8, SmallerMinGB=6, SmallestMinGB=0)
[2026-05-14T02:50:33.3982735-07:00] [pid=7568] [2026.05.14-09.50.33:398][  0]LogInit: Going up to parent DeviceProfile []
[2026-05-14T02:50:33.3992735-07:00] [pid=7568] [2026.05.14-09.50.33:399][  0]LogConfig: Applying CVar settings from Section [ViewDistanceQuality@3] File [C:/Users/kapil/OneDrive/Documents/Unreal Projects/testTP/Saved/Config/Windows/Scalability.ini]
[2026-05-14T02:50:33.3992735-07:00] [pid=7568] [2026.05.14-09.50.33:399][  0]LogConfig: Setting CVar [[r.SkeletalMeshLODBias:0]]
[2026-05-14T02:50:33.3992735-07:00] [pid=7568] [2026.05.14-09.50.33:399][  0]LogConfig: Setting CVar [[r.ViewDistanceScale:1.0]]
[2026-05-14T02:50:33.3992735-07:00] [pid=7568] [2026.05.14-09.50.33:399][  0]LogConfig: Applying CVar settings from Section [AntiAliasingQuality@3] File [C:/Users/kapil/OneDrive/Documents/Unreal Projects/testTP/Saved/Config/Windows/Scalability.ini]
[2026-05-14T02:50:33.3992735-07:00] [pid=7568] [2026.05.14-09.50.33:399][  0]LogConfig: Setting CVar [[r.PostProcessAAQuality:4]]
[2026-05-14T02:50:33.3992735-07:00] [pid=7568] [2026.05.14-09.50.33:399][  0]LogConfig: Applying CVar settings from Section [ShadowQuality@3] File [C:/Users/kapil/OneDrive/Documents/Unreal Projects/testTP/Saved/Config/Windows/Scalability.ini]
[2026-05-14T02:50:33.3992735-07:00] [pid=7568] [2026.05.14-09.50.33:399][  0]LogConfig: Setting CVar [[r.LightFunctionQuality:1]]
[2026-05-14T02:50:33.3992735-07:00] [pid=7568] [2026.05.14-09.50.33:399][  0]LogConfig: Setting CVar [[r.ShadowQuality:5]]
[2026-05-14T02:50:33.3992735-07:00] [pid=7568] [2026.05.14-09.50.33:399][  0]LogConfig: Setting CVar [[r.Shadow.CSM.MaxCascades:10]]
[2026-05-14T02:50:33.3992735-07:00] [pid=7568] [2026.05.14-09.50.33:399][  0]LogConfig: Setting CVar [[r.Shadow.MaxResolution:2048]]
[2026-05-14T02:50:33.3992735-07:00] [pid=7568] [2026.05.14-09.50.33:399][  0]LogConfig: Setting CVar [[r.Shadow.MaxCSMResolution:2048]]
[2026-05-14T02:50:33.4002735-07:00] [pid=7568] [2026.05.14-09.50.33:399][  0]LogConfig: Setting CVar [[r.Shadow.RadiusThreshold:0.01]]
[2026-05-14T02:50:33.4002735-07:00] [pid=7568] [2026.05.14-09.50.33:399][  0]LogConfig: Setting CVar [[r.Shadow.DistanceScale:1.0]]
[2026-05-14T02:50:33.4002735-07:00] [pid=7568] [2026.05.14-09.50.33:400][  0]LogConfig: Setting CVar [[r.Shadow.CSM.TransitionScale:1.0]]
[2026-05-14T02:50:33.4002735-07:00] [pid=7568] [2026.05.14-09.50.33:400][  0]LogConfig: Setting CVar [[r.Shadow.PreShadowResolutionFactor:1.0]]
[2026-05-14T02:50:33.4002735-07:00] [pid=7568] [2026.05.14-09.50.33:400][  0]LogConfig: Setting CVar [[r.DistanceFieldShadowing:1]]
[2026-05-14T02:50:33.4002735-07:00] [pid=7568] [2026.05.14-09.50.33:400][  0]LogConfig: Setting CVar [[r.DistanceFieldAO:1]]
[2026-05-14T02:50:33.4002735-07:00] [pid=7568] [2026.05.14-09.50.33:400][  0]LogConfig: Setting CVar [[r.AOQuality:2]]
[2026-05-14T02:50:33.4002735-07:00] [pid=7568] [2026.05.14-09.50.33:400][  0]LogConfig: Setting CVar [[r.VolumetricFog:1]]
[2026-05-14T02:50:33.4002735-07:00] [pid=7568] [2026.05.14-09.50.33:400][  0]LogConfig: Setting CVar [[r.VolumetricFog.GridPixelSize:8]]
[2026-05-14T02:50:33.4002735-07:00] [pid=7568] [2026.05.14-09.50.33:400][  0]LogConfig: Setting CVar [[r.VolumetricFog.GridSizeZ:128]]
[2026-05-14T02:50:33.4002735-07:00] [pid=7568] [2026.05.14-09.50.33:400][  0]LogConfig: Setting CVar [[r.VolumetricFog.HistoryMissSupersampleCount:4]]
[2026-05-14T02:50:33.4002735-07:00] [pid=7568] [2026.05.14-09.50.33:400][  0]LogConfig: Setting CVar [[r.LightMaxDrawDistanceScale:1]]
[2026-05-14T02:50:33.4002735-07:00] [pid=7568] [2026.05.14-09.50.33:400][  0]LogConfig: Setting CVar [[r.CapsuleShadows:1]]
[2026-05-14T02:50:33.4002735-07:00] [pid=7568] [2026.05.14-09.50.33:400][  0]LogConfig: Applying CVar settings from Section [PostProcessQuality@3] File [C:/Users/kapil/OneDrive/Documents/Unreal Projects/testTP/Saved/Config/Windows/Scalability.ini]
[2026-05-14T02:50:33.4002735-07:00] [pid=7568] [2026.05.14-09.50.33:400][  0]LogConfig: Setting CVar [[r.MotionBlurQuality:4]]
[2026-05-14T02:50:33.4012746-07:00] [pid=7568] [2026.05.14-09.50.33:400][  0]LogConfig: Setting CVar [[r.AmbientOcclusionMipLevelFactor:0.4]]
[2026-05-14T02:50:33.4012746-07:00] [pid=7568] [2026.05.14-09.50.33:401][  0]LogConfig: Setting CVar [[r.AmbientOcclusionMaxQuality:100]]
[2026-05-14T02:50:33.4012746-07:00] [pid=7568] [2026.05.14-09.50.33:401][  0]LogConfig: Setting CVar [[r.AmbientOcclusionLevels:-1]]
[2026-05-14T02:50:33.4012746-07:00] [pid=7568] [2026.05.14-09.50.33:401][  0]LogConfig: Setting CVar [[r.AmbientOcclusionRadiusScale:1.0]]
[2026-05-14T02:50:33.4012746-07:00] [pid=7568] [2026.05.14-09.50.33:401][  0]LogConfig: Setting CVar [[r.DepthOfFieldQuality:2]]
[2026-05-14T02:50:33.4012746-07:00] [pid=7568] [2026.05.14-09.50.33:401][  0]LogConfig: Setting CVar [[r.RenderTargetPoolMin:400]]
[2026-05-14T02:50:33.4012746-07:00] [pid=7568] [2026.05.14-09.50.33:401][  0]LogConfig: Setting CVar [[r.LensFlareQuality:2]]
[2026-05-14T02:50:33.4012746-07:00] [pid=7568] [2026.05.14-09.50.33:401][  0]LogConfig: Setting CVar [[r.SceneColorFringeQuality:1]]
[2026-05-14T02:50:33.4012746-07:00] [pid=7568] [2026.05.14-09.50.33:401][  0]LogConfig: Setting CVar [[r.EyeAdaptationQuality:2]]
[2026-05-14T02:50:33.4012746-07:00] [pid=7568] [2026.05.14-09.50.33:401][  0]LogConfig: Setting CVar [[r.BloomQuality:5]]
[2026-05-14T02:50:33.4012746-07:00] [pid=7568] [2026.05.14-09.50.33:401][  0]LogConfig: Setting CVar [[r.FastBlurThreshold:100]]
[2026-05-14T02:50:33.4012746-07:00] [pid=7568] [2026.05.14-09.50.33:401][  0]LogConfig: Setting CVar [[r.Upscale.Quality:3]]
[2026-05-14T02:50:33.4012746-07:00] [pid=7568] [2026.05.14-09.50.33:401][  0]LogConfig: Setting CVar [[r.Tonemapper.GrainQuantization:1]]
[2026-05-14T02:50:33.4012746-07:00] [pid=7568] [2026.05.14-09.50.33:401][  0]LogConfig: Setting CVar [[r.LightShaftQuality:1]]
[2026-05-14T02:50:33.4012746-07:00] [pid=7568] [2026.05.14-09.50.33:401][  0]LogConfig: Setting CVar [[r.Filter.SizeScale:1]]
[2026-05-14T02:50:33.4012746-07:00] [pid=7568] [2026.05.14-09.50.33:401][  0]LogConfig: Setting CVar [[r.Tonemapper.Quality:5]]
[2026-05-14T02:50:33.4012746-07:00] [pid=7568] [2026.05.14-09.50.33:401][  0]LogConfig: Setting CVar [[r.DOF.Gather.AccumulatorQuality:1        ; higher gathering accumulator quality]]
[2026-05-14T02:50:33.4012746-07:00] [pid=7568] [2026.05.14-09.50.33:401][  0]LogConfig: Setting CVar [[r.DOF.Gather.PostfilterMethod:1          ; Median3x3 postfilering method]]
[2026-05-14T02:50:33.4012746-07:00] [pid=7568] [2026.05.14-09.50.33:401][  0]LogConfig: Setting CVar [[r.DOF.Gather.EnableBokehSettings:0       ; no bokeh simulation when gathering]]
[2026-05-14T02:50:33.4012746-07:00] [pid=7568] [2026.05.14-09.50.33:401][  0]LogConfig: Setting CVar [[r.DOF.Gather.RingCount:4                 ; medium number of samples when gathering]]
[2026-05-14T02:50:33.4022868-07:00] [pid=7568] [2026.05.14-09.50.33:401][  0]LogConfig: Setting CVar [[r.DOF.Scatter.ForegroundCompositing:1    ; additive foreground scattering]]
[2026-05-14T02:50:33.4022868-07:00] [pid=7568] [2026.05.14-09.50.33:402][  0]LogConfig: Setting CVar [[r.DOF.Scatter.BackgroundCompositing:2    ; additive background scattering]]
[2026-05-14T02:50:33.4022868-07:00] [pid=7568] [2026.05.14-09.50.33:402][  0]LogConfig: Setting CVar [[r.DOF.Scatter.EnableBokehSettings:1      ; bokeh simulation when scattering]]
[2026-05-14T02:50:33.4022868-07:00] [pid=7568] [2026.05.14-09.50.33:402][  0]LogConfig: Setting CVar [[r.DOF.Scatter.MaxSpriteRatio:0.1         ; only a maximum of 10% of scattered bokeh]]
[2026-05-14T02:50:33.4022868-07:00] [pid=7568] [2026.05.14-09.50.33:402][  0]LogConfig: Setting CVar [[r.DOF.Recombine.Quality:1                ; cheap slight out of focus]]
[2026-05-14T02:50:33.4022868-07:00] [pid=7568] [2026.05.14-09.50.33:402][  0]LogConfig: Setting CVar [[r.DOF.Recombine.EnableBokehSettings:0    ; no bokeh simulation on slight out of focus]]
[2026-05-14T02:50:33.4022868-07:00] [pid=7568] [2026.05.14-09.50.33:402][  0]LogConfig: Setting CVar [[r.DOF.TemporalAAQuality:1                ; more stable temporal accumulation]]
[2026-05-14T02:50:33.4022868-07:00] [pid=7568] [2026.05.14-09.50.33:402][  0]LogConfig: Setting CVar [[r.DOF.Kernel.MaxForegroundRadius:0.025]]
[2026-05-14T02:50:33.4022868-07:00] [pid=7568] [2026.05.14-09.50.33:402][  0]LogConfig: Setting CVar [[r.DOF.Kernel.MaxBackgroundRadius:0.025]]
[2026-05-14T02:50:33.4032820-07:00] [pid=7568] [2026.05.14-09.50.33:402][  0]LogConfig: Applying CVar settings from Section [TextureQuality@3] File [C:/Users/kapil/OneDrive/Documents/Unreal Projects/testTP/Saved/Config/Windows/Scalability.ini]
[2026-05-14T02:50:33.4032820-07:00] [pid=7568] [2026.05.14-09.50.33:403][  0]LogConfig: Setting CVar [[r.Streaming.MipBias:0]]
[2026-05-14T02:50:33.4032820-07:00] [pid=7568] [2026.05.14-09.50.33:403][  0]LogConfig: Setting CVar [[r.Streaming.AmortizeCPUToGPUCopy:0]]
[2026-05-14T02:50:33.4032820-07:00] [pid=7568] [2026.05.14-09.50.33:403][  0]LogConfig: Setting CVar [[r.Streaming.MaxNumTexturesToStreamPerFrame:0]]
[2026-05-14T02:50:33.4032820-07:00] [pid=7568] [2026.05.14-09.50.33:403][  0]LogConfig: Setting CVar [[r.Streaming.Boost:1]]
[2026-05-14T02:50:33.4032820-07:00] [pid=7568] [2026.05.14-09.50.33:403][  0]LogConfig: Setting CVar [[r.MaxAnisotropy:8]]
[2026-05-14T02:50:33.4032820-07:00] [pid=7568] [2026.05.14-09.50.33:403][  0]LogConfig: Setting CVar [[r.VT.MaxAnisotropy:8]]
[2026-05-14T02:50:33.4032820-07:00] [pid=7568] [2026.05.14-09.50.33:403][  0]LogConfig: Setting CVar [[r.Streaming.LimitPoolSizeToVRAM:0]]
[2026-05-14T02:50:33.4032820-07:00] [pid=7568] [2026.05.14-09.50.33:403][  0]LogConfig: Setting CVar [[r.Streaming.PoolSize:1000]]
[2026-05-14T02:50:33.4032820-07:00] [pid=7568] [2026.05.14-09.50.33:403][  0]LogConfig: Setting CVar [[r.Streaming.MaxEffectiveScreenSize:0]]
[2026-05-14T02:50:33.4032820-07:00] [pid=7568] [2026.05.14-09.50.33:403][  0]LogConfig: Applying CVar settings from Section [EffectsQuality@3] File [C:/Users/kapil/OneDrive/Documents/Unreal Projects/testTP/Saved/Config/Windows/Scalability.ini]
[2026-05-14T02:50:33.4032820-07:00] [pid=7568] [2026.05.14-09.50.33:403][  0]LogConfig: Setting CVar [[r.TranslucencyLightingVolumeDim:64]]
[2026-05-14T02:50:33.4032820-07:00] [pid=7568] [2026.05.14-09.50.33:403][  0]LogConfig: Setting CVar [[r.RefractionQuality:2]]
[2026-05-14T02:50:33.4032820-07:00] [pid=7568] [2026.05.14-09.50.33:403][  0]LogConfig: Setting CVar [[r.SSR.Quality:3]]
[2026-05-14T02:50:33.4032820-07:00] [pid=7568] [2026.05.14-09.50.33:403][  0]LogConfig: Setting CVar [[r.SSR.HalfResSceneColor:0]]
[2026-05-14T02:50:33.4032820-07:00] [pid=7568] [2026.05.14-09.50.33:403][  0]LogConfig: Setting CVar [[r.SceneColorFormat:4]]
[2026-05-14T02:50:33.4032820-07:00] [pid=7568] [2026.05.14-09.50.33:403][  0]LogConfig: Setting CVar [[r.DetailMode:2]]
[2026-05-14T02:50:33.4032820-07:00] [pid=7568] [2026.05.14-09.50.33:403][  0]LogConfig: Setting CVar [[r.TranslucencyVolumeBlur:1]]
[2026-05-14T02:50:33.4032820-07:00] [pid=7568] [2026.05.14-09.50.33:403][  0]LogConfig: Setting CVar [[r.MaterialQualityLevel:1 ; High quality]]
[2026-05-14T02:50:33.4032820-07:00] [pid=7568] [2026.05.14-09.50.33:403][  0]LogConfig: Setting CVar [[r.AnisotropicMaterials:1]]
[2026-05-14T02:50:33.4032820-07:00] [pid=7568] [2026.05.14-09.50.33:403][  0]LogConfig: Setting CVar [[r.SSS.Scale:1]]
[2026-05-14T02:50:33.4042895-07:00] [pid=7568] [2026.05.14-09.50.33:403][  0]LogConfig: Setting CVar [[r.SSS.SampleSet:2]]
[2026-05-14T02:50:33.4042895-07:00] [pid=7568] [2026.05.14-09.50.33:404][  0]LogConfig: Setting CVar [[r.SSS.Quality:1]]
[2026-05-14T02:50:33.4042895-07:00] [pid=7568] [2026.05.14-09.50.33:404][  0]LogConfig: Setting CVar [[r.SSS.HalfRes:0]]
[2026-05-14T02:50:33.4042895-07:00] [pid=7568] [2026.05.14-09.50.33:404][  0]LogConfig: Setting CVar [[r.SSGI.Quality:3]]
[2026-05-14T02:50:33.4042895-07:00] [pid=7568] [2026.05.14-09.50.33:404][  0]LogConfig: Setting CVar [[r.EmitterSpawnRateScale:1.0]]
[2026-05-14T02:50:33.4042895-07:00] [pid=7568] [2026.05.14-09.50.33:404][  0]LogConfig: Setting CVar [[r.ParticleLightQuality:2]]
[2026-05-14T02:50:33.4042895-07:00] [pid=7568] [2026.05.14-09.50.33:404][  0]LogConfig: Setting CVar [[r.SkyAtmosphere.AerialPerspectiveLUT.FastApplyOnOpaque:1 ; Always have FastSkyLUT 1 in this case to avoid wrong sky]]
[2026-05-14T02:50:33.4042895-07:00] [pid=7568] [2026.05.14-09.50.33:404][  0]LogConfig: Setting CVar [[r.SkyAtmosphere.AerialPerspectiveLUT.SampleCountMaxPerSlice:4]]
[2026-05-14T02:50:33.4042895-07:00] [pid=7568] [2026.05.14-09.50.33:404][  0]LogConfig: Setting CVar [[r.SkyAtmosphere.AerialPerspectiveLUT.DepthResolution:16.0]]
[2026-05-14T02:50:33.4042895-07:00] [pid=7568] [2026.05.14-09.50.33:404][  0]LogConfig: Setting CVar [[r.SkyAtmosphere.FastSkyLUT:1]]
[2026-05-14T02:50:33.4052837-07:00] [pid=7568] [2026.05.14-09.50.33:404][  0]LogConfig: Setting CVar [[r.SkyAtmosphere.FastSkyLUT.SampleCountMin:4.0]]
[2026-05-14T02:50:33.4052837-07:00] [pid=7568] [2026.05.14-09.50.33:404][  0]LogConfig: Setting CVar [[r.SkyAtmosphere.FastSkyLUT.SampleCountMax:128.0]]
[2026-05-14T02:50:33.4052837-07:00] [pid=7568] [2026.05.14-09.50.33:405][  0]LogConfig: Setting CVar [[r.SkyAtmosphere.SampleCountMin:4.0]]
[2026-05-14T02:50:33.4052837-07:00] [pid=7568] [2026.05.14-09.50.33:405][  0]LogConfig: Setting CVar [[r.SkyAtmosphere.SampleCountMax:128.0]]
[2026-05-14T02:50:33.4052837-07:00] [pid=7568] [2026.05.14-09.50.33:405][  0]LogConfig: Setting CVar [[r.SkyAtmosphere.TransmittanceLUT.UseSmallFormat:0]]
[2026-05-14T02:50:33.4052837-07:00] [pid=7568] [2026.05.14-09.50.33:405][  0]LogConfig: Setting CVar [[r.SkyAtmosphere.TransmittanceLUT.SampleCount:10.0]]
[2026-05-14T02:50:33.4052837-07:00] [pid=7568] [2026.05.14-09.50.33:405][  0]LogConfig: Setting CVar [[r.SkyAtmosphere.MultiScatteringLUT.SampleCount:15.0]]
[2026-05-14T02:50:33.4052837-07:00] [pid=7568] [2026.05.14-09.50.33:405][  0]LogConfig: Setting CVar [[r.SkyLight.RealTimeReflectionCapture:1]]
[2026-05-14T02:50:33.4052837-07:00] [pid=7568] [2026.05.14-09.50.33:405][  0]LogConfig: Applying CVar settings from Section [FoliageQuality@3] File [C:/Users/kapil/OneDrive/Documents/Unreal Projects/testTP/Saved/Config/Windows/Scalability.ini]
[2026-05-14T02:50:33.4052837-07:00] [pid=7568] [2026.05.14-09.50.33:405][  0]LogConfig: Setting CVar [[foliage.DensityScale:1.0]]
[2026-05-14T02:50:33.4062952-07:00] [pid=7568] [2026.05.14-09.50.33:405][  0]LogConfig: Setting CVar [[grass.DensityScale:1.0]]
[2026-05-14T02:50:33.4062952-07:00] [pid=7568] [2026.05.14-09.50.33:406][  0]LogConfig: Applying CVar settings from Section [ShadingQuality@3] File [C:/Users/kapil/OneDrive/Documents/Unreal Projects/testTP/Saved/Config/Windows/Scalability.ini]
[2026-05-14T02:50:33.4062952-07:00] [pid=7568] [2026.05.14-09.50.33:406][  0]LogConfig: Setting CVar [[r.HairStrands.SkyLighting.IntegrationType:2]]
[2026-05-14T02:50:33.4062952-07:00] [pid=7568] [2026.05.14-09.50.33:406][  0]LogConfig: Setting CVar [[r.HairStrands.SkyAO.SampleCount:4]]
[2026-05-14T02:50:33.4062952-07:00] [pid=7568] [2026.05.14-09.50.33:406][  0]LogConfig: Setting CVar [[r.HairStrands.Visibility.MSAA.SamplePerPixel:4]]
[2026-05-14T02:50:33.4062952-07:00] [pid=7568] [2026.05.14-09.50.33:406][  0]LogConfig: Applying CVar settings from Section [Startup] File [../../../Engine/Config/ConsoleVariables.ini]
[2026-05-14T02:50:33.4173099-07:00] [pid=7568] [2026.05.14-09.50.33:416][  0]LogConfig: Setting CVar [[net.UseAdaptiveNetUpdateFrequency:0]]
[2026-05-14T02:50:33.4173099-07:00] [pid=7568] [2026.05.14-09.50.33:416][  0]LogConfig: Setting CVar [[p.chaos.AllowCreatePhysxBodies:1]]
[2026-05-14T02:50:33.4173099-07:00] [pid=7568] [2026.05.14-09.50.33:417][  0]LogConfig: Setting CVar [[fx.SkipVectorVMBackendOptimizations:1]]
[2026-05-14T02:50:33.4173099-07:00] [pid=7568] [2026.05.14-09.50.33:417][  0]LogConfig: Applying CVar settings from Section [ConsoleVariables] File [C:/Users/kapil/OneDrive/Documents/Unreal Projects/testTP/Saved/Config/Windows/Engine.ini]
[2026-05-14T02:50:33.4173099-07:00] [pid=7568] [2026.05.14-09.50.33:417][  0]LogConfig: Applying CVar settings from Section [ConsoleVariables] File [C:/Users/kapil/OneDrive/Documents/Unreal Projects/testTP/Saved/Config/Windows/Editor.ini]
[2026-05-14T02:50:33.4193104-07:00] [pid=7568] [2026.05.14-09.50.33:418][  0]LogInit: Computer: IMMERSEDEMOM5
[2026-05-14T02:50:33.4193104-07:00] [pid=7568] [2026.05.14-09.50.33:418][  0]LogInit: User: kapil
[2026-05-14T02:50:33.4193104-07:00] [pid=7568] [2026.05.14-09.50.33:419][  0]LogInit: CPU Page size=4096, Cores=14
[2026-05-14T02:50:33.4193104-07:00] [pid=7568] [2026.05.14-09.50.33:419][  0]LogInit: High frequency timer resolution =10.000000 MHz
[2026-05-14T02:50:33.4193104-07:00] [pid=7568] [2026.05.14-09.50.33:419][  0]LogMemory: Memory total: Physical=15.7GB (16GB approx)
[2026-05-14T02:50:33.4193104-07:00] [pid=7568] [2026.05.14-09.50.33:419][  0]LogMemory: Platform Memory Stats for Windows
[2026-05-14T02:50:33.4193104-07:00] [pid=7568] [2026.05.14-09.50.33:419][  0]LogMemory: Process Physical Memory: 151.02 MB used, 151.02 MB peak
[2026-05-14T02:50:33.4193104-07:00] [pid=7568] [2026.05.14-09.50.33:419][  0]LogMemory: Process Virtual Memory: 129.18 MB used, 129.18 MB peak
[2026-05-14T02:50:33.4203091-07:00] [pid=7568] [2026.05.14-09.50.33:419][  0]LogMemory: Physical Memory: 14308.44 MB used,  1760.26 MB free, 16068.70 MB total
[2026-05-14T02:50:33.4203091-07:00] [pid=7568] [2026.05.14-09.50.33:420][  0]LogMemory: Virtual Memory: 134211008.00 MB used,  6721.64 MB free, 134217728.00 MB total
[2026-05-14T02:50:33.4273267-07:00] [pid=7568] [2026.05.14-09.50.33:427][  0]LogWindows: WindowsPlatformFeatures enabled
[2026-05-14T02:50:33.6986100-07:00] [pid=7568] [2026.05.14-09.50.33:698][  0]LogInit: Physics initialised using underlying interface: PhysX
[2026-05-14T02:50:33.7011300-07:00] [pid=7568] [2026.05.14-09.50.33:701][  0]LogInit: Using OS detected language (en-US).
[2026-05-14T02:50:33.7011300-07:00] [pid=7568] [2026.05.14-09.50.33:701][  0]LogInit: Using OS detected locale (en-US).
[2026-05-14T02:50:33.7293478-07:00] [pid=7568] [2026.05.14-09.50.33:729][  0]LogTextLocalizationManager: No specific localization for 'en-US' exists, so the 'en' localization will be used.
[2026-05-14T02:50:34.0910563-07:00] [pid=18712] <1>May14 02:50:34.091 SF_18712[Environ] CMD_DESKTOP_TYPE_LBUTTONUP_RTT: l:1
[2026-05-14T02:50:34.0910563-07:00] [pid=18712] <1>May14 02:50:34.091 SF_18712[MediaMgr] Start video performance debug.
[2026-05-14T02:50:34.0940614-07:00] [pid=27484] Focus Exec Name: windowsterminal.exe
[2026-05-14T02:50:34.0940614-07:00] [pid=27484] ---> Focus Exec Name: windowsterminal.exe has WS_OVERLAPPEDWINDOW
[2026-05-14T02:50:34.2301638-07:00] [pid=7568] [2026.05.14-09.50.34:230][  0]LogWindowsTextInputMethodSystem: Display: IME system deactivated.
[2026-05-14T02:50:34.2833674-07:00] [pid=7568] [2026.05.14-09.50.34:282][  0]LogSlate: New Slate User Created.  User Index 0, Is Virtual User: 0
[2026-05-14T02:50:34.2833674-07:00] [pid=7568] [2026.05.14-09.50.34:283][  0]LogSlate: Slate User Registered.  User Index 0, Is Virtual User: 0
[2026-05-14T02:50:34.3311225-07:00] [pid=7568] [2026.05.14-09.50.34:330][  0]LogD3D11RHI: Loaded GFSDK_Aftermath_Lib.x64.dll
[2026-05-14T02:50:34.3787882-07:00] [pid=7568] [2026.05.14-09.50.34:378][  0]LogHMD: Failed to initialize OpenVR with code 110
[2026-05-14T02:50:34.3787882-07:00] [pid=7568] [2026.05.14-09.50.34:378][  0]LogD3D11RHI: D3D11 min allowed feature level: 11_0
[2026-05-14T02:50:34.3787882-07:00] [pid=7568] [2026.05.14-09.50.34:378][  0]LogD3D11RHI: D3D11 max allowed feature level: 11_0
[2026-05-14T02:50:34.3787882-07:00] [pid=7568] [2026.05.14-09.50.34:378][  0]LogD3D11RHI: D3D11 adapters:
[2026-05-14T02:50:34.5663446-07:00] [pid=7568] [2026.05.14-09.50.34:566][  0]LogD3D11RHI:    0. 'NVIDIA GeForce RTX 4060 Laptop GPU' (Feature Level 11_0)
[2026-05-14T02:50:34.5663446-07:00] [pid=7568] [2026.05.14-09.50.34:566][  0]LogD3D11RHI:       7957/0/8034 MB DedicatedVideo/DedicatedSystem/SharedSystem, Outputs:1, VendorId:0x10de
[2026-05-14T02:50:34.6074859-07:00] [pid=7568] [2026.05.14-09.50.34:607][  0]LogD3D11RHI:    1. 'Intel(R) UHD Graphics' (Feature Level 11_0)
[2026-05-14T02:50:34.6074859-07:00] [pid=7568] [2026.05.14-09.50.34:607][  0]LogD3D11RHI:       128/0/8034 MB DedicatedVideo/DedicatedSystem/SharedSystem, Outputs:0, VendorId:0x8086
[2026-05-14T02:50:34.6110094-07:00] [pid=7568] [2026.05.14-09.50.34:611][  0]LogD3D11RHI:    2. 'Microsoft Basic Render Driver' (Feature Level 11_0)
[2026-05-14T02:50:34.6110094-07:00] [pid=7568] [2026.05.14-09.50.34:611][  0]LogD3D11RHI:       0/0/8034 MB DedicatedVideo/DedicatedSystem/SharedSystem, Outputs:0, VendorId:0x1414
[2026-05-14T02:50:34.6110094-07:00] [pid=7568] [2026.05.14-09.50.34:611][  0]LogD3D11RHI: Chosen D3D11 Adapter:
[2026-05-14T02:50:34.6110094-07:00] [pid=7568] [2026.05.14-09.50.34:611][  0]LogD3D11RHI:     Description : NVIDIA GeForce RTX 4060 Laptop GPU
[2026-05-14T02:50:34.6110094-07:00] [pid=7568] [2026.05.14-09.50.34:611][  0]LogD3D11RHI:     VendorId    : 10de
[2026-05-14T02:50:34.6110094-07:00] [pid=7568] [2026.05.14-09.50.34:611][  0]LogD3D11RHI:     DeviceId    : 28e0
[2026-05-14T02:50:34.6110094-07:00] [pid=7568] [2026.05.14-09.50.34:611][  0]LogD3D11RHI:     SubSysId    : bf81028
[2026-05-14T02:50:34.6110094-07:00] [pid=7568] [2026.05.14-09.50.34:611][  0]LogD3D11RHI:     Revision    : 00a1
[2026-05-14T02:50:34.6110094-07:00] [pid=7568] [2026.05.14-09.50.34:611][  0]LogD3D11RHI:     DedicatedVideoMemory : 8343519232 bytes
[2026-05-14T02:50:34.6110094-07:00] [pid=7568] [2026.05.14-09.50.34:611][  0]LogD3D11RHI:     DedicatedSystemMemory : 0 bytes
[2026-05-14T02:50:34.6110094-07:00] [pid=7568] [2026.05.14-09.50.34:611][  0]LogD3D11RHI:     SharedSystemMemory : 8424628224 bytes
[2026-05-14T02:50:34.6110094-07:00] [pid=7568] [2026.05.14-09.50.34:611][  0]LogD3D11RHI:     AdapterLuid : 0 72942
[2026-05-14T02:50:34.6185318-07:00] [pid=7568] [2026.05.14-09.50.34:618][  0]LogD3D11RHI: Creating new Direct3DDevice
[2026-05-14T02:50:34.6185318-07:00] [pid=7568] [2026.05.14-09.50.34:618][  0]LogD3D11RHI:     GPU DeviceId: 0x28e0 (for the marketing name, search the web for "GPU Device Id")
[2026-05-14T02:50:34.6185318-07:00] [pid=7568] [2026.05.14-09.50.34:618][  0]LogWindows: EnumDisplayDevices:
[2026-05-14T02:50:34.6185318-07:00] [pid=7568] [2026.05.14-09.50.34:618][  0]LogWindows:    0. 'Intel(R) UHD Graphics' (P:1 D:1)
[2026-05-14T02:50:34.6195307-07:00] [pid=7568] [2026.05.14-09.50.34:619][  0]LogWindows:    1. 'Intel(R) UHD Graphics' (P:0 D:0)
[2026-05-14T02:50:34.6195307-07:00] [pid=7568] [2026.05.14-09.50.34:619][  0]LogWindows:    2. 'Intel(R) UHD Graphics' (P:0 D:0)
[2026-05-14T02:50:34.6195307-07:00] [pid=7568] [2026.05.14-09.50.34:619][  0]LogWindows:    3. 'Intel(R) UHD Graphics' (P:0 D:0)
[2026-05-14T02:50:34.6195307-07:00] [pid=7568] [2026.05.14-09.50.34:619][  0]LogWindows:    4. 'NVIDIA GeForce RTX 4060 Laptop GPU' (P:0 D:0)
[2026-05-14T02:50:34.6200364-07:00] [pid=7568] [2026.05.14-09.50.34:620][  0]LogWindows: DebugString: PrimaryIsNotTheChoosenAdapter PrimaryIsNotTheChoosenAdapter PrimaryIsNotTheChoosenAdapter PrimaryIsNotTheChoosenAdapter 
[2026-05-14T02:50:34.6200364-07:00] [pid=7568] [2026.05.14-09.50.34:620][  0]LogD3D11RHI:     Adapter Name: NVIDIA GeForce RTX 4060 Laptop GPU
[2026-05-14T02:50:34.6200364-07:00] [pid=7568] [2026.05.14-09.50.34:620][  0]LogD3D11RHI:   Driver Version: 581.95 (internal:32.0.15.8195, unified:581.95)
[2026-05-14T02:50:34.6200364-07:00] [pid=7568] [2026.05.14-09.50.34:620][  0]LogD3D11RHI:      Driver Date: 11-18-2025
[2026-05-14T02:50:34.6200364-07:00] [pid=7568] [2026.05.14-09.50.34:620][  0]LogRHI: Texture pool is 5569 MB (70% of 7957 MB)
[2026-05-14T02:50:34.6200364-07:00] [pid=7568] [2026.05.14-09.50.34:620][  0]LogD3D11RHI: Creating D3DDevice using adapter:
[2026-05-14T02:50:34.6200364-07:00] [pid=7568] [2026.05.14-09.50.34:620][  0]LogD3D11RHI:     Description : NVIDIA GeForce RTX 4060 Laptop GPU
[2026-05-14T02:50:34.6200364-07:00] [pid=7568] [2026.05.14-09.50.34:620][  0]LogD3D11RHI:     VendorId    : 10de
[2026-05-14T02:50:34.6200364-07:00] [pid=7568] [2026.05.14-09.50.34:620][  0]LogD3D11RHI:     DeviceId    : 28e0
[2026-05-14T02:50:34.6200364-07:00] [pid=7568] [2026.05.14-09.50.34:620][  0]LogD3D11RHI:     SubSysId    : bf81028
[2026-05-14T02:50:34.6200364-07:00] [pid=7568] [2026.05.14-09.50.34:620][  0]LogD3D11RHI:     Revision    : 00a1
[2026-05-14T02:50:34.6200364-07:00] [pid=7568] [2026.05.14-09.50.34:620][  0]LogD3D11RHI:     DedicatedVideoMemory : 8343519232 bytes
[2026-05-14T02:50:34.6200364-07:00] [pid=7568] [2026.05.14-09.50.34:620][  0]LogD3D11RHI:     DedicatedSystemMemory : 0 bytes
[2026-05-14T02:50:34.6200364-07:00] [pid=7568] [2026.05.14-09.50.34:620][  0]LogD3D11RHI:     SharedSystemMemory : 8424628224 bytes
[2026-05-14T02:50:34.6200364-07:00] [pid=7568] [2026.05.14-09.50.34:620][  0]LogD3D11RHI:     AdapterLuid : 0 72942
[2026-05-14T02:50:34.7341273-07:00] [pid=7568] [2026.05.14-09.50.34:734][  0]LogD3D11RHI: RHI has support for 64 bit atomics
[2026-05-14T02:50:34.7356335-07:00] [pid=7568] [2026.05.14-09.50.34:735][  0]LogD3D11RHI: Async texture creation enabled
[2026-05-14T02:50:34.7356335-07:00] [pid=7568] [2026.05.14-09.50.34:735][  0]LogD3D11RHI: Array index from any shader is supported
[2026-05-14T02:50:34.7657681-07:00] [pid=7568] [2026.05.14-09.50.34:765][  0]LogD3D11RHI: GPU Timing Frequency: 1000.000000 (Debug: 2 1)
[2026-05-14T02:50:34.8516807-07:00] [pid=7568] [2026.05.14-09.50.34:851][  0]LogRHI: GeForceNow SDK initialized: 1
[2026-05-14T02:50:35.2271990-07:00] [pid=32760] MacPlatformFactory.RegisterBuildPlatforms: UnrealBuildTool.MacPlatformSDK using manually installed SDK
[2026-05-14T02:50:35.2416644-07:00] [pid=32760] TVOSPlatformFactory.RegisterBuildPlatforms: UnrealBuildTool.IOSPlatformSDK has no valid SDK
[2026-05-14T02:50:35.2436746-07:00] [pid=32760] AndroidPlatformFactory.RegisterBuildPlatforms: UnrealBuildTool.AndroidPlatformSDK has no valid SDK
[2026-05-14T02:50:35.2446742-07:00] [pid=32760] HoloLensPlatformFactory.RegisterBuildPlatforms: UnrealBuildTool.HoloLensPlatformSDK using manually installed SDK
[2026-05-14T02:50:35.2476980-07:00] [pid=32760] IOSPlatformFactory.RegisterBuildPlatforms: UnrealBuildTool.IOSPlatformSDK has no valid SDK
[2026-05-14T02:50:35.2506426-07:00] [pid=32760] LinuxPlatformFactory.RegisterBuildPlatforms: UnrealBuildTool.LinuxPlatformSDK has no valid SDK
[2026-05-14T02:50:35.2516517-07:00] [pid=32760] LuminSDKVersionHelper.HasAnySDK: *** Unable to determine MLSDK location ***
[2026-05-14T02:50:35.2516517-07:00] [pid=32760] LuminSDKVersionHelper.HasAnySDK: *** Unable to determine MLSDK location ***
[2026-05-14T02:50:35.2516517-07:00] [pid=32760] LuminPlatformFactory.RegisterBuildPlatforms: UnrealBuildTool.LuminPlatformSDK has no valid SDK
[2026-05-14T02:50:35.2516517-07:00] [pid=32760] WindowsPlatformFactory.RegisterBuildPlatforms: UnrealBuildTool.WindowsPlatformSDK using manually installed SDK
[2026-05-14T02:50:35.2591716-07:00] [pid=32760] ValidatePlatformsMode.Execute: ##PlatformValidate: Win32 VALID
[2026-05-14T02:50:35.2601716-07:00] [pid=32760] ValidatePlatformsMode.Execute: ##PlatformValidate: Win64 VALID
[2026-05-14T02:50:35.2601716-07:00] [pid=32760] ValidatePlatformsMode.Execute: ##PlatformValidate: HoloLens VALID
[2026-05-14T02:50:35.2601716-07:00] [pid=32760] ValidatePlatformsMode.Execute: ##PlatformValidate: Mac VALID
[2026-05-14T02:50:35.2601716-07:00] [pid=32760] ValidatePlatformsMode.Execute: ##PlatformValidate: XboxOne INVALID
[2026-05-14T02:50:35.2601716-07:00] [pid=32760] ValidatePlatformsMode.Execute: ##PlatformValidate: PS4 INVALID
[2026-05-14T02:50:35.2601716-07:00] [pid=32760] ValidatePlatformsMode.Execute: ##PlatformValidate: IOS INVALID
[2026-05-14T02:50:35.2601716-07:00] [pid=32760] ValidatePlatformsMode.Execute: ##PlatformValidate: Android INVALID
[2026-05-14T02:50:35.2601716-07:00] [pid=32760] ValidatePlatformsMode.Execute: ##PlatformValidate: HTML5 INVALID
[2026-05-14T02:50:35.2601716-07:00] [pid=32760] ValidatePlatformsMode.Execute: ##PlatformValidate: Linux INVALID
[2026-05-14T02:50:35.2601716-07:00] [pid=32760] ValidatePlatformsMode.Execute: ##PlatformValidate: LinuxAArch64 INVALID
[2026-05-14T02:50:35.2606405-07:00] [pid=32760] ValidatePlatformsMode.Execute: ##PlatformValidate: AllDesktop INVALID
[2026-05-14T02:50:35.2606405-07:00] [pid=32760] ValidatePlatformsMode.Execute: ##PlatformValidate: TVOS INVALID
[2026-05-14T02:50:35.2606405-07:00] [pid=32760] ValidatePlatformsMode.Execute: ##PlatformValidate: Switch INVALID
[2026-05-14T02:50:35.2606405-07:00] [pid=32760] ValidatePlatformsMode.Execute: ##PlatformValidate: Lumin INVALID
[2026-05-14T02:50:35.2616496-07:00] [pid=32760] Timeline.Print: Timeline:
[2026-05-14T02:50:35.2616496-07:00] [pid=32760] Timeline.Print: 
[2026-05-14T02:50:35.2626588-07:00] [pid=32760] Timeline.Print: [ 0.000]
[2026-05-14T02:50:35.2636603-07:00] [pid=32760] Timeline.Print: [ 0.017](+0.157) XmlConfig.ReadConfigFiles()
[2026-05-14T02:50:35.2636603-07:00] [pid=32760] Timeline.Print: [ 0.175](+0.000) SingleInstanceMutex.Acquire()
[2026-05-14T02:50:35.2636603-07:00] [pid=32760] Timeline.Print: [ 0.175](+0.058) UEBuildPlatform.RegisterPlatforms()
[2026-05-14T02:50:35.2636603-07:00] [pid=32760] Timeline.Print:   0.176          [ 0.000](+0.023) Initializing InstalledPlatformInfo
[2026-05-14T02:50:35.2636603-07:00] [pid=32760] Timeline.Print:   0.199          [ 0.024](+0.000) Querying types
[2026-05-14T02:50:35.2636603-07:00] [pid=32760] Timeline.Print:   0.201          [ 0.025](+0.015) MacPlatformFactory
[2026-05-14T02:50:35.2636603-07:00] [pid=32760] Timeline.Print:   0.216          [ 0.041](+0.007) TVOSPlatformFactory
[2026-05-14T02:50:35.2636603-07:00] [pid=32760] Timeline.Print:   0.223          [ 0.048](+0.002) AndroidPlatformFactory
[2026-05-14T02:50:35.2636603-07:00] [pid=32760] Timeline.Print:   0.226          [ 0.050](+0.001) HoloLensPlatformFactory
[2026-05-14T02:50:35.2636603-07:00] [pid=32760] Timeline.Print:   0.227          [ 0.051](+0.001) IOSPlatformFactory
[2026-05-14T02:50:35.2636603-07:00] [pid=32760] Timeline.Print:   0.229          [ 0.053](+0.003) LinuxPlatformFactory
[2026-05-14T02:50:35.2636603-07:00] [pid=32760] Timeline.Print:   0.232          [ 0.056](+0.001) LuminPlatformFactory
[2026-05-14T02:50:35.2636603-07:00] [pid=32760] Timeline.Print:   0.233          [ 0.057](+0.000) WindowsPlatformFactory
[2026-05-14T02:50:35.2636603-07:00] [pid=32760] Timeline.Print: [ 0.242](+0.000) FileMetadataPrefetch.Stop()
[2026-05-14T02:50:35.2636603-07:00] [pid=32760] Timeline.Print: [ 0.244]
[2026-05-14T02:50:35.2916559-07:00] [pid=7568] [2026.05.14-09.50.35:291][  0]LogTargetPlatformManager: Display: Loaded TargetPlatform 'WindowsNoEditor'
[2026-05-14T02:50:35.2946641-07:00] [pid=7568] [2026.05.14-09.50.35:294][  0]LogTargetPlatformManager: Display: Loaded TargetPlatform 'Windows'
[2026-05-14T02:50:35.2992357-07:00] [pid=7568] [2026.05.14-09.50.35:299][  0]LogTargetPlatformManager: Display: Loaded TargetPlatform 'WindowsClient'
[2026-05-14T02:50:35.3046616-07:00] [pid=7568] [2026.05.14-09.50.35:303][  0]LogTargetPlatformManager: Display: Loaded TargetPlatform 'WindowsServer'
[2026-05-14T02:50:35.3046616-07:00] [pid=7568] [2026.05.14-09.50.35:304][  0]LogTargetPlatformManager: Display: Building Assets For Windows
[2026-05-14T02:50:35.3566561-07:00] [pid=7568] [2026.05.14-09.50.35:356][  0]LogAudioDebug: Display: Lib vorbis DLL was dynamically loaded.
[2026-05-14T02:50:35.4295881-07:00] [pid=7568] [2026.05.14-09.50.35:429][  0]LogTextureFormatOodle: Display: Oodle Texture 2.9.0 init RDO Off
[2026-05-14T02:50:35.5368835-07:00] [pid=7568] [2026.05.14-09.50.35:536][  0]LogRendererCore: Ray tracing is disabled. Reason: r.RayTracing=0.
[2026-05-14T02:50:35.5383937-07:00] [pid=7568] [2026.05.14-09.50.35:538][  0]LogShaderCompilers: Guid format shader working directory is -25 characters bigger than the processId version (../../../../../../Users/kapil/OneDrive/Documents/Unreal Projects/testTP/Intermediate/Shaders/WorkingDirectory/7568/).
[2026-05-14T02:50:35.5383937-07:00] [pid=7568] [2026.05.14-09.50.35:538][  0]LogShaderCompilers: Cleaned the shader compiler working directory 'C:/Users/kapil/AppData/Local/Temp/UnrealShaderWorkingDir/8C6B76E744B2D5814436D0901672AEB4/'.
[2026-05-14T02:50:35.5394061-07:00] [pid=7568] [2026.05.14-09.50.35:539][  0]LogXGEController: Cannot use XGE Controller as Incredibuild is not installed on this machine.
[2026-05-14T02:50:35.5394061-07:00] [pid=7568] [2026.05.14-09.50.35:539][  0]LogShaderCompilers: Cannot use XGE Shader Compiler as Incredibuild is not installed on this machine.
[2026-05-14T02:50:35.5394061-07:00] [pid=7568] [2026.05.14-09.50.35:539][  0]LogShaderCompilers: Display: Using Local Shader Compiler.
[2026-05-14T02:50:39.5128006-07:00] [pid=7568] [2026.05.14-09.50.39:512][  0]LogDerivedDataCache: Display: Max Cache Size: 512 MB
[2026-05-14T02:50:39.5995674-07:00] [pid=7568] [2026.05.14-09.50.39:599][  0]LogDerivedDataCache: Loaded boot cache 0.09s 78MB C:/Users/kapil/AppData/Local/UnrealEngine/4.27/DerivedDataCache/Boot.ddc.
[2026-05-14T02:50:39.5995674-07:00] [pid=7568] [2026.05.14-09.50.39:599][  0]LogDerivedDataCache: Display: Loaded Boot cache: C:/Users/kapil/AppData/Local/UnrealEngine/4.27/DerivedDataCache/Boot.ddc
[2026-05-14T02:50:39.5995674-07:00] [pid=7568] [2026.05.14-09.50.39:599][  0]LogDerivedDataCache: FDerivedDataBackendGraph:  Pak pak cache file ../../../../../../Users/kapil/OneDrive/Documents/Unreal Projects/testTP/DerivedDataCache/DDC.ddp not found, will not use a pak cache.
[2026-05-14T02:50:39.5995674-07:00] [pid=7568] [2026.05.14-09.50.39:599][  0]LogDerivedDataCache: Unable to find inner node Pak for hierarchical cache Hierarchy.
[2026-05-14T02:50:39.5995674-07:00] [pid=7568] [2026.05.14-09.50.39:599][  0]LogDerivedDataCache: FDerivedDataBackendGraph:  CompressedPak pak cache file ../../../../../../Users/kapil/OneDrive/Documents/Unreal Projects/testTP/DerivedDataCache/Compressed.ddp not found, will not use a pak cache.
[2026-05-14T02:50:39.5995674-07:00] [pid=7568] [2026.05.14-09.50.39:599][  0]LogDerivedDataCache: Unable to find inner node CompressedPak for hierarchical cache Hierarchy.
[2026-05-14T02:50:39.6221435-07:00] [pid=7568] [2026.05.14-09.50.39:622][  0]LogDerivedDataCache: Display: Pak cache opened for reading ../../../Engine/DerivedDataCache/Compressed.ddp.
[2026-05-14T02:50:39.6221435-07:00] [pid=7568] [2026.05.14-09.50.39:622][  0]LogDerivedDataCache: FDerivedDataBackendGraph:  EnterprisePak pak cache file ../../../Enterprise/DerivedDataCache/Compressed.ddp not found, will not use a pak cache.
[2026-05-14T02:50:39.6221435-07:00] [pid=7568] [2026.05.14-09.50.39:622][  0]LogDerivedDataCache: Unable to find inner node EnterprisePak for hierarchical cache Hierarchy.
[2026-05-14T02:50:39.6939359-07:00] [pid=7568] [2026.05.14-09.50.39:693][  0]LogDerivedDataCache: Speed tests for C:/Users/kapil/AppData/Local/UnrealEngine/Common/DerivedDataCache took 0.07 seconds
[2026-05-14T02:50:39.6954457-07:00] [pid=7568] [2026.05.14-09.50.39:693][  0]LogDerivedDataCache: Display: Performance to C:/Users/kapil/AppData/Local/UnrealEngine/Common/DerivedDataCache: Latency=0.07ms. RandomReadSpeed=14.11MBs, RandomWriteSpeed=159.32MBs. Assigned SpeedClass 'Local'
[2026-05-14T02:50:39.6964566-07:00] [pid=7568] [2026.05.14-09.50.39:695][  0]LogDerivedDataCache: Using Local data cache path C:/Users/kapil/AppData/Local/UnrealEngine/Common/DerivedDataCache: Writable
[2026-05-14T02:50:39.6964566-07:00] [pid=7568] [2026.05.14-09.50.39:696][  0]LogDerivedDataCache: Shared data cache path not found in *engine.ini, will not use an Shared cache.
[2026-05-14T02:50:39.6964566-07:00] [pid=7568] [2026.05.14-09.50.39:696][  0]LogDerivedDataCache: Unable to find inner node Shared for hierarchical cache Hierarchy.
[2026-05-14T02:50:39.7321328-07:00] [pid=7568] [2026.05.14-09.50.39:732][  0]LogSlate: Using FreeType 2.10.0
[2026-05-14T02:50:39.7512168-07:00] [pid=7568] [2026.05.14-09.50.39:751][  0]LogSlate: SlateFontServices - WITH_FREETYPE: 1, WITH_HARFBUZZ: 1
[2026-05-14T02:50:39.8440066-07:00] [pid=7568] [2026.05.14-09.50.39:844][  0]LogInit: Using OS detected language (en-US).
[2026-05-14T02:50:39.8440066-07:00] [pid=7568] [2026.05.14-09.50.39:844][  0]LogInit: Using OS detected locale (en-US).
[2026-05-14T02:50:39.8440066-07:00] [pid=7568] [2026.05.14-09.50.39:844][  0]LogTextLocalizationManager: No localization for 'en-US' exists, so 'en' will be used for the language.
[2026-05-14T02:50:39.8440066-07:00] [pid=7568] [2026.05.14-09.50.39:844][  0]LogTextLocalizationManager: No localization for 'en-US' exists, so 'en' will be used for the locale.
[2026-05-14T02:50:39.8440066-07:00] [pid=7568] [2026.05.14-09.50.39:844][  0]LogSlate: FontCache flush requested. Reason: Culture for localization was changed
[2026-05-14T02:50:39.8440066-07:00] [pid=7568] [2026.05.14-09.50.39:844][  0]LogSlate: FontCache flush requested. Reason: Culture for localization was changed
[2026-05-14T02:50:39.8500241-07:00] [pid=7568] [2026.05.14-09.50.39:850][  0]LogTextLocalizationManager: Compacting localization data took   0.12ms
[2026-05-14T02:50:39.8500241-07:00] [pid=7568] [2026.05.14-09.50.39:850][  0]LogAssetRegistry: FAssetRegistry took 0.0030 seconds to start up
[2026-05-14T02:50:40.1822636-07:00] [pid=7568] [2026.05.14-09.50.40:182][  0]LogPackageLocalizationCache: Processed 28 localized package path(s) for 1 prioritized culture(s) in 0.079240 seconds
[2026-05-14T02:50:40.2813499-07:00] [pid=7568] [2026.05.14-09.50.40:281][  0]LogInit: Selected Device Profile: [Windows]
[2026-05-14T02:50:40.2813499-07:00] [pid=7568] [2026.05.14-09.50.40:281][  0]LogInit: Active device profile: [000001BEC6E43700][000001BEC289A180 49] Windows
[2026-05-14T02:50:40.2813499-07:00] [pid=7568] [2026.05.14-09.50.40:281][  0]LogInit: Profiles: [000001BEC6E43700][000001BEC289A180 49] Windows, [000001BEC6DF8B00][000001BEAB690300 49] WindowsNoEditor, [000001BEC6E40B00][000001BEAB694480 49] WindowsServer, [000001BEC6DFAE00][000001BEAB698600 49] WindowsClient, [000001BEC6E42D00][000001BEC1F7E780 49] IOS, [000001BEC6DF9500][000001BEC1F82900 49] iPadAir, [000001BEC6E41400][000001BEC1F86A80 49] iPadAir2, [000001BEC6D9BC00][000001BEC1F8ED40 49] IPadPro, [000001BEC6D9BD00][000001BEC1F8AD80 49] iPadAir3, [000001BEC6E42600][000001BEC1F92F00 49] iPadAir4, [000001BEC6D99000][000001BEC1F97080 49] iPadMini2, [000001BEC6E41900][000001BEC1F9B200 49] iPadMini3, [000001BEC6D9A800][000001BEC1F9F380 49] iPadMini4, [000001BEC6E40200][000001BEAB68D4C0 49] iPadMini5, [000001BEC6DEB500][000001BEC1FA7700 49] iPhone6, [000001BEC6DEB600][000001BEC1FA3740 49] iPodTouch6, [000001BEC6D98100][000001BEC1FB39C0 49] iPhone7, [000001BEC6D99100][000001BEC1FABA00 49] iPodTouch7, [000001BEC6DE8F00][000001BEC24A1B80 49] iPhone5S, [000001BEC6D9A900][000001BEC24A4180 49] iPhone6Plus, [000001BEC6DEA900][000001BEC24A8300 49] iPhone6S, [000001BEC6D9BA00][000001BEC24AC480 49] iPhone6SPlus, [000001BEC6DE9800][000001BEC24B0600 49] iPhone7Plus, [000001BEC6D98900][000001BEC24B4780 49] iPhoneSE, [000001BEC6DE8900][000001BEC24B8900 49] iPhone8, [000001BEC6D9B000][000001BEC24BCA80 49] iPhone8Plus, [000001BEC6DEB100][000001BEC24C0C00 49] iPhoneX, [000001BEC6D9A100][000001BEC24C4D80 49] iPhoneXS, [000001BEC6DE8100][000001BEC24C8F00 49] iPhoneXSMax, [000001BEC6D9B500][000001BEC24CD080 49] iPhoneXR, [000001BEC6DE8700][000001BEC24D1200 49] iPhone11, [000001BEC6D9B200][000001BEC24D5380 49] iPhone11Pro, [000001BEC6DE8C00][000001BEC24D9500 49] iPhone11ProMax, [000001BEC6D9AC00][000001BEC24DD680 49] iPhoneSE2, [000001BEC6DEAD00][000001BEC1FAF7C0 49] iPhone12Mini, [000001BEC6D9B800][000001BEC24E1900 49] iPhone12, [000001BEC6DEBD00][000001BEC24E5A40 49] iPhone12Pro, [000001BEC6D98E00][000001BEC74C1BC0 49] iPhone12ProMax, [000001BEC6DE9400][000001BEC74C41C0 49] iPadPro105, [000001BEC6D99700][000001BEC74C8340 49] iPadPro129, [000001BEC6DEAC00][000001BEC74CC4C0 49] iPadPro97, [000001BEC6D99C00][000001BEC74D0640 49] iPadPro2_129, [000001BEC6DE9000][000001BEC74D47C0 49] iPad5, [000001BEC6D9AF00][000001BEC74D8940 49] iPad6, [000001BEC6DE9700][000001BEC74DCAC0 49] iPad7, [000001BEC6D9AA00][000001BEC74E0C40 49] iPad8, [000001BEC6DEA800][000001BEC74E4DC0 49] iPadPro11, [000001BEC6D99900][000001BEC74E8F40 49] iPadPro2_11, [000001BEC6DEB400][000001BEC74ED0C0 49] iPadPro3_129, [000001BEC6D9A400][000001BEC74F1240 49] iPadPro4_129, [000001BEC6DE9200][000001BEC74F53C0 49] AppleTV, [000001BEC6D9A000][000001BEC74F9540 49] AppleTV4K, [000001BEC6DE9900][000001BEC74FD6C0 49] TVOS, [000001BEC6D98300][000001BEC7501840 49] Mac, [000001BEC6DE8500][000001BEC24E9980 49] MacClient, [000001BEC6D98D00][000001BEC7505AC0 49] MacNoEditor, [000001BEC6DE9500][000001BEC7509C00 49] MacServer, [000001BEC6D9B700][000001BEC750C1C0 49] Linux, [000001BEC6DEB200][000001BEC7514340 49] LinuxAArch64, [000001BEC6D99B00][000001BEC75184C0 49] LinuxNoEditor, [000001BEC6DFA800][000001BEC751C640 49] LinuxAArch64NoEditor, [000001BEC6E74F00][000001BEC75207C0 49] LinuxClient, [000001BEC6DFB500][000001BEC7524940 49] LinuxAArch64Client, [000001BEC6E75F00][000001BEC7528AC0 49] LinuxServer, [000001BEC6DF9A00][000001BEC752CC40 49] LinuxAArch64Server, [000001BEC6E74800][000001BEC7530DC0 49] Android, [000001BEC6DF8800][000001BEC7534F40 49] Android_Low, [000001BEC6E75600][000001BEC75390C0 49] Android_Mid, [000001BEC6DFB900][000001BEC753D240 49] Android_High, [000001BEC6E75700][000001BEC75413C0 49] Android_Default, [000001BEC6DF9800][000001BEC7545540 49] Android_Adreno4xx, [000001BEC6E75C00][000001BEC75496C0 49] Android_Adreno5xx_Low, [000001BEC6DF9400][000001BEC754D840 49] Android_Adreno5xx, [000001BEC6E74200][000001BEC75519C0 49] Android_Adreno6xx, [000001BEC6DF8400][000001BEC7511B00 49] Android_Adreno6xx_Vulkan, [000001BEC6E76A00][000001BEC75540C0 49] Android_Mali_T6xx, [000001BEC6DF9B00][000001BEC7558200 49] Android_Mali_T7xx, [
[2026-05-14T02:50:40.2813499-07:00] [pid=7568] 000001BEC6E74900][000001BEC755C340 49] Android_Mali_T8xx, [000001BEC6DFB600][000001BEC75644C0 49] Android_Mali_G71, [000001BEC6E76500][000001BEC7568640 49] Android_Mali_G72, [000001BEC6DFA300][000001BEC756C7C0 49] Android_Mali_G72_Vulkan, [000001BEC6E76900][000001BEC7570940 49] Android_Mali_G76, [000001BEC6DF8E00][000001BEC7574AC0 49] Android_Mali_G76_Vulkan, [000001BEC6E75300][000001BEC7578C40 49] Android_Mali_G77, [000001BEC6D98500][000001BEC757CDC0 49] Android_Mali_G77_Vulkan, [000001BEC6DEBE00][000001BEC7580F40 49] Android_Mali_G78, [000001BEC6D98F00][000001BEC75850C0 49] Android_Mali_G78_Vulkan, [000001BEC6DEA500][000001BEC7589240 49] Android_Mali_G710, [000001BEC6D99300][000001BEC758D3C0 49] Android_Mali_G710_Vulkan, [000001BEC6E74700][000001BEC7591540 49] Android_Vulkan_SM5, [000001BEC6D99500][000001BEC75956C0 49] Android_PowerVR_G6xxx, [000001BEC6E74300][000001BEC7599840 49] Android_PowerVR_GT7xxx, [000001BEC6D99E00][000001BEC759D9C0 49] Android_PowerVR_GE8xxx, [000001BEC6E75900][000001BEC75A1B40 49] Android_PowerVR_GM9xxx, [000001BEC6D98200][000001BEC75A4140 49] Android_PowerVR_GM9xxx_Vulkan, [000001BEC6E74500][000001BEC7560280 49] Android_TegraK1, [000001BEC6D9B100][000001BEC75A83C0 49] Android_Unknown_Vulkan, [000001BEC6E75200][000001BEC75AC500 49] Lumin, [000001BEC6D99600][000001BEC75B4680 49] Lumin_Desktop, [000001BEC6E75100][000001BEC75B8800 49] HoloLens, 
[2026-05-14T02:50:40.5012418-07:00] [pid=7568] [2026.05.14-09.50.40:501][  0]LogMeshReduction: Using QuadricMeshReduction for automatic static mesh reduction
[2026-05-14T02:50:40.5012418-07:00] [pid=7568] [2026.05.14-09.50.40:501][  0]LogMeshReduction: Using SimplygonMeshReduction for automatic skeletal mesh reduction
[2026-05-14T02:50:40.5012418-07:00] [pid=7568] [2026.05.14-09.50.40:501][  0]LogMeshReduction: Using ProxyLODMeshReduction for automatic mesh merging
[2026-05-14T02:50:40.5012418-07:00] [pid=7568] [2026.05.14-09.50.40:501][  0]LogMeshReduction: No distributed automatic mesh merging module available
[2026-05-14T02:50:40.5012418-07:00] [pid=7568] [2026.05.14-09.50.40:501][  0]LogMeshMerging: No distributed automatic mesh merging module available
[2026-05-14T02:50:40.6333628-07:00] [pid=7568] [2026.05.14-09.50.40:633][  0]LogNetVersion: testTP 1.0.0, NetCL: 17155196, EngineNetVer: 17, GameNetVer: 0 (Checksum: 3966549976)
[2026-05-14T02:50:41.6442285-07:00] [pid=7568] [2026.05.14-09.50.41:644][  0]LogTexture: Default maximum texture size for cubemaps generated from long-lat sources has been changed from 512 to unlimited. In order to preserve old behaiour for '/Engine/MapTemplates/Sky/DaylightAmbientCubemap.DaylightAmbientCubemap', its maximum texture size has been explicitly set to 512.
[2026-05-14T02:50:41.7999820-07:00] [pid=7568] [2026.05.14-09.50.41:799][  0]LogHMD: PokeAHoleMaterial loaded successfully
[2026-05-14T02:50:42.0148859-07:00] [pid=7568] [2026.05.14-09.50.42:014][  0]LogMoviePlayer: Initializing movie player
[2026-05-14T02:50:42.1429505-07:00] [pid=7568] [2026.05.14-09.50.42:142][  0]LogNiagaraDebuggerClient: Niagara Debugger Client Initialized | Session: B41C340F4EB45E31AC8CCCB12B9E411D | Instance: 8A3D83AD4B07240588D53A9CDFF2F43B (IMMERSEDEMOM5-7568).
[2026-05-14T02:50:42.2278260-07:00] [pid=7568] [2026.05.14-09.50.42:227][  0]LogCollectionManager: Loaded 0 collections in 0.003227 seconds
[2026-05-14T02:50:42.2323571-07:00] [pid=7568] [2026.05.14-09.50.42:232][  0]LogFileCache: Scanning file cache for directory 'C:/Users/kapil/OneDrive/Documents/Unreal Projects/testTP/Saved/Collections/' took 0.00s
[2026-05-14T02:50:42.2333574-07:00] [pid=7568] [2026.05.14-09.50.42:232][  0]LogFileCache: Scanning file cache for directory 'C:/Users/kapil/OneDrive/Documents/Unreal Projects/testTP/Content/Developers/kapil/Collections/' took 0.00s
[2026-05-14T02:50:42.2333574-07:00] [pid=7568] [2026.05.14-09.50.42:233][  0]LogFileCache: Scanning file cache for directory 'C:/Users/kapil/OneDrive/Documents/Unreal Projects/testTP/Content/Collections/' took 0.00s
[2026-05-14T02:50:42.2333574-07:00] [pid=7568] [2026.05.14-09.50.42:233][  0]LogCollectionManager: Fixed up redirectors for 0 collections in 0.000002 seconds (updated 0 objects)
[2026-05-14T02:50:42.5397782-07:00] [pid=7568] [2026.05.14-09.50.42:539][  0]LogPython: Using Python 3.7.7
[2026-05-14T02:50:43.1731178-07:00] [pid=7568] [2026.05.14-09.50.43:172][  0]LogAkAudio: Wwise(R) SDK Version 2019.2.15 Build 7667. Copyright (c) 2006-2019 Audiokinetic Inc.
[2026-05-14T02:50:43.1756365-07:00] [pid=7568] [2026.05.14-09.50.43:175][  0]LogAkAudio: Wwise plug-in DLL path: C:/Users/kapil/OneDrive/Documents/Unreal Projects/testTP/Plugins/Wwise/ThirdParty/x64_vc150/Profile/bin/
[2026-05-14T02:50:43.1796605-07:00] [pid=7568] [2026.05.14-09.50.43:178][  0]LogAkAudio: Wwise remote connection application name: testTP
[2026-05-14T02:50:43.1796605-07:00] [pid=7568] [2026.05.14-09.50.43:178][  0]LogAkAudio: Wwise successfully initialized.
[2026-05-14T02:50:43.2138891-07:00] [pid=7568] <<<_____ ImmerseAudioRenderer _____>>> 
[2026-05-14T02:50:43.2138891-07:00] [pid=7568] RegisterImmerseAudioRendererFX()
[2026-05-14T02:50:43.2138891-07:00] [pid=7568] 
[2026-05-14T02:50:43.2138891-07:00] [pid=7568] <<<_____ ImmerseAudioRenderer _____>>> 
[2026-05-14T02:50:43.2138891-07:00] [pid=7568] CreateImmerseManager
[2026-05-14T02:50:43.2138891-07:00] [pid=7568] 
[2026-05-14T02:50:43.2138891-07:00] [pid=7568] <<<_____ ImmerseAudioRenderer _____>>> 
[2026-05-14T02:50:43.2138891-07:00] [pid=7568] loadAndInitializeImmerseEngine
[2026-05-14T02:50:43.2138891-07:00] [pid=7568] 
[2026-05-14T02:50:43.2430461-07:00] [pid=7568] [EmbodyLOG] May_14_2026 02:50:43.241 line: 457. ___IMMERSEENGINE___ Immerse_SetMemoryInterface inMemoryInterface:0000009F1230E190 
[2026-05-14T02:50:43.2440393-07:00] [pid=7568] [EmbodyLOG] May_14_2026 02:50:43.244 line: 466. ___IMMERSEENGINE___ Immerse_SetThreadInterface inThreadInterface:0000009F1230E1B0 
[2026-05-14T02:50:43.2440393-07:00] [pid=7568] [EmbodyLOG] May_14_2026 02:50:43.244 line: 451. ___IMMERSEENGINE___ Immerse_SetStatusCallback inCallback:00007FFF9BDF3D00 inUserData:0000000000000000 
[2026-05-14T02:50:43.2440393-07:00] [pid=7568] [EmbodyLOG] May_14_2026 02:50:43.245 line: 495. ___IMMERSEENGINE___ Immerse_Initialize inImmerseInit:00007FFF9BE263C0 
[2026-05-14T02:50:43.2455440-07:00] [pid=7568] <<<_____ ImmerseAudioRenderer _____>>> 
[2026-05-14T02:50:43.2455440-07:00] [pid=7568] CreateImmerseAudioRendererFXParams()
[2026-05-14T02:50:43.2455440-07:00] [pid=7568] 
[2026-05-14T02:50:43.2455440-07:00] [pid=7568] <<<_____ ImmerseAudioRenderer _____>>> 
[2026-05-14T02:50:43.2455440-07:00] [pid=7568] WwiseFxNullParams::Init()
[2026-05-14T02:50:43.2455440-07:00] [pid=7568] 
[2026-05-14T02:50:43.2465519-07:00] [pid=7568] [2026.05.14-09.50.43:246][  0]LogAkAudio: Initialization complete.
[2026-05-14T02:50:43.2465519-07:00] [pid=7568] [2026.05.14-09.50.43:246][  0]LogInit: Audiokinetic Audio Device initialized.
[2026-05-14T02:50:43.3258673-07:00] [pid=7568] [EmbodyLOG] May_14_2026 02:50:43.326 line: 373. setLocalDataStorePath: C:\ProgramData\Embody\Immerse Audio Renderer\Tencent\ 
[2026-05-14T02:50:43.3268764-07:00] [pid=7568] [EmbodyLOG] May_14_2026 02:50:43.326 line: 143. ImmerseApiHelper: Immerse Api data path set: C:\ProgramData\Embody\Immerse Audio Renderer\Tencent\. 
[2026-05-14T02:50:43.3574839-07:00] [pid=7568] [EmbodyLOG] May_14_2026 02:50:43.357 line: 73. HpeqHeadsetInterface::Init() - failed to find hpeqAssetPath on filesystem! 
[2026-05-14T02:50:43.3584889-07:00] [pid=7568] [EmbodyLOG] May_14_2026 02:50:43.358 line: 867. ImmerseAudioApiImplBase::InitHpeqData() - failed to initialize hpeq asset data! 
[2026-05-14T02:50:43.3584889-07:00] [pid=7568] [EmbodyLOG] May_14_2026 02:50:43.358 line: 535. ImmerseManager::Initialize() - Failed to initialize HPEQ asset data! 
[2026-05-14T02:50:43.3584889-07:00] [pid=7568] [EmbodyLOG] May_14_2026 02:50:43.358 line: 544. ImmerseManager::Initialize() - failed to load head tracker library! 
[2026-05-14T02:50:43.5136963-07:00] [pid=7568] [2026.05.14-09.50.43:513][  0]SourceControl: Source control is disabled
[2026-05-14T02:50:43.5136963-07:00] [pid=7568] [2026.05.14-09.50.43:513][  0]SourceControl: Source control is disabled
[2026-05-14T02:50:43.5177091-07:00] [pid=7568] [2026.05.14-09.50.43:516][  0]SourceControl: Source control is disabled
[2026-05-14T02:50:43.5232429-07:00] [pid=7568] [2026.05.14-09.50.43:523][  0]LogUProjectInfo: Found projects:
[2026-05-14T02:50:43.5975829-07:00] [pid=7568] [2026.05.14-09.50.43:597][  0]LogAndroidPermission: UAndroidPermissionCallbackProxy::GetInstance
[2026-05-14T02:50:43.6066394-07:00] [pid=7568] [2026.05.14-09.50.43:606][  0]LogAudioCaptureCore: Display: No Audio Capture implementations found. Audio input will be silent.
[2026-05-14T02:50:43.6066394-07:00] [pid=7568] [2026.05.14-09.50.43:606][  0]LogAudioCaptureCore: Display: No Audio Capture implementations found. Audio input will be silent.
[2026-05-14T02:50:43.6986658-07:00] [pid=7568] [2026.05.14-09.50.43:698][  0]LogOpenImageDenoise: OIDN starting up
[2026-05-14T02:50:43.7629173-07:00] [pid=7568] [2026.05.14-09.50.43:762][  0]LogOcInput: OculusInput pre-init called
[2026-05-14T02:50:43.7729719-07:00] [pid=7568] [2026.05.14-09.50.43:772][  0]LogUObjectArray: 22857 objects as part of root set at end of initial load.
[2026-05-14T02:50:43.7729719-07:00] [pid=7568] [2026.05.14-09.50.43:772][  0]LogUObjectAllocator: 6232704 out of 0 bytes used by permanent object pool.
[2026-05-14T02:50:43.7729719-07:00] [pid=7568] [2026.05.14-09.50.43:772][  0]LogUObjectArray: CloseDisregardForGC: 0/0 objects in disregard for GC pool
[2026-05-14T02:50:43.8819804-07:00] [pid=7568] [2026.05.14-09.50.43:881][  0]LogClass: Display: EnumProperty FAkExternalSourceInfo::CodecID is not initialized properly. Module:AkAudio File:Classes/AkGameplayTypes.h
[2026-05-14T02:50:43.8819804-07:00] [pid=7568] [2026.05.14-09.50.43:881][  0]LogClass: Warning: ObjectProperty FAkExternalSourceInfo::ExternalSourceAsset is not initialized properly. Module:AkAudio File:Classes/AkGameplayTypes.h
[2026-05-14T02:50:43.8829812-07:00] [pid=7568] [2026.05.14-09.50.43:881][  0]LogClass: Display: IntProperty FAkChannelMask::ChannelMask is not initialized properly. Module:AkAudio File:Classes/AkGameplayTypes.h
[2026-05-14T02:50:43.8829812-07:00] [pid=7568] [2026.05.14-09.50.43:882][  0]LogClass: Display: BoolProperty FAkPS5AdvancedInitializationSettings::bVorbisHwAcceleration is not initialized properly. Module:AkAudio File:Classes/Platforms/AkPlatform_Pellegrino/AkPS5InitializationSettings.h
[2026-05-14T02:50:43.8839804-07:00] [pid=7568] [2026.05.14-09.50.43:883][  0]LogClass: Display: 4 Uninitialized script struct members found including 1 object properties
[2026-05-14T02:50:43.8874972-07:00] [pid=7568] [2026.05.14-09.50.43:887][  0]LogAutomationTest: Warning: ObjectProperty FAkExternalSourceInfo::ExternalSourceAsset is not initialized properly. Module:AkAudio File:Classes/AkGameplayTypes.h
[2026-05-14T02:50:43.8874972-07:00] [pid=7568] [2026.05.14-09.50.43:887][  0]LogEngine: Initializing Engine...
[2026-05-14T02:50:43.9341550-07:00] [pid=7568] Error [GENERAL |  | OpenXR-Loader] : RuntimeManifestFile::FindManifestFiles - failed to find active runtime file in registry
[2026-05-14T02:50:43.9341550-07:00] [pid=7568] Error [GENERAL | xrEnumerateInstanceExtensionProperties | OpenXR-Loader] : RuntimeInterface::LoadRuntimes - unknown error
[2026-05-14T02:50:43.9341550-07:00] [pid=7568] Error [GENERAL | xrEnumerateInstanceExtensionProperties | OpenXR-Loader] : RuntimeInterface::LoadRuntimes - failed to load a runtime
[2026-05-14T02:50:43.9341550-07:00] [pid=7568] Error [GENERAL | xrEnumerateInstanceExtensionProperties | OpenXR-Loader] : Failed to find default runtime with RuntimeInterface::LoadRuntime()
[2026-05-14T02:50:43.9341550-07:00] [pid=7568] Error [GENERAL | xrEnumerateInstanceExtensionProperties | OpenXR-Loader] : Failed querying extension properties
[2026-05-14T02:50:43.9341550-07:00] [pid=7568] [2026.05.14-09.50.43:934][  0]LogHMD: Failed to enumerate extensions. Please check that you have a valid OpenXR runtime installed.
[2026-05-14T02:50:43.9341550-07:00] [pid=7568] [2026.05.14-09.50.43:934][  0]LogHMD: Failed to initialize OpenVR with code 110
[2026-05-14T02:50:43.9341550-07:00] [pid=7568] [2026.05.14-09.50.43:934][  0]LogMagicLeap: Warning: VR disabled because ZI is not enabled.  To enable, in the editor, Edit -> Project Settings -> Plugins -> Magic Leap Plugin -> Enable Zero Iteration
[2026-05-14T02:50:43.9376638-07:00] [pid=7568] [2026.05.14-09.50.43:937][  0]LogStats: UGameplayTagsManager::InitializeManager -  0.001 s
[2026-05-14T02:50:44.1677620-07:00] [pid=7568] [2026.05.14-09.50.44:167][  0]LogInit: Initializing FReadOnlyCVARCache
[2026-05-14T02:50:44.1677620-07:00] [pid=7568] [2026.05.14-09.50.44:167][  0]LogAudio: Display: Initializing Audio Device Manager...
[2026-05-14T02:50:44.1712910-07:00] [pid=7568] [2026.05.14-09.50.44:171][  0]LogAudio: Display: Loading Default Audio Settings Objects...
[2026-05-14T02:50:44.1768167-07:00] [pid=7568] [2026.05.14-09.50.44:176][  0]LogAudio: Display: No default SoundConcurrencyObject specified (or failed to load).
[2026-05-14T02:50:44.1788128-07:00] [pid=7568] [2026.05.14-09.50.44:178][  0]LogAudio: Display: Audio Device Manager Initialized
[2026-05-14T02:50:44.1788128-07:00] [pid=7568] [2026.05.14-09.50.44:178][  0]LogAudio: Display: Creating Audio Device:                 Id: 1, Scope: Shared, Realtime: True
[2026-05-14T02:50:44.1798126-07:00] [pid=7568] [2026.05.14-09.50.44:179][  0]LogAudioMixer: Display: Audio Mixer Platform Settings:
[2026-05-14T02:50:44.1798126-07:00] [pid=7568] [2026.05.14-09.50.44:179][  0]LogAudioMixer: Display: 	Sample Rate:						  48000
[2026-05-14T02:50:44.1798126-07:00] [pid=7568] [2026.05.14-09.50.44:179][  0]LogAudioMixer: Display: 	Callback Buffer Frame Size Requested: 1024
[2026-05-14T02:50:44.1798126-07:00] [pid=7568] [2026.05.14-09.50.44:179][  0]LogAudioMixer: Display: 	Callback Buffer Frame Size To Use:	  1024
[2026-05-14T02:50:44.1798126-07:00] [pid=7568] [2026.05.14-09.50.44:179][  0]LogAudioMixer: Display: 	Number of buffers to queue:			  2
[2026-05-14T02:50:44.1798126-07:00] [pid=7568] [2026.05.14-09.50.44:179][  0]LogAudioMixer: Display: 	Max Channels (voices):				  32
[2026-05-14T02:50:44.1798126-07:00] [pid=7568] [2026.05.14-09.50.44:179][  0]LogAudioMixer: Display: 	Number of Async Source Workers:		  0
[2026-05-14T02:50:44.1798126-07:00] [pid=7568] [2026.05.14-09.50.44:179][  0]LogAudio: Display: AudioDevice MaxSources: 32
[2026-05-14T02:50:44.1813212-07:00] [pid=7568] [2026.05.14-09.50.44:181][  0]LogAudio: Display: Audio Spatialization Plugin: None (built-in).
[2026-05-14T02:50:44.1813212-07:00] [pid=7568] [2026.05.14-09.50.44:181][  0]LogAudio: Display: Audio Reverb Plugin: None (built-in).
[2026-05-14T02:50:44.1813212-07:00] [pid=7568] [2026.05.14-09.50.44:181][  0]LogAudio: Display: Audio Occlusion Plugin: None (built-in).
[2026-05-14T02:50:44.1813212-07:00] [pid=7568] [2026.05.14-09.50.44:181][  0]LogAudioMixer: Display: Initializing audio mixer.
[2026-05-14T02:50:44.1923623-07:00] [pid=7568] [2026.05.14-09.50.44:192][  0]LogAudioMixer: Display: 0: FrontLeft
[2026-05-14T02:50:44.1923623-07:00] [pid=7568] [2026.05.14-09.50.44:192][  0]LogAudioMixer: Display: 1: FrontRight
[2026-05-14T02:50:44.2028835-07:00] [pid=7568] [2026.05.14-09.50.44:202][  0]LogAudioMixer: Display: Using Audio Device Speakers (2- Realtek(R) Audio)
[2026-05-14T02:50:44.2053879-07:00] [pid=7568] [2026.05.14-09.50.44:205][  0]LogAudioMixer: Display: Initializing Sound Submixes...
[2026-05-14T02:50:44.2264658-07:00] [pid=7568] [2026.05.14-09.50.44:226][  0]LogAudioMixer: Display: Creating Master Submix 'MasterSubmixDefault'
[2026-05-14T02:50:44.2264658-07:00] [pid=7568] [2026.05.14-09.50.44:226][  0]LogAudioMixer: Display: Creating Master Submix 'MasterReverbSubmixDefault'
[2026-05-14T02:50:44.2294691-07:00] [pid=7568] [2026.05.14-09.50.44:229][  0]LogAudioMixer: Display: Creating Master Submix 'MasterEQSubmixDefault'
[2026-05-14T02:50:44.2294691-07:00] [pid=7568] [2026.05.14-09.50.44:229][  0]LogAudioMixer: FMixerPlatformXAudio2::StartAudioStream() called
[2026-05-14T02:50:44.2299761-07:00] [pid=7568] [2026.05.14-09.50.44:229][  0]LogAudioMixer: Display: Output buffers initialized: Frames=1024, Channels=2, Samples=2048
[2026-05-14T02:50:44.2299761-07:00] [pid=7568] [2026.05.14-09.50.44:229][  0]LogAudioMixer: Display: Starting AudioMixerPlatformInterface::RunInternal()
[2026-05-14T02:50:44.2299761-07:00] [pid=7568] [2026.05.14-09.50.44:229][  0]LogAudioMixer: Display: FMixerPlatformXAudio2::SubmitBuffer() called for the first time
[2026-05-14T02:50:44.2309821-07:00] [pid=7568] [2026.05.14-09.50.44:229][  0]LogInit: FAudioDevice initialized.
[2026-05-14T02:50:44.2329872-07:00] [pid=7568] [2026.05.14-09.50.44:232][  0]LogNetVersion: Set ProjectVersion to 1.0.0.0. Version Checksum will be recalculated on next use.
[2026-05-14T02:50:44.2722411-07:00] [pid=7568] [2026.05.14-09.50.44:272][  0]LogDerivedDataCache: Saved boot cache 0.04s 78MB C:/Users/kapil/AppData/Local/UnrealEngine/4.27/DerivedDataCache/Boot.ddc.
[2026-05-14T02:50:44.2732349-07:00] [pid=7568] [2026.05.14-09.50.44:273][  0]LogInit: Texture streaming: Enabled
[2026-05-14T02:50:44.4987817-07:00] [pid=7568] [2026.05.14-09.50.44:497][  0]LogAudio: Display: Audio Device (ID: 1) registered with world 'Untitled'.
[2026-05-14T02:50:44.5023147-07:00] [pid=7568] [2026.05.14-09.50.44:502][  0]LogSlate: Updating window title bar state: overlay mode, drag disabled, window buttons hidden, title bar hidden
[2026-05-14T02:50:44.5043183-07:00] [pid=7568] [2026.05.14-09.50.44:504][  0]LogInit: Display: Game Engine Initialized.
[2026-05-14T02:50:44.5078482-07:00] [pid=7568] [2026.05.14-09.50.44:507][  0]LogNiagaraEditor: GEditor isn't valid! Particle reset commands will not work for Niagara components!
[2026-05-14T02:50:44.6862244-07:00] [pid=7568] [2026.05.14-09.50.44:685][  0]LogInit: Display: Starting Game.
[2026-05-14T02:50:44.6862244-07:00] [pid=7568] [2026.05.14-09.50.44:686][  0]LogNet: Browse: /Game/ThirdPersonBP/Maps/ThirdPersonExampleMap?Name=Player
[2026-05-14T02:50:44.6872318-07:00] [pid=7568] [2026.05.14-09.50.44:687][  0]LogLoad: LoadMap: /Game/ThirdPersonBP/Maps/ThirdPersonExampleMap?Name=Player
[2026-05-14T02:50:44.6872318-07:00] [pid=7568] [2026.05.14-09.50.44:687][  0]LogWorld: BeginTearingDown for /Temp/Untitled_0
[2026-05-14T02:50:44.6906687-07:00] [pid=7568] [2026.05.14-09.50.44:690][  0]LogWorld: UWorld::CleanupWorld for Untitled, bSessionEnded=true, bCleanupResources=true
[2026-05-14T02:50:44.6926942-07:00] [pid=7568] [2026.05.14-09.50.44:692][  0]LogSlate: InvalidateAllWidgets triggered.  All widgets were invalidated
[2026-05-14T02:50:44.7026268-07:00] [pid=7568] [2026.05.14-09.50.44:702][  0]LogAudio: Display: Audio Device unregistered from world 'None'.
[2026-05-14T02:50:44.7096384-07:00] [pid=7568] [2026.05.14-09.50.44:709][  0]LogUObjectHash: Compacting FUObjectHashTables data took   0.67ms
[2026-05-14T02:50:45.2906840-07:00] [pid=7568] [2026.05.14-09.50.45:290][  0]LogAudio: Display: Audio Device (ID: 1) registered with world 'ThirdPersonExampleMap'.
[2026-05-14T02:50:45.3031833-07:00] [pid=7568] [2026.05.14-09.50.45:303][  0]LogAIModule: Creating AISystem for world ThirdPersonExampleMap
[2026-05-14T02:50:45.3106864-07:00] [pid=7568] [2026.05.14-09.50.45:310][  0]LogLoad: Game class is 'ThirdPersonGameMode_C'
[2026-05-14T02:50:45.3256976-07:00] [pid=7568] [2026.05.14-09.50.45:325][  0]LogWorld: Bringing World /Game/ThirdPersonBP/Maps/ThirdPersonExampleMap.ThirdPersonExampleMap up for play (max tick rate 0) at 2026.05.14-02.50.45
[2026-05-14T02:50:45.3267029-07:00] [pid=7568] [2026.05.14-09.50.45:326][  0]LogWorld: Bringing up level for play took: 0.015659
[2026-05-14T02:50:45.3376945-07:00] [pid=7568] [2026.05.14-09.50.45:337][  0]LogTemp: Display: [ImmerseStress] Ready. Defaults: event=SwordHits bus=7p1p4 shareset=Immerse_Audio_Renderer_(Custom)
[2026-05-14T02:50:45.3376945-07:00] [pid=7568] [2026.05.14-09.50.45:337][  0]LogTemp: Display: [ImmerseStress] IMMERSE_USER_ID env=kevin_tencenttest1_emb | IMMERSE_USERID= | IMMERSE_USER=
[2026-05-14T02:50:45.3376945-07:00] [pid=7568] [2026.05.14-09.50.45:337][  0]LogTemp: Display: [testTP] Auto-spawned ImmerseStressTestActor into ThirdPersonExampleMap (type=1)
[2026-05-14T02:50:45.3376945-07:00] [pid=7568] [2026.05.14-09.50.45:337][  0]LogLoad: Took 0.651142 seconds to LoadMap(/Game/ThirdPersonBP/Maps/ThirdPersonExampleMap)
[2026-05-14T02:50:45.3691997-07:00] [pid=7568] [2026.05.14-09.50.45:369][  0]LogRenderer: Reallocating scene render targets to support 1536x864 Format 10 NumSamples 1 (Frame:1).
[2026-05-14T02:50:45.3691997-07:00] [pid=7568] [2026.05.14-09.50.45:369][  0]LogSlate: Took 0.005089 seconds to synchronously load lazily loaded font '../../../Engine/Content/Slate/Fonts/Roboto-Regular.ttf' (155K)
[2026-05-14T02:50:45.4117936-07:00] [pid=7568] [2026.05.14-09.50.45:411][  0]LogInit: Display: Engine is initialized. Leaving FEngineLoop::Init()
[2026-05-14T02:50:45.4117936-07:00] [pid=7568] [2026.05.14-09.50.45:411][  0]LogLoad: (Engine Initialization) Total time: 17.51 seconds
[2026-05-14T02:50:45.4117936-07:00] [pid=7568] [2026.05.14-09.50.45:411][  0]LogLoad: (Engine Initialization) Total Blueprint compile time: 0.00 seconds
[2026-05-14T02:50:45.4117936-07:00] [pid=7568] Resizing viewport due to setres change, 1536 x 864
[2026-05-14T02:50:45.4326553-07:00] [pid=7568] [2026.05.14-09.50.45:432][  0]LogContentStreaming: Texture pool size now 1000 MB
[2026-05-14T02:50:45.4397094-07:00] [pid=7568] [2026.05.14-09.50.45:439][  0]LogSlate: InvalidateAllWidgets triggered.  All widgets were invalidated
[2026-05-14T02:50:45.5476432-07:00] [pid=7568] [2026.05.14-09.50.45:547][  0]LogRenderer: Reallocating scene render targets to support 128x128 Format 10 NumSamples 1 (Frame:1).
[2026-05-14T02:50:45.5772513-07:00] [pid=7568] [2026.05.14-09.50.45:577][  0]LogRenderer: Reallocating scene render targets to support 1536x864 Format 10 NumSamples 1 (Frame:2).
[2026-05-14T02:50:45.5973038-07:00] [pid=7568] [2026.05.14-09.50.45:597][  1]LogSlate: Took 0.000174 seconds to synchronously load lazily loaded font '../../../Engine/Content/Slate/Fonts/Roboto-Regular.ttf' (155K)
[2026-05-14T02:50:45.6078228-07:00] [pid=7568] <<<_____ ImmerseAudioRenderer _____>>> 
[2026-05-14T02:50:45.6078228-07:00] [pid=7568] CreateImmerseAudioRendererFX()
[2026-05-14T02:50:45.6078228-07:00] [pid=7568] 
[2026-05-14T02:50:45.6078228-07:00] [pid=7568] <<<_____ ImmerseAudioRenderer _____>>> 
[2026-05-14T02:50:45.6078228-07:00] [pid=7568] Init: this=000001BEBDE90080
[2026-05-14T02:50:45.6078228-07:00] [pid=7568] 
[2026-05-14T02:50:45.6078228-07:00] [pid=7568] <<<_____ ImmerseAudioRenderer _____>>> 
[2026-05-14T02:50:45.6078228-07:00] [pid=7568] Init: success this=000001BEBDE90080 numChannels=36
[2026-05-14T02:50:45.6078228-07:00] [pid=7568] 
[2026-05-14T02:50:45.6088241-07:00] [pid=7568] [EmbodyLOG] May_14_2026 02:50:45.608 line: 738. ___IMMERSEENGINE___ Immerse_CreateAudioProcessor inChannelConfiguration:5 inInitHrirTuning:0 inInitSpeakerPlacement:0 outAudioProcessor:0000009F1DD5FE40 
[2026-05-14T02:50:45.6103292-07:00] [pid=7568] [EmbodyLOG] May_14_2026 02:50:45.610 line: 251. ImmerseAudioApiImplBase::CreateAudioProcessor: failed to obtain personalized shared decoder kernel - expected behaviour if user is not set! 
[2026-05-14T02:50:45.6324351-07:00] [pid=7568] [EmbodyLOG] May_14_2026 02:50:45.632 line: 376. AudioConfig::GetSHIndices() - invalid channelConfig: 6 
[2026-05-14T02:50:45.6599657-07:00] [pid=7568] [EmbodyLOG] May_14_2026 02:50:45.660 line: 281. AudioConfig::InitializeDecoders: Successfully created shared ambisonic decoder kernel 
[2026-05-14T02:50:45.6624738-07:00] [pid=7568] [EmbodyLOG] May_14_2026 02:50:45.662 line: 269. ImmerseAudioApiImplBase::CreateAudioProcessor: failed to init personalized decoder - expected behaviour if user is not set! 
[2026-05-14T02:50:47.8876289-07:00] [pid=18712] <1>May14 02:50:47.887 SF_18712[Environ] CMD_DESKTOP_TYPE_LBUTTONUP_RTT: l:0
[2026-05-14T02:50:47.8876289-07:00] [pid=18712] <1>May14 02:50:47.888 SF_18712[MediaMgr] Stop video performance debug.
[2026-05-14T02:50:47.9242807-07:00] [pid=7568] [2026.05.14-09.50.47:924][139]LogTemp: Display: [ImmerseStress] REMOTE_HOLD_v1: waiting for go.flag (../../../../../../Users/kapil/OneDrive/Documents/Unreal Projects/testTP/Saved/ImmerseStress/go.flag) retry=1
[2026-05-14T02:50:48.7455092-07:00] [pid=17172] <<<_____ ImmerseAudioRenderer _____>>> 
[2026-05-14T02:50:48.7455092-07:00] [pid=17172] WwiseFxNullParams::Term()
[2026-05-14T02:50:48.7455092-07:00] [pid=17172] 
[2026-05-14T02:50:48.7520366-07:00] [pid=17172] <<<_____ ImmerseAudioRenderer _____>>> 
[2026-05-14T02:50:48.7530340-07:00] [pid=17172] CreateDestroyImmerseManager
[2026-05-14T02:50:48.7530340-07:00] [pid=17172] 
[2026-05-14T02:50:48.7530340-07:00] [pid=17172] <<<_____ ImmerseAudioRenderer _____>>> 
[2026-05-14T02:50:48.7530340-07:00] [pid=17172] DestroyImmerseManager
[2026-05-14T02:50:48.7530340-07:00] [pid=17172] 
[2026-05-14T02:50:48.7931807-07:00] [pid=27484] Focus Exec Name: wwise.exe
[2026-05-14T02:50:48.7931807-07:00] [pid=27484] ---> Focus Exec Name: wwise.exe has WS_OVERLAPPEDWINDOW
[2026-05-14T02:50:48.8656029-07:00] [pid=7568] <<<_____ ImmerseAudioRenderer _____>>> 
[2026-05-14T02:50:48.8656029-07:00] [pid=7568] RegisterImmerseAudioRendererFX()
[2026-05-14T02:50:48.8656029-07:00] [pid=7568] 
[2026-05-14T02:50:48.8656029-07:00] [pid=7568] <<<_____ ImmerseAudioRenderer _____>>> 
[2026-05-14T02:50:48.8656029-07:00] [pid=7568] CreateImmerseManager
[2026-05-14T02:50:48.8656029-07:00] [pid=7568] 
[2026-05-14T02:50:49.5811079-07:00] [pid=7568] <<<_____ ImmerseAudioRenderer _____>>> 
[2026-05-14T02:50:49.5811079-07:00] [pid=7568] CreateImmerseAudioRendererFXParams()
[2026-05-14T02:50:49.5811079-07:00] [pid=7568] 
[2026-05-14T02:50:49.5811079-07:00] [pid=7568] <<<_____ ImmerseAudioRenderer _____>>> 
[2026-05-14T02:50:49.5811079-07:00] [pid=7568] WwiseFxNullParams::Init()
[2026-05-14T02:50:49.5811079-07:00] [pid=7568] 
[2026-05-14T02:50:49.5811079-07:00] [pid=7568] <<<_____ ImmerseAudioRenderer _____>>> 
[2026-05-14T02:50:49.5811079-07:00] [pid=7568] WwiseFxNullParams::SetParam()
[2026-05-14T02:50:49.5811079-07:00] [pid=7568] 
[2026-05-14T02:50:49.5811079-07:00] [pid=7568] <<<_____ ImmerseAudioRenderer _____>>> 
[2026-05-14T02:50:49.5811079-07:00] [pid=7568] WwiseFxNullParams::SetParam()
[2026-05-14T02:50:49.5811079-07:00] [pid=7568] 
[2026-05-14T02:50:49.5811079-07:00] [pid=7568] <<<_____ ImmerseAudioRenderer _____>>> 
[2026-05-14T02:50:49.5811079-07:00] [pid=7568] WwiseFxNullParams::SetParam()
[2026-05-14T02:50:49.5811079-07:00] [pid=7568] 
[2026-05-14T02:50:49.5811079-07:00] [pid=7568] <<<_____ ImmerseAudioRenderer _____>>> 
[2026-05-14T02:50:49.5811079-07:00] [pid=7568] WwiseFxNullParams::SetParam()
[2026-05-14T02:50:49.5811079-07:00] [pid=7568] 
[2026-05-14T02:50:49.5811079-07:00] [pid=7568] <<<_____ ImmerseAudioRenderer _____>>> 
[2026-05-14T02:50:49.5821133-07:00] [pid=7568] WwiseFxNullParams::SetParam()
[2026-05-14T02:50:49.5821133-07:00] [pid=7568] 
[2026-05-14T02:50:49.5821133-07:00] [pid=7568] <<<_____ ImmerseAudioRenderer _____>>> 
[2026-05-14T02:50:49.5821133-07:00] [pid=7568] WwiseFxNullParams::SetParam()
[2026-05-14T02:50:49.5821133-07:00] [pid=7568] 
[2026-05-14T02:50:49.5821133-07:00] [pid=7568] <<<_____ ImmerseAudioRenderer _____>>> 
[2026-05-14T02:50:49.5821133-07:00] [pid=7568] WwiseFxNullParams::SetParam()
[2026-05-14T02:50:49.5821133-07:00] [pid=7568] 
[2026-05-14T02:50:49.5821133-07:00] [pid=7568] <<<_____ ImmerseAudioRenderer _____>>> 
[2026-05-14T02:50:49.5821133-07:00] [pid=7568] WwiseFxNullParams::SetParam()
[2026-05-14T02:50:49.5821133-07:00] [pid=7568] 
[2026-05-14T02:50:49.5821133-07:00] [pid=7568] <<<_____ ImmerseAudioRenderer _____>>> 
[2026-05-14T02:50:49.5821133-07:00] [pid=7568] WwiseFxNullParams::SetParam()
[2026-05-14T02:50:49.5821133-07:00] [pid=7568] 
[2026-05-14T02:50:49.5821133-07:00] [pid=7568] <<<_____ ImmerseAudioRenderer _____>>> 
[2026-05-14T02:50:49.5821133-07:00] [pid=7568] WwiseFxNullParams::ApplyParam()
[2026-05-14T02:50:49.5821133-07:00] [pid=7568] 
[2026-05-14T02:50:49.5821133-07:00] [pid=7568] [EmbodyLOG] May_14_2026 02:50:49.582 line: 649. ___IMMERSEENGINE___ Immerse_SetUserId inUserId:0000009F13A0F2A0 
[2026-05-14T02:50:49.5831158-07:00] [pid=7568] <<<_____ ImmerseAudioRenderer _____>>> 
[2026-05-14T02:50:49.5831158-07:00] [pid=7568] WwiseFxNullParams::ApplyParam()
[2026-05-14T02:50:49.5831158-07:00] [pid=7568] 
[2026-05-14T02:50:49.5831158-07:00] [pid=7568] [EmbodyLOG] May_14_2026 02:50:49.583 line: 673. ___IMMERSEENGINE___ Immerse_EnableImmerse inMode: 0 
[2026-05-14T02:50:49.5831158-07:00] [pid=7568] <<<_____ ImmerseAudioRenderer _____>>> 
[2026-05-14T02:50:49.5841157-07:00] [pid=7568] WwiseFxNullParams::ApplyParam()
[2026-05-14T02:50:49.5841157-07:00] [pid=7568] 
[2026-05-14T02:50:49.5841157-07:00] [pid=7568] [EmbodyLOG] May_14_2026 02:50:49.584 line: 673. ___IMMERSEENGINE___ Immerse_EnableImmerse inMode: 1 
[2026-05-14T02:50:49.5841157-07:00] [pid=7568] <<<_____ ImmerseAudioRenderer _____>>> 
[2026-05-14T02:50:49.5841157-07:00] [pid=7568] WwiseFxNullParams::ApplyParam()
[2026-05-14T02:50:49.5841157-07:00] [pid=7568] 
[2026-05-14T02:50:49.5841157-07:00] [pid=7568] [EmbodyLOG] May_14_2026 02:50:49.584 line: 710. ___IMMERSEENGINE___ Immerse_EnableHPEQ inHeadset: 0 
[2026-05-14T02:50:49.5841157-07:00] [pid=7568] <<<_____ ImmerseAudioRenderer _____>>> 
[2026-05-14T02:50:49.5841157-07:00] [pid=7568] WwiseFxNullParams::ApplyParam()
[2026-05-14T02:50:49.5841157-07:00] [pid=7568] 
[2026-05-14T02:50:49.5841157-07:00] [pid=7568] <<<_____ ImmerseAudioRenderer _____>>> 
[2026-05-14T02:50:49.5856250-07:00] [pid=7568] WwiseFxNullParams::ApplyParam()
[2026-05-14T02:50:49.5856250-07:00] [pid=7568] 
[2026-05-14T02:50:49.5856250-07:00] [pid=7568] <<<_____ ImmerseAudioRenderer _____>>> 
[2026-05-14T02:50:49.5856250-07:00] [pid=7568] [EmbodyLOG] May_14_2026 02:50:49.585 line: 759. ___IMMERSEENGINE___ Immerse_SetSpeakerPlacement inSpeakerPlacement:1 
[2026-05-14T02:50:49.5856250-07:00] [pid=7568] WwiseFxNullParams::ApplyParam()
[2026-05-14T02:50:49.5856250-07:00] [pid=7568] 
[2026-05-14T02:50:49.5856250-07:00] [pid=7568] <<<_____ ImmerseAudioRenderer _____>>> 
[2026-05-14T02:50:49.5856250-07:00] [pid=7568] WwiseFxNullParams::ApplyParam()
[2026-05-14T02:50:49.5856250-07:00] [pid=7568] 
[2026-05-14T02:50:49.5856250-07:00] [pid=7568] <<<_____ ImmerseAudioRenderer _____>>> 
[2026-05-14T02:50:49.5856250-07:00] [pid=7568] WwiseFxNullParams::ApplyParam()
[2026-05-14T02:50:49.5856250-07:00] [pid=7568] 
[2026-05-14T02:50:49.5876367-07:00] [pid=7568] <<<_____ ImmerseAudioRenderer _____>>> 
[2026-05-14T02:50:49.5876367-07:00] [pid=7568] Term: this=000001BEBDE90080
[2026-05-14T02:50:49.5876367-07:00] [pid=7568] 
[2026-05-14T02:50:49.5876367-07:00] [pid=7568] [EmbodyLOG] May_14_2026 02:50:49.587 line: 752. ___IMMERSEENGINE___ Immerse_DestroyAudioProcessor inAudioProcessor:1 
[2026-05-14T02:50:49.5876367-07:00] [pid=7568] [EmbodyLOG] May_14_2026 02:50:49.588 line: 3460. generateWebAppUrl(): userId: kevin_tencenttest1_emb 
[2026-05-14T02:50:49.5886387-07:00] [pid=7568] <<<_____ ImmerseAudioRenderer _____>>> 
[2026-05-14T02:50:49.5886387-07:00] [pid=7568] WwiseFxNullParams::Term()
[2026-05-14T02:50:49.5886387-07:00] [pid=7568] 
[2026-05-14T02:50:49.5886387-07:00] [pid=7568] <<<_____ ImmerseAudioRenderer _____>>> 
[2026-05-14T02:50:49.5886387-07:00] [pid=7568] CreateImmerseAudioRendererFX()
[2026-05-14T02:50:49.5886387-07:00] [pid=7568] 
[2026-05-14T02:50:49.5886387-07:00] [pid=7568] <<<_____ ImmerseAudioRenderer _____>>> 
[2026-05-14T02:50:49.5886387-07:00] [pid=7568] Init: this=000001BEBDE901C0
[2026-05-14T02:50:49.5886387-07:00] [pid=7568] 
[2026-05-14T02:50:49.5886387-07:00] [pid=7568] <<<_____ ImmerseAudioRenderer _____>>> 
[2026-05-14T02:50:49.5886387-07:00] [pid=7568] Init: success this=000001BEBDE901C0 numChannels=36
[2026-05-14T02:50:49.5886387-07:00] [pid=7568] 
[2026-05-14T02:50:49.5901452-07:00] [pid=7568] <<<_____ ImmerseAudioRenderer _____>>> 
[2026-05-14T02:50:49.5901452-07:00] [pid=7568] Term: this=000001BEBDE901C0
[2026-05-14T02:50:49.5901452-07:00] [pid=7568] 
[2026-05-14T02:50:49.5901452-07:00] [pid=7568] <<<_____ ImmerseAudioRenderer _____>>> 
[2026-05-14T02:50:49.5901452-07:00] [pid=7568] WwiseFxNullParams::Term()
[2026-05-14T02:50:49.5901452-07:00] [pid=7568] 
[2026-05-14T02:50:49.5901452-07:00] [pid=7568] [EmbodyLOG] May_14_2026 02:50:49.590 line: 1316. getLocalSessionID for user: kevin_tencenttest1_emb 06756e30dc6941e7b44b3ad365984a2f 
[2026-05-14T02:50:49.5911562-07:00] [pid=7568] [EmbodyLOG] May_14_2026 02:50:49.591 line: 3468. generateWebAppUrl(): Query context user id = kevin_tencenttest1_emb 
[2026-05-14T02:50:49.5911562-07:00] [pid=7568] [EmbodyLOG] May_14_2026 02:50:49.592 line: 1377. constructWebAppUrl: https://u.embodyvr.io/i/9p0hy2U2IWnO8LyMaELHjmkYPG_mq_aQPH9BGHdcj5sWt0ckJdgkjQ**?q=2h04:en 
[2026-05-14T02:50:49.5921669-07:00] [pid=7568] [EmbodyLOG] May_14_2026 02:50:49.592 line: 3483. generateWebAppUrl(): session url is : https://u.embodyvr.io/i/9p0hy2U2IWnO8LyMaELHjmkYPG_mq_aQPH9BGHdcj5sWt0ckJdgkjQ**?q=2h04:en 
[2026-05-14T02:50:49.6077421-07:00] [pid=7568] [EmbodyLOG] May_14_2026 02:50:49.608 line: 1419. calculateLicenseDaysRemaining(): cached=358, elapsed=1, remaining=357 
[2026-05-14T02:50:49.6188384-07:00] [pid=7568] <<<_____ ImmerseAudioRenderer _____>>> 
[2026-05-14T02:50:49.6188384-07:00] [pid=7568] CreateImmerseAudioRendererFX()
[2026-05-14T02:50:49.6188384-07:00] [pid=7568] 
[2026-05-14T02:50:49.6198382-07:00] [pid=7568] <<<_____ ImmerseAudioRenderer _____>>> 
[2026-05-14T02:50:49.6198382-07:00] [pid=7568] Init: this=000001BEBDE90300
[2026-05-14T02:50:49.6198382-07:00] [pid=7568] 
[2026-05-14T02:50:49.6198382-07:00] [pid=7568] <<<_____ ImmerseAudioRenderer _____>>> 
[2026-05-14T02:50:49.6198382-07:00] [pid=7568] Init: success this=000001BEBDE90300 numChannels=36
[2026-05-14T02:50:49.6198382-07:00] [pid=7568] 
[2026-05-14T02:50:49.6198382-07:00] [pid=7568] [2026.05.14-09.50.49:619][  4]LogAkAudio: Error: Voice Starvation
[2026-05-14T02:50:49.6203443-07:00] [pid=7568] [EmbodyLOG] May_14_2026 02:50:49.620 line: 738. ___IMMERSEENGINE___ Immerse_CreateAudioProcessor inChannelConfiguration:5 inInitHrirTuning:0 inInitSpeakerPlacement:0 outAudioProcessor:0000009F1E8DFEB0 
[2026-05-14T02:50:49.6213546-07:00] [pid=7568] [EmbodyLOG] May_14_2026 02:50:49.621 line: 251. ImmerseAudioApiImplBase::CreateAudioProcessor: failed to obtain personalized shared decoder kernel - expected behaviour if user is not set! 
[2026-05-14T02:50:49.6223647-07:00] [pid=7568] [EmbodyLOG] May_14_2026 02:50:49.622 line: 269. ImmerseAudioApiImplBase::CreateAudioProcessor: failed to init personalized decoder - expected behaviour if user is not set! 
[2026-05-14T02:50:49.9096663-07:00] [pid=7568] [EmbodyLOG] May_14_2026 02:50:49.909 line: 2042. updateUserData onSetUserId: update user data on set user id 
[2026-05-14T02:50:49.9106750-07:00] [pid=7568] [EmbodyLOG] May_14_2026 02:50:49.910 line: 1316. getLocalSessionID for user: kevin_tencenttest1_emb 06756e30dc6941e7b44b3ad365984a2f 
[2026-05-14T02:50:49.9106750-07:00] [pid=7568] [EmbodyLOG] May_14_2026 02:50:49.911 line: 2060. ImmerseAPI_updateUserData onSetUserId: syncing with server 
[2026-05-14T02:50:49.9126819-07:00] [pid=7568] [EmbodyLOG] May_14_2026 02:50:49.912 line: 1316. getLocalSessionID for user: kevin_tencenttest1_emb 06756e30dc6941e7b44b3ad365984a2f 
[2026-05-14T02:50:49.9136813-07:00] [pid=7568] [EmbodyLOG] May_14_2026 02:50:49.913 line: 3274. getEmbodyData: STATUS_AUTHORIZING StatusCheck session_id: 06756e30dc6941e7b44b3ad365984a2f, immerse_id: v2.2.447, hrtf_id: 1408e0d2eca549feaf2d5631a49ca7d2, img_id: img_1 
[2026-05-14T02:50:49.9136813-07:00] [pid=7568] [EmbodyLOG] May_14_2026 02:50:49.914 line: 3213. usingLocalUserCache: Using local cache for user: SCR license_type: trial, license_days_left: 358, license_expired: 0, isUniversalUser: 0 
[2026-05-14T02:50:49.9136813-07:00] [pid=7568] [EmbodyLOG] May_14_2026 02:50:49.914 line: 3232. updateUMWHPEQSelection() - updated headsetId: 18446744073709551615 
[2026-05-14T02:50:49.9146816-07:00] [pid=7568] [EmbodyLOG] May_14_2026 02:50:49.914 line: 2669. updateUserHRTFData ProfileName set to : Profile_1 
[2026-05-14T02:50:49.9146816-07:00] [pid=7568] [EmbodyLOG] May_14_2026 02:50:49.915 line: 2724. updateUserHRTFData: inside hrtfCallback invocation 
[2026-05-14T02:50:49.9146816-07:00] [pid=7568] [EmbodyLOG] May_14_2026 02:50:49.915 line: 270. LoadHrtfCallback: HRTF loaded 
[2026-05-14T02:50:49.9156838-07:00] [pid=7568] [EmbodyLOG] May_14_2026 02:50:49.915 line: 3354. getEmbodyData: IMMERSE_STATUS::DATA_FINISHED 
[2026-05-14T02:50:50.2422679-07:00] [pid=7568] [EmbodyLOG] May_14_2026 02:50:50.242 line: 416. DecryptMultiSofaData() - v2 numSections=3 hrtfFlags=1 hrtfSectionOffset=971 hrtfSectionSize=1758624 numEntries=4 dataOffset=1039 dataLength=439639 bmapSize=518 fovdSize=361 
[2026-05-14T02:50:50.2974511-07:00] [pid=7568] [EmbodyLOG] May_14_2026 02:50:50.297 line: 447. DecryptMultiSofaData() - decrypt result: Success 
[2026-05-14T02:50:50.2984515-07:00] [pid=7568] [EmbodyLOG] May_14_2026 02:50:50.298 line: 533. AssetManager - BMAP data (518 bytes): {"buses":[{"label":"Extraction","tunings":[{"id":"extraction_tuning_1","label":"Extraction Tuning 1","hrtf_index":0}],"id":"extraction"},{"label":"Warfare","tunings":[{"id":"warfare_tuning_1","label":"Warfare Tuning 1","hrtf_index":1}],"id":"warfare"},{"label":"Campaign","tunings":[{"id":"campaign_tuning_1","label":"Campaign Tuning 1","hrtf_index":2}],"id":"campaign"},{"label":"Voice Chat","tunings":[{"id":"voice_chat_tuning_1","label":"Voice Chat Tuning 1","hrtf_index":3}],"id":"voice_chat"}],"schema_version":1} 
[2026-05-14T02:50:50.2984515-07:00] [pid=7568] [EmbodyLOG] May_14_2026 02:50:50.299 line: 537. AssetManager - FOVD data (361 bytes): {"schema_version":1,"fov_groups":["l/r"],"fov_presets":[{"studio_speaker_angles_idx":[0,1,6,7,8,9,10,11,12,13,14,15,16,17,18],"label":"Narrow","id":"narrow"},{"studio_speaker_angles_idx":[2,3,6,7,8,9,10,11,12,13,14,15,16,17,18],"label":"Default","id":"default"},{"studio_speaker_angles_idx":[4,5,6,7,8,9,10,11,12,13,14,15,16,17,18],"label":"Wide","id":"wide"}]} 
[2026-05-14T02:50:50.3054733-07:00] [pid=7568] [EmbodyLOG] May_14_2026 02:50:50.305 line: 376. AudioConfig::GetSHIndices() - invalid channelConfig: 6 
[2026-05-14T02:50:50.3501968-07:00] [pid=7568] [EmbodyLOG] May_14_2026 02:50:50.350 line: 281. AudioConfig::InitializeDecoders: Successfully created shared ambisonic decoder kernel 
[2026-05-14T02:50:50.3532139-07:00] [pid=7568] [EmbodyLOG] May_14_2026 02:50:50.353 line: 1419. calculateLicenseDaysRemaining(): cached=358, elapsed=1, remaining=357 
[2026-05-14T02:50:50.3542118-07:00] [pid=7568] [EmbodyLOG] May_14_2026 02:50:50.354 line: 1419. calculateLicenseDaysRemaining(): cached=358, elapsed=1, remaining=357 
[2026-05-14T02:50:50.3557239-07:00] [pid=7568] [EmbodyLOG] May_14_2026 02:50:50.356 line: 1316. getLocalSessionID for user: kevin_tencenttest1_emb 06756e30dc6941e7b44b3ad365984a2f 
[2026-05-14T02:50:50.3567391-07:00] [pid=7568] [EmbodyLOG] May_14_2026 02:50:50.357 line: 2576. ImmerseAPI: Too many status checks within the period allowed, returning early 
[2026-05-14T02:50:50.3577391-07:00] [pid=7568] [EmbodyLOG] May_14_2026 02:50:50.357 line: 3232. updateUMWHPEQSelection() - updated headsetId: 18446744073709551615 
[2026-05-14T02:50:50.3587409-07:00] [pid=7568] [EmbodyLOG] May_14_2026 02:50:50.358 line: 1419. calculateLicenseDaysRemaining(): cached=358, elapsed=1, remaining=357 
[2026-05-14T02:50:50.3587409-07:00] [pid=7568] [EmbodyLOG] May_14_2026 02:50:50.359 line: 1304. ImmerseManager::UpdateHpeqHeadset() - HPEQ disabled 
[2026-05-14T02:50:50.3602432-07:00] [pid=7568] [EmbodyLOG] May_14_2026 02:50:50.360 line: 1419. calculateLicenseDaysRemaining(): cached=358, elapsed=1, remaining=357 
[2026-05-14T02:50:53.2776834-07:00] [pid=7568] <<<_____ ImmerseAudioRenderer _____>>> 
[2026-05-14T02:50:53.2786868-07:00] [pid=7568] WwiseFxNullParams::SetParam()
[2026-05-14T02:50:53.2786868-07:00] [pid=7568] 
[2026-05-14T02:50:53.2786868-07:00] [pid=7568] <<<_____ ImmerseAudioRenderer _____>>> 
[2026-05-14T02:50:53.2786868-07:00] [pid=7568] WwiseFxNullParams::ApplyParam()
[2026-05-14T02:50:53.2786868-07:00] [pid=7568] 
[2026-05-14T02:50:53.2786868-07:00] [pid=7568] [EmbodyLOG] May_14_2026 02:50:53.278 line: 673. ___IMMERSEENGINE___ Immerse_EnableImmerse inMode: 2 
[2026-05-14T02:50:53.2786868-07:00] [pid=7568] <<<_____ ImmerseAudioRenderer _____>>> 
[2026-05-14T02:50:53.2786868-07:00] [pid=7568] WwiseFxNullParams::SetParam()
[2026-05-14T02:50:53.2786868-07:00] [pid=7568] 
[2026-05-14T02:50:53.2796919-07:00] [pid=7568] <<<_____ ImmerseAudioRenderer _____>>> 
[2026-05-14T02:50:53.2796919-07:00] [pid=7568] WwiseFxNullParams::ApplyParam()
[2026-05-14T02:50:53.2796919-07:00] [pid=7568] 
[2026-05-14T02:50:53.2796919-07:00] [pid=7568] [EmbodyLOG] May_14_2026 02:50:53.279 line: 673. ___IMMERSEENGINE___ Immerse_EnableImmerse inMode: 2 
[2026-05-14T02:50:53.2802003-07:00] [pid=7568] [EmbodyLOG] May_14_2026 02:50:53.280 line: 1419. calculateLicenseDaysRemaining(): cached=358, elapsed=1, remaining=357 
[2026-05-14T02:50:53.2822172-07:00] [pid=7568] [EmbodyLOG] May_14_2026 02:50:53.282 line: 1419. calculateLicenseDaysRemaining(): cached=358, elapsed=1, remaining=357 
[2026-05-14T02:50:53.4343184-07:00] [pid=7568] [2026.05.14-09.50.53:434][826]LogAkAudio: Error: Voice Starvation
[2026-05-14T02:50:55.3556864-07:00] [pid=7568] <<<_____ ImmerseAudioRenderer _____>>> 
[2026-05-14T02:50:55.3556864-07:00] [pid=7568] WwiseFxNullParams::SetParam()
[2026-05-14T02:50:55.3556864-07:00] [pid=7568] 
[2026-05-14T02:50:55.3556864-07:00] [pid=7568] <<<_____ ImmerseAudioRenderer _____>>> 
[2026-05-14T02:50:55.3556864-07:00] [pid=7568] WwiseFxNullParams::ApplyParam()
[2026-05-14T02:50:55.3556864-07:00] [pid=7568] 
[2026-05-14T02:50:55.3556864-07:00] [pid=7568] [EmbodyLOG] May_14_2026 02:50:55.356 line: 673. ___IMMERSEENGINE___ Immerse_EnableImmerse inMode: 2 
[2026-05-14T02:50:55.3567017-07:00] [pid=7568] <<<_____ ImmerseAudioRenderer _____>>> 
[2026-05-14T02:50:55.3567017-07:00] [pid=7568] WwiseFxNullParams::SetParam()
[2026-05-14T02:50:55.3567017-07:00] [pid=7568] 
[2026-05-14T02:50:55.3567017-07:00] [pid=7568] <<<_____ ImmerseAudioRenderer _____>>> 
[2026-05-14T02:50:55.3567017-07:00] [pid=7568] WwiseFxNullParams::ApplyParam()
[2026-05-14T02:50:55.3567017-07:00] [pid=7568] 
[2026-05-14T02:50:55.3567017-07:00] [pid=7568] [EmbodyLOG] May_14_2026 02:50:55.357 line: 673. ___IMMERSEENGINE___ Immerse_EnableImmerse inMode: 2 
[2026-05-14T02:50:55.3577023-07:00] [pid=7568] [EmbodyLOG] May_14_2026 02:50:55.357 line: 1419. calculateLicenseDaysRemaining(): cached=358, elapsed=1, remaining=357 
[2026-05-14T02:50:55.3587015-07:00] [pid=7568] [EmbodyLOG] May_14_2026 02:50:55.358 line: 1419. calculateLicenseDaysRemaining(): cached=358, elapsed=1, remaining=357 
[2026-05-14T02:50:55.4840229-07:00] [pid=7568] <<<_____ ImmerseAudioRenderer _____>>> 
[2026-05-14T02:50:55.4840229-07:00] [pid=7568] WwiseFxNullParams::SetParam()
[2026-05-14T02:50:55.4855300-07:00] [pid=7568] 
[2026-05-14T02:50:55.4855300-07:00] [pid=7568] <<<_____ ImmerseAudioRenderer _____>>> 
[2026-05-14T02:50:55.4855300-07:00] [pid=7568] WwiseFxNullParams::ApplyParam()
[2026-05-14T02:50:55.4855300-07:00] [pid=7568] 
[2026-05-14T02:50:55.4855300-07:00] [pid=7568] [EmbodyLOG] May_14_2026 02:50:55.485 line: 673. ___IMMERSEENGINE___ Immerse_EnableImmerse inMode: 0 
[2026-05-14T02:50:55.4855300-07:00] [pid=7568] <<<_____ ImmerseAudioRenderer _____>>> 
[2026-05-14T02:50:55.4855300-07:00] [pid=7568] WwiseFxNullParams::SetParam()
[2026-05-14T02:50:55.4855300-07:00] [pid=7568] 
[2026-05-14T02:50:55.4855300-07:00] [pid=7568] <<<_____ ImmerseAudioRenderer _____>>> 
[2026-05-14T02:50:55.4855300-07:00] [pid=7568] WwiseFxNullParams::ApplyParam()
[2026-05-14T02:50:55.4855300-07:00] [pid=7568] 
[2026-05-14T02:50:55.4855300-07:00] [pid=7568] [EmbodyLOG] May_14_2026 02:50:55.486 line: 673. ___IMMERSEENGINE___ Immerse_EnableImmerse inMode: 0 
[2026-05-14T02:50:55.4865417-07:00] [pid=7568] [EmbodyLOG] May_14_2026 02:50:55.486 line: 1419. calculateLicenseDaysRemaining(): cached=358, elapsed=1, remaining=357 
[2026-05-14T02:50:55.4875388-07:00] [pid=7568] [EmbodyLOG] May_14_2026 02:50:55.487 line: 1419. calculateLicenseDaysRemaining(): cached=358, elapsed=1, remaining=357 
[2026-05-14T02:50:55.6140570-07:00] [pid=7568] <<<_____ ImmerseAudioRenderer _____>>> 
[2026-05-14T02:50:55.6140570-07:00] [pid=7568] WwiseFxNullParams::SetParam()
[2026-05-14T02:50:55.6140570-07:00] [pid=7568] 
[2026-05-14T02:50:55.6140570-07:00] [pid=7568] <<<_____ ImmerseAudioRenderer _____>>> 
[2026-05-14T02:50:55.6140570-07:00] [pid=7568] WwiseFxNullParams::ApplyParam()
[2026-05-14T02:50:55.6140570-07:00] [pid=7568] 
[2026-05-14T02:50:55.6140570-07:00] [pid=7568] [EmbodyLOG] May_14_2026 02:50:55.615 line: 673. ___IMMERSEENGINE___ Immerse_EnableImmerse inMode: 2 
[2026-05-14T02:50:55.6155681-07:00] [pid=7568] <<<_____ ImmerseAudioRenderer _____>>> 
[2026-05-14T02:50:55.6155681-07:00] [pid=7568] WwiseFxNullParams::SetParam()
[2026-05-14T02:50:55.6155681-07:00] [pid=7568] 
[2026-05-14T02:50:55.6155681-07:00] [pid=7568] <<<_____ ImmerseAudioRenderer _____>>> 
[2026-05-14T02:50:55.6155681-07:00] [pid=7568] WwiseFxNullParams::ApplyParam()
[2026-05-14T02:50:55.6155681-07:00] [pid=7568] 
[2026-05-14T02:50:55.6155681-07:00] [pid=7568] [EmbodyLOG] May_14_2026 02:50:55.615 line: 673. ___IMMERSEENGINE___ Immerse_EnableImmerse inMode: 2 
[2026-05-14T02:50:55.6155681-07:00] [pid=7568] [EmbodyLOG] May_14_2026 02:50:55.616 line: 1419. calculateLicenseDaysRemaining(): cached=358, elapsed=1, remaining=357 
[2026-05-14T02:50:55.6165822-07:00] [pid=7568] [EmbodyLOG] May_14_2026 02:50:55.617 line: 1419. calculateLicenseDaysRemaining(): cached=358, elapsed=1, remaining=357 
[2026-05-14T02:50:57.4474938-07:00] [pid=7568] [2026.05.14-09.50.57:447][718]LogTemp: Display: [ImmerseStress] REMOTE_HOLD_v1: waiting for go.flag (../../../../../../Users/kapil/OneDrive/Documents/Unreal Projects/testTP/Saved/ImmerseStress/go.flag) retry=20
[2026-05-14T02:50:57.7657190-07:00] [pid=7568] <<<_____ ImmerseAudioRenderer _____>>> 
[2026-05-14T02:50:57.7657190-07:00] [pid=7568] WwiseFxNullParams::SetParam()
[2026-05-14T02:50:57.7657190-07:00] [pid=7568] 
[2026-05-14T02:50:57.7657190-07:00] [pid=7568] <<<_____ ImmerseAudioRenderer _____>>> 
[2026-05-14T02:50:57.7657190-07:00] [pid=7568] WwiseFxNullParams::ApplyParam()
[2026-05-14T02:50:57.7657190-07:00] [pid=7568] 
[2026-05-14T02:50:57.7657190-07:00] [pid=7568] [EmbodyLOG] May_14_2026 02:50:57.766 line: 673. ___IMMERSEENGINE___ Immerse_EnableImmerse inMode: 1 
[2026-05-14T02:50:57.7667318-07:00] [pid=7568] <<<_____ ImmerseAudioRenderer _____>>> 
[2026-05-14T02:50:57.7667318-07:00] [pid=7568] WwiseFxNullParams::SetParam()
[2026-05-14T02:50:57.7667318-07:00] [pid=7568] 
[2026-05-14T02:50:57.7667318-07:00] [pid=7568] <<<_____ ImmerseAudioRenderer _____>>> 
[2026-05-14T02:50:57.7667318-07:00] [pid=7568] WwiseFxNullParams::ApplyParam()
[2026-05-14T02:50:57.7667318-07:00] [pid=7568] 
[2026-05-14T02:50:57.7667318-07:00] [pid=7568] [EmbodyLOG] May_14_2026 02:50:57.767 line: 673. ___IMMERSEENGINE___ Immerse_EnableImmerse inMode: 1 
[2026-05-14T02:50:57.7677291-07:00] [pid=7568] [EmbodyLOG] May_14_2026 02:50:57.768 line: 1316. getLocalSessionID for user: kevin_tencenttest1_emb 06756e30dc6941e7b44b3ad365984a2f 
[2026-05-14T02:50:57.7687323-07:00] [pid=7568] [EmbodyLOG] May_14_2026 02:50:57.769 line: 3274. getEmbodyData: STATUS_AUTHORIZING StatusCheck session_id: 06756e30dc6941e7b44b3ad365984a2f, immerse_id: v2.2.447, hrtf_id: 1408e0d2eca549feaf2d5631a49ca7d2, img_id: img_1 
[2026-05-14T02:50:57.7687323-07:00] [pid=7568] [EmbodyLOG] May_14_2026 02:50:57.769 line: 3213. usingLocalUserCache: Using local cache for user: SCR license_type: trial, license_days_left: 358, license_expired: 0, isUniversalUser: 0 
[2026-05-14T02:50:57.7697313-07:00] [pid=7568] [EmbodyLOG] May_14_2026 02:50:57.769 line: 3232. updateUMWHPEQSelection() - updated headsetId: 18446744073709551615 
[2026-05-14T02:50:57.7697313-07:00] [pid=7568] [EmbodyLOG] May_14_2026 02:50:57.769 line: 2669. updateUserHRTFData ProfileName set to : Profile_1 
[2026-05-14T02:50:57.7702385-07:00] [pid=7568] [EmbodyLOG] May_14_2026 02:50:57.770 line: 2724. updateUserHRTFData: inside hrtfCallback invocation 
[2026-05-14T02:50:57.7702385-07:00] [pid=7568] [EmbodyLOG] May_14_2026 02:50:57.770 line: 277. LoadHrtfCallback: HRTF already loaded 
[2026-05-14T02:50:57.7702385-07:00] [pid=7568] [EmbodyLOG] May_14_2026 02:50:57.770 line: 3354. getEmbodyData: IMMERSE_STATUS::DATA_FINISHED 
[2026-05-14T02:50:57.7712480-07:00] [pid=7568] [EmbodyLOG] May_14_2026 02:50:57.771 line: 1419. calculateLicenseDaysRemaining(): cached=358, elapsed=1, remaining=357 
[2026-05-14T02:50:57.7722570-07:00] [pid=7568] [EmbodyLOG] May_14_2026 02:50:57.773 line: 1316. getLocalSessionID for user: kevin_tencenttest1_emb 06756e30dc6941e7b44b3ad365984a2f 
[2026-05-14T02:50:57.7742555-07:00] [pid=7568] [EmbodyLOG] May_14_2026 02:50:57.774 line: 2576. ImmerseAPI: Too many status checks within the period allowed, returning early 
[2026-05-14T02:50:57.7742555-07:00] [pid=7568] [EmbodyLOG] May_14_2026 02:50:57.774 line: 3232. updateUMWHPEQSelection() - updated headsetId: 18446744073709551615 
[2026-05-14T02:50:57.7742555-07:00] [pid=7568] [EmbodyLOG] May_14_2026 02:50:57.775 line: 1419. calculateLicenseDaysRemaining(): cached=358, elapsed=1, remaining=357 
[2026-05-14T02:50:57.8655228-07:00] [pid=7568] <<<_____ ImmerseAudioRenderer _____>>> 
[2026-05-14T02:50:57.8655228-07:00] [pid=7568] WwiseFxNullParams::SetParam()
[2026-05-14T02:50:57.8655228-07:00] [pid=7568] 
[2026-05-14T02:50:57.8655228-07:00] [pid=7568] <<<_____ ImmerseAudioRenderer _____>>> 
[2026-05-14T02:50:57.8655228-07:00] [pid=7568] WwiseFxNullParams::ApplyParam()
[2026-05-14T02:50:57.8655228-07:00] [pid=7568] 
[2026-05-14T02:50:57.8655228-07:00] [pid=7568] [EmbodyLOG] May_14_2026 02:50:57.866 line: 673. ___IMMERSEENGINE___ Immerse_EnableImmerse inMode: 2 
[2026-05-14T02:50:57.8665312-07:00] [pid=7568] <<<_____ ImmerseAudioRenderer _____>>> 
[2026-05-14T02:50:57.8665312-07:00] [pid=7568] WwiseFxNullParams::SetParam()
[2026-05-14T02:50:57.8665312-07:00] [pid=7568] 
[2026-05-14T02:50:57.8665312-07:00] [pid=7568] <<<_____ ImmerseAudioRenderer _____>>> 
[2026-05-14T02:50:57.8665312-07:00] [pid=7568] WwiseFxNullParams::ApplyParam()
[2026-05-14T02:50:57.8665312-07:00] [pid=7568] 
[2026-05-14T02:50:57.8665312-07:00] [pid=7568] [EmbodyLOG] May_14_2026 02:50:57.867 line: 673. ___IMMERSEENGINE___ Immerse_EnableImmerse inMode: 2 
[2026-05-14T02:50:57.8675379-07:00] [pid=7568] [EmbodyLOG] May_14_2026 02:50:57.867 line: 1419. calculateLicenseDaysRemaining(): cached=358, elapsed=1, remaining=357 
[2026-05-14T02:50:57.8685356-07:00] [pid=7568] [EmbodyLOG] May_14_2026 02:50:57.868 line: 1419. calculateLicenseDaysRemaining(): cached=358, elapsed=1, remaining=357 
[2026-05-14T02:50:57.9302264-07:00] [pid=7568] [2026.05.14-09.50.57:930][943]LogAkAudio: Error: Voice Starvation
[2026-05-14T02:50:58.9932789-07:00] [pid=7568] <<<_____ ImmerseAudioRenderer _____>>> 
[2026-05-14T02:50:58.9932789-07:00] [pid=7568] WwiseFxNullParams::SetParam()
[2026-05-14T02:50:58.9932789-07:00] [pid=7568] 
[2026-05-14T02:50:58.9942881-07:00] [pid=7568] <<<_____ ImmerseAudioRenderer _____>>> 
[2026-05-14T02:50:58.9942881-07:00] [pid=7568] WwiseFxNullParams::ApplyParam()
[2026-05-14T02:50:58.9942881-07:00] [pid=7568] 
[2026-05-14T02:50:58.9942881-07:00] [pid=7568] [EmbodyLOG] May_14_2026 02:50:58.994 line: 673. ___IMMERSEENGINE___ Immerse_EnableImmerse inMode: 1 
[2026-05-14T02:50:58.9942881-07:00] [pid=7568] <<<_____ ImmerseAudioRenderer _____>>> 
[2026-05-14T02:50:58.9942881-07:00] [pid=7568] WwiseFxNullParams::SetParam()
[2026-05-14T02:50:58.9942881-07:00] [pid=7568] 
[2026-05-14T02:50:58.9942881-07:00] [pid=7568] <<<_____ ImmerseAudioRenderer _____>>> 
[2026-05-14T02:50:58.9942881-07:00] [pid=7568] WwiseFxNullParams::ApplyParam()
[2026-05-14T02:50:58.9942881-07:00] [pid=7568] 
[2026-05-14T02:50:58.9942881-07:00] [pid=7568] [EmbodyLOG] May_14_2026 02:50:58.995 line: 673. ___IMMERSEENGINE___ Immerse_EnableImmerse inMode: 1 
[2026-05-14T02:50:58.9968218-07:00] [pid=7568] [EmbodyLOG] May_14_2026 02:50:58.997 line: 1316. getLocalSessionID for user: kevin_tencenttest1_emb 06756e30dc6941e7b44b3ad365984a2f 
[2026-05-14T02:50:58.9978212-07:00] [pid=7568] [EmbodyLOG] May_14_2026 02:50:58.998 line: 2576. ImmerseAPI: Too many status checks within the period allowed, returning early 
[2026-05-14T02:50:58.9988209-07:00] [pid=7568] [EmbodyLOG] May_14_2026 02:50:58.999 line: 3232. updateUMWHPEQSelection() - updated headsetId: 18446744073709551615 
[2026-05-14T02:50:58.9998178-07:00] [pid=7568] [EmbodyLOG] May_14_2026 02:50:59.000 line: 1419. calculateLicenseDaysRemaining(): cached=358, elapsed=1, remaining=357 
[2026-05-14T02:50:59.0013337-07:00] [pid=7568] [EmbodyLOG] May_14_2026 02:50:59.001 line: 1316. getLocalSessionID for user: kevin_tencenttest1_emb 06756e30dc6941e7b44b3ad365984a2f 
[2026-05-14T02:50:59.0023333-07:00] [pid=7568] [EmbodyLOG] May_14_2026 02:50:59.003 line: 2576. ImmerseAPI: Too many status checks within the period allowed, returning early 
[2026-05-14T02:50:59.0033335-07:00] [pid=7568] [EmbodyLOG] May_14_2026 02:50:59.003 line: 3232. updateUMWHPEQSelection() - updated headsetId: 18446744073709551615 
[2026-05-14T02:50:59.0043326-07:00] [pid=7568] [EmbodyLOG] May_14_2026 02:50:59.004 line: 1419. calculateLicenseDaysRemaining(): cached=358, elapsed=1, remaining=357 
[2026-05-14T02:50:59.1544266-07:00] [pid=7568] [2026.05.14-09.50.59:154][529]LogAkAudio: Error: Voice Starvation
[2026-05-14T02:51:01.0364973-07:00] [pid=7568] <<<_____ ImmerseAudioRenderer _____>>> 
[2026-05-14T02:51:01.0364973-07:00] [pid=7568] WwiseFxNullParams::SetParam()
[2026-05-14T02:51:01.0374973-07:00] [pid=7568] 
[2026-05-14T02:51:01.0374973-07:00] [pid=7568] <<<_____ ImmerseAudioRenderer _____>>> 
[2026-05-14T02:51:01.0374973-07:00] [pid=7568] WwiseFxNullParams::ApplyParam()
[2026-05-14T02:51:01.0374973-07:00] [pid=7568] 
[2026-05-14T02:51:01.0374973-07:00] [pid=7568] [EmbodyLOG] May_14_2026 02:51:01.037 line: 710. ___IMMERSEENGINE___ Immerse_EnableHPEQ inHeadset: 102 
[2026-05-14T02:51:01.0374973-07:00] [pid=7568] <<<_____ ImmerseAudioRenderer _____>>> 
[2026-05-14T02:51:01.0374973-07:00] [pid=7568] WwiseFxNullParams::SetParam()
[2026-05-14T02:51:01.0384983-07:00] [pid=7568] 
[2026-05-14T02:51:01.0384983-07:00] [pid=7568] <<<_____ ImmerseAudioRenderer _____>>> 
[2026-05-14T02:51:01.0384983-07:00] [pid=7568] WwiseFxNullParams::ApplyParam()
[2026-05-14T02:51:01.0384983-07:00] [pid=7568] 
[2026-05-14T02:51:01.0530430-07:00] [pid=7568] [EmbodyLOG] May_14_2026 02:51:01.053 line: 1328. ImmerseManager::UpdateHpeqHeadset() - HPEQ enabled, headsetId 102 
[2026-05-14T02:51:01.0540444-07:00] [pid=7568] [EmbodyLOG] May_14_2026 02:51:01.054 line: 1419. calculateLicenseDaysRemaining(): cached=358, elapsed=1, remaining=357 
[2026-05-14T02:51:01.1477887-07:00] [pid=7568] <<<_____ ImmerseAudioRenderer _____>>> 
[2026-05-14T02:51:01.1477887-07:00] [pid=7568] WwiseFxNullParams::SetParam()
[2026-05-14T02:51:01.1477887-07:00] [pid=7568] 
[2026-05-14T02:51:01.1477887-07:00] [pid=7568] <<<_____ ImmerseAudioRenderer _____>>> 
[2026-05-14T02:51:01.1477887-07:00] [pid=7568] WwiseFxNullParams::ApplyParam()
[2026-05-14T02:51:01.1477887-07:00] [pid=7568] 
[2026-05-14T02:51:01.1477887-07:00] [pid=7568] [EmbodyLOG] May_14_2026 02:51:01.148 line: 710. ___IMMERSEENGINE___ Immerse_EnableHPEQ inHeadset: 104 
[2026-05-14T02:51:01.1477887-07:00] [pid=7568] <<<_____ ImmerseAudioRenderer _____>>> 
[2026-05-14T02:51:01.1477887-07:00] [pid=7568] WwiseFxNullParams::SetParam()
[2026-05-14T02:51:01.1477887-07:00] [pid=7568] 
[2026-05-14T02:51:01.1477887-07:00] [pid=7568] <<<_____ ImmerseAudioRenderer _____>>> 
[2026-05-14T02:51:01.1477887-07:00] [pid=7568] WwiseFxNullParams::ApplyParam()
[2026-05-14T02:51:01.1477887-07:00] [pid=7568] 
[2026-05-14T02:51:01.1487885-07:00] [pid=7568] [EmbodyLOG] May_14_2026 02:51:01.148 line: 1328. ImmerseManager::UpdateHpeqHeadset() - HPEQ enabled, headsetId 104 
[2026-05-14T02:51:01.1487885-07:00] [pid=7568] [EmbodyLOG] May_14_2026 02:51:01.149 line: 1419. calculateLicenseDaysRemaining(): cached=358, elapsed=1, remaining=357 
[2026-05-14T02:51:01.2485539-07:00] [pid=7568] <<<_____ ImmerseAudioRenderer _____>>> 
[2026-05-14T02:51:01.2485539-07:00] [pid=7568] WwiseFxNullParams::SetParam()
[2026-05-14T02:51:01.2485539-07:00] [pid=7568] 
[2026-05-14T02:51:01.2485539-07:00] [pid=7568] <<<_____ ImmerseAudioRenderer _____>>> 
[2026-05-14T02:51:01.2485539-07:00] [pid=7568] WwiseFxNullParams::ApplyParam()
[2026-05-14T02:51:01.2485539-07:00] [pid=7568] 
[2026-05-14T02:51:01.2485539-07:00] [pid=7568] [EmbodyLOG] May_14_2026 02:51:01.249 line: 710. ___IMMERSEENGINE___ Immerse_EnableHPEQ inHeadset: 26 
[2026-05-14T02:51:01.2495521-07:00] [pid=7568] <<<_____ ImmerseAudioRenderer _____>>> 
[2026-05-14T02:51:01.2495521-07:00] [pid=7568] WwiseFxNullParams::SetParam()
[2026-05-14T02:51:01.2495521-07:00] [pid=7568] 
[2026-05-14T02:51:01.2495521-07:00] [pid=7568] <<<_____ ImmerseAudioRenderer _____>>> 
[2026-05-14T02:51:01.2495521-07:00] [pid=7568] WwiseFxNullParams::ApplyParam()
[2026-05-14T02:51:01.2495521-07:00] [pid=7568] 
[2026-05-14T02:51:01.2500581-07:00] [pid=7568] [EmbodyLOG] May_14_2026 02:51:01.250 line: 1328. ImmerseManager::UpdateHpeqHeadset() - HPEQ enabled, headsetId 26 
[2026-05-14T02:51:01.2500581-07:00] [pid=7568] [EmbodyLOG] May_14_2026 02:51:01.250 line: 1419. calculateLicenseDaysRemaining(): cached=358, elapsed=1, remaining=357 
[2026-05-14T02:51:01.2685923-07:00] [pid=7568] <<<_____ ImmerseAudioRenderer _____>>> 
[2026-05-14T02:51:01.2685923-07:00] [pid=7568] WwiseFxNullParams::SetParam()
[2026-05-14T02:51:01.2685923-07:00] [pid=7568] 
[2026-05-14T02:51:01.2685923-07:00] [pid=7568] <<<_____ ImmerseAudioRenderer _____>>> 
[2026-05-14T02:51:01.2685923-07:00] [pid=7568] WwiseFxNullParams::ApplyParam()
[2026-05-14T02:51:01.2685923-07:00] [pid=7568] 
[2026-05-14T02:51:01.2695928-07:00] [pid=7568] [EmbodyLOG] May_14_2026 02:51:01.269 line: 710. ___IMMERSEENGINE___ Immerse_EnableHPEQ inHeadset: 16 
[2026-05-14T02:51:01.2695928-07:00] [pid=7568] <<<_____ ImmerseAudioRenderer _____>>> 
[2026-05-14T02:51:01.2700974-07:00] [pid=7568] WwiseFxNullParams::SetParam()
[2026-05-14T02:51:01.2700974-07:00] [pid=7568] 
[2026-05-14T02:51:01.2700974-07:00] [pid=7568] <<<_____ ImmerseAudioRenderer _____>>> 
[2026-05-14T02:51:01.2700974-07:00] [pid=7568] WwiseFxNullParams::ApplyParam()
[2026-05-14T02:51:01.2700974-07:00] [pid=7568] 
[2026-05-14T02:51:01.2700974-07:00] [pid=7568] [EmbodyLOG] May_14_2026 02:51:01.270 line: 1328. ImmerseManager::UpdateHpeqHeadset() - HPEQ enabled, headsetId 16 
[2026-05-14T02:51:01.2711036-07:00] [pid=7568] [EmbodyLOG] May_14_2026 02:51:01.271 line: 1419. calculateLicenseDaysRemaining(): cached=358, elapsed=1, remaining=357 
[2026-05-14T02:51:01.3776771-07:00] [pid=7568] <<<_____ ImmerseAudioRenderer _____>>> 
[2026-05-14T02:51:01.3776771-07:00] [pid=7568] WwiseFxNullParams::SetParam()
[2026-05-14T02:51:01.3776771-07:00] [pid=7568] 
[2026-05-14T02:51:01.3776771-07:00] [pid=7568] <<<_____ ImmerseAudioRenderer _____>>> 
[2026-05-14T02:51:01.3776771-07:00] [pid=7568] WwiseFxNullParams::ApplyParam()
[2026-05-14T02:51:01.3776771-07:00] [pid=7568] 
[2026-05-14T02:51:01.3776771-07:00] [pid=7568] [EmbodyLOG] May_14_2026 02:51:01.378 line: 710. ___IMMERSEENGINE___ Immerse_EnableHPEQ inHeadset: 38 
[2026-05-14T02:51:01.3786782-07:00] [pid=7568] <<<_____ ImmerseAudioRenderer _____>>> 
[2026-05-14T02:51:01.3786782-07:00] [pid=7568] WwiseFxNullParams::SetParam()
[2026-05-14T02:51:01.3786782-07:00] [pid=7568] 
[2026-05-14T02:51:01.3786782-07:00] [pid=7568] <<<_____ ImmerseAudioRenderer _____>>> 
[2026-05-14T02:51:01.3786782-07:00] [pid=7568] WwiseFxNullParams::ApplyParam()
[2026-05-14T02:51:01.3786782-07:00] [pid=7568] 
[2026-05-14T02:51:01.3786782-07:00] [pid=7568] [EmbodyLOG] May_14_2026 02:51:01.379 line: 1328. ImmerseManager::UpdateHpeqHeadset() - HPEQ enabled, headsetId 38 
[2026-05-14T02:51:01.3801821-07:00] [pid=7568] [EmbodyLOG] May_14_2026 02:51:01.380 line: 1419. calculateLicenseDaysRemaining(): cached=358, elapsed=1, remaining=357 
[2026-05-14T02:51:01.4876656-07:00] [pid=7568] <<<_____ ImmerseAudioRenderer _____>>> 
[2026-05-14T02:51:01.4876656-07:00] [pid=7568] WwiseFxNullParams::SetParam()
[2026-05-14T02:51:01.4876656-07:00] [pid=7568] 
[2026-05-14T02:51:01.4876656-07:00] [pid=7568] <<<_____ ImmerseAudioRenderer _____>>> 
[2026-05-14T02:51:01.4876656-07:00] [pid=7568] WwiseFxNullParams::ApplyParam()
[2026-05-14T02:51:01.4876656-07:00] [pid=7568] 
[2026-05-14T02:51:01.4876656-07:00] [pid=7568] [EmbodyLOG] May_14_2026 02:51:01.488 line: 710. ___IMMERSEENGINE___ Immerse_EnableHPEQ inHeadset: 23 
[2026-05-14T02:51:01.4886664-07:00] [pid=7568] <<<_____ ImmerseAudioRenderer _____>>> 
[2026-05-14T02:51:01.4886664-07:00] [pid=7568] WwiseFxNullParams::SetParam()
[2026-05-14T02:51:01.4886664-07:00] [pid=7568] 
[2026-05-14T02:51:01.4886664-07:00] [pid=7568] <<<_____ ImmerseAudioRenderer _____>>> 
[2026-05-14T02:51:01.4886664-07:00] [pid=7568] WwiseFxNullParams::ApplyParam()
[2026-05-14T02:51:01.4886664-07:00] [pid=7568] 
[2026-05-14T02:51:01.4886664-07:00] [pid=7568] [EmbodyLOG] May_14_2026 02:51:01.489 line: 1328. ImmerseManager::UpdateHpeqHeadset() - HPEQ enabled, headsetId 23 
[2026-05-14T02:51:01.4901726-07:00] [pid=7568] [EmbodyLOG] May_14_2026 02:51:01.490 line: 1419. calculateLicenseDaysRemaining(): cached=358, elapsed=1, remaining=357 
[2026-05-14T02:51:01.6162959-07:00] [pid=7568] <<<_____ ImmerseAudioRenderer _____>>> 
[2026-05-14T02:51:01.6162959-07:00] [pid=7568] WwiseFxNullParams::SetParam()
[2026-05-14T02:51:01.6162959-07:00] [pid=7568] 
[2026-05-14T02:51:01.6162959-07:00] [pid=7568] <<<_____ ImmerseAudioRenderer _____>>> 
[2026-05-14T02:51:01.6162959-07:00] [pid=7568] WwiseFxNullParams::ApplyParam()
[2026-05-14T02:51:01.6162959-07:00] [pid=7568] 
[2026-05-14T02:51:01.6162959-07:00] [pid=7568] [EmbodyLOG] May_14_2026 02:51:01.616 line: 710. ___IMMERSEENGINE___ Immerse_EnableHPEQ inHeadset: 21 
[2026-05-14T02:51:01.6162959-07:00] [pid=7568] <<<_____ ImmerseAudioRenderer _____>>> 
[2026-05-14T02:51:01.6162959-07:00] [pid=7568] WwiseFxNullParams::SetParam()
[2026-05-14T02:51:01.6162959-07:00] [pid=7568] 
[2026-05-14T02:51:01.6173002-07:00] [pid=7568] <<<_____ ImmerseAudioRenderer _____>>> 
[2026-05-14T02:51:01.6173002-07:00] [pid=7568] WwiseFxNullParams::ApplyParam()
[2026-05-14T02:51:01.6173002-07:00] [pid=7568] 
[2026-05-14T02:51:01.6263665-07:00] [pid=7568] [EmbodyLOG] May_14_2026 02:51:01.626 line: 1328. ImmerseManager::UpdateHpeqHeadset() - HPEQ enabled, headsetId 21 
[2026-05-14T02:51:01.6273704-07:00] [pid=7568] [EmbodyLOG] May_14_2026 02:51:01.627 line: 1419. calculateLicenseDaysRemaining(): cached=358, elapsed=1, remaining=357 
[2026-05-14T02:51:01.7164999-07:00] [pid=7568] <<<_____ ImmerseAudioRenderer _____>>> 
[2026-05-14T02:51:01.7170042-07:00] [pid=7568] WwiseFxNullParams::SetParam()
[2026-05-14T02:51:01.7170042-07:00] [pid=7568] 
[2026-05-14T02:51:01.7170042-07:00] [pid=7568] <<<_____ ImmerseAudioRenderer _____>>> 
[2026-05-14T02:51:01.7170042-07:00] [pid=7568] WwiseFxNullParams::ApplyParam()
[2026-05-14T02:51:01.7170042-07:00] [pid=7568] 
[2026-05-14T02:51:01.7170042-07:00] [pid=7568] [EmbodyLOG] May_14_2026 02:51:01.717 line: 710. ___IMMERSEENGINE___ Immerse_EnableHPEQ inHeadset: 80 
[2026-05-14T02:51:01.7170042-07:00] [pid=7568] <<<_____ ImmerseAudioRenderer _____>>> 
[2026-05-14T02:51:01.7170042-07:00] [pid=7568] WwiseFxNullParams::SetParam()
[2026-05-14T02:51:01.7170042-07:00] [pid=7568] 
[2026-05-14T02:51:01.7170042-07:00] [pid=7568] <<<_____ ImmerseAudioRenderer _____>>> 
[2026-05-14T02:51:01.7170042-07:00] [pid=7568] WwiseFxNullParams::ApplyParam()
[2026-05-14T02:51:01.7170042-07:00] [pid=7568] 
[2026-05-14T02:51:01.7291179-07:00] [pid=7568] [EmbodyLOG] May_14_2026 02:51:01.729 line: 1328. ImmerseManager::UpdateHpeqHeadset() - HPEQ enabled, headsetId 80 
[2026-05-14T02:51:01.7301335-07:00] [pid=7568] [EmbodyLOG] May_14_2026 02:51:01.730 line: 1419. calculateLicenseDaysRemaining(): cached=358, elapsed=1, remaining=357 
[2026-05-14T02:51:01.8267841-07:00] [pid=7568] <<<_____ ImmerseAudioRenderer _____>>> 
[2026-05-14T02:51:01.8277835-07:00] [pid=7568] WwiseFxNullParams::SetParam()
[2026-05-14T02:51:01.8277835-07:00] [pid=7568] 
[2026-05-14T02:51:01.8277835-07:00] [pid=7568] <<<_____ ImmerseAudioRenderer _____>>> 
[2026-05-14T02:51:01.8277835-07:00] [pid=7568] WwiseFxNullParams::ApplyParam()
[2026-05-14T02:51:01.8277835-07:00] [pid=7568] 
[2026-05-14T02:51:01.8277835-07:00] [pid=7568] [EmbodyLOG] May_14_2026 02:51:01.827 line: 710. ___IMMERSEENGINE___ Immerse_EnableHPEQ inHeadset: 66 
[2026-05-14T02:51:01.8277835-07:00] [pid=7568] <<<_____ ImmerseAudioRenderer _____>>> 
[2026-05-14T02:51:01.8277835-07:00] [pid=7568] WwiseFxNullParams::SetParam()
[2026-05-14T02:51:01.8277835-07:00] [pid=7568] 
[2026-05-14T02:51:01.8277835-07:00] [pid=7568] <<<_____ ImmerseAudioRenderer _____>>> 
[2026-05-14T02:51:01.8277835-07:00] [pid=7568] WwiseFxNullParams::ApplyParam()
[2026-05-14T02:51:01.8277835-07:00] [pid=7568] 
[2026-05-14T02:51:01.8332958-07:00] [pid=7568] [EmbodyLOG] May_14_2026 02:51:01.834 line: 1328. ImmerseManager::UpdateHpeqHeadset() - HPEQ enabled, headsetId 66 
[2026-05-14T02:51:01.8342956-07:00] [pid=7568] [EmbodyLOG] May_14_2026 02:51:01.835 line: 1419. calculateLicenseDaysRemaining(): cached=358, elapsed=1, remaining=357 
[2026-05-14T02:51:02.9584310-07:00] [pid=7568] <<<_____ ImmerseAudioRenderer _____>>> 
[2026-05-14T02:51:02.9584310-07:00] [pid=7568] WwiseFxNullParams::SetParam()
[2026-05-14T02:51:02.9584310-07:00] [pid=7568] 
[2026-05-14T02:51:02.9584310-07:00] [pid=7568] <<<_____ ImmerseAudioRenderer _____>>> 
[2026-05-14T02:51:02.9584310-07:00] [pid=7568] WwiseFxNullParams::ApplyParam()
[2026-05-14T02:51:02.9584310-07:00] [pid=7568] 
[2026-05-14T02:51:02.9584310-07:00] [pid=7568] <<<_____ ImmerseAudioRenderer _____>>> 
[2026-05-14T02:51:02.9584310-07:00] [pid=7568] WwiseFxNullParams::SetParam()
[2026-05-14T02:51:02.9584310-07:00] [pid=7568] 
[2026-05-14T02:51:02.9584310-07:00] [pid=7568] <<<_____ ImmerseAudioRenderer _____>>> 
[2026-05-14T02:51:02.9584310-07:00] [pid=7568] WwiseFxNullParams::ApplyParam()
[2026-05-14T02:51:02.9584310-07:00] [pid=7568] 
[2026-05-14T02:51:02.9604452-07:00] [pid=7568] [EmbodyLOG] May_14_2026 02:51:02.960 line: 767. ___IMMERSEENGINE___ Immerse_SetTuning inAudioProcessorId:2 inHrirTuning:1 inSpeakerPlacement:0 
[2026-05-14T02:51:02.9614520-07:00] [pid=7568] [EmbodyLOG] May_14_2026 02:51:02.961 line: 416. DecryptMultiSofaData() - v2 numSections=3 hrtfFlags=1 hrtfSectionOffset=971 hrtfSectionSize=1758624 numEntries=4 dataOffset=440678 dataLength=439639 bmapSize=518 fovdSize=361 
[2026-05-14T02:51:03.0156262-07:00] [pid=7568] [EmbodyLOG] May_14_2026 02:51:03.015 line: 447. DecryptMultiSofaData() - decrypt result: Success 
[2026-05-14T02:51:03.0166301-07:00] [pid=7568] [EmbodyLOG] May_14_2026 02:51:03.016 line: 533. AssetManager - BMAP data (518 bytes): {"buses":[{"label":"Extraction","tunings":[{"id":"extraction_tuning_1","label":"Extraction Tuning 1","hrtf_index":0}],"id":"extraction"},{"label":"Warfare","tunings":[{"id":"warfare_tuning_1","label":"Warfare Tuning 1","hrtf_index":1}],"id":"warfare"},{"label":"Campaign","tunings":[{"id":"campaign_tuning_1","label":"Campaign Tuning 1","hrtf_index":2}],"id":"campaign"},{"label":"Voice Chat","tunings":[{"id":"voice_chat_tuning_1","label":"Voice Chat Tuning 1","hrtf_index":3}],"id":"voice_chat"}],"schema_version":1} 
[2026-05-14T02:51:03.0166301-07:00] [pid=7568] [EmbodyLOG] May_14_2026 02:51:03.017 line: 537. AssetManager - FOVD data (361 bytes): {"schema_version":1,"fov_groups":["l/r"],"fov_presets":[{"studio_speaker_angles_idx":[0,1,6,7,8,9,10,11,12,13,14,15,16,17,18],"label":"Narrow","id":"narrow"},{"studio_speaker_angles_idx":[2,3,6,7,8,9,10,11,12,13,14,15,16,17,18],"label":"Default","id":"default"},{"studio_speaker_angles_idx":[4,5,6,7,8,9,10,11,12,13,14,15,16,17,18],"label":"Wide","id":"wide"}]} 
[2026-05-14T02:51:03.0231465-07:00] [pid=7568] [EmbodyLOG] May_14_2026 02:51:03.023 line: 376. AudioConfig::GetSHIndices() - invalid channelConfig: 6 
[2026-05-14T02:51:03.0702587-07:00] [pid=7568] [EmbodyLOG] May_14_2026 02:51:03.070 line: 281. AudioConfig::InitializeDecoders: Successfully created shared ambisonic decoder kernel 
[2026-05-14T02:51:03.2040653-07:00] [pid=7568] [2026.05.14-09.51.03:204][469]LogAkAudio: Error: Voice Starvation
[2026-05-14T02:51:03.5043278-07:00] [pid=7568] [2026.05.14-09.51.03:504][613]LogAkAudio: Error: Voice Starvation
[2026-05-14T02:51:04.9774267-07:00] [pid=7568] <<<_____ ImmerseAudioRenderer _____>>> 
[2026-05-14T02:51:04.9774267-07:00] [pid=7568] WwiseFxNullParams::SetParam()
[2026-05-14T02:51:04.9774267-07:00] [pid=7568] 
[2026-05-14T02:51:04.9774267-07:00] [pid=7568] <<<_____ ImmerseAudioRenderer _____>>> 
[2026-05-14T02:51:04.9774267-07:00] [pid=7568] WwiseFxNullParams::ApplyParam()
[2026-05-14T02:51:04.9774267-07:00] [pid=7568] 
[2026-05-14T02:51:04.9774267-07:00] [pid=7568] <<<_____ ImmerseAudioRenderer _____>>> 
[2026-05-14T02:51:04.9774267-07:00] [pid=7568] WwiseFxNullParams::SetParam()
[2026-05-14T02:51:04.9774267-07:00] [pid=7568] 
[2026-05-14T02:51:04.9774267-07:00] [pid=7568] <<<_____ ImmerseAudioRenderer _____>>> 
[2026-05-14T02:51:04.9774267-07:00] [pid=7568] WwiseFxNullParams::ApplyParam()
[2026-05-14T02:51:04.9774267-07:00] [pid=7568] 
[2026-05-14T02:51:04.9899887-07:00] [pid=7568] [EmbodyLOG] May_14_2026 02:51:04.990 line: 767. ___IMMERSEENGINE___ Immerse_SetTuning inAudioProcessorId:2 inHrirTuning:2 inSpeakerPlacement:0 
[2026-05-14T02:51:04.9909976-07:00] [pid=7568] [EmbodyLOG] May_14_2026 02:51:04.991 line: 416. DecryptMultiSofaData() - v2 numSections=3 hrtfFlags=1 hrtfSectionOffset=971 hrtfSectionSize=1758624 numEntries=4 dataOffset=880317 dataLength=439639 bmapSize=518 fovdSize=361 
[2026-05-14T02:51:05.0456694-07:00] [pid=7568] [EmbodyLOG] May_14_2026 02:51:05.045 line: 447. DecryptMultiSofaData() - decrypt result: Success 
[2026-05-14T02:51:05.0456694-07:00] [pid=7568] [EmbodyLOG] May_14_2026 02:51:05.046 line: 533. AssetManager - BMAP data (518 bytes): {"buses":[{"label":"Extraction","tunings":[{"id":"extraction_tuning_1","label":"Extraction Tuning 1","hrtf_index":0}],"id":"extraction"},{"label":"Warfare","tunings":[{"id":"warfare_tuning_1","label":"Warfare Tuning 1","hrtf_index":1}],"id":"warfare"},{"label":"Campaign","tunings":[{"id":"campaign_tuning_1","label":"Campaign Tuning 1","hrtf_index":2}],"id":"campaign"},{"label":"Voice Chat","tunings":[{"id":"voice_chat_tuning_1","label":"Voice Chat Tuning 1","hrtf_index":3}],"id":"voice_chat"}],"schema_version":1} 
[2026-05-14T02:51:05.0466766-07:00] [pid=7568] [EmbodyLOG] May_14_2026 02:51:05.046 line: 537. AssetManager - FOVD data (361 bytes): {"schema_version":1,"fov_groups":["l/r"],"fov_presets":[{"studio_speaker_angles_idx":[0,1,6,7,8,9,10,11,12,13,14,15,16,17,18],"label":"Narrow","id":"narrow"},{"studio_speaker_angles_idx":[2,3,6,7,8,9,10,11,12,13,14,15,16,17,18],"label":"Default","id":"default"},{"studio_speaker_angles_idx":[4,5,6,7,8,9,10,11,12,13,14,15,16,17,18],"label":"Wide","id":"wide"}]} 
[2026-05-14T02:51:05.0531845-07:00] [pid=7568] [EmbodyLOG] May_14_2026 02:51:05.053 line: 376. AudioConfig::GetSHIndices() - invalid channelConfig: 6 
[2026-05-14T02:51:05.0978111-07:00] [pid=7568] [EmbodyLOG] May_14_2026 02:51:05.098 line: 281. AudioConfig::InitializeDecoders: Successfully created shared ambisonic decoder kernel 
[2026-05-14T02:51:05.2521177-07:00] [pid=7568] [2026.05.14-09.51.05:252][455]LogAkAudio: Error: Voice Starvation
[2026-05-14T02:51:05.5486638-07:00] [pid=7568] [2026.05.14-09.51.05:548][600]LogAkAudio: Error: Voice Starvation
[2026-05-14T02:51:07.0082627-07:00] [pid=7568] <<<_____ ImmerseAudioRenderer _____>>> 
[2026-05-14T02:51:07.0082627-07:00] [pid=7568] WwiseFxNullParams::SetParam()
[2026-05-14T02:51:07.0087664-07:00] [pid=7568] 
[2026-05-14T02:51:07.0087664-07:00] [pid=7568] <<<_____ ImmerseAudioRenderer _____>>> 
[2026-05-14T02:51:07.0087664-07:00] [pid=7568] WwiseFxNullParams::ApplyParam()
[2026-05-14T02:51:07.0087664-07:00] [pid=7568] 
[2026-05-14T02:51:07.0087664-07:00] [pid=7568] <<<_____ ImmerseAudioRenderer _____>>> 
[2026-05-14T02:51:07.0087664-07:00] [pid=7568] WwiseFxNullParams::SetParam()
[2026-05-14T02:51:07.0087664-07:00] [pid=7568] 
[2026-05-14T02:51:07.0087664-07:00] [pid=7568] <<<_____ ImmerseAudioRenderer _____>>> 
[2026-05-14T02:51:07.0087664-07:00] [pid=7568] WwiseFxNullParams::ApplyParam()
[2026-05-14T02:51:07.0087664-07:00] [pid=7568] 
[2026-05-14T02:51:07.0107807-07:00] [pid=7568] [EmbodyLOG] May_14_2026 02:51:07.010 line: 767. ___IMMERSEENGINE___ Immerse_SetTuning inAudioProcessorId:2 inHrirTuning:3 inSpeakerPlacement:0 
[2026-05-14T02:51:07.0107807-07:00] [pid=7568] [EmbodyLOG] May_14_2026 02:51:07.011 line: 416. DecryptMultiSofaData() - v2 numSections=3 hrtfFlags=1 hrtfSectionOffset=971 hrtfSectionSize=1758624 numEntries=4 dataOffset=1319956 dataLength=439639 bmapSize=518 fovdSize=361 
[2026-05-14T02:51:07.0654164-07:00] [pid=7568] [EmbodyLOG] May_14_2026 02:51:07.065 line: 447. DecryptMultiSofaData() - decrypt result: Success 
[2026-05-14T02:51:07.0664225-07:00] [pid=7568] [EmbodyLOG] May_14_2026 02:51:07.066 line: 533. AssetManager - BMAP data (518 bytes): {"buses":[{"label":"Extraction","tunings":[{"id":"extraction_tuning_1","label":"Extraction Tuning 1","hrtf_index":0}],"id":"extraction"},{"label":"Warfare","tunings":[{"id":"warfare_tuning_1","label":"Warfare Tuning 1","hrtf_index":1}],"id":"warfare"},{"label":"Campaign","tunings":[{"id":"campaign_tuning_1","label":"Campaign Tuning 1","hrtf_index":2}],"id":"campaign"},{"label":"Voice Chat","tunings":[{"id":"voice_chat_tuning_1","label":"Voice Chat Tuning 1","hrtf_index":3}],"id":"voice_chat"}],"schema_version":1} 
[2026-05-14T02:51:07.0664225-07:00] [pid=7568] [EmbodyLOG] May_14_2026 02:51:07.066 line: 537. AssetManager - FOVD data (361 bytes): {"schema_version":1,"fov_groups":["l/r"],"fov_presets":[{"studio_speaker_angles_idx":[0,1,6,7,8,9,10,11,12,13,14,15,16,17,18],"label":"Narrow","id":"narrow"},{"studio_speaker_angles_idx":[2,3,6,7,8,9,10,11,12,13,14,15,16,17,18],"label":"Default","id":"default"},{"studio_speaker_angles_idx":[4,5,6,7,8,9,10,11,12,13,14,15,16,17,18],"label":"Wide","id":"wide"}]} 
[2026-05-14T02:51:07.0729387-07:00] [pid=7568] [EmbodyLOG] May_14_2026 02:51:07.072 line: 376. AudioConfig::GetSHIndices() - invalid channelConfig: 6 
[2026-05-14T02:51:07.1155763-07:00] [pid=7568] [EmbodyLOG] May_14_2026 02:51:07.116 line: 281. AudioConfig::InitializeDecoders: Successfully created shared ambisonic decoder kernel 
[2026-05-14T02:51:07.2840392-07:00] [pid=7568] [2026.05.14-09.51.07:284][440]LogAkAudio: Error: Voice Starvation
[2026-05-14T02:51:07.4699607-07:00] [pid=7568] [2026.05.14-09.51.07:469][527]LogTemp: Display: [ImmerseStress] REMOTE_HOLD_v1: waiting for go.flag (../../../../../../Users/kapil/OneDrive/Documents/Unreal Projects/testTP/Saved/ImmerseStress/go.flag) retry=40
[2026-05-14T02:51:07.5912439-07:00] [pid=7568] [2026.05.14-09.51.07:591][584]LogAkAudio: Error: Voice Starvation
[2026-05-14T02:51:10.0467715-07:00] [pid=7568] <<<_____ ImmerseAudioRenderer _____>>> 
[2026-05-14T02:51:10.0467715-07:00] [pid=7568] WwiseFxNullParams::SetParam()
[2026-05-14T02:51:10.0467715-07:00] [pid=7568] 
[2026-05-14T02:51:10.0467715-07:00] [pid=7568] <<<_____ ImmerseAudioRenderer _____>>> 
[2026-05-14T02:51:10.0467715-07:00] [pid=7568] WwiseFxNullParams::ApplyParam()
[2026-05-14T02:51:10.0467715-07:00] [pid=7568] 
[2026-05-14T02:51:10.0467715-07:00] [pid=7568] <<<_____ ImmerseAudioRenderer _____>>> 
[2026-05-14T02:51:10.0467715-07:00] [pid=7568] WwiseFxNullParams::SetParam()
[2026-05-14T02:51:10.0467715-07:00] [pid=7568] [EmbodyLOG] May_14_2026 02:51:10.047 line: 759. ___IMMERSEENGINE___ Immerse_SetSpeakerPlacement inSpeakerPlacement:2 
[2026-05-14T02:51:10.0467715-07:00] [pid=7568] 
[2026-05-14T02:51:10.0467715-07:00] [pid=7568] <<<_____ ImmerseAudioRenderer _____>>> 
[2026-05-14T02:51:10.0467715-07:00] [pid=7568] WwiseFxNullParams::ApplyParam()
[2026-05-14T02:51:10.0467715-07:00] [pid=7568] 
[2026-05-14T02:51:10.0477706-07:00] [pid=7568] [EmbodyLOG] May_14_2026 02:51:10.048 line: 416. DecryptMultiSofaData() - v2 numSections=3 hrtfFlags=1 hrtfSectionOffset=971 hrtfSectionSize=1758624 numEntries=4 dataOffset=1319956 dataLength=439639 bmapSize=518 fovdSize=361 
[2026-05-14T02:51:10.1009344-07:00] [pid=7568] [EmbodyLOG] May_14_2026 02:51:10.101 line: 447. DecryptMultiSofaData() - decrypt result: Success 
[2026-05-14T02:51:10.1009344-07:00] [pid=7568] [EmbodyLOG] May_14_2026 02:51:10.101 line: 533. AssetManager - BMAP data (518 bytes): {"buses":[{"label":"Extraction","tunings":[{"id":"extraction_tuning_1","label":"Extraction Tuning 1","hrtf_index":0}],"id":"extraction"},{"label":"Warfare","tunings":[{"id":"warfare_tuning_1","label":"Warfare Tuning 1","hrtf_index":1}],"id":"warfare"},{"label":"Campaign","tunings":[{"id":"campaign_tuning_1","label":"Campaign Tuning 1","hrtf_index":2}],"id":"campaign"},{"label":"Voice Chat","tunings":[{"id":"voice_chat_tuning_1","label":"Voice Chat Tuning 1","hrtf_index":3}],"id":"voice_chat"}],"schema_version":1} 
[2026-05-14T02:51:10.1019371-07:00] [pid=7568] [EmbodyLOG] May_14_2026 02:51:10.102 line: 537. AssetManager - FOVD data (361 bytes): {"schema_version":1,"fov_groups":["l/r"],"fov_presets":[{"studio_speaker_angles_idx":[0,1,6,7,8,9,10,11,12,13,14,15,16,17,18],"label":"Narrow","id":"narrow"},{"studio_speaker_angles_idx":[2,3,6,7,8,9,10,11,12,13,14,15,16,17,18],"label":"Default","id":"default"},{"studio_speaker_angles_idx":[4,5,6,7,8,9,10,11,12,13,14,15,16,17,18],"label":"Wide","id":"wide"}]} 
[2026-05-14T02:51:10.1079471-07:00] [pid=7568] [EmbodyLOG] May_14_2026 02:51:10.108 line: 376. AudioConfig::GetSHIndices() - invalid channelConfig: 6 
[2026-05-14T02:51:10.1532333-07:00] [pid=7568] [EmbodyLOG] May_14_2026 02:51:10.153 line: 281. AudioConfig::InitializeDecoders: Successfully created shared ambisonic decoder kernel 
[2026-05-14T02:51:10.1767779-07:00] [pid=7568] <<<_____ ImmerseAudioRenderer _____>>> 
[2026-05-14T02:51:10.1777797-07:00] [pid=7568] WwiseFxNullParams::SetParam()
[2026-05-14T02:51:10.1777797-07:00] [pid=7568] 
[2026-05-14T02:51:10.1777797-07:00] [pid=7568] <<<_____ ImmerseAudioRenderer _____>>> 
[2026-05-14T02:51:10.1777797-07:00] [pid=7568] WwiseFxNullParams::ApplyParam()
[2026-05-14T02:51:10.1777797-07:00] [pid=7568] 
[2026-05-14T02:51:10.1777797-07:00] [pid=7568] <<<_____ ImmerseAudioRenderer _____>>> 
[2026-05-14T02:51:10.1777797-07:00] [pid=7568] WwiseFxNullParams::SetParam()
[2026-05-14T02:51:10.1777797-07:00] [pid=7568] [EmbodyLOG] May_14_2026 02:51:10.178 line: 759. ___IMMERSEENGINE___ Immerse_SetSpeakerPlacement inSpeakerPlacement:3 
[2026-05-14T02:51:10.1777797-07:00] [pid=7568] 
[2026-05-14T02:51:10.1777797-07:00] [pid=7568] <<<_____ ImmerseAudioRenderer _____>>> 
[2026-05-14T02:51:10.1777797-07:00] [pid=7568] WwiseFxNullParams::ApplyParam()
[2026-05-14T02:51:10.1777797-07:00] [pid=7568] 
[2026-05-14T02:51:10.1787800-07:00] [pid=7568] [EmbodyLOG] May_14_2026 02:51:10.178 line: 416. DecryptMultiSofaData() - v2 numSections=3 hrtfFlags=1 hrtfSectionOffset=971 hrtfSectionSize=1758624 numEntries=4 dataOffset=1319956 dataLength=439639 bmapSize=518 fovdSize=361 
[2026-05-14T02:51:10.2333987-07:00] [pid=7568] [EmbodyLOG] May_14_2026 02:51:10.233 line: 447. DecryptMultiSofaData() - decrypt result: Success 
[2026-05-14T02:51:10.2333987-07:00] [pid=7568] [EmbodyLOG] May_14_2026 02:51:10.234 line: 533. AssetManager - BMAP data (518 bytes): {"buses":[{"label":"Extraction","tunings":[{"id":"extraction_tuning_1","label":"Extraction Tuning 1","hrtf_index":0}],"id":"extraction"},{"label":"Warfare","tunings":[{"id":"warfare_tuning_1","label":"Warfare Tuning 1","hrtf_index":1}],"id":"warfare"},{"label":"Campaign","tunings":[{"id":"campaign_tuning_1","label":"Campaign Tuning 1","hrtf_index":2}],"id":"campaign"},{"label":"Voice Chat","tunings":[{"id":"voice_chat_tuning_1","label":"Voice Chat Tuning 1","hrtf_index":3}],"id":"voice_chat"}],"schema_version":1} 
[2026-05-14T02:51:10.2343999-07:00] [pid=7568] [EmbodyLOG] May_14_2026 02:51:10.234 line: 537. AssetManager - FOVD data (361 bytes): {"schema_version":1,"fov_groups":["l/r"],"fov_presets":[{"studio_speaker_angles_idx":[0,1,6,7,8,9,10,11,12,13,14,15,16,17,18],"label":"Narrow","id":"narrow"},{"studio_speaker_angles_idx":[2,3,6,7,8,9,10,11,12,13,14,15,16,17,18],"label":"Default","id":"default"},{"studio_speaker_angles_idx":[4,5,6,7,8,9,10,11,12,13,14,15,16,17,18],"label":"Wide","id":"wide"}]} 
[2026-05-14T02:51:10.2404187-07:00] [pid=7568] [EmbodyLOG] May_14_2026 02:51:10.240 line: 376. AudioConfig::GetSHIndices() - invalid channelConfig: 6 
[2026-05-14T02:51:10.2873031-07:00] [pid=7568] [EmbodyLOG] May_14_2026 02:51:10.287 line: 281. AudioConfig::InitializeDecoders: Successfully created shared ambisonic decoder kernel 
[2026-05-14T02:51:10.2883144-07:00] [pid=7568] [2026.05.14-09.51.10:288][890]LogAkAudio: Error: Voice Starvation
[2026-05-14T02:51:10.6043625-07:00] [pid=7568] [2026.05.14-09.51.10:604][ 43]LogAkAudio: Error: Voice Starvation
[2026-05-14T02:51:10.9031471-07:00] [pid=7568] [2026.05.14-09.51.10:903][191]LogAkAudio: Error: Voice Starvation
[2026-05-14T02:51:11.3066755-07:00] [pid=7568] <<<_____ ImmerseAudioRenderer _____>>> 
[2026-05-14T02:51:11.3066755-07:00] [pid=7568] WwiseFxNullParams::SetParam()
[2026-05-14T02:51:11.3066755-07:00] [pid=7568] 
[2026-05-14T02:51:11.3066755-07:00] [pid=7568] <<<_____ ImmerseAudioRenderer _____>>> 
[2026-05-14T02:51:11.3071789-07:00] [pid=7568] WwiseFxNullParams::ApplyParam()
[2026-05-14T02:51:11.3071789-07:00] [pid=7568] 
[2026-05-14T02:51:11.3071789-07:00] [pid=7568] <<<_____ ImmerseAudioRenderer _____>>> 
[2026-05-14T02:51:11.3071789-07:00] [pid=7568] WwiseFxNullParams::SetParam()
[2026-05-14T02:51:11.3071789-07:00] [pid=7568] 
[2026-05-14T02:51:11.3071789-07:00] [pid=7568] <<<_____ ImmerseAudioRenderer _____>>> 
[2026-05-14T02:51:11.3071789-07:00] [pid=7568] WwiseFxNullParams::ApplyParam()
[2026-05-14T02:51:11.3071789-07:00] [pid=7568] 
[2026-05-14T02:51:13.3258987-07:00] [pid=7568] <<<_____ ImmerseAudioRenderer _____>>> 
[2026-05-14T02:51:13.3258987-07:00] [pid=7568] WwiseFxNullParams::SetParam()
[2026-05-14T02:51:13.3258987-07:00] [pid=7568] 
[2026-05-14T02:51:13.3274061-07:00] [pid=7568] <<<_____ ImmerseAudioRenderer _____>>> 
[2026-05-14T02:51:13.3274061-07:00] [pid=7568] WwiseFxNullParams::ApplyParam()
[2026-05-14T02:51:13.3274061-07:00] [pid=7568] 
[2026-05-14T02:51:13.3274061-07:00] [pid=7568] <<<_____ ImmerseAudioRenderer _____>>> 
[2026-05-14T02:51:13.3274061-07:00] [pid=7568] WwiseFxNullParams::SetParam()
[2026-05-14T02:51:13.3274061-07:00] [pid=7568] 
[2026-05-14T02:51:13.3274061-07:00] [pid=7568] <<<_____ ImmerseAudioRenderer _____>>> 
[2026-05-14T02:51:13.3274061-07:00] [pid=7568] WwiseFxNullParams::ApplyParam()
[2026-05-14T02:51:13.3274061-07:00] [pid=7568] 
[2026-05-14T02:51:15.3365857-07:00] [pid=7568] <<<_____ ImmerseAudioRenderer _____>>> 
[2026-05-14T02:51:15.3365857-07:00] [pid=7568] WwiseFxNullParams::SetParam()
[2026-05-14T02:51:15.3365857-07:00] [pid=7568] 
[2026-05-14T02:51:15.3365857-07:00] [pid=7568] <<<_____ ImmerseAudioRenderer _____>>> 
[2026-05-14T02:51:15.3375853-07:00] [pid=7568] WwiseFxNullParams::ApplyParam()
[2026-05-14T02:51:15.3375853-07:00] [pid=7568] 
[2026-05-14T02:51:15.3375853-07:00] [pid=7568] <<<_____ ImmerseAudioRenderer _____>>> 
[2026-05-14T02:51:15.3375853-07:00] [pid=7568] WwiseFxNullParams::SetParam()
[2026-05-14T02:51:15.3375853-07:00] [pid=7568] 
[2026-05-14T02:51:15.3375853-07:00] [pid=7568] <<<_____ ImmerseAudioRenderer _____>>> 
[2026-05-14T02:51:15.3375853-07:00] [pid=7568] WwiseFxNullParams::ApplyParam()
[2026-05-14T02:51:15.3375853-07:00] [pid=7568] 
[2026-05-14T02:51:17.4898060-07:00] [pid=17172] <<<_____ ImmerseAudioRenderer _____>>> 
[2026-05-14T02:51:17.4898060-07:00] [pid=17172] RegisterImmerseAudioRendererFX()
[2026-05-14T02:51:17.4898060-07:00] [pid=17172] 
[2026-05-14T02:51:17.4898060-07:00] [pid=17172] <<<_____ ImmerseAudioRenderer _____>>> 
[2026-05-14T02:51:17.4898060-07:00] [pid=17172] CreateImmerseManager
[2026-05-14T02:51:17.4898060-07:00] [pid=17172] 
[2026-05-14T02:51:17.4903092-07:00] [pid=17172] <<<_____ ImmerseAudioRenderer _____>>> 
[2026-05-14T02:51:17.4903092-07:00] [pid=17172] loadAndInitializeImmerseEngine
[2026-05-14T02:51:17.4903092-07:00] [pid=17172] 
[2026-05-14T02:51:17.5013321-07:00] [pid=17172] <<<_____ ImmerseAudioRenderer _____>>> 
[2026-05-14T02:51:17.5023351-07:00] [pid=17172] CreateDestroyImmerseManager
[2026-05-14T02:51:17.5023351-07:00] [pid=17172] 
[2026-05-14T02:51:17.5023351-07:00] [pid=17172] <<<_____ ImmerseAudioRenderer _____>>> 
[2026-05-14T02:51:17.5023351-07:00] [pid=17172] CreateImmerseManager
[2026-05-14T02:51:17.5023351-07:00] [pid=17172] 
[2026-05-14T02:51:17.5343858-07:00] [pid=17172] <<<_____ ImmerseAudioRenderer _____>>> 
[2026-05-14T02:51:17.5343858-07:00] [pid=17172] CreateImmerseAudioRendererFXParams()
[2026-05-14T02:51:17.5343858-07:00] [pid=17172] 
[2026-05-14T02:51:17.5343858-07:00] [pid=17172] <<<_____ ImmerseAudioRenderer _____>>> 
[2026-05-14T02:51:17.5343858-07:00] [pid=17172] WwiseFxNullParams::Init()
[2026-05-14T02:51:17.5343858-07:00] [pid=17172] 
[2026-05-14T02:51:17.5343858-07:00] [pid=17172] <<<_____ ImmerseAudioRenderer _____>>> 
[2026-05-14T02:51:17.5343858-07:00] [pid=17172] WwiseFxNullParams::SetParam()
[2026-05-14T02:51:17.5343858-07:00] [pid=17172] 
[2026-05-14T02:51:17.5343858-07:00] [pid=17172] <<<_____ ImmerseAudioRenderer _____>>> 
[2026-05-14T02:51:17.5343858-07:00] [pid=17172] WwiseFxNullParams::SetParam()
[2026-05-14T02:51:17.5343858-07:00] [pid=17172] 
[2026-05-14T02:51:17.5343858-07:00] [pid=17172] <<<_____ ImmerseAudioRenderer _____>>> 
[2026-05-14T02:51:17.5343858-07:00] [pid=17172] WwiseFxNullParams::SetParam()
[2026-05-14T02:51:17.5343858-07:00] [pid=17172] 
[2026-05-14T02:51:17.5343858-07:00] [pid=17172] <<<_____ ImmerseAudioRenderer _____>>> 
[2026-05-14T02:51:17.5343858-07:00] [pid=17172] WwiseFxNullParams::SetParam()
[2026-05-14T02:51:17.5343858-07:00] [pid=17172] 
[2026-05-14T02:51:17.5343858-07:00] [pid=17172] <<<_____ ImmerseAudioRenderer _____>>> 
[2026-05-14T02:51:17.5343858-07:00] [pid=17172] WwiseFxNullParams::SetParam()
[2026-05-14T02:51:17.5343858-07:00] [pid=17172] 
[2026-05-14T02:51:17.5343858-07:00] [pid=17172] <<<_____ ImmerseAudioRenderer _____>>> 
[2026-05-14T02:51:17.5358889-07:00] [pid=17172] WwiseFxNullParams::SetParam()
[2026-05-14T02:51:17.5358889-07:00] [pid=17172] 
[2026-05-14T02:51:17.5358889-07:00] [pid=17172] <<<_____ ImmerseAudioRenderer _____>>> 
[2026-05-14T02:51:17.5358889-07:00] [pid=17172] WwiseFxNullParams::SetParam()
[2026-05-14T02:51:17.5358889-07:00] [pid=17172] 
[2026-05-14T02:51:17.5358889-07:00] [pid=17172] <<<_____ ImmerseAudioRenderer _____>>> 
[2026-05-14T02:51:17.5358889-07:00] [pid=17172] WwiseFxNullParams::SetParam()
[2026-05-14T02:51:17.5358889-07:00] [pid=17172] 
[2026-05-14T02:51:17.5358889-07:00] [pid=17172] <<<_____ ImmerseAudioRenderer _____>>> 
[2026-05-14T02:51:17.5358889-07:00] [pid=17172] WwiseFxNullParams::SetParam()
[2026-05-14T02:51:17.5358889-07:00] [pid=17172] 
[2026-05-14T02:51:17.5358889-07:00] [pid=17172] <<<_____ ImmerseAudioRenderer _____>>> 
[2026-05-14T02:51:17.5358889-07:00] [pid=17172] WwiseFxNullParams::ApplyParam()
[2026-05-14T02:51:17.5358889-07:00] [pid=17172] 
[2026-05-14T02:51:17.5358889-07:00] [pid=17172] <<<_____ ImmerseAudioRenderer _____>>> 
[2026-05-14T02:51:17.5358889-07:00] [pid=17172] WwiseFxNullParams::ApplyParam()
[2026-05-14T02:51:17.5358889-07:00] [pid=17172] 
[2026-05-14T02:51:17.5363915-07:00] [pid=17172] <<<_____ ImmerseAudioRenderer _____>>> 
[2026-05-14T02:51:17.5363915-07:00] [pid=17172] WwiseFxNullParams::ApplyParam()
[2026-05-14T02:51:17.5363915-07:00] [pid=17172] 
[2026-05-14T02:51:17.5363915-07:00] [pid=17172] <<<_____ ImmerseAudioRenderer _____>>> 
[2026-05-14T02:51:17.5363915-07:00] [pid=17172] WwiseFxNullParams::ApplyParam()
[2026-05-14T02:51:17.5363915-07:00] [pid=17172] 
[2026-05-14T02:51:17.5363915-07:00] [pid=17172] <<<_____ ImmerseAudioRenderer _____>>> 
[2026-05-14T02:51:17.5363915-07:00] [pid=17172] WwiseFxNullParams::ApplyParam()
[2026-05-14T02:51:17.5363915-07:00] [pid=17172] 
[2026-05-14T02:51:17.5363915-07:00] [pid=17172] <<<_____ ImmerseAudioRenderer _____>>> 
[2026-05-14T02:51:17.5363915-07:00] [pid=17172] WwiseFxNullParams::ApplyParam()
[2026-05-14T02:51:17.5363915-07:00] [pid=17172] 
[2026-05-14T02:51:17.5363915-07:00] [pid=17172] <<<_____ ImmerseAudioRenderer _____>>> 
[2026-05-14T02:51:17.5363915-07:00] [pid=17172] WwiseFxNullParams::ApplyParam()
[2026-05-14T02:51:17.5363915-07:00] [pid=17172] 
[2026-05-14T02:51:17.5363915-07:00] [pid=17172] <<<_____ ImmerseAudioRenderer _____>>> 
[2026-05-14T02:51:17.5363915-07:00] [pid=17172] WwiseFxNullParams::ApplyParam()
[2026-05-14T02:51:17.5363915-07:00] [pid=17172] 
[2026-05-14T02:51:17.5363915-07:00] [pid=17172] <<<_____ ImmerseAudioRenderer _____>>> 
[2026-05-14T02:51:17.5363915-07:00] [pid=17172] WwiseFxNullParams::ApplyParam()
[2026-05-14T02:51:17.5363915-07:00] [pid=17172] 
[2026-05-14T02:51:17.5941159-07:00] [pid=2372] [2026.05.14-09.51.17:594][  0]CrashReportClientDiagnosticLog: Editor/ExitCode:-1
[2026-05-14T02:51:17.5956251-07:00] [pid=2372] [2026.05.14-09.51.17:595][  0]CrashReportClientDiagnosticLog: MTBF/Start:2026.05.14-09.51.17
[2026-05-14T02:51:17.5956251-07:00] [pid=2372] [2026.05.14-09.51.17:595][  0]CrashReportClientDiagnosticLog: MTBF/LoadSession
[2026-05-14T02:51:17.5966384-07:00] [pid=2372] [2026.05.14-09.51.17:596][  0]CrashReportClientDiagnosticLog: MTBF/NoSessionFound
[2026-05-14T02:51:17.6186877-07:00] [pid=2372] [2026.05.14-09.51.17:618][  0]LogInit: Using libcurl 7.55.1-DEV
[2026-05-14T02:51:17.6186877-07:00] [pid=2372] [2026.05.14-09.51.17:618][  0]LogInit:  - built for x86_64-pc-win32
[2026-05-14T02:51:17.6186877-07:00] [pid=2372] [2026.05.14-09.51.17:618][  0]LogInit:  - supports SSL with OpenSSL/1.1.1
[2026-05-14T02:51:17.6186877-07:00] [pid=2372] [2026.05.14-09.51.17:618][  0]LogInit:  - supports HTTP deflate (compression) using libz 1.2.8
[2026-05-14T02:51:17.6186877-07:00] [pid=2372] [2026.05.14-09.51.17:618][  0]LogInit:  - other features:
[2026-05-14T02:51:17.6186877-07:00] [pid=2372] [2026.05.14-09.51.17:618][  0]LogInit:      CURL_VERSION_SSL
[2026-05-14T02:51:17.6186877-07:00] [pid=2372] [2026.05.14-09.51.17:618][  0]LogInit:      CURL_VERSION_LIBZ
[2026-05-14T02:51:17.6186877-07:00] [pid=2372] [2026.05.14-09.51.17:618][  0]LogInit:      CURL_VERSION_IPV6
[2026-05-14T02:51:17.6186877-07:00] [pid=2372] [2026.05.14-09.51.17:618][  0]LogInit:      CURL_VERSION_ASYNCHDNS
[2026-05-14T02:51:17.6186877-07:00] [pid=2372] [2026.05.14-09.51.17:618][  0]LogInit:      CURL_VERSION_LARGEFILE
[2026-05-14T02:51:17.6196868-07:00] [pid=2372] [2026.05.14-09.51.17:618][  0]LogInit:      CURL_VERSION_IDN
[2026-05-14T02:51:17.6196868-07:00] [pid=2372] [2026.05.14-09.51.17:619][  0]LogInit:  CurlRequestOptions (configurable via config and command line):
[2026-05-14T02:51:17.6196868-07:00] [pid=2372] [2026.05.14-09.51.17:619][  0]LogInit:  - bVerifyPeer = false  - Libcurl will NOT verify peer certificate
[2026-05-14T02:51:17.6196868-07:00] [pid=2372] [2026.05.14-09.51.17:619][  0]LogInit:  - bUseHttpProxy = false  - Libcurl will NOT use HTTP proxy
[2026-05-14T02:51:17.6196868-07:00] [pid=2372] [2026.05.14-09.51.17:619][  0]LogInit:  - bDontReuseConnections = false  - Libcurl will reuse connections
[2026-05-14T02:51:17.6196868-07:00] [pid=2372] [2026.05.14-09.51.17:619][  0]LogInit:  - MaxHostConnections = 16  - Libcurl will limit the number of connections to a host
[2026-05-14T02:51:17.6196868-07:00] [pid=2372] [2026.05.14-09.51.17:619][  0]LogInit:  - LocalHostAddr = Default
[2026-05-14T02:51:17.6196868-07:00] [pid=2372] [2026.05.14-09.51.17:619][  0]LogInit:  - BufferSize = 65536
[2026-05-14T02:51:17.6201902-07:00] [pid=2372] [2026.05.14-09.51.17:620][  0]LogAnalytics: Display: [CrashReporter.Release] APIServer = https://datarouter.ol.epicgames.com/. AppVersion = ++UE4+Release-4.27-CL-18319896
[2026-05-14T02:51:17.6201902-07:00] [pid=2372] [2026.05.14-09.51.17:620][  0]CrashReportClientDiagnosticLog: MTBF/Done
[2026-05-14T02:51:17.6768314-07:00] [pid=2372] [2026.05.14-09.51.17:676][  0]LogCore: Engine exit requested (reason: CrashReportClientApp RequestExit)
[2026-05-14T02:51:17.6768314-07:00] [pid=2372] [2026.05.14-09.51.17:676][  0]LogExit: Preparing to exit.
[2026-05-14T02:51:17.6803265-07:00] [pid=2372] [2026.05.14-09.51.17:680][  0]LogExit: Object subsystem successfully closed.
[2026-05-14T02:51:17.6813300-07:00] [pid=2372] [2026.05.14-09.51.17:681][  0]LogModuleManager: Shutting down and abandoning module AnalyticsET (14)
[2026-05-14T02:51:17.6813300-07:00] [pid=2372] [2026.05.14-09.51.17:681][  0]LogModuleManager: Shutting down and abandoning module HTTP (13)
[2026-05-14T02:51:17.6813300-07:00] [pid=2372] [2026.05.14-09.51.17:681][  0]LogHttp: Display: Http module shutting down, but needs to wait on 1 outstanding Http requests:
[2026-05-14T02:51:17.6813300-07:00] [pid=2372] [2026.05.14-09.51.17:681][  0]LogHttp: Display: 	verb=[POST] url=[https://datarouter.ol.epicgames.com/datarouter/api/v1/public/data?SessionID=%7BF29E46A0-4307-EF97-AD9E-E889AEE52B8C%7D&AppID=CrashReporter.Release&AppVersion=%2B%2BUE4%2BRelease-4.27-CL-18319896&UserID=f8b698bb42db84b438be4e9e5183ed14%7C6da9797861944dd5b2bedb495b874fce%7C2e2120c8-1d81-4764-95c5-a72e8ff85171&AppEnvironment=datacollector-binary&UploadType=eteventstream] refs=[1] status=Processing
[2026-05-14T02:51:17.6813300-07:00] [pid=2372] [2026.05.14-09.51.17:681][  0]LogHttp: Display: cleaning up 1 outstanding Http requests.
[2026-05-14T02:51:17.6813300-07:00] [pid=2372] [2026.05.14-09.51.17:681][  0]LogHttp: Display: Sleeping 0.500s to wait for 1 outstanding Http requests.
[2026-05-14T02:51:17.7331293-07:00] [pid=24380] [2026.05.14-09.51.17:733][603]LogRunningAppService: Display: Dead foreground process [7568] C:/Program Files/Epic Games/UE_4.27/Engine/Binaries/Win64/UE4Editor.exe for app C:/Program Files/Epic Games/UE_4.27/
[2026-05-14T02:51:18.2075740-07:00] [pid=2372] [2026.05.14-09.51.18:207][  0]LogModuleManager: Shutting down and abandoning module SSL (12)
[2026-05-14T02:51:18.2095750-07:00] [pid=2372] [2026.05.14-09.51.18:209][  0]LogModuleManager: Shutting down and abandoning module CrashDebugHelper (8)
[2026-05-14T02:51:18.2095750-07:00] [pid=2372] [2026.05.14-09.51.18:209][  0]LogModuleManager: Shutting down and abandoning module CoreUObject (6)
[2026-05-14T02:51:18.2100819-07:00] [pid=2372] [2026.05.14-09.51.18:209][  0]LogModuleManager: Shutting down and abandoning module PakFile (4)
[2026-05-14T02:51:18.2100819-07:00] [pid=2372] [2026.05.14-09.51.18:210][  0]LogModuleManager: Shutting down and abandoning module RSA (3)
[2026-05-14T02:51:18.2125598-07:00] [pid=2372] [2026.05.14-09.51.18:211][  0]LogExit: Exiting.
[2026-05-14T02:51:18.4366320-07:00] [pid=24380] [2026.05.14-09.51.18:436][618]LogRunningAppService: Display: Dead foreground process [2372] C:/Program Files/Epic Games/UE_4.27/Engine/Binaries/Win64/CrashReportClientEditor.exe for app C:/Program Files/Epic Games/UE_4.27/
